label,interpretation,period,mode,case,fee_bps,slippage_bps,vol_multiplier,near_multiplier,management,matching,cagr,sharpe_ratio,sortino_ratio,calmar_ratio,max_drawdown,drawdown_duration,profit_factor,expectancy,win_rate,average_win,average_loss,payoff_ratio,sharpe_zero_rf,sortino_zero_rf,total_return,final_equity,signal_count,spread_count,rolls,adjustments,adjustment_units,adjustment_premium_turnover,fees,slippage_cost,skipped_entries,gap_expiry_crossings,late_buffer_gaps,open_pnl,mean_abs_residual_theta,fraction_marks_within_10pct,max_abs_residual_theta,nonpositive_delta_marks,mean_net_delta_exposure_fraction,mean_gross_underlying_exposure_fraction,mean_collateral_fraction,mean_entry_long_premium_fraction,mean_entry_abs_residual,start_time,end_time
SIMULATED,end,FULL,daily,combined_flat,3,25,1.0,0.9,daily,theta,-0.023468813523107906,-6.337015145297667,-8.403080755474333,-0.10575645645726671,-0.22191376592303858,61727,0.6043933680705477,-94.56310992254743,0.3116994022203245,463.49163864172743,347.28021069917315,1.3346330264790724,-1.8189722090057499,-2.2855830795711944,-0.2214668034386037,389266.5982806982,1171,1171,0,14,25,11803.952775408592,12308.672449905862,102572.29633817414,9,0,0,0.0,0.01570101680360409,0.9674973236588558,0.5012432797238623,6,0.04676338606971601,0.9569289654517655,0.4349341244988204,0.02593718558002908,0.0016615332974791086,2015-01-09 09:15:00+05:30,2025-07-25 15:15:00+05:30
SIMULATED,end,IS,daily,combined_flat,3,25,1.0,0.9,daily,theta,-0.0234817534929648,-6.031669249245599,-7.958235947919112,-0.15300776020078302,-0.15346772910178597,40724,0.6114349587695863,-99.32105548909416,0.3216601815823606,485.8817245211299,376.8168288017817,1.289437433211668,-1.7328670714674181,-2.1462274252191484,-0.15315306756418168,423423.4662179092,771,771,0,10,21,9479.35067752456,8546.944644398693,71224.55867188047,9,0,0,0.0,0.014722051294402934,0.9729301525508125,0.5012432797238623,6,0.046269205125704024,0.9462525293073812,0.42983379751668377,0.026271865772357086,0.001493553808885208,2015-01-09 09:15:00+05:30,2022-01-07 15:15:00+05:30
SIMULATED,end,OOS,daily,combined_flat,3,25,1.0,0.9,daily,theta,-0.02163359571209389,-6.484075674073508,-9.711323644158204,-0.28188455859992007,-0.07674629578698755,20929,0.6081540793904134,-93.07675372843403,0.2925,493.8711439959084,335.7371920102293,1.4710051663887778,-1.7484927098258018,-2.5817041169750525,-0.07446140298274484,462769.2985086276,400,400,0,9,10,7206.734669103518,4365.178696887764,36376.5110844074,0,0,0,0.0,0.016991137712564042,0.9574412758949467,0.2776207314645268,23,0.04616549799015249,0.9499660605072814,0.4325031393518081,0.024816148169277776,0.0014918049382179022,2022-01-10 09:15:00+05:30,2025-07-25 15:15:00+05:30
SIMULATED,end,FULL,entry,combined_flat,3,25,1.0,0.9,entry,theta,-0.02345618763794916,-6.333919045574558,-8.401044531719004,-0.10575011513113552,-0.2218076794418833,61727,0.6045829222097446,-94.51780019451346,0.3116994022203245,463.63700218015964,347.28021069917315,1.335051603564532,-1.81737201054661,-2.2854903853551485,-0.22136068805554787,389319.65597222606,1171,1171,0,0,0,0.0,12301.576289781195,102513.16158813596,9,0,0,0.0,0.016052401677153362,0.9670215296776495,0.5012432797238623,0,0.04695300261469883,0.9563136748242422,0.43454047311031285,0.02592745087723769,0.0016615332974791086,2015-01-09 09:15:00+05:30,2025-07-25 15:15:00+05:30
SIMULATED,end,IS,entry,combined_flat,3,25,1.0,0.9,entry,theta,-0.0233801070186857,-6.020931280888458,-7.9452560202295945,-0.1529600937480379,-0.15285102438024367,40724,0.6130000281701229,-98.92100831994395,0.3216601815823606,487.1254195510284,376.8168288017817,1.2927379626329607,-1.7243483948315914,-2.136803608173988,-0.1525361948293521,423731.90258532396,771,771,0,0,0,0.0,8541.166236604293,71176.40686425724,9,0,0,0.0,0.015204630661962856,0.972160608392558,0.5012432797238623,0,0.04653310565890178,0.9456726428717349,0.42941940748137786,0.026265168718519912,0.001493553808885208,2015-01-09 09:15:00+05:30,2022-01-07 15:15:00+05:30
SIMULATED,end,OOS,entry,combined_flat,3,25,1.0,0.9,entry,theta,-0.021784483504932443,-6.482378532863433,-9.710286606337752,-0.2819987054803626,-0.07725029612396372,20929,0.6054970121609919,-93.7078977040253,0.2925,491.7133868143998,335.7371920102293,1.4645782430902627,-1.7570331260826997,-2.5968204717754677,-0.07496631816321775,462516.8409183911,400,400,0,0,0,0.0,4361.543540813383,36346.216327198985,0,0,0,0.0,0.017438901322368586,0.9571812429574412,0.30619225874075173,0,0.046431708267049565,0.9499111612354787,0.4323384349320886,0.024821447507348535,0.0014918049382179022,2022-01-10 09:15:00+05:30,2025-07-25 15:15:00+05:30
SIMULATED,end,FULL,equal_control,combined_flat,3,25,1.0,0.9,entry,equal,-0.03599605862705273,-13.496884106491654,-16.69890355873852,-0.11225889286461148,-0.3206521791593415,61745,0.15100645247509775,-138.51912640312509,0.1598962834917891,154.08575472783008,194.21038464307026,0.7933960638151082,-5.182413455171724,-6.026112719250133,-0.32053325849683034,339733.3707515848,1157,1157,0,0,0,0.0,12351.822055158402,102931.56931441434,23,0,0,0.0,0.18128166867328707,0.05231891924491888,0.5012432797238623,16152,-0.003900242775820991,1.031168940656289,0.5121513359668729,0.026271845558105415,0.18834601313986957,2015-01-09 09:15:00+05:30,2025-07-25 15:15:00+05:30
SIMULATED,end,IS,equal_control,combined_flat,3,25,1.0,0.9,entry,equal,-0.03769273459955692,-13.506320434323753,-15.804993575055,-0.15991948108826803,-0.2356982047656364,40742,0.14223734606500155,-154.86084412985332,0.16819973718791065,152.67320272630494,217.0478235889185,0.7034081254620779,-5.340223144890894,-5.814242387643286,-0.2356982047656364,382150.8976171818,761,761,0,0,0,0.0,8845.799488314708,73714.77518265607,19,0,0,0.0,0.1823667479822279,0.05048143053645117,0.5012432797238623,10704,-0.003988184856288039,1.0230781129671858,0.5080217376171301,0.026867833556721118,0.18973438179146823,2015-01-09 09:15:00+05:30,2022-01-07 15:15:00+05:30
SIMULATED,end,OOS,equal_control,combined_flat,3,25,1.0,0.9,entry,equal,-0.032932860686949325,-13.385480796596585,-19.236930733575505,-0.29396178307694854,-0.11203109581876736,20957,0.17455044648167956,-141.0713511918495,0.14393939393939395,207.2476350383837,199.63826038100373,1.0381158132857784,-4.8430919342855745,-6.760180569842863,-0.11172851014394602,444135.744928027,396,396,0,0,0,0.0,4614.520083900457,38454.25406074718,4,0,0,0.0,0.17919696291853027,0.055849189570119806,0.3970128389904527,5448,-0.0037070586416754966,1.052695778658277,0.523077273860955,0.02529943280061715,0.18567796126141864,2022-01-10 09:15:00+05:30,2025-07-25 15:15:00+05:30
SIMULATED,end,FULL,daily,combined_steep,3,25,1.5,1.1,daily,theta,-0.006138414287196299,-2.7961332465818782,-4.543777376916218,-0.06562955999151374,-0.09353124244608724,61727,0.9295950512296693,-26.83405077615481,0.336464560204953,1053.022198919952,574.4059457314522,1.8332369411305913,-0.25450285431862074,-0.4102818945367239,-0.06284534691775256,468577.32654112374,1171,1171,0,1,2,1439.807444029559,18834.232422694557,156952.83913327282,9,0,0,0.0,0.00929095385190499,0.9983347210657785,0.1960571768639833,0,0.10031523504014214,0.9346466070741049,0.38312643431858645,0.03708905394653531,0.0014497030518112984,2015-01-09 09:15:00+05:30,2025-07-25 15:15:00+05:30
SIMULATED,end,IS,daily,combined_steep,3,25,1.5,1.1,daily,theta,-0.006601022441678447,-2.8058291957937396,-4.460408958481346,-0.08295451325444138,-0.07957400004785187,40724,0.9250549686270245,-29.361963368918794,0.34889753566796367,1038.7520287164732,601.7178674943578,1.7263107592965292,-0.2738096811077964,-0.4292992931362047,-0.04527614751487086,477361.9262425646,771,771,0,0,0,0.0,12603.927430217685,105033.3223299952,9,0,0,0.0,0.008378239720318335,0.9993662577520257,0.1960571768639833,0,0.09834797137183557,0.914418983781575,0.3744788792228263,0.037361055071020895,0.0010396873884380852,2015-01-09 09:15:00+05:30,2022-01-07 15:15:00+05:30
SIMULATED,end,OOS,daily,combined_steep,3,25,1.5,1.1,daily,theta,-0.004561661443961281,-2.660663927283584,-4.600251501974982,-0.08180479097472193,-0.05576276633199706,20907,0.9468675011030715,-20.057369486354673,0.3125,1143.8074530520373,549.0868342765328,2.0831085024267573,-0.18012056941675736,-0.3106152399384591,-0.016045895589083314,491977.05220545834,400,400,0,2,4,3522.657904677225,6519.36285101844,54328.35391329194,0,0,0,0.0,0.010798038683200619,0.9969662823957701,0.1354543701280279,0,0.10410998047750507,0.9744081393728201,0.40018450470039596,0.03652202729268904,0.002098709756894882,2022-01-10 09:15:00+05:30,2025-07-25 15:15:00+05:30
SIMULATED,end,FULL,entry,combined_steep,3,25,1.5,1.1,entry,theta,-0.006141681692998666,-2.7962431603300666,-4.5439820657370555,-0.06566449383518903,-0.09353124244608724,61727,0.9295586672341695,-26.847918124966668,0.336464560204953,1052.9809840330008,574.4059457314522,1.8331651889364204,-0.2546418461762829,-0.41051313567016795,-0.06287782424867006,468561.087875665,1171,1171,0,0,0,0.0,18833.37366745435,156945.68268801778,9,0,0,0.0,0.009347627892565201,0.99768050434162,0.1960571768639833,0,0.10034211149600503,0.9346235899756405,0.38310041930460953,0.037089281156570224,0.0014497030518112984,2015-01-09 09:15:00+05:30,2025-07-25 15:15:00+05:30
SIMULATED,end,IS,entry,combined_steep,3,25,1.5,1.1,entry,theta,-0.006601022441678447,-2.8058291957937396,-4.460408958481346,-0.08295451325444138,-0.07957400004785187,40724,0.9250549686270245,-29.361963368918794,0.34889753566796367,1038.7520287164732,601.7178674943578,1.7263107592965292,-0.2738096811077964,-0.4292992931362047,-0.04527614751487086,477361.9262425646,771,771,0,0,0,0.0,12603.927430217685,105033.3223299952,9,0,0,0.0,0.008378239720318335,0.9993662577520257,0.1960571768639833,0,0.09834797137183557,0.914418983781575,0.3744788792228263,0.037361055071020895,0.0010396873884380852,2015-01-09 09:15:00+05:30,2022-01-07 15:15:00+05:30
SIMULATED,end,OOS,entry,combined_steep,3,25,1.5,1.1,entry,theta,-0.004619903051503219,-2.6631073871204274,-4.604341303652441,-0.0828492443147012,-0.05576276633199706,20907,0.9461931063497608,-20.311951616456383,0.3125,1142.9927902357117,549.0868342765328,2.081624833969474,-0.182578474755398,-0.3148613042486401,-0.01624956129316435,491875.2193534178,400,400,0,0,0,0.0,6517.280430857295,54310.99965401449,0,0,0,0.0,0.011037119244639947,0.9945393083123862,0.1413857285080907,0,0.10424343641683001,0.9743026934847965,0.4000595842421753,0.036523547568591726,0.002098709756894882,2022-01-10 09:15:00+05:30,2025-07-25 15:15:00+05:30
SIMULATED,end,FULL,equal_control,combined_steep,3,25,1.5,1.1,entry,equal,-0.015925100102640744,-11.572343800643143,-16.633767170373222,-0.10218208153314011,-0.15585022211037902,61745,0.4951743646636263,-66.53004454230249,0.28717948717948716,227.23810089429,184.8826786750304,1.2290935122900724,-2.4801671221839943,-3.5351021710531265,-0.15568030422899148,422159.84788550425,1170,1170,0,0,0,0.0,20113.227967871877,167610.91984056856,10,0,0,0.0,0.44284179660502143,0.0,0.9269097225699904,7002,0.004507751610765596,1.0214318707567074,0.5073276020080808,0.03563494724976686,0.43140133144017795,2015-01-09 09:15:00+05:30,2025-07-25 15:15:00+05:30
SIMULATED,end,IS,equal_control,combined_steep,3,25,1.5,1.1,entry,equal,-0.016479328308306933,-11.680248976624505,-16.0986882648807,-0.1501592252821056,-0.10974569346203711,40742,0.48755745549713575,-71.17100743322696,0.29571984435797666,228.9830138807037,197.2025301948774,1.1611565716444943,-2.5740339180080287,-3.4793507035455793,-0.10974569346203711,445127.15326898143,771,771,0,0,0,0.0,13878.246118190562,115652.51759690006,9,0,0,0.0,0.4454741213320733,0.0,0.7106840108249906,4688,0.004446516370258786,1.0117020681507845,0.5024102379146996,0.03624786788097287,0.4330379883441494,2015-01-09 09:15:00+05:30,2022-01-07 15:15:00+05:30
SIMULATED,end,OOS,equal_control,combined_steep,3,25,1.5,1.1,entry,equal,-0.014804059151393836,-11.187985403396615,-17.819469403937774,-0.28142693288664644,-0.05260356213794448,20353,0.5158153764921727,-64.41111745239807,0.2706766917293233,253.50893163278556,182.40206350463117,1.3898358755483542,-2.2542270052403914,-3.659531100890356,-0.05140007172701411,474299.9641364929,399,399,0,0,0,0.0,7028.502021267521,58571.09954951382,1,0,0,0.0,0.437790924934275,0.0,0.9269097225699904,2314,0.004647243441923565,1.0433200388632202,0.5183702411330918,0.034571543646345855,0.42823876885130086,2022-01-10 09:15:00+05:30,2025-07-25 15:15:00+05:30
SIMULATED,end,FULL,daily,fee_2,2,0,1.2,1.0,daily,theta,0.013452603052585036,-2.4560209963482116,-3.850678886796921,0.5578472171058548,-0.024115210473537818,9858,1.2277130334992723,64.58927778731095,0.3928266438941076,886.4790355809158,467.1537441326022,1.8976173191695271,0.7349456592696811,1.087233950611716,0.15126808857788832,575634.0442889441,1171,1171,0,12,34,20542.162495159388,11961.476994146866,0.0,9,0,0,0.0,0.01041287987653903,0.9916438682050672,0.2176559642542176,0,0.07671115816803241,0.9658941557113415,0.4176263028620016,0.03131306939434303,0.0010662411910401343,2015-01-09 09:15:00+05:30,2025-07-25 15:15:00+05:30
SIMULATED,end,IS,daily,fee_2,2,0,1.2,1.0,daily,theta,0.014797494989727912,-2.348730790988546,-3.586072673856279,0.6136166634732692,-0.024115210473537818,7470,1.2458091565727671,70.18741276040527,0.3955901426718547,899.222643531254,472.42148291579394,1.9034330064357692,0.7965028899032602,1.1393790449196424,0.1082289904765461,554114.495238273,771,771,0,6,20,9679.721105948918,7764.470179770991,0.0,9,0,0,0.0,0.00970128806489126,0.9933004390928433,0.2176559642542176,0,0.07642803137552169,0.957688320827435,0.413538858473533,0.03169959406684386,0.0009311897941084666,2015-01-09 09:15:00+05:30,2022-01-07 15:15:00+05:30
SIMULATED,end,OOS,daily,fee_2,2,0,1.2,1.0,daily,theta,0.012030893102842898,-2.6047789158184096,-4.29993831863043,0.5801264667119661,-0.02073839721713,9852,1.212343318330068,54.02376730584558,0.3875,795.9763837754754,415.37482678718555,1.9162845999410754,0.6733848398553568,1.0673424336681219,0.043219013844673526,521609.50692233676,400,400,0,7,14,10751.187098201459,3810.5569775704425,0.0,0,0,0,0.0,0.011938059441779272,0.9878651295830805,0.17767295158542132,0,0.07768607401705684,0.9889524736641268,0.428643734403323,0.03069239839193963,0.0015807519781708178,2022-01-10 09:15:00+05:30,2025-07-25 15:15:00+05:30
SIMULATED,end,FULL,entry,fee_2,2,0,1.2,1.0,entry,theta,0.013517697101556078,-2.4500160463185052,-3.846545841772434,0.5544232049550785,-0.024381550015842746,9858,1.2289230048682813,64.92221259816216,0.3928266438941076,887.2124185167366,467.0798896838972,1.8994875140464087,0.7377000400023447,1.0925990740889677,0.15204782190490174,576023.9109524508,1171,1171,0,0,0,0.0,11952.046969429344,0.0,9,0,0,0.0,0.011159549621037618,0.9858451290591174,0.2648395838472858,0,0.07705795954688914,0.9653998407542063,0.41720089317712616,0.031309345906594226,0.0010664612998666726,2015-01-09 09:15:00+05:30,2025-07-25 15:15:00+05:30
SIMULATED,end,IS,entry,fee_2,2,0,1.2,1.0,entry,theta,0.014785498257158738,-2.347203742838776,-3.587916827167054,0.606421587124336,-0.024381550015842746,7470,1.2456595930310834,70.12797581188181,0.3955901426718547,898.9002291039068,472.30879941143934,1.9032044929589669,0.795160897113078,1.1389983019130032,0.10813733870192266,554068.6693509613,771,771,0,0,0,0.0,7759.471383873554,0.0,9,0,0,0.0,0.010175684419421387,0.989588520211851,0.23229570860402263,0,0.07664248454598631,0.9573465506322969,0.4132578898158386,0.03169575704242371,0.000931524096878734,2015-01-09 09:15:00+05:30,2022-01-07 15:15:00+05:30
SIMULATED,end,OOS,entry,fee_2,2,0,1.2,1.0,entry,theta,0.012219429039861925,-2.5907725982967924,-4.285080593508623,0.5892176194681346,-0.02073839721713,9858,1.2157223993008306,54.88346322426543,0.3875,798.1949538875266,415.37482678718555,1.9216257279271194,0.6827999098314577,1.0839439376033275,0.04390677057940939,521953.38528970466,400,400,0,0,0,0.0,3804.740630929576,0.0,0,0,0,0.0,0.013281765978590255,0.9786772991245558,0.2648395838472858,0,0.07837589130215812,0.987595136064633,0.42762008384666306,0.030676136865954176,0.0015810420225869566,2022-01-10 09:15:00+05:30,2025-07-25 15:15:00+05:30
SIMULATED,end,FULL,equal_control,fee_2,2,0,1.2,1.0,entry,equal,0.0033678355905098303,-8.811777240551006,-12.283378021688133,0.17739593744973256,-0.018984851845686435,24735,1.1986508597686674,15.430985748111354,0.4448246364414029,209.31824744492351,139.91782177475818,1.4960084769035868,0.5381034216190272,0.574581003526882,0.03607764467908359,518038.82233954174,1169,1169,0,0,0,0.0,12227.042033301073,0.0,11,0,0,0.0,0.303169682911262,0.007176891006551518,0.6525753434639273,11955,0.0013157769384114552,1.0423241180907468,0.5176782040379035,0.030347021851900934,0.3025376659804346,2015-01-09 09:15:00+05:30,2025-07-25 15:15:00+05:30
SIMULATED,end,IS,equal_control,fee_2,2,0,1.2,1.0,entry,equal,0.0026876268476327863,-8.888990192436498,-11.635480896748053,0.14156691184521644,-0.018984851845686435,10356,1.1499098411345374,12.292170993341387,0.4487678339818418,210.10699870668003,148.75237109798843,1.4124615100640994,0.4292329049942279,0.42862044415819917,0.018954527671732002,509477.26383586595,771,771,0,0,0,0.0,8192.813844831053,0.0,9,0,0,0.0,0.3058572218068127,0.0028971074193110315,0.49762144486327353,7983,0.001278139462867858,1.0327103862996643,0.5128097609930424,0.03094051590677055,0.3041388532442445,2015-01-09 09:15:00+05:30,2022-01-07 15:15:00+05:30
SIMULATED,end,OOS,equal_control,fee_2,2,0,1.2,1.0,entry,equal,0.0047466164300548055,-8.598722607292125,-14.039206613909855,0.7299372275376251,-0.006502773459119315,12892,1.3121850456181285,21.2247123118526,0.4371859296482412,204.06034878260826,120.79939816096653,1.6892497138992,0.753585348181757,0.9647655770173266,0.016894871000233014,508447.43550011655,398,398,0,0,0,0.0,3957.20699083621,0.0,2,0,0,0.0,0.29800209463189836,0.015406040560536165,0.6525753434639273,3972,0.0014046939491926102,1.0595796615198698,0.5264381978305813,0.029187544621253753,0.2994358685422499,2022-01-10 09:15:00+05:30,2025-07-25 15:15:00+05:30
SIMULATED,end,FULL,daily,near_0_9,3,0,1.2,0.9,daily,theta,-0.00037531910222216464,-4.245379526861378,-6.061091887835702,-0.012671734063156673,-0.029618606289522176,34618,0.9922782576668475,-1.6863006119812098,0.376601195559351,575.4021404216056,350.3109615651481,1.642546775729702,-0.019899798460963243,-0.025974021649517468,-0.0039493160332605415,498025.3419833697,1171,1171,0,13,29,14244.294454893387,15814.862199714004,0.0,9,0,0,0.0,0.012496161482360707,0.980462709646723,0.31605007111814526,17,0.04844028820937863,0.9415742078248501,0.42570020097565053,0.02969368540093352,0.0013514094327760503,2015-01-09 09:15:00+05:30,2025-07-25 15:15:00+05:30
SIMULATED,end,IS,daily,near_0_9,3,0,1.2,0.9,daily,theta,-0.0002832139933257006,-4.155474062479853,-5.801322822532477,-0.00956202971055697,-0.029618606289522176,27095,0.9943093177016278,-1.2838219046461177,0.38261997405966275,586.2654653811617,365.41625835278325,1.6043770685626262,-0.012754284075965617,-0.01618403384688397,-0.0019796533769645963,499010.1733115177,771,771,0,8,24,10768.552264322649,10554.776780105989,0.0,9,0,0,0.0,0.01147879899014299,0.9857407994205785,0.2524884912243057,16,0.04784105513330807,0.9281742136036869,0.4194352736453016,0.03007264877205112,0.001249521901605939,2015-01-09 09:15:00+05:30,2022-01-07 15:15:00+05:30
SIMULATED,end,OOS,daily,near_0_9,3,0,1.2,0.9,daily,theta,-0.0007202871623982964,-4.447038986018903,-6.687163532210387,-0.030334297985021543,-0.023744975497832832,20360,0.9844899479998207,-3.1825483212990378,0.365,553.452271496475,323.1379959330904,1.7127427862462634,-0.046922952561575214,-0.06559812677622402,-0.0025460386570395066,498726.98067148024,400,400,0,5,5,3475.742190570738,5270.403908412679,0.0,0,0,0,0.0,0.014441757225124438,0.9703562451243825,0.31605007111814526,1,0.04963492098245961,0.9683819117295767,0.438245879297956,0.028976456225414057,0.0015441633685999655,2022-01-10 09:15:00+05:30,2025-07-25 15:15:00+05:30
SIMULATED,end,FULL,entry,near_0_9,3,0,1.2,0.9,entry,theta,-0.0003458727182303284,-4.240465388017372,-6.059012132946332,-0.011663000046088494,-0.02965555319073554,34618,0.9928893109931459,-1.5542168936437974,0.376601195559351,576.2608047514858,350.617812161455,1.6435582698979512,-0.017760892861599393,-0.02321240284856407,-0.003639975964913944,498180.012017543,1171,1171,0,0,0,0.0,15817.719188145451,0.0,9,0,0,0.0,0.013094716724195092,0.9772808373974069,0.31605007111814526,0,0.04873202484281685,0.9414348682051235,0.42548170589178796,0.029701355602870003,0.0013505206942530136,2015-01-09 09:15:00+05:30,2025-07-25 15:15:00+05:30
SIMULATED,end,IS,entry,near_0_9,3,0,1.2,0.9,entry,theta,-0.00014603700380909126,-4.143542518693792,-5.7909938908277905,-0.004924440386251623,-0.02965555319073554,27095,0.9970648298862355,-0.6622646564988486,0.38261997405966275,587.9685019366945,365.4649456333728,1.6088232509350782,-0.0030628380624280506,-0.0038909427879952364,-0.001021212100321467,499489.3939498393,771,771,0,0,0,0.0,10550.290472011064,0.0,9,0,0,0.0,0.012170084816487603,0.981395138291612,0.2797233764754082,0,0.048130995965094875,0.9275528161630122,0.4189807851287005,0.030066395461734594,0.001249521901605939,2015-01-09 09:15:00+05:30,2022-01-07 15:15:00+05:30
SIMULATED,end,OOS,entry,near_0_9,3,0,1.2,0.9,entry,theta,-0.0007903622015787353,-4.448603134164469,-6.692467976492583,-0.0333388557029192,-0.02370693849307881,20360,0.9829825252434317,-3.4918603573114524,0.365,552.6048412608245,323.1379959330904,1.7101202836426825,-0.05209729442278339,-0.07289982800192554,-0.002793488285849244,498603.2558570754,400,400,0,0,0,0.0,5268.356194856726,0.0,0,0,0,0.0,0.014863468754782342,0.9694027910201959,0.31605007111814526,0,0.04987045292455622,0.9681512348884687,0.43801193576055,0.028977390671581577,0.0015441633685999655,2022-01-10 09:15:00+05:30,2025-07-25 15:15:00+05:30
SIMULATED,end,FULL,equal_control,near_0_9,3,0,1.2,0.9,entry,equal,-0.00891414179057465,-8.776436510771745,-11.78536164232965,-0.0932523510416794,-0.0955916037611797,61727,0.647250839289317,-38.79036299131111,0.36261843238587427,196.28205701264423,172.52751004761544,1.1376855607460679,-1.1569312226766002,-1.24257811729464,-0.09007122286582392,454964.38856708806,1161,1161,0,0,0,0.0,16427.74079777349,0.0,19,0,0,0.0,0.19809294818145703,0.02861006761833208,0.4354408012623305,15543,-0.0030738750291124163,1.030058322357936,0.511621770379367,0.030268704570275074,0.20061442659503465,2015-01-09 09:15:00+05:30,2025-07-25 15:15:00+05:30
SIMULATED,end,IS,equal_control,near_0_9,3,0,1.2,0.9,entry,equal,-0.01012311967199424,-8.928076921548033,-11.234440362197157,-0.1471167721026898,-0.06881009912947345,40724,0.6187245259580612,-44.96520878327844,0.3612565445026178,201.98510883855624,184.6338310448079,1.0939766980707748,-1.315392347054894,-1.3164887272827233,-0.06870683902084884,465646.5804895756,764,764,0,0,0,0.0,11232.064261917563,0.0,16,0,0,0.0,0.19911917913844895,0.02518972295876383,0.34059421760352016,10276,-0.0030735040733432415,1.0204512429087325,0.5067412479522105,0.030873895283979415,0.2017457563221051,2015-01-09 09:15:00+05:30,2022-01-07 15:15:00+05:30
SIMULATED,end,OOS,equal_control,near_0_9,3,0,1.2,0.9,entry,equal,-0.006556480154567484,-8.523119288700187,-13.378310341308502,-0.21879067761131366,-0.029966908216332744,20162,0.7148663506558437,-28.972788601724105,0.36523929471032746,198.8791176822387,160.07805213813128,1.242388416312225,-0.8511744149109101,-1.089480590480376,-0.023004394149771512,488497.8029251142,397,397,0,0,0,0.0,5579.710028811403,0.0,3,0,0,0.0,0.1961240177408605,0.0351723533023419,0.43544080126233026,5267,-0.003057502177585307,1.0488662723395223,0.5211826403144655,0.029110572694010194,0.19843725805225934,2022-01-10 09:15:00+05:30,2025-07-25 15:15:00+05:30
SIMULATED,end,FULL,daily,near_1_1,3,0,1.2,1.1,daily,theta,0.025179770173972476,-1.5219198137414771,-2.457385162442215,0.87017391961131,-0.028936479945549043,4591,1.3641065608144298,127.97317260458607,0.4013663535439795,1194.531941220678,587.1232913748194,2.0345504236827985,1.1359808771121895,1.7671949562850677,0.29971317023994404,649856.585119972,1171,1171,0,4,19,13422.233344301541,19929.445329116425,0.0,9,0,0,0.0,0.009666357391800178,0.9936362555013679,0.25548021504410856,0,0.10430750734310366,0.9959490696707717,0.412605156144174,0.032839274219830066,0.0008116577573524132,2015-01-09 09:15:00+05:30,2025-07-25 15:15:00+05:30
SIMULATED,end,IS,daily,near_1_1,3,0,1.2,1.1,daily,theta,0.025372257534658632,-1.51549636581225,-2.404245807925539,0.8768259851371918,-0.028936479945549043,4012,1.3626852450678413,124.24666782131652,0.4072632944228275,1146.238907443647,577.9536893808973,1.983271200624215,1.1480842558313558,1.7502535881959926,0.19158836178047167,595794.1808902358,771,771,0,2,11,7045.447380629233,12565.083964415091,0.0,9,0,0,0.0,0.00885431095810081,0.996242813815581,0.25548021504410856,0,0.10251885149637895,0.9766990561787011,0.4042150629409861,0.033039063332864334,0.0006615082303089924,2015-01-09 09:15:00+05:30,2022-01-07 15:15:00+05:30
SIMULATED,end,OOS,daily,near_1_1,3,0,1.2,1.1,daily,theta,0.022583194726721517,-1.6278776174233178,-2.832905084848575,0.9850573503400955,-0.022925766422558613,6797,1.3366755419080925,102.76924611214122,0.39,1046.1958605826683,500.4051467460647,2.0906976424716315,1.0091912064309632,1.7121891121909827,0.08221539688971369,541107.6984448568,400,400,0,4,7,6993.513176048125,6101.113613034543,0.0,0,0,0,0.0,0.011294363664245749,0.9895120048539482,0.16961309999965563,0,0.10556781544052171,1.013638450807951,0.420966667086299,0.03222186717747153,0.0014697615081500084,2022-01-10 09:15:00+05:30,2025-07-25 15:15:00+05:30
SIMULATED,end,FULL,entry,near_1_1,3,0,1.2,1.1,entry,theta,0.025153354360926014,-1.5229510799960548,-2.4592085326824344,0.8692610299614227,-0.028936479945549043,4591,1.3637738008988234,127.82245294562716,0.4013663535439795,1193.9251752807768,586.9682453389953,2.0340541158086705,1.1347188525889411,1.765668886756622,0.29936018479866244,649680.0923993313,1171,1171,0,0,0,0.0,19914.58344643149,0.0,9,0,0,0.0,0.009854694206803127,0.9919709765671464,0.25548021504410856,0,0.10445878777969919,0.9959657734163776,0.41252921553118205,0.03284420345820512,0.0008133215695538933,2015-01-09 09:15:00+05:30,2025-07-25 15:15:00+05:30
SIMULATED,end,IS,entry,near_1_1,3,0,1.2,1.1,entry,theta,0.025259559813771232,-1.5205683285195297,-2.411010457042144,0.872931326177309,-0.028936479945549043,4012,1.3609814871750017,123.6526827585974,0.4072632944228275,1144.7102223169934,577.9054516425763,1.9807915275126617,1.1431583656226538,1.741933208317209,0.19067243681375867,595336.2184068793,771,771,0,0,0,0.0,12558.583164016152,0.0,9,0,0,0.0,0.008936260638444538,0.9955185369607532,0.25548021504410856,0,0.1026402077915526,0.976877532530601,0.4042316425383453,0.03304707998196345,0.000662972424445507,2015-01-09 09:15:00+05:30,2022-01-07 15:15:00+05:30
SIMULATED,end,OOS,entry,near_1_1,3,0,1.2,1.1,entry,theta,0.022522946818173933,-1.6304579670143773,-2.837619157644226,0.982429394203881,-0.022925766422558613,6797,1.3357518241594224,102.48728391164036,0.39,1045.472880581384,500.4051467460647,2.0892528531724297,1.0065271902638073,1.7080121280885947,0.08198982712931335,540994.9135646566,400,400,0,0,0,0.0,6096.952588900214,0.0,0,0,0,0.0,0.01188186927709474,0.9851781225621912,0.2062294028809712,0,0.10584035495280614,1.0132754415695133,0.42064696345188946,0.03222046991838613,0.0014697615081500084,2022-01-10 09:15:00+05:30,2025-07-25 15:15:00+05:30
SIMULATED,end,FULL,equal_control,near_1_1,3,0,1.2,1.1,entry,equal,0.012791391392248956,-9.018643398178678,-13.311744060463372,1.9736628209152522,-0.00648104187640175,4537,2.08647593561533,61.2712596340877,0.5085470085470085,231.376354079052,114.75053374809274,2.016342290720697,2.4920907089822064,2.8599308482483656,0.14337474754376633,571687.3737718832,1170,1170,0,0,0,0.0,20024.309125377058,0.0,10,0,0,0.0,0.4100120124153415,0.00014879181049875015,0.8689035045823881,7738,0.005057632728443376,1.0456600015452093,0.5193357515101918,0.03043858713254193,0.40488739800043744,2015-01-09 09:15:00+05:30,2025-07-25 15:15:00+05:30
SIMULATED,end,IS,equal_control,near_1_1,3,0,1.2,1.1,entry,equal,0.012483829684931814,-9.004657550706064,-12.563637233957003,1.926207224549333,-0.00648104187640175,4537,2.0041875037287507,58.802174163577504,0.5045395590142672,232.6064204762507,118.1869667150347,1.9681224329675648,2.416222650375507,2.5948614508679433,0.090672952560237,545336.4762801185,771,771,0,0,0,0.0,13173.792880464522,0.0,9,0,0,0.0,0.4134187722424245,0.0,0.6673886258996183,5184,0.004930749988586143,1.0351168086929188,0.5140073677181826,0.031015192734007768,0.4069065261426202,2015-01-09 09:15:00+05:30,2022-01-07 15:15:00+05:30
SIMULATED,end,OOS,equal_control,near_1_1,3,0,1.2,1.1,entry,equal,0.013393445629146704,-9.047608440854622,-15.36795624494078,3.307791047091385,-0.00404906036641095,1332,2.2641206815786044,60.39694846292142,0.5162907268170426,209.52300157006454,98.7738646980707,2.1212392793430612,2.636560808813779,3.6341844385951694,0.04819676487341118,524098.3824367056,399,399,0,0,0,0.0,6266.956811320647,0.0,1,0,0,0.0,0.40347516438788633,0.0004342916702857639,0.8689035045823881,2554,0.005291784362147565,1.0638856109310164,0.5285661629252965,0.02925850601554227,0.4009857744474976,2022-01-10 09:15:00+05:30,2025-07-25 15:15:00+05:30
SIMULATED,end,FULL,daily,primary,3,0,1.2,1.0,daily,theta,0.012413338998714187,-2.5013207757976357,-3.918946126581881,0.492993070253959,-0.02517954054064009,10050,1.2075947602829127,59.30133079893102,0.3919726729291204,880.0624302980934,469.8129173332537,1.8732188874105313,0.6765188759791865,1.000691380065628,0.13888371673110034,569441.8583655502,1171,1171,0,13,37,22367.56146842772,17878.930232366984,0.0,9,0,0,0.0,0.010204404213566713,0.9934578327584156,0.2176559642542176,0,0.07670809154973224,0.9672482635665811,0.41826805346665547,0.03136920206027004,0.0010739308202890507,2015-01-09 09:15:00+05:30,2025-07-25 15:15:00+05:30
SIMULATED,end,IS,daily,primary,3,0,1.2,1.0,daily,theta,0.013794374978393182,-2.3967797287277324,-3.6573378831997343,0.5478406151267491,-0.02517954054064009,8192,1.2268608136704957,65.23205498542808,0.3942931258106355,894.7004677477794,474.7216869412417,1.884684210474084,0.7420380730314999,1.061719464634638,0.10058782878753303,550293.9143937666,771,771,0,6,20,9679.721105948918,11610.48757561672,0.0,9,0,0,0.0,0.009705312760488563,0.9933004390928433,0.2176559642542176,0,0.07641181317842005,0.9574818252752908,0.4134477607007059,0.03171031986877691,0.0009350630173095908,2015-01-09 09:15:00+05:30,2022-01-07 15:15:00+05:30
SIMULATED,end,OOS,daily,primary,3,0,1.2,1.0,daily,theta,0.011044995077445824,-2.6520247496518934,-4.371655530009817,0.522296870192799,-0.021146967764460678,9858,1.1929553926085243,49.53483454282383,0.3875,790.3260446377872,419.1289922519489,1.885639168961861,0.6176989188913593,0.9781490304870822,0.039627867634259184,519813.9338171296,400,400,0,7,14,10751.187098201459,5693.818506530168,0.0,0,0,0,0.0,0.011938813054436783,0.9878651295830805,0.17767295158542132,0,0.07764151976961574,0.9884520947884089,0.4284270462327213,0.03062862225944619,0.0015896485272819823,2022-01-10 09:15:00+05:30,2025-07-25 15:15:00+05:30
SIMULATED,end,FULL,entry,primary,3,0,1.2,1.0,entry,theta,0.012510289325256543,-2.4933738373363963,-3.912089997324521,0.4916587725698043,-0.025445064795381778,10026,1.2093244379371513,59.79244334836534,0.3919726729291204,881.2789679780916,469.78945946770824,1.8759019603730973,0.680967176101681,1.008890281721527,0.14003390232187596,570016.951160938,1171,1171,0,0,0,0.0,17864.44705268673,0.0,9,0,0,0.0,0.011165663565973823,0.9858451290591174,0.2648395838472858,0,0.07717008892116724,0.9666602979707735,0.4177375020174644,0.03136665681899001,0.0010741050405036533,2015-01-09 09:15:00+05:30,2025-07-25 15:15:00+05:30
SIMULATED,end,IS,entry,primary,3,0,1.2,1.0,entry,theta,0.013773383426757383,-2.3955963131753606,-3.6598676640053758,0.541298815212969,-0.025445064795381778,8201,1.2265183370436483,65.12867149043916,0.3942931258106355,894.3833273698028,474.68592248670546,1.8841581032874466,0.7402468711985156,1.06080872542634,0.10042841143826076,550214.2057191303,771,771,0,0,0,0.0,11603.811198554178,0.0,9,0,0,0.0,0.010179964599021183,0.989588520211851,0.23229570860402263,0,0.07663690614430538,0.957268331634336,0.41322269748230883,0.03171053112814962,0.0009353276241465554,2015-01-09 09:15:00+05:30,2022-01-07 15:15:00+05:30
SIMULATED,end,OOS,entry,primary,3,0,1.2,1.0,entry,theta,0.011282420023492393,-2.635172902048201,-4.353180913811992,0.5335242456109232,-0.021146967764460678,9858,1.1972457106510872,50.61484888247293,0.3875,792.833440533209,418.9520152230948,1.8924206394162344,0.6298222613821806,0.9991702346579651,0.040491879105978734,520245.9395529893,400,400,0,0,0,0.0,5689.415585245916,0.0,0,0,0,0.0,0.013282961737106738,0.9786772991245558,0.2648395838472858,0,0.0783909864828253,0.9878325203609452,0.42772220364739505,0.030632327229107394,0.0015934996835794905,2022-01-10 09:15:00+05:30,2025-07-25 15:15:00+05:30
SIMULATED,end,FULL,equal_control,primary,3,0,1.2,1.0,entry,equal,0.0022219633074729247,-8.981870404495965,-12.512951404008222,0.10998831116250672,-0.020201813119850476,31385,1.1265466785787543,10.125103139298375,0.4328485885372113,208.23891426965608,141.07487941267902,1.4760878416950873,0.35585613773274705,0.3851976399688861,0.023672491139681284,511836.24556984066,1169,1169,0,0,0,0.0,18218.584896177512,0.0,11,0,0,0.0,0.303169682911262,0.007176891006551518,0.6525753434639273,11955,0.001319061836561176,1.04125356780032,0.5171484909743689,0.030331478846551706,0.3025376659804346,2015-01-09 09:15:00+05:30,2025-07-25 15:15:00+05:30
SIMULATED,end,IS,equal_control,primary,3,0,1.2,1.0,entry,equal,0.0015263928708336887,-9.078044504351558,-11.86455593401382,0.07555722161066038,-0.020201813119850476,10382,1.0823717095583643,6.956855477881561,0.437094682230869,209.13937770938708,150.0374071765363,1.3939149019238282,0.2454406907671144,0.24824215622933676,0.010727471146892542,505363.7355734463,771,771,0,0,0,0.0,12232.996026427094,0.0,9,0,0,0.0,0.3058572218068127,0.0028971074193110315,0.49762144486327353,7983,0.0012821443147090588,1.032025865290899,0.5124718029272045,0.03092761015235385,0.3041388532442445,2015-01-09 09:15:00+05:30,2022-01-07 15:15:00+05:30
SIMULATED,end,OOS,equal_control,primary,3,0,1.2,1.0,entry,equal,0.0036129079498614133,-8.784669723839585,-14.297802728215444,0.5121883769555059,-0.0070538655549680085,12892,1.22863202155941,16.132081323081366,0.42462311557788945,204.16041685169796,122.63118812816843,1.6648327392728102,0.5751361141332069,0.7453854106333991,0.012841136733175773,506420.56836658786,398,398,0,0,0,0.0,5923.870246829845,0.0,2,0,0,0.0,0.29800209463189836,0.015406040560536165,0.6525753434639273,3972,0.001403103456668986,1.0600953660533021,0.526693435884336,0.029188501311455978,0.29943586854224996,2022-01-10 09:15:00+05:30,2025-07-25 15:15:00+05:30
SIMULATED,end,FULL,daily,slip_10,3,10,1.2,1.0,daily,theta,0.0014769960284651826,-3.105209055447961,-4.699445000363475,0.04091061033700415,-0.03610300644009756,27095,1.022620931755171,6.695043440931784,0.36464560204953034,830.0162742690849,465.8293726392045,1.781803215985591,0.08960609068753099,0.1293587109865658,0.015679791738664406,507839.8958693322,1171,1171,0,11,34,21046.742216548526,16750.441620358346,55834.88582641486,9,0,0,0.0,0.010516895475771865,0.9914059712144642,0.23201948701251687,0,0.07664332012023149,0.9657887651542079,0.4175913595180763,0.03131295693836993,0.0012073821294234187,2015-01-09 09:15:00+05:30,2025-07-25 15:15:00+05:30
SIMULATED,end,IS,daily,slip_10,3,10,1.2,1.0,daily,theta,0.0017282396346744442,-3.080108981492695,-4.505166467247165,0.04786968746057078,-0.03610300644009756,27095,1.0260263439547033,7.881584891457237,0.3787289234760052,820.4090283812346,487.43785873905426,1.6831048587476125,0.10303954960762667,0.14274002296855143,0.0121534039026292,506076.70195131464,771,771,0,4,20,10306.306305445269,11096.488801694748,36988.35016718811,9,0,0,0.0,0.009753262822698026,0.9932551717894165,0.23201948701251687,0,0.07610391374206488,0.9535396095643667,0.4117523644217812,0.03166728419532766,0.000996186805071872,2015-01-09 09:15:00+05:30,2022-01-07 15:15:00+05:30
SIMULATED,end,OOS,daily,slip_10,3,10,1.2,1.0,daily,theta,0.0013560081654098207,-3.1135762393806323,-5.098228071812671,0.04091005685382167,-0.03314608362083338,13568,1.0214493367353623,6.007251708559238,0.3375,847.6274562728083,422.7426638241714,2.0050672165546,0.08273415044142657,0.13150319241950484,0.004805801366847273,502402.9006834237,400,400,0,6,12,9549.57970967375,5600.856418866038,18669.54806952435,0,0,0,0.0,0.01214048907780125,0.9876917742914102,0.20983838138561314,0,0.07811356584330727,0.9924609363230815,0.4300557406768751,0.030679621469446108,0.0016319636476787548,2022-01-10 09:15:00+05:30,2025-07-25 15:15:00+05:30
SIMULATED,end,FULL,entry,slip_10,3,10,1.2,1.0,entry,theta,0.0014368855596694394,-3.1053032980145514,-4.701213515961391,0.03972320397567025,-0.036172448741785934,27095,1.0220024035682886,6.511979669490415,0.36464560204953034,829.5142422401437,465.8293726392045,1.7807254994257768,0.08738306418848175,0.12620323342218154,0.01525105638594848,507625.5281929742,1171,1171,0,0,0,0.0,16734.56113486789,55781.950591596615,9,0,0,0.0,0.011264869252993215,0.9858748661829427,0.2648395838472858,0,0.0770467090868496,0.9654527208151037,0.41721140457105765,0.03132122809415412,0.0012073821294234185,2015-01-09 09:15:00+05:30,2025-07-25 15:15:00+05:30
SIMULATED,end,IS,entry,slip_10,3,10,1.2,1.0,entry,theta,0.0016374072598834566,-3.084026523804349,-4.510068593309384,0.045266696528398015,-0.036172448741785934,27095,1.0246517404700122,7.465312284150514,0.3787289234760052,819.3098976270104,487.43785873905426,1.6808499441271776,0.09809735078138283,0.1359319547275494,0.011511511542162234,505755.75577108114,771,771,0,0,0,0.0,11090.40312746782,36968.0642391139,9,0,0,0.0,0.010190026210366599,0.9896337875152778,0.23201948701251687,0,0.07634282748961121,0.9535847991667903,0.41164253580936044,0.03167786317267449,0.000996186805071872,2015-01-09 09:15:00+05:30,2022-01-07 15:15:00+05:30
SIMULATED,end,OOS,entry,slip_10,3,10,1.2,1.0,entry,theta,0.0016045531892996798,-3.0961117070661657,-5.079776272612794,0.04852173192277741,-0.0330687534371884,13568,1.0253888253817935,7.1105725335388,0.3375,850.8965550134885,422.7426638241714,2.012800286860558,0.09607491369703282,0.15285487287126667,0.005688458026830379,502844.2290134152,400,400,0,0,0,0.0,5594.9960306576995,18650.01385809695,0,0,0,0.0,0.013320101226659841,0.9786772991245558,0.2648395838472858,0,0.07867106119728501,0.9915909678546441,0.4293380146509695,0.03067242999108124,0.0016319636476787548,2022-01-10 09:15:00+05:30,2025-07-25 15:15:00+05:30
SIMULATED,end,FULL,equal_control,slip_10,3,10,1.2,1.0,entry,equal,-0.00914772157336217,-10.675422321861463,-14.63244205737793,-0.09542938141187088,-0.09585854417185025,61745,0.622417131197281,-39.490725349185425,0.33361847733105215,195.12560856862365,156.94948045566235,1.243238321032518,-1.4407354751714254,-1.725217518012059,-0.0923293158663927,453835.34206680366,1169,1169,0,0,0,0.0,17151.085392887668,57170.312799696134,11,0,0,0.0,0.303169682911262,0.007176891006551518,0.6525753434639275,11955,0.0013148258408309035,1.0412105855624247,0.5171252087074387,0.030339670985514745,0.3025376659804346,2015-01-09 09:15:00+05:30,2025-07-25 15:15:00+05:30
SIMULATED,end,IS,equal_control,slip_10,3,10,1.2,1.0,entry,equal,-0.010008264806911126,-10.790777671934668,-13.917004459183824,-0.14728732621300025,-0.06795061777710343,40742,0.6037226567429557,-44.066548493583966,0.3437094682230869,195.32407294643443,169.43910715288214,1.1527685445733415,-1.5755917783979343,-1.7548607041950455,-0.06795061777710343,466024.6911114483,771,771,0,0,0,0.0,11749.331232828383,39164.4543812359,9,0,0,0.0,0.3058572218068127,0.0028971074193110315,0.4976214448632733,7983,0.0012828197470502241,1.0324149056960614,0.5126650464550305,0.03095679791350107,0.30413885324424456,2015-01-09 09:15:00+05:30,2022-01-07 15:15:00+05:30
SIMULATED,end,OOS,equal_control,slip_10,3,10,1.2,1.0,entry,equal,-0.007475395869472895,-10.502441833404413,-16.592485933415936,-0.2434024887159616,-0.03071207656465791,20353,0.6659222652380873,-32.91197049984926,0.314070351758794,208.88292858672824,143.62392063106606,1.4543742272799827,-1.1817646414830387,-1.6923041089492725,-0.026197928517876945,486901.03574106155,398,398,0,0,0,0.0,5799.6613706206535,19332.216601648237,2,0,0,0.0,0.29800209463189836,0.015406040560536165,0.6525753434639272,3972,0.0013934918345353579,1.0587622494337772,0.526027940180636,0.029165648306487536,0.29943586854224996,2022-01-10 09:15:00+05:30,2025-07-25 15:15:00+05:30
SIMULATED,end,FULL,daily,slip_25,3,25,1.2,1.0,daily,theta,-0.013281939220303875,-3.815630778208867,-5.731208797933317,-0.09419570262062521,-0.1410036641883453,61727,0.8206145814170035,-56.13405166221821,0.33219470538001705,773.011179846385,468.5860913768558,1.6496673590439506,-0.6993560489092194,-1.0165739246796348,-0.13146594899291197,434267.025503544,1171,1171,0,11,29,16864.831793855214,15458.229251780322,128819.06800018382,9,0,0,0.0,0.010641738155170301,0.9909599143570834,0.23169816801831636,0,0.07652700757166575,0.9632435103262463,0.4164128767758175,0.03130644083272726,0.0013910116085979766,2015-01-09 09:15:00+05:30,2025-07-25 15:15:00+05:30
SIMULATED,end,IS,daily,slip_25,3,25,1.2,1.0,daily,theta,-0.013540382657494798,-3.7913373234888947,-5.506797487681988,-0.12247113659956435,-0.11055978603160088,40724,0.8212065518240528,-58.993077706373754,0.3424124513618677,791.3203070154009,501.75981057925054,1.5770898552075558,-0.7065906543975738,-0.9862569296190529,-0.09096732582322808,454516.33708838595,771,771,0,5,21,11037.622295827612,10552.53330709099,87938.10885271,9,0,0,0.0,0.009784814270585411,0.9934815083065501,0.23169816801831636,0,0.07615521792768848,0.9546353657428731,0.4122237127541243,0.03177842693711342,0.0010794324233645582,2015-01-09 09:15:00+05:30,2022-01-07 15:15:00+05:30
SIMULATED,end,OOS,daily,slip_25,3,25,1.2,1.0,daily,theta,-0.013475205543376978,-3.7793562207304783,-6.116762709156134,-0.22904330213285348,-0.058832567544633396,20360,0.8151801674574473,-58.58186338047972,0.3125,826.8337447298353,461.0435034306229,1.793396368406384,-0.6984872014273196,-1.1106368842559546,-0.046865490704382506,476567.25464780873,400,400,0,6,11,8817.319687507756,5448.892634501421,45407.61001932736,0,0,0,0.0,0.012305528650135037,0.9864782872497183,0.20983838138561314,0,0.07848537458921194,0.9962847825796585,0.4316206726851298,0.030705883390826187,0.001710614707924522,2022-01-10 09:15:00+05:30,2025-07-25 15:15:00+05:30
SIMULATED,end,FULL,entry,slip_25,3,25,1.2,1.0,entry,theta,-0.013307278741102088,-3.812230454257684,-5.727613292748481,-0.09399337516742312,-0.14157677301617122,61727,0.8203559796314864,-56.23443249101484,0.33219470538001705,773.03506245479,468.748286114951,1.6491474963285921,-0.6998239864380827,-1.01757695594773,-0.1317010408939535,434149.47955302324,1171,1171,0,0,0,0.0,15449.481210002468,128746.16640706264,9,0,0,0.0,0.011357677296250092,0.9857856548114666,0.2648395838472858,0,0.07689903523310071,0.9634426286861075,0.4163048484909537,0.03132740638368068,0.0013914192010716555,2015-01-09 09:15:00+05:30,2025-07-25 15:15:00+05:30
SIMULATED,end,IS,entry,slip_25,3,25,1.2,1.0,entry,theta,-0.013699830239928129,-3.796844475371604,-5.511887073067676,-0.1230394875586193,-0.11134498779020974,40724,0.8192772823388104,-59.6593725872217,0.3424124513618677,789.8548635762219,502.009980767003,1.5733847808552153,-0.7145095632599364,-0.9970363784025698,-0.09199475252949563,454002.6237352522,771,771,0,0,0,0.0,10547.399357005228,87895.32242511783,9,0,0,0.0,0.010237370349955045,0.9896337875152778,0.23169816801831636,0,0.0764168105527595,0.954807679933319,0.41216207470881044,0.03179667586644388,0.0010800514775625842,2015-01-09 09:15:00+05:30,2022-01-07 15:15:00+05:30
SIMULATED,end,OOS,entry,slip_25,3,25,1.2,1.0,entry,theta,-0.01327330090972887,-3.764291269750379,-6.1032808591598275,-0.22631024757186802,-0.05865090534848072,20360,0.8179025991081847,-57.71894127503151,0.3125,829.5950954672694,461.0435034306229,1.7993857180380064,-0.6869869562315948,-1.0938074971539824,-0.046175153020024284,476912.42348998785,400,400,0,0,0,0.0,5443.500309733692,45362.67582236079,0,0,0,0.0,0.013345807105852864,0.9786772991245558,0.2648395838472858,0,0.07899327667304867,0.995563369147839,0.43100019152796953,0.03070122785244477,0.001710614707924522,2022-01-10 09:15:00+05:30,2025-07-25 15:15:00+05:30
SIMULATED,end,FULL,equal_control,slip_25,3,25,1.2,1.0,entry,equal,-0.02592444114029697,-12.861233702995325,-17.01428706777074,-0.10714703290421417,-0.2419520208597148,61745,0.2781197385883712,-103.44664646085107,0.22241231822070145,179.1943140140536,184.29004549657736,0.972349393757036,-3.9701325125864075,-5.000014628459773,-0.24185825942546735,379070.8702872663,1169,1169,0,0,0,0.0,15692.44022717317,130770.4948127236,11,0,0,0.0,0.303169682911262,0.007176891006551518,0.6525753434639274,11955,0.0013228567782777936,1.0390598746900293,0.5160602179916913,0.030329316335439633,0.3025376659804346,2015-01-09 09:15:00+05:30,2025-07-25 15:15:00+05:30
SIMULATED,end,IS,equal_control,slip_25,3,25,1.2,1.0,entry,equal,-0.027029078755064245,-12.9874599964181,-16.286318835623778,-0.15494645349929145,-0.174441416015939,40742,0.27026078074822685,-113.12672893381333,0.23346303501945526,179.4578423951431,202.23878111522134,0.8873562301233447,-4.130325585744771,-4.880007236324802,-0.174441416015939,412779.2919920305,771,771,0,0,0,0.0,11060.676025095087,92172.40028642566,9,0,0,0.0,0.3058572218068127,0.0028971074193110315,0.4976214448632735,7983,0.0012823870130875624,1.0317378737751295,0.5123288301471315,0.030968657222465522,0.3041388532442445,2015-01-09 09:15:00+05:30,2022-01-07 15:15:00+05:30
SIMULATED,end,OOS,equal_control,slip_25,3,25,1.2,1.0,entry,equal,-0.023936460309976836,-12.68803102035202,-18.96365781170617,-0.29026003769612285,-0.08246557293924228,20955,0.2962775185113092,-103.19847116930339,0.20100502512562815,216.15417169196962,183.5387586815733,1.177703136082454,-3.690149523445652,-5.43569651362713,-0.08214598305076792,458927.00847461604,398,398,0,0,0,0.0,5636.500094590594,46970.90621167967,2,0,0,0.0,0.29800209463189836,0.015406040560536165,0.6525753434639275,3972,0.0013718260698973288,1.0600905149960413,0.5266812772742135,0.02923052635152335,0.29943586854224996,2022-01-10 09:15:00+05:30,2025-07-25 15:15:00+05:30
SIMULATED,end,FULL,daily,vol_1_0,3,0,1.0,1.0,daily,theta,0.012635944787353264,-2.5848381266019658,-3.9256722252253224,0.49535231731392604,-0.025509005097366533,9853,1.2217543891191418,60.42963290538739,0.39795046968403075,836.6284286946955,452.63226615534666,1.8483623268862555,0.7138994229191291,1.0144043853119975,0.1415262002644211,570763.1001322105,1171,1171,0,13,27,14806.230036284487,15726.223323365042,0.0,9,0,0,0.0,0.012908617497179788,0.9795408588081361,0.27797196354176373,0,0.07584345709713715,0.9844555350344436,0.42898278557635866,0.027577353859356047,0.001151776524291498,2015-01-09 09:15:00+05:30,2025-07-25 15:15:00+05:30
SIMULATED,end,IS,daily,vol_1_0,3,0,1.0,1.0,daily,theta,0.011578865328785099,-2.6214772101477193,-3.8099731038563873,0.45391285487572636,-0.025509005097366533,7493,1.1963267679605556,54.39121370051009,0.4033722438391699,821.6616969057811,464.35035211870576,1.7694865378194715,0.6508646798025188,0.8772791884769081,0.08387125152618924,541935.6257630946,771,771,0,8,18,8875.053840649718,10222.174210682057,0.0,9,0,0,0.0,0.012115841943148326,0.9832510977321081,0.24832246888108703,0,0.07483012181514909,0.9670162568454033,0.4209446374752325,0.027883873792774887,0.0011145697980552488,2015-01-09 09:15:00+05:30,2022-01-07 15:15:00+05:30
SIMULATED,end,OOS,daily,vol_1_0,3,0,1.0,1.0,daily,theta,0.011758252214968155,-2.7472983363847234,-4.531649923758012,0.5228447576268738,-0.022488993230681653,10871,1.215661619237781,52.781283991947475,0.3875,767.7999647407901,399.5774732165039,1.921529656214557,0.689403947093154,1.0980832654222583,0.04222502719356025,521112.51359678013,400,400,0,7,15,10578.736666179597,5051.445467795578,0.0,0,0,0,0.0,0.013631469468210524,0.9758169368119962,0.2639409247800266,27,0.07727494519947423,1.0147896856962937,0.4431907655555955,0.027083403741314713,0.001383737695518955,2022-01-10 09:15:00+05:30,2025-07-25 15:15:00+05:30
SIMULATED,end,FULL,entry,vol_1_0,3,0,1.0,1.0,entry,theta,0.012589929114246773,-2.584553638715883,-3.9247269512782585,0.49346809135408753,-0.025513157456036772,9856,1.2208977887471248,60.196203270766716,0.39795046968403075,836.0418490763675,452.63226615534666,1.8470663971388905,0.7105944003109225,1.0089214574760048,0.14097950806013948,570489.7540300697,1171,1171,0,0,0,0.0,15717.424228902251,0.0,9,0,0,0.0,0.013420867942507887,0.9762103009396931,0.27797196354176373,0,0.07609486696986067,0.9842891465951363,0.4287683478004009,0.027580450923825894,0.001151776524291498,2015-01-09 09:15:00+05:30,2025-07-25 15:15:00+05:30
SIMULATED,end,IS,entry,vol_1_0,3,0,1.0,1.0,entry,theta,0.011543317399263793,-2.6221757371289214,-3.812880714271145,0.45244566138686537,-0.025513157456036772,7493,1.1957030962095452,54.2184289914224,0.4033722438391699,821.2333463890396,464.35035211870576,1.7685640651330892,0.648604967927917,0.8747473834156229,0.08360481750477677,541802.4087523884,771,771,0,0,0,0.0,10216.890728525526,0.0,9,0,0,0.0,0.012536059422804235,0.9809424652573446,0.25909777404514583,0,0.07502021287307366,0.966808168109249,0.42074216473740506,0.027884606920617224,0.0011145697980552488,2015-01-09 09:15:00+05:30,2022-01-07 15:15:00+05:30
SIMULATED,end,OOS,entry,vol_1_0,3,0,1.0,1.0,entry,theta,0.011872205076181405,-2.7240318500649834,-4.458713202837478,0.527911807985437,-0.022488993230681653,10821,1.2177830618465257,53.30048840671782,0.3875,769.1398471014877,399.5774732165039,1.9248829042090245,0.6918526508574754,1.088150199948636,0.04264039072537651,521320.1953626883,400,400,0,0,0,0.0,5045.037843553371,0.0,0,0,0,0.0,0.01518649489407718,0.966975816936812,0.27797196354176384,0,0.07799498376362696,1.013832362014033,0.4423609823794713,0.027079142141058138,0.001383737695518955,2022-01-10 09:15:00+05:30,2025-07-25 15:15:00+05:30
SIMULATED,end,FULL,equal_control,vol_1_0,3,0,1.0,1.0,entry,equal,-0.002166322219312612,-10.87710512306979,-14.283151984983428,-0.06593977543555103,-0.03285304211310147,31385,0.8781189710843906,-9.667036811304797,0.41060735671514115,169.62266962880094,134.5713315736426,1.260466606410719,-0.3843311246611315,-0.3987455038309359,-0.022601532064835395,488699.2339675823,1169,1169,0,0,0,0.0,15502.749319662915,0.0,11,0,0,0.0,0.27920009312922783,0.014919594997022037,0.6054983913061192,12553,0.0012612671154328332,1.0490130399981015,0.5209802868816635,0.026382567368675523,0.28420872235418543,2015-01-09 09:15:00+05:30,2025-07-25 15:15:00+05:30
SIMULATED,end,IS,equal_control,vol_1_0,3,0,1.0,1.0,entry,equal,-0.0030247996072320566,-10.868267535627552,-13.430141700592602,-0.12674484886321122,-0.023865266591595824,30332,0.839549435118291,-13.599380840675039,0.41245136186770426,172.52475425023766,144.2560584541634,1.195961931159075,-0.5305322314542184,-0.513567207292472,-0.02097024525632485,489514.87737183756,771,771,0,0,0,0.0,10508.202228106737,0.0,9,0,0,0.0,0.2820412540014293,0.008283916527092481,0.48067291326882045,8415,0.0011387907713198617,1.0397677489420891,0.5162891454968169,0.026952871771307136,0.2861697417987159,2015-01-09 09:15:00+05:30,2022-01-07 15:15:00+05:30
SIMULATED,end,OOS,equal_control,vol_1_0,3,0,1.0,1.0,entry,equal,-0.00042577380885872116,-10.861127146191432,-16.90848279567707,-0.03254757988875129,-0.013081581190184655,20162,0.9730247614017561,-1.8914180436151184,0.40703517587939697,167.61550228967965,118.24786335714798,1.417492862288978,-0.07505346658244919,-0.09618910913598434,-0.0015055687627185677,499247.2156186407,398,398,0,0,0,0.0,5102.365520851456,0.0,2,0,0,0.0,0.2737371211710242,0.027678649142658194,0.6054983913061192,4138,0.0015031519262946253,1.067630252239599,0.5304236482868346,0.02528000356467197,0.28040986307847426,2022-01-10 09:15:00+05:30,2025-07-25 15:15:00+05:30
SIMULATED,end,FULL,daily,vol_1_5,3,0,1.5,1.0,daily,theta,0.012665219351681946,-2.5246436921579396,-3.833153222187707,0.4968129813658558,-0.02549293159945676,7906,1.2073956088706603,60.57819044465401,0.3859948761742101,913.6603779078968,475.7126979188866,1.920613811455763,0.6998285069931802,1.0022876958174944,0.14187412202137528,570937.0610106876,1171,1171,0,7,26,21547.365197176034,20348.131191463868,0.0,9,0,0,0.0,0.0090642213677635,0.9965207565124301,0.17581597993231218,0,0.07662396409142717,0.9313234329174407,0.3993876808731368,0.03580969971001559,0.001018918388175314,2015-01-09 09:15:00+05:30,2025-07-25 15:15:00+05:30
SIMULATED,end,IS,daily,vol_1_5,3,0,1.5,1.0,daily,theta,0.012904221943420674,-2.4488311143382098,-3.7240153183281293,0.5061882307680791,-0.02549293159945676,7906,1.208506200190827,60.85929873535309,0.38910505836575876,906.5462718596476,477.7948242737517,1.8973547342995987,0.6964654166892773,0.9953188110301515,0.09384503864990923,546922.5193249546,771,771,0,3,14,9922.307897076827,13156.231730552554,0.0,9,0,0,0.0,0.008409236423292606,0.9980535059526504,0.17581597993231218,0,0.0750993564139304,0.9096193421297155,0.3897817213286125,0.03599083904217568,0.0007988545987971768,2015-01-09 09:15:00+05:30,2022-01-07 15:15:00+05:30
SIMULATED,end,OOS,daily,vol_1_5,3,0,1.5,1.0,daily,theta,0.013204833677344978,-2.6013311095687284,-4.076040930984304,0.7381930515836813,-0.017888049269789263,6854,1.2213301717725489,59.383379463468486,0.38,862.3305608576783,432.7455381652408,1.992696596049948,0.7549492837832609,1.1333820203479674,0.0475067035707768,523753.35178538837,400,400,0,3,8,7503.487480062826,6634.995943239837,0.0,0,0,0,0.0,0.010719686079709053,0.9921123342290024,0.16429903730280462,0,0.08046279700869323,0.9847215394865647,0.422931464316948,0.03569042623169045,0.0017265376235871147,2022-01-10 09:15:00+05:30,2025-07-25 15:15:00+05:30
SIMULATED,end,FULL,entry,vol_1_5,3,0,1.5,1.0,entry,theta,0.012424412491211715,-2.5386427559031124,-3.8525889864079184,0.48699294159991124,-0.02551251040804403,7906,1.2033537837702313,59.357402097859676,0.3859948761742101,909.9853809078461,475.3906457771248,1.9141844480769827,0.6870279169159861,0.9833187142275039,0.1390150357131823,569507.5178565911,1171,1171,0,0,0,0.0,20314.352479542118,0.0,9,0,0,0.0,0.00943513043054324,0.9934578327584156,0.20685768066732793,0,0.07675637474444463,0.930353393493595,0.3988523692082317,0.03580242947106972,0.0010227630467777396,2015-01-09 09:15:00+05:30,2025-07-25 15:15:00+05:30
SIMULATED,end,IS,entry,vol_1_5,3,0,1.5,1.0,entry,theta,0.012771628287202873,-2.4571695900292156,-3.7330015213267282,0.5006025703835092,-0.02551251040804403,7906,1.2063202651948315,60.209919298645445,0.38910505836575876,904.736069285688,477.7048259160313,1.8939228163558854,0.6898101578598778,0.9849431394987976,0.09284369555850569,546421.8477792528,771,771,0,0,0,0.0,13147.331674388795,0.0,9,0,0,0.0,0.008542184764499071,0.9968765560635553,0.17951531387302766,0,0.07523177505865634,0.9098390223484862,0.38981121135847113,0.035998521926424484,0.0008009383742124219,2015-01-09 09:15:00+05:30,2022-01-07 15:15:00+05:30
SIMULATED,end,OOS,entry,vol_1_5,3,0,1.5,1.0,entry,theta,0.012977905724482921,-2.6138437345193744,-4.097271908221581,0.7255070426489166,-0.017888049269789263,6854,1.2174641334300604,58.34611274075411,0.38,859.6009115873774,432.7455381652408,1.9863888492806248,0.7421482948135916,1.1147288601412697,0.04667689019260557,523338.44509630284,400,400,0,0,0,0.0,6630.619635650803,0.0,0,0,0,0.0,0.011351597955608398,0.986911675478894,0.20685768066732793,0,0.08078570733308486,0.9847446215646487,0.42276423826007214,0.0357022451509235,0.0017265376235871147,2022-01-10 09:15:00+05:30,2025-07-25 15:15:00+05:30
SIMULATED,end,FULL,equal_control,vol_1_5,3,0,1.5,1.0,entry,equal,0.007791370607876015,-6.913570022262586,-10.203122404804702,0.4625831097127882,-0.016843180056257512,14747,1.4312393809554205,36.464343032735144,0.4550898203592814,265.9286542525863,155.1761806234043,1.7137208377229376,1.056265286170834,1.184351051007708,0.0852536340105321,542626.8170052661,1169,1169,0,0,0,0.0,21996.032641548536,0.0,11,0,0,0.0,0.3293899381626914,0.0014592019058963668,0.701179490230133,10946,0.0016363339605618178,1.021840343841222,0.5075307363406665,0.03559748540335201,0.32237561332132936,2015-01-09 09:15:00+05:30,2025-07-25 15:15:00+05:30
SIMULATED,end,IS,equal_control,vol_1_5,3,0,1.5,1.0,entry,equal,0.007177318487686421,-7.047097517559649,-9.752718348734277,0.42612609161177567,-0.016843180056257512,10356,1.3782680078152503,33.271840171838946,0.45395590142671854,267.0528506038874,161.08291909470967,1.657859517972058,0.9818141316695703,1.026211459439776,0.051305177544973546,525652.5887724868,771,771,0,0,0,0.0,14575.031606558938,0.0,9,0,0,0.0,0.3315319004731619,0.0002716038205604092,0.5337072869876264,7282,0.0016657899632271007,1.0111824811730707,0.5021506535938883,0.0361724551042894,0.3235950030168004,2015-01-09 09:15:00+05:30,2022-01-07 15:15:00+05:30
SIMULATED,end,OOS,equal_control,vol_1_5,3,0,1.5,1.0,entry,equal,0.009095306548028413,-6.629299020211678,-11.364102323032984,1.4521748951303288,-0.006263230812299736,3583,1.5522023658067545,40.89475351633067,0.457286432160804,251.37921001782635,136.45789038770735,1.8421742363420823,1.2058331164043734,1.6030395382605738,0.03255222379899925,516276.1118994996,398,398,0,0,0,0.0,7051.6807826003915,0.0,2,0,0,0.0,0.32527138220476637,0.003742710418661328,0.701179490230133,3664,0.0015869582197197759,1.0413123362624497,0.5173761958866552,0.03444730598694,0.32001342876050465,2022-01-10 09:15:00+05:30,2025-07-25 15:15:00+05:30
SIMULATED,start,FULL,daily,combined_flat,3,25,1.0,0.9,daily,theta,-0.020628359235814766,-6.52165426090808,-8.58050789320438,-0.10440561606369175,-0.19757901934346722,64304,0.6308153434593866,-82.74408040443348,0.3221476510067114,438.8747243220658,330.64212621504697,1.3273406185291259,-1.702806578826299,-2.130363739539837,-0.19726188768417008,401369.056157915,1192,1192,0,20,30,14584.531940095956,12510.067378052136,104250.67479500512,9,0,0,0.0,0.016276403101576215,0.9657129751734419,0.30637076915110917,6,0.045259534049866504,0.9331138007080301,0.4243356454764156,0.025508202931910515,0.0010491708569970875,2015-01-09 09:15:00+05:30,2025-07-25 15:30:00+05:30
SIMULATED,start,IS,daily,combined_flat,3,25,1.0,0.9,daily,theta,-0.021902326611507424,-6.3677225580512316,-8.20118932774901,-0.15235632270527816,-0.14375725419597996,42423,0.6197738803215259,-90.60907524925139,0.32702020202020204,451.63588059860075,354.10146467625646,1.2754420008161131,-1.7393566372430227,-2.1072759737237896,-0.14352477519481444,428237.6124025928,792,792,0,16,26,12198.677547167259,8760.643593740955,73005.42580418431,9,0,0,0.0,0.01539458963086909,0.9699568946749685,0.30126507726886603,6,0.04533218463665306,0.9301017521834934,0.4226248232925063,0.026051992338194625,0.0006005325489846183,2015-01-09 09:15:00+05:30,2022-01-07 15:30:00+05:30
SIMULATED,start,OOS,daily,combined_flat,3,25,1.0,0.9,daily,theta,-0.015702837415161347,-5.882505842500324,-8.966347386925305,-0.26093161917284813,-0.06017989488947051,21212,0.7066802692548211,-68.073378761253,0.31,529.0507096886205,336.34651994887736,1.5729335025349245,-1.238838317149194,-1.8399597029239856,-0.054458703009001797,472770.6484954991,400,400,0,7,7,4795.881515269396,4511.0362612173085,37592.0618043928,0,0,0,0.0,0.017516567940259603,0.9596307175828788,0.26828633026597515,35,0.046369887418651896,0.9656938731497027,0.43986274430593897,0.02501114882792172,0.0014595337006962888,2022-01-10 09:15:00+05:30,2025-07-25 15:30:00+05:30
SIMULATED,start,FULL,entry,combined_flat,3,25,1.0,0.9,entry,theta,-0.020633309853035634,-6.5113076236400325,-8.577172784344699,-0.1044080754709396,-0.19762178126517238,64304,0.6310581193053681,-82.76202232222772,0.3221476510067114,439.4277981465745,330.9314419509654,1.3278514593717123,-1.7003956544610594,-2.1321238951358703,-0.19730466121619117,401347.66939190443,1192,1192,0,0,0,0.0,12504.707220677086,104206.0063705338,9,0,0,0.0,0.016772592196915865,0.9631328478871625,0.30637076915110917,0,0.0455129157268441,0.9327450544049629,0.4240284080915024,0.02551253798014321,0.0010474931167929887,2015-01-09 09:15:00+05:30,2025-07-25 15:30:00+05:30
SIMULATED,start,IS,entry,combined_flat,3,25,1.0,0.9,entry,theta,-0.02185119830432158,-6.352322186638316,-8.195592857248496,-0.15233252322157778,-0.14344407774653323,42423,0.6206037732573735,-90.41130916327964,0.32702020202020204,452.24063249083866,354.10146467625646,1.2771498499852512,-1.7321435910785794,-2.104136319344716,-0.1432115137146348,428394.2431426826,792,792,0,0,0,0.0,8753.56478232436,72946.43627506102,9,0,0,0.0,0.015956480755944746,0.9661688509600731,0.30126507726886603,0,0.04560899854904477,0.9297082951504608,0.4222914823644755,0.026050113825873043,0.0006005325489846183,2015-01-09 09:15:00+05:30,2022-01-07 15:30:00+05:30
SIMULATED,start,OOS,entry,combined_flat,3,25,1.0,0.9,entry,theta,-0.015856838402476335,-5.889773329610994,-8.984645923809179,-0.2612323617994258,-0.0607001303102378,21212,0.7038617218397685,-68.72750470516405,0.31,526.9406259985849,336.34651994887736,1.5666599615143237,-1.2500697665413414,-1.859707491714987,-0.05498200376413076,472508.9981179346,400,400,0,0,0,0.0,4508.238066879718,37568.741719692094,0,0,0,0.0,0.018179737050674803,0.9572807385648342,0.30637076915110906,0,0.04674926275117445,0.965526532147295,0.43958547154100525,0.025016671371308554,0.0014595337006962888,2022-01-10 09:15:00+05:30,2025-07-25 15:30:00+05:30
SIMULATED,start,FULL,equal_control,combined_flat,3,25,1.0,0.9,entry,equal,-0.0364496644222843,-13.570201925216999,-16.834169266099046,-0.11252900427971342,-0.3239135070606449,64322,0.14248688315559982,-136.43500606098064,0.13732097725358045,165.09086526003978,184.4318000310259,0.8951323211738296,-5.251608919691102,-6.13843087554867,-0.32389670438876983,338051.6478056151,1187,1187,0,0,0,0.0,12672.963119822514,105607.75307579369,14,0,0,0.0,0.17882447517823905,0.06459130534856287,0.398329563424224,17259,-0.004383611086862519,1.039547476464601,0.516181544971932,0.026228912731812295,0.18748245963561525,2015-01-09 09:15:00+05:30,2025-07-25 15:30:00+05:30
SIMULATED,start,IS,equal_control,combined_flat,3,25,1.0,0.9,entry,equal,-0.03836041373375723,-13.879247476216406,-16.197919380923036,-0.16023481347026006,-0.2394012443549105,42441,0.12619759234066674,-151.71181518055153,0.15082382762991128,145.27379395577088,204.4600054599879,0.7105242593970312,-5.547323933085155,-6.068725879673228,-0.2394012443549105,380299.3778225448,789,789,0,0,0,0.0,9137.256549705611,76143.58945727738,12,0,0,0.0,0.18070308078933622,0.05773429993885929,0.3198803007045915,11478,-0.0043164310820915765,1.0334030107008743,0.5130334958975432,0.026837377128848473,0.1888986096129847,2015-01-09 09:15:00+05:30,2022-01-07 15:30:00+05:30
SIMULATED,start,OOS,equal_control,combined_flat,3,25,1.0,0.9,entry,equal,-0.032973581008921546,-12.89023785751413,-18.456870192486896,-0.29434701244045475,-0.1120228153006716,21852,0.18505468545509296,-140.52975103866564,0.11055276381909548,288.6491552851217,193.87402188117028,1.4888490602523385,-4.667501423693867,-6.406939535175756,-0.11186168182677902,444069.1590866105,398,398,0,0,0,0.0,4672.560440185395,38937.92666599951,2,0,0,0.0,0.1751971616372235,0.07783118306771229,0.3983295634242241,5781,-0.0044917877535949075,1.0566674744349698,0.5248877151090243,0.025172459881683686,0.18467506684128232,2022-01-10 09:15:00+05:30,2025-07-25 15:30:00+05:30
SIMULATED,start,FULL,daily,combined_steep,3,25,1.5,1.1,daily,theta,-0.0007931222799729935,-2.6335600451816843,-4.233132622949202,-0.014148184511798587,-0.056058236964013686,59528,0.9906734812267719,-3.4937442754383596,0.3464765100671141,1071.0957261213075,573.2054917386682,1.8686068810548553,-0.023760717401889286,-0.03790078127606467,-0.008329086352644066,495835.456823678,1192,1192,0,2,3,2860.4052905689755,19739.972041545494,164500.8924898841,9,0,0,0.0,0.008982623803075934,0.998566595952067,0.13804953276199536,0,0.10116445057804231,0.9437919554343703,0.3871001745439354,0.037144092349855745,0.0013274336021875661,2015-01-09 09:15:00+05:30,2025-07-25 15:30:00+05:30
SIMULATED,start,IS,daily,combined_steep,3,25,1.5,1.1,daily,theta,-0.0036190438028586938,-2.8324682273324604,-4.318253903696211,-0.07324520151264059,-0.049409978102580854,39508,0.9581079272606444,-15.811551056241683,0.3522727272727273,1026.5451077261534,582.7072777624567,1.761682317866346,-0.15421185758688039,-0.23242619800258432,-0.02504549687308688,487477.25156345655,792,792,0,0,0,0.0,13168.946117999545,109741.9075756518,9,0,0,0.0,0.008291950682620383,0.9993904297470283,0.12787592597706524,0,0.09952868221289761,0.9266179921553744,0.37968641828791483,0.03735948205484209,0.0010172768467540806,2015-01-09 09:15:00+05:30,2022-01-07 15:30:00+05:30
SIMULATED,start,OOS,daily,combined_steep,3,25,1.5,1.1,daily,theta,0.005126605340645916,-2.2975489395816826,-4.114063032215108,0.12885957222464473,-0.039784435507115856,13631,1.0611613099059511,22.82040453517925,0.335,1181.9066079018196,561.0801640780907,2.1064843913058433,0.23088755601219202,0.4155101025276933,0.018256323628143223,509128.1618140716,400,400,0,2,4,4211.494756171896,6700.760675867692,55840.120230413246,0,0,0,0.0,0.010225693873026619,0.9969785984053714,0.13804953276199536,0,0.10382285472229458,0.9723285905296379,0.3995476470891116,0.03648063028862133,0.001908187141083109,2022-01-10 09:15:00+05:30,2025-07-25 15:30:00+05:30
SIMULATED,start,FULL,entry,combined_steep,3,25,1.5,1.1,entry,theta,-0.0008160537434381993,-2.63451813167726,-4.234803641024318,-0.01455724952538306,-0.056058236964013686,59530,0.9904048735209419,-3.5943655959332546,0.3464765100671141,1070.8053130122762,573.2054917386682,1.8681002335903476,-0.024778753616880256,-0.039527856595396905,-0.008568967580704023,495715.516209648,1192,1192,0,0,0,0.0,19738.29228448248,164486.89366673905,9,0,0,0.0,0.009018881811627757,0.9981079066567284,0.1495116503032881,0,0.10118148650486111,0.9437999248875922,0.3870943655748921,0.03714492110106005,0.0013274336021875661,2015-01-09 09:15:00+05:30,2025-07-25 15:30:00+05:30
SIMULATED,start,IS,entry,combined_steep,3,25,1.5,1.1,entry,theta,-0.0036190438028586938,-2.8324682273324604,-4.318253903696211,-0.07324520151264059,-0.049409978102580854,39508,0.9581079272606444,-15.811551056241683,0.3522727272727273,1026.5451077261534,582.7072777624567,1.761682317866346,-0.15421185758688039,-0.23242619800258432,-0.02504549687308688,487477.25156345655,792,792,0,0,0,0.0,13168.946117999545,109741.9075756518,9,0,0,0.0,0.008291950682620383,0.9993904297470283,0.12787592597706524,0,0.09952868221289761,0.9266179921553744,0.37968641828791483,0.03735948205484209,0.0010172768467540806,2015-01-09 09:15:00+05:30,2022-01-07 15:30:00+05:30
SIMULATED,start,OOS,entry,combined_steep,3,25,1.5,1.1,entry,theta,0.005020763181835497,-2.301978023272364,-4.12215004793712,0.12619918110783504,-0.039784435507115856,13632,1.0598905594606869,22.34626427773901,0.335,1180.4912638497592,561.0801640780907,2.103961856839871,0.22636874221498254,0.40745814047364853,0.017877011422191114,508938.5057110955,400,400,0,0,0,0.0,6698.291416622656,55819.54174063886,0,0,0,0.0,0.010366623015568193,0.9956357532522031,0.1495116503032881,0,0.10388986678937535,0.97234403969557,0.3995173918571146,0.036483518524544116,0.001908187141083109,2022-01-10 09:15:00+05:30,2025-07-25 15:30:00+05:30
SIMULATED,start,FULL,equal_control,combined_steep,3,25,1.5,1.1,entry,equal,-0.016511627316400525,-11.691947337864148,-16.64150059568908,-0.10254753997044037,-0.16101436778649247,64322,0.4787062274544632,-67.52114229596236,0.29194630872483224,212.38475155160526,182.93257719993576,1.161000160837836,-2.5784507313417575,-3.6040975276487086,-0.16097040323357226,419514.79838321387,1192,1192,0,0,0,0.0,20413.81001942473,170115.77127257545,9,0,0,0.0,0.44055887353506773,0.0,0.9136344590959092,7413,0.004403029287848621,1.0194294680497236,0.5062375102446087,0.03547497167498684,0.43082534030276753,2015-01-09 09:15:00+05:30,2025-07-25 15:30:00+05:30
SIMULATED,start,IS,equal_control,combined_steep,3,25,1.5,1.1,entry,equal,-0.01729940082787059,-11.975039699044217,-16.3660367479662,-0.1505260888122778,-0.1149262627121389,42441,0.4652542191021549,-72.55445878291565,0.3055555555555556,206.59360590218077,195.37960724435808,1.0573959525048975,-2.7413568199864717,-3.6748749931397517,-0.1149262627121389,442536.86864393053,792,792,0,0,0,0.0,14203.799202232945,118365.46276525507,9,0,0,0.0,0.44403411460247516,0.0,0.7122801780417737,4871,0.004392133509435449,1.012201252429145,0.5025637316540251,0.036120258413351175,0.4329251385614378,2015-01-09 09:15:00+05:30,2022-01-07 15:30:00+05:30
SIMULATED,start,OOS,equal_control,combined_steep,3,25,1.5,1.1,entry,equal,-0.01495722181412244,-11.005701554528278,-17.215025418982467,-0.28044947475142556,-0.053333035575765186,21206,0.5128059020149369,-64.90266871886568,0.265,257.79095617129957,181.2479892574967,1.4223107093621836,-2.2358610132098127,-3.4464096591464415,-0.051922134975093015,474038.93251245347,400,400,0,0,0,0.0,7055.894950783191,58799.37392861735,0,0,0,0.0,0.4338601021045058,0.0,0.9136344590959096,2542,0.004459966586748759,1.0392421763369,0.5162508840895434,0.03439025024980601,0.4266677397506003,2022-01-10 09:15:00+05:30,2025-07-25 15:30:00+05:30
SIMULATED,start,FULL,daily,fee_2,2,0,1.2,1.0,daily,theta,0.019402037829573147,-2.167125135948141,-3.348639562026452,0.7636458304962755,-0.025407115517103285,6980,1.3409406597799662,94.18691803582226,0.4077181208053691,908.5761547080818,466.426635820719,1.9479508349890042,1.0666539588447126,1.5436562719368279,0.22454161259740313,612270.8062987016,1192,1192,0,11,31,20800.021922380816,12622.605911285038,0.0,9,0,0,0.0,0.010540930161728948,0.9918295969267817,0.2684158463544553,0,0.07735626618205328,0.977805561404864,0.4230811443598558,0.031507242663668125,0.0007450354679640801,2015-01-09 09:15:00+05:30,2025-07-25 15:30:00+05:30
SIMULATED,start,IS,daily,fee_2,2,0,1.2,1.0,daily,theta,0.018360371640815762,-2.2169471925679716,-3.244435537396434,0.7226468360194658,-0.025407115517103285,6980,1.3163602582218603,85.69327274570452,0.4053030303030303,879.7508993515307,455.47975939966744,1.9314818742133837,1.0090954758820514,1.378347202481827,0.13573814402919493,567869.0720145975,792,792,0,4,13,6127.278674315023,8179.28609451104,0.0,9,0,0,0.0,0.009889238354444503,0.9941220011320591,0.20270760066003066,0,0.07707854199641156,0.9691635494572517,0.41886005056956926,0.03198703372573627,0.0005218362475000258,2015-01-09 09:15:00+05:30,2022-01-07 15:30:00+05:30
SIMULATED,start,OOS,daily,fee_2,2,0,1.2,1.0,daily,theta,0.02139399230938796,-2.1029661057528894,-3.627218574781495,1.4082577246478925,-0.015191816053937934,4757,1.386163835072786,97.2123458282361,0.4125,845.9417032813388,428.4912455750062,1.974233340861241,1.190338513262101,1.9434423556930973,0.07776987666258939,538884.9383312947,400,400,0,6,13,9320.922749039246,3871.5640923912983,0.0,0,0,0,0.0,0.011904672433751502,0.990348300461603,0.2320632352602113,0,0.07650433769593934,0.9785059395154895,0.42442820273808846,0.03026587937251135,0.0015372060701441003,2022-01-10 09:15:00+05:30,2025-07-25 15:30:00+05:30
SIMULATED,start,FULL,entry,fee_2,2,0,1.2,1.0,entry,theta,0.019325793309837958,-2.1659195975989576,-3.3467693645484764,0.7636263396934885,-0.025307918683888153,6980,1.3394490542663569,93.78208555142936,0.4077181208053691,907.6354907555266,466.462609815697,1.9457840171029792,1.0600010405875333,1.534245884833959,0.22357649195461016,611788.2459773051,1192,1192,0,0,0,0.0,12612.719128331388,0.0,9,0,0,0.0,0.011352125541012895,0.9855226191158764,0.2680394385283625,0,0.07768539807067204,0.9770393288584641,0.42253604171806963,0.03149691337833825,0.000746660341039267,2015-01-09 09:15:00+05:30,2025-07-25 15:30:00+05:30
SIMULATED,start,IS,entry,fee_2,2,0,1.2,1.0,entry,theta,0.018484038761155595,-2.2088335959531915,-3.2364365552708687,0.7303658191743415,-0.025307918683888153,6980,1.3186983821613,86.30263963022537,0.4053030303030303,881.0688413639391,455.3533067742801,1.9349125794329356,1.0151242139286702,1.388593891258238,0.13670338117427616,568351.6905871381,792,792,0,0,0,0.0,8176.163750284139,0.0,9,0,0,0.0,0.010497954395988537,0.9889841947141551,0.23246091476562658,0,0.07727035911671298,0.9685494725158894,0.4184629990955563,0.03197432111648766,0.000521890791664249,2015-01-09 09:15:00+05:30,2022-01-07 15:30:00+05:30
SIMULATED,start,OOS,entry,fee_2,2,0,1.2,1.0,entry,theta,0.021576336950627356,-2.0896076997057302,-3.610013545753652,1.4202605451528267,-0.015191816053937934,4757,1.3893282389660835,98.06347203709552,0.4125,848.3445432496518,428.7296205164014,1.9787402191335126,1.1983986001971434,1.9615151774056772,0.07845077762967678,539225.3888148384,400,400,0,0,0,0.0,3869.616783137078,0.0,0,0,0,0.0,0.01332044510730318,0.9787662610155267,0.2680394385283625,0,0.07717662170530859,0.9775861863878158,0.4236292376325703,0.030273753959394075,0.0015326427551000646,2022-01-10 09:15:00+05:30,2025-07-25 15:30:00+05:30
SIMULATED,start,FULL,equal_control,fee_2,2,0,1.2,1.0,entry,equal,0.0035542913594244995,-8.828372419042207,-12.22790778238509,0.27202401124547576,-0.013066094214076895,11749,1.2142917909180344,15.985374260848118,0.46057046979865773,196.67277440617755,138.28738262839894,1.4222033179604665,0.5706144663221915,0.5991934133061823,0.038109132237861276,519054.56611893064,1192,1192,0,0,0,0.0,12464.251681942515,0.0,9,0,0,0.0,0.3008438189078695,0.007597041454045066,0.6458579884533293,12555,0.0011036605928959958,1.0404319850749297,0.5166423834729007,0.030207836626924067,0.30186560725917055,2015-01-09 09:15:00+05:30,2025-07-25 15:30:00+05:30
SIMULATED,start,IS,equal_control,fee_2,2,0,1.2,1.0,entry,equal,0.0028451016313023442,-9.101136124810713,-11.854063949832724,0.2177469092666685,-0.013066094214076895,10650,1.1637381083271383,12.673413628952687,0.4633838383838384,194.38297034446208,144.2381329936166,1.347653122722163,0.46612911368043297,0.45997547965815044,0.02007468718826,510037.34359412995,792,792,0,0,0,0.0,8395.037818983852,0.0,9,0,0,0.0,0.3041868475154065,0.0034397178560543386,0.49225224628910613,8199,0.001144215796449921,1.0322635352387246,0.5124920467695722,0.030817531549047955,0.30373508466820237,2015-01-09 09:15:00+05:30,2022-01-07 15:30:00+05:30
SIMULATED,start,OOS,equal_control,fee_2,2,0,1.2,1.0,entry,equal,0.005004239095796689,-8.263537657457974,-13.099083655940742,0.9348603527179954,-0.005352926863619212,5675,1.329052472999007,22.272252900099033,0.455,197.71049410915953,124.19453563223588,1.5919419731526567,0.7671276772058381,0.924826522227096,0.017817802320080123,508908.90116004006,400,400,0,0,0,0.0,3989.1494487310188,0.0,0,0,0,0.0,0.29439989628686225,0.0156105749055812,0.6458579884533293,4356,0.0010354720298453959,1.0552210408475444,0.5241755063683213,0.02899653370294597,0.29816404198928753,2022-01-10 09:15:00+05:30,2025-07-25 15:30:00+05:30
SIMULATED,start,FULL,daily,near_0_9,3,0,1.2,0.9,daily,theta,0.00464505629441648,-4.06413808766496,-5.677864210173206,0.20121144029458746,-0.02308544826087322,19930,1.1019406629548572,21.000479066251387,0.38674496644295303,586.9691657370465,335.92368585199284,1.747328903731021,0.3552768090405117,0.4512292355835415,0.050065142093942416,525032.5710469713,1192,1192,0,10,21,11439.942971852295,16331.358282433559,0.0,9,0,0,0.0,0.013102630386447284,0.9787856200905911,0.3205687319127969,19,0.04791979066337574,0.937561861742202,0.42390722778531664,0.029302248777283584,0.0008621650019453381,2015-01-09 09:15:00+05:30,2025-07-25 15:30:00+05:30
SIMULATED,start,IS,daily,near_0_9,3,0,1.2,0.9,daily,theta,0.003305446242330713,-4.0441084266246135,-5.5226371030310775,0.14318310846634097,-0.02308544826087322,19930,1.0699818047496865,14.74435905854665,0.3939393939393939,572.2525547543391,347.63596814371846,1.6461258534610563,0.24826209219649942,0.30693113156855617,0.023355064748738386,511677.5323743692,792,792,0,6,17,8749.699823226587,10899.95229144143,0.0,9,0,0,0.0,0.012199522418702898,0.9826272477903079,0.25822222309125914,12,0.04762688131558209,0.9255622540519457,0.4182006895663087,0.029773407059847146,0.0005824936010699861,2015-01-09 09:15:00+05:30,2022-01-07 15:30:00+05:30
SIMULATED,start,OOS,daily,near_0_9,3,0,1.2,0.9,daily,theta,0.006191713088512143,-4.204618404113224,-6.242501785118381,0.4120022325193482,-0.015028348391829094,11369,1.1427988529640674,27.598817247858534,0.3725,592.9379812974181,308.0009255544697,1.925117530832087,0.49823111603266,0.6841905146050701,0.022079053798285786,511039.52689914295,400,400,0,5,5,3467.937543638822,5299.581084693282,0.0,0,0,0,0.0,0.014724364489350442,0.9714645404951742,0.3205687319127969,7,0.048265751860593675,0.9572448307840291,0.4334772857300656,0.028428774401136628,0.001468216645543442,2022-01-10 09:15:00+05:30,2025-07-25 15:30:00+05:30
SIMULATED,start,FULL,entry,near_0_9,3,0,1.2,0.9,entry,theta,0.004284098530265217,-4.068720894931575,-5.633321673533292,0.18510747138717157,-0.023143844482131026,20964,1.0935200201114132,19.335114495499795,0.38674496644295303,584.5803663554227,337.13282135597007,1.7339764310226533,0.3265338578218256,0.40962181891084715,0.04609491295727142,523047.4564786357,1192,1192,0,0,0,0.0,16299.395380439608,0.0,9,0,0,0.0,0.013487549559918046,0.9769795309901955,0.3205687319127969,0,0.04807327934084465,0.9370665828719381,0.42359999851559915,0.0293272773507608,0.00086559080498993,2015-01-09 09:15:00+05:30,2025-07-25 15:30:00+05:30
SIMULATED,start,IS,entry,near_0_9,3,0,1.2,0.9,entry,theta,0.002988682704562992,-4.034623400834991,-5.4500958548569995,0.12913510142493845,-0.023143844482131026,20964,1.0628262302173994,13.318728228221318,0.3939393939393939,571.9454474160268,349.78863924385223,1.6351172772575377,0.22348983513885443,0.2721325163823008,0.021096865513503538,510548.4327567517,792,792,0,0,0,0.0,10890.817465243592,0.0,9,0,0,0.0,0.012661179913516984,0.9803195889754865,0.2813776370332509,0,0.04785595352155748,0.9261908259723829,0.418381835103948,0.02981721295562893,0.0005840298146044877,2015-01-09 09:15:00+05:30,2022-01-07 15:30:00+05:30
SIMULATED,start,OOS,entry,near_0_9,3,0,1.2,0.9,entry,theta,0.006005497497409516,-4.222370971906491,-6.261836267858121,0.39961127735598023,-0.015028348391829094,11367,1.1385565460008746,26.762468091152414,0.3725,590.3742970177416,307.81188453857584,1.9179710942699297,0.4838164305207586,0.6640413899397354,0.021409974472921256,510704.9872364606,400,400,0,0,0,0.0,5294.463127007937,0.0,0,0,0,0.0,0.015037110461498056,0.970625262274444,0.3205687319127969,0,0.048443821519275385,0.9568440282694937,0.43318669990803843,0.028417146860048367,0.001468216645543442,2022-01-10 09:15:00+05:30,2025-07-25 15:30:00+05:30
SIMULATED,start,FULL,equal_control,near_0_9,3,0,1.2,0.9,entry,equal,-0.008710135108166407,-8.779615540469749,-11.814248128781578,-0.09630865217911516,-0.09043979861713014,64304,0.6455879222267227,-37.108294782219716,0.37236731255265376,181.52913196120898,166.8233855481197,1.088151588368571,-1.1341314072523712,-1.2209142887391489,-0.0880950918129898,455952.4540935051,1187,1187,0,0,0,0.0,16786.72858981471,0.0,14,0,0,0.0,0.1957253152179277,0.03642431740368846,0.4339227732255724,16546,-0.003526524260300891,1.0335199887926527,0.5132115139966361,0.030115783671885173,0.19990176177348962,2015-01-09 09:15:00+05:30,2025-07-25 15:30:00+05:30
SIMULATED,start,IS,equal_control,near_0_9,3,0,1.2,0.9,entry,equal,-0.00990785176870902,-9.141778353126021,-11.500620342704773,-0.14718414366596613,-0.06731602686220639,42423,0.6121089245544612,-42.642152964207654,0.37896070975918883,177.56765635328532,177.0150774252901,1.0031216489354047,-1.322368099489516,-1.3288496497115279,-0.06728931737751909,466355.34131124045,789,789,0,0,0,0.0,11549.075760864394,0.0,12,0,0,0.0,0.1975592177663772,0.031181762599353655,0.33566916367621075,10983,-0.003383418042037575,1.026898493895986,0.5098263758933987,0.03073770680496413,0.2011394163275981,2015-01-09 09:15:00+05:30,2022-01-07 15:30:00+05:30
SIMULATED,start,OOS,equal_control,near_0_9,3,0,1.2,0.9,entry,equal,-0.00653517092531906,-8.159864597712014,-12.494547932979712,-0.2433930215915281,-0.026850280597964904,20733,0.7168339947382294,-28.807074453460984,0.3592964824120603,202.96617555586212,158.7818773998657,1.278270410197542,-0.8121958471720624,-0.9978925458614741,-0.022930431264954754,488534.78436752263,398,398,0,0,0,0.0,5619.455313593175,0.0,2,0,0,0.0,0.1921843167733373,0.046546926385024036,0.43392277322557227,5563,-0.003834166638920325,1.0489149367589194,0.5210444845835157,0.028911986585029314,0.1974482204589378,2022-01-10 09:15:00+05:30,2025-07-25 15:30:00+05:30
SIMULATED,start,FULL,daily,near_1_1,3,0,1.2,1.1,daily,theta,0.03349989737642987,-1.1620549324565554,-1.878736777651142,1.1811178515997396,-0.028362874484588185,4608,1.5038207654640328,174.20861638231065,0.4077181208053691,1275.3507199939081,583.8013869537182,2.184562675756393,1.5087859642965644,2.327607430723958,0.41531334145543,707656.670727715,1192,1192,0,5,21,15397.001529255538,21164.133690115894,0.0,9,0,0,0.0,0.009745663922218713,0.9937790264319707,0.21250217126414725,0,0.10322891401304259,0.986112105946115,0.40867595014351676,0.03260421913739661,0.0006819639324606017,2015-01-09 09:15:00+05:30,2025-07-25 15:30:00+05:30
SIMULATED,start,IS,daily,near_1_1,3,0,1.2,1.1,daily,theta,0.03282925323649235,-1.1627086376310272,-1.8258754902287408,1.1574727115310934,-0.028362874484588185,4183,1.4892769886874528,160.07097098058046,0.4053030303030303,1202.1354846239963,550.1258631585628,2.1852008151769167,1.4480436870330127,2.1534622920048876,0.2535524180332396,626776.2090166198,792,792,0,3,16,11238.194740260005,13259.92753382897,0.0,9,0,0,0.0,0.008923548132074815,0.9965602821439457,0.13983573654315345,0,0.10172106117585378,0.9683965890542089,0.40071184190412257,0.032880921019340356,0.0005327110853619776,2015-01-09 09:15:00+05:30,2022-01-07 15:30:00+05:30
SIMULATED,start,OOS,daily,near_1_1,3,0,1.2,1.1,daily,theta,0.03619311635114339,-1.0506796979228759,-1.895579062158888,1.8028733819163796,-0.020075240288184637,4608,1.5470143349547092,167.55353656156916,0.4125,1148.7493443434864,521.371179540628,2.203323446753677,1.6203762456060506,2.8504829573990786,0.1340428292492548,567021.4146246274,400,400,0,3,9,9082.72135317132,6349.219155841478,0.0,0,0,0,0.0,0.01115974323851101,0.9912715065044062,0.1769955440955592,0,0.10646975217006749,1.0254470201292347,0.4262755588915058,0.032336731226178285,0.0013843711312016677,2022-01-10 09:15:00+05:30,2025-07-25 15:30:00+05:30
SIMULATED,start,FULL,entry,near_1_1,3,0,1.2,1.1,entry,theta,0.03342446858065501,-1.1651249815661981,-1.882769182374823,1.1784584315957536,-0.028362874484588185,4606,1.5025872044081583,173.75203126017044,0.4077181208053691,1274.084215396777,583.7004354400998,2.1827707125764606,1.5051598807349185,2.321027840641153,0.41422484252424696,707112.4212621235,1192,1192,0,0,0,0.0,21153.656607585046,0.0,9,0,0,0.0,0.009932660849226138,0.9916575884410298,0.21250217126414725,0,0.10339396784824577,0.9864641545806406,0.4087515291643395,0.03261884053672971,0.0006824060161262222,2015-01-09 09:15:00+05:30,2025-07-25 15:30:00+05:30
SIMULATED,start,IS,entry,near_1_1,3,0,1.2,1.1,entry,theta,0.03271107578157237,-1.1681275122654327,-1.8331932095983656,1.1533060867771674,-0.028362874484588185,4183,1.4873413174119061,159.43770028169234,0.4053030303030303,1200.5730223388891,550.1258631585628,2.1823606246137315,1.4433474508685398,2.1451641378440183,0.25254931724620033,626274.6586231001,792,792,0,0,0,0.0,13253.337059245245,0.0,9,0,0,0.0,0.009081699380811012,0.9947315713850307,0.18414933566272956,0,0.10186730640441383,0.9685699148582695,0.4007132711298787,0.032892131502301455,0.0005327110853619776,2015-01-09 09:15:00+05:30,2022-01-07 15:30:00+05:30
SIMULATED,start,OOS,entry,near_1_1,3,0,1.2,1.1,entry,theta,0.03607188215325505,-1.0559081937848456,-1.905086853079086,1.7968343907935835,-0.020075240288184637,4608,1.5450989134726814,166.96683229659538,0.4125,1147.327030973853,521.371179540628,2.2005954222186674,1.6149800342202794,2.8417381039183804,0.13357346583727558,566786.7329186378,400,400,0,0,0,0.0,6343.841540825877,0.0,0,0,0,0.0,0.011758529916449089,0.985732270247587,0.213588086314357,0,0.1068316497181219,1.0250388652947362,0.4258853258767172,0.03233667926457718,0.0013843711312016677,2022-01-10 09:15:00+05:30,2025-07-25 15:30:00+05:30
SIMULATED,start,FULL,equal_control,near_1_1,3,0,1.2,1.1,entry,equal,0.012950693771035417,-9.029361124844801,-13.238258700278982,2.57239688899577,-0.0050344850852666045,2592,2.1064040845439007,60.93640022022743,0.5226510067114094,221.96930465001702,115.37906455966521,1.9238265234437875,2.5345303697268196,2.864162290888721,0.14527237812502447,572636.1890625122,1192,1192,0,0,0,0.0,20401.38354933144,0.0,9,0,0,0.0,0.4072735607044382,0.00014334040479330315,0.8571844321329485,8095,0.0049419208518633444,1.0434290698307378,0.5181278913362455,0.030293059475500653,0.40418064026880945,2015-01-09 09:15:00+05:30,2025-07-25 15:30:00+05:30
SIMULATED,start,IS,equal_control,near_1_1,3,0,1.2,1.1,entry,equal,0.01260631098639286,-9.203156111343377,-12.733083020591636,2.5039921209192113,-0.0050344850852666045,2592,2.027716374671327,57.82620897980757,0.5138888888888888,222.01863376823587,115.74864008224519,1.9181100841485528,2.499921609741994,2.6646691224304497,0.09159671502401512,545798.3575120076,792,792,0,0,0,0.0,13518.261651416175,0.0,9,0,0,0.0,0.4115406827949087,0.0,0.6698245768254555,5328,0.004867019599096852,1.0346510205997852,0.5136748530055881,0.030888071601788514,0.40665238012172816,2015-01-09 09:15:00+05:30,2022-01-07 15:30:00+05:30
SIMULATED,start,OOS,equal_control,near_1_1,3,0,1.2,1.1,entry,equal,0.013583245522786091,-8.813590866397595,-14.503145918398289,4.632562685156489,-0.0029321234154713327,1625,2.2666482195427204,61.11488141466932,0.54,202.52624941609704,104.88976797831107,1.9308484833141693,2.6153751912060956,3.347732604788056,0.04889190513173558,524445.9525658678,400,400,0,0,0,0.0,6296.281507248896,0.0,0,0,0,0.0,0.39904838294096084,0.000419639110365086,0.8571844321329483,2767,0.005078314907153216,1.058455806842966,0.5257746388509219,0.0290751186862508,0.3992865953600305,2022-01-10 09:15:00+05:30,2025-07-25 15:30:00+05:30
SIMULATED,start,FULL,daily,primary,3,0,1.2,1.0,daily,theta,0.01836786077338705,-2.239275936444241,-3.429179020930053,0.7082137444018447,-0.025935476286047643,6981,1.3196115887098447,88.72033892860566,0.40604026845637586,902.1477886697962,467.3515334933382,1.930340919021839,1.018018866522596,1.462219455550799,0.2115092880057976,605754.6440028988,1192,1192,0,11,31,20800.021922380816,18843.646969733756,0.0,9,0,0,0.0,0.010550311632663623,0.9918295969267817,0.2684158463544553,0,0.0773757575803768,0.9781683812853568,0.42323714373519666,0.031510122153120886,0.0007625616021541401,2015-01-09 09:15:00+05:30,2025-07-25 15:30:00+05:30
SIMULATED,start,IS,daily,primary,3,0,1.2,1.0,daily,theta,0.017614100255045104,-2.252845216084862,-3.3041464396962312,0.6791508303443364,-0.025935476286047643,6981,1.301236884203377,82.02544216458563,0.40404040404040403,876.9442838914858,456.90258612483825,1.9193244041999813,0.9669763942965609,1.325857198259871,0.12992830038870662,564964.1501943533,792,792,0,4,13,6127.278674315023,12236.9155416961,0.0,9,0,0,0.0,0.009890132914458498,0.9941220011320591,0.20270760066003066,0,0.07717800867255332,0.9703532948194425,0.4193604385900797,0.03199888986440634,0.0005283477582030277,2015-01-09 09:15:00+05:30,2022-01-07 15:30:00+05:30
SIMULATED,start,OOS,daily,primary,3,0,1.2,1.0,daily,theta,0.020151271689009192,-2.1705104044648973,-3.737650015008668,1.3110762476883604,-0.015370022700463948,4781,1.3603233079168566,91.42198762715697,0.41,841.8148564240397,430.0374635706768,1.957538418709623,1.1221996060371202,1.832093843552679,0.07313759010172483,536568.7950508624,400,400,0,6,12,8731.368646496512,5790.566154312159,0.0,0,0,0,0.0,0.012088944791831566,0.9881661770877046,0.2320632352602113,0,0.07637598296879265,0.9754779299789088,0.4230586116090892,0.03023597273321432,0.0015526000257368672,2022-01-10 09:15:00+05:30,2025-07-25 15:30:00+05:30
SIMULATED,start,FULL,entry,primary,3,0,1.2,1.0,entry,theta,0.018296173913915588,-2.237926617499657,-3.428175139249887,0.7052160675493606,-0.02594406842926189,6981,1.3182571178294413,88.34336666034102,0.40604026845637586,901.2117365716174,467.3463099456728,1.9283595855852158,1.011804980394156,1.4542030884880706,0.21061058611825478,605305.2930591274,1192,1192,0,0,0,0.0,18828.056816183907,0.0,9,0,0,0.0,0.011361475041707939,0.9855226191158764,0.2680394385283625,0,0.07771745954254593,0.9775374055352662,0.422750231596779,0.031496273098280014,0.0007616774232665986,2015-01-09 09:15:00+05:30,2025-07-25 15:30:00+05:30
SIMULATED,start,IS,entry,primary,3,0,1.2,1.0,entry,theta,0.01772426576063533,-2.245101522650123,-3.2961029687154544,0.6831721789881042,-0.02594406842926189,6981,1.3032268244792113,82.5658779801185,0.40404040404040403,878.27030543572,456.8947508033402,1.922259566106837,0.9721531294193578,1.334563748634088,0.13078435072051042,565392.1753602552,792,792,0,0,0,0.0,12229.863259900663,0.0,9,0,0,0.0,0.010498567186613418,0.9889841947141551,0.23246091476562658,0,0.07737317152600062,0.969782070786394,0.41898229484081917,0.031979249735804495,0.0005270170243217784,2015-01-09 09:15:00+05:30,2022-01-07 15:30:00+05:30
SIMULATED,start,OOS,entry,primary,3,0,1.2,1.0,entry,theta,0.02059027194894909,-2.1401306971336767,-3.696444744191632,1.3396383564435184,-0.015370022700463948,4781,1.368377171851442,93.46543092599671,0.41,846.7988644699903,430.0374635706768,1.969128125347197,1.1428831757908555,1.8729996073468584,0.07477234474079664,537386.1723703983,400,400,0,0,0,0.0,5791.11465453476,0.0,0,0,0,0.0,0.013335239851268253,0.9787662610155267,0.2680394385283625,0,0.07716339441631379,0.977370813353149,0.4235321032611796,0.030256076113817584,0.0015526000257368672,2022-01-10 09:15:00+05:30,2025-07-25 15:30:00+05:30
SIMULATED,start,FULL,equal_control,primary,3,0,1.2,1.0,entry,equal,0.002416753874091811,-9.010438474600356,-12.481642635384409,0.1700288511719554,-0.01421378699811171,25575,1.1408282113858228,10.810328400214658,0.4488255033557047,195.1155801000803,139.2708126339225,1.4009796913653936,0.3892592789427893,0.41365742965110075,0.025771822906113018,512885.9114530565,1192,1192,0,0,0,0.0,18570.842668330217,0.0,9,0,0,0.0,0.3008438189078695,0.007597041454045066,0.6458579884533293,12555,0.0011079765633929528,1.039436797504247,0.5161491212887488,0.030188449229782685,0.30186560725917055,2015-01-09 09:15:00+05:30,2025-07-25 15:30:00+05:30
SIMULATED,start,IS,equal_control,primary,3,0,1.2,1.0,entry,equal,0.0016765346956996118,-9.307199597828717,-12.099662582160212,0.11795130290909368,-0.01421378699811171,12256,1.09336037177769,7.441933112611764,0.4532828282828283,192.2725348515995,145.80099073102932,1.318732704678941,0.27658811106337455,0.27555882243688506,0.011788022050379432,505894.0110251897,792,792,0,0,0,0.0,12534.224519269907,0.0,9,0,0,0.0,0.3041868475154065,0.0034397178560543386,0.49225224628910613,8199,0.0011476962045978787,1.0315052657087806,0.5121166757114569,0.03080349125485494,0.30373508466820237,2015-01-09 09:15:00+05:30,2022-01-07 15:30:00+05:30
SIMULATED,start,OOS,equal_control,primary,3,0,1.2,1.0,entry,equal,0.0039385673980884325,-8.435989953494348,-13.433996095161707,0.6667102907353347,-0.005907464535674811,5675,1.2499602478618512,17.505628371029687,0.44,198.9529041008586,125.06008827383587,1.5908584972787199,0.6055059229767319,0.7439737372706248,0.01400450269682274,507002.2513484113,400,400,0,0,0,0.0,5973.2139786503985,0.0,0,0,0,0.0,0.29439989628686225,0.0156105749055812,0.6458579884533293,4356,0.0010338814279036148,1.0555015608331668,0.5243135109549946,0.02900325332153648,0.29816404198928753,2022-01-10 09:15:00+05:30,2025-07-25 15:30:00+05:30
SIMULATED,start,FULL,daily,slip_10,3,10,1.2,1.0,daily,theta,0.007848174384191801,-2.722846567433329,-4.1645337868228145,0.24330518429237422,-0.03225650290608206,16361,1.1240063033855066,36.03140377614358,0.3775167785234899,865.1071659597778,466.7773468743084,1.8533615046934353,0.42872583067621195,0.6201918056129114,0.08589886660233037,542949.4333011652,1192,1192,0,12,31,19154.543431645074,17725.294825285804,59084.43584344676,9,0,0,0.0,0.010571341883016512,0.9924602947078722,0.2320632352602113,0,0.07702249685356026,0.9740064597499116,0.4214468453047326,0.031461472597765314,0.0008646810087907955,2015-01-09 09:15:00+05:30,2025-07-25 15:30:00+05:30
SIMULATED,start,IS,daily,slip_10,3,10,1.2,1.0,daily,theta,0.006478447218901178,-2.780220781882417,-4.020278348337045,0.20084158650935613,-0.03225650290608206,16361,1.100055735440631,29.174578217356327,0.3838383838383838,835.6585966330338,473.22530210716405,1.7658789437336446,0.3543526071083686,0.4816909029032543,0.046212531896294484,523106.2659481472,792,792,0,5,18,9755.763536867546,11747.39834268227,39158.068487338176,9,0,0,0.0,0.009862953830941492,0.9949057343144512,0.20018137587748,0,0.07730938585084475,0.9724652237531182,0.4202792803326753,0.03201255658966991,0.0005713227061632956,2015-01-09 09:15:00+05:30,2022-01-07 15:30:00+05:30
SIMULATED,start,OOS,daily,slip_10,3,10,1.2,1.0,daily,theta,0.008915411467249128,-2.755430488225155,-4.630559264334701,0.4216753417798023,-0.021142833322003285,10468,1.1452487702833116,39.8767134630682,0.365,861.4178426610916,432.3477151310713,1.9924190935065833,0.49856401633875963,0.8037041592974923,0.03190137077045274,515950.6853852264,400,400,0,5,10,6869.968646416308,5623.02701088627,18743.463686795993,0,0,0,0.0,0.012344982292591289,0.9867394041124633,0.2680394385283625,0,0.07629156985846659,0.972599001296903,0.42169772190765664,0.030031512799453743,0.0016140837183264171,2022-01-10 09:15:00+05:30,2025-07-25 15:30:00+05:30
SIMULATED,start,FULL,entry,slip_10,3,10,1.2,1.0,entry,theta,0.007887061681403313,-2.7173867100993823,-4.155836671351507,0.2431680899176704,-0.03243460802802556,19254,1.1246519202410075,36.21670385283369,0.3775167785234899,865.549319904087,466.7478207065517,1.85442605515295,0.4302854019479416,0.6223384429352685,0.08634062198515924,543170.3109925797,1192,1192,0,0,0,0.0,17707.845671957068,59026.272144282484,9,0,0,0.0,0.011432426135079568,0.9854939510349178,0.2680394385283625,0,0.07738937809632077,0.9731875293212373,0.42085656905854185,0.03144585916143757,0.0008647544012990557,2015-01-09 09:15:00+05:30,2025-07-25 15:30:00+05:30
SIMULATED,start,IS,entry,slip_10,3,10,1.2,1.0,entry,theta,0.006511106159491962,-2.7772195997200724,-4.018417355056507,0.20074564039330933,-0.03243460802802556,19254,1.1005795422726519,29.324529279108106,0.3838383838383838,835.9771914502439,473.1804078111076,1.7667197915429411,0.3559323570900062,0.4842102202495761,0.04645005437811012,523225.02718905505,792,792,0,0,0,0.0,11735.61739176483,39118.79871865723,9,0,0,0.0,0.010511888272937295,0.9889841947141551,0.23218022312312075,0,0.07754147200775204,0.9717961638095142,0.41983231004793453,0.031994424092335216,0.0005714331655949196,2015-01-09 09:15:00+05:30,2022-01-07 15:30:00+05:30
SIMULATED,start,OOS,entry,slip_10,3,10,1.2,1.0,entry,theta,0.008976938776107848,-2.7488816806285326,-4.624256183961629,0.42260996438354415,-0.021241663786140008,10468,1.1462625600405125,40.15504011313783,0.365,862.1803814284058,432.3477151310713,1.9941828099334944,0.5013702723126365,0.8092853256295152,0.03212403209050829,516062.0160452542,400,400,0,0,0,0.0,5618.872876740656,18729.61666630678,0,0,0,0.0,0.013342706218993524,0.9787662610155267,0.2680394385283625,0,0.07675221584877308,0.9719725047205942,0.42115036217164276,0.030028878485707428,0.0016140837183264171,2022-01-10 09:15:00+05:30,2025-07-25 15:30:00+05:30
SIMULATED,start,FULL,equal_control,slip_10,3,10,1.2,1.0,entry,equal,-0.00915924974575938,-10.736286754577156,-14.621921302720738,-0.09867544129964274,-0.0928219790570376,64322,0.6144751229244946,-38.77553239253865,0.3447986577181208,179.24378278063375,153.50784805985472,1.1676522408857184,-1.4505740325558296,-1.7173510704785233,-0.09244086922381167,453779.56538809417,1192,1192,0,0,0,0.0,17459.313190807843,58197.740072641616,9,0,0,0.0,0.30084381890786954,0.007597041454045066,0.6458579884533295,12555,0.0011015510383842995,1.0386213076918238,0.5157408975180733,0.03019019006841833,0.30186560725917055,2015-01-09 09:15:00+05:30,2025-07-25 15:30:00+05:30
SIMULATED,start,IS,equal_control,slip_10,3,10,1.2,1.0,entry,equal,-0.010154479024829735,-11.076328072620667,-14.145818841940661,-0.1473510999632658,-0.0689134931965979,42441,0.5880642677371812,-43.50599317967081,0.35353535353535354,175.67564783561423,163.3709531099048,1.0753175181479884,-1.63770304479184,-1.8097138457076098,-0.0689134931965979,465543.25340170105,792,792,0,0,0,0.0,12021.586982696097,40071.974245799414,9,0,0,0.0,0.3041868475154065,0.0034397178560543386,0.4922522462891062,8199,0.0011428182378326892,1.0314452811522183,0.5120837455249851,0.030818503643725247,0.30373508466820237,2015-01-09 09:15:00+05:30,2022-01-07 15:30:00+05:30
SIMULATED,start,OOS,equal_control,slip_10,3,10,1.2,1.0,entry,equal,-0.007298231540345069,-10.116956295512677,-15.686738597739208,-0.2642795968654714,-0.027615569370117332,21206,0.6727849355949089,-31.978764146592155,0.3275,200.76746740201187,145.3235832278826,1.381520211259775,-1.1140368105262586,-1.5199287183920225,-0.025583011317274584,487208.49434136273,400,400,0,0,0,0.0,5850.821143921417,19502.749708468888,0,0,0,0.0,0.29439989628686225,0.0156105749055812,0.6458579884533295,4356,0.0010133775762061947,1.0560861003182604,0.5245961231251567,0.029004795154276498,0.29816404198928753,2022-01-10 09:15:00+05:30,2025-07-25 15:30:00+05:30
SIMULATED,start,FULL,daily,slip_25,3,25,1.2,1.0,daily,theta,-0.009009890125828033,-3.6220363457873503,-5.379902409485892,-0.09089040197812064,-0.09912917018451428,64304,0.8760040459081786,-38.170177244975605,0.34563758389261745,780.1925758694761,470.43358017209624,1.6584542616708235,-0.4751036467903085,-0.6794517898013777,-0.09099770255202078,454501.1487239896,1192,1192,0,13,32,20162.602024672397,16256.554279995533,135471.94960195542,9,0,0,0.0,0.010732558094049886,0.9925749670317069,0.3326846595856678,0,0.0773003896447499,0.9775431246333709,0.4230030708077138,0.03156157132996698,0.00106885428992592,2015-01-09 09:15:00+05:30,2025-07-25 15:30:00+05:30
SIMULATED,start,IS,daily,slip_25,3,25,1.2,1.0,daily,theta,-0.010130822633382393,-3.638675585970611,-5.222217718521045,-0.12515755606009107,-0.08094455462615735,42423,0.8632441266682899,-43.4077071049573,0.3522727272727273,777.8134866941524,490.0367774167538,1.5872553296804042,-0.5295991586943853,-0.7287838415358578,-0.06875780805425269,465621.0959728737,792,792,0,5,18,9728.51867565359,11082.259626738582,92352.59515584513,9,0,0,0.0,0.009869615853836599,0.9945574084556102,0.21454820525307383,0,0.07731608179921438,0.9729208379647903,0.42053978536976633,0.03207446766632479,0.0006489302499971791,2015-01-09 09:15:00+05:30,2022-01-07 15:30:00+05:30
SIMULATED,start,OOS,daily,slip_25,3,25,1.2,1.0,daily,theta,-0.0071754480713585285,-3.5787140225459524,-5.921464424471979,-0.1756518531798685,-0.04085039776956312,20431,0.898708006735619,-31.445669960451937,0.3325,839.0980190038593,465.0872828153336,1.8041732165294004,-0.3808460927668465,-0.6193756646679888,-0.02515653596835954,487421.7320158202,400,400,0,7,12,9116.874949157815,5524.0593221403915,46034.07130864386,0,0,0,0.0,0.012612282839032348,0.9844733529164919,0.3326846595856678,0,0.07649998648370167,0.9748625068544109,0.4227165897070671,0.03036930075162487,0.0016628415066325148,2022-01-10 09:15:00+05:30,2025-07-25 15:30:00+05:30
SIMULATED,start,FULL,entry,slip_25,3,25,1.2,1.0,entry,theta,-0.009200196358659875,-3.628563494874604,-5.387471712398467,-0.09246809455753975,-0.09949590075023018,64304,0.8734234110371731,-38.9413371787042,0.34563758389261745,777.4300801682506,470.15290634145464,1.653568593711153,-0.48486814092563496,-0.6934154380677932,-0.09283614783402949,453581.92608298524,1192,1192,0,0,0,0.0,16237.459687859215,135312.82114178385,9,0,0,0.0,0.011592671834224565,0.9855226191158764,0.2680394385283625,0,0.07766931254914246,0.9769679036171385,0.4225300044136668,0.03155611460801958,0.0010695081578859461,2015-01-09 09:15:00+05:30,2025-07-25 15:30:00+05:30
SIMULATED,start,IS,entry,slip_25,3,25,1.2,1.0,entry,theta,-0.010173496646510785,-3.639805953884749,-5.225960063255944,-0.12517988769382424,-0.08127101592704733,42423,0.862685577889475,-43.5849961763804,0.3522727272727273,777.310214491403,490.0367774167538,1.5862283206354864,-0.5317086202564532,-0.7322114806179982,-0.06903863394338672,465480.68302830664,792,792,0,0,0,0.0,11076.466377391363,92304.31686242361,9,0,0,0.0,0.010510282345387265,0.9890277354465102,0.23185370427367555,0,0.07757321309537374,0.9725930461342321,0.42024169648602255,0.032075487763785604,0.0006489302499971791,2015-01-09 09:15:00+05:30,2022-01-07 15:30:00+05:30
SIMULATED,start,OOS,entry,slip_25,3,25,1.2,1.0,entry,theta,-0.0075467628122923664,-3.581712579634279,-5.9063122786015,-0.18435633784419142,-0.040935738367023244,20431,0.8935166301561533,-33.057310814751304,0.3325,834.2509788405529,465.0872828153336,1.7937514304638567,-0.39910963716542464,-0.6462378346641138,-0.02644584865179911,486777.07567410043,400,400,0,0,0,0.0,5518.7841766170695,45990.10742577011,0,0,0,0.0,0.013534503977370311,0.9787662610155267,0.2680394385283625,0,0.07700415215297629,0.9748107619648102,0.4224142678722688,0.03038406895207537,0.0016628415066325148,2022-01-10 09:15:00+05:30,2025-07-25 15:30:00+05:30
SIMULATED,start,FULL,equal_control,slip_25,3,25,1.2,1.0,entry,equal,-0.026270041902696453,-12.98376222896074,-17.06294938987235,-0.1073478951270792,-0.24471874247369074,64322,0.263590741292709,-102.6382332456648,0.2156040268456376,170.39749702933847,177.68655696831277,0.9589779887497388,-4.045295010963847,-5.054472494698504,-0.2446895480576623,377655.22597116884,1192,1192,0,0,0,0.0,15949.724099480198,132914.53324243627,9,0,0,0.0,0.3008438189078695,0.007597041454045066,0.6458579884533298,12555,0.0011089428836737825,1.0365612228000367,0.514722283766134,0.03018741479527707,0.30186560725917055,2015-01-09 09:15:00+05:30,2025-07-25 15:30:00+05:30
SIMULATED,start,IS,equal_control,slip_25,3,25,1.2,1.0,entry,equal,-0.027595691918287854,-13.364828904517552,-16.55535300084221,-0.15520671471376563,-0.1777996008045155,42441,0.24899069681659405,-112.24722273012489,0.22727272727272727,163.74425985571813,193.4211881965493,0.8465683691764198,-4.311705077296144,-5.052404913614993,-0.1777996008045155,411100.19959774223,792,792,0,0,0,0.0,11300.637631959677,94172.08384708539,9,0,0,0.0,0.3041868475154065,0.0034397178560543386,0.49225224628910613,8199,0.001142984800584785,1.03069976290961,0.5117153295179718,0.03083202739467864,0.30373508466820237,2015-01-09 09:15:00+05:30,2022-01-07 15:30:00+05:30
SIMULATED,start,OOS,equal_control,slip_25,3,25,1.2,1.0,entry,equal,-0.023832463974188884,-12.311917545115268,-18.224272151290517,-0.29049096001259833,-0.08204201594829419,21833,0.2986131927251288,-102.25071608476662,0.1925,226.1450168775205,180.53700536679793,1.2526241720807352,-3.5694553143079526,-5.098306005460323,-0.08180057286781306,459099.7135660935,400,400,0,0,0,0.0,5672.377257597377,47269.885742330705,0,0,0,0.0,0.29439989628686225,0.0156105749055812,0.6458579884533295,4356,0.0010132165289772658,1.054239099646329,0.5236803363239327,0.0290065292370943,0.29816404198928753,2022-01-10 09:15:00+05:30,2025-07-25 15:30:00+05:30
SIMULATED,start,FULL,daily,vol_1_0,3,0,1.0,1.0,daily,theta,0.017681627863289563,-2.382572996244254,-3.623229344357974,0.7250232641989935,-0.024387669660261513,9136,1.3226007319336885,85.12208747580172,0.40604026845637586,859.4815719966799,444.24230589722805,1.9347134673740736,1.0251014779596352,1.4632670357607727,0.20293105654231347,601465.5282711567,1192,1192,0,13,45,23038.982993756894,16569.796498763153,0.0,9,0,0,0.0,0.012772283606808219,0.9840892150679433,0.22699363611835574,0,0.07531452686489629,0.9845910643441904,0.42936851186147434,0.027710496524661614,0.0007277553422920689,2015-01-09 09:15:00+05:30,2025-07-25 15:30:00+05:30
SIMULATED,start,IS,daily,vol_1_0,3,0,1.0,1.0,daily,theta,0.01586229045099564,-2.459916282568692,-3.547151492316131,0.6504225566431404,-0.024387669660261513,9136,1.2800320314310705,73.47863787329214,0.40404040404040403,831.2840099653097,440.2877160873977,1.8880472463608289,0.913129433634618,1.2290867501045855,0.11639016239129596,558195.081195648,792,792,0,7,31,12817.276183880682,10773.74215357666,0.0,9,0,0,0.0,0.012101487388446503,0.9872425654199504,0.22699363611835574,0,0.07494248695629412,0.9726107966548354,0.42350179484497175,0.02811902128177036,0.0005000246598225492,2015-01-09 09:15:00+05:30,2022-01-07 15:30:00+05:30
SIMULATED,start,OOS,daily,vol_1_0,3,0,1.0,1.0,daily,theta,0.021307258760933635,-2.250017359555968,-3.920366411234212,1.4111248309862099,-0.015099485384324485,4772,1.406503147129816,96.80763680577883,0.41,816.9633197538958,403.63953270053975,2.023992333674613,1.263817018261973,2.123032135983553,0.07744610944462438,538723.0547223121,400,400,0,5,12,9438.021886092283,5195.9361785984365,0.0,0,0,0,0.0,0.014586696224587697,0.9746537977339488,0.22018992883938543,0,0.07646940591338382,1.0112919951655264,0.44212833845167887,0.026945758203597573,0.0014152048826164753,2022-01-10 09:15:00+05:30,2025-07-25 15:30:00+05:30
SIMULATED,start,FULL,entry,vol_1_0,3,0,1.0,1.0,entry,theta,0.018039376983704718,-2.3556723132822937,-3.585638743681667,0.739204844869016,-0.02440375913242454,6624,1.3296926807903022,86.99505163054164,0.40604026845637586,864.106787102409,444.25082403101754,1.9450876404949047,1.0426663613650022,1.490370977349608,0.20739620308721407,603698.1015436071,1192,1192,0,0,0,0.0,16583.35582403564,0.0,9,0,0,0.0,0.01402263509740925,0.9757754715899317,0.28100644527994395,0,0.0759825416997163,0.9853289530096693,0.42936648051798015,0.027725427105461872,0.0007251211475510537,2015-01-09 09:15:00+05:30,2025-07-25 15:30:00+05:30
SIMULATED,start,IS,entry,vol_1_0,3,0,1.0,1.0,entry,theta,0.016037026532496616,-2.4467639659633,-3.533019444357265,0.6571539427787869,-0.02440375913242454,6624,1.2832581054303076,74.32718795456361,0.40404040404040403,833.4020714881448,440.2998517292203,1.8928057055097038,0.9218124582491686,1.2433389686612832,0.1177342657200311,558867.1328600155,792,792,0,0,0,0.0,10766.95552169171,0.0,9,0,0,0.0,0.013146027267026607,0.9800583445813559,0.261125939307425,0,0.07535894738143575,0.9719975438100131,0.4229900354410859,0.028114913787744267,0.0005000246598225492,2015-01-09 09:15:00+05:30,2022-01-07 15:30:00+05:30
SIMULATED,start,OOS,entry,vol_1_0,3,0,1.0,1.0,entry,theta,0.02121398802899829,-2.2413111760854987,-3.873495235513968,1.404947750803585,-0.015099485384324485,4772,1.4046760639670923,96.3725218393148,0.41,815.9020637381299,403.63953270053975,2.0213631164404497,1.2506536395005066,2.079999878702109,0.07709801747145217,538549.0087357261,400,400,0,0,0,0.0,5190.327261937755,0.0,0,0,0,0.0,0.015863191071555115,0.9676038606798154,0.281006445279944,0,0.07720814934152187,1.0106935273612005,0.44145708086706115,0.02695082215442435,0.0014152048826164753,2022-01-10 09:15:00+05:30,2025-07-25 15:30:00+05:30
SIMULATED,start,FULL,equal_control,vol_1_0,3,0,1.0,1.0,entry,equal,-0.0018533220691042732,-10.882790116695055,-14.237729464136287,-0.07010783282441942,-0.02643530679012429,64304,0.8929131879007718,-8.122840550177443,0.4354026845637584,155.55718411464733,134.34859508367532,1.15786238045707,-0.3302403943912986,-0.3374581111294322,-0.01936485187162218,490317.5740641889,1192,1192,0,0,0,0.0,15848.945122490124,0.0,9,0,0,0.0,0.2765334738206589,0.016770827360816466,0.6011359321340907,13157,0.0010392637853178241,1.0484272455537311,0.5205908946363502,0.02630795364485808,0.28328316245853286,2015-01-09 09:15:00+05:30,2025-07-25 15:30:00+05:30
SIMULATED,start,IS,equal_control,vol_1_0,3,0,1.0,1.0,entry,equal,-0.002750557051981808,-11.085043244583753,-13.628720031427576,-0.12163741643482684,-0.022612754632580945,42423,0.849178241808889,-12.048440881626234,0.4393939393939394,154.38732672880417,142.4980965762879,1.0834343085147895,-0.49405512913986355,-0.47174654409207323,-0.01908473035649505,490457.6348217525,792,792,0,0,0,0.0,10784.032994142413,0.0,9,0,0,0.0,0.2800731022768798,0.01118996821526538,0.4750933477526149,8630,0.0010113716029059407,1.0399730327048144,0.5162952255963853,0.026873452110276853,0.28541264307371406,2015-01-09 09:15:00+05:30,2022-01-07 15:30:00+05:30
SIMULATED,start,OOS,equal_control,vol_1_0,3,0,1.0,1.0,entry,equal,3.94982106531573e-05,-10.436502374042664,-15.96930984662877,0.003971901909610266,-0.009944407377631581,13632,1.0025338162336397,0.17469039224233995,0.4275,161.6801923863388,120.4254879526943,1.3425745258333537,0.00985686890130559,0.012045306929395436,0.00013975231379315112,500069.8761568965,400,400,0,0,0,0.0,5165.395435557186,0.0,0,0,0,0.0,0.26971059117239826,0.027528325639949645,0.6011359321340904,4527,0.0011032969493017027,1.065244321400241,0.5291359676529662,0.025190992442137822,0.27906679084047403,2022-01-10 09:15:00+05:30,2025-07-25 15:30:00+05:30
SIMULATED,start,FULL,daily,vol_1_5,3,0,1.5,1.0,daily,theta,0.01694888805747376,-2.316933656332113,-3.521664479630693,0.7622075753858047,-0.022236577810047065,7031,1.2864399821330388,81.30544983439847,0.40184563758389263,908.6911331947128,474.53991107666826,1.9148887416719342,0.9408819490200964,1.3432047167049572,0.19383219240520644,596916.0962026032,1192,1192,0,6,20,16780.183504895027,20961.12920674371,0.0,9,0,0,0.0,0.009252842653419649,0.9955564474514076,0.17493651671953012,0,0.07577857111549995,0.9224377823298553,0.39569138352098443,0.035679465833099354,0.0009421668283585238,2015-01-09 09:15:00+05:30,2025-07-25 15:30:00+05:30
SIMULATED,start,IS,daily,vol_1_5,3,0,1.5,1.0,daily,theta,0.015276491117200133,-2.3993363256839855,-3.563381557078722,0.6869982983756527,-0.022236577810047065,7031,1.2538353865166985,70.64026745100978,0.4053030303030303,860.9161221706928,467.95537875921997,1.8397397727394547,0.8478118953768825,1.1834792732648771,0.111894183642397,555947.0918211985,792,792,0,3,12,8238.386697923084,13494.158210798218,0.0,9,0,0,0.0,0.008452805537117527,0.9982583707057953,0.1392898020747067,0,0.07413871860905821,0.8996511028165086,0.3856273543818361,0.035838278174362415,0.0006563529789335513,2015-01-09 09:15:00+05:30,2022-01-07 15:30:00+05:30
SIMULATED,start,OOS,daily,vol_1_5,3,0,1.5,1.0,daily,theta,0.02133150727171264,-2.0817878978704316,-3.3875356274088584,1.4381753386227398,-0.014832341160946783,5904,1.3662815012036873,96.92077444840044,0.395,915.2610542383925,437.367507397958,2.092659008172736,1.173413027824445,1.8033451482834426,0.07753661955872326,538768.3097793616,400,400,0,3,7,7128.1402709674185,6757.070248579965,0.0,0,0,0,0.0,0.010743073605809457,0.9916911456147713,0.17213565025532424,0,0.07959214800901462,0.9762076085675574,0.41939708877649434,0.03556627606196519,0.0018094406052072982,2022-01-10 09:15:00+05:30,2025-07-25 15:30:00+05:30
SIMULATED,start,FULL,entry,vol_1_5,3,0,1.5,1.0,entry,theta,0.01673678624143301,-2.3291775112604185,-3.537239218417388,0.7526691554970699,-0.022236577810047065,7031,1.2826427595527092,80.2055577200864,0.40184563758389263,905.7598265483331,474.409441955552,1.90923650847825,0.9295826049052898,1.3256146228639087,0.19121004960468668,595605.0248023433,1192,1192,0,0,0,0.0,20935.51500981344,0.0,9,0,0,0.0,0.009498972045805413,0.9934923456223841,0.21528287205022484,0,0.07584890130809979,0.9217862776116936,0.39533533213532657,0.035683066725207754,0.0009428995306869567,2015-01-09 09:15:00+05:30,2025-07-25 15:30:00+05:30
SIMULATED,start,IS,entry,vol_1_5,3,0,1.5,1.0,entry,theta,0.015060986050439717,-2.414108868765137,-3.580333363718172,0.6773068310733845,-0.022236577810047065,7031,1.2500921277131667,69.59854979828827,0.4053030303030303,858.34590291538,467.95537875921997,1.8342473275791324,0.8370894941405725,1.1667300013650341,0.11024410288048703,555122.0514402435,792,792,0,0,0,0.0,13480.057423977958,0.0,9,0,0,0.0,0.008678380075546655,0.9963425784821701,0.1784945347712209,0,0.07412345839280315,0.898014849994904,0.3848470678417685,0.03582846551498363,0.0006574557329430103,2015-01-09 09:15:00+05:30,2022-01-07 15:30:00+05:30
SIMULATED,start,OOS,entry,vol_1_5,3,0,1.5,1.0,entry,theta,0.02111274888741993,-2.09346558290988,-3.4052638489441507,1.4234265958639973,-0.014832341160946783,5978,1.3624251204418105,95.9003477853538,0.395,912.6776955977681,437.367507397958,2.086752399664039,1.161522217016426,1.784801068702292,0.0767202782282852,538360.1391141426,400,400,0,0,0,0.0,6752.917061573053,0.0,0,0,0,0.0,0.011243459495437291,0.9879983214435586,0.21528287205022484,0,0.07982079163477174,0.9762428871872266,0.41928831906871494,0.03557530141084556,0.0018094406052072982,2022-01-10 09:15:00+05:30,2025-07-25 15:30:00+05:30
SIMULATED,start,FULL,equal_control,vol_1_5,3,0,1.5,1.0,entry,equal,0.00786064100038716,-6.932926993349879,-10.188360558308354,0.7311713641708439,-0.010750750625062033,9176,1.4404113998614723,36.09080044826533,0.47063758389261745,250.80599101553304,154.80495534925794,1.6201418775625471,1.0699799245237045,1.1842655736768917,0.08604046826866285,543020.2341343315,1192,1192,0,0,0,0.0,22419.741281009916,0.0,9,0,0,0.0,0.32744534791588564,0.0011180551573877645,0.6924265650988238,11536,0.001439117768741629,1.0216891881833359,0.5073610647786098,0.03545381877944635,0.3219872886185867,2015-01-09 09:15:00+05:30,2025-07-25 15:30:00+05:30
SIMULATED,start,IS,equal_control,vol_1_5,3,0,1.5,1.0,entry,equal,0.00729002575239066,-7.253300322805123,-10.091718287355983,0.6780945821025958,-0.010750750625062033,9176,1.3954828784011668,32.90953660791493,0.4734848484848485,245.25197136916788,158.0458903356579,1.5517769607820975,1.0282681153934348,1.0825925123658364,0.05212870598693864,526064.3529934693,792,792,0,0,0,0.0,14933.55551046252,0.0,9,0,0,0.0,0.3302304650178725,0.0002612443941307093,0.534748354001734,7521,0.0015364485068682773,1.0117582572091413,0.5023447660781568,0.036028797133856406,0.32358362441333266,2015-01-09 09:15:00+05:30,2022-01-07 15:30:00+05:30
SIMULATED,start,OOS,equal_control,vol_1_5,3,0,1.5,1.0,entry,equal,0.008986542948260503,-6.372091054253358,-10.39898280055079,1.4654576648732949,-0.006132243300960516,3950,1.5328480781954914,40.198489701096136,0.465,248.68666229096996,141.0108565686073,1.7635994017948127,1.1432138855643303,1.3905817302514452,0.032158791760877214,516079.39588043856,400,400,0,0,0,0.0,7100.420089892043,0.0,0,0,0,0.0,0.3220768389371755,0.002769618128409568,0.6924265650988238,4015,0.0012504964052849608,1.0379818290184808,0.5156202617991108,0.034246810156175984,0.31882654374498975,2022-01-10 09:15:00+05:30,2025-07-25 15:30:00+05:30
