date,open,high,low,close,volume,minute_count,session,complete,included,bar_open,bar_end
2015-01-09 09:00:00+05:30,8285.45,8295.9,8285.45,8292.1,,1,outside,False,False,2015-01-09 09:14:00+05:30,2015-01-09 09:15:00+05:30
2015-01-09 15:15:00+05:30,8285.25,8288.05,8278.05,8280.25,,14,regular,False,False,2015-01-09 15:15:00+05:30,2015-01-09 15:29:00+05:30
2015-01-12 09:00:00+05:30,8291.35,8291.35,8253.1,8253.1,,1,outside,False,False,2015-01-12 09:14:00+05:30,2015-01-12 09:15:00+05:30
2015-01-12 15:15:00+05:30,8319.35,8332.25,8318.6,8326.55,,14,regular,False,False,2015-01-12 15:15:00+05:30,2015-01-12 15:29:00+05:30
2015-01-13 09:00:00+05:30,8346.15,8354.9,8338.5,8354.9,,1,outside,False,False,2015-01-13 09:14:00+05:30,2015-01-13 09:15:00+05:30
2015-01-13 15:15:00+05:30,8303.65,8309.3,8296.2,8303.8,,14,regular,False,False,2015-01-13 15:15:00+05:30,2015-01-13 15:29:00+05:30
2015-01-14 09:00:00+05:30,8307.25,8307.25,8286.85,8302.0,,1,outside,False,False,2015-01-14 09:14:00+05:30,2015-01-14 09:15:00+05:30
2015-01-14 15:15:00+05:30,8269.6,8290.25,8269.0,8287.75,,14,regular,False,False,2015-01-14 15:15:00+05:30,2015-01-14 15:29:00+05:30
2015-01-15 09:00:00+05:30,8425.2,8452.65,8425.2,8436.05,,1,outside,False,False,2015-01-15 09:14:00+05:30,2015-01-15 09:15:00+05:30
2015-01-15 15:15:00+05:30,8507.6,8510.55,8459.35,8461.15,,14,regular,False,False,2015-01-15 15:15:00+05:30,2015-01-15 15:29:00+05:30
2015-01-19 09:15:00+05:30,8553.4,8561.15,8552.8,8558.8,,5,regular,False,False,2015-01-19 09:25:00+05:30,2015-01-19 09:30:00+05:30
2015-01-19 15:15:00+05:30,8548.2,8552.9,8546.4,8550.3,,14,regular,False,False,2015-01-19 15:15:00+05:30,2015-01-19 15:29:00+05:30
2015-01-20 09:00:00+05:30,8575.1,8585.15,8575.1,8583.35,,1,outside,False,False,2015-01-20 09:14:00+05:30,2015-01-20 09:15:00+05:30
2015-01-20 15:15:00+05:30,8690.65,8696.9,8687.1,8691.25,,14,regular,False,False,2015-01-20 15:15:00+05:30,2015-01-20 15:29:00+05:30
2015-01-21 09:00:00+05:30,8719.65,8719.65,8707.05,8710.4,,1,outside,False,False,2015-01-21 09:14:00+05:30,2015-01-21 09:15:00+05:30
2015-01-21 15:15:00+05:30,8725.2,8734.8,8724.75,8728.05,,14,regular,False,False,2015-01-21 15:15:00+05:30,2015-01-21 15:29:00+05:30
2015-01-22 09:00:00+05:30,8745.85,8750.55,8745.5,8747.5,,1,outside,False,False,2015-01-22 09:14:00+05:30,2015-01-22 09:15:00+05:30
2015-01-22 15:15:00+05:30,8760.0,8774.0,8760.0,8762.2,,14,regular,False,False,2015-01-22 15:15:00+05:30,2015-01-22 15:29:00+05:30
2015-01-23 09:00:00+05:30,8827.95,8842.9,8827.95,8838.25,,1,outside,False,False,2015-01-23 09:14:00+05:30,2015-01-23 09:15:00+05:30
2015-01-23 15:15:00+05:30,8833.75,8834.55,8822.35,8823.55,,14,regular,False,False,2015-01-23 15:15:00+05:30,2015-01-23 15:29:00+05:30
2015-01-27 09:00:00+05:30,8871.35,8874.7,8841.55,8841.55,,1,outside,False,False,2015-01-27 09:14:00+05:30,2015-01-27 09:15:00+05:30
2015-01-27 15:15:00+05:30,8910.7,8913.1,8902.0,8904.2,,14,regular,False,False,2015-01-27 15:15:00+05:30,2015-01-27 15:29:00+05:30
2015-01-28 09:00:00+05:30,8902.75,8902.75,8893.95,8902.0,,1,outside,False,False,2015-01-28 09:14:00+05:30,2015-01-28 09:15:00+05:30
2015-01-28 15:15:00+05:30,8919.4,8920.0,8905.0,8906.8,,14,regular,False,False,2015-01-28 15:15:00+05:30,2015-01-28 15:29:00+05:30
2015-01-29 09:00:00+05:30,8901.5,8901.5,8870.45,8874.6,,1,outside,False,False,2015-01-29 09:14:00+05:30,2015-01-29 09:15:00+05:30
2015-01-29 15:15:00+05:30,8954.05,8958.6,8945.05,8950.2,,14,regular,False,False,2015-01-29 15:15:00+05:30,2015-01-29 15:29:00+05:30
2015-01-30 09:00:00+05:30,8996.6,8996.6,8978.1,8979.15,,1,outside,False,False,2015-01-30 09:14:00+05:30,2015-01-30 09:15:00+05:30
2015-01-30 15:15:00+05:30,8805.7,8824.35,8798.1,8821.45,,14,regular,False,False,2015-01-30 15:15:00+05:30,2015-01-30 15:29:00+05:30
2015-02-02 09:00:00+05:30,8802.5,8807.8,8797.45,8797.95,,1,outside,False,False,2015-02-02 09:14:00+05:30,2015-02-02 09:15:00+05:30
2015-02-02 15:15:00+05:30,8792.3,8803.55,8789.6,8798.15,,14,regular,False,False,2015-02-02 15:15:00+05:30,2015-02-02 15:29:00+05:30
2015-02-03 09:00:00+05:30,8823.15,8836.45,8823.15,8828.85,,1,outside,False,False,2015-02-03 09:14:00+05:30,2015-02-03 09:15:00+05:30
2015-02-03 15:15:00+05:30,8756.95,8756.95,8740.4,8746.65,,14,regular,False,False,2015-02-03 15:15:00+05:30,2015-02-03 15:29:00+05:30
2015-02-04 09:00:00+05:30,8789.15,8791.45,8782.9,8786.65,,1,outside,False,False,2015-02-04 09:14:00+05:30,2015-02-04 09:15:00+05:30
2015-02-04 15:15:00+05:30,8719.05,8725.25,8704.7,8713.95,,14,regular,False,False,2015-02-04 15:15:00+05:30,2015-02-04 15:29:00+05:30
2015-02-05 09:00:00+05:30,8733.1,8733.1,8705.75,8708.6,,1,outside,False,False,2015-02-05 09:14:00+05:30,2015-02-05 09:15:00+05:30
2015-02-05 15:15:00+05:30,8704.45,8712.7,8683.95,8699.4,,14,regular,False,False,2015-02-05 15:15:00+05:30,2015-02-05 15:29:00+05:30
2015-02-06 09:00:00+05:30,8696.85,8709.4,8690.6,8709.4,,1,outside,False,False,2015-02-06 09:14:00+05:30,2015-02-06 09:15:00+05:30
2015-02-06 15:15:00+05:30,8652.1,8669.5,8651.4,8666.0,,14,regular,False,False,2015-02-06 15:15:00+05:30,2015-02-06 15:29:00+05:30
2015-02-09 09:00:00+05:30,8584.4,8587.45,8577.85,8580.3,,1,outside,False,False,2015-02-09 09:14:00+05:30,2015-02-09 09:15:00+05:30
2015-02-09 15:15:00+05:30,8522.5,8530.75,8516.35,8518.3,,14,regular,False,False,2015-02-09 15:15:00+05:30,2015-02-09 15:29:00+05:30
2015-02-10 09:00:00+05:30,8478.1,8481.95,8472.05,8479.6,,1,outside,False,False,2015-02-10 09:14:00+05:30,2015-02-10 09:15:00+05:30
2015-02-10 15:15:00+05:30,8552.3,8579.25,8552.3,8578.85,,14,regular,False,False,2015-02-10 15:15:00+05:30,2015-02-10 15:29:00+05:30
2015-02-11 09:00:00+05:30,8603.3,8611.6,8601.45,8602.5,,1,outside,False,False,2015-02-11 09:14:00+05:30,2015-02-11 09:15:00+05:30
2015-02-11 15:15:00+05:30,8629.75,8638.6,8624.05,8635.5,,14,regular,False,False,2015-02-11 15:15:00+05:30,2015-02-11 15:29:00+05:30
2015-02-12 09:00:00+05:30,8676.95,8681.4,8668.85,8675.35,,1,outside,False,False,2015-02-12 09:14:00+05:30,2015-02-12 09:15:00+05:30
2015-02-12 15:15:00+05:30,8718.55,8732.15,8713.05,8728.4,,14,regular,False,False,2015-02-12 15:15:00+05:30,2015-02-12 15:29:00+05:30
2015-02-13 09:00:00+05:30,8741.5,8745.1,8737.45,8737.45,,1,outside,False,False,2015-02-13 09:14:00+05:30,2015-02-13 09:15:00+05:30
2015-02-13 15:15:00+05:30,8806.1,8808.45,8790.6,8803.05,,14,regular,False,False,2015-02-13 15:15:00+05:30,2015-02-13 15:29:00+05:30
2015-02-16 09:00:00+05:30,8831.4,8833.4,8825.4,8830.7,,1,outside,False,False,2015-02-16 09:14:00+05:30,2015-02-16 09:15:00+05:30
2015-02-16 15:15:00+05:30,8799.65,8808.7,8793.7,8808.7,,14,regular,False,False,2015-02-16 15:15:00+05:30,2015-02-16 15:29:00+05:30
2015-02-18 09:00:00+05:30,8811.55,8818.55,8810.05,8817.35,,1,outside,False,False,2015-02-18 09:14:00+05:30,2015-02-18 09:15:00+05:30
2015-02-18 15:15:00+05:30,8867.5,8869.55,8859.25,8865.25,,14,regular,False,False,2015-02-18 15:15:00+05:30,2015-02-18 15:29:00+05:30
2015-02-19 09:00:00+05:30,8883.05,8891.4,8883.05,8887.65,,1,outside,False,False,2015-02-19 09:14:00+05:30,2015-02-19 09:15:00+05:30
2015-02-19 15:15:00+05:30,8899.5,8913.45,8894.75,8898.35,,14,regular,False,False,2015-02-19 15:15:00+05:30,2015-02-19 15:29:00+05:30
2015-02-20 09:00:00+05:30,8895.5,8895.5,8879.25,8883.15,,1,outside,False,False,2015-02-20 09:14:00+05:30,2015-02-20 09:15:00+05:30
2015-02-20 15:15:00+05:30,8834.1,8835.8,8821.55,8827.7,,14,regular,False,False,2015-02-20 15:15:00+05:30,2015-02-20 15:29:00+05:30
2015-02-23 09:00:00+05:30,8856.85,8856.85,8851.1,8851.3,,1,outside,False,False,2015-02-23 09:14:00+05:30,2015-02-23 09:15:00+05:30
2015-02-23 15:15:00+05:30,8756.35,8756.35,8737.25,8742.8,,14,regular,False,False,2015-02-23 15:15:00+05:30,2015-02-23 15:29:00+05:30
2015-02-24 09:00:00+05:30,8772.9,8775.25,8746.5,8747.85,,1,outside,False,False,2015-02-24 09:14:00+05:30,2015-02-24 09:15:00+05:30
2015-02-24 15:15:00+05:30,8766.05,8774.6,8757.25,8760.8,,14,regular,False,False,2015-02-24 15:15:00+05:30,2015-02-24 15:29:00+05:30
2015-02-25 09:00:00+05:30,8802.65,8803.25,8798.8,8799.4,,1,outside,False,False,2015-02-25 09:14:00+05:30,2015-02-25 09:15:00+05:30
2015-02-25 15:15:00+05:30,8772.85,8773.45,8762.65,8765.25,,14,regular,False,False,2015-02-25 15:15:00+05:30,2015-02-25 15:29:00+05:30
2015-02-26 09:00:00+05:30,8779.0,8783.6,8767.1,8767.1,,1,outside,False,False,2015-02-26 09:14:00+05:30,2015-02-26 09:15:00+05:30
2015-02-26 15:15:00+05:30,8679.65,8695.7,8679.0,8694.65,,14,regular,False,False,2015-02-26 15:15:00+05:30,2015-02-26 15:29:00+05:30
2015-02-27 09:00:00+05:30,8729.5,8757.25,8729.5,8748.2,,1,outside,False,False,2015-02-27 09:14:00+05:30,2015-02-27 09:15:00+05:30
2015-02-27 15:15:00+05:30,8850.75,8856.95,8839.65,8850.65,,14,regular,False,False,2015-02-27 15:15:00+05:30,2015-02-27 15:29:00+05:30
2015-02-28 09:00:00+05:30,8913.05,8919.15,8908.95,8913.6,,1,outside,False,False,2015-02-28 09:14:00+05:30,2015-02-28 09:15:00+05:30
2015-02-28 15:15:00+05:30,8906.1,8930.35,8895.3,8920.75,,14,regular,False,False,2015-02-28 15:15:00+05:30,2015-02-28 15:29:00+05:30
2015-03-02 09:00:00+05:30,8954.6,8960.45,8949.9,8956.5,,1,outside,False,False,2015-03-02 09:14:00+05:30,2015-03-02 09:15:00+05:30
2015-03-02 15:15:00+05:30,8956.9,8969.9,8952.4,8961.55,,14,regular,False,False,2015-03-02 15:15:00+05:30,2015-03-02 15:29:00+05:30
2015-03-03 09:00:00+05:30,8962.85,8962.85,8932.15,8938.85,,1,outside,False,False,2015-03-03 09:14:00+05:30,2015-03-03 09:15:00+05:30
2015-03-03 15:15:00+05:30,8992.35,8999.95,8991.65,8996.75,,14,regular,False,False,2015-03-03 15:15:00+05:30,2015-03-03 15:29:00+05:30
2015-03-04 09:00:00+05:30,9109.15,9117.3,9105.9,9106.5,,1,outside,False,False,2015-03-04 09:14:00+05:30,2015-03-04 09:15:00+05:30
2015-03-04 15:15:00+05:30,8918.0,8922.5,8902.75,8918.4,,14,regular,False,False,2015-03-04 15:15:00+05:30,2015-03-04 15:29:00+05:30
2015-03-05 09:00:00+05:30,8929.4,8929.95,8920.9,8928.05,,1,outside,False,False,2015-03-05 09:14:00+05:30,2015-03-05 09:15:00+05:30
2015-03-05 15:15:00+05:30,8949.3,8949.6,8930.95,8937.75,,14,regular,False,False,2015-03-05 15:15:00+05:30,2015-03-05 15:29:00+05:30
2015-03-09 09:00:00+05:30,8877.3,8877.3,8850.5,8852.25,,1,outside,False,False,2015-03-09 09:14:00+05:30,2015-03-09 09:15:00+05:30
2015-03-09 15:15:00+05:30,8745.8,8753.95,8740.45,8743.25,,14,regular,False,False,2015-03-09 15:15:00+05:30,2015-03-09 15:29:00+05:30
2015-03-10 09:00:00+05:30,8769.75,8769.75,8734.8,8739.8,,1,outside,False,False,2015-03-10 09:14:00+05:30,2015-03-10 09:15:00+05:30
2015-03-10 15:15:00+05:30,8715.1,8726.35,8711.2,8725.6,,14,regular,False,False,2015-03-10 15:15:00+05:30,2015-03-10 15:29:00+05:30
2015-03-11 09:00:00+05:30,8728.75,8739.9,8722.5,8726.8,,1,outside,False,False,2015-03-11 09:14:00+05:30,2015-03-11 09:15:00+05:30
2015-03-11 15:15:00+05:30,8691.65,8703.65,8682.5,8701.8,,14,regular,False,False,2015-03-11 15:15:00+05:30,2015-03-11 15:29:00+05:30
2015-03-12 09:00:00+05:30,8740.65,8752.3,8740.65,8749.85,,1,outside,False,False,2015-03-12 09:14:00+05:30,2015-03-12 09:15:00+05:30
2015-03-12 15:15:00+05:30,8780.0,8780.2,8771.4,8771.4,,14,regular,False,False,2015-03-12 15:15:00+05:30,2015-03-12 15:29:00+05:30
2015-03-13 09:00:00+05:30,8844.05,8844.05,8824.5,8826.35,,1,outside,False,False,2015-03-13 09:14:00+05:30,2015-03-13 09:15:00+05:30
2015-03-13 09:15:00+05:30,8824.1,8830.25,8808.9,8815.75,,13,regular,False,False,2015-03-13 09:15:00+05:30,2015-03-13 09:29:00+05:30
2015-03-13 09:30:00+05:30,8810.15,8810.15,8805.25,8805.25,,2,regular,False,False,2015-03-13 09:31:00+05:30,2015-03-13 09:45:00+05:30
2015-03-13 09:45:00+05:30,8794.6,8802.6,8794.1,8800.15,,10,regular,False,False,2015-03-13 09:47:00+05:30,2015-03-13 10:00:00+05:30
2015-03-13 15:15:00+05:30,8637.45,8664.3,8634.95,8661.1,,14,regular,False,False,2015-03-13 15:15:00+05:30,2015-03-13 15:29:00+05:30
2015-03-16 09:30:00+05:30,8641.1,8649.15,8636.15,8636.15,,11,regular,False,False,2015-03-16 09:34:00+05:30,2015-03-16 09:45:00+05:30
2015-03-16 15:15:00+05:30,8633.75,8641.15,8630.45,8639.6,,14,regular,False,False,2015-03-16 15:15:00+05:30,2015-03-16 15:29:00+05:30
2015-03-17 09:00:00+05:30,8689.1,8691.2,8681.8,8681.8,,1,outside,False,False,2015-03-17 09:14:00+05:30,2015-03-17 09:15:00+05:30
2015-03-17 15:15:00+05:30,8725.4,8742.1,8720.85,8722.35,,14,regular,False,False,2015-03-17 15:15:00+05:30,2015-03-17 15:29:00+05:30
2015-03-18 09:00:00+05:30,8742.9,8746.4,8723.45,8724.1,,1,outside,False,False,2015-03-18 09:14:00+05:30,2015-03-18 09:15:00+05:30
2015-03-18 15:15:00+05:30,8689.25,8690.3,8676.55,8680.9,,14,regular,False,False,2015-03-18 15:15:00+05:30,2015-03-18 15:29:00+05:30
2015-03-19 09:00:00+05:30,8749.45,8752.65,8733.0,8734.3,,1,outside,False,False,2015-03-19 09:14:00+05:30,2015-03-19 09:15:00+05:30
2015-03-19 15:15:00+05:30,8631.25,8638.5,8620.25,8622.9,,14,regular,False,False,2015-03-19 15:15:00+05:30,2015-03-19 15:29:00+05:30
2015-03-20 09:00:00+05:30,8627.9,8627.9,8600.8,8602.45,,1,outside,False,False,2015-03-20 09:14:00+05:30,2015-03-20 09:15:00+05:30
2015-03-20 15:15:00+05:30,8564.9,8588.3,8553.3,8584.85,,14,regular,False,False,2015-03-20 15:15:00+05:30,2015-03-20 15:29:00+05:30
2015-03-23 09:00:00+05:30,8591.55,8599.05,8591.55,8597.9,,1,outside,False,False,2015-03-23 09:14:00+05:30,2015-03-23 09:15:00+05:30
2015-03-23 15:15:00+05:30,8550.05,8552.05,8541.2,8550.95,,14,regular,False,False,2015-03-23 15:15:00+05:30,2015-03-23 15:29:00+05:30
2015-03-24 09:00:00+05:30,8537.05,8549.0,8537.05,8548.1,,1,outside,False,False,2015-03-24 09:14:00+05:30,2015-03-24 09:15:00+05:30
2015-03-24 15:15:00+05:30,8539.8,8552.6,8538.4,8549.9,,14,regular,False,False,2015-03-24 15:15:00+05:30,2015-03-24 15:29:00+05:30
2015-03-25 09:00:00+05:30,8568.9,8573.45,8559.0,8560.0,,1,outside,False,False,2015-03-25 09:14:00+05:30,2015-03-25 09:15:00+05:30
2015-03-25 15:15:00+05:30,8527.5,8533.6,8517.0,8517.0,,14,regular,False,False,2015-03-25 15:15:00+05:30,2015-03-25 15:29:00+05:30
2015-03-26 09:00:00+05:30,8474.95,8488.4,8469.55,8488.4,,1,outside,False,False,2015-03-26 09:14:00+05:30,2015-03-26 09:15:00+05:30
2015-03-26 15:15:00+05:30,8334.7,8385.0,8327.45,8382.3,,14,regular,False,False,2015-03-26 15:15:00+05:30,2015-03-26 15:29:00+05:30
2015-03-27 09:00:00+05:30,8396.0,8411.4,8373.0,8373.0,,1,outside,False,False,2015-03-27 09:14:00+05:30,2015-03-27 09:15:00+05:30
2015-03-27 15:15:00+05:30,8342.7,8349.15,8337.45,8348.05,,14,regular,False,False,2015-03-27 15:15:00+05:30,2015-03-27 15:29:00+05:30
2015-03-30 09:00:00+05:30,8391.7,8402.0,8391.7,8401.3,,1,outside,False,False,2015-03-30 09:14:00+05:30,2015-03-30 09:15:00+05:30
2015-03-30 15:15:00+05:30,8494.0,8504.25,8485.35,8501.35,,14,regular,False,False,2015-03-30 15:15:00+05:30,2015-03-30 15:29:00+05:30
2015-03-31 09:00:00+05:30,8527.6,8527.6,8507.95,8509.45,,1,outside,False,False,2015-03-31 09:14:00+05:30,2015-03-31 09:15:00+05:30
2015-03-31 15:15:00+05:30,8495.85,8498.35,8480.9,8480.9,,14,regular,False,False,2015-03-31 15:15:00+05:30,2015-03-31 15:29:00+05:30
2015-04-01 09:00:00+05:30,8483.7,8483.7,8466.7,8468.8,,1,outside,False,False,2015-04-01 09:14:00+05:30,2015-04-01 09:15:00+05:30
2015-04-01 15:15:00+05:30,8579.65,8600.6,8579.25,8590.3,,14,regular,False,False,2015-04-01 15:15:00+05:30,2015-04-01 15:29:00+05:30
2015-04-06 09:00:00+05:30,8615.8,8615.8,8598.2,8599.55,,1,outside,False,False,2015-04-06 09:14:00+05:30,2015-04-06 09:15:00+05:30
2015-04-06 15:15:00+05:30,8652.3,8667.35,8652.0,8652.0,,14,regular,False,False,2015-04-06 15:15:00+05:30,2015-04-06 15:29:00+05:30
2015-04-07 09:00:00+05:30,8684.45,8687.3,8675.9,8676.65,,1,outside,False,False,2015-04-07 09:14:00+05:30,2015-04-07 09:15:00+05:30
2015-04-07 15:15:00+05:30,8659.65,8683.25,8657.2,8676.9,,14,regular,False,False,2015-04-07 15:15:00+05:30,2015-04-07 15:29:00+05:30
2015-04-08 09:00:00+05:30,8698.95,8704.55,8696.9,8703.7,,1,outside,False,False,2015-04-08 09:14:00+05:30,2015-04-08 09:15:00+05:30
2015-04-08 15:15:00+05:30,8717.0,8718.9,8712.7,8717.35,,14,regular,False,False,2015-04-08 15:15:00+05:30,2015-04-08 15:29:00+05:30
2015-04-09 09:00:00+05:30,8756.2,8758.9,8748.5,8750.4,,1,outside,False,False,2015-04-09 09:14:00+05:30,2015-04-09 09:15:00+05:30
2015-04-09 15:15:00+05:30,8777.4,8785.3,8772.7,8774.25,,14,regular,False,False,2015-04-09 15:15:00+05:30,2015-04-09 15:29:00+05:30
2015-04-10 09:00:00+05:30,8774.35,8774.35,8765.9,8767.95,,1,outside,False,False,2015-04-10 09:14:00+05:30,2015-04-10 09:15:00+05:30
2015-04-10 15:15:00+05:30,8779.25,8784.1,8767.05,8767.55,,14,regular,False,False,2015-04-10 15:15:00+05:30,2015-04-10 15:29:00+05:30
2015-04-13 09:00:00+05:30,8801.75,8801.75,8775.0,8775.75,,1,outside,False,False,2015-04-13 09:14:00+05:30,2015-04-13 09:15:00+05:30
2015-04-13 15:15:00+05:30,8829.0,8836.1,8824.9,8825.9,,14,regular,False,False,2015-04-13 15:15:00+05:30,2015-04-13 15:29:00+05:30
2015-04-15 09:00:00+05:30,8844.75,8844.75,8814.15,8820.85,,1,outside,False,False,2015-04-15 09:14:00+05:30,2015-04-15 09:15:00+05:30
2015-04-15 15:15:00+05:30,8730.25,8749.95,8722.95,8735.5,,14,regular,False,False,2015-04-15 15:15:00+05:30,2015-04-15 15:29:00+05:30
2015-04-16 09:00:00+05:30,8757.05,8759.1,8744.6,8747.1,,1,outside,False,False,2015-04-16 09:14:00+05:30,2015-04-16 09:15:00+05:30
2015-04-16 15:15:00+05:30,8696.3,8708.4,8691.75,8693.25,,14,regular,False,False,2015-04-16 15:15:00+05:30,2015-04-16 15:29:00+05:30
2015-04-17 09:00:00+05:30,8698.05,8698.35,8678.4,8679.45,,1,outside,False,False,2015-04-17 09:14:00+05:30,2015-04-17 09:15:00+05:30
2015-04-17 15:15:00+05:30,8597.15,8608.7,8597.15,8602.05,,14,regular,False,False,2015-04-17 15:15:00+05:30,2015-04-17 15:29:00+05:30
2015-04-20 09:00:00+05:30,8615.4,8619.95,8599.1,8599.25,,1,outside,False,False,2015-04-20 09:14:00+05:30,2015-04-20 09:15:00+05:30
2015-04-20 15:15:00+05:30,8446.35,8454.35,8441.25,8443.0,,14,regular,False,False,2015-04-20 15:15:00+05:30,2015-04-20 15:29:00+05:30
2015-04-21 09:00:00+05:30,8416.1,8426.2,8407.95,8421.7,,1,outside,False,False,2015-04-21 09:14:00+05:30,2015-04-21 09:15:00+05:30
2015-04-21 15:15:00+05:30,8373.55,8399.4,8373.55,8398.1,,14,regular,False,False,2015-04-21 15:15:00+05:30,2015-04-21 15:29:00+05:30
2015-04-22 09:00:00+05:30,8400.4,8406.65,8387.15,8387.15,,1,outside,False,False,2015-04-22 09:14:00+05:30,2015-04-22 09:15:00+05:30
2015-04-22 15:15:00+05:30,8443.6,8449.2,8429.9,8436.5,,14,regular,False,False,2015-04-22 15:15:00+05:30,2015-04-22 15:29:00+05:30
2015-04-23 09:00:00+05:30,8478.2,8482.75,8474.4,8479.1,,1,outside,False,False,2015-04-23 09:14:00+05:30,2015-04-23 09:15:00+05:30
2015-04-23 15:15:00+05:30,8396.7,8399.35,8385.0,8387.95,,14,regular,False,False,2015-04-23 15:15:00+05:30,2015-04-23 15:29:00+05:30
2015-04-24 09:00:00+05:30,8405.7,8412.15,8380.3,8382.6,,1,outside,False,False,2015-04-24 09:14:00+05:30,2015-04-24 09:15:00+05:30
2015-04-24 15:15:00+05:30,8314.15,8330.75,8304.2,8320.15,,14,regular,False,False,2015-04-24 15:15:00+05:30,2015-04-24 15:29:00+05:30
2015-04-27 09:00:00+05:30,8330.55,8331.4,8319.25,8320.25,,1,outside,False,False,2015-04-27 09:14:00+05:30,2015-04-27 09:15:00+05:30
2015-04-27 15:15:00+05:30,8223.4,8224.45,8203.1,8203.15,,14,regular,False,False,2015-04-27 15:15:00+05:30,2015-04-27 15:29:00+05:30
2015-04-28 09:00:00+05:30,8215.55,8215.55,8185.75,8187.95,,1,outside,False,False,2015-04-28 09:14:00+05:30,2015-04-28 09:15:00+05:30
2015-04-28 15:15:00+05:30,8288.1,8292.8,8261.75,8264.85,,14,regular,False,False,2015-04-28 15:15:00+05:30,2015-04-28 15:29:00+05:30
2015-04-29 09:00:00+05:30,8274.8,8276.05,8252.5,8257.4,,1,outside,False,False,2015-04-29 09:14:00+05:30,2015-04-29 09:15:00+05:30
2015-04-29 15:15:00+05:30,8238.4,8243.55,8230.7,8236.4,,14,regular,False,False,2015-04-29 15:15:00+05:30,2015-04-29 15:29:00+05:30
2015-04-30 09:00:00+05:30,8224.5,8228.9,8189.2,8189.2,,1,outside,False,False,2015-04-30 09:14:00+05:30,2015-04-30 09:15:00+05:30
2015-04-30 15:15:00+05:30,8173.75,8210.7,8171.3,8204.95,,14,regular,False,False,2015-04-30 15:15:00+05:30,2015-04-30 15:29:00+05:30
2015-05-04 09:00:00+05:30,8230.05,8236.85,8221.25,8227.55,,1,outside,False,False,2015-05-04 09:14:00+05:30,2015-05-04 09:15:00+05:30
2015-05-04 15:15:00+05:30,8329.05,8345.35,8328.85,8342.65,,14,regular,False,False,2015-05-04 15:15:00+05:30,2015-05-04 15:29:00+05:30
2015-05-05 09:00:00+05:30,8338.4,8341.65,8312.7,8317.55,,1,outside,False,False,2015-05-05 09:14:00+05:30,2015-05-05 09:15:00+05:30
2015-05-05 15:15:00+05:30,8321.15,8327.75,8319.4,8321.1,,14,regular,False,False,2015-05-05 15:15:00+05:30,2015-05-05 15:29:00+05:30
2015-05-06 09:00:00+05:30,8316.6,8330.3,8296.2,8297.6,,1,outside,False,False,2015-05-06 09:14:00+05:30,2015-05-06 09:15:00+05:30
2015-05-06 15:15:00+05:30,8096.2,8096.2,8083.35,8092.45,,14,regular,False,False,2015-05-06 15:15:00+05:30,2015-05-06 15:29:00+05:30
2015-05-07 09:00:00+05:30,8077.0,8077.0,8045.4,8047.25,,1,outside,False,False,2015-05-07 09:14:00+05:30,2015-05-07 09:15:00+05:30
2015-05-07 15:15:00+05:30,8070.8,8071.85,8044.6,8047.15,,14,regular,False,False,2015-05-07 15:15:00+05:30,2015-05-07 15:29:00+05:30
2015-05-08 09:00:00+05:30,8131.5,8134.75,8124.4,8124.4,,1,outside,False,False,2015-05-08 09:14:00+05:30,2015-05-08 09:15:00+05:30
2015-05-08 15:15:00+05:30,8180.9,8191.25,8178.35,8190.3,,14,regular,False,False,2015-05-08 15:15:00+05:30,2015-05-08 15:29:00+05:30
2015-05-11 09:00:00+05:30,8243.2,8247.2,8239.1,8241.85,,1,outside,False,False,2015-05-11 09:14:00+05:30,2015-05-11 09:15:00+05:30
2015-05-11 15:15:00+05:30,8328.3,8330.55,8320.05,8320.05,,14,regular,False,False,2015-05-11 15:15:00+05:30,2015-05-11 15:29:00+05:30
2015-05-12 09:00:00+05:30,8326.15,8326.15,8286.55,8290.85,,1,outside,False,False,2015-05-12 09:14:00+05:30,2015-05-12 09:15:00+05:30
2015-05-12 15:15:00+05:30,8118.1,8137.1,8117.95,8125.0,,14,regular,False,False,2015-05-12 15:15:00+05:30,2015-05-12 15:29:00+05:30
2015-05-13 09:00:00+05:30,8181.55,8182.6,8157.8,8159.55,,1,outside,False,False,2015-05-13 09:14:00+05:30,2015-05-13 09:15:00+05:30
2015-05-13 15:15:00+05:30,8235.4,8238.85,8230.35,8237.4,,14,regular,False,False,2015-05-13 15:15:00+05:30,2015-05-13 15:29:00+05:30
2015-05-14 09:00:00+05:30,8232.45,8232.45,8194.8,8196.2,,1,outside,False,False,2015-05-14 09:14:00+05:30,2015-05-14 09:15:00+05:30
2015-05-14 15:15:00+05:30,8220.05,8235.9,8220.05,8221.15,,14,regular,False,False,2015-05-14 15:15:00+05:30,2015-05-14 15:29:00+05:30
2015-05-15 09:00:00+05:30,8240.3,8268.85,8235.5,8268.1,,1,outside,False,False,2015-05-15 09:14:00+05:30,2015-05-15 09:15:00+05:30
2015-05-15 15:15:00+05:30,8259.7,8263.1,8254.35,8254.75,,14,regular,False,False,2015-05-15 15:15:00+05:30,2015-05-15 15:29:00+05:30
2015-05-18 09:00:00+05:30,8284.95,8285.25,8272.55,8272.55,,1,outside,False,False,2015-05-18 09:14:00+05:30,2015-05-18 09:15:00+05:30
2015-05-18 15:15:00+05:30,8375.1,8381.55,8373.1,8376.2,,14,regular,False,False,2015-05-18 15:15:00+05:30,2015-05-18 15:29:00+05:30
2015-05-19 09:00:00+05:30,8356.2,8364.05,8347.6,8356.6,,1,outside,False,False,2015-05-19 09:14:00+05:30,2015-05-19 09:15:00+05:30
2015-05-19 15:15:00+05:30,8366.0,8368.25,8355.8,8357.05,,14,regular,False,False,2015-05-19 15:15:00+05:30,2015-05-19 15:29:00+05:30
2015-05-20 09:00:00+05:30,8392.65,8404.95,8392.65,8404.1,,1,outside,False,False,2015-05-20 09:14:00+05:30,2015-05-20 09:15:00+05:30
2015-05-20 15:15:00+05:30,8421.55,8427.7,8411.95,8413.15,,14,regular,False,False,2015-05-20 15:15:00+05:30,2015-05-20 15:29:00+05:30
2015-05-21 09:00:00+05:30,8434.5,8436.7,8417.2,8417.4,,1,outside,False,False,2015-05-21 09:14:00+05:30,2015-05-21 09:15:00+05:30
2015-05-21 15:15:00+05:30,8424.15,8425.85,8416.35,8419.05,,14,regular,False,False,2015-05-21 15:15:00+05:30,2015-05-21 15:29:00+05:30
2015-05-22 09:00:00+05:30,8432.5,8439.85,8429.95,8438.8,,1,outside,False,False,2015-05-22 09:14:00+05:30,2015-05-22 09:15:00+05:30
2015-05-22 15:15:00+05:30,8461.6,8467.4,8446.25,8448.35,,14,regular,False,False,2015-05-22 15:15:00+05:30,2015-05-22 15:29:00+05:30
2015-05-25 09:00:00+05:30,8438.15,8438.15,8421.85,8421.85,,1,outside,False,False,2015-05-25 09:14:00+05:30,2015-05-25 09:15:00+05:30
2015-05-25 15:15:00+05:30,8369.85,8376.6,8366.35,8366.9,,14,regular,False,False,2015-05-25 15:15:00+05:30,2015-05-25 15:29:00+05:30
2015-05-26 09:00:00+05:30,8377.65,8378.45,8366.1,8368.05,,1,outside,False,False,2015-05-26 09:14:00+05:30,2015-05-26 09:15:00+05:30
2015-05-26 15:15:00+05:30,8331.85,8354.8,8331.3,8354.8,,14,regular,False,False,2015-05-26 15:15:00+05:30,2015-05-26 15:29:00+05:30
2015-05-27 09:00:00+05:30,8302.75,8302.75,8283.4,8285.55,,1,outside,False,False,2015-05-27 09:14:00+05:30,2015-05-27 09:15:00+05:30
2015-05-27 15:15:00+05:30,8329.7,8342.6,8329.65,8337.1,,14,regular,False,False,2015-05-27 15:15:00+05:30,2015-05-27 15:29:00+05:30
2015-05-28 09:00:00+05:30,8345.7,8361.2,8345.2,8358.6,,1,outside,False,False,2015-05-28 09:14:00+05:30,2015-05-28 09:15:00+05:30
2015-05-28 15:15:00+05:30,8321.9,8323.9,8313.5,8319.0,,14,regular,False,False,2015-05-28 15:15:00+05:30,2015-05-28 15:29:00+05:30
2015-05-29 09:00:00+05:30,8327.1,8327.1,8319.65,8320.65,,1,outside,False,False,2015-05-29 09:14:00+05:30,2015-05-29 09:15:00+05:30
2015-05-29 15:15:00+05:30,8435.15,8442.4,8424.5,8432.95,,14,regular,False,False,2015-05-29 15:15:00+05:30,2015-05-29 15:29:00+05:30
2015-06-01 09:00:00+05:30,8417.25,8431.9,8406.25,8428.95,,1,outside,False,False,2015-06-01 09:14:00+05:30,2015-06-01 09:15:00+05:30
2015-06-01 15:15:00+05:30,8429.9,8434.15,8422.15,8422.55,,14,regular,False,False,2015-06-01 15:15:00+05:30,2015-06-01 15:29:00+05:30
2015-06-02 09:00:00+05:30,8442.8,8442.8,8433.55,8434.75,,1,outside,False,False,2015-06-02 09:14:00+05:30,2015-06-02 09:15:00+05:30
2015-06-02 15:15:00+05:30,8234.3,8235.2,8226.55,8232.25,,14,regular,False,False,2015-06-02 15:15:00+05:30,2015-06-02 15:29:00+05:30
2015-06-03 09:00:00+05:30,8232.45,8234.4,8201.35,8203.15,,1,outside,False,False,2015-06-03 09:14:00+05:30,2015-06-03 09:15:00+05:30
2015-06-03 15:15:00+05:30,8127.7,8153.2,8125.55,8148.55,,14,regular,False,False,2015-06-03 15:15:00+05:30,2015-06-03 15:29:00+05:30
2015-06-04 09:00:00+05:30,8155.15,8158.6,8116.5,8118.3,,1,outside,False,False,2015-06-04 09:14:00+05:30,2015-06-04 09:15:00+05:30
2015-06-04 15:15:00+05:30,8128.65,8139.2,8124.0,8136.95,,14,regular,False,False,2015-06-04 15:15:00+05:30,2015-06-04 15:29:00+05:30
2015-06-05 09:00:00+05:30,8119.15,8119.15,8103.7,8116.25,,1,outside,False,False,2015-06-05 09:14:00+05:30,2015-06-05 09:15:00+05:30
2015-06-05 15:15:00+05:30,8116.5,8117.35,8106.45,8113.9,,14,regular,False,False,2015-06-05 15:15:00+05:30,2015-06-05 15:29:00+05:30
2015-06-08 09:00:00+05:30,8124.35,8129.15,8102.05,8107.85,,1,outside,False,False,2015-06-08 09:14:00+05:30,2015-06-08 09:15:00+05:30
2015-06-08 15:15:00+05:30,8048.25,8049.55,8030.65,8036.95,,14,regular,False,False,2015-06-08 15:15:00+05:30,2015-06-08 15:29:00+05:30
2015-06-09 09:00:00+05:30,8026.5,8031.2,8019.35,8025.8,,1,outside,False,False,2015-06-09 09:14:00+05:30,2015-06-09 09:15:00+05:30
2015-06-09 15:15:00+05:30,8021.55,8025.2,8012.7,8015.45,,14,regular,False,False,2015-06-09 15:15:00+05:30,2015-06-09 15:29:00+05:30
2015-06-10 09:00:00+05:30,8024.15,8038.5,8024.15,8038.5,,1,outside,False,False,2015-06-10 09:14:00+05:30,2015-06-10 09:15:00+05:30
2015-06-10 15:15:00+05:30,8128.8,8128.8,8117.85,8125.5,,14,regular,False,False,2015-06-10 15:15:00+05:30,2015-06-10 15:29:00+05:30
2015-06-11 09:00:00+05:30,8157.3,8161.65,8150.95,8151.8,,1,outside,False,False,2015-06-11 09:14:00+05:30,2015-06-11 09:15:00+05:30
2015-06-11 15:15:00+05:30,7966.85,7968.0,7958.45,7964.85,,14,regular,False,False,2015-06-11 15:15:00+05:30,2015-06-11 15:29:00+05:30
2015-06-12 09:00:00+05:30,7959.85,7963.2,7941.2,7942.6,,1,outside,False,False,2015-06-12 09:14:00+05:30,2015-06-12 09:15:00+05:30
2015-06-12 15:15:00+05:30,7980.5,7991.8,7979.0,7991.45,,14,regular,False,False,2015-06-12 15:15:00+05:30,2015-06-12 15:29:00+05:30
2015-06-15 09:00:00+05:30,7986.6,7987.1,7945.95,7948.35,,1,outside,False,False,2015-06-15 09:14:00+05:30,2015-06-15 09:15:00+05:30
2015-06-15 15:15:00+05:30,8018.75,8018.75,8004.2,8006.15,,14,regular,False,False,2015-06-15 15:15:00+05:30,2015-06-15 15:29:00+05:30
2015-06-16 09:00:00+05:30,8004.2,8009.4,7985.85,7995.0,,1,outside,False,False,2015-06-16 09:14:00+05:30,2015-06-16 09:15:00+05:30
2015-06-16 15:15:00+05:30,8044.65,8061.65,8044.0,8057.2,,14,regular,False,False,2015-06-16 15:15:00+05:30,2015-06-16 15:29:00+05:30
2015-06-17 09:00:00+05:30,8084.2,8092.25,8082.4,8082.9,,1,outside,False,False,2015-06-17 09:14:00+05:30,2015-06-17 09:15:00+05:30
2015-06-17 15:15:00+05:30,8090.45,8097.8,8084.95,8089.7,,14,regular,False,False,2015-06-17 15:15:00+05:30,2015-06-17 15:29:00+05:30
2015-06-18 09:00:00+05:30,8113.7,8118.55,8103.6,8115.9,,1,outside,False,False,2015-06-18 09:14:00+05:30,2015-06-18 09:15:00+05:30
2015-06-18 15:15:00+05:30,8174.95,8178.35,8164.2,8178.35,,14,regular,False,False,2015-06-18 15:15:00+05:30,2015-06-18 15:29:00+05:30
2015-06-19 09:00:00+05:30,8201.15,8207.9,8200.1,8206.15,,1,outside,False,False,2015-06-19 09:14:00+05:30,2015-06-19 09:15:00+05:30
2015-06-19 15:15:00+05:30,8214.7,8237.05,8213.75,8232.95,,14,regular,False,False,2015-06-19 15:15:00+05:30,2015-06-19 15:29:00+05:30
2015-06-22 09:00:00+05:30,8259.3,8266.7,8259.3,8266.7,,1,outside,False,False,2015-06-22 09:14:00+05:30,2015-06-22 09:15:00+05:30
2015-06-22 15:15:00+05:30,8352.85,8358.0,8348.15,8352.3,,14,regular,False,False,2015-06-22 15:15:00+05:30,2015-06-22 15:29:00+05:30
2015-06-23 09:00:00+05:30,8377.45,8383.4,8360.25,8360.65,,1,outside,False,False,2015-06-23 09:14:00+05:30,2015-06-23 09:15:00+05:30
2015-06-23 15:15:00+05:30,8383.25,8384.0,8374.35,8381.1,,14,regular,False,False,2015-06-23 15:15:00+05:30,2015-06-23 15:29:00+05:30
2015-06-24 09:00:00+05:30,8399.4,8399.7,8384.7,8384.75,,1,outside,False,False,2015-06-24 09:14:00+05:30,2015-06-24 09:15:00+05:30
2015-06-24 15:15:00+05:30,8342.35,8353.9,8339.35,8339.85,,14,regular,False,False,2015-06-24 15:15:00+05:30,2015-06-24 15:29:00+05:30
2015-06-25 09:00:00+05:30,8336.25,8343.4,8330.3,8343.4,,1,outside,False,False,2015-06-25 09:14:00+05:30,2015-06-25 09:15:00+05:30
2015-06-25 15:15:00+05:30,8396.05,8416.75,8396.05,8415.05,,14,regular,False,False,2015-06-25 15:15:00+05:30,2015-06-25 15:29:00+05:30
2015-06-26 09:00:00+05:30,8393.95,8397.15,8391.85,8393.9,,1,outside,False,False,2015-06-26 09:14:00+05:30,2015-06-26 09:15:00+05:30
2015-06-26 15:15:00+05:30,8384.95,8388.1,8379.45,8382.2,,14,regular,False,False,2015-06-26 15:15:00+05:30,2015-06-26 15:29:00+05:30
2015-06-29 09:00:00+05:30,8247.05,8247.05,8218.1,8219.55,,1,outside,False,False,2015-06-29 09:14:00+05:30,2015-06-29 09:15:00+05:30
2015-06-29 11:45:00+05:30,8213.7,8220.15,8210.75,8210.75,,14,regular,False,False,2015-06-29 11:45:00+05:30,2015-06-29 12:00:00+05:30
2015-06-29 15:15:00+05:30,8316.35,8329.35,8313.7,8326.4,,14,regular,False,False,2015-06-29 15:15:00+05:30,2015-06-29 15:29:00+05:30
2015-06-30 09:00:00+05:30,8316.35,8350.4,8316.35,8345.5,,1,outside,False,False,2015-06-30 09:14:00+05:30,2015-06-30 09:15:00+05:30
2015-06-30 15:15:00+05:30,8372.05,8374.8,8366.2,8371.6,,14,regular,False,False,2015-06-30 15:15:00+05:30,2015-06-30 15:29:00+05:30
2015-07-01 09:00:00+05:30,8376.25,8384.5,8376.25,8384.05,,1,outside,False,False,2015-07-01 09:14:00+05:30,2015-07-01 09:15:00+05:30
2015-07-01 15:15:00+05:30,8446.45,8469.4,8442.95,8462.5,,14,regular,False,False,2015-07-01 15:15:00+05:30,2015-07-01 15:29:00+05:30
2015-07-02 09:00:00+05:30,8471.95,8477.1,8463.85,8463.85,,1,outside,False,False,2015-07-02 09:14:00+05:30,2015-07-02 09:15:00+05:30
2015-07-02 15:15:00+05:30,8440.8,8444.5,8433.3,8440.95,,14,regular,False,False,2015-07-02 15:15:00+05:30,2015-07-02 15:29:00+05:30
2015-07-03 09:00:00+05:30,8440.1,8440.3,8424.5,8439.65,,1,outside,False,False,2015-07-03 09:14:00+05:30,2015-07-03 09:15:00+05:30
2015-07-03 15:15:00+05:30,8482.35,8494.85,8481.6,8486.35,,14,regular,False,False,2015-07-03 15:15:00+05:30,2015-07-03 15:29:00+05:30
2015-07-06 09:00:00+05:30,8386.15,8408.15,8386.15,8408.15,,1,outside,False,False,2015-07-06 09:14:00+05:30,2015-07-06 09:15:00+05:30
2015-07-06 15:15:00+05:30,8524.35,8525.2,8517.0,8523.4,,14,regular,False,False,2015-07-06 15:15:00+05:30,2015-07-06 15:29:00+05:30
2015-07-07 09:00:00+05:30,8525.5,8551.55,8525.5,8551.55,,1,outside,False,False,2015-07-07 09:14:00+05:30,2015-07-07 09:15:00+05:30
2015-07-07 15:15:00+05:30,8517.5,8520.55,8511.3,8516.95,,14,regular,False,False,2015-07-07 15:15:00+05:30,2015-07-07 15:29:00+05:30
2015-07-08 09:00:00+05:30,8439.2,8439.2,8418.85,8423.85,,1,outside,False,False,2015-07-08 09:14:00+05:30,2015-07-08 09:15:00+05:30
2015-07-08 15:15:00+05:30,8354.1,8360.3,8345.5,8354.65,,14,regular,False,False,2015-07-08 15:15:00+05:30,2015-07-08 15:29:00+05:30
2015-07-09 09:00:00+05:30,8364.85,8389.65,8364.85,8388.2,,1,outside,False,False,2015-07-09 09:14:00+05:30,2015-07-09 09:15:00+05:30
2015-07-09 15:15:00+05:30,8328.6,8335.65,8323.0,8335.15,,14,regular,False,False,2015-07-09 15:15:00+05:30,2015-07-09 15:29:00+05:30
2015-07-10 09:00:00+05:30,8365.7,8375.6,8365.7,8367.75,,1,outside,False,False,2015-07-10 09:14:00+05:30,2015-07-10 09:15:00+05:30
2015-07-10 15:15:00+05:30,8362.15,8363.4,8350.9,8357.05,,14,regular,False,False,2015-07-10 15:15:00+05:30,2015-07-10 15:29:00+05:30
2015-07-13 09:00:00+05:30,8397.25,8403.65,8387.35,8390.15,,1,outside,False,False,2015-07-13 09:14:00+05:30,2015-07-13 09:15:00+05:30
2015-07-13 15:15:00+05:30,8459.95,8463.7,8455.95,8461.4,,14,regular,False,False,2015-07-13 15:15:00+05:30,2015-07-13 15:29:00+05:30
2015-07-14 09:00:00+05:30,8470.6,8470.6,8449.5,8451.35,,1,outside,False,False,2015-07-14 09:14:00+05:30,2015-07-14 09:15:00+05:30
2015-07-14 15:15:00+05:30,8454.15,8455.95,8441.05,8442.4,,14,regular,False,False,2015-07-14 15:15:00+05:30,2015-07-14 15:29:00+05:30
2015-07-15 09:00:00+05:30,8463.4,8475.05,8463.4,8474.1,,1,outside,False,False,2015-07-15 09:14:00+05:30,2015-07-15 09:15:00+05:30
2015-07-15 15:15:00+05:30,8526.8,8529.2,8522.8,8526.0,,14,regular,False,False,2015-07-15 15:15:00+05:30,2015-07-15 15:29:00+05:30
2015-07-16 09:00:00+05:30,8545.8,8557.4,8543.85,8554.45,,1,outside,False,False,2015-07-16 09:14:00+05:30,2015-07-16 09:15:00+05:30
2015-07-16 15:15:00+05:30,8607.7,8615.95,8605.75,8610.8,,14,regular,False,False,2015-07-16 15:15:00+05:30,2015-07-16 15:29:00+05:30
2015-07-17 09:00:00+05:30,8623.65,8623.7,8617.25,8620.9,,1,outside,False,False,2015-07-17 09:14:00+05:30,2015-07-17 09:15:00+05:30
2015-07-17 15:15:00+05:30,8608.1,8617.45,8604.35,8613.85,,14,regular,False,False,2015-07-17 15:15:00+05:30,2015-07-17 15:29:00+05:30
2015-07-20 09:00:00+05:30,8623.9,8623.9,8615.75,8618.45,,1,outside,False,False,2015-07-20 09:14:00+05:30,2015-07-20 09:15:00+05:30
2015-07-20 11:00:00+05:30,8578.95,8581.15,8574.15,8577.35,,11,regular,False,False,2015-07-20 11:00:00+05:30,2015-07-20 11:12:00+05:30
2015-07-20 11:15:00+05:30,8578.6,8584.0,8578.05,8578.65,,14,regular,False,False,2015-07-20 11:16:00+05:30,2015-07-20 11:30:00+05:30
2015-07-20 15:15:00+05:30,8600.1,8602.85,8596.45,8602.3,,14,regular,False,False,2015-07-20 15:15:00+05:30,2015-07-20 15:29:00+05:30
2015-07-21 09:00:00+05:30,8601.5,8630.0,8596.1,8624.8,,1,outside,False,False,2015-07-21 09:14:00+05:30,2015-07-21 09:15:00+05:30
2015-07-21 15:15:00+05:30,8527.0,8534.65,8523.05,8531.9,,14,regular,False,False,2015-07-21 15:15:00+05:30,2015-07-21 15:29:00+05:30
2015-07-22 09:00:00+05:30,8512.25,8512.25,8499.55,8508.9,,1,outside,False,False,2015-07-22 09:14:00+05:30,2015-07-22 09:15:00+05:30
2015-07-22 15:15:00+05:30,8633.95,8641.8,8626.2,8631.65,,14,regular,False,False,2015-07-22 15:15:00+05:30,2015-07-22 15:29:00+05:30
2015-07-23 09:00:00+05:30,8643.95,8644.1,8628.7,8628.7,,1,outside,False,False,2015-07-23 09:14:00+05:30,2015-07-23 09:15:00+05:30
2015-07-23 15:15:00+05:30,8587.5,8593.1,8584.45,8586.8,,14,regular,False,False,2015-07-23 15:15:00+05:30,2015-07-23 15:29:00+05:30
2015-07-24 09:00:00+05:30,8588.15,8588.15,8561.6,8566.7,,1,outside,False,False,2015-07-24 09:14:00+05:30,2015-07-24 09:15:00+05:30
2015-07-24 15:15:00+05:30,8520.05,8529.75,8516.7,8527.1,,14,regular,False,False,2015-07-24 15:15:00+05:30,2015-07-24 15:29:00+05:30
2015-07-27 09:00:00+05:30,8492.1,8492.1,8461.05,8463.95,,1,outside,False,False,2015-07-27 09:14:00+05:30,2015-07-27 09:15:00+05:30
2015-07-27 15:15:00+05:30,8357.15,8369.0,8352.5,8362.0,,14,regular,False,False,2015-07-27 15:15:00+05:30,2015-07-27 15:29:00+05:30
2015-07-28 09:00:00+05:30,8371.1,8379.4,8371.1,8377.45,,1,outside,False,False,2015-07-28 09:14:00+05:30,2015-07-28 09:15:00+05:30
2015-07-28 15:15:00+05:30,8335.4,8344.25,8329.55,8341.2,,14,regular,False,False,2015-07-28 15:15:00+05:30,2015-07-28 15:29:00+05:30
2015-07-29 09:00:00+05:30,8365.6,8374.2,8359.95,8372.05,,1,outside,False,False,2015-07-29 09:14:00+05:30,2015-07-29 09:15:00+05:30
2015-07-29 15:15:00+05:30,8372.65,8380.55,8372.65,8380.35,,14,regular,False,False,2015-07-29 15:15:00+05:30,2015-07-29 15:29:00+05:30
2015-07-30 09:00:00+05:30,8413.2,8421.2,8413.2,8415.1,,1,outside,False,False,2015-07-30 09:14:00+05:30,2015-07-30 09:15:00+05:30
2015-07-30 15:15:00+05:30,8418.85,8436.8,8417.35,8429.05,,14,regular,False,False,2015-07-30 15:15:00+05:30,2015-07-30 15:29:00+05:30
2015-07-31 09:00:00+05:30,8456.1,8466.1,8449.25,8457.1,,1,outside,False,False,2015-07-31 09:14:00+05:30,2015-07-31 09:15:00+05:30
2015-07-31 15:15:00+05:30,8535.65,8535.65,8524.8,8530.95,,14,regular,False,False,2015-07-31 15:15:00+05:30,2015-07-31 15:29:00+05:30
2015-08-03 09:00:00+05:30,8510.65,8530.8,8510.65,8530.6,,1,outside,False,False,2015-08-03 09:14:00+05:30,2015-08-03 09:15:00+05:30
2015-08-03 15:15:00+05:30,8544.4,8544.85,8534.8,8538.7,,14,regular,False,False,2015-08-03 15:15:00+05:30,2015-08-03 15:29:00+05:30
2015-08-04 09:00:00+05:30,8564.1,8564.35,8546.95,8551.35,,1,outside,False,False,2015-08-04 09:14:00+05:30,2015-08-04 09:15:00+05:30
2015-08-04 15:15:00+05:30,8515.3,8529.45,8514.75,8524.25,,14,regular,False,False,2015-08-04 15:15:00+05:30,2015-08-04 15:29:00+05:30
2015-08-05 09:00:00+05:30,8547.4,8566.0,8547.4,8565.1,,1,outside,False,False,2015-08-05 09:14:00+05:30,2015-08-05 09:15:00+05:30
2015-08-05 15:15:00+05:30,8570.0,8572.75,8561.25,8567.05,,14,regular,False,False,2015-08-05 15:15:00+05:30,2015-08-05 15:29:00+05:30
2015-08-06 09:00:00+05:30,8585.8,8589.4,8567.45,8568.05,,1,outside,False,False,2015-08-06 09:14:00+05:30,2015-08-06 09:15:00+05:30
2015-08-06 15:15:00+05:30,8592.95,8593.85,8580.5,8587.0,,14,regular,False,False,2015-08-06 15:15:00+05:30,2015-08-06 15:29:00+05:30
2015-08-07 09:00:00+05:30,8580.8,8588.65,8570.05,8576.1,,1,outside,False,False,2015-08-07 09:14:00+05:30,2015-08-07 09:15:00+05:30
2015-08-07 15:15:00+05:30,8567.65,8573.95,8563.65,8570.45,,14,regular,False,False,2015-08-07 15:15:00+05:30,2015-08-07 15:29:00+05:30
2015-08-10 09:00:00+05:30,8577.0,8577.0,8567.35,8567.35,,1,outside,False,False,2015-08-10 09:14:00+05:30,2015-08-10 09:15:00+05:30
2015-08-10 09:30:00+05:30,8606.25,8609.1,8594.6,8606.35,,14,regular,False,False,2015-08-10 09:30:00+05:30,2015-08-10 09:45:00+05:30
2015-08-10 10:45:00+05:30,8612.65,8618.4,8605.35,8607.4,,14,regular,False,False,2015-08-10 10:45:00+05:30,2015-08-10 11:00:00+05:30
2015-08-10 15:15:00+05:30,8509.85,8527.9,8502.9,8502.9,,14,regular,False,False,2015-08-10 15:15:00+05:30,2015-08-10 15:29:00+05:30
2015-08-11 09:00:00+05:30,8549.85,8555.75,8515.75,8516.8,,1,outside,False,False,2015-08-11 09:14:00+05:30,2015-08-11 09:15:00+05:30
2015-08-11 15:15:00+05:30,8461.35,8472.15,8457.45,8467.4,,14,regular,False,False,2015-08-11 15:15:00+05:30,2015-08-11 15:29:00+05:30
2015-08-12 09:00:00+05:30,8446.7,8446.7,8409.85,8412.2,,1,outside,False,False,2015-08-12 09:14:00+05:30,2015-08-12 09:15:00+05:30
2015-08-12 15:15:00+05:30,8345.65,8356.55,8338.0,8353.95,,14,regular,False,False,2015-08-12 15:15:00+05:30,2015-08-12 15:29:00+05:30
2015-08-13 09:00:00+05:30,8385.3,8407.95,8371.95,8407.95,,1,outside,False,False,2015-08-13 09:14:00+05:30,2015-08-13 09:15:00+05:30
2015-08-13 09:15:00+05:30,8406.85,8429.15,8403.45,8418.2,,14,regular,False,False,2015-08-13 09:15:00+05:30,2015-08-13 09:30:00+05:30
2015-08-13 15:15:00+05:30,8352.9,8383.2,8350.1,8383.15,,14,regular,False,False,2015-08-13 15:15:00+05:30,2015-08-13 15:29:00+05:30
2015-08-14 09:00:00+05:30,8402.35,8408.15,8399.55,8400.0,,1,outside,False,False,2015-08-14 09:14:00+05:30,2015-08-14 09:15:00+05:30
2015-08-14 15:15:00+05:30,8524.9,8529.95,8516.35,8518.9,,14,regular,False,False,2015-08-14 15:15:00+05:30,2015-08-14 15:29:00+05:30
2015-08-17 09:00:00+05:30,8530.5,8530.5,8507.3,8509.1,,1,outside,False,False,2015-08-17 09:14:00+05:30,2015-08-17 09:15:00+05:30
2015-08-17 15:15:00+05:30,8475.2,8478.3,8469.35,8471.85,,14,regular,False,False,2015-08-17 15:15:00+05:30,2015-08-17 15:29:00+05:30
2015-08-18 09:00:00+05:30,8503.75,8510.6,8502.6,8505.4,,1,outside,False,False,2015-08-18 09:14:00+05:30,2015-08-18 09:15:00+05:30
2015-08-18 15:15:00+05:30,8470.15,8470.5,8462.1,8466.25,,14,regular,False,False,2015-08-18 15:15:00+05:30,2015-08-18 15:29:00+05:30
2015-08-19 09:00:00+05:30,8468.05,8468.05,8440.7,8448.8,,1,outside,False,False,2015-08-19 09:14:00+05:30,2015-08-19 09:15:00+05:30
2015-08-19 15:15:00+05:30,8490.85,8499.45,8488.55,8493.9,,14,regular,False,False,2015-08-19 15:15:00+05:30,2015-08-19 15:29:00+05:30
2015-08-20 09:00:00+05:30,8477.15,8477.15,8460.3,8465.6,,1,outside,False,False,2015-08-20 09:14:00+05:30,2015-08-20 09:15:00+05:30
2015-08-20 15:15:00+05:30,8372.05,8387.75,8370.8,8387.2,,14,regular,False,False,2015-08-20 15:15:00+05:30,2015-08-20 15:29:00+05:30
2015-08-21 09:00:00+05:30,8298.7,8298.7,8240.05,8243.1,,1,outside,False,False,2015-08-21 09:14:00+05:30,2015-08-21 09:15:00+05:30
2015-08-21 15:15:00+05:30,8302.1,8310.45,8277.1,8284.65,,14,regular,False,False,2015-08-21 15:15:00+05:30,2015-08-21 15:29:00+05:30
2015-08-24 09:00:00+05:30,8055.95,8055.95,7992.7,8011.75,,1,outside,False,False,2015-08-24 09:14:00+05:30,2015-08-24 09:15:00+05:30
2015-08-24 09:30:00+05:30,8039.15,8045.0,8023.6,8042.4,,11,regular,False,False,2015-08-24 09:30:00+05:30,2015-08-24 09:45:00+05:30
2015-08-24 15:15:00+05:30,7819.15,7819.2,7769.7,7798.95,,14,regular,False,False,2015-08-24 15:15:00+05:30,2015-08-24 15:29:00+05:30
2015-08-25 09:00:00+05:30,7896.55,7923.4,7896.55,7922.6,,1,outside,False,False,2015-08-25 09:14:00+05:30,2015-08-25 09:15:00+05:30
2015-08-25 15:15:00+05:30,7879.55,7911.65,7872.95,7906.35,,14,regular,False,False,2015-08-25 15:15:00+05:30,2015-08-25 15:29:00+05:30
2015-08-26 09:00:00+05:30,7865.25,7865.25,7806.55,7807.65,,1,outside,False,False,2015-08-26 09:14:00+05:30,2015-08-26 09:15:00+05:30
2015-08-26 15:15:00+05:30,7781.3,7796.15,7780.3,7789.15,,14,regular,False,False,2015-08-26 15:15:00+05:30,2015-08-26 15:29:00+05:30
2015-08-27 09:00:00+05:30,7919.15,7922.05,7885.2,7886.95,,1,outside,False,False,2015-08-27 09:14:00+05:30,2015-08-27 09:15:00+05:30
2015-08-27 15:15:00+05:30,7950.9,7960.25,7940.85,7960.25,,14,regular,False,False,2015-08-27 15:15:00+05:30,2015-08-27 15:29:00+05:30
2015-08-28 09:00:00+05:30,8053.7,8053.7,8043.95,8046.3,,1,outside,False,False,2015-08-28 09:14:00+05:30,2015-08-28 09:15:00+05:30
2015-08-28 15:15:00+05:30,8003.1,8010.9,7992.45,7995.75,,14,regular,False,False,2015-08-28 15:15:00+05:30,2015-08-28 15:29:00+05:30
2015-08-31 09:00:00+05:30,8006.7,8006.7,7961.85,7964.8,,1,outside,False,False,2015-08-31 09:14:00+05:30,2015-08-31 09:15:00+05:30
2015-08-31 15:15:00+05:30,7969.15,7979.1,7967.65,7971.0,,14,regular,False,False,2015-08-31 15:15:00+05:30,2015-08-31 15:29:00+05:30
2015-09-01 09:00:00+05:30,7907.95,7908.35,7887.05,7894.35,,1,outside,False,False,2015-09-01 09:14:00+05:30,2015-09-01 09:15:00+05:30
2015-09-01 15:15:00+05:30,7788.35,7803.85,7779.35,7781.4,,14,regular,False,False,2015-09-01 15:15:00+05:30,2015-09-01 15:29:00+05:30
2015-09-02 09:00:00+05:30,7857.8,7857.8,7830.6,7830.6,,1,outside,False,False,2015-09-02 09:14:00+05:30,2015-09-02 09:15:00+05:30
2015-09-02 09:30:00+05:30,7792.25,7817.55,7779.5,7814.65,,7,regular,False,False,2015-09-02 09:30:00+05:30,2015-09-02 09:45:00+05:30
2015-09-02 15:15:00+05:30,7724.3,7730.8,7715.1,7727.65,,14,regular,False,False,2015-09-02 15:15:00+05:30,2015-09-02 15:29:00+05:30
2015-09-03 09:00:00+05:30,7774.45,7780.35,7766.35,7773.85,,1,outside,False,False,2015-09-03 09:14:00+05:30,2015-09-03 09:15:00+05:30
2015-09-03 15:15:00+05:30,7828.45,7832.85,7817.85,7831.25,,14,regular,False,False,2015-09-03 15:15:00+05:30,2015-09-03 15:29:00+05:30
2015-09-04 09:00:00+05:30,7803.4,7803.4,7772.1,7773.55,,1,outside,False,False,2015-09-04 09:14:00+05:30,2015-09-04 09:15:00+05:30
2015-09-04 15:15:00+05:30,7651.45,7656.05,7649.0,7655.95,,14,regular,False,False,2015-09-04 15:15:00+05:30,2015-09-04 15:29:00+05:30
2015-09-07 09:00:00+05:30,7690.65,7691.35,7647.0,7647.35,,1,outside,False,False,2015-09-07 09:14:00+05:30,2015-09-07 09:15:00+05:30
2015-09-07 13:15:00+05:30,7623.3,7628.45,7620.8,7620.8,,7,regular,False,False,2015-09-07 13:15:00+05:30,2015-09-07 13:29:00+05:30
2015-09-07 15:15:00+05:30,7557.55,7565.0,7546.35,7552.95,,14,regular,False,False,2015-09-07 15:15:00+05:30,2015-09-07 15:29:00+05:30
2015-09-08 09:00:00+05:30,7587.7,7594.75,7555.75,7557.25,,1,outside,False,False,2015-09-08 09:14:00+05:30,2015-09-08 09:15:00+05:30
2015-09-08 15:15:00+05:30,7673.65,7705.05,7670.0,7701.85,,14,regular,False,False,2015-09-08 15:15:00+05:30,2015-09-08 15:29:00+05:30
2015-09-09 09:00:00+05:30,7806.1,7820.8,7806.1,7813.95,,1,outside,False,False,2015-09-09 09:14:00+05:30,2015-09-09 09:15:00+05:30
2015-09-09 15:15:00+05:30,7823.5,7824.0,7801.0,7804.85,,14,regular,False,False,2015-09-09 15:15:00+05:30,2015-09-09 15:29:00+05:30
2015-09-10 09:00:00+05:30,7721.35,7721.35,7697.55,7702.4,,1,outside,False,False,2015-09-10 09:14:00+05:30,2015-09-10 09:15:00+05:30
2015-09-10 15:15:00+05:30,7793.35,7819.45,7788.3,7819.3,,14,regular,False,False,2015-09-10 15:15:00+05:30,2015-09-10 15:29:00+05:30
2015-09-11 09:00:00+05:30,7832.5,7839.8,7831.7,7833.05,,1,outside,False,False,2015-09-11 09:14:00+05:30,2015-09-11 09:15:00+05:30
2015-09-11 15:15:00+05:30,7764.95,7788.4,7762.6,7783.65,,14,regular,False,False,2015-09-11 15:15:00+05:30,2015-09-11 15:29:00+05:30
2015-09-14 09:00:00+05:30,7811.1,7811.1,7774.0,7775.9,,1,outside,False,False,2015-09-14 09:14:00+05:30,2015-09-14 09:15:00+05:30
2015-09-14 15:15:00+05:30,7878.8,7878.8,7862.45,7867.85,,14,regular,False,False,2015-09-14 15:15:00+05:30,2015-09-14 15:29:00+05:30
2015-09-15 09:00:00+05:30,7867.85,7867.85,7845.35,7852.45,,1,outside,False,False,2015-09-15 09:14:00+05:30,2015-09-15 09:15:00+05:30
2015-09-15 15:15:00+05:30,7829.1,7830.1,7814.4,7818.45,,14,regular,False,False,2015-09-15 15:15:00+05:30,2015-09-15 15:29:00+05:30
2015-09-16 09:00:00+05:30,7886.2,7886.2,7868.95,7870.3,,1,outside,False,False,2015-09-16 09:14:00+05:30,2015-09-16 09:15:00+05:30
2015-09-16 14:30:00+05:30,7886.6,7896.2,7882.55,7893.8,,14,regular,False,False,2015-09-16 14:30:00+05:30,2015-09-16 14:45:00+05:30
2015-09-16 15:15:00+05:30,7899.6,7900.25,7887.25,7888.15,,14,regular,False,False,2015-09-16 15:15:00+05:30,2015-09-16 15:29:00+05:30
2015-09-18 09:00:00+05:30,7963.2,7968.45,7961.25,7965.45,,1,outside,False,False,2015-09-18 09:14:00+05:30,2015-09-18 09:15:00+05:30
2015-09-18 10:30:00+05:30,8030.3,8035.95,8025.2,8026.55,,14,regular,False,False,2015-09-18 10:30:00+05:30,2015-09-18 10:44:00+05:30
2015-09-18 15:15:00+05:30,7995.8,7997.65,7957.05,7967.4,,14,regular,False,False,2015-09-18 15:15:00+05:30,2015-09-18 15:29:00+05:30
2015-09-21 09:00:00+05:30,7910.95,7918.8,7909.0,7915.9,,1,outside,False,False,2015-09-21 09:14:00+05:30,2015-09-21 09:15:00+05:30
2015-09-21 15:15:00+05:30,7974.0,7984.75,7972.3,7983.4,,14,regular,False,False,2015-09-21 15:15:00+05:30,2015-09-21 15:29:00+05:30
2015-09-22 09:00:00+05:30,8014.8,8018.0,8002.05,8002.05,,1,outside,False,False,2015-09-22 09:14:00+05:30,2015-09-22 09:15:00+05:30
2015-09-22 15:15:00+05:30,7815.1,7815.1,7789.15,7789.8,,14,regular,False,False,2015-09-22 15:15:00+05:30,2015-09-22 15:29:00+05:30
2015-09-23 09:00:00+05:30,7737.35,7737.35,7725.25,7733.65,,1,outside,False,False,2015-09-23 09:14:00+05:30,2015-09-23 09:15:00+05:30
2015-09-23 13:30:00+05:30,7823.85,7863.65,7821.9,7856.05,,13,regular,False,False,2015-09-23 13:30:00+05:30,2015-09-23 13:45:00+05:30
2015-09-23 15:15:00+05:30,7851.3,7856.95,7841.25,7856.95,,14,regular,False,False,2015-09-23 15:15:00+05:30,2015-09-23 15:29:00+05:30
2015-09-24 09:00:00+05:30,7835.5,7839.7,7820.15,7823.6,,1,outside,False,False,2015-09-24 09:14:00+05:30,2015-09-24 09:15:00+05:30
2015-09-24 15:15:00+05:30,7865.55,7875.05,7864.15,7868.5,,14,regular,False,False,2015-09-24 15:15:00+05:30,2015-09-24 15:29:00+05:30
2015-09-28 09:00:00+05:30,7892.8,7892.8,7855.85,7860.75,,1,outside,False,False,2015-09-28 09:14:00+05:30,2015-09-28 09:15:00+05:30
2015-09-28 15:15:00+05:30,7798.75,7803.55,7789.0,7802.45,,14,regular,False,False,2015-09-28 15:15:00+05:30,2015-09-28 15:29:00+05:30
2015-09-29 09:00:00+05:30,7725.7,7725.7,7701.4,7711.7,,1,outside,False,False,2015-09-29 09:14:00+05:30,2015-09-29 09:15:00+05:30
2015-09-29 15:15:00+05:30,7845.4,7845.9,7824.15,7829.7,,14,regular,False,False,2015-09-29 15:15:00+05:30,2015-09-29 15:29:00+05:30
2015-09-30 09:00:00+05:30,7924.25,7924.25,7897.25,7897.25,,1,outside,False,False,2015-09-30 09:14:00+05:30,2015-09-30 09:15:00+05:30
2015-09-30 15:15:00+05:30,7952.95,7955.05,7945.6,7947.25,,14,regular,False,False,2015-09-30 15:15:00+05:30,2015-09-30 15:29:00+05:30
2015-10-01 09:00:00+05:30,7986.9,8006.9,7986.9,8006.6,,1,outside,False,False,2015-10-01 09:14:00+05:30,2015-10-01 09:15:00+05:30
2015-10-01 15:15:00+05:30,7946.3,7955.6,7943.0,7947.1,,14,regular,False,False,2015-10-01 15:15:00+05:30,2015-10-01 15:29:00+05:30
2015-10-05 09:00:00+05:30,8009.55,8028.85,8008.45,8026.65,,1,outside,False,False,2015-10-05 09:14:00+05:30,2015-10-05 09:15:00+05:30
2015-10-05 15:15:00+05:30,8118.25,8128.9,8115.95,8126.4,,14,regular,False,False,2015-10-05 15:15:00+05:30,2015-10-05 15:29:00+05:30
2015-10-06 09:00:00+05:30,8180.45,8180.45,8149.95,8150.8,,1,outside,False,False,2015-10-06 09:14:00+05:30,2015-10-06 09:15:00+05:30
2015-10-06 15:15:00+05:30,8149.9,8153.35,8146.1,8148.55,,14,regular,False,False,2015-10-06 15:15:00+05:30,2015-10-06 15:29:00+05:30
2015-10-07 09:00:00+05:30,8146.2,8146.3,8133.95,8140.8,,1,outside,False,False,2015-10-07 09:14:00+05:30,2015-10-07 09:15:00+05:30
2015-10-07 15:15:00+05:30,8174.0,8187.25,8174.0,8182.4,,14,regular,False,False,2015-10-07 15:15:00+05:30,2015-10-07 15:29:00+05:30
2015-10-08 09:00:00+05:30,8196.75,8196.75,8169.75,8170.5,,1,outside,False,False,2015-10-08 09:14:00+05:30,2015-10-08 09:15:00+05:30
2015-10-08 15:15:00+05:30,8129.05,8136.05,8126.55,8127.7,,14,regular,False,False,2015-10-08 15:15:00+05:30,2015-10-08 15:29:00+05:30
2015-10-09 09:00:00+05:30,8187.65,8200.85,8184.85,8200.4,,1,outside,False,False,2015-10-09 09:14:00+05:30,2015-10-09 09:15:00+05:30
2015-10-09 15:15:00+05:30,8183.2,8189.1,8177.15,8178.0,,14,regular,False,False,2015-10-09 15:15:00+05:30,2015-10-09 15:29:00+05:30
2015-10-12 09:00:00+05:30,8231.5,8234.0,8214.35,8216.55,,1,outside,False,False,2015-10-12 09:14:00+05:30,2015-10-12 09:15:00+05:30
2015-10-12 15:15:00+05:30,8145.0,8152.1,8141.15,8144.25,,14,regular,False,False,2015-10-12 15:15:00+05:30,2015-10-12 15:29:00+05:30
2015-10-13 09:00:00+05:30,8121.7,8140.9,8121.7,8140.65,,1,outside,False,False,2015-10-13 09:14:00+05:30,2015-10-13 09:15:00+05:30
2015-10-13 15:15:00+05:30,8131.3,8136.3,8125.1,8128.15,,14,regular,False,False,2015-10-13 15:15:00+05:30,2015-10-13 15:29:00+05:30
2015-10-14 09:00:00+05:30,8102.4,8113.0,8096.9,8113.0,,1,outside,False,False,2015-10-14 09:14:00+05:30,2015-10-14 09:15:00+05:30
2015-10-14 15:15:00+05:30,8108.1,8110.9,8104.75,8108.7,,14,regular,False,False,2015-10-14 15:15:00+05:30,2015-10-14 15:29:00+05:30
2015-10-15 09:00:00+05:30,8134.35,8159.7,8130.85,8154.35,,1,outside,False,False,2015-10-15 09:14:00+05:30,2015-10-15 09:15:00+05:30
2015-10-15 15:15:00+05:30,8177.4,8181.6,8174.1,8178.75,,14,regular,False,False,2015-10-15 15:15:00+05:30,2015-10-15 15:29:00+05:30
2015-10-16 09:00:00+05:30,8193.65,8195.95,8170.15,8173.1,,1,outside,False,False,2015-10-16 09:14:00+05:30,2015-10-16 09:15:00+05:30
2015-10-16 15:15:00+05:30,8234.6,8244.4,8233.05,8241.5,,14,regular,False,False,2015-10-16 15:15:00+05:30,2015-10-16 15:29:00+05:30
2015-10-19 09:00:00+05:30,8262.55,8263.45,8248.65,8253.05,,1,outside,False,False,2015-10-19 09:14:00+05:30,2015-10-19 09:15:00+05:30
2015-10-19 15:15:00+05:30,8269.6,8282.65,8268.05,8271.55,,14,regular,False,False,2015-10-19 15:15:00+05:30,2015-10-19 15:29:00+05:30
2015-10-20 09:00:00+05:30,8281.3,8281.3,8266.0,8269.95,,1,outside,False,False,2015-10-20 09:14:00+05:30,2015-10-20 09:15:00+05:30
2015-10-20 15:15:00+05:30,8260.9,8268.1,8251.5,8253.6,,14,regular,False,False,2015-10-20 15:15:00+05:30,2015-10-20 15:29:00+05:30
2015-10-21 09:00:00+05:30,8258.35,8268.4,8256.85,8267.45,,1,outside,False,False,2015-10-21 09:14:00+05:30,2015-10-21 09:15:00+05:30
2015-10-21 15:15:00+05:30,8254.35,8258.0,8245.4,8249.1,,14,regular,False,False,2015-10-21 15:15:00+05:30,2015-10-21 15:29:00+05:30
2015-10-23 09:00:00+05:30,8308.25,8323.7,8308.25,8321.1,,1,outside,False,False,2015-10-23 09:14:00+05:30,2015-10-23 09:15:00+05:30
2015-10-23 15:15:00+05:30,8297.95,8299.9,8294.8,8296.85,,14,regular,False,False,2015-10-23 15:15:00+05:30,2015-10-23 15:29:00+05:30
2015-10-26 09:00:00+05:30,8333.65,8335.35,8319.45,8319.45,,1,outside,False,False,2015-10-26 09:14:00+05:30,2015-10-26 09:15:00+05:30
2015-10-26 15:15:00+05:30,8258.85,8265.0,8252.25,8254.5,,14,regular,False,False,2015-10-26 15:15:00+05:30,2015-10-26 15:29:00+05:30
2015-10-27 09:00:00+05:30,8232.35,8236.35,8230.3,8236.35,,1,outside,False,False,2015-10-27 09:14:00+05:30,2015-10-27 09:15:00+05:30
2015-10-27 15:15:00+05:30,8229.85,8236.8,8226.5,8227.85,,14,regular,False,False,2015-10-27 15:15:00+05:30,2015-10-27 15:29:00+05:30
2015-10-28 09:00:00+05:30,8188.9,8200.45,8182.3,8199.45,,1,outside,False,False,2015-10-28 09:14:00+05:30,2015-10-28 09:15:00+05:30
2015-10-28 15:15:00+05:30,8172.8,8183.2,8171.5,8177.2,,14,regular,False,False,2015-10-28 15:15:00+05:30,2015-10-28 15:29:00+05:30
2015-10-29 09:00:00+05:30,8177.0,8177.75,8163.85,8166.0,,1,outside,False,False,2015-10-29 09:14:00+05:30,2015-10-29 09:15:00+05:30
2015-10-29 15:15:00+05:30,8112.55,8118.7,8098.15,8118.7,,14,regular,False,False,2015-10-29 15:15:00+05:30,2015-10-29 15:29:00+05:30
2015-10-30 09:00:00+05:30,8123.55,8123.55,8093.1,8095.9,,1,outside,False,False,2015-10-30 09:14:00+05:30,2015-10-30 09:15:00+05:30
2015-10-30 15:15:00+05:30,8064.35,8068.7,8054.0,8056.35,,14,regular,False,False,2015-10-30 15:15:00+05:30,2015-10-30 15:29:00+05:30
2015-11-02 09:00:00+05:30,8055.65,8056.8,8046.0,8049.5,,1,outside,False,False,2015-11-02 09:14:00+05:30,2015-11-02 09:15:00+05:30
2015-11-02 15:15:00+05:30,8047.7,8060.55,8046.35,8050.95,,14,regular,False,False,2015-11-02 15:15:00+05:30,2015-11-02 15:29:00+05:30
2015-11-03 09:00:00+05:30,8085.95,8088.2,8080.4,8081.65,,1,outside,False,False,2015-11-03 09:14:00+05:30,2015-11-03 09:15:00+05:30
2015-11-03 15:15:00+05:30,8063.6,8065.25,8045.55,8047.9,,14,regular,False,False,2015-11-03 15:15:00+05:30,2015-11-03 15:29:00+05:30
2015-11-04 09:00:00+05:30,8104.9,8114.4,8104.9,8112.5,,1,outside,False,False,2015-11-04 09:14:00+05:30,2015-11-04 09:15:00+05:30
2015-11-04 15:15:00+05:30,8039.3,8043.95,8027.45,8030.35,,14,regular,False,False,2015-11-04 15:15:00+05:30,2015-11-04 15:29:00+05:30
2015-11-05 09:00:00+05:30,8029.4,8029.4,8013.5,8017.9,,1,outside,False,False,2015-11-05 09:14:00+05:30,2015-11-05 09:15:00+05:30
2015-11-05 15:15:00+05:30,7953.3,7961.1,7944.3,7947.95,,14,regular,False,False,2015-11-05 15:15:00+05:30,2015-11-05 15:29:00+05:30
2015-11-06 09:00:00+05:30,7956.55,7960.15,7953.95,7959.65,,1,outside,False,False,2015-11-06 09:14:00+05:30,2015-11-06 09:15:00+05:30
2015-11-06 15:15:00+05:30,7952.25,7962.65,7951.75,7962.15,,14,regular,False,False,2015-11-06 15:15:00+05:30,2015-11-06 15:29:00+05:30
2015-11-09 09:00:00+05:30,7788.25,7788.25,7772.8,7782.55,,1,outside,False,False,2015-11-09 09:14:00+05:30,2015-11-09 09:15:00+05:30
2015-11-09 15:15:00+05:30,7912.35,7917.15,7902.7,7911.35,,14,regular,False,False,2015-11-09 15:15:00+05:30,2015-11-09 15:29:00+05:30
2015-11-10 09:00:00+05:30,7877.6,7882.85,7875.5,7879.15,,1,outside,False,False,2015-11-10 09:14:00+05:30,2015-11-10 09:15:00+05:30
2015-11-10 15:15:00+05:30,7777.05,7789.3,7773.15,7783.45,,14,regular,False,False,2015-11-10 15:15:00+05:30,2015-11-10 15:29:00+05:30
2015-11-11 17:15:00+05:30,7783.35,7833.35,7748.8,7831.9,,1,evening,False,False,2015-11-11 17:29:00+05:30,2015-11-11 17:30:00+05:30
2015-11-11 17:30:00+05:30,7832.7,7847.5,7828.95,7841.75,,12,evening,False,False,2015-11-11 17:30:00+05:30,2015-11-11 17:45:00+05:30
2015-11-11 18:30:00+05:30,7822.7,7830.2,7819.55,7828.7,,14,evening,False,False,2015-11-11 18:30:00+05:30,2015-11-11 18:44:00+05:30
2015-11-13 09:00:00+05:30,7762.45,7762.45,7757.05,7758.75,,1,outside,False,False,2015-11-13 09:14:00+05:30,2015-11-13 09:15:00+05:30
2015-11-13 15:15:00+05:30,7760.4,7764.45,7758.65,7761.1,,14,regular,False,False,2015-11-13 15:15:00+05:30,2015-11-13 15:29:00+05:30
2015-11-16 09:00:00+05:30,7732.95,7732.95,7723.95,7731.8,,1,outside,False,False,2015-11-16 09:14:00+05:30,2015-11-16 09:15:00+05:30
2015-11-16 15:15:00+05:30,7798.35,7811.2,7798.35,7808.65,,14,regular,False,False,2015-11-16 15:15:00+05:30,2015-11-16 15:29:00+05:30
2015-11-17 09:00:00+05:30,7848.75,7848.75,7834.7,7835.75,,1,outside,False,False,2015-11-17 09:14:00+05:30,2015-11-17 09:15:00+05:30
2015-11-17 15:15:00+05:30,7837.55,7840.7,7829.5,7830.35,,14,regular,False,False,2015-11-17 15:15:00+05:30,2015-11-17 15:29:00+05:30
2015-11-18 09:00:00+05:30,7817.0,7825.2,7813.65,7825.2,,1,outside,False,False,2015-11-18 09:14:00+05:30,2015-11-18 09:15:00+05:30
2015-11-18 15:15:00+05:30,7730.75,7735.15,7726.5,7729.05,,14,regular,False,False,2015-11-18 15:15:00+05:30,2015-11-18 15:29:00+05:30
2015-11-19 09:00:00+05:30,7788.8,7788.8,7781.35,7782.3,,1,outside,False,False,2015-11-19 09:14:00+05:30,2015-11-19 09:15:00+05:30
2015-11-19 15:15:00+05:30,7846.4,7854.75,7839.95,7844.75,,14,regular,False,False,2015-11-19 15:15:00+05:30,2015-11-19 15:29:00+05:30
2015-11-20 09:00:00+05:30,7841.9,7841.9,7830.35,7831.75,,1,outside,False,False,2015-11-20 09:14:00+05:30,2015-11-20 09:15:00+05:30
2015-11-20 15:15:00+05:30,7850.95,7858.0,7844.45,7851.8,,14,regular,False,False,2015-11-20 15:15:00+05:30,2015-11-20 15:29:00+05:30
2015-11-23 09:00:00+05:30,7871.15,7871.15,7855.7,7861.8,,1,outside,False,False,2015-11-23 09:14:00+05:30,2015-11-23 09:15:00+05:30
2015-11-23 15:15:00+05:30,7844.75,7852.1,7844.3,7847.55,,14,regular,False,False,2015-11-23 15:15:00+05:30,2015-11-23 15:29:00+05:30
2015-11-24 09:00:00+05:30,7837.0,7839.55,7813.55,7820.0,,1,outside,False,False,2015-11-24 09:14:00+05:30,2015-11-24 09:15:00+05:30
2015-11-24 15:15:00+05:30,7830.75,7834.65,7827.45,7832.4,,14,regular,False,False,2015-11-24 15:15:00+05:30,2015-11-24 15:29:00+05:30
2015-11-26 09:00:00+05:30,7837.15,7855.4,7836.05,7854.05,,1,outside,False,False,2015-11-26 09:14:00+05:30,2015-11-26 09:15:00+05:30
2015-11-26 15:15:00+05:30,7885.85,7895.3,7882.3,7892.55,,14,regular,False,False,2015-11-26 15:15:00+05:30,2015-11-26 15:29:00+05:30
2015-11-27 09:00:00+05:30,7910.6,7910.6,7890.05,7895.8,,1,outside,False,False,2015-11-27 09:14:00+05:30,2015-11-27 09:15:00+05:30
2015-11-27 15:15:00+05:30,7945.75,7949.5,7941.5,7945.65,,14,regular,False,False,2015-11-27 15:15:00+05:30,2015-11-27 15:29:00+05:30
2015-11-30 09:00:00+05:30,7940.0,7940.0,7929.15,7930.5,,1,outside,False,False,2015-11-30 09:14:00+05:30,2015-11-30 09:15:00+05:30
2015-11-30 15:15:00+05:30,7935.85,7945.0,7923.45,7939.5,,14,regular,False,False,2015-11-30 15:15:00+05:30,2015-11-30 15:29:00+05:30
2015-12-01 09:00:00+05:30,7958.15,7967.75,7958.15,7967.35,,1,outside,False,False,2015-12-01 09:14:00+05:30,2015-12-01 09:15:00+05:30
2015-12-01 15:15:00+05:30,7956.2,7956.7,7948.45,7955.15,,14,regular,False,False,2015-12-01 15:15:00+05:30,2015-12-01 15:29:00+05:30
2015-12-02 09:00:00+05:30,7976.65,7976.65,7966.4,7967.35,,1,outside,False,False,2015-12-02 09:14:00+05:30,2015-12-02 09:15:00+05:30
2015-12-02 15:15:00+05:30,7933.1,7933.1,7921.45,7924.25,,14,regular,False,False,2015-12-02 15:15:00+05:30,2015-12-02 15:29:00+05:30
2015-12-03 09:00:00+05:30,7901.15,7903.05,7894.75,7902.9,,1,outside,False,False,2015-12-03 09:14:00+05:30,2015-12-03 09:15:00+05:30
2015-12-03 15:15:00+05:30,7859.1,7867.6,7856.85,7865.5,,14,regular,False,False,2015-12-03 15:15:00+05:30,2015-12-03 15:29:00+05:30
2015-12-04 09:00:00+05:30,7817.6,7817.7,7803.95,7806.7,,1,outside,False,False,2015-12-04 09:14:00+05:30,2015-12-04 09:15:00+05:30
2015-12-04 15:15:00+05:30,7782.75,7787.7,7775.9,7787.7,,14,regular,False,False,2015-12-04 15:15:00+05:30,2015-12-04 15:29:00+05:30
2015-12-07 09:00:00+05:30,7818.2,7825.35,7817.2,7818.45,,1,outside,False,False,2015-12-07 09:14:00+05:30,2015-12-07 09:15:00+05:30
2015-12-07 15:15:00+05:30,7764.5,7767.85,7762.6,7765.5,,14,regular,False,False,2015-12-07 15:15:00+05:30,2015-12-07 15:29:00+05:30
2015-12-08 09:00:00+05:30,7738.5,7743.5,7735.3,7743.35,,1,outside,False,False,2015-12-08 09:14:00+05:30,2015-12-08 09:15:00+05:30
2015-12-08 15:15:00+05:30,7696.55,7699.7,7685.55,7690.3,,14,regular,False,False,2015-12-08 15:15:00+05:30,2015-12-08 15:29:00+05:30
2015-12-09 09:00:00+05:30,7695.5,7697.95,7691.75,7697.95,,1,outside,False,False,2015-12-09 09:14:00+05:30,2015-12-09 09:15:00+05:30
2015-12-09 15:15:00+05:30,7612.3,7620.1,7610.2,7618.25,,14,regular,False,False,2015-12-09 15:15:00+05:30,2015-12-09 15:29:00+05:30
2015-12-10 09:00:00+05:30,7643.3,7646.1,7641.95,7645.4,,1,outside,False,False,2015-12-10 09:14:00+05:30,2015-12-10 09:15:00+05:30
2015-12-10 15:15:00+05:30,7686.7,7686.7,7678.5,7682.55,,14,regular,False,False,2015-12-10 15:15:00+05:30,2015-12-10 15:29:00+05:30
2015-12-11 09:00:00+05:30,7699.45,7702.8,7671.65,7673.1,,1,outside,False,False,2015-12-11 09:14:00+05:30,2015-12-11 09:15:00+05:30
2015-12-11 15:15:00+05:30,7605.65,7616.25,7605.45,7610.1,,14,regular,False,False,2015-12-11 15:15:00+05:30,2015-12-11 15:29:00+05:30
2015-12-14 09:00:00+05:30,7558.2,7573.6,7553.4,7573.6,,1,outside,False,False,2015-12-14 09:14:00+05:30,2015-12-14 09:15:00+05:30
2015-12-14 15:15:00+05:30,7649.2,7660.6,7648.35,7659.25,,14,regular,False,False,2015-12-14 15:15:00+05:30,2015-12-14 15:29:00+05:30
2015-12-15 09:00:00+05:30,7659.4,7662.85,7646.1,7652.8,,1,outside,False,False,2015-12-15 09:14:00+05:30,2015-12-15 09:15:00+05:30
2015-12-15 15:15:00+05:30,7701.9,7704.65,7692.05,7692.6,,14,regular,False,False,2015-12-15 15:15:00+05:30,2015-12-15 15:29:00+05:30
2015-12-16 09:00:00+05:30,7725.25,7728.5,7721.45,7725.7,,1,outside,False,False,2015-12-16 09:14:00+05:30,2015-12-16 09:15:00+05:30
2015-12-16 15:15:00+05:30,7747.05,7753.6,7742.75,7751.65,,14,regular,False,False,2015-12-16 15:15:00+05:30,2015-12-16 15:29:00+05:30
2015-12-17 09:00:00+05:30,7784.3,7791.75,7782.55,7791.45,,1,outside,False,False,2015-12-17 09:14:00+05:30,2015-12-17 09:15:00+05:30
2015-12-17 15:15:00+05:30,7846.4,7852.5,7835.8,7838.4,,14,regular,False,False,2015-12-17 15:15:00+05:30,2015-12-17 15:29:00+05:30
2015-12-18 09:00:00+05:30,7828.9,7828.9,7811.65,7815.5,,1,outside,False,False,2015-12-18 09:14:00+05:30,2015-12-18 09:15:00+05:30
2015-12-18 15:15:00+05:30,7761.6,7770.05,7757.35,7763.05,,14,regular,False,False,2015-12-18 15:15:00+05:30,2015-12-18 15:29:00+05:30
2015-12-21 09:00:00+05:30,7745.65,7751.05,7739.15,7750.75,,1,outside,False,False,2015-12-21 09:14:00+05:30,2015-12-21 09:15:00+05:30
2015-12-21 15:15:00+05:30,7835.8,7840.05,7827.9,7830.6,,14,regular,False,False,2015-12-21 15:15:00+05:30,2015-12-21 15:29:00+05:30
2015-12-22 09:00:00+05:30,7829.4,7829.65,7817.55,7819.0,,1,outside,False,False,2015-12-22 09:14:00+05:30,2015-12-22 09:15:00+05:30
2015-12-22 10:15:00+05:30,7824.7,7830.65,7823.8,7825.75,,7,regular,False,False,2015-12-22 10:15:00+05:30,2015-12-22 10:22:00+05:30
2015-12-22 10:30:00+05:30,7826.6,7827.4,7823.95,7825.35,,5,regular,False,False,2015-12-22 10:40:00+05:30,2015-12-22 10:45:00+05:30
2015-12-22 15:15:00+05:30,7784.05,7790.25,7778.6,7787.25,,14,regular,False,False,2015-12-22 15:15:00+05:30,2015-12-22 15:29:00+05:30
2015-12-23 09:00:00+05:30,7830.45,7833.8,7826.55,7828.35,,1,outside,False,False,2015-12-23 09:14:00+05:30,2015-12-23 09:15:00+05:30
2015-12-23 15:15:00+05:30,7866.85,7867.65,7862.0,7862.5,,14,regular,False,False,2015-12-23 15:15:00+05:30,2015-12-23 15:29:00+05:30
2015-12-24 09:00:00+05:30,7888.75,7888.75,7874.35,7874.35,,1,outside,False,False,2015-12-24 09:14:00+05:30,2015-12-24 09:15:00+05:30
2015-12-24 15:15:00+05:30,7857.0,7868.2,7856.8,7863.0,,14,regular,False,False,2015-12-24 15:15:00+05:30,2015-12-24 15:29:00+05:30
2015-12-28 09:00:00+05:30,7865.1,7878.85,7864.45,7878.25,,1,outside,False,False,2015-12-28 09:14:00+05:30,2015-12-28 09:15:00+05:30
2015-12-28 15:15:00+05:30,7928.85,7929.65,7917.1,7917.4,,14,regular,False,False,2015-12-28 15:15:00+05:30,2015-12-28 15:29:00+05:30
2015-12-29 09:00:00+05:30,7928.95,7933.2,7924.4,7928.35,,1,outside,False,False,2015-12-29 09:14:00+05:30,2015-12-29 09:15:00+05:30
2015-12-29 15:15:00+05:30,7930.6,7934.9,7926.8,7930.3,,14,regular,False,False,2015-12-29 15:15:00+05:30,2015-12-29 15:29:00+05:30
2015-12-30 09:00:00+05:30,7940.35,7941.3,7933.5,7934.85,,1,outside,False,False,2015-12-30 09:14:00+05:30,2015-12-30 09:15:00+05:30
2015-12-30 15:15:00+05:30,7894.9,7898.7,7890.15,7895.1,,14,regular,False,False,2015-12-30 15:15:00+05:30,2015-12-30 15:29:00+05:30
2015-12-31 09:00:00+05:30,7897.65,7906.65,7897.65,7906.65,,1,outside,False,False,2015-12-31 09:14:00+05:30,2015-12-31 09:15:00+05:30
2015-12-31 15:15:00+05:30,7949.25,7950.15,7939.5,7939.75,,14,regular,False,False,2015-12-31 15:15:00+05:30,2015-12-31 15:29:00+05:30
2016-01-01 09:00:00+05:30,7938.45,7939.25,7927.35,7927.95,,1,outside,False,False,2016-01-01 09:14:00+05:30,2016-01-01 09:15:00+05:30
2016-01-01 15:15:00+05:30,7964.7,7966.2,7957.45,7957.45,,14,regular,False,False,2016-01-01 15:15:00+05:30,2016-01-01 15:29:00+05:30
2016-01-04 09:00:00+05:30,7924.55,7924.55,7902.95,7906.9,,1,outside,False,False,2016-01-04 09:14:00+05:30,2016-01-04 09:15:00+05:30
2016-01-04 15:15:00+05:30,7784.7,7795.05,7781.5,7789.15,,14,regular,False,False,2016-01-04 15:15:00+05:30,2016-01-04 15:29:00+05:30
2016-01-05 09:00:00+05:30,7828.4,7830.25,7824.5,7828.25,,1,outside,False,False,2016-01-05 09:14:00+05:30,2016-01-05 09:15:00+05:30
2016-01-05 15:15:00+05:30,7783.75,7786.8,7776.85,7779.0,,14,regular,False,False,2016-01-05 15:15:00+05:30,2016-01-05 15:29:00+05:30
2016-01-06 09:00:00+05:30,7788.05,7788.05,7763.85,7765.05,,1,outside,False,False,2016-01-06 09:14:00+05:30,2016-01-06 09:15:00+05:30
2016-01-06 15:15:00+05:30,7736.15,7743.15,7731.8,7733.4,,14,regular,False,False,2016-01-06 15:15:00+05:30,2016-01-06 15:29:00+05:30
2016-01-07 09:00:00+05:30,7673.35,7673.35,7641.5,7641.5,,1,outside,False,False,2016-01-07 09:14:00+05:30,2016-01-07 09:15:00+05:30
2016-01-07 15:15:00+05:30,7568.55,7571.5,7557.25,7569.65,,14,regular,False,False,2016-01-07 15:15:00+05:30,2016-01-07 15:29:00+05:30
2016-01-08 09:00:00+05:30,7611.65,7621.05,7611.65,7616.7,,1,outside,False,False,2016-01-08 09:14:00+05:30,2016-01-08 09:15:00+05:30
2016-01-08 15:15:00+05:30,7599.85,7607.95,7597.75,7607.15,,14,regular,False,False,2016-01-08 15:15:00+05:30,2016-01-08 15:29:00+05:30
2016-01-11 09:00:00+05:30,7527.45,7527.45,7496.25,7496.5,,1,outside,False,False,2016-01-11 09:14:00+05:30,2016-01-11 09:15:00+05:30
2016-01-11 15:15:00+05:30,7557.75,7572.1,7554.25,7572.1,,14,regular,False,False,2016-01-11 15:15:00+05:30,2016-01-11 15:29:00+05:30
2016-01-12 09:00:00+05:30,7587.2,7587.2,7572.3,7574.0,,1,outside,False,False,2016-01-12 09:14:00+05:30,2016-01-12 09:15:00+05:30
2016-01-12 15:15:00+05:30,7505.95,7514.5,7503.6,7510.65,,14,regular,False,False,2016-01-12 15:15:00+05:30,2016-01-12 15:29:00+05:30
2016-01-13 09:00:00+05:30,7562.8,7567.55,7560.35,7561.85,,1,outside,False,False,2016-01-13 09:14:00+05:30,2016-01-13 09:15:00+05:30
2016-01-13 15:15:00+05:30,7567.2,7567.95,7549.1,7556.65,,14,regular,False,False,2016-01-13 15:15:00+05:30,2016-01-13 15:29:00+05:30
2016-01-14 09:00:00+05:30,7470.95,7471.65,7452.5,7457.25,,1,outside,False,False,2016-01-14 09:14:00+05:30,2016-01-14 09:15:00+05:30
2016-01-14 15:15:00+05:30,7540.2,7544.15,7531.1,7541.0,,14,regular,False,False,2016-01-14 15:15:00+05:30,2016-01-14 15:29:00+05:30
2016-01-15 09:00:00+05:30,7561.65,7565.85,7532.3,7536.45,,1,outside,False,False,2016-01-15 09:14:00+05:30,2016-01-15 09:15:00+05:30
2016-01-15 15:15:00+05:30,7443.4,7443.6,7430.65,7433.95,,14,regular,False,False,2016-01-15 15:15:00+05:30,2016-01-15 15:29:00+05:30
2016-01-18 09:00:00+05:30,7425.3,7454.9,7420.55,7454.55,,1,outside,False,False,2016-01-18 09:14:00+05:30,2016-01-18 09:15:00+05:30
2016-01-18 15:15:00+05:30,7349.15,7355.6,7347.5,7351.15,,14,regular,False,False,2016-01-18 15:15:00+05:30,2016-01-18 15:29:00+05:30
2016-01-19 09:00:00+05:30,7381.8,7392.95,7381.8,7389.1,,1,outside,False,False,2016-01-19 09:14:00+05:30,2016-01-19 09:15:00+05:30
2016-01-19 15:15:00+05:30,7434.55,7440.45,7430.95,7440.05,,14,regular,False,False,2016-01-19 15:15:00+05:30,2016-01-19 15:29:00+05:30
2016-01-20 09:00:00+05:30,7350.1,7419.95,7329.2,7329.3,,1,outside,False,False,2016-01-20 09:14:00+05:30,2016-01-20 09:15:00+05:30
2016-01-20 15:15:00+05:30,7307.5,7318.55,7304.05,7317.0,,14,regular,False,False,2016-01-20 15:15:00+05:30,2016-01-20 15:29:00+05:30
2016-01-21 09:00:00+05:30,7376.65,7387.25,7373.65,7380.65,,1,outside,False,False,2016-01-21 09:14:00+05:30,2016-01-21 09:15:00+05:30
2016-01-21 15:15:00+05:30,7269.85,7282.95,7265.9,7280.05,,14,regular,False,False,2016-01-21 15:15:00+05:30,2016-01-21 15:29:00+05:30
2016-01-22 09:00:00+05:30,7355.7,7355.7,7344.6,7345.05,,1,outside,False,False,2016-01-22 09:14:00+05:30,2016-01-22 09:15:00+05:30
2016-01-22 15:15:00+05:30,7428.3,7428.3,7418.0,7422.9,,14,regular,False,False,2016-01-22 15:15:00+05:30,2016-01-22 15:29:00+05:30
2016-01-25 09:00:00+05:30,7468.75,7471.8,7449.6,7450.15,,1,outside,False,False,2016-01-25 09:14:00+05:30,2016-01-25 09:15:00+05:30
2016-01-25 15:15:00+05:30,7432.95,7441.6,7432.45,7436.4,,14,regular,False,False,2016-01-25 15:15:00+05:30,2016-01-25 15:29:00+05:30
2016-01-27 09:00:00+05:30,7474.4,7475.85,7443.25,7443.25,,1,outside,False,False,2016-01-27 09:14:00+05:30,2016-01-27 09:15:00+05:30
2016-01-27 15:15:00+05:30,7440.6,7441.35,7428.7,7431.35,,14,regular,False,False,2016-01-27 15:15:00+05:30,2016-01-27 15:29:00+05:30
2016-01-28 09:00:00+05:30,7426.5,7426.5,7412.9,7422.5,,1,outside,False,False,2016-01-28 09:14:00+05:30,2016-01-28 09:15:00+05:30
2016-01-28 15:15:00+05:30,7419.9,7427.8,7417.15,7426.6,,14,regular,False,False,2016-01-28 15:15:00+05:30,2016-01-28 15:29:00+05:30
2016-01-29 09:00:00+05:30,7413.35,7469.85,7409.3,7469.85,,1,outside,False,False,2016-01-29 09:14:00+05:30,2016-01-29 09:15:00+05:30
2016-01-29 15:15:00+05:30,7568.7,7575.3,7551.4,7559.4,,14,regular,False,False,2016-01-29 15:15:00+05:30,2016-01-29 15:29:00+05:30
2016-02-01 09:00:00+05:30,7589.5,7590.55,7567.45,7572.7,,1,outside,False,False,2016-02-01 09:14:00+05:30,2016-02-01 09:15:00+05:30
2016-02-01 15:15:00+05:30,7550.25,7559.95,7547.4,7549.45,,14,regular,False,False,2016-02-01 15:15:00+05:30,2016-02-01 15:29:00+05:30
2016-02-02 09:00:00+05:30,7566.65,7566.65,7555.25,7563.6,,1,outside,False,False,2016-02-02 09:14:00+05:30,2016-02-02 09:15:00+05:30
2016-02-02 15:15:00+05:30,7449.55,7450.5,7428.2,7440.7,,14,regular,False,False,2016-02-02 15:15:00+05:30,2016-02-02 15:29:00+05:30
2016-02-03 09:00:00+05:30,7392.45,7392.45,7371.95,7372.75,,1,outside,False,False,2016-02-03 09:14:00+05:30,2016-02-03 09:15:00+05:30
2016-02-03 15:15:00+05:30,7358.2,7382.95,7353.25,7373.3,,14,regular,False,False,2016-02-03 15:15:00+05:30,2016-02-03 15:29:00+05:30
2016-02-04 09:00:00+05:30,7411.45,7426.5,7411.45,7426.4,,1,outside,False,False,2016-02-04 09:14:00+05:30,2016-02-04 09:15:00+05:30
2016-02-04 15:15:00+05:30,7406.7,7416.65,7403.5,7412.8,,14,regular,False,False,2016-02-04 15:15:00+05:30,2016-02-04 15:29:00+05:30
2016-02-05 09:00:00+05:30,7418.25,7420.6,7411.4,7414.45,,1,outside,False,False,2016-02-05 09:14:00+05:30,2016-02-05 09:15:00+05:30
2016-02-05 15:15:00+05:30,7488.2,7501.75,7487.25,7500.1,,14,regular,False,False,2016-02-05 15:15:00+05:30,2016-02-05 15:29:00+05:30
2016-02-08 09:00:00+05:30,7489.7,7489.7,7473.8,7476.5,,1,outside,False,False,2016-02-08 09:14:00+05:30,2016-02-08 09:15:00+05:30
2016-02-08 15:15:00+05:30,7379.55,7391.25,7363.5,7365.05,,14,regular,False,False,2016-02-08 15:15:00+05:30,2016-02-08 15:29:00+05:30
2016-02-09 09:00:00+05:30,7299.85,7299.85,7282.3,7286.85,,1,outside,False,False,2016-02-09 09:14:00+05:30,2016-02-09 09:15:00+05:30
2016-02-09 15:15:00+05:30,7297.2,7303.25,7293.5,7301.0,,14,regular,False,False,2016-02-09 15:15:00+05:30,2016-02-09 15:29:00+05:30
2016-02-10 09:00:00+05:30,7260.45,7264.7,7251.6,7263.8,,1,outside,False,False,2016-02-10 09:14:00+05:30,2016-02-10 09:15:00+05:30
2016-02-10 15:15:00+05:30,7207.3,7226.3,7204.95,7220.25,,14,regular,False,False,2016-02-10 15:15:00+05:30,2016-02-10 15:29:00+05:30
2016-02-11 09:00:00+05:30,7208.0,7208.0,7189.5,7191.45,,1,outside,False,False,2016-02-11 09:14:00+05:30,2016-02-11 09:15:00+05:30
2016-02-11 15:15:00+05:30,6987.25,6988.2,6960.2,6975.7,,14,regular,False,False,2016-02-11 15:15:00+05:30,2016-02-11 15:29:00+05:30
2016-02-12 09:00:00+05:30,7023.65,7025.4,7010.9,7012.8,,1,outside,False,False,2016-02-12 09:14:00+05:30,2016-02-12 09:15:00+05:30
2016-02-12 15:15:00+05:30,6985.15,6987.6,6966.1,6970.55,,14,regular,False,False,2016-02-12 15:15:00+05:30,2016-02-12 15:29:00+05:30
2016-02-15 09:00:00+05:30,7057.35,7076.0,7057.35,7076.0,,1,outside,False,False,2016-02-15 09:14:00+05:30,2016-02-15 09:15:00+05:30
2016-02-15 15:15:00+05:30,7163.45,7167.25,7152.7,7158.2,,14,regular,False,False,2016-02-15 15:15:00+05:30,2016-02-15 15:29:00+05:30
2016-02-16 09:00:00+05:30,7198.55,7198.55,7185.75,7187.75,,1,outside,False,False,2016-02-16 09:14:00+05:30,2016-02-16 09:15:00+05:30
2016-02-16 15:15:00+05:30,7042.0,7047.75,7037.95,7044.6,,14,regular,False,False,2016-02-16 15:15:00+05:30,2016-02-16 15:29:00+05:30
2016-02-17 09:00:00+05:30,7058.15,7058.15,7032.4,7032.4,,1,outside,False,False,2016-02-17 09:14:00+05:30,2016-02-17 09:15:00+05:30
2016-02-17 15:15:00+05:30,7106.7,7123.35,7106.15,7120.7,,14,regular,False,False,2016-02-17 15:15:00+05:30,2016-02-17 15:29:00+05:30
2016-02-18 09:00:00+05:30,7177.4,7185.8,7177.2,7185.8,,1,outside,False,False,2016-02-18 09:14:00+05:30,2016-02-18 09:15:00+05:30
2016-02-18 15:15:00+05:30,7197.0,7197.65,7177.8,7178.5,,14,regular,False,False,2016-02-18 15:15:00+05:30,2016-02-18 15:29:00+05:30
2016-02-19 09:00:00+05:30,7170.55,7170.55,7146.05,7152.15,,1,outside,False,False,2016-02-19 09:14:00+05:30,2016-02-19 09:15:00+05:30
2016-02-19 15:15:00+05:30,7213.05,7213.65,7198.8,7202.0,,14,regular,False,False,2016-02-19 15:15:00+05:30,2016-02-19 15:29:00+05:30
2016-02-22 09:00:00+05:30,7213.6,7213.6,7201.35,7206.85,,1,outside,False,False,2016-02-22 09:14:00+05:30,2016-02-22 09:15:00+05:30
2016-02-22 15:15:00+05:30,7230.25,7238.1,7227.9,7232.9,,14,regular,False,False,2016-02-22 15:15:00+05:30,2016-02-22 15:29:00+05:30
2016-02-23 09:00:00+05:30,7240.3,7240.3,7214.45,7218.45,,1,outside,False,False,2016-02-23 09:14:00+05:30,2016-02-23 09:15:00+05:30
2016-02-23 15:15:00+05:30,7108.15,7108.75,7094.55,7094.55,,14,regular,False,False,2016-02-23 15:15:00+05:30,2016-02-23 15:29:00+05:30
2016-02-24 09:00:00+05:30,7075.0,7075.55,7067.6,7074.15,,1,outside,False,False,2016-02-24 09:14:00+05:30,2016-02-24 09:15:00+05:30
2016-02-24 15:15:00+05:30,7016.95,7026.05,7016.35,7020.45,,14,regular,False,False,2016-02-24 15:15:00+05:30,2016-02-24 15:29:00+05:30
2016-02-25 09:00:00+05:30,7029.85,7032.9,7011.6,7014.8,,1,outside,False,False,2016-02-25 09:14:00+05:30,2016-02-25 09:15:00+05:30
2016-02-25 15:15:00+05:30,6966.25,6985.0,6965.05,6983.4,,14,regular,False,False,2016-02-25 15:15:00+05:30,2016-02-25 15:29:00+05:30
2016-02-26 09:00:00+05:30,7039.3,7052.3,7037.9,7048.85,,1,outside,False,False,2016-02-26 09:14:00+05:30,2016-02-26 09:15:00+05:30
2016-02-26 15:15:00+05:30,7026.8,7038.55,7024.95,7035.95,,14,regular,False,False,2016-02-26 15:15:00+05:30,2016-02-26 15:29:00+05:30
2016-02-29 09:00:00+05:30,7050.45,7052.1,7011.15,7011.3,,1,outside,False,False,2016-02-29 09:14:00+05:30,2016-02-29 09:15:00+05:30
2016-02-29 15:15:00+05:30,6976.6,6999.55,6976.6,6998.55,,14,regular,False,False,2016-02-29 15:15:00+05:30,2016-02-29 15:29:00+05:30
2016-03-01 09:00:00+05:30,7038.25,7049.25,7038.25,7040.05,,1,outside,False,False,2016-03-01 09:14:00+05:30,2016-03-01 09:15:00+05:30
2016-03-01 15:15:00+05:30,7230.65,7235.5,7224.05,7228.55,,14,regular,False,False,2016-03-01 15:15:00+05:30,2016-03-01 15:29:00+05:30
2016-03-02 09:00:00+05:30,7321.7,7344.1,7318.75,7338.05,,1,outside,False,False,2016-03-02 09:14:00+05:30,2016-03-02 09:15:00+05:30
2016-03-02 15:15:00+05:30,7369.55,7378.9,7368.25,7376.25,,14,regular,False,False,2016-03-02 15:15:00+05:30,2016-03-02 15:29:00+05:30
2016-03-03 09:00:00+05:30,7422.2,7425.85,7419.3,7425.85,,1,outside,False,False,2016-03-03 09:14:00+05:30,2016-03-03 09:15:00+05:30
2016-03-03 15:15:00+05:30,7478.65,7483.65,7470.05,7473.05,,14,regular,False,False,2016-03-03 15:15:00+05:30,2016-03-03 15:29:00+05:30
2016-03-04 09:00:00+05:30,7502.35,7502.55,7483.6,7484.65,,1,outside,False,False,2016-03-04 09:14:00+05:30,2016-03-04 09:15:00+05:30
2016-03-04 15:15:00+05:30,7479.95,7504.7,7478.35,7501.85,,14,regular,False,False,2016-03-04 15:15:00+05:30,2016-03-04 15:29:00+05:30
2016-03-08 09:00:00+05:30,7486.4,7501.95,7486.4,7501.65,,1,outside,False,False,2016-03-08 09:14:00+05:30,2016-03-08 09:15:00+05:30
2016-03-08 15:15:00+05:30,7476.85,7494.5,7476.6,7482.0,,14,regular,False,False,2016-03-08 15:15:00+05:30,2016-03-08 15:29:00+05:30
2016-03-09 09:00:00+05:30,7436.1,7441.8,7430.1,7440.75,,1,outside,False,False,2016-03-09 09:14:00+05:30,2016-03-09 09:15:00+05:30
2016-03-09 15:15:00+05:30,7533.6,7538.0,7530.65,7532.5,,14,regular,False,False,2016-03-09 15:15:00+05:30,2016-03-09 15:29:00+05:30
2016-03-10 09:00:00+05:30,7547.05,7547.05,7519.85,7519.85,,1,outside,False,False,2016-03-10 09:14:00+05:30,2016-03-10 09:15:00+05:30
2016-03-10 15:15:00+05:30,7481.8,7489.2,7479.95,7481.8,,14,regular,False,False,2016-03-10 15:15:00+05:30,2016-03-10 15:29:00+05:30
2016-03-11 09:00:00+05:30,7488.15,7499.2,7483.6,7495.5,,1,outside,False,False,2016-03-11 09:14:00+05:30,2016-03-11 09:15:00+05:30
2016-03-11 15:15:00+05:30,7502.3,7516.95,7501.05,7514.35,,14,regular,False,False,2016-03-11 15:15:00+05:30,2016-03-11 15:29:00+05:30
2016-03-14 09:00:00+05:30,7542.6,7561.9,7542.6,7561.9,,1,outside,False,False,2016-03-14 09:14:00+05:30,2016-03-14 09:15:00+05:30
2016-03-14 15:15:00+05:30,7540.25,7540.25,7529.6,7529.6,,14,regular,False,False,2016-03-14 15:15:00+05:30,2016-03-14 15:29:00+05:30
2016-03-15 09:00:00+05:30,7535.85,7538.75,7522.5,7522.85,,1,outside,False,False,2016-03-15 09:14:00+05:30,2016-03-15 09:15:00+05:30
2016-03-15 15:15:00+05:30,7458.45,7466.4,7458.3,7463.1,,14,regular,False,False,2016-03-15 15:15:00+05:30,2016-03-15 15:29:00+05:30
2016-03-16 09:00:00+05:30,7459.75,7459.75,7449.7,7455.0,,1,outside,False,False,2016-03-16 09:14:00+05:30,2016-03-16 09:15:00+05:30
2016-03-16 15:15:00+05:30,7495.55,7507.5,7495.55,7502.2,,14,regular,False,False,2016-03-16 15:15:00+05:30,2016-03-16 15:29:00+05:30
2016-03-17 09:00:00+05:30,7557.4,7574.8,7557.25,7568.3,,1,outside,False,False,2016-03-17 09:14:00+05:30,2016-03-17 09:15:00+05:30
2016-03-17 15:15:00+05:30,7513.1,7516.45,7479.55,7489.6,,14,regular,False,False,2016-03-17 15:15:00+05:30,2016-03-17 15:29:00+05:30
2016-03-18 09:00:00+05:30,7534.65,7539.1,7533.0,7534.45,,1,outside,False,False,2016-03-18 09:14:00+05:30,2016-03-18 09:15:00+05:30
2016-03-18 15:15:00+05:30,7605.15,7607.0,7595.45,7600.6,,14,regular,False,False,2016-03-18 15:15:00+05:30,2016-03-18 15:29:00+05:30
2016-03-21 09:00:00+05:30,7619.2,7628.35,7619.2,7627.65,,1,outside,False,False,2016-03-21 09:14:00+05:30,2016-03-21 09:15:00+05:30
2016-03-21 15:15:00+05:30,7708.15,7713.1,7701.65,7703.55,,14,regular,False,False,2016-03-21 15:15:00+05:30,2016-03-21 15:29:00+05:30
2016-03-22 09:00:00+05:30,7699.95,7710.75,7688.95,7689.15,,1,outside,False,False,2016-03-22 09:14:00+05:30,2016-03-22 09:15:00+05:30
2016-03-22 15:15:00+05:30,7717.05,7727.5,7711.25,7713.3,,14,regular,False,False,2016-03-22 15:15:00+05:30,2016-03-22 15:29:00+05:30
2016-03-23 09:00:00+05:30,7712.4,7712.4,7701.25,7703.75,,1,outside,False,False,2016-03-23 09:14:00+05:30,2016-03-23 09:15:00+05:30
2016-03-23 15:15:00+05:30,7721.4,7726.5,7704.85,7705.2,,14,regular,False,False,2016-03-23 15:15:00+05:30,2016-03-23 15:29:00+05:30
2016-03-28 09:00:00+05:30,7741.0,7742.7,7717.8,7717.8,,1,outside,False,False,2016-03-28 09:14:00+05:30,2016-03-28 09:15:00+05:30
2016-03-28 15:15:00+05:30,7612.4,7637.1,7610.05,7630.45,,14,regular,False,False,2016-03-28 15:15:00+05:30,2016-03-28 15:29:00+05:30
2016-03-29 09:00:00+05:30,7606.55,7625.05,7604.2,7624.3,,1,outside,False,False,2016-03-29 09:14:00+05:30,2016-03-29 09:15:00+05:30
2016-03-29 15:15:00+05:30,7598.2,7599.85,7587.5,7593.0,,14,regular,False,False,2016-03-29 15:15:00+05:30,2016-03-29 15:29:00+05:30
2016-03-30 09:00:00+05:30,7651.1,7656.25,7651.1,7655.05,,1,outside,False,False,2016-03-30 09:14:00+05:30,2016-03-30 09:15:00+05:30
2016-03-30 15:15:00+05:30,7731.6,7741.65,7731.2,7737.05,,14,regular,False,False,2016-03-30 15:15:00+05:30,2016-03-30 15:29:00+05:30
2016-03-31 09:00:00+05:30,7727.65,7739.25,7726.85,7738.8,,1,outside,False,False,2016-03-31 09:14:00+05:30,2016-03-31 09:15:00+05:30
2016-03-31 15:15:00+05:30,7736.95,7761.75,7732.0,7748.15,,14,regular,False,False,2016-03-31 15:15:00+05:30,2016-03-31 15:29:00+05:30
2016-04-01 09:00:00+05:30,7718.05,7722.8,7708.2,7708.25,,1,outside,False,False,2016-04-01 09:14:00+05:30,2016-04-01 09:15:00+05:30
2016-04-01 15:15:00+05:30,7710.65,7723.4,7709.95,7712.75,,14,regular,False,False,2016-04-01 15:15:00+05:30,2016-04-01 15:29:00+05:30
2016-04-04 09:00:00+05:30,7729.95,7755.95,7729.95,7746.05,,1,outside,False,False,2016-04-04 09:14:00+05:30,2016-04-04 09:15:00+05:30
2016-04-04 15:15:00+05:30,7755.25,7764.3,7754.6,7756.5,,14,regular,False,False,2016-04-04 15:15:00+05:30,2016-04-04 15:29:00+05:30
2016-04-05 09:00:00+05:30,7736.3,7736.3,7715.8,7721.3,,1,outside,False,False,2016-04-05 09:14:00+05:30,2016-04-05 09:15:00+05:30
2016-04-05 15:15:00+05:30,7602.4,7603.1,7589.0,7592.95,,14,regular,False,False,2016-04-05 15:15:00+05:30,2016-04-05 15:29:00+05:30
2016-04-06 09:00:00+05:30,7638.05,7638.05,7622.25,7626.1,,1,outside,False,False,2016-04-06 09:14:00+05:30,2016-04-06 09:15:00+05:30
2016-04-06 15:15:00+05:30,7608.4,7622.25,7606.95,7618.3,,14,regular,False,False,2016-04-06 15:15:00+05:30,2016-04-06 15:29:00+05:30
2016-04-07 09:00:00+05:30,7630.4,7630.4,7596.2,7596.75,,1,outside,False,False,2016-04-07 09:14:00+05:30,2016-04-07 09:15:00+05:30
2016-04-07 15:15:00+05:30,7537.7,7547.1,7536.05,7542.15,,14,regular,False,False,2016-04-07 15:15:00+05:30,2016-04-07 15:29:00+05:30
2016-04-08 09:00:00+05:30,7542.05,7545.5,7536.1,7541.05,,1,outside,False,False,2016-04-08 09:14:00+05:30,2016-04-08 09:15:00+05:30
2016-04-08 15:15:00+05:30,7553.8,7559.55,7553.3,7558.3,,14,regular,False,False,2016-04-08 15:15:00+05:30,2016-04-08 15:29:00+05:30
2016-04-11 09:00:00+05:30,7576.3,7579.8,7566.1,7568.95,,1,outside,False,False,2016-04-11 09:14:00+05:30,2016-04-11 09:15:00+05:30
2016-04-11 15:15:00+05:30,7673.65,7678.55,7664.3,7664.3,,14,regular,False,False,2016-04-11 15:15:00+05:30,2016-04-11 15:29:00+05:30
2016-04-12 09:00:00+05:30,7670.5,7673.65,7664.15,7673.65,,1,outside,False,False,2016-04-12 09:14:00+05:30,2016-04-12 09:15:00+05:30
2016-04-12 15:15:00+05:30,7712.6,7713.7,7706.2,7709.15,,14,regular,False,False,2016-04-12 15:15:00+05:30,2016-04-12 15:29:00+05:30
2016-04-13 09:00:00+05:30,7776.3,7792.75,7773.0,7791.95,,1,outside,False,False,2016-04-13 09:14:00+05:30,2016-04-13 09:15:00+05:30
2016-04-13 15:15:00+05:30,7847.75,7850.65,7845.05,7848.1,,14,regular,False,False,2016-04-13 15:15:00+05:30,2016-04-13 15:29:00+05:30
2016-04-18 09:00:00+05:30,7908.1,7912.3,7888.8,7891.25,,1,outside,False,False,2016-04-18 09:14:00+05:30,2016-04-18 09:15:00+05:30
2016-04-18 15:15:00+05:30,7919.15,7920.35,7906.95,7907.8,,14,regular,False,False,2016-04-18 15:15:00+05:30,2016-04-18 15:29:00+05:30
2016-04-20 09:00:00+05:30,7946.0,7946.0,7921.15,7921.8,,1,outside,False,False,2016-04-20 09:14:00+05:30,2016-04-20 09:15:00+05:30
2016-04-20 15:15:00+05:30,7910.75,7920.35,7909.95,7919.3,,14,regular,False,False,2016-04-20 15:15:00+05:30,2016-04-20 15:29:00+05:30
2016-04-21 09:00:00+05:30,7956.35,7968.8,7956.35,7968.25,,1,outside,False,False,2016-04-21 09:14:00+05:30,2016-04-21 09:15:00+05:30
2016-04-21 15:15:00+05:30,7920.95,7921.05,7896.3,7897.0,,14,regular,False,False,2016-04-21 15:15:00+05:30,2016-04-21 15:29:00+05:30
2016-04-22 09:00:00+05:30,7891.8,7896.95,7887.4,7888.5,,1,outside,False,False,2016-04-22 09:14:00+05:30,2016-04-22 09:15:00+05:30
2016-04-22 15:15:00+05:30,7900.8,7905.25,7897.7,7902.55,,14,regular,False,False,2016-04-22 15:15:00+05:30,2016-04-22 15:29:00+05:30
2016-04-25 09:00:00+05:30,7894.8,7910.4,7894.8,7909.05,,1,outside,False,False,2016-04-25 09:14:00+05:30,2016-04-25 09:15:00+05:30
2016-04-25 15:15:00+05:30,7848.75,7866.25,7847.3,7864.85,,14,regular,False,False,2016-04-25 15:15:00+05:30,2016-04-25 15:29:00+05:30
2016-04-26 09:00:00+05:30,7828.2,7833.45,7824.3,7832.7,,1,outside,False,False,2016-04-26 09:14:00+05:30,2016-04-26 09:15:00+05:30
2016-04-26 15:15:00+05:30,7964.15,7967.8,7952.1,7955.4,,14,regular,False,False,2016-04-26 15:15:00+05:30,2016-04-26 15:29:00+05:30
2016-04-27 09:00:00+05:30,7942.0,7960.0,7941.2,7959.95,,1,outside,False,False,2016-04-27 09:14:00+05:30,2016-04-27 09:15:00+05:30
2016-04-27 15:15:00+05:30,7976.1,7980.5,7975.25,7976.75,,14,regular,False,False,2016-04-27 15:15:00+05:30,2016-04-27 15:29:00+05:30
2016-04-28 09:00:00+05:30,7967.4,7968.9,7960.2,7968.85,,1,outside,False,False,2016-04-28 09:14:00+05:30,2016-04-28 09:15:00+05:30
2016-04-28 15:15:00+05:30,7840.1,7851.6,7834.9,7851.05,,14,regular,False,False,2016-04-28 15:15:00+05:30,2016-04-28 15:29:00+05:30
2016-04-29 09:00:00+05:30,7842.4,7845.1,7832.35,7834.0,,1,outside,False,False,2016-04-29 09:14:00+05:30,2016-04-29 09:15:00+05:30
2016-04-29 15:15:00+05:30,7849.05,7859.1,7843.1,7845.5,,14,regular,False,False,2016-04-29 15:15:00+05:30,2016-04-29 15:29:00+05:30
2016-05-02 09:00:00+05:30,7822.7,7822.7,7807.15,7807.75,,1,outside,False,False,2016-05-02 09:14:00+05:30,2016-05-02 09:15:00+05:30
2016-05-02 15:15:00+05:30,7800.65,7809.85,7799.7,7807.15,,14,regular,False,False,2016-05-02 15:15:00+05:30,2016-05-02 15:29:00+05:30
2016-05-03 09:00:00+05:30,7824.8,7830.4,7824.8,7825.6,,1,outside,False,False,2016-05-03 09:14:00+05:30,2016-05-03 09:15:00+05:30
2016-05-03 15:15:00+05:30,7745.65,7751.85,7739.55,7742.75,,14,regular,False,False,2016-05-03 15:15:00+05:30,2016-05-03 15:29:00+05:30
2016-05-04 09:00:00+05:30,7723.9,7725.65,7717.15,7725.15,,1,outside,False,False,2016-05-04 09:14:00+05:30,2016-05-04 09:15:00+05:30
2016-05-04 15:15:00+05:30,7698.65,7707.05,7697.6,7700.35,,14,regular,False,False,2016-05-04 15:15:00+05:30,2016-05-04 15:29:00+05:30
2016-05-05 09:00:00+05:30,7731.0,7736.05,7726.05,7736.05,,1,outside,False,False,2016-05-05 09:14:00+05:30,2016-05-05 09:15:00+05:30
2016-05-05 15:15:00+05:30,7734.2,7741.45,7728.75,7738.7,,14,regular,False,False,2016-05-05 15:15:00+05:30,2016-05-05 15:29:00+05:30
2016-05-06 09:00:00+05:30,7717.65,7717.65,7696.15,7696.95,,1,outside,False,False,2016-05-06 09:14:00+05:30,2016-05-06 09:15:00+05:30
2016-05-06 15:15:00+05:30,7735.15,7738.0,7731.8,7734.25,,14,regular,False,False,2016-05-06 15:15:00+05:30,2016-05-06 15:29:00+05:30
2016-05-09 09:00:00+05:30,7755.25,7784.15,7755.25,7783.25,,1,outside,False,False,2016-05-09 09:14:00+05:30,2016-05-09 09:15:00+05:30
2016-05-09 15:15:00+05:30,7866.05,7870.2,7861.95,7868.55,,14,regular,False,False,2016-05-09 15:15:00+05:30,2016-05-09 15:29:00+05:30
2016-05-10 09:00:00+05:30,7871.0,7873.5,7856.8,7862.3,,1,outside,False,False,2016-05-10 09:14:00+05:30,2016-05-10 09:15:00+05:30
2016-05-10 15:15:00+05:30,7888.55,7893.3,7884.35,7889.9,,14,regular,False,False,2016-05-10 15:15:00+05:30,2016-05-10 15:29:00+05:30
2016-05-11 09:00:00+05:30,7804.65,7804.65,7781.1,7786.85,,1,outside,False,False,2016-05-11 09:14:00+05:30,2016-05-11 09:15:00+05:30
2016-05-11 15:15:00+05:30,7847.55,7854.7,7846.35,7851.85,,14,regular,False,False,2016-05-11 15:15:00+05:30,2016-05-11 15:29:00+05:30
2016-05-12 09:00:00+05:30,7871.45,7880.3,7871.45,7874.8,,1,outside,False,False,2016-05-12 09:14:00+05:30,2016-05-12 09:15:00+05:30
2016-05-12 15:15:00+05:30,7900.05,7907.35,7897.1,7905.2,,14,regular,False,False,2016-05-12 15:15:00+05:30,2016-05-12 15:29:00+05:30
2016-05-13 09:00:00+05:30,7879.45,7879.45,7862.9,7865.35,,1,outside,False,False,2016-05-13 09:14:00+05:30,2016-05-13 09:15:00+05:30
2016-05-13 15:15:00+05:30,7819.2,7820.15,7811.65,7813.6,,14,regular,False,False,2016-05-13 15:15:00+05:30,2016-05-13 15:29:00+05:30
2016-05-16 09:00:00+05:30,7831.2,7844.85,7827.45,7841.4,,1,outside,False,False,2016-05-16 09:14:00+05:30,2016-05-16 09:15:00+05:30
2016-05-16 15:15:00+05:30,7857.85,7862.6,7856.05,7859.3,,14,regular,False,False,2016-05-16 15:15:00+05:30,2016-05-16 15:29:00+05:30
2016-05-17 09:00:00+05:30,7896.85,7909.05,7895.25,7907.05,,1,outside,False,False,2016-05-17 09:14:00+05:30,2016-05-17 09:15:00+05:30
2016-05-17 15:15:00+05:30,7892.75,7894.3,7880.1,7887.5,,14,regular,False,False,2016-05-17 15:15:00+05:30,2016-05-17 15:29:00+05:30
2016-05-18 09:00:00+05:30,7846.75,7846.75,7826.8,7833.65,,1,outside,False,False,2016-05-18 09:14:00+05:30,2016-05-18 09:15:00+05:30
2016-05-18 15:15:00+05:30,7867.3,7882.05,7866.65,7872.85,,14,regular,False,False,2016-05-18 15:15:00+05:30,2016-05-18 15:29:00+05:30
2016-05-19 09:00:00+05:30,7875.5,7875.5,7845.2,7852.15,,1,outside,False,False,2016-05-19 09:14:00+05:30,2016-05-19 09:15:00+05:30
2016-05-19 15:15:00+05:30,7781.4,7786.2,7767.1,7767.1,,14,regular,False,False,2016-05-19 15:15:00+05:30,2016-05-19 15:29:00+05:30
2016-05-20 09:00:00+05:30,7792.2,7792.2,7781.1,7791.2,,1,outside,False,False,2016-05-20 09:14:00+05:30,2016-05-20 09:15:00+05:30
2016-05-20 15:15:00+05:30,7752.75,7761.45,7748.1,7760.0,,14,regular,False,False,2016-05-20 15:15:00+05:30,2016-05-20 15:29:00+05:30
2016-05-23 09:00:00+05:30,7813.95,7816.3,7795.1,7795.8,,1,outside,False,False,2016-05-23 09:14:00+05:30,2016-05-23 09:15:00+05:30
2016-05-23 15:15:00+05:30,7728.4,7729.55,7722.5,7729.35,,14,regular,False,False,2016-05-23 15:15:00+05:30,2016-05-23 15:29:00+05:30
2016-05-24 09:00:00+05:30,7737.4,7737.4,7722.5,7726.45,,1,outside,False,False,2016-05-24 09:14:00+05:30,2016-05-24 09:15:00+05:30
2016-05-24 15:15:00+05:30,7750.25,7761.4,7748.6,7759.9,,14,regular,False,False,2016-05-24 15:15:00+05:30,2016-05-24 15:29:00+05:30
2016-05-25 09:00:00+05:30,7811.8,7832.85,7811.8,7829.3,,1,outside,False,False,2016-05-25 09:14:00+05:30,2016-05-25 09:15:00+05:30
2016-05-25 15:15:00+05:30,7937.55,7941.0,7930.45,7932.8,,14,regular,False,False,2016-05-25 15:15:00+05:30,2016-05-25 15:29:00+05:30
2016-05-26 09:00:00+05:30,7974.45,7986.15,7965.9,7966.8,,1,outside,False,False,2016-05-26 09:14:00+05:30,2016-05-26 09:15:00+05:30
2016-05-26 15:15:00+05:30,8071.0,8082.95,8069.95,8077.95,,14,regular,False,False,2016-05-26 15:15:00+05:30,2016-05-26 15:29:00+05:30
2016-05-27 09:00:00+05:30,8081.95,8096.55,8080.2,8092.05,,1,outside,False,False,2016-05-27 09:14:00+05:30,2016-05-27 09:15:00+05:30
2016-05-27 15:15:00+05:30,8153.65,8157.65,8148.7,8149.35,,14,regular,False,False,2016-05-27 15:15:00+05:30,2016-05-27 15:29:00+05:30
2016-05-30 09:00:00+05:30,8166.5,8191.1,8165.95,8189.0,,1,outside,False,False,2016-05-30 09:14:00+05:30,2016-05-30 09:15:00+05:30
2016-05-30 15:15:00+05:30,8178.5,8180.9,8171.95,8172.0,,14,regular,False,False,2016-05-30 15:15:00+05:30,2016-05-30 15:29:00+05:30
2016-05-31 09:00:00+05:30,8209.85,8210.35,8202.65,8204.5,,1,outside,False,False,2016-05-31 09:14:00+05:30,2016-05-31 09:15:00+05:30
2016-05-31 15:15:00+05:30,8159.2,8172.3,8158.65,8160.55,,14,regular,False,False,2016-05-31 15:15:00+05:30,2016-05-31 15:29:00+05:30
2016-06-01 09:00:00+05:30,8179.2,8183.35,8177.2,8180.6,,1,outside,False,False,2016-06-01 09:14:00+05:30,2016-06-01 09:15:00+05:30
2016-06-01 15:15:00+05:30,8177.0,8184.3,8176.15,8180.2,,14,regular,False,False,2016-06-01 15:15:00+05:30,2016-06-01 15:29:00+05:30
2016-06-02 09:00:00+05:30,8157.35,8176.8,8157.35,8176.7,,1,outside,False,False,2016-06-02 09:14:00+05:30,2016-06-02 09:15:00+05:30
2016-06-02 15:15:00+05:30,8218.15,8219.35,8210.45,8216.95,,14,regular,False,False,2016-06-02 15:15:00+05:30,2016-06-02 15:29:00+05:30
2016-06-03 09:00:00+05:30,8246.2,8253.95,8246.2,8253.95,,1,outside,False,False,2016-06-03 09:14:00+05:30,2016-06-03 09:15:00+05:30
2016-06-03 15:15:00+05:30,8221.25,8223.85,8209.9,8212.85,,14,regular,False,False,2016-06-03 15:15:00+05:30,2016-06-03 15:29:00+05:30
2016-06-06 09:00:00+05:30,8228.75,8229.45,8223.0,8224.1,,1,outside,False,False,2016-06-06 09:14:00+05:30,2016-06-06 09:15:00+05:30
2016-06-06 15:15:00+05:30,8201.05,8207.5,8199.75,8205.45,,14,regular,False,False,2016-06-06 15:15:00+05:30,2016-06-06 15:29:00+05:30
2016-06-07 09:00:00+05:30,8233.7,8236.35,8228.75,8228.85,,1,outside,False,False,2016-06-07 09:14:00+05:30,2016-06-07 09:15:00+05:30
2016-06-07 15:15:00+05:30,8267.2,8271.3,8262.25,8264.6,,14,regular,False,False,2016-06-07 15:15:00+05:30,2016-06-07 15:29:00+05:30
2016-06-08 09:00:00+05:30,8285.5,8288.0,8265.75,8265.75,,1,outside,False,False,2016-06-08 09:14:00+05:30,2016-06-08 09:15:00+05:30
2016-06-08 15:15:00+05:30,8276.35,8277.8,8268.0,8269.7,,14,regular,False,False,2016-06-08 15:15:00+05:30,2016-06-08 15:29:00+05:30
2016-06-09 09:00:00+05:30,8269.7,8269.95,8253.55,8253.7,,1,outside,False,False,2016-06-09 09:14:00+05:30,2016-06-09 09:15:00+05:30
2016-06-09 15:15:00+05:30,8203.55,8207.65,8197.85,8200.05,,14,regular,False,False,2016-06-09 15:15:00+05:30,2016-06-09 15:29:00+05:30
2016-06-10 09:00:00+05:30,8180.25,8195.45,8180.25,8191.2,,1,outside,False,False,2016-06-10 09:14:00+05:30,2016-06-10 09:15:00+05:30
2016-06-10 15:15:00+05:30,8173.05,8174.95,8169.4,8172.65,,14,regular,False,False,2016-06-10 15:15:00+05:30,2016-06-10 15:29:00+05:30
2016-06-13 09:00:00+05:30,8102.25,8102.25,8094.65,8097.15,,1,outside,False,False,2016-06-13 09:14:00+05:30,2016-06-13 09:15:00+05:30
2016-06-13 15:15:00+05:30,8113.3,8117.75,8109.55,8113.0,,14,regular,False,False,2016-06-13 15:15:00+05:30,2016-06-13 15:29:00+05:30
2016-06-14 09:00:00+05:30,8134.4,8134.4,8119.25,8120.15,,1,outside,False,False,2016-06-14 09:14:00+05:30,2016-06-14 09:15:00+05:30
2016-06-14 15:15:00+05:30,8105.25,8113.55,8104.9,8111.55,,14,regular,False,False,2016-06-14 15:15:00+05:30,2016-06-14 15:29:00+05:30
2016-06-15 09:00:00+05:30,8136.5,8147.1,8136.5,8147.1,,1,outside,False,False,2016-06-15 09:14:00+05:30,2016-06-15 09:15:00+05:30
2016-06-15 15:15:00+05:30,8202.85,8206.5,8199.25,8199.4,,14,regular,False,False,2016-06-15 15:15:00+05:30,2016-06-15 15:29:00+05:30
2016-06-16 09:00:00+05:30,8180.65,8180.65,8157.4,8157.4,,1,outside,False,False,2016-06-16 09:14:00+05:30,2016-06-16 09:15:00+05:30
2016-06-16 15:15:00+05:30,8135.9,8142.4,8130.3,8131.1,,14,regular,False,False,2016-06-16 15:15:00+05:30,2016-06-16 15:29:00+05:30
2016-06-17 09:00:00+05:30,8176.65,8192.0,8176.65,8187.15,,1,outside,False,False,2016-06-17 09:14:00+05:30,2016-06-17 09:15:00+05:30
2016-06-17 15:15:00+05:30,8165.85,8172.85,8155.3,8156.05,,14,regular,False,False,2016-06-17 15:15:00+05:30,2016-06-17 15:29:00+05:30
2016-06-20 09:00:00+05:30,8115.75,8117.1,8108.35,8117.1,,1,outside,False,False,2016-06-20 09:14:00+05:30,2016-06-20 09:15:00+05:30
2016-06-20 15:15:00+05:30,8243.55,8243.55,8233.9,8235.25,,14,regular,False,False,2016-06-20 15:15:00+05:30,2016-06-20 15:29:00+05:30
2016-06-21 09:00:00+05:30,8256.6,8257.15,8225.95,8226.6,,1,outside,False,False,2016-06-21 09:14:00+05:30,2016-06-21 09:15:00+05:30
2016-06-21 15:15:00+05:30,8219.7,8222.4,8207.45,8208.4,,14,regular,False,False,2016-06-21 15:15:00+05:30,2016-06-21 15:29:00+05:30
2016-06-22 09:00:00+05:30,8215.25,8217.4,8208.4,8217.4,,1,outside,False,False,2016-06-22 09:14:00+05:30,2016-06-22 09:15:00+05:30
2016-06-22 15:15:00+05:30,8200.25,8207.85,8193.6,8194.35,,14,regular,False,False,2016-06-22 15:15:00+05:30,2016-06-22 15:29:00+05:30
2016-06-23 09:00:00+05:30,8202.25,8204.4,8196.95,8198.8,,1,outside,False,False,2016-06-23 09:14:00+05:30,2016-06-23 09:15:00+05:30
2016-06-23 15:15:00+05:30,8267.6,8272.5,8264.2,8269.45,,14,regular,False,False,2016-06-23 15:15:00+05:30,2016-06-23 15:29:00+05:30
2016-06-24 09:00:00+05:30,8017.6,8024.1,7981.8,7984.0,,1,outside,False,False,2016-06-24 09:14:00+05:30,2016-06-24 09:15:00+05:30
2016-06-24 15:15:00+05:30,8086.7,8092.4,8074.2,8076.75,,14,regular,False,False,2016-06-24 15:15:00+05:30,2016-06-24 15:29:00+05:30
2016-06-27 09:00:00+05:30,8039.35,8071.0,8039.35,8069.6,,1,outside,False,False,2016-06-27 09:14:00+05:30,2016-06-27 09:15:00+05:30
2016-06-27 15:15:00+05:30,8095.25,8098.5,8091.55,8092.2,,14,regular,False,False,2016-06-27 15:15:00+05:30,2016-06-27 15:29:00+05:30
2016-06-28 09:00:00+05:30,8094.85,8105.4,8091.65,8104.65,,1,outside,False,False,2016-06-28 09:14:00+05:30,2016-06-28 09:15:00+05:30
2016-06-28 15:15:00+05:30,8127.55,8128.15,8123.05,8127.05,,14,regular,False,False,2016-06-28 15:15:00+05:30,2016-06-28 15:29:00+05:30
2016-06-29 09:00:00+05:30,8172.65,8175.8,8169.0,8169.0,,1,outside,False,False,2016-06-29 09:14:00+05:30,2016-06-29 09:15:00+05:30
2016-06-29 15:15:00+05:30,8200.2,8206.7,8199.05,8202.55,,14,regular,False,False,2016-06-29 15:15:00+05:30,2016-06-29 15:29:00+05:30
2016-06-30 09:00:00+05:30,8262.3,8264.65,8255.25,8262.5,,1,outside,False,False,2016-06-30 09:14:00+05:30,2016-06-30 09:15:00+05:30
2016-06-30 15:15:00+05:30,8293.75,8295.5,8282.3,8285.9,,14,regular,False,False,2016-06-30 15:15:00+05:30,2016-06-30 15:29:00+05:30
2016-07-01 09:00:00+05:30,8314.45,8344.05,8311.6,8336.1,,1,outside,False,False,2016-07-01 09:14:00+05:30,2016-07-01 09:15:00+05:30
2016-07-01 15:15:00+05:30,8327.5,8328.7,8320.6,8327.6,,14,regular,False,False,2016-07-01 15:15:00+05:30,2016-07-01 15:29:00+05:30
2016-07-04 09:00:00+05:30,8377.35,8384.7,8375.35,8380.35,,1,outside,False,False,2016-07-04 09:14:00+05:30,2016-07-04 09:15:00+05:30
2016-07-04 15:15:00+05:30,8366.9,8373.75,8365.75,8370.4,,14,regular,False,False,2016-07-04 15:15:00+05:30,2016-07-04 15:29:00+05:30
2016-07-05 09:00:00+05:30,8378.95,8380.2,8357.05,8358.8,,1,outside,False,False,2016-07-05 09:14:00+05:30,2016-07-05 09:15:00+05:30
2016-07-05 15:15:00+05:30,8332.65,8338.5,8329.55,8329.65,,14,regular,False,False,2016-07-05 15:15:00+05:30,2016-07-05 15:29:00+05:30
2016-07-07 09:00:00+05:30,8342.0,8343.35,8332.15,8332.2,,1,outside,False,False,2016-07-07 09:14:00+05:30,2016-07-07 09:15:00+05:30
2016-07-07 15:15:00+05:30,8326.35,8344.4,8325.85,8342.6,,14,regular,False,False,2016-07-07 15:15:00+05:30,2016-07-07 15:29:00+05:30
2016-07-08 09:00:00+05:30,8350.4,8350.4,8331.35,8334.95,,1,outside,False,False,2016-07-08 09:14:00+05:30,2016-07-08 09:15:00+05:30
2016-07-08 15:15:00+05:30,8322.8,8329.95,8320.7,8325.55,,14,regular,False,False,2016-07-08 15:15:00+05:30,2016-07-08 15:29:00+05:30
2016-07-11 09:00:00+05:30,8413.35,8431.5,8408.9,8428.45,,1,outside,False,False,2016-07-11 09:14:00+05:30,2016-07-11 09:15:00+05:30
2016-07-11 15:15:00+05:30,8469.3,8475.15,8467.9,8469.95,,14,regular,False,False,2016-07-11 15:15:00+05:30,2016-07-11 15:29:00+05:30
2016-07-12 09:00:00+05:30,8502.6,8502.6,8497.1,8501.25,,1,outside,False,False,2016-07-12 09:14:00+05:30,2016-07-12 09:15:00+05:30
2016-07-12 15:15:00+05:30,8523.85,8525.85,8515.9,8516.15,,14,regular,False,False,2016-07-12 15:15:00+05:30,2016-07-12 15:29:00+05:30
2016-07-13 09:00:00+05:30,8540.45,8542.95,8523.0,8523.75,,1,outside,False,False,2016-07-13 09:14:00+05:30,2016-07-13 09:15:00+05:30
2016-07-13 15:15:00+05:30,8516.75,8521.9,8504.75,8504.75,,14,regular,False,False,2016-07-13 15:15:00+05:30,2016-07-13 15:29:00+05:30
2016-07-14 09:00:00+05:30,8515.75,8515.75,8501.2,8505.75,,1,outside,False,False,2016-07-14 09:14:00+05:30,2016-07-14 09:15:00+05:30
2016-07-14 15:15:00+05:30,8568.25,8570.5,8561.7,8563.6,,14,regular,False,False,2016-07-14 15:15:00+05:30,2016-07-14 15:29:00+05:30
2016-07-15 09:00:00+05:30,8565.45,8573.45,8562.75,8568.9,,1,outside,False,False,2016-07-15 09:14:00+05:30,2016-07-15 09:15:00+05:30
2016-07-15 15:15:00+05:30,8537.5,8545.45,8536.4,8538.3,,14,regular,False,False,2016-07-15 15:15:00+05:30,2016-07-15 15:29:00+05:30
2016-07-18 09:00:00+05:30,8564.05,8570.95,8560.9,8568.9,,1,outside,False,False,2016-07-18 09:14:00+05:30,2016-07-18 09:15:00+05:30
2016-07-18 15:15:00+05:30,8510.3,8512.15,8496.0,8497.35,,14,regular,False,False,2016-07-18 15:15:00+05:30,2016-07-18 15:29:00+05:30
2016-07-19 09:00:00+05:30,8514.3,8522.4,8507.65,8521.1,,1,outside,False,False,2016-07-19 09:14:00+05:30,2016-07-19 09:15:00+05:30
2016-07-19 15:15:00+05:30,8535.65,8539.65,8529.3,8535.4,,14,regular,False,False,2016-07-19 15:15:00+05:30,2016-07-19 15:29:00+05:30
2016-07-20 09:00:00+05:30,8515.45,8551.6,8514.6,8551.6,,1,outside,False,False,2016-07-20 09:14:00+05:30,2016-07-20 09:15:00+05:30
2016-07-20 15:15:00+05:30,8566.7,8569.15,8563.4,8566.65,,14,regular,False,False,2016-07-20 15:15:00+05:30,2016-07-20 15:29:00+05:30
2016-07-21 09:00:00+05:30,8582.7,8584.85,8578.15,8582.4,,1,outside,False,False,2016-07-21 09:14:00+05:30,2016-07-21 09:15:00+05:30
2016-07-21 15:15:00+05:30,8510.05,8511.95,8504.1,8505.15,,14,regular,False,False,2016-07-21 15:15:00+05:30,2016-07-21 15:29:00+05:30
2016-07-22 09:00:00+05:30,8519.65,8522.8,8518.75,8519.1,,1,outside,False,False,2016-07-22 09:14:00+05:30,2016-07-22 09:15:00+05:30
2016-07-22 15:15:00+05:30,8537.7,8547.55,8537.0,8546.45,,14,regular,False,False,2016-07-22 15:15:00+05:30,2016-07-22 15:29:00+05:30
2016-07-25 09:00:00+05:30,8519.95,8530.5,8519.55,8528.1,,1,outside,False,False,2016-07-25 09:14:00+05:30,2016-07-25 09:15:00+05:30
2016-07-25 15:15:00+05:30,8640.55,8640.9,8627.3,8630.4,,14,regular,False,False,2016-07-25 15:15:00+05:30,2016-07-25 15:29:00+05:30
2016-07-26 09:00:00+05:30,8633.75,8637.45,8624.8,8626.6,,1,outside,False,False,2016-07-26 09:14:00+05:30,2016-07-26 09:15:00+05:30
2016-07-26 15:15:00+05:30,8581.65,8588.65,8577.25,8584.7,,14,regular,False,False,2016-07-26 15:15:00+05:30,2016-07-26 15:29:00+05:30
2016-07-27 09:00:00+05:30,8599.4,8612.8,8597.2,8612.8,,1,outside,False,False,2016-07-27 09:14:00+05:30,2016-07-27 09:15:00+05:30
2016-07-27 15:15:00+05:30,8618.85,8622.55,8607.65,8609.35,,14,regular,False,False,2016-07-27 15:15:00+05:30,2016-07-27 15:29:00+05:30
2016-07-28 09:00:00+05:30,8636.8,8636.8,8628.0,8630.3,,1,outside,False,False,2016-07-28 09:14:00+05:30,2016-07-28 09:15:00+05:30
2016-07-28 15:15:00+05:30,8668.15,8673.65,8663.2,8666.2,,14,regular,False,False,2016-07-28 15:15:00+05:30,2016-07-28 15:29:00+05:30
2016-07-29 09:00:00+05:30,8667.8,8668.75,8661.4,8663.85,,1,outside,False,False,2016-07-29 09:14:00+05:30,2016-07-29 09:15:00+05:30
2016-07-29 15:15:00+05:30,8636.3,8646.3,8636.2,8642.3,,14,regular,False,False,2016-07-29 15:15:00+05:30,2016-07-29 15:29:00+05:30
2016-08-01 09:00:00+05:30,8654.5,8693.05,8654.5,8692.7,,1,outside,False,False,2016-08-01 09:14:00+05:30,2016-08-01 09:15:00+05:30
2016-08-01 15:15:00+05:30,8631.75,8648.05,8631.4,8647.15,,14,regular,False,False,2016-08-01 15:15:00+05:30,2016-08-01 15:29:00+05:30
2016-08-02 09:00:00+05:30,8647.45,8647.55,8635.85,8639.45,,1,outside,False,False,2016-08-02 09:14:00+05:30,2016-08-02 09:15:00+05:30
2016-08-02 15:15:00+05:30,8620.0,8629.7,8618.5,8627.65,,14,regular,False,False,2016-08-02 15:15:00+05:30,2016-08-02 15:29:00+05:30
2016-08-03 09:00:00+05:30,8634.6,8634.6,8608.5,8610.15,,1,outside,False,False,2016-08-03 09:14:00+05:30,2016-08-03 09:15:00+05:30
2016-08-03 15:15:00+05:30,8536.05,8543.3,8529.85,8540.7,,14,regular,False,False,2016-08-03 15:15:00+05:30,2016-08-03 15:29:00+05:30
2016-08-04 09:00:00+05:30,8599.95,8599.95,8582.5,8585.1,,1,outside,False,False,2016-08-04 09:14:00+05:30,2016-08-04 09:15:00+05:30
2016-08-04 15:15:00+05:30,8548.3,8565.5,8548.3,8561.75,,14,regular,False,False,2016-08-04 15:15:00+05:30,2016-08-04 15:29:00+05:30
2016-08-05 09:00:00+05:30,8600.2,8625.0,8593.8,8622.95,,1,outside,False,False,2016-08-05 09:14:00+05:30,2016-08-05 09:15:00+05:30
2016-08-05 15:15:00+05:30,8684.2,8689.2,8677.05,8679.3,,14,regular,False,False,2016-08-05 15:15:00+05:30,2016-08-05 15:29:00+05:30
2016-08-08 09:00:00+05:30,8710.1,8720.75,8710.1,8715.35,,1,outside,False,False,2016-08-08 09:14:00+05:30,2016-08-08 09:15:00+05:30
2016-08-08 15:15:00+05:30,8708.15,8710.55,8697.9,8700.25,,14,regular,False,False,2016-08-08 15:15:00+05:30,2016-08-08 15:29:00+05:30
2016-08-09 09:00:00+05:30,8727.8,8727.8,8703.35,8704.65,,1,outside,False,False,2016-08-09 09:14:00+05:30,2016-08-09 09:15:00+05:30
2016-08-09 15:15:00+05:30,8677.0,8685.05,8668.85,8670.55,,14,regular,False,False,2016-08-09 15:15:00+05:30,2016-08-09 15:29:00+05:30
2016-08-10 09:00:00+05:30,8686.7,8689.1,8683.9,8687.55,,1,outside,False,False,2016-08-10 09:14:00+05:30,2016-08-10 09:15:00+05:30
2016-08-10 15:15:00+05:30,8569.55,8574.85,8564.8,8567.9,,14,regular,False,False,2016-08-10 15:15:00+05:30,2016-08-10 15:29:00+05:30
2016-08-11 09:00:00+05:30,8572.8,8576.25,8566.8,8574.8,,1,outside,False,False,2016-08-11 09:14:00+05:30,2016-08-11 09:15:00+05:30
2016-08-11 15:15:00+05:30,8592.9,8599.2,8590.4,8594.05,,14,regular,False,False,2016-08-11 15:15:00+05:30,2016-08-11 15:29:00+05:30
2016-08-12 09:00:00+05:30,8605.45,8621.4,8605.45,8619.3,,1,outside,False,False,2016-08-12 09:14:00+05:30,2016-08-12 09:15:00+05:30
2016-08-12 15:15:00+05:30,8671.15,8672.95,8655.5,8656.0,,14,regular,False,False,2016-08-12 15:15:00+05:30,2016-08-12 15:29:00+05:30
2016-08-16 09:00:00+05:30,8670.25,8670.25,8655.5,8655.65,,1,outside,False,False,2016-08-16 09:14:00+05:30,2016-08-16 09:15:00+05:30
2016-08-16 15:15:00+05:30,8644.1,8649.6,8637.6,8638.9,,14,regular,False,False,2016-08-16 15:15:00+05:30,2016-08-16 15:29:00+05:30
2016-08-17 09:00:00+05:30,8639.2,8645.3,8627.1,8628.1,,1,outside,False,False,2016-08-17 09:14:00+05:30,2016-08-17 09:15:00+05:30
2016-08-17 15:15:00+05:30,8624.15,8626.75,8619.25,8622.6,,14,regular,False,False,2016-08-17 15:15:00+05:30,2016-08-17 15:29:00+05:30
2016-08-18 09:00:00+05:30,8648.95,8659.6,8648.3,8657.85,,1,outside,False,False,2016-08-18 09:14:00+05:30,2016-08-18 09:15:00+05:30
2016-08-18 15:15:00+05:30,8671.3,8674.15,8667.5,8668.7,,14,regular,False,False,2016-08-18 15:15:00+05:30,2016-08-18 15:29:00+05:30
2016-08-19 09:00:00+05:30,8694.3,8694.3,8685.3,8686.45,,1,outside,False,False,2016-08-19 09:14:00+05:30,2016-08-19 09:15:00+05:30
2016-08-19 15:15:00+05:30,8666.45,8668.5,8664.35,8667.15,,14,regular,False,False,2016-08-19 15:15:00+05:30,2016-08-19 15:29:00+05:30
2016-08-22 09:00:00+05:30,8667.0,8667.0,8659.65,8662.3,,1,outside,False,False,2016-08-22 09:14:00+05:30,2016-08-22 09:15:00+05:30
2016-08-22 15:15:00+05:30,8626.95,8631.4,8624.8,8626.9,,14,regular,False,False,2016-08-22 15:15:00+05:30,2016-08-22 15:29:00+05:30
2016-08-23 09:00:00+05:30,8628.35,8628.6,8615.95,8620.85,,1,outside,False,False,2016-08-23 09:14:00+05:30,2016-08-23 09:15:00+05:30
2016-08-23 15:15:00+05:30,8632.0,8641.95,8629.0,8639.3,,14,regular,False,False,2016-08-23 15:15:00+05:30,2016-08-23 15:29:00+05:30
2016-08-24 09:00:00+05:30,8648.5,8660.45,8646.85,8654.8,,1,outside,False,False,2016-08-24 09:14:00+05:30,2016-08-24 09:15:00+05:30
2016-08-24 15:15:00+05:30,8647.3,8651.4,8644.6,8647.6,,14,regular,False,False,2016-08-24 15:15:00+05:30,2016-08-24 15:29:00+05:30
2016-08-25 09:00:00+05:30,8666.75,8675.05,8665.4,8674.0,,1,outside,False,False,2016-08-25 09:14:00+05:30,2016-08-25 09:15:00+05:30
2016-08-25 15:15:00+05:30,8588.25,8593.2,8584.1,8590.55,,14,regular,False,False,2016-08-25 15:15:00+05:30,2016-08-25 15:29:00+05:30
2016-08-26 09:00:00+05:30,8614.35,8615.05,8609.1,8610.35,,1,outside,False,False,2016-08-26 09:14:00+05:30,2016-08-26 09:15:00+05:30
2016-08-26 15:15:00+05:30,8572.2,8585.15,8571.0,8573.55,,14,regular,False,False,2016-08-26 15:15:00+05:30,2016-08-26 15:29:00+05:30
2016-08-29 09:00:00+05:30,8583.75,8583.75,8561.9,8563.4,,1,outside,False,False,2016-08-29 09:14:00+05:30,2016-08-29 09:15:00+05:30
2016-08-29 15:15:00+05:30,8607.4,8621.95,8604.8,8619.2,,14,regular,False,False,2016-08-29 15:15:00+05:30,2016-08-29 15:29:00+05:30
2016-08-30 09:00:00+05:30,8649.2,8654.75,8644.35,8653.85,,1,outside,False,False,2016-08-30 09:14:00+05:30,2016-08-30 09:15:00+05:30
2016-08-30 15:15:00+05:30,8746.35,8749.8,8739.95,8745.1,,14,regular,False,False,2016-08-30 15:15:00+05:30,2016-08-30 15:29:00+05:30
2016-08-31 09:00:00+05:30,8754.05,8763.35,8754.05,8759.5,,1,outside,False,False,2016-08-31 09:14:00+05:30,2016-08-31 09:15:00+05:30
2016-08-31 15:15:00+05:30,8777.7,8788.3,8772.45,8783.3,,14,regular,False,False,2016-08-31 15:15:00+05:30,2016-08-31 15:29:00+05:30
2016-09-01 09:00:00+05:30,8792.35,8795.95,8789.15,8791.95,,1,outside,False,False,2016-09-01 09:14:00+05:30,2016-09-01 09:15:00+05:30
2016-09-01 15:15:00+05:30,8768.0,8781.9,8766.15,8779.2,,14,regular,False,False,2016-09-01 15:15:00+05:30,2016-09-01 15:29:00+05:30
2016-09-02 09:00:00+05:30,8796.35,8797.55,8790.45,8792.05,,1,outside,False,False,2016-09-02 09:14:00+05:30,2016-09-02 09:15:00+05:30
2016-09-02 15:15:00+05:30,8809.7,8811.85,8804.5,8804.7,,14,regular,False,False,2016-09-02 15:15:00+05:30,2016-09-02 15:29:00+05:30
2016-09-06 09:00:00+05:30,8852.7,8877.25,8852.7,8874.05,,1,outside,False,False,2016-09-06 09:14:00+05:30,2016-09-06 09:15:00+05:30
2016-09-06 15:15:00+05:30,8943.65,8950.7,8942.25,8944.2,,14,regular,False,False,2016-09-06 15:15:00+05:30,2016-09-06 15:29:00+05:30
2016-09-07 09:00:00+05:30,8968.7,8968.7,8953.8,8954.1,,1,outside,False,False,2016-09-07 09:14:00+05:30,2016-09-07 09:15:00+05:30
2016-09-07 15:15:00+05:30,8919.3,8923.95,8913.45,8923.95,,14,regular,False,False,2016-09-07 15:15:00+05:30,2016-09-07 15:29:00+05:30
2016-09-08 09:00:00+05:30,8915.5,8915.5,8898.05,8904.8,,1,outside,False,False,2016-09-08 09:14:00+05:30,2016-09-08 09:15:00+05:30
2016-09-08 15:15:00+05:30,8954.9,8955.75,8945.25,8948.45,,14,regular,False,False,2016-09-08 15:15:00+05:30,2016-09-08 15:29:00+05:30
2016-09-09 09:00:00+05:30,8936.8,8936.8,8913.6,8913.85,,1,outside,False,False,2016-09-09 09:14:00+05:30,2016-09-09 09:15:00+05:30
2016-09-09 15:15:00+05:30,8860.75,8870.65,8860.4,8864.6,,14,regular,False,False,2016-09-09 15:15:00+05:30,2016-09-09 15:29:00+05:30
2016-09-12 09:00:00+05:30,8732.95,8732.95,8700.35,8700.35,,1,outside,False,False,2016-09-12 09:14:00+05:30,2016-09-12 09:15:00+05:30
2016-09-12 15:15:00+05:30,8711.5,8719.05,8710.85,8715.3,,14,regular,False,False,2016-09-12 15:15:00+05:30,2016-09-12 15:29:00+05:30
2016-09-14 09:00:00+05:30,8709.3,8727.35,8709.3,8726.5,,1,outside,False,False,2016-09-14 09:14:00+05:30,2016-09-14 09:15:00+05:30
2016-09-14 15:15:00+05:30,8730.95,8739.35,8726.65,8739.2,,14,regular,False,False,2016-09-14 15:15:00+05:30,2016-09-14 15:29:00+05:30
2016-09-15 09:00:00+05:30,8743.85,8747.7,8737.55,8737.55,,1,outside,False,False,2016-09-15 09:14:00+05:30,2016-09-15 09:15:00+05:30
2016-09-15 15:15:00+05:30,8737.6,8751.5,8735.8,8748.6,,14,regular,False,False,2016-09-15 15:15:00+05:30,2016-09-15 15:29:00+05:30
2016-09-16 09:00:00+05:30,8780.85,8793.35,8780.85,8792.35,,1,outside,False,False,2016-09-16 09:14:00+05:30,2016-09-16 09:15:00+05:30
2016-09-16 15:15:00+05:30,8782.85,8790.0,8776.9,8780.8,,14,regular,False,False,2016-09-16 15:15:00+05:30,2016-09-16 15:29:00+05:30
2016-09-19 09:00:00+05:30,8791.55,8798.15,8786.35,8796.85,,1,outside,False,False,2016-09-19 09:14:00+05:30,2016-09-19 09:15:00+05:30
2016-09-19 15:15:00+05:30,8804.85,8811.45,8804.55,8809.05,,14,regular,False,False,2016-09-19 15:15:00+05:30,2016-09-19 15:29:00+05:30
2016-09-20 09:00:00+05:30,8815.0,8815.5,8797.2,8798.3,,1,outside,False,False,2016-09-20 09:14:00+05:30,2016-09-20 09:15:00+05:30
2016-09-20 15:15:00+05:30,8774.25,8778.95,8772.2,8774.05,,14,regular,False,False,2016-09-20 15:15:00+05:30,2016-09-20 15:29:00+05:30
2016-09-21 09:00:00+05:30,8789.2,8794.15,8783.4,8783.7,,1,outside,False,False,2016-09-21 09:14:00+05:30,2016-09-21 09:15:00+05:30
2016-09-21 15:15:00+05:30,8776.75,8780.1,8773.8,8773.8,,14,regular,False,False,2016-09-21 15:15:00+05:30,2016-09-21 15:29:00+05:30
2016-09-22 09:00:00+05:30,8873.35,8892.1,8873.25,8891.75,,1,outside,False,False,2016-09-22 09:14:00+05:30,2016-09-22 09:15:00+05:30
2016-09-22 15:15:00+05:30,8867.6,8868.75,8859.5,8861.75,,14,regular,False,False,2016-09-22 15:15:00+05:30,2016-09-22 15:29:00+05:30
2016-09-23 09:00:00+05:30,8882.15,8882.15,8853.1,8853.15,,1,outside,False,False,2016-09-23 09:14:00+05:30,2016-09-23 09:15:00+05:30
2016-09-23 15:15:00+05:30,8829.55,8834.25,8820.65,8825.15,,14,regular,False,False,2016-09-23 15:15:00+05:30,2016-09-23 15:29:00+05:30
2016-09-26 09:00:00+05:30,8807.9,8808.0,8785.2,8786.85,,1,outside,False,False,2016-09-26 09:14:00+05:30,2016-09-26 09:15:00+05:30
2016-09-26 15:15:00+05:30,8719.85,8725.65,8717.05,8722.3,,14,regular,False,False,2016-09-26 15:15:00+05:30,2016-09-26 15:29:00+05:30
2016-09-27 09:00:00+05:30,8748.9,8762.05,8748.9,8762.05,,1,outside,False,False,2016-09-27 09:14:00+05:30,2016-09-27 09:15:00+05:30
2016-09-27 15:15:00+05:30,8705.25,8722.8,8704.65,8720.75,,14,regular,False,False,2016-09-27 15:15:00+05:30,2016-09-27 15:29:00+05:30
2016-09-28 09:00:00+05:30,8711.2,8726.75,8708.55,8718.8,,1,outside,False,False,2016-09-28 09:14:00+05:30,2016-09-28 09:15:00+05:30
2016-09-28 15:15:00+05:30,8744.35,8751.9,8736.85,8745.15,,14,regular,False,False,2016-09-28 15:15:00+05:30,2016-09-28 15:29:00+05:30
2016-09-29 09:00:00+05:30,8790.8,8800.4,8789.75,8793.4,,1,outside,False,False,2016-09-29 09:14:00+05:30,2016-09-29 09:15:00+05:30
2016-09-29 15:15:00+05:30,8591.1,8630.75,8588.55,8615.65,,14,regular,False,False,2016-09-29 15:15:00+05:30,2016-09-29 15:29:00+05:30
2016-09-30 09:00:00+05:30,8581.5,8598.45,8581.25,8595.25,,1,outside,False,False,2016-09-30 09:14:00+05:30,2016-09-30 09:15:00+05:30
2016-09-30 15:15:00+05:30,8608.75,8622.75,8607.4,8620.95,,14,regular,False,False,2016-09-30 15:15:00+05:30,2016-09-30 15:29:00+05:30
2016-10-03 09:00:00+05:30,8666.15,8671.25,8658.75,8660.9,,1,outside,False,False,2016-10-03 09:14:00+05:30,2016-10-03 09:15:00+05:30
2016-10-03 15:15:00+05:30,8739.25,8743.9,8734.1,8740.25,,14,regular,False,False,2016-10-03 15:15:00+05:30,2016-10-03 15:29:00+05:30
2016-10-04 09:00:00+05:30,8770.6,8770.6,8757.45,8762.15,,1,outside,False,False,2016-10-04 09:14:00+05:30,2016-10-04 09:15:00+05:30
2016-10-04 15:15:00+05:30,8772.15,8778.85,8768.95,8771.35,,14,regular,False,False,2016-10-04 15:15:00+05:30,2016-10-04 15:29:00+05:30
2016-10-05 09:00:00+05:30,8806.35,8806.35,8794.3,8794.3,,1,outside,False,False,2016-10-05 09:14:00+05:30,2016-10-05 09:15:00+05:30
2016-10-05 15:15:00+05:30,8743.3,8743.5,8732.45,8737.8,,14,regular,False,False,2016-10-05 15:15:00+05:30,2016-10-05 15:29:00+05:30
2016-10-06 09:00:00+05:30,8768.7,8768.7,8754.35,8754.35,,1,outside,False,False,2016-10-06 09:14:00+05:30,2016-10-06 09:15:00+05:30
2016-10-06 15:15:00+05:30,8713.65,8718.15,8710.0,8712.4,,14,regular,False,False,2016-10-06 15:15:00+05:30,2016-10-06 15:29:00+05:30
2016-10-07 09:00:00+05:30,8721.3,8721.45,8708.4,8710.85,,1,outside,False,False,2016-10-07 09:14:00+05:30,2016-10-07 09:15:00+05:30
2016-10-07 15:15:00+05:30,8695.25,8703.9,8694.0,8695.8,,14,regular,False,False,2016-10-07 15:15:00+05:30,2016-10-07 15:29:00+05:30
2016-10-10 09:00:00+05:30,8735.35,8745.35,8730.75,8742.4,,1,outside,False,False,2016-10-10 09:14:00+05:30,2016-10-10 09:15:00+05:30
2016-10-10 15:15:00+05:30,8706.35,8716.05,8704.8,8714.6,,14,regular,False,False,2016-10-10 15:15:00+05:30,2016-10-10 15:29:00+05:30
2016-10-13 09:00:00+05:30,8670.95,8673.1,8648.8,8651.15,,1,outside,False,False,2016-10-13 09:14:00+05:30,2016-10-13 09:15:00+05:30
2016-10-13 15:15:00+05:30,8575.4,8582.65,8570.1,8571.55,,14,regular,False,False,2016-10-13 15:15:00+05:30,2016-10-13 15:29:00+05:30
2016-10-14 09:00:00+05:30,8594.0,8594.0,8577.35,8581.3,,1,outside,False,False,2016-10-14 09:14:00+05:30,2016-10-14 09:15:00+05:30
2016-10-14 15:15:00+05:30,8582.5,8590.25,8580.15,8586.45,,14,regular,False,False,2016-10-14 15:15:00+05:30,2016-10-14 15:29:00+05:30
2016-10-17 09:00:00+05:30,8612.15,8614.3,8579.95,8582.05,,1,outside,False,False,2016-10-17 09:14:00+05:30,2016-10-17 09:15:00+05:30
2016-10-17 15:15:00+05:30,8519.65,8527.7,8515.15,8524.9,,14,regular,False,False,2016-10-17 15:15:00+05:30,2016-10-17 15:29:00+05:30
2016-10-18 09:00:00+05:30,8556.05,8573.9,8556.05,8572.0,,1,outside,False,False,2016-10-18 09:14:00+05:30,2016-10-18 09:15:00+05:30
2016-10-18 15:15:00+05:30,8678.4,8684.85,8667.7,8667.7,,14,regular,False,False,2016-10-18 15:15:00+05:30,2016-10-18 15:29:00+05:30
2016-10-19 09:00:00+05:30,8696.3,8696.3,8680.3,8681.05,,1,outside,False,False,2016-10-19 09:14:00+05:30,2016-10-19 09:15:00+05:30
2016-10-19 15:15:00+05:30,8657.85,8658.85,8652.85,8655.55,,14,regular,False,False,2016-10-19 15:15:00+05:30,2016-10-19 15:29:00+05:30
2016-10-20 09:00:00+05:30,8693.35,8696.25,8688.0,8690.15,,1,outside,False,False,2016-10-20 09:14:00+05:30,2016-10-20 09:15:00+05:30
2016-10-20 15:15:00+05:30,8700.25,8701.85,8697.55,8700.2,,14,regular,False,False,2016-10-20 15:15:00+05:30,2016-10-20 15:29:00+05:30
2016-10-21 09:00:00+05:30,8708.6,8708.6,8686.1,8687.3,,1,outside,False,False,2016-10-21 09:14:00+05:30,2016-10-21 09:15:00+05:30
2016-10-21 15:15:00+05:30,8690.4,8698.8,8689.1,8691.15,,14,regular,False,False,2016-10-21 15:15:00+05:30,2016-10-21 15:29:00+05:30
2016-10-24 09:00:00+05:30,8709.85,8713.7,8703.75,8713.7,,1,outside,False,False,2016-10-24 09:14:00+05:30,2016-10-24 09:15:00+05:30
2016-10-24 15:15:00+05:30,8710.0,8713.65,8701.6,8711.65,,14,regular,False,False,2016-10-24 15:15:00+05:30,2016-10-24 15:29:00+05:30
2016-10-25 09:00:00+05:30,8721.7,8721.7,8701.65,8706.6,,1,outside,False,False,2016-10-25 09:14:00+05:30,2016-10-25 09:15:00+05:30
2016-10-25 15:15:00+05:30,8688.95,8696.45,8688.4,8692.9,,14,regular,False,False,2016-10-25 15:15:00+05:30,2016-10-25 15:29:00+05:30
2016-10-26 09:00:00+05:30,8657.3,8657.3,8644.65,8648.05,,1,outside,False,False,2016-10-26 09:14:00+05:30,2016-10-26 09:15:00+05:30
2016-10-26 15:15:00+05:30,8618.0,8619.95,8607.6,8608.3,,14,regular,False,False,2016-10-26 15:15:00+05:30,2016-10-26 15:29:00+05:30
2016-10-27 09:00:00+05:30,8607.1,8607.1,8583.9,8587.3,,1,outside,False,False,2016-10-27 09:14:00+05:30,2016-10-27 09:15:00+05:30
2016-10-27 15:15:00+05:30,8617.65,8619.5,8607.95,8612.4,,14,regular,False,False,2016-10-27 15:15:00+05:30,2016-10-27 15:29:00+05:30
2016-10-28 09:00:00+05:30,8625.0,8625.0,8591.2,8596.6,,1,outside,False,False,2016-10-28 09:14:00+05:30,2016-10-28 09:15:00+05:30
2016-10-28 15:15:00+05:30,8634.65,8641.6,8631.6,8639.95,,14,regular,False,False,2016-10-28 15:15:00+05:30,2016-10-28 15:29:00+05:30
2016-10-30 18:15:00+05:30,8672.6,8677.7,8660.85,8663.6,,1,evening,False,False,2016-10-30 18:29:00+05:30,2016-10-30 18:30:00+05:30
2016-10-30 19:15:00+05:30,8628.45,8628.95,8616.35,8617.6,,14,evening,False,False,2016-10-30 19:15:00+05:30,2016-10-30 19:29:00+05:30
2016-11-01 09:00:00+05:30,8653.15,8653.15,8631.75,8638.5,,1,outside,False,False,2016-11-01 09:14:00+05:30,2016-11-01 09:15:00+05:30
2016-11-01 15:15:00+05:30,8624.45,8627.85,8618.6,8624.5,,14,regular,False,False,2016-11-01 15:15:00+05:30,2016-11-01 15:29:00+05:30
2016-11-02 09:00:00+05:30,8541.0,8541.0,8524.3,8531.5,,1,outside,False,False,2016-11-02 09:14:00+05:30,2016-11-02 09:15:00+05:30
2016-11-02 15:15:00+05:30,8513.3,8519.15,8511.4,8519.15,,14,regular,False,False,2016-11-02 15:15:00+05:30,2016-11-02 15:29:00+05:30
2016-11-03 09:00:00+05:30,8499.85,8500.2,8490.2,8499.85,,1,outside,False,False,2016-11-03 09:14:00+05:30,2016-11-03 09:15:00+05:30
2016-11-03 15:15:00+05:30,8483.15,8485.95,8476.15,8483.55,,14,regular,False,False,2016-11-03 15:15:00+05:30,2016-11-03 15:29:00+05:30
2016-11-04 09:00:00+05:30,8503.6,8503.6,8485.25,8486.1,,1,outside,False,False,2016-11-04 09:14:00+05:30,2016-11-04 09:15:00+05:30
2016-11-04 15:15:00+05:30,8430.75,8441.1,8429.3,8435.65,,14,regular,False,False,2016-11-04 15:15:00+05:30,2016-11-04 15:29:00+05:30
2016-11-07 09:00:00+05:30,8535.75,8535.75,8494.45,8496.55,,1,outside,False,False,2016-11-07 09:14:00+05:30,2016-11-07 09:15:00+05:30
2016-11-07 15:15:00+05:30,8501.35,8501.35,8481.75,8488.4,,14,regular,False,False,2016-11-07 15:15:00+05:30,2016-11-07 15:29:00+05:30
2016-11-08 09:00:00+05:30,8540.0,8540.55,8515.65,8516.8,,1,outside,False,False,2016-11-08 09:14:00+05:30,2016-11-08 09:15:00+05:30
2016-11-08 15:15:00+05:30,8548.45,8554.15,8540.2,8542.15,,14,regular,False,False,2016-11-08 15:15:00+05:30,2016-11-08 15:29:00+05:30
2016-11-09 09:00:00+05:30,8054.05,8066.35,8024.65,8034.4,,1,outside,False,False,2016-11-09 09:14:00+05:30,2016-11-09 09:15:00+05:30
2016-11-09 15:15:00+05:30,8425.4,8463.0,8425.3,8459.25,,14,regular,False,False,2016-11-09 15:15:00+05:30,2016-11-09 15:29:00+05:30
2016-11-10 09:00:00+05:30,8546.8,8551.0,8522.6,8523.6,,1,outside,False,False,2016-11-10 09:14:00+05:30,2016-11-10 09:15:00+05:30
2016-11-10 15:15:00+05:30,8524.9,8524.9,8511.0,8522.5,,14,regular,False,False,2016-11-10 15:15:00+05:30,2016-11-10 15:29:00+05:30
2016-11-11 09:00:00+05:30,8456.65,8456.65,8421.65,8430.45,,1,outside,False,False,2016-11-11 09:14:00+05:30,2016-11-11 09:15:00+05:30
2016-11-11 15:15:00+05:30,8294.4,8312.2,8287.45,8311.4,,14,regular,False,False,2016-11-11 15:15:00+05:30,2016-11-11 15:29:00+05:30
2016-11-15 09:00:00+05:30,8284.85,8286.95,8198.85,8198.85,,1,outside,False,False,2016-11-15 09:14:00+05:30,2016-11-15 09:15:00+05:30
2016-11-15 15:15:00+05:30,8109.85,8110.45,8093.55,8097.45,,14,regular,False,False,2016-11-15 15:15:00+05:30,2016-11-15 15:29:00+05:30
2016-11-16 09:00:00+05:30,8205.65,8206.15,8188.2,8189.0,,1,outside,False,False,2016-11-16 09:14:00+05:30,2016-11-16 09:15:00+05:30
2016-11-16 15:15:00+05:30,8102.75,8112.0,8092.0,8094.45,,14,regular,False,False,2016-11-16 15:15:00+05:30,2016-11-16 15:29:00+05:30
2016-11-17 09:00:00+05:30,8105.1,8116.4,8103.45,8112.85,,1,outside,False,False,2016-11-17 09:14:00+05:30,2016-11-17 09:15:00+05:30
2016-11-17 15:15:00+05:30,8079.95,8093.6,8079.55,8088.8,,14,regular,False,False,2016-11-17 15:15:00+05:30,2016-11-17 15:29:00+05:30
2016-11-18 09:00:00+05:30,8097.55,8104.2,8083.6,8084.75,,1,outside,False,False,2016-11-18 09:14:00+05:30,2016-11-18 09:15:00+05:30
2016-11-18 15:15:00+05:30,8066.9,8079.45,8064.3,8067.75,,14,regular,False,False,2016-11-18 15:15:00+05:30,2016-11-18 15:29:00+05:30
2016-11-21 09:00:00+05:30,8102.1,8102.1,8072.2,8077.15,,1,outside,False,False,2016-11-21 09:14:00+05:30,2016-11-21 09:15:00+05:30
2016-11-21 15:15:00+05:30,7924.95,7946.35,7923.85,7942.85,,14,regular,False,False,2016-11-21 15:15:00+05:30,2016-11-21 15:29:00+05:30
2016-11-22 09:00:00+05:30,7990.8,7992.7,7984.75,7986.95,,1,outside,False,False,2016-11-22 09:14:00+05:30,2016-11-22 09:15:00+05:30
2016-11-22 15:15:00+05:30,7998.55,8017.75,7994.8,8014.5,,14,regular,False,False,2016-11-22 15:15:00+05:30,2016-11-22 15:29:00+05:30
2016-11-23 09:00:00+05:30,8051.2,8053.85,8020.95,8021.45,,1,outside,False,False,2016-11-23 09:14:00+05:30,2016-11-23 09:15:00+05:30
2016-11-23 15:15:00+05:30,8037.2,8039.0,8020.2,8028.35,,14,regular,False,False,2016-11-23 15:15:00+05:30,2016-11-23 15:29:00+05:30
2016-11-24 09:00:00+05:30,8011.8,8011.8,7974.2,7974.35,,1,outside,False,False,2016-11-24 09:14:00+05:30,2016-11-24 09:15:00+05:30
2016-11-24 15:15:00+05:30,7960.7,7974.25,7959.0,7974.25,,14,regular,False,False,2016-11-24 15:15:00+05:30,2016-11-24 15:29:00+05:30
2016-11-25 09:00:00+05:30,8006.5,8006.5,7985.95,7995.45,,1,outside,False,False,2016-11-25 09:14:00+05:30,2016-11-25 09:15:00+05:30
2016-11-25 15:15:00+05:30,8116.45,8118.6,8104.3,8110.15,,14,regular,False,False,2016-11-25 15:15:00+05:30,2016-11-25 15:29:00+05:30
2016-11-28 09:00:00+05:30,8080.65,8081.65,8066.7,8075.25,,1,outside,False,False,2016-11-28 09:14:00+05:30,2016-11-28 09:15:00+05:30
2016-11-28 15:15:00+05:30,8122.75,8132.35,8119.0,8119.0,,14,regular,False,False,2016-11-28 15:15:00+05:30,2016-11-28 15:29:00+05:30
2016-11-29 09:00:00+05:30,8131.55,8137.3,8129.35,8136.8,,1,outside,False,False,2016-11-29 09:14:00+05:30,2016-11-29 09:15:00+05:30
2016-11-29 15:15:00+05:30,8138.2,8147.7,8136.85,8147.0,,14,regular,False,False,2016-11-29 15:15:00+05:30,2016-11-29 15:29:00+05:30
2016-11-30 09:00:00+05:30,8172.15,8172.15,8151.45,8153.0,,1,outside,False,False,2016-11-30 09:14:00+05:30,2016-11-30 09:15:00+05:30
2016-11-30 15:15:00+05:30,8233.0,8234.15,8205.8,8214.6,,14,regular,False,False,2016-11-30 15:15:00+05:30,2016-11-30 15:29:00+05:30
2016-12-01 09:00:00+05:30,8244.0,8244.0,8221.55,8223.35,,1,outside,False,False,2016-12-01 09:14:00+05:30,2016-12-01 09:15:00+05:30
2016-12-01 15:15:00+05:30,8189.6,8194.8,8186.85,8194.1,,14,regular,False,False,2016-12-01 15:15:00+05:30,2016-12-01 15:29:00+05:30
2016-12-02 09:00:00+05:30,8153.55,8153.55,8140.1,8147.8,,1,outside,False,False,2016-12-02 09:14:00+05:30,2016-12-02 09:15:00+05:30
2016-12-02 15:15:00+05:30,8083.45,8097.45,8083.3,8088.0,,14,regular,False,False,2016-12-02 15:15:00+05:30,2016-12-02 15:29:00+05:30
2016-12-05 09:00:00+05:30,8088.75,8088.75,8073.35,8077.1,,1,outside,False,False,2016-12-05 09:14:00+05:30,2016-12-05 09:15:00+05:30
2016-12-05 15:15:00+05:30,8130.7,8139.7,8127.85,8139.05,,14,regular,False,False,2016-12-05 15:15:00+05:30,2016-12-05 15:29:00+05:30
2016-12-06 09:00:00+05:30,8153.15,8173.1,8148.95,8163.85,,1,outside,False,False,2016-12-06 09:14:00+05:30,2016-12-06 09:15:00+05:30
2016-12-06 15:15:00+05:30,8141.1,8141.6,8131.1,8138.35,,14,regular,False,False,2016-12-06 15:15:00+05:30,2016-12-06 15:29:00+05:30
2016-12-07 09:00:00+05:30,8168.4,8168.4,8155.35,8159.65,,1,outside,False,False,2016-12-07 09:14:00+05:30,2016-12-07 09:15:00+05:30
2016-12-07 15:15:00+05:30,8090.8,8116.95,8088.7,8114.05,,14,regular,False,False,2016-12-07 15:15:00+05:30,2016-12-07 15:29:00+05:30
2016-12-08 09:00:00+05:30,8154.1,8170.75,8154.1,8167.15,,1,outside,False,False,2016-12-08 09:14:00+05:30,2016-12-08 09:15:00+05:30
2016-12-08 15:15:00+05:30,8243.5,8248.6,8241.15,8242.95,,14,regular,False,False,2016-12-08 15:15:00+05:30,2016-12-08 15:29:00+05:30
2016-12-09 09:00:00+05:30,8271.7,8271.7,8259.3,8261.9,,1,outside,False,False,2016-12-09 09:14:00+05:30,2016-12-09 09:15:00+05:30
2016-12-09 15:15:00+05:30,8257.85,8267.15,8250.35,8255.35,,14,regular,False,False,2016-12-09 15:15:00+05:30,2016-12-09 15:29:00+05:30
2016-12-12 09:00:00+05:30,8225.35,8226.2,8218.05,8218.6,,1,outside,False,False,2016-12-12 09:14:00+05:30,2016-12-12 09:15:00+05:30
2016-12-12 15:15:00+05:30,8169.65,8176.2,8167.75,8171.6,,14,regular,False,False,2016-12-12 15:15:00+05:30,2016-12-12 15:29:00+05:30
2016-12-13 09:00:00+05:30,8200.6,8200.6,8174.6,8175.25,,1,outside,False,False,2016-12-13 09:14:00+05:30,2016-12-13 09:15:00+05:30
2016-12-13 15:15:00+05:30,8220.3,8221.75,8212.8,8212.8,,14,regular,False,False,2016-12-13 15:15:00+05:30,2016-12-13 15:29:00+05:30
2016-12-14 09:00:00+05:30,8229.35,8229.35,8209.2,8213.35,,1,outside,False,False,2016-12-14 09:14:00+05:30,2016-12-14 09:15:00+05:30
2016-12-14 15:15:00+05:30,8178.9,8185.8,8175.4,8182.8,,14,regular,False,False,2016-12-14 15:15:00+05:30,2016-12-14 15:29:00+05:30
2016-12-15 09:00:00+05:30,8128.4,8131.2,8122.3,8129.85,,1,outside,False,False,2016-12-15 09:14:00+05:30,2016-12-15 09:15:00+05:30
2016-12-15 15:15:00+05:30,8148.45,8157.0,8147.8,8154.65,,14,regular,False,False,2016-12-15 15:15:00+05:30,2016-12-15 15:29:00+05:30
2016-12-16 09:00:00+05:30,8178.2,8178.45,8168.65,8168.65,,1,outside,False,False,2016-12-16 09:14:00+05:30,2016-12-16 09:15:00+05:30
2016-12-16 15:15:00+05:30,8138.45,8142.75,8136.0,8139.55,,14,regular,False,False,2016-12-16 15:15:00+05:30,2016-12-16 15:29:00+05:30
2016-12-19 09:00:00+05:30,8126.0,8126.8,8117.85,8119.6,,1,outside,False,False,2016-12-19 09:14:00+05:30,2016-12-19 09:15:00+05:30
2016-12-19 15:15:00+05:30,8102.5,8103.8,8094.95,8101.45,,14,regular,False,False,2016-12-19 15:15:00+05:30,2016-12-19 15:29:00+05:30
2016-12-20 09:00:00+05:30,8110.6,8112.9,8098.2,8109.9,,1,outside,False,False,2016-12-20 09:14:00+05:30,2016-12-20 09:15:00+05:30
2016-12-20 15:15:00+05:30,8078.6,8093.25,8077.35,8090.55,,14,regular,False,False,2016-12-20 15:15:00+05:30,2016-12-20 15:29:00+05:30
2016-12-21 09:00:00+05:30,8105.85,8111.45,8104.15,8107.1,,1,outside,False,False,2016-12-21 09:14:00+05:30,2016-12-21 09:15:00+05:30
2016-12-21 15:15:00+05:30,8055.15,8061.8,8053.85,8056.1,,14,regular,False,False,2016-12-21 15:15:00+05:30,2016-12-21 15:29:00+05:30
2016-12-22 09:00:00+05:30,8043.85,8045.1,8041.15,8042.35,,1,outside,False,False,2016-12-22 09:14:00+05:30,2016-12-22 09:15:00+05:30
2016-12-22 15:15:00+05:30,7975.9,7989.95,7975.0,7987.2,,14,regular,False,False,2016-12-22 15:15:00+05:30,2016-12-22 15:29:00+05:30
2016-12-23 09:00:00+05:30,7970.35,7975.85,7966.6,7974.35,,1,outside,False,False,2016-12-23 09:14:00+05:30,2016-12-23 09:15:00+05:30
2016-12-23 15:15:00+05:30,7984.45,7992.85,7982.65,7989.85,,14,regular,False,False,2016-12-23 15:15:00+05:30,2016-12-23 15:29:00+05:30
2016-12-26 09:00:00+05:30,7965.1,7969.7,7950.55,7953.25,,1,outside,False,False,2016-12-26 09:14:00+05:30,2016-12-26 09:15:00+05:30
2016-12-26 15:15:00+05:30,7906.9,7914.55,7905.6,7912.45,,14,regular,False,False,2016-12-26 15:15:00+05:30,2016-12-26 15:29:00+05:30
2016-12-27 09:00:00+05:30,7915.05,7930.85,7915.05,7927.25,,1,outside,False,False,2016-12-27 09:14:00+05:30,2016-12-27 09:15:00+05:30
2016-12-27 15:15:00+05:30,8040.1,8044.35,8027.05,8030.9,,14,regular,False,False,2016-12-27 15:15:00+05:30,2016-12-27 15:29:00+05:30
2016-12-28 09:00:00+05:30,8047.55,8053.7,8046.4,8049.35,,1,outside,False,False,2016-12-28 09:14:00+05:30,2016-12-28 09:15:00+05:30
2016-12-28 15:15:00+05:30,8033.7,8040.05,8029.95,8036.75,,14,regular,False,False,2016-12-28 15:15:00+05:30,2016-12-28 15:29:00+05:30
2016-12-29 09:00:00+05:30,8030.6,8030.6,8021.05,8024.6,,1,outside,False,False,2016-12-29 09:14:00+05:30,2016-12-29 09:15:00+05:30
2016-12-29 15:15:00+05:30,8110.3,8110.5,8100.8,8105.1,,14,regular,False,False,2016-12-29 15:15:00+05:30,2016-12-29 15:29:00+05:30
2016-12-30 09:00:00+05:30,8119.65,8123.55,8116.35,8120.9,,1,outside,False,False,2016-12-30 09:14:00+05:30,2016-12-30 09:15:00+05:30
2016-12-30 15:15:00+05:30,8185.35,8188.75,8172.75,8174.25,,14,regular,False,False,2016-12-30 15:15:00+05:30,2016-12-30 15:29:00+05:30
2017-01-02 09:00:00+05:30,8210.1,8211.7,8189.0,8189.55,,1,outside,False,False,2017-01-02 09:14:00+05:30,2017-01-02 09:15:00+05:30
2017-01-02 15:15:00+05:30,8177.15,8181.0,8173.6,8179.2,,14,regular,False,False,2017-01-02 15:15:00+05:30,2017-01-02 15:29:00+05:30
2017-01-03 09:00:00+05:30,8195.25,8196.0,8172.25,8173.45,,1,outside,False,False,2017-01-03 09:14:00+05:30,2017-01-03 09:15:00+05:30
2017-01-03 15:15:00+05:30,8192.15,8195.9,8187.0,8189.05,,14,regular,False,False,2017-01-03 15:15:00+05:30,2017-01-03 15:29:00+05:30
2017-01-04 09:00:00+05:30,8200.8,8201.6,8194.65,8201.4,,1,outside,False,False,2017-01-04 09:14:00+05:30,2017-01-04 09:15:00+05:30
2017-01-04 15:15:00+05:30,8188.55,8197.7,8187.7,8196.35,,14,regular,False,False,2017-01-04 15:15:00+05:30,2017-01-04 15:29:00+05:30
2017-01-05 09:00:00+05:30,8226.65,8232.8,8226.35,8229.35,,1,outside,False,False,2017-01-05 09:14:00+05:30,2017-01-05 09:15:00+05:30
2017-01-05 15:15:00+05:30,8273.45,8274.65,8267.6,8270.5,,14,regular,False,False,2017-01-05 15:15:00+05:30,2017-01-05 15:29:00+05:30
2017-01-06 09:00:00+05:30,8283.0,8292.3,8282.15,8290.95,,1,outside,False,False,2017-01-06 09:14:00+05:30,2017-01-06 09:15:00+05:30
2017-01-06 15:15:00+05:30,8243.1,8252.7,8240.85,8248.2,,14,regular,False,False,2017-01-06 15:15:00+05:30,2017-01-06 15:29:00+05:30
2017-01-09 09:00:00+05:30,8259.1,8260.3,8244.4,8246.45,,1,outside,False,False,2017-01-09 09:14:00+05:30,2017-01-09 09:15:00+05:30
2017-01-09 15:15:00+05:30,8236.35,8237.9,8229.65,8234.55,,14,regular,False,False,2017-01-09 15:15:00+05:30,2017-01-09 15:29:00+05:30
2017-01-10 09:00:00+05:30,8262.7,8269.1,8262.25,8267.6,,1,outside,False,False,2017-01-10 09:14:00+05:30,2017-01-10 09:15:00+05:30
2017-01-10 15:15:00+05:30,8286.15,8293.55,8285.4,8290.3,,14,regular,False,False,2017-01-10 15:15:00+05:30,2017-01-10 15:29:00+05:30
2017-01-11 09:00:00+05:30,8329.85,8332.95,8328.75,8329.3,,1,outside,False,False,2017-01-11 09:14:00+05:30,2017-01-11 09:15:00+05:30
2017-01-11 15:15:00+05:30,8377.65,8380.9,8372.15,8374.3,,14,regular,False,False,2017-01-11 15:15:00+05:30,2017-01-11 15:29:00+05:30
2017-01-12 09:00:00+05:30,8391.05,8394.85,8388.25,8390.45,,1,outside,False,False,2017-01-12 09:14:00+05:30,2017-01-12 09:15:00+05:30
2017-01-12 15:15:00+05:30,8409.5,8410.6,8404.0,8409.15,,14,regular,False,False,2017-01-12 15:15:00+05:30,2017-01-12 15:29:00+05:30
2017-01-13 09:00:00+05:30,8457.65,8457.65,8436.95,8438.3,,1,outside,False,False,2017-01-13 09:14:00+05:30,2017-01-13 09:15:00+05:30
2017-01-13 15:15:00+05:30,8397.4,8400.4,8394.7,8397.8,,14,regular,False,False,2017-01-13 15:15:00+05:30,2017-01-13 15:29:00+05:30
2017-01-16 09:00:00+05:30,8390.95,8390.95,8378.1,8382.6,,1,outside,False,False,2017-01-16 09:14:00+05:30,2017-01-16 09:15:00+05:30
2017-01-16 15:15:00+05:30,8410.5,8419.1,8409.7,8418.7,,14,regular,False,False,2017-01-16 15:15:00+05:30,2017-01-16 15:29:00+05:30
2017-01-17 09:00:00+05:30,8415.05,8431.4,8415.05,8430.8,,1,outside,False,False,2017-01-17 09:14:00+05:30,2017-01-17 09:15:00+05:30
2017-01-17 15:15:00+05:30,8395.55,8400.9,8386.2,8388.8,,14,regular,False,False,2017-01-17 15:15:00+05:30,2017-01-17 15:29:00+05:30
2017-01-18 09:00:00+05:30,8408.95,8421.45,8407.85,8420.0,,1,outside,False,False,2017-01-18 09:14:00+05:30,2017-01-18 09:15:00+05:30
2017-01-18 15:15:00+05:30,8418.7,8419.8,8412.2,8413.75,,14,regular,False,False,2017-01-18 15:15:00+05:30,2017-01-18 15:29:00+05:30
2017-01-19 09:00:00+05:30,8418.4,8418.4,8406.4,8408.75,,1,outside,False,False,2017-01-19 09:14:00+05:30,2017-01-19 09:15:00+05:30
2017-01-19 15:15:00+05:30,8431.9,8437.25,8429.05,8431.2,,14,regular,False,False,2017-01-19 15:15:00+05:30,2017-01-19 15:29:00+05:30
2017-01-20 09:00:00+05:30,8404.35,8408.6,8397.65,8408.35,,1,outside,False,False,2017-01-20 09:14:00+05:30,2017-01-20 09:15:00+05:30
2017-01-20 15:15:00+05:30,8346.25,8352.0,8343.1,8343.85,,14,regular,False,False,2017-01-20 15:15:00+05:30,2017-01-20 15:29:00+05:30
2017-01-23 09:00:00+05:30,8329.6,8343.35,8328.05,8342.55,,1,outside,False,False,2017-01-23 09:14:00+05:30,2017-01-23 09:15:00+05:30
2017-01-23 15:15:00+05:30,8391.2,8400.9,8390.35,8398.0,,14,regular,False,False,2017-01-23 15:15:00+05:30,2017-01-23 15:29:00+05:30
2017-01-24 09:00:00+05:30,8407.05,8415.4,8399.45,8415.15,,1,outside,False,False,2017-01-24 09:14:00+05:30,2017-01-24 09:15:00+05:30
2017-01-24 15:15:00+05:30,8472.75,8480.75,8472.75,8476.75,,14,regular,False,False,2017-01-24 15:15:00+05:30,2017-01-24 15:29:00+05:30
2017-01-25 09:00:00+05:30,8499.45,8503.4,8499.35,8502.3,,1,outside,False,False,2017-01-25 09:14:00+05:30,2017-01-25 09:15:00+05:30
2017-01-25 15:15:00+05:30,8606.0,8612.15,8595.35,8597.5,,14,regular,False,False,2017-01-25 15:15:00+05:30,2017-01-25 15:29:00+05:30
2017-01-27 09:00:00+05:30,8610.5,8625.4,8610.05,8624.95,,1,outside,False,False,2017-01-27 09:14:00+05:30,2017-01-27 09:15:00+05:30
2017-01-27 15:15:00+05:30,8641.6,8646.1,8635.0,8641.95,,14,regular,False,False,2017-01-27 15:15:00+05:30,2017-01-27 15:29:00+05:30
2017-01-30 09:00:00+05:30,8635.45,8636.75,8628.25,8634.0,,1,outside,False,False,2017-01-30 09:14:00+05:30,2017-01-30 09:15:00+05:30
2017-01-30 15:15:00+05:30,8630.45,8639.35,8625.25,8633.7,,14,regular,False,False,2017-01-30 15:15:00+05:30,2017-01-30 15:29:00+05:30
2017-01-31 09:00:00+05:30,8629.45,8629.45,8601.3,8603.75,,1,outside,False,False,2017-01-31 09:14:00+05:30,2017-01-31 09:15:00+05:30
2017-01-31 15:15:00+05:30,8560.35,8560.9,8552.85,8556.55,,14,regular,False,False,2017-01-31 15:15:00+05:30,2017-01-31 15:29:00+05:30
2017-02-01 09:00:00+05:30,8570.35,8577.75,8568.5,8568.6,,1,outside,False,False,2017-02-01 09:14:00+05:30,2017-02-01 09:15:00+05:30
2017-02-01 15:15:00+05:30,8717.4,8717.75,8708.95,8715.5,,14,regular,False,False,2017-02-01 15:15:00+05:30,2017-02-01 15:29:00+05:30
2017-02-02 09:00:00+05:30,8725.15,8725.15,8699.45,8700.5,,1,outside,False,False,2017-02-02 09:14:00+05:30,2017-02-02 09:15:00+05:30
2017-02-02 15:15:00+05:30,8723.45,8730.15,8717.7,8722.3,,14,regular,False,False,2017-02-02 15:15:00+05:30,2017-02-02 15:29:00+05:30
2017-02-03 09:00:00+05:30,8735.15,8735.15,8721.95,8723.7,,1,outside,False,False,2017-02-03 09:14:00+05:30,2017-02-03 09:15:00+05:30
2017-02-03 15:15:00+05:30,8742.55,8745.1,8737.0,8738.55,,14,regular,False,False,2017-02-03 15:15:00+05:30,2017-02-03 15:29:00+05:30
2017-02-06 09:00:00+05:30,8785.45,8794.5,8785.45,8787.8,,1,outside,False,False,2017-02-06 09:14:00+05:30,2017-02-06 09:15:00+05:30
2017-02-06 15:15:00+05:30,8799.55,8802.9,8795.55,8796.1,,14,regular,False,False,2017-02-06 15:15:00+05:30,2017-02-06 15:29:00+05:30
2017-02-07 09:00:00+05:30,8805.7,8808.35,8789.15,8793.2,,1,outside,False,False,2017-02-07 09:14:00+05:30,2017-02-07 09:15:00+05:30
2017-02-07 15:15:00+05:30,8766.45,8775.35,8762.1,8770.75,,14,regular,False,False,2017-02-07 15:15:00+05:30,2017-02-07 15:29:00+05:30
2017-02-08 09:00:00+05:30,8774.55,8774.65,8767.25,8767.3,,1,outside,False,False,2017-02-08 09:14:00+05:30,2017-02-08 09:15:00+05:30
2017-02-08 15:15:00+05:30,8779.0,8791.15,8770.45,8775.8,,14,regular,False,False,2017-02-08 15:15:00+05:30,2017-02-08 15:29:00+05:30
2017-02-09 09:00:00+05:30,8795.55,8816.25,8794.4,8813.95,,1,outside,False,False,2017-02-09 09:14:00+05:30,2017-02-09 09:15:00+05:30
2017-02-09 15:15:00+05:30,8778.0,8787.0,8774.65,8786.55,,14,regular,False,False,2017-02-09 15:15:00+05:30,2017-02-09 15:29:00+05:30
2017-02-10 09:00:00+05:30,8812.35,8821.65,8810.35,8817.1,,1,outside,False,False,2017-02-10 09:14:00+05:30,2017-02-10 09:15:00+05:30
2017-02-10 15:15:00+05:30,8788.7,8797.15,8788.45,8794.05,,14,regular,False,False,2017-02-10 15:15:00+05:30,2017-02-10 15:29:00+05:30
2017-02-13 09:00:00+05:30,8818.85,8826.45,8816.65,8818.5,,1,outside,False,False,2017-02-13 09:14:00+05:30,2017-02-13 09:15:00+05:30
2017-02-13 15:15:00+05:30,8804.55,8813.15,8801.9,8802.05,,14,regular,False,False,2017-02-13 15:15:00+05:30,2017-02-13 15:29:00+05:30
2017-02-14 09:00:00+05:30,8819.9,8819.9,8795.95,8795.95,,1,outside,False,False,2017-02-14 09:14:00+05:30,2017-02-14 09:15:00+05:30
2017-02-14 15:15:00+05:30,8795.45,8796.9,8782.4,8784.15,,14,regular,False,False,2017-02-14 15:15:00+05:30,2017-02-14 15:29:00+05:30
2017-02-15 09:00:00+05:30,8777.65,8806.3,8777.65,8805.2,,1,outside,False,False,2017-02-15 09:14:00+05:30,2017-02-15 09:15:00+05:30
2017-02-15 15:15:00+05:30,8721.35,8731.3,8719.8,8728.2,,14,regular,False,False,2017-02-15 15:15:00+05:30,2017-02-15 15:29:00+05:30
2017-02-16 09:00:00+05:30,8739.0,8751.4,8739.0,8749.95,,1,outside,False,False,2017-02-16 09:14:00+05:30,2017-02-16 09:15:00+05:30
2017-02-16 15:15:00+05:30,8779.25,8780.95,8772.9,8777.8,,14,regular,False,False,2017-02-16 15:15:00+05:30,2017-02-16 15:29:00+05:30
2017-02-17 09:00:00+05:30,8883.7,8885.9,8863.7,8867.65,,1,outside,False,False,2017-02-17 09:14:00+05:30,2017-02-17 09:15:00+05:30
2017-02-17 15:15:00+05:30,8820.2,8822.7,8814.1,8816.95,,14,regular,False,False,2017-02-17 15:15:00+05:30,2017-02-17 15:29:00+05:30
2017-02-20 09:00:00+05:30,8818.55,8820.8,8814.5,8815.6,,1,outside,False,False,2017-02-20 09:14:00+05:30,2017-02-20 09:15:00+05:30
2017-02-20 15:15:00+05:30,8863.3,8885.35,8863.3,8884.25,,14,regular,False,False,2017-02-20 15:15:00+05:30,2017-02-20 15:29:00+05:30
2017-02-21 09:00:00+05:30,8890.75,8892.8,8877.1,8877.5,,1,outside,False,False,2017-02-21 09:14:00+05:30,2017-02-21 09:15:00+05:30
2017-02-21 11:00:00+05:30,8869.05,8869.95,8867.95,8868.0,,1,regular,False,False,2017-02-21 11:00:00+05:30,2017-02-21 11:01:00+05:30
2017-02-21 11:30:00+05:30,8872.5,8876.2,8871.45,8876.2,,5,regular,False,False,2017-02-21 11:40:00+05:30,2017-02-21 11:45:00+05:30
2017-02-21 15:15:00+05:30,8903.4,8907.15,8899.55,8903.25,,14,regular,False,False,2017-02-21 15:15:00+05:30,2017-02-21 15:29:00+05:30
2017-02-22 09:00:00+05:30,8931.45,8932.15,8920.15,8922.5,,1,outside,False,False,2017-02-22 09:14:00+05:30,2017-02-22 09:15:00+05:30
2017-02-22 15:15:00+05:30,8929.5,8931.05,8922.6,8930.1,,14,regular,False,False,2017-02-22 15:15:00+05:30,2017-02-22 15:29:00+05:30
2017-02-23 09:00:00+05:30,8952.55,8954.7,8935.7,8936.9,,1,outside,False,False,2017-02-23 09:14:00+05:30,2017-02-23 09:15:00+05:30
2017-02-23 15:15:00+05:30,8932.85,8947.7,8931.5,8941.2,,14,regular,False,False,2017-02-23 15:15:00+05:30,2017-02-23 15:29:00+05:30
2017-02-27 09:00:00+05:30,8943.7,8943.7,8913.8,8918.7,,1,outside,False,False,2017-02-27 09:14:00+05:30,2017-02-27 09:15:00+05:30
2017-02-27 15:15:00+05:30,8898.95,8901.2,8891.55,8896.45,,14,regular,False,False,2017-02-27 15:15:00+05:30,2017-02-27 15:29:00+05:30
2017-02-28 09:00:00+05:30,8898.95,8898.95,8893.4,8896.75,,1,outside,False,False,2017-02-28 09:14:00+05:30,2017-02-28 09:15:00+05:30
2017-02-28 15:15:00+05:30,8874.2,8882.35,8873.2,8875.2,,14,regular,False,False,2017-02-28 15:15:00+05:30,2017-02-28 15:29:00+05:30
2017-03-01 09:00:00+05:30,8904.4,8912.65,8900.65,8911.5,,1,outside,False,False,2017-03-01 09:14:00+05:30,2017-03-01 09:15:00+05:30
2017-03-01 15:15:00+05:30,8946.4,8947.15,8936.55,8941.8,,14,regular,False,False,2017-03-01 15:15:00+05:30,2017-03-01 15:29:00+05:30
2017-03-02 09:00:00+05:30,8982.85,8988.5,8978.65,8985.85,,1,outside,False,False,2017-03-02 09:14:00+05:30,2017-03-02 09:15:00+05:30
2017-03-02 15:15:00+05:30,8881.95,8898.4,8880.2,8893.9,,14,regular,False,False,2017-03-02 15:15:00+05:30,2017-03-02 15:29:00+05:30
2017-03-03 09:00:00+05:30,8885.55,8887.4,8873.6,8883.6,,1,outside,False,False,2017-03-03 09:14:00+05:30,2017-03-03 09:15:00+05:30
2017-03-03 15:15:00+05:30,8892.9,8906.9,8892.35,8902.2,,14,regular,False,False,2017-03-03 15:15:00+05:30,2017-03-03 15:29:00+05:30
2017-03-06 09:00:00+05:30,8915.1,8927.85,8915.1,8925.75,,1,outside,False,False,2017-03-06 09:14:00+05:30,2017-03-06 09:15:00+05:30
2017-03-06 15:15:00+05:30,8963.0,8967.15,8959.3,8962.6,,14,regular,False,False,2017-03-06 15:15:00+05:30,2017-03-06 15:29:00+05:30
2017-03-07 09:00:00+05:30,8977.75,8977.75,8967.6,8969.3,,1,outside,False,False,2017-03-07 09:14:00+05:30,2017-03-07 09:15:00+05:30
2017-03-07 15:15:00+05:30,8946.15,8948.75,8943.15,8944.95,,14,regular,False,False,2017-03-07 15:15:00+05:30,2017-03-07 15:29:00+05:30
2017-03-08 09:00:00+05:30,8950.7,8952.25,8942.6,8942.6,,1,outside,False,False,2017-03-08 09:14:00+05:30,2017-03-08 09:15:00+05:30
2017-03-08 15:15:00+05:30,8924.4,8931.65,8921.9,8923.85,,14,regular,False,False,2017-03-08 15:15:00+05:30,2017-03-08 15:29:00+05:30
2017-03-09 09:00:00+05:30,8914.5,8914.5,8900.5,8901.9,,1,outside,False,False,2017-03-09 09:14:00+05:30,2017-03-09 09:15:00+05:30
2017-03-09 15:15:00+05:30,8923.7,8928.45,8920.0,8927.8,,14,regular,False,False,2017-03-09 15:15:00+05:30,2017-03-09 15:29:00+05:30
2017-03-10 09:00:00+05:30,8953.7,8975.3,8953.7,8974.2,,1,outside,False,False,2017-03-10 09:14:00+05:30,2017-03-10 09:15:00+05:30
2017-03-10 15:15:00+05:30,8932.45,8937.8,8929.25,8936.85,,14,regular,False,False,2017-03-10 15:15:00+05:30,2017-03-10 15:29:00+05:30
2017-03-14 09:00:00+05:30,9091.65,9120.6,9091.65,9104.9,,1,outside,False,False,2017-03-14 09:14:00+05:30,2017-03-14 09:15:00+05:30
2017-03-14 15:15:00+05:30,9087.5,9091.9,9073.2,9073.35,,14,regular,False,False,2017-03-14 15:15:00+05:30,2017-03-14 15:29:00+05:30
2017-03-15 09:00:00+05:30,9086.85,9089.5,9082.15,9083.75,,1,outside,False,False,2017-03-15 09:14:00+05:30,2017-03-15 09:15:00+05:30
2017-03-15 15:15:00+05:30,9090.2,9090.2,9075.6,9082.6,,14,regular,False,False,2017-03-15 15:15:00+05:30,2017-03-15 15:29:00+05:30
2017-03-16 09:00:00+05:30,9129.65,9142.55,9129.65,9142.3,,1,outside,False,False,2017-03-16 09:14:00+05:30,2017-03-16 09:15:00+05:30
2017-03-16 15:15:00+05:30,9153.55,9158.1,9152.9,9157.3,,14,regular,False,False,2017-03-16 15:15:00+05:30,2017-03-16 15:29:00+05:30
2017-03-17 09:00:00+05:30,9207.8,9214.1,9178.3,9180.8,,1,outside,False,False,2017-03-17 09:14:00+05:30,2017-03-17 09:15:00+05:30
2017-03-17 15:15:00+05:30,9155.6,9158.65,9151.8,9152.15,,14,regular,False,False,2017-03-17 15:15:00+05:30,2017-03-17 15:29:00+05:30
2017-03-20 09:00:00+05:30,9166.95,9166.95,9152.95,9152.95,,1,outside,False,False,2017-03-20 09:14:00+05:30,2017-03-20 09:15:00+05:30
2017-03-20 15:15:00+05:30,9125.4,9131.15,9122.65,9129.55,,14,regular,False,False,2017-03-20 15:15:00+05:30,2017-03-20 15:29:00+05:30
2017-03-21 09:00:00+05:30,9133.95,9144.65,9129.5,9143.6,,1,outside,False,False,2017-03-21 09:14:00+05:30,2017-03-21 09:15:00+05:30
2017-03-21 15:15:00+05:30,9119.35,9131.45,9118.15,9126.1,,14,regular,False,False,2017-03-21 15:15:00+05:30,2017-03-21 15:29:00+05:30
2017-03-22 09:00:00+05:30,9047.2,9061.1,9042.15,9061.1,,1,outside,False,False,2017-03-22 09:14:00+05:30,2017-03-22 09:15:00+05:30
2017-03-22 15:15:00+05:30,9025.1,9034.35,9024.05,9027.65,,14,regular,False,False,2017-03-22 15:15:00+05:30,2017-03-22 15:29:00+05:30
2017-03-23 09:00:00+05:30,9048.75,9074.0,9048.75,9073.7,,1,outside,False,False,2017-03-23 09:14:00+05:30,2017-03-23 09:15:00+05:30
2017-03-23 15:15:00+05:30,9090.75,9091.05,9079.65,9081.8,,14,regular,False,False,2017-03-23 15:15:00+05:30,2017-03-23 15:29:00+05:30
2017-03-24 09:00:00+05:30,9104.0,9104.15,9095.15,9096.1,,1,outside,False,False,2017-03-24 09:14:00+05:30,2017-03-24 09:15:00+05:30
2017-03-24 15:15:00+05:30,9106.35,9106.6,9098.4,9100.4,,14,regular,False,False,2017-03-24 15:15:00+05:30,2017-03-24 15:29:00+05:30
2017-03-27 09:00:00+05:30,9093.45,9094.6,9076.8,9085.2,,1,outside,False,False,2017-03-27 09:14:00+05:30,2017-03-27 09:15:00+05:30
2017-03-27 15:15:00+05:30,9044.15,9052.9,9038.05,9052.9,,14,regular,False,False,2017-03-27 15:15:00+05:30,2017-03-27 15:29:00+05:30
2017-03-28 09:00:00+05:30,9081.5,9091.1,9081.5,9084.85,,1,outside,False,False,2017-03-28 09:14:00+05:30,2017-03-28 09:15:00+05:30
2017-03-28 15:15:00+05:30,9097.85,9110.15,9097.45,9108.3,,14,regular,False,False,2017-03-28 15:15:00+05:30,2017-03-28 15:29:00+05:30
2017-03-29 09:00:00+05:30,9128.7,9133.7,9121.2,9124.2,,1,outside,False,False,2017-03-29 09:14:00+05:30,2017-03-29 09:15:00+05:30
2017-03-29 15:15:00+05:30,9146.25,9152.35,9143.1,9145.05,,14,regular,False,False,2017-03-29 15:15:00+05:30,2017-03-29 15:29:00+05:30
2017-03-30 09:00:00+05:30,9142.6,9148.2,9137.65,9144.95,,1,outside,False,False,2017-03-30 09:14:00+05:30,2017-03-30 09:15:00+05:30
2017-03-30 15:15:00+05:30,9175.5,9180.5,9153.0,9158.95,,14,regular,False,False,2017-03-30 15:15:00+05:30,2017-03-30 15:29:00+05:30
2017-03-31 09:00:00+05:30,9158.9,9163.2,9154.0,9155.25,,1,outside,False,False,2017-03-31 09:14:00+05:30,2017-03-31 09:15:00+05:30
2017-03-31 15:15:00+05:30,9170.1,9177.15,9166.95,9170.7,,14,regular,False,False,2017-03-31 15:15:00+05:30,2017-03-31 15:29:00+05:30
2017-04-03 09:00:00+05:30,9220.6,9220.6,9203.95,9204.85,,1,outside,False,False,2017-04-03 09:14:00+05:30,2017-04-03 09:15:00+05:30
2017-04-03 15:15:00+05:30,9237.5,9244.6,9235.15,9243.0,,14,regular,False,False,2017-04-03 15:15:00+05:30,2017-04-03 15:29:00+05:30
2017-04-05 09:00:00+05:30,9264.4,9264.4,9224.1,9224.1,,1,outside,False,False,2017-04-05 09:14:00+05:30,2017-04-05 09:15:00+05:30
2017-04-05 15:15:00+05:30,9268.5,9268.9,9255.1,9256.9,,14,regular,False,False,2017-04-05 15:15:00+05:30,2017-04-05 15:29:00+05:30
2017-04-06 09:00:00+05:30,9245.8,9245.8,9226.95,9227.15,,1,outside,False,False,2017-04-06 09:14:00+05:30,2017-04-06 09:15:00+05:30
2017-04-06 15:15:00+05:30,9259.25,9267.6,9250.45,9256.65,,14,regular,False,False,2017-04-06 15:15:00+05:30,2017-04-06 15:29:00+05:30
2017-04-07 09:00:00+05:30,9223.7,9223.7,9214.1,9215.5,,1,outside,False,False,2017-04-07 09:14:00+05:30,2017-04-07 09:15:00+05:30
2017-04-07 15:15:00+05:30,9195.45,9202.25,9193.3,9196.9,,14,regular,False,False,2017-04-07 15:15:00+05:30,2017-04-07 15:29:00+05:30
2017-04-10 09:00:00+05:30,9225.6,9225.6,9215.4,9220.55,,1,outside,False,False,2017-04-10 09:14:00+05:30,2017-04-10 09:15:00+05:30
2017-04-10 15:15:00+05:30,9180.1,9185.5,9175.5,9176.8,,14,regular,False,False,2017-04-10 15:15:00+05:30,2017-04-10 15:29:00+05:30
2017-04-11 09:00:00+05:30,9184.55,9190.2,9174.45,9187.55,,1,outside,False,False,2017-04-11 09:14:00+05:30,2017-04-11 09:15:00+05:30
2017-04-11 15:15:00+05:30,9237.8,9238.85,9232.45,9233.8,,14,regular,False,False,2017-04-11 15:15:00+05:30,2017-04-11 15:29:00+05:30
2017-04-12 09:00:00+05:30,9242.5,9242.5,9232.5,9238.55,,1,outside,False,False,2017-04-12 09:14:00+05:30,2017-04-12 09:15:00+05:30
2017-04-12 15:15:00+05:30,9202.4,9207.3,9198.3,9201.05,,14,regular,False,False,2017-04-12 15:15:00+05:30,2017-04-12 15:29:00+05:30
2017-04-13 09:00:00+05:30,9202.5,9202.5,9193.0,9195.05,,1,outside,False,False,2017-04-13 09:14:00+05:30,2017-04-13 09:15:00+05:30
2017-04-13 15:15:00+05:30,9148.85,9153.9,9145.0,9147.3,,14,regular,False,False,2017-04-13 15:15:00+05:30,2017-04-13 15:29:00+05:30
2017-04-17 09:00:00+05:30,9144.75,9149.05,9142.75,9146.8,,1,outside,False,False,2017-04-17 09:14:00+05:30,2017-04-17 09:15:00+05:30
2017-04-17 15:15:00+05:30,9135.1,9143.9,9134.4,9139.35,,14,regular,False,False,2017-04-17 15:15:00+05:30,2017-04-17 15:29:00+05:30
2017-04-18 09:00:00+05:30,9163.0,9169.75,9161.55,9167.85,,1,outside,False,False,2017-04-18 09:14:00+05:30,2017-04-18 09:15:00+05:30
2017-04-18 15:15:00+05:30,9105.6,9110.4,9095.75,9100.45,,14,regular,False,False,2017-04-18 15:15:00+05:30,2017-04-18 15:29:00+05:30
2017-04-19 09:00:00+05:30,9112.2,9112.2,9096.15,9096.15,,1,outside,False,False,2017-04-19 09:14:00+05:30,2017-04-19 09:15:00+05:30
2017-04-19 15:15:00+05:30,9101.0,9117.1,9100.0,9114.05,,14,regular,False,False,2017-04-19 15:15:00+05:30,2017-04-19 15:29:00+05:30
2017-04-20 09:00:00+05:30,9108.1,9122.55,9106.3,9118.5,,1,outside,False,False,2017-04-20 09:14:00+05:30,2017-04-20 09:15:00+05:30
2017-04-20 15:15:00+05:30,9141.3,9142.25,9134.15,9136.1,,14,regular,False,False,2017-04-20 15:15:00+05:30,2017-04-20 15:29:00+05:30
2017-04-21 09:00:00+05:30,9179.1,9183.2,9169.65,9177.0,,1,outside,False,False,2017-04-21 09:14:00+05:30,2017-04-21 09:15:00+05:30
2017-04-21 15:15:00+05:30,9116.45,9124.15,9114.7,9119.3,,14,regular,False,False,2017-04-21 15:15:00+05:30,2017-04-21 15:29:00+05:30
2017-04-24 09:00:00+05:30,9135.35,9138.0,9130.75,9135.85,,1,outside,False,False,2017-04-24 09:14:00+05:30,2017-04-24 09:15:00+05:30
2017-04-24 15:15:00+05:30,9222.75,9224.8,9213.35,9217.7,,14,regular,False,False,2017-04-24 15:15:00+05:30,2017-04-24 15:29:00+05:30
2017-04-25 09:00:00+05:30,9273.05,9278.05,9258.55,9258.95,,1,outside,False,False,2017-04-25 09:14:00+05:30,2017-04-25 09:15:00+05:30
2017-04-25 15:15:00+05:30,9306.0,9307.9,9299.6,9303.75,,14,regular,False,False,2017-04-25 15:15:00+05:30,2017-04-25 15:29:00+05:30
2017-04-26 09:00:00+05:30,9336.2,9342.1,9318.6,9327.85,,1,outside,False,False,2017-04-26 09:14:00+05:30,2017-04-26 09:15:00+05:30
2017-04-26 15:15:00+05:30,9355.8,9359.9,9342.6,9344.1,,14,regular,False,False,2017-04-26 15:15:00+05:30,2017-04-26 15:29:00+05:30
2017-04-27 09:00:00+05:30,9359.15,9361.7,9351.6,9351.6,,1,outside,False,False,2017-04-27 09:14:00+05:30,2017-04-27 09:15:00+05:30
2017-04-27 15:15:00+05:30,9337.2,9342.0,9322.95,9328.7,,14,regular,False,False,2017-04-27 15:15:00+05:30,2017-04-27 15:29:00+05:30
2017-04-28 09:00:00+05:30,9340.95,9341.5,9323.95,9324.35,,1,outside,False,False,2017-04-28 09:14:00+05:30,2017-04-28 09:15:00+05:30
2017-04-28 15:15:00+05:30,9300.3,9309.2,9298.3,9304.65,,14,regular,False,False,2017-04-28 15:15:00+05:30,2017-04-28 15:29:00+05:30
2017-05-02 09:00:00+05:30,9339.85,9339.85,9330.6,9331.35,,1,outside,False,False,2017-05-02 09:14:00+05:30,2017-05-02 09:15:00+05:30
2017-05-02 15:15:00+05:30,9308.9,9318.8,9308.4,9317.3,,14,regular,False,False,2017-05-02 15:15:00+05:30,2017-05-02 15:29:00+05:30
2017-05-03 09:00:00+05:30,9344.7,9344.75,9336.0,9337.5,,1,outside,False,False,2017-05-03 09:14:00+05:30,2017-05-03 09:15:00+05:30
2017-05-03 15:15:00+05:30,9306.7,9312.9,9302.6,9304.0,,14,regular,False,False,2017-05-03 15:15:00+05:30,2017-05-03 15:29:00+05:30
2017-05-04 09:00:00+05:30,9360.95,9360.95,9343.25,9344.9,,1,outside,False,False,2017-05-04 09:14:00+05:30,2017-05-04 09:15:00+05:30
2017-05-04 15:15:00+05:30,9358.05,9365.4,9356.7,9356.75,,14,regular,False,False,2017-05-04 15:15:00+05:30,2017-05-04 15:29:00+05:30
2017-05-05 09:00:00+05:30,9374.55,9374.55,9333.7,9335.65,,1,outside,False,False,2017-05-05 09:14:00+05:30,2017-05-05 09:15:00+05:30
2017-05-05 15:15:00+05:30,9284.7,9288.5,9275.35,9277.6,,14,regular,False,False,2017-05-05 15:15:00+05:30,2017-05-05 15:29:00+05:30
2017-05-08 09:00:00+05:30,9311.45,9317.15,9306.1,9312.75,,1,outside,False,False,2017-05-08 09:14:00+05:30,2017-05-08 09:15:00+05:30
2017-05-08 15:15:00+05:30,9317.7,9318.0,9309.35,9310.75,,14,regular,False,False,2017-05-08 15:15:00+05:30,2017-05-08 15:29:00+05:30
2017-05-09 09:00:00+05:30,9337.35,9337.35,9322.55,9323.55,,1,outside,False,False,2017-05-09 09:14:00+05:30,2017-05-09 09:15:00+05:30
2017-05-09 15:15:00+05:30,9316.8,9320.05,9315.2,9317.3,,14,regular,False,False,2017-05-09 15:15:00+05:30,2017-05-09 15:29:00+05:30
2017-05-10 09:00:00+05:30,9339.65,9347.95,9336.65,9347.95,,1,outside,False,False,2017-05-10 09:14:00+05:30,2017-05-10 09:15:00+05:30
2017-05-10 15:15:00+05:30,9409.05,9414.4,9408.1,9412.45,,14,regular,False,False,2017-05-10 15:15:00+05:30,2017-05-10 15:29:00+05:30
2017-05-11 09:00:00+05:30,9448.6,9448.6,9430.25,9434.0,,1,outside,False,False,2017-05-11 09:14:00+05:30,2017-05-11 09:15:00+05:30
2017-05-11 15:15:00+05:30,9428.2,9428.2,9411.6,9412.4,,14,regular,False,False,2017-05-11 15:15:00+05:30,2017-05-11 15:29:00+05:30
2017-05-12 09:00:00+05:30,9436.65,9436.85,9426.75,9427.3,,1,outside,False,False,2017-05-12 09:14:00+05:30,2017-05-12 09:15:00+05:30
2017-05-12 15:15:00+05:30,9399.8,9408.55,9399.05,9408.55,,14,regular,False,False,2017-05-12 15:15:00+05:30,2017-05-12 15:29:00+05:30
2017-05-15 09:00:00+05:30,9433.55,9434.2,9429.0,9430.5,,1,outside,False,False,2017-05-15 09:14:00+05:30,2017-05-15 09:15:00+05:30
2017-05-15 15:15:00+05:30,9445.5,9449.05,9441.05,9445.6,,14,regular,False,False,2017-05-15 15:15:00+05:30,2017-05-15 15:29:00+05:30
2017-05-16 09:00:00+05:30,9461.0,9465.05,9456.85,9457.95,,1,outside,False,False,2017-05-16 09:14:00+05:30,2017-05-16 09:15:00+05:30
2017-05-16 15:15:00+05:30,9509.15,9515.1,9508.5,9510.25,,14,regular,False,False,2017-05-16 15:15:00+05:30,2017-05-16 15:29:00+05:30
2017-05-17 09:00:00+05:30,9517.6,9519.95,9490.05,9491.55,,1,outside,False,False,2017-05-17 09:14:00+05:30,2017-05-17 09:15:00+05:30
2017-05-17 15:15:00+05:30,9528.05,9530.2,9516.55,9516.55,,14,regular,False,False,2017-05-17 15:15:00+05:30,2017-05-17 15:29:00+05:30
2017-05-18 09:00:00+05:30,9453.2,9478.45,9453.0,9476.5,,1,outside,False,False,2017-05-18 09:14:00+05:30,2017-05-18 09:15:00+05:30
2017-05-18 15:15:00+05:30,9432.5,9433.2,9419.5,9423.75,,14,regular,False,False,2017-05-18 15:15:00+05:30,2017-05-18 15:29:00+05:30
2017-05-19 09:00:00+05:30,9469.9,9472.85,9466.15,9469.65,,1,outside,False,False,2017-05-19 09:14:00+05:30,2017-05-19 09:15:00+05:30
2017-05-19 15:15:00+05:30,9419.15,9436.6,9418.2,9435.4,,14,regular,False,False,2017-05-19 15:15:00+05:30,2017-05-19 15:29:00+05:30
2017-05-22 09:00:00+05:30,9480.25,9495.55,9478.15,9493.45,,1,outside,False,False,2017-05-22 09:14:00+05:30,2017-05-22 09:15:00+05:30
2017-05-22 15:15:00+05:30,9438.4,9441.8,9434.7,9438.0,,14,regular,False,False,2017-05-22 15:15:00+05:30,2017-05-22 15:29:00+05:30
2017-05-23 09:00:00+05:30,9445.05,9446.75,9439.85,9443.5,,1,outside,False,False,2017-05-23 09:14:00+05:30,2017-05-23 09:15:00+05:30
2017-05-23 15:15:00+05:30,9381.5,9391.2,9379.3,9379.4,,14,regular,False,False,2017-05-23 15:15:00+05:30,2017-05-23 15:29:00+05:30
2017-05-24 09:00:00+05:30,9410.9,9414.4,9406.05,9414.25,,1,outside,False,False,2017-05-24 09:14:00+05:30,2017-05-24 09:15:00+05:30
2017-05-24 15:15:00+05:30,9356.7,9371.2,9356.4,9370.15,,14,regular,False,False,2017-05-24 15:15:00+05:30,2017-05-24 15:29:00+05:30
2017-05-25 09:00:00+05:30,9384.05,9389.3,9380.65,9386.75,,1,outside,False,False,2017-05-25 09:14:00+05:30,2017-05-25 09:15:00+05:30
2017-05-25 15:15:00+05:30,9515.5,9516.3,9497.35,9501.25,,14,regular,False,False,2017-05-25 15:15:00+05:30,2017-05-25 15:29:00+05:30
2017-05-26 09:00:00+05:30,9507.75,9507.85,9500.2,9504.4,,1,outside,False,False,2017-05-26 09:14:00+05:30,2017-05-26 09:15:00+05:30
2017-05-26 15:15:00+05:30,9595.45,9596.35,9578.15,9580.9,,14,regular,False,False,2017-05-26 15:15:00+05:30,2017-05-26 15:29:00+05:30
2017-05-29 09:00:00+05:30,9560.05,9562.3,9550.15,9561.95,,1,outside,False,False,2017-05-29 09:14:00+05:30,2017-05-29 09:15:00+05:30
2017-05-29 15:15:00+05:30,9601.65,9609.25,9598.45,9598.45,,14,regular,False,False,2017-05-29 15:15:00+05:30,2017-05-29 15:29:00+05:30
2017-05-30 09:00:00+05:30,9590.65,9596.95,9584.8,9596.95,,1,outside,False,False,2017-05-30 09:14:00+05:30,2017-05-30 09:15:00+05:30
2017-05-30 15:15:00+05:30,9621.9,9632.4,9619.95,9625.85,,14,regular,False,False,2017-05-30 15:15:00+05:30,2017-05-30 15:29:00+05:30
2017-05-31 09:00:00+05:30,9636.55,9637.25,9622.6,9622.6,,1,outside,False,False,2017-05-31 09:14:00+05:30,2017-05-31 09:15:00+05:30
2017-05-31 15:15:00+05:30,9625.15,9626.5,9615.8,9625.7,,14,regular,False,False,2017-05-31 15:15:00+05:30,2017-05-31 15:29:00+05:30
2017-06-01 09:00:00+05:30,9603.55,9606.95,9599.65,9606.9,,1,outside,False,False,2017-06-01 09:14:00+05:30,2017-06-01 09:15:00+05:30
2017-06-01 15:15:00+05:30,9616.6,9620.2,9612.9,9616.6,,14,regular,False,False,2017-06-01 15:15:00+05:30,2017-06-01 15:29:00+05:30
2017-06-02 09:00:00+05:30,9657.15,9672.65,9653.35,9668.0,,1,outside,False,False,2017-06-02 09:14:00+05:30,2017-06-02 09:15:00+05:30
2017-06-02 15:15:00+05:30,9653.45,9656.5,9638.3,9642.35,,14,regular,False,False,2017-06-02 15:15:00+05:30,2017-06-02 15:29:00+05:30
2017-06-05 09:00:00+05:30,9656.3,9657.25,9650.6,9656.55,,1,outside,False,False,2017-06-05 09:14:00+05:30,2017-06-05 09:15:00+05:30
2017-06-05 15:15:00+05:30,9675.45,9677.65,9672.45,9676.45,,14,regular,False,False,2017-06-05 15:15:00+05:30,2017-06-05 15:29:00+05:30
2017-06-06 09:00:00+05:30,9704.25,9706.3,9683.4,9685.1,,1,outside,False,False,2017-06-06 09:14:00+05:30,2017-06-06 09:15:00+05:30
2017-06-06 15:15:00+05:30,9634.95,9640.65,9633.05,9636.9,,14,regular,False,False,2017-06-06 15:15:00+05:30,2017-06-06 15:29:00+05:30
2017-06-07 09:00:00+05:30,9663.95,9665.0,9655.0,9655.0,,1,outside,False,False,2017-06-07 09:14:00+05:30,2017-06-07 09:15:00+05:30
2017-06-07 15:15:00+05:30,9660.65,9669.45,9660.65,9662.15,,14,regular,False,False,2017-06-07 15:15:00+05:30,2017-06-07 15:29:00+05:30
2017-06-08 09:00:00+05:30,9682.4,9688.25,9680.0,9686.35,,1,outside,False,False,2017-06-08 09:14:00+05:30,2017-06-08 09:15:00+05:30
2017-06-08 15:15:00+05:30,9646.55,9649.6,9641.95,9642.7,,14,regular,False,False,2017-06-08 15:15:00+05:30,2017-06-08 15:29:00+05:30
2017-06-09 09:00:00+05:30,9638.55,9638.55,9624.25,9625.35,,1,outside,False,False,2017-06-09 09:14:00+05:30,2017-06-09 09:15:00+05:30
2017-06-09 15:15:00+05:30,9668.3,9670.4,9664.9,9666.65,,14,regular,False,False,2017-06-09 15:15:00+05:30,2017-06-09 15:29:00+05:30
2017-06-12 09:00:00+05:30,9646.7,9646.7,9623.35,9625.2,,1,outside,False,False,2017-06-12 09:14:00+05:30,2017-06-12 09:15:00+05:30
2017-06-12 15:15:00+05:30,9614.25,9623.9,9612.3,9618.1,,14,regular,False,False,2017-06-12 15:15:00+05:30,2017-06-12 15:29:00+05:30
2017-06-13 09:00:00+05:30,9615.55,9627.75,9615.55,9627.75,,1,outside,False,False,2017-06-13 09:14:00+05:30,2017-06-13 09:15:00+05:30
2017-06-13 15:15:00+05:30,9611.85,9612.25,9595.8,9597.5,,14,regular,False,False,2017-06-13 15:15:00+05:30,2017-06-13 15:29:00+05:30
2017-06-14 09:00:00+05:30,9621.55,9624.7,9613.55,9615.3,,1,outside,False,False,2017-06-14 09:14:00+05:30,2017-06-14 09:15:00+05:30
2017-06-14 15:15:00+05:30,9614.35,9619.5,9611.4,9613.0,,14,regular,False,False,2017-06-14 15:15:00+05:30,2017-06-14 15:29:00+05:30
2017-06-15 09:00:00+05:30,9617.9,9617.9,9607.55,9608.45,,1,outside,False,False,2017-06-15 09:14:00+05:30,2017-06-15 09:15:00+05:30
2017-06-15 15:15:00+05:30,9579.1,9580.7,9572.1,9574.15,,14,regular,False,False,2017-06-15 15:15:00+05:30,2017-06-15 15:29:00+05:30
2017-06-16 09:00:00+05:30,9595.45,9602.95,9594.9,9602.55,,1,outside,False,False,2017-06-16 09:14:00+05:30,2017-06-16 09:15:00+05:30
2017-06-16 15:15:00+05:30,9588.3,9590.35,9575.85,9578.0,,14,regular,False,False,2017-06-16 15:15:00+05:30,2017-06-16 15:29:00+05:30
2017-06-19 09:00:00+05:30,9626.4,9627.9,9623.25,9625.35,,1,outside,False,False,2017-06-19 09:14:00+05:30,2017-06-19 09:15:00+05:30
2017-06-19 15:15:00+05:30,9654.85,9659.05,9653.45,9654.15,,14,regular,False,False,2017-06-19 15:15:00+05:30,2017-06-19 15:29:00+05:30
2017-06-20 09:00:00+05:30,9670.5,9671.65,9659.95,9668.0,,1,outside,False,False,2017-06-20 09:14:00+05:30,2017-06-20 09:15:00+05:30
2017-06-20 15:15:00+05:30,9654.05,9655.05,9648.05,9649.95,,14,regular,False,False,2017-06-20 15:15:00+05:30,2017-06-20 15:29:00+05:30
2017-06-21 09:00:00+05:30,9648.1,9650.05,9630.85,9632.6,,1,outside,False,False,2017-06-21 09:14:00+05:30,2017-06-21 09:15:00+05:30
2017-06-21 15:15:00+05:30,9632.4,9639.5,9630.05,9636.45,,14,regular,False,False,2017-06-21 15:15:00+05:30,2017-06-21 15:29:00+05:30
2017-06-22 09:00:00+05:30,9642.65,9665.0,9642.65,9665.0,,1,outside,False,False,2017-06-22 09:14:00+05:30,2017-06-22 09:15:00+05:30
2017-06-22 15:15:00+05:30,9634.95,9635.65,9620.15,9624.0,,14,regular,False,False,2017-06-22 15:15:00+05:30,2017-06-22 15:29:00+05:30
2017-06-23 09:00:00+05:30,9643.25,9646.65,9628.4,9629.2,,1,outside,False,False,2017-06-23 09:14:00+05:30,2017-06-23 09:15:00+05:30
2017-06-23 15:15:00+05:30,9571.05,9576.15,9566.0,9576.15,,14,regular,False,False,2017-06-23 15:15:00+05:30,2017-06-23 15:29:00+05:30
2017-06-27 09:00:00+05:30,9594.05,9602.35,9593.9,9599.75,,1,outside,False,False,2017-06-27 09:14:00+05:30,2017-06-27 09:15:00+05:30
2017-06-27 15:15:00+05:30,9512.55,9517.7,9508.6,9509.8,,14,regular,False,False,2017-06-27 15:15:00+05:30,2017-06-27 15:29:00+05:30
2017-06-28 09:00:00+05:30,9520.2,9520.2,9486.3,9490.55,,1,outside,False,False,2017-06-28 09:14:00+05:30,2017-06-28 09:15:00+05:30
2017-06-28 15:15:00+05:30,9492.9,9498.15,9489.95,9492.8,,14,regular,False,False,2017-06-28 15:15:00+05:30,2017-06-28 15:29:00+05:30
2017-06-29 09:00:00+05:30,9522.95,9537.65,9522.95,9536.05,,1,outside,False,False,2017-06-29 09:14:00+05:30,2017-06-29 09:15:00+05:30
2017-06-29 15:15:00+05:30,9495.95,9506.0,9494.25,9494.25,,14,regular,False,False,2017-06-29 15:15:00+05:30,2017-06-29 15:29:00+05:30
2017-06-30 09:00:00+05:30,9478.5,9478.5,9464.55,9466.65,,1,outside,False,False,2017-06-30 09:14:00+05:30,2017-06-30 09:15:00+05:30
2017-06-30 15:15:00+05:30,9524.9,9535.55,9519.25,9524.95,,14,regular,False,False,2017-06-30 15:15:00+05:30,2017-06-30 15:29:00+05:30
2017-07-03 09:00:00+05:30,9587.95,9603.05,9570.65,9571.05,,1,outside,False,False,2017-07-03 09:14:00+05:30,2017-07-03 09:15:00+05:30
2017-07-03 15:15:00+05:30,9609.75,9623.9,9609.75,9615.55,,14,regular,False,False,2017-07-03 15:15:00+05:30,2017-07-03 15:29:00+05:30
2017-07-04 09:00:00+05:30,9645.9,9649.8,9628.4,9630.95,,1,outside,False,False,2017-07-04 09:14:00+05:30,2017-07-04 09:15:00+05:30
2017-07-04 15:15:00+05:30,9611.2,9612.2,9605.7,9610.65,,14,regular,False,False,2017-07-04 15:15:00+05:30,2017-07-04 15:29:00+05:30
2017-07-05 09:00:00+05:30,9619.75,9620.75,9609.75,9610.75,,1,outside,False,False,2017-07-05 09:14:00+05:30,2017-07-05 09:15:00+05:30
2017-07-05 15:15:00+05:30,9641.65,9643.4,9638.9,9641.35,,14,regular,False,False,2017-07-05 15:15:00+05:30,2017-07-05 15:29:00+05:30
2017-07-06 09:00:00+05:30,9653.6,9653.6,9642.5,9645.1,,1,outside,False,False,2017-07-06 09:14:00+05:30,2017-07-06 09:15:00+05:30
2017-07-06 15:15:00+05:30,9668.9,9673.4,9666.3,9668.95,,14,regular,False,False,2017-07-06 15:15:00+05:30,2017-07-06 15:29:00+05:30
2017-07-07 09:00:00+05:30,9670.35,9672.35,9654.9,9655.15,,1,outside,False,False,2017-07-07 09:14:00+05:30,2017-07-07 09:15:00+05:30
2017-07-07 15:15:00+05:30,9662.5,9669.55,9661.35,9665.35,,14,regular,False,False,2017-07-07 15:15:00+05:30,2017-07-07 15:29:00+05:30
2017-07-10 09:00:00+05:30,9698.25,9712.6,9681.3,9690.4,,1,outside,False,False,2017-07-10 09:14:00+05:30,2017-07-10 09:15:00+05:30
2017-07-10 15:15:00+05:30,9771.95,9772.95,9760.95,9762.2,,14,regular,False,False,2017-07-10 15:15:00+05:30,2017-07-10 15:29:00+05:30
2017-07-11 09:00:00+05:30,9797.45,9798.75,9789.8,9791.85,,1,outside,False,False,2017-07-11 09:14:00+05:30,2017-07-11 09:15:00+05:30
2017-07-11 15:15:00+05:30,9787.55,9790.1,9782.25,9786.4,,14,regular,False,False,2017-07-11 15:15:00+05:30,2017-07-11 15:29:00+05:30
2017-07-12 09:00:00+05:30,9807.3,9811.3,9805.95,9808.5,,1,outside,False,False,2017-07-12 09:14:00+05:30,2017-07-12 09:15:00+05:30
2017-07-12 15:15:00+05:30,9816.6,9824.45,9814.95,9822.85,,14,regular,False,False,2017-07-12 15:15:00+05:30,2017-07-12 15:29:00+05:30
2017-07-13 09:00:00+05:30,9855.8,9868.6,9855.5,9868.15,,1,outside,False,False,2017-07-13 09:14:00+05:30,2017-07-13 09:15:00+05:30
2017-07-13 15:15:00+05:30,9893.6,9894.45,9884.65,9886.25,,14,regular,False,False,2017-07-13 15:15:00+05:30,2017-07-13 15:29:00+05:30
2017-07-14 09:00:00+05:30,9913.3,9913.3,9894.6,9894.65,,1,outside,False,False,2017-07-14 09:14:00+05:30,2017-07-14 09:15:00+05:30
2017-07-14 15:15:00+05:30,9885.15,9890.75,9879.9,9886.7,,14,regular,False,False,2017-07-14 15:15:00+05:30,2017-07-14 15:29:00+05:30
2017-07-17 09:00:00+05:30,9908.15,9908.5,9900.5,9900.5,,1,outside,False,False,2017-07-17 09:14:00+05:30,2017-07-17 09:15:00+05:30
2017-07-17 15:15:00+05:30,9920.7,9921.15,9910.4,9913.65,,14,regular,False,False,2017-07-17 15:15:00+05:30,2017-07-17 15:29:00+05:30
2017-07-18 09:00:00+05:30,9832.7,9868.9,9813.8,9863.5,,1,outside,False,False,2017-07-18 09:14:00+05:30,2017-07-18 09:15:00+05:30
2017-07-18 15:15:00+05:30,9825.75,9829.45,9822.8,9828.45,,14,regular,False,False,2017-07-18 15:15:00+05:30,2017-07-18 15:29:00+05:30
2017-07-19 09:00:00+05:30,9855.95,9867.5,9853.75,9866.8,,1,outside,False,False,2017-07-19 09:14:00+05:30,2017-07-19 09:15:00+05:30
2017-07-19 15:15:00+05:30,9898.05,9904.65,9898.05,9902.05,,14,regular,False,False,2017-07-19 15:15:00+05:30,2017-07-19 15:29:00+05:30
2017-07-20 09:00:00+05:30,9920.2,9920.2,9906.95,9914.0,,1,outside,False,False,2017-07-20 09:14:00+05:30,2017-07-20 09:15:00+05:30
2017-07-20 15:15:00+05:30,9870.1,9876.25,9868.1,9870.9,,14,regular,False,False,2017-07-20 15:15:00+05:30,2017-07-20 15:29:00+05:30
2017-07-21 09:00:00+05:30,9899.6,9899.6,9890.25,9893.9,,1,outside,False,False,2017-07-21 09:14:00+05:30,2017-07-21 09:15:00+05:30
2017-07-21 15:15:00+05:30,9916.3,9923.9,9912.55,9914.15,,14,regular,False,False,2017-07-21 15:15:00+05:30,2017-07-21 15:29:00+05:30
2017-07-24 09:00:00+05:30,9936.8,9937.7,9924.65,9924.65,,1,outside,False,False,2017-07-24 09:14:00+05:30,2017-07-24 09:15:00+05:30
2017-07-24 15:15:00+05:30,9964.45,9972.65,9963.15,9965.55,,14,regular,False,False,2017-07-24 15:15:00+05:30,2017-07-24 15:29:00+05:30
2017-07-25 09:00:00+05:30,10010.55,10010.55,9989.05,9993.05,,1,outside,False,False,2017-07-25 09:14:00+05:30,2017-07-25 09:15:00+05:30
2017-07-25 15:15:00+05:30,9961.05,9965.1,9958.3,9964.8,,14,regular,False,False,2017-07-25 15:15:00+05:30,2017-07-25 15:29:00+05:30
2017-07-26 09:00:00+05:30,9983.65,9984.7,9973.55,9977.4,,1,outside,False,False,2017-07-26 09:14:00+05:30,2017-07-26 09:15:00+05:30
2017-07-26 15:15:00+05:30,10023.1,10025.6,10019.15,10020.3,,14,regular,False,False,2017-07-26 15:15:00+05:30,2017-07-26 15:29:00+05:30
2017-07-27 09:00:00+05:30,10063.25,10063.65,10055.85,10061.2,,1,outside,False,False,2017-07-27 09:14:00+05:30,2017-07-27 09:15:00+05:30
2017-07-27 15:15:00+05:30,10018.35,10022.95,10010.65,10020.6,,14,regular,False,False,2017-07-27 15:15:00+05:30,2017-07-27 15:29:00+05:30
2017-07-28 09:00:00+05:30,9996.55,9996.55,9969.55,9980.0,,1,outside,False,False,2017-07-28 09:14:00+05:30,2017-07-28 09:15:00+05:30
2017-07-28 15:15:00+05:30,10010.95,10025.85,10002.75,10002.95,,14,regular,False,False,2017-07-28 15:15:00+05:30,2017-07-28 15:29:00+05:30
2017-07-31 09:00:00+05:30,10034.7,10034.7,10019.25,10023.7,,1,outside,False,False,2017-07-31 09:14:00+05:30,2017-07-31 09:15:00+05:30
2017-07-31 15:15:00+05:30,10079.05,10085.75,10076.05,10076.95,,14,regular,False,False,2017-07-31 15:15:00+05:30,2017-07-31 15:29:00+05:30
2017-08-01 09:00:00+05:30,10101.05,10101.05,10084.0,10086.4,,1,outside,False,False,2017-08-01 09:14:00+05:30,2017-08-01 09:15:00+05:30
2017-08-01 15:15:00+05:30,10116.1,10128.35,10115.7,10120.35,,14,regular,False,False,2017-08-01 15:15:00+05:30,2017-08-01 15:29:00+05:30
2017-08-02 09:00:00+05:30,10136.3,10136.3,10125.05,10126.4,,1,outside,False,False,2017-08-02 09:14:00+05:30,2017-08-02 09:15:00+05:30
2017-08-02 15:15:00+05:30,10082.85,10085.6,10054.9,10058.1,,14,regular,False,False,2017-08-02 15:15:00+05:30,2017-08-02 15:29:00+05:30
2017-08-03 09:00:00+05:30,10081.15,10081.15,10058.6,10068.45,,1,outside,False,False,2017-08-03 09:14:00+05:30,2017-08-03 09:15:00+05:30
2017-08-03 15:15:00+05:30,10017.3,10019.6,10002.65,10003.85,,14,regular,False,False,2017-08-03 15:15:00+05:30,2017-08-03 15:29:00+05:30
2017-08-04 09:00:00+05:30,10008.6,10009.45,10001.75,10006.8,,1,outside,False,False,2017-08-04 09:14:00+05:30,2017-08-04 09:15:00+05:30
2017-08-04 15:15:00+05:30,10070.3,10075.15,10066.1,10068.5,,14,regular,False,False,2017-08-04 15:15:00+05:30,2017-08-04 15:29:00+05:30
2017-08-07 09:00:00+05:30,10074.8,10078.35,10071.15,10073.35,,1,outside,False,False,2017-08-07 09:14:00+05:30,2017-08-07 09:15:00+05:30
2017-08-07 15:15:00+05:30,10053.95,10057.25,10046.4,10049.6,,14,regular,False,False,2017-08-07 15:15:00+05:30,2017-08-07 15:29:00+05:30
2017-08-08 09:00:00+05:30,10068.35,10073.55,10067.85,10073.1,,1,outside,False,False,2017-08-08 09:14:00+05:30,2017-08-08 09:15:00+05:30
2017-08-08 15:15:00+05:30,9972.3,9987.6,9972.25,9977.1,,14,regular,False,False,2017-08-08 15:15:00+05:30,2017-08-08 15:29:00+05:30
2017-08-09 09:00:00+05:30,9961.15,9961.15,9942.85,9942.9,,1,outside,False,False,2017-08-09 09:14:00+05:30,2017-08-09 09:15:00+05:30
2017-08-09 15:15:00+05:30,9908.65,9908.65,9893.55,9900.3,,14,regular,False,False,2017-08-09 15:15:00+05:30,2017-08-09 15:29:00+05:30
2017-08-10 09:00:00+05:30,9872.85,9874.3,9862.2,9866.3,,1,outside,False,False,2017-08-10 09:14:00+05:30,2017-08-10 09:15:00+05:30
2017-08-10 15:15:00+05:30,9820.1,9852.3,9799.0,9850.0,,14,regular,False,False,2017-08-10 15:15:00+05:30,2017-08-10 15:29:00+05:30
2017-08-11 09:00:00+05:30,9712.15,9729.05,9707.6,9718.45,,1,outside,False,False,2017-08-11 09:14:00+05:30,2017-08-11 09:15:00+05:30
2017-08-11 15:15:00+05:30,9717.3,9724.7,9710.0,9712.95,,14,regular,False,False,2017-08-11 15:15:00+05:30,2017-08-11 15:29:00+05:30
2017-08-14 09:00:00+05:30,9755.75,9772.25,9754.55,9769.15,,1,outside,False,False,2017-08-14 09:14:00+05:30,2017-08-14 09:15:00+05:30
2017-08-14 15:15:00+05:30,9795.6,9795.75,9780.75,9790.85,,14,regular,False,False,2017-08-14 15:15:00+05:30,2017-08-14 15:29:00+05:30
2017-08-16 09:00:00+05:30,9825.85,9829.1,9816.25,9818.3,,1,outside,False,False,2017-08-16 09:14:00+05:30,2017-08-16 09:15:00+05:30
2017-08-16 15:15:00+05:30,9899.25,9903.6,9895.45,9900.65,,14,regular,False,False,2017-08-16 15:15:00+05:30,2017-08-16 15:29:00+05:30
2017-08-17 09:00:00+05:30,9945.55,9947.6,9908.3,9908.6,,1,outside,False,False,2017-08-17 09:14:00+05:30,2017-08-17 09:15:00+05:30
2017-08-17 15:15:00+05:30,9889.4,9907.95,9888.55,9903.85,,14,regular,False,False,2017-08-17 15:15:00+05:30,2017-08-17 15:29:00+05:30
2017-08-18 09:00:00+05:30,9865.95,9865.95,9834.15,9843.55,,1,outside,False,False,2017-08-18 09:14:00+05:30,2017-08-18 09:15:00+05:30
2017-08-18 15:15:00+05:30,9844.25,9844.9,9831.05,9834.45,,14,regular,False,False,2017-08-18 15:15:00+05:30,2017-08-18 15:29:00+05:30
2017-08-21 09:00:00+05:30,9864.25,9866.75,9855.65,9865.35,,1,outside,False,False,2017-08-21 09:14:00+05:30,2017-08-21 09:15:00+05:30
2017-08-21 15:15:00+05:30,9746.8,9753.3,9740.25,9751.45,,14,regular,False,False,2017-08-21 15:15:00+05:30,2017-08-21 15:29:00+05:30
2017-08-22 09:00:00+05:30,9815.75,9819.25,9807.6,9811.25,,1,outside,False,False,2017-08-22 09:14:00+05:30,2017-08-22 09:15:00+05:30
2017-08-22 15:15:00+05:30,9763.1,9777.05,9759.75,9775.1,,14,regular,False,False,2017-08-22 15:15:00+05:30,2017-08-22 15:29:00+05:30
2017-08-23 09:00:00+05:30,9803.05,9815.75,9801.55,9814.7,,1,outside,False,False,2017-08-23 09:14:00+05:30,2017-08-23 09:15:00+05:30
2017-08-23 15:15:00+05:30,9851.7,9853.25,9847.4,9847.6,,14,regular,False,False,2017-08-23 15:15:00+05:30,2017-08-23 15:29:00+05:30
2017-08-24 09:00:00+05:30,9881.2,9881.2,9865.0,9865.0,,1,outside,False,False,2017-08-24 09:14:00+05:30,2017-08-24 09:15:00+05:30
2017-08-24 15:15:00+05:30,9859.7,9868.75,9850.85,9865.7,,14,regular,False,False,2017-08-24 15:15:00+05:30,2017-08-24 15:29:00+05:30
2017-08-28 09:00:00+05:30,9907.15,9907.45,9895.75,9895.85,,1,outside,False,False,2017-08-28 09:14:00+05:30,2017-08-28 09:15:00+05:30
2017-08-28 15:15:00+05:30,9912.95,9917.05,9911.45,9911.9,,14,regular,False,False,2017-08-28 15:15:00+05:30,2017-08-28 15:29:00+05:30
2017-08-29 09:00:00+05:30,9886.4,9886.4,9870.85,9870.85,,1,outside,False,False,2017-08-29 09:14:00+05:30,2017-08-29 09:15:00+05:30
2017-08-29 15:15:00+05:30,9791.3,9800.45,9787.55,9793.0,,14,regular,False,False,2017-08-29 15:15:00+05:30,2017-08-29 15:29:00+05:30
2017-08-30 09:00:00+05:30,9859.5,9860.65,9852.65,9853.25,,1,outside,False,False,2017-08-30 09:14:00+05:30,2017-08-30 09:15:00+05:30
2017-08-30 15:15:00+05:30,9882.0,9887.2,9879.4,9886.35,,14,regular,False,False,2017-08-30 15:15:00+05:30,2017-08-30 15:29:00+05:30
2017-08-31 09:00:00+05:30,9905.7,9905.7,9883.15,9883.15,,1,outside,False,False,2017-08-31 09:14:00+05:30,2017-08-31 09:15:00+05:30
2017-08-31 15:15:00+05:30,9918.65,9924.8,9914.25,9915.8,,14,regular,False,False,2017-08-31 15:15:00+05:30,2017-08-31 15:29:00+05:30
2017-09-01 09:00:00+05:30,9937.65,9937.65,9917.15,9917.5,,1,outside,False,False,2017-09-01 09:14:00+05:30,2017-09-01 09:15:00+05:30
2017-09-01 15:15:00+05:30,9976.15,9976.75,9967.95,9971.05,,14,regular,False,False,2017-09-01 15:15:00+05:30,2017-09-01 15:29:00+05:30
2017-09-04 09:00:00+05:30,9984.15,9984.15,9953.45,9953.45,,1,outside,False,False,2017-09-04 09:14:00+05:30,2017-09-04 09:15:00+05:30
2017-09-04 15:15:00+05:30,9915.85,9917.6,9900.5,9904.35,,14,regular,False,False,2017-09-04 15:15:00+05:30,2017-09-04 15:29:00+05:30
2017-09-05 09:00:00+05:30,9933.25,9935.25,9927.5,9928.3,,1,outside,False,False,2017-09-05 09:14:00+05:30,2017-09-05 09:15:00+05:30
2017-09-05 15:15:00+05:30,9950.6,9955.4,9944.45,9946.5,,14,regular,False,False,2017-09-05 15:15:00+05:30,2017-09-05 15:29:00+05:30
2017-09-06 09:00:00+05:30,9899.25,9899.25,9882.65,9885.55,,1,outside,False,False,2017-09-06 09:14:00+05:30,2017-09-06 09:15:00+05:30
2017-09-06 15:15:00+05:30,9911.15,9917.35,9909.0,9915.15,,14,regular,False,False,2017-09-06 15:15:00+05:30,2017-09-06 15:29:00+05:30
2017-09-07 09:00:00+05:30,9945.85,9950.4,9945.25,9948.85,,1,outside,False,False,2017-09-07 09:14:00+05:30,2017-09-07 09:15:00+05:30
2017-09-07 15:15:00+05:30,9932.1,9933.5,9921.25,9924.0,,14,regular,False,False,2017-09-07 15:15:00+05:30,2017-09-07 15:29:00+05:30
2017-09-08 09:00:00+05:30,9958.65,9959.05,9955.45,9955.95,,1,outside,False,False,2017-09-08 09:14:00+05:30,2017-09-08 09:15:00+05:30
2017-09-08 15:15:00+05:30,9935.25,9936.6,9923.05,9924.4,,14,regular,False,False,2017-09-08 15:15:00+05:30,2017-09-08 15:29:00+05:30
2017-09-11 09:00:00+05:30,9971.75,9992.15,9971.75,9987.5,,1,outside,False,False,2017-09-11 09:14:00+05:30,2017-09-11 09:15:00+05:30
2017-09-11 15:15:00+05:30,10005.95,10007.9,9999.2,10005.95,,14,regular,False,False,2017-09-11 15:15:00+05:30,2017-09-11 15:29:00+05:30
2017-09-12 09:00:00+05:30,10056.85,10056.85,10035.45,10036.2,,1,outside,False,False,2017-09-12 09:14:00+05:30,2017-09-12 09:15:00+05:30
2017-09-12 15:15:00+05:30,10091.3,10096.1,10086.15,10087.6,,14,regular,False,False,2017-09-12 15:15:00+05:30,2017-09-12 15:29:00+05:30
2017-09-13 09:00:00+05:30,10099.25,10100.8,10091.75,10094.4,,1,outside,False,False,2017-09-13 09:14:00+05:30,2017-09-13 09:15:00+05:30
2017-09-13 15:15:00+05:30,10064.7,10087.6,10063.7,10085.7,,14,regular,False,False,2017-09-13 15:15:00+05:30,2017-09-13 15:29:00+05:30
2017-09-14 09:00:00+05:30,10107.4,10109.45,10098.35,10102.6,,1,outside,False,False,2017-09-14 09:14:00+05:30,2017-09-14 09:15:00+05:30
2017-09-14 15:15:00+05:30,10084.6,10088.6,10077.3,10087.0,,14,regular,False,False,2017-09-14 15:15:00+05:30,2017-09-14 15:29:00+05:30
2017-09-15 09:00:00+05:30,10062.35,10064.55,10055.75,10062.75,,1,outside,False,False,2017-09-15 09:14:00+05:30,2017-09-15 09:15:00+05:30
2017-09-15 15:15:00+05:30,10084.65,10088.45,10076.8,10085.4,,14,regular,False,False,2017-09-15 15:15:00+05:30,2017-09-15 15:29:00+05:30
2017-09-18 09:00:00+05:30,10133.1,10153.65,10133.1,10153.55,,1,outside,False,False,2017-09-18 09:14:00+05:30,2017-09-18 09:15:00+05:30
2017-09-18 15:15:00+05:30,10147.15,10157.4,10146.05,10154.4,,14,regular,False,False,2017-09-18 15:15:00+05:30,2017-09-18 15:29:00+05:30
2017-09-19 09:00:00+05:30,10175.6,10178.5,10164.0,10165.45,,1,outside,False,False,2017-09-19 09:14:00+05:30,2017-09-19 09:15:00+05:30
2017-09-19 15:15:00+05:30,10145.3,10151.25,10145.15,10149.35,,14,regular,False,False,2017-09-19 15:15:00+05:30,2017-09-19 15:29:00+05:30
2017-09-20 09:00:00+05:30,10160.95,10169.05,10160.95,10166.25,,1,outside,False,False,2017-09-20 09:14:00+05:30,2017-09-20 09:15:00+05:30
2017-09-20 15:15:00+05:30,10139.8,10143.15,10135.65,10139.55,,14,regular,False,False,2017-09-20 15:15:00+05:30,2017-09-20 15:29:00+05:30
2017-09-21 09:00:00+05:30,10139.6,10153.75,10139.0,10151.05,,1,outside,False,False,2017-09-21 09:14:00+05:30,2017-09-21 09:15:00+05:30
2017-09-21 15:15:00+05:30,10120.5,10125.05,10117.25,10123.6,,14,regular,False,False,2017-09-21 15:15:00+05:30,2017-09-21 15:29:00+05:30
2017-09-22 09:00:00+05:30,10094.35,10094.35,10062.45,10062.45,,1,outside,False,False,2017-09-22 09:14:00+05:30,2017-09-22 09:15:00+05:30
2017-09-22 15:15:00+05:30,9961.25,9964.05,9952.95,9963.6,,14,regular,False,False,2017-09-22 15:15:00+05:30,2017-09-22 15:29:00+05:30
2017-09-25 09:00:00+05:30,9960.1,9960.1,9935.25,9937.9,,1,outside,False,False,2017-09-25 09:14:00+05:30,2017-09-25 09:15:00+05:30
2017-09-25 15:15:00+05:30,9876.0,9884.5,9874.6,9875.6,,14,regular,False,False,2017-09-25 15:15:00+05:30,2017-09-25 15:29:00+05:30
2017-09-26 09:00:00+05:30,9875.25,9875.35,9860.35,9861.15,,1,outside,False,False,2017-09-26 09:14:00+05:30,2017-09-26 09:15:00+05:30
2017-09-26 15:15:00+05:30,9868.1,9872.9,9851.2,9855.25,,14,regular,False,False,2017-09-26 15:15:00+05:30,2017-09-26 15:29:00+05:30
2017-09-27 09:00:00+05:30,9920.6,9920.6,9876.7,9876.7,,1,outside,False,False,2017-09-27 09:14:00+05:30,2017-09-27 09:15:00+05:30
2017-09-27 15:15:00+05:30,9717.15,9742.8,9714.9,9738.3,,14,regular,False,False,2017-09-27 15:15:00+05:30,2017-09-27 15:29:00+05:30
2017-09-28 09:00:00+05:30,9736.4,9738.3,9714.2,9714.65,,1,outside,False,False,2017-09-28 09:14:00+05:30,2017-09-28 09:15:00+05:30
2017-09-28 15:15:00+05:30,9762.25,9771.45,9757.35,9760.2,,14,regular,False,False,2017-09-28 15:15:00+05:30,2017-09-28 15:29:00+05:30
2017-09-29 09:00:00+05:30,9814.3,9814.3,9796.8,9807.65,,1,outside,False,False,2017-09-29 09:14:00+05:30,2017-09-29 09:15:00+05:30
2017-09-29 15:15:00+05:30,9780.2,9790.5,9779.5,9782.95,,14,regular,False,False,2017-09-29 15:15:00+05:30,2017-09-29 15:29:00+05:30
2017-10-03 09:00:00+05:30,9893.3,9893.3,9869.45,9872.5,,1,outside,False,False,2017-10-03 09:14:00+05:30,2017-10-03 09:15:00+05:30
2017-10-03 15:15:00+05:30,9857.95,9861.8,9854.25,9854.75,,14,regular,False,False,2017-10-03 15:15:00+05:30,2017-10-03 15:29:00+05:30
2017-10-04 09:00:00+05:30,9884.35,9884.35,9868.7,9871.6,,1,outside,False,False,2017-10-04 09:14:00+05:30,2017-10-04 09:15:00+05:30
2017-10-04 15:15:00+05:30,9906.15,9927.8,9906.15,9924.5,,14,regular,False,False,2017-10-04 15:15:00+05:30,2017-10-04 15:29:00+05:30
2017-10-05 09:00:00+05:30,9927.0,9927.55,9914.1,9914.35,,1,outside,False,False,2017-10-05 09:14:00+05:30,2017-10-05 09:15:00+05:30
2017-10-05 15:15:00+05:30,9883.75,9888.85,9882.25,9887.1,,14,regular,False,False,2017-10-05 15:15:00+05:30,2017-10-05 15:29:00+05:30
2017-10-06 09:00:00+05:30,9908.15,9925.8,9907.65,9925.8,,1,outside,False,False,2017-10-06 09:14:00+05:30,2017-10-06 09:15:00+05:30
2017-10-06 15:15:00+05:30,9984.6,9989.25,9983.15,9987.2,,14,regular,False,False,2017-10-06 15:15:00+05:30,2017-10-06 15:29:00+05:30
2017-10-09 09:00:00+05:30,9988.2,9989.2,9971.2,9974.95,,1,outside,False,False,2017-10-09 09:14:00+05:30,2017-10-09 09:15:00+05:30
2017-10-09 15:15:00+05:30,9986.3,9990.6,9984.85,9987.95,,14,regular,False,False,2017-10-09 15:15:00+05:30,2017-10-09 15:29:00+05:30
2017-10-10 09:00:00+05:30,10013.7,10015.75,10011.45,10014.15,,1,outside,False,False,2017-10-10 09:14:00+05:30,2017-10-10 09:15:00+05:30
2017-10-10 15:15:00+05:30,10016.5,10016.8,10010.05,10013.8,,14,regular,False,False,2017-10-10 15:15:00+05:30,2017-10-10 15:29:00+05:30
2017-10-11 09:00:00+05:30,10042.6,10045.7,10040.5,10044.3,,1,outside,False,False,2017-10-11 09:14:00+05:30,2017-10-11 09:15:00+05:30
2017-10-11 15:15:00+05:30,9980.9,9983.1,9970.1,9970.1,,14,regular,False,False,2017-10-11 15:15:00+05:30,2017-10-11 15:29:00+05:30
2017-10-12 09:00:00+05:30,10011.2,10020.9,10010.85,10019.55,,1,outside,False,False,2017-10-12 09:14:00+05:30,2017-10-12 09:15:00+05:30
2017-10-12 15:15:00+05:30,10097.25,10104.05,10094.7,10098.0,,14,regular,False,False,2017-10-12 15:15:00+05:30,2017-10-12 15:29:00+05:30
2017-10-13 09:00:00+05:30,10123.7,10128.05,10121.75,10124.8,,1,outside,False,False,2017-10-13 09:14:00+05:30,2017-10-13 09:15:00+05:30
2017-10-13 15:15:00+05:30,10166.25,10169.3,10161.0,10161.75,,14,regular,False,False,2017-10-13 15:15:00+05:30,2017-10-13 15:29:00+05:30
2017-10-16 09:00:00+05:30,10207.4,10228.55,10207.4,10221.4,,1,outside,False,False,2017-10-16 09:14:00+05:30,2017-10-16 09:15:00+05:30
2017-10-16 15:15:00+05:30,10226.45,10236.1,10226.25,10233.05,,14,regular,False,False,2017-10-16 15:15:00+05:30,2017-10-16 15:29:00+05:30
2017-10-17 09:00:00+05:30,10227.65,10229.0,10219.85,10220.65,,1,outside,False,False,2017-10-17 09:14:00+05:30,2017-10-17 09:15:00+05:30
2017-10-17 15:15:00+05:30,10231.35,10238.35,10230.7,10238.35,,14,regular,False,False,2017-10-17 15:15:00+05:30,2017-10-17 15:29:00+05:30
2017-10-18 09:00:00+05:30,10209.4,10209.4,10194.55,10203.85,,1,outside,False,False,2017-10-18 09:14:00+05:30,2017-10-18 09:15:00+05:30
2017-10-18 15:15:00+05:30,10204.6,10220.25,10203.15,10214.8,,14,regular,False,False,2017-10-18 15:15:00+05:30,2017-10-18 15:29:00+05:30
2017-10-19 18:15:00+05:30,10210.35,10210.75,10195.9,10198.05,,1,evening,False,False,2017-10-19 18:29:00+05:30,2017-10-19 18:30:00+05:30
2017-10-19 19:15:00+05:30,10142.95,10142.95,10124.15,10125.95,,14,evening,False,False,2017-10-19 19:15:00+05:30,2017-10-19 19:29:00+05:30
2017-10-23 09:00:00+05:30,10176.65,10181.55,10161.6,10176.55,,1,outside,False,False,2017-10-23 09:14:00+05:30,2017-10-23 09:15:00+05:30
2017-10-23 15:15:00+05:30,10186.9,10196.25,10183.95,10191.3,,14,regular,False,False,2017-10-23 15:15:00+05:30,2017-10-23 15:29:00+05:30
2017-10-24 09:00:00+05:30,10218.55,10218.55,10198.1,10203.0,,1,outside,False,False,2017-10-24 09:14:00+05:30,2017-10-24 09:15:00+05:30
2017-10-24 15:15:00+05:30,10209.6,10211.45,10205.05,10207.7,,14,regular,False,False,2017-10-24 15:15:00+05:30,2017-10-24 15:29:00+05:30
2017-10-25 09:00:00+05:30,10321.15,10333.0,10311.9,10326.25,,1,outside,False,False,2017-10-25 09:14:00+05:30,2017-10-25 09:15:00+05:30
2017-10-25 15:15:00+05:30,10298.45,10302.8,10289.25,10293.75,,14,regular,False,False,2017-10-25 15:15:00+05:30,2017-10-25 15:29:00+05:30
2017-10-26 09:00:00+05:30,10291.8,10291.8,10275.75,10279.65,,1,outside,False,False,2017-10-26 09:14:00+05:30,2017-10-26 09:15:00+05:30
2017-10-26 15:15:00+05:30,10345.55,10348.7,10333.4,10336.3,,14,regular,False,False,2017-10-26 15:15:00+05:30,2017-10-26 15:29:00+05:30
2017-10-27 09:00:00+05:30,10362.3,10364.8,10352.85,10361.8,,1,outside,False,False,2017-10-27 09:14:00+05:30,2017-10-27 09:15:00+05:30
2017-10-27 15:15:00+05:30,10314.15,10326.5,10312.0,10319.2,,14,regular,False,False,2017-10-27 15:15:00+05:30,2017-10-27 15:29:00+05:30
2017-10-30 09:00:00+05:30,10353.85,10355.65,10344.85,10355.2,,1,outside,False,False,2017-10-30 09:14:00+05:30,2017-10-30 09:15:00+05:30
2017-10-30 15:15:00+05:30,10360.9,10366.05,10357.35,10365.25,,14,regular,False,False,2017-10-30 15:15:00+05:30,2017-10-30 15:29:00+05:30
2017-10-31 09:00:00+05:30,10364.9,10364.9,10354.35,10355.05,,1,outside,False,False,2017-10-31 09:14:00+05:30,2017-10-31 09:15:00+05:30
2017-10-31 15:15:00+05:30,10332.05,10341.2,10330.3,10340.0,,14,regular,False,False,2017-10-31 15:15:00+05:30,2017-10-31 15:29:00+05:30
2017-11-01 09:00:00+05:30,10390.35,10401.45,10386.35,10401.4,,1,outside,False,False,2017-11-01 09:14:00+05:30,2017-11-01 09:15:00+05:30
2017-11-01 15:15:00+05:30,10438.5,10443.6,10435.8,10441.55,,14,regular,False,False,2017-11-01 15:15:00+05:30,2017-11-01 15:29:00+05:30
2017-11-02 09:00:00+05:30,10440.5,10441.3,10432.45,10439.9,,1,outside,False,False,2017-11-02 09:14:00+05:30,2017-11-02 09:15:00+05:30
2017-11-02 15:15:00+05:30,10423.6,10426.75,10420.7,10425.45,,14,regular,False,False,2017-11-02 15:15:00+05:30,2017-11-02 15:29:00+05:30
2017-11-03 09:00:00+05:30,10461.55,10461.55,10449.15,10451.45,,1,outside,False,False,2017-11-03 09:14:00+05:30,2017-11-03 09:15:00+05:30
2017-11-03 15:15:00+05:30,10451.45,10461.0,10449.4,10453.65,,14,regular,False,False,2017-11-03 15:15:00+05:30,2017-11-03 15:29:00+05:30
2017-11-06 09:00:00+05:30,10431.75,10431.75,10422.25,10423.1,,1,outside,False,False,2017-11-06 09:14:00+05:30,2017-11-06 09:15:00+05:30
2017-11-06 15:15:00+05:30,10456.05,10457.15,10429.2,10435.8,,14,regular,False,False,2017-11-06 15:15:00+05:30,2017-11-06 15:29:00+05:30
2017-11-07 09:00:00+05:30,10477.15,10478.3,10472.3,10474.1,,1,outside,False,False,2017-11-07 09:14:00+05:30,2017-11-07 09:15:00+05:30
2017-11-07 15:15:00+05:30,10344.0,10353.95,10340.9,10351.4,,14,regular,False,False,2017-11-07 15:15:00+05:30,2017-11-07 15:29:00+05:30
2017-11-08 09:00:00+05:30,10361.95,10370.8,10359.45,10361.2,,1,outside,False,False,2017-11-08 09:14:00+05:30,2017-11-08 09:15:00+05:30
2017-11-08 15:15:00+05:30,10303.35,10317.8,10302.5,10313.8,,14,regular,False,False,2017-11-08 15:15:00+05:30,2017-11-08 15:29:00+05:30
2017-11-09 09:00:00+05:30,10358.65,10364.5,10354.9,10363.5,,1,outside,False,False,2017-11-09 09:14:00+05:30,2017-11-09 09:15:00+05:30
2017-11-09 15:15:00+05:30,10302.6,10325.75,10301.75,10324.6,,14,regular,False,False,2017-11-09 15:15:00+05:30,2017-11-09 15:29:00+05:30
2017-11-10 09:00:00+05:30,10304.35,10304.35,10292.15,10294.5,,1,outside,False,False,2017-11-10 09:14:00+05:30,2017-11-10 09:15:00+05:30
2017-11-10 15:15:00+05:30,10328.45,10344.5,10325.05,10334.4,,14,regular,False,False,2017-11-10 15:15:00+05:30,2017-11-10 15:29:00+05:30
2017-11-13 09:00:00+05:30,10322.0,10326.55,10315.75,10318.65,,1,outside,False,False,2017-11-13 09:14:00+05:30,2017-11-13 09:15:00+05:30
2017-11-13 15:15:00+05:30,10216.95,10225.8,10216.95,10222.6,,14,regular,False,False,2017-11-13 15:15:00+05:30,2017-11-13 15:29:00+05:30
2017-11-14 09:00:00+05:30,10223.4,10226.2,10216.6,10223.55,,1,outside,False,False,2017-11-14 09:14:00+05:30,2017-11-14 09:15:00+05:30
2017-11-14 15:15:00+05:30,10182.3,10187.8,10175.6,10181.65,,14,regular,False,False,2017-11-14 15:15:00+05:30,2017-11-14 15:29:00+05:30
2017-11-15 09:00:00+05:30,10171.95,10175.3,10164.1,10168.4,,1,outside,False,False,2017-11-15 09:14:00+05:30,2017-11-15 09:15:00+05:30
2017-11-15 15:15:00+05:30,10119.8,10129.55,10118.05,10129.55,,14,regular,False,False,2017-11-15 15:15:00+05:30,2017-11-15 15:29:00+05:30
2017-11-16 09:00:00+05:30,10152.9,10162.9,10148.45,10162.9,,1,outside,False,False,2017-11-16 09:14:00+05:30,2017-11-16 09:15:00+05:30
2017-11-16 15:15:00+05:30,10213.5,10231.85,10212.95,10231.45,,14,regular,False,False,2017-11-16 15:15:00+05:30,2017-11-16 15:29:00+05:30
2017-11-17 09:00:00+05:30,10324.55,10338.05,10321.85,10334.85,,1,outside,False,False,2017-11-17 09:14:00+05:30,2017-11-17 09:15:00+05:30
2017-11-17 15:15:00+05:30,10283.0,10284.7,10268.45,10274.75,,14,regular,False,False,2017-11-17 15:15:00+05:30,2017-11-17 15:29:00+05:30
2017-11-20 09:00:00+05:30,10287.2,10291.95,10273.05,10273.55,,1,outside,False,False,2017-11-20 09:14:00+05:30,2017-11-20 09:15:00+05:30
2017-11-20 15:15:00+05:30,10296.35,10298.9,10289.95,10297.05,,14,regular,False,False,2017-11-20 15:15:00+05:30,2017-11-20 15:29:00+05:30
2017-11-21 09:00:00+05:30,10329.25,10334.65,10325.75,10332.2,,1,outside,False,False,2017-11-21 09:14:00+05:30,2017-11-21 09:15:00+05:30
2017-11-21 15:15:00+05:30,10325.95,10328.3,10319.4,10321.25,,14,regular,False,False,2017-11-21 15:15:00+05:30,2017-11-21 15:29:00+05:30
2017-11-22 09:00:00+05:30,10350.8,10359.55,10348.6,10359.55,,1,outside,False,False,2017-11-22 09:14:00+05:30,2017-11-22 09:15:00+05:30
2017-11-22 15:15:00+05:30,10339.75,10346.95,10339.55,10346.85,,14,regular,False,False,2017-11-22 15:15:00+05:30,2017-11-22 15:29:00+05:30
2017-11-23 09:00:00+05:30,10358.45,10360.45,10344.4,10344.65,,1,outside,False,False,2017-11-23 09:14:00+05:30,2017-11-23 09:15:00+05:30
2017-11-23 15:15:00+05:30,10349.0,10357.3,10347.45,10350.95,,14,regular,False,False,2017-11-23 15:15:00+05:30,2017-11-23 15:29:00+05:30
2017-11-24 09:00:00+05:30,10366.8,10371.05,10365.3,10370.35,,1,outside,False,False,2017-11-24 09:14:00+05:30,2017-11-24 09:15:00+05:30
2017-11-24 15:15:00+05:30,10387.0,10396.35,10385.05,10393.3,,14,regular,False,False,2017-11-24 15:15:00+05:30,2017-11-24 15:29:00+05:30
2017-11-27 09:00:00+05:30,10361.05,10365.8,10353.45,10354.5,,1,outside,False,False,2017-11-27 09:14:00+05:30,2017-11-27 09:15:00+05:30
2017-11-27 15:15:00+05:30,10401.9,10406.8,10398.05,10404.65,,14,regular,False,False,2017-11-27 15:15:00+05:30,2017-11-27 15:29:00+05:30
2017-11-28 09:00:00+05:30,10387.9,10387.9,10373.2,10374.6,,1,outside,False,False,2017-11-28 09:14:00+05:30,2017-11-28 09:15:00+05:30
2017-11-28 15:15:00+05:30,10368.2,10370.65,10359.0,10363.8,,14,regular,False,False,2017-11-28 15:15:00+05:30,2017-11-28 15:29:00+05:30
2017-11-29 09:00:00+05:30,10376.65,10380.1,10370.35,10378.1,,1,outside,False,False,2017-11-29 09:14:00+05:30,2017-11-29 09:15:00+05:30
2017-11-29 15:15:00+05:30,10364.05,10367.55,10345.95,10350.65,,14,regular,False,False,2017-11-29 15:15:00+05:30,2017-11-29 15:29:00+05:30
2017-11-30 09:00:00+05:30,10332.7,10332.7,10313.15,10314.7,,1,outside,False,False,2017-11-30 09:14:00+05:30,2017-11-30 09:15:00+05:30
2017-11-30 15:15:00+05:30,10220.45,10233.45,10212.25,10229.45,,14,regular,False,False,2017-11-30 15:15:00+05:30,2017-11-30 15:29:00+05:30
2017-12-01 09:00:00+05:30,10263.7,10263.7,10258.75,10262.9,,1,outside,False,False,2017-12-01 09:14:00+05:30,2017-12-01 09:15:00+05:30
2017-12-01 15:15:00+05:30,10126.55,10126.85,10109.55,10119.8,,14,regular,False,False,2017-12-01 15:15:00+05:30,2017-12-01 15:29:00+05:30
2017-12-04 09:00:00+05:30,10175.05,10175.5,10155.15,10155.15,,1,outside,False,False,2017-12-04 09:14:00+05:30,2017-12-04 09:15:00+05:30
2017-12-04 15:15:00+05:30,10128.8,10139.25,10121.05,10137.9,,14,regular,False,False,2017-12-04 15:15:00+05:30,2017-12-04 15:29:00+05:30
2017-12-05 09:00:00+05:30,10118.25,10118.25,10100.2,10104.25,,1,outside,False,False,2017-12-05 09:14:00+05:30,2017-12-05 09:15:00+05:30
2017-12-05 15:15:00+05:30,10119.9,10122.15,10112.35,10122.15,,14,regular,False,False,2017-12-05 15:15:00+05:30,2017-12-05 15:29:00+05:30
2017-12-06 09:00:00+05:30,10088.8,10089.7,10079.75,10085.25,,1,outside,False,False,2017-12-06 09:14:00+05:30,2017-12-06 09:15:00+05:30
2017-12-06 15:15:00+05:30,10043.05,10052.8,10036.7,10039.65,,14,regular,False,False,2017-12-06 15:15:00+05:30,2017-12-06 15:29:00+05:30
2017-12-07 09:00:00+05:30,10063.45,10079.3,10063.45,10076.2,,1,outside,False,False,2017-12-07 09:14:00+05:30,2017-12-07 09:15:00+05:30
2017-12-07 15:15:00+05:30,10182.35,10182.35,10168.6,10172.7,,14,regular,False,False,2017-12-07 15:15:00+05:30,2017-12-07 15:29:00+05:30
2017-12-08 09:00:00+05:30,10198.45,10206.7,10195.25,10206.45,,1,outside,False,False,2017-12-08 09:14:00+05:30,2017-12-08 09:15:00+05:30
2017-12-08 15:15:00+05:30,10260.65,10270.75,10260.65,10267.85,,14,regular,False,False,2017-12-08 15:15:00+05:30,2017-12-08 15:29:00+05:30
2017-12-11 09:00:00+05:30,10310.5,10311.1,10303.6,10307.65,,1,outside,False,False,2017-12-11 09:14:00+05:30,2017-12-11 09:15:00+05:30
2017-12-11 15:15:00+05:30,10320.05,10328.85,10319.05,10326.05,,14,regular,False,False,2017-12-11 15:15:00+05:30,2017-12-11 15:29:00+05:30
2017-12-12 09:00:00+05:30,10324.9,10324.9,10297.95,10299.4,,1,outside,False,False,2017-12-12 09:14:00+05:30,2017-12-12 09:15:00+05:30
2017-12-12 15:15:00+05:30,10242.2,10245.55,10236.5,10241.75,,14,regular,False,False,2017-12-12 15:15:00+05:30,2017-12-12 15:29:00+05:30
2017-12-13 09:00:00+05:30,10236.6,10237.75,10211.2,10213.8,,1,outside,False,False,2017-12-13 09:14:00+05:30,2017-12-13 09:15:00+05:30
2017-12-13 15:15:00+05:30,10199.65,10205.8,10194.25,10202.75,,14,regular,False,False,2017-12-13 15:15:00+05:30,2017-12-13 15:29:00+05:30
2017-12-14 09:00:00+05:30,10229.3,10229.3,10220.85,10222.9,,1,outside,False,False,2017-12-14 09:14:00+05:30,2017-12-14 09:15:00+05:30
2017-12-14 15:15:00+05:30,10252.9,10275.9,10252.8,10258.85,,14,regular,False,False,2017-12-14 15:15:00+05:30,2017-12-14 15:29:00+05:30
2017-12-15 09:00:00+05:30,10345.65,10361.15,10345.65,10355.65,,1,outside,False,False,2017-12-15 09:14:00+05:30,2017-12-15 09:15:00+05:30
2017-12-15 15:15:00+05:30,10333.55,10336.45,10321.45,10326.8,,14,regular,False,False,2017-12-15 15:15:00+05:30,2017-12-15 15:29:00+05:30
2017-12-18 09:00:00+05:30,10263.1,10263.1,10076.15,10116.6,,1,outside,False,False,2017-12-18 09:14:00+05:30,2017-12-18 09:15:00+05:30
2017-12-18 15:15:00+05:30,10384.95,10392.8,10376.05,10390.8,,14,regular,False,False,2017-12-18 15:15:00+05:30,2017-12-18 15:29:00+05:30
2017-12-19 09:00:00+05:30,10414.8,10422.35,10411.95,10422.35,,1,outside,False,False,2017-12-19 09:14:00+05:30,2017-12-19 09:15:00+05:30
2017-12-19 15:15:00+05:30,10465.85,10469.8,10462.65,10469.5,,14,regular,False,False,2017-12-19 15:15:00+05:30,2017-12-19 15:29:00+05:30
2017-12-20 09:00:00+05:30,10494.4,10494.4,10453.75,10453.75,,1,outside,False,False,2017-12-20 09:14:00+05:30,2017-12-20 09:15:00+05:30
2017-12-20 15:15:00+05:30,10440.3,10447.2,10438.25,10443.2,,14,regular,False,False,2017-12-20 15:15:00+05:30,2017-12-20 15:29:00+05:30
2017-12-21 09:00:00+05:30,10473.95,10473.95,10456.55,10462.35,,1,outside,False,False,2017-12-21 09:14:00+05:30,2017-12-21 09:15:00+05:30
2017-12-21 15:15:00+05:30,10441.95,10445.75,10428.25,10429.65,,14,regular,False,False,2017-12-21 15:15:00+05:30,2017-12-21 15:29:00+05:30
2017-12-22 09:00:00+05:30,10457.3,10460.3,10449.65,10460.3,,1,outside,False,False,2017-12-22 09:14:00+05:30,2017-12-22 09:15:00+05:30
2017-12-22 15:15:00+05:30,10495.35,10500.95,10485.0,10486.6,,14,regular,False,False,2017-12-22 15:15:00+05:30,2017-12-22 15:29:00+05:30
2017-12-26 09:00:00+05:30,10512.3,10513.05,10499.1,10501.9,,1,outside,False,False,2017-12-26 09:14:00+05:30,2017-12-26 09:15:00+05:30
2017-12-26 15:15:00+05:30,10529.9,10545.3,10522.45,10525.6,,14,regular,False,False,2017-12-26 15:15:00+05:30,2017-12-26 15:29:00+05:30
2017-12-27 09:00:00+05:30,10531.05,10531.05,10518.25,10521.15,,1,outside,False,False,2017-12-27 09:14:00+05:30,2017-12-27 09:15:00+05:30
2017-12-27 15:15:00+05:30,10497.95,10497.95,10475.1,10475.1,,14,regular,False,False,2017-12-27 15:15:00+05:30,2017-12-27 15:29:00+05:30
2017-12-28 09:00:00+05:30,10498.2,10510.55,10495.2,10509.75,,1,outside,False,False,2017-12-28 09:14:00+05:30,2017-12-28 09:15:00+05:30
2017-12-28 15:15:00+05:30,10470.55,10471.7,10461.55,10467.0,,14,regular,False,False,2017-12-28 15:15:00+05:30,2017-12-28 15:29:00+05:30
2017-12-29 09:00:00+05:30,10492.35,10501.1,10490.15,10500.2,,1,outside,False,False,2017-12-29 09:14:00+05:30,2017-12-29 09:15:00+05:30
2017-12-29 15:15:00+05:30,10533.5,10538.2,10526.45,10526.45,,14,regular,False,False,2017-12-29 15:15:00+05:30,2017-12-29 15:29:00+05:30
2018-01-01 09:00:00+05:30,10531.7,10533.7,10518.35,10523.15,,1,outside,False,False,2018-01-01 09:14:00+05:30,2018-01-01 09:15:00+05:30
2018-01-01 15:15:00+05:30,10432.65,10439.0,10426.95,10432.45,,14,regular,False,False,2018-01-01 15:15:00+05:30,2018-01-01 15:29:00+05:30
2018-01-02 09:00:00+05:30,10477.55,10490.55,10475.8,10490.55,,1,outside,False,False,2018-01-02 09:14:00+05:30,2018-01-02 09:15:00+05:30
2018-01-02 15:15:00+05:30,10441.15,10446.1,10437.95,10439.55,,14,regular,False,False,2018-01-02 15:15:00+05:30,2018-01-02 15:29:00+05:30
2018-01-03 09:00:00+05:30,10482.65,10482.65,10474.45,10475.6,,1,outside,False,False,2018-01-03 09:14:00+05:30,2018-01-03 09:15:00+05:30
2018-01-03 15:15:00+05:30,10441.95,10446.85,10440.1,10446.75,,14,regular,False,False,2018-01-03 15:15:00+05:30,2018-01-03 15:29:00+05:30
2018-01-04 09:00:00+05:30,10469.4,10469.75,10464.0,10464.05,,1,outside,False,False,2018-01-04 09:14:00+05:30,2018-01-04 09:15:00+05:30
2018-01-04 15:15:00+05:30,10506.75,10512.4,10503.7,10505.35,,14,regular,False,False,2018-01-04 15:15:00+05:30,2018-01-04 15:29:00+05:30
2018-01-05 09:00:00+05:30,10534.25,10534.25,10522.6,10529.5,,1,outside,False,False,2018-01-05 09:14:00+05:30,2018-01-05 09:15:00+05:30
2018-01-05 15:15:00+05:30,10556.2,10565.85,10555.15,10561.35,,14,regular,False,False,2018-01-05 15:15:00+05:30,2018-01-05 15:29:00+05:30
2018-01-08 09:00:00+05:30,10591.7,10605.45,10591.7,10603.6,,1,outside,False,False,2018-01-08 09:14:00+05:30,2018-01-08 09:15:00+05:30
2018-01-08 15:15:00+05:30,10624.55,10627.8,10614.55,10617.85,,14,regular,False,False,2018-01-08 15:15:00+05:30,2018-01-08 15:29:00+05:30
2018-01-09 09:00:00+05:30,10645.1,10659.05,10640.1,10643.05,,1,outside,False,False,2018-01-09 09:14:00+05:30,2018-01-09 09:15:00+05:30
2018-01-09 15:15:00+05:30,10635.3,10638.55,10626.4,10628.3,,14,regular,False,False,2018-01-09 15:15:00+05:30,2018-01-09 15:29:00+05:30
2018-01-10 09:00:00+05:30,10652.05,10655.05,10648.7,10653.0,,1,outside,False,False,2018-01-10 09:14:00+05:30,2018-01-10 09:15:00+05:30
2018-01-10 15:15:00+05:30,10631.75,10638.85,10623.35,10625.4,,14,regular,False,False,2018-01-10 15:15:00+05:30,2018-01-10 15:29:00+05:30
2018-01-11 09:00:00+05:30,10637.05,10639.3,10628.45,10628.45,,1,outside,False,False,2018-01-11 09:14:00+05:30,2018-01-11 09:15:00+05:30
2018-01-11 15:15:00+05:30,10649.35,10657.15,10647.05,10650.4,,14,regular,False,False,2018-01-11 15:15:00+05:30,2018-01-11 15:29:00+05:30
2018-01-12 09:00:00+05:30,10682.55,10689.85,10681.1,10688.6,,1,outside,False,False,2018-01-12 09:14:00+05:30,2018-01-12 09:15:00+05:30
2018-01-12 15:15:00+05:30,10684.05,10686.2,10667.3,10667.3,,14,regular,False,False,2018-01-12 15:15:00+05:30,2018-01-12 15:29:00+05:30
2018-01-15 09:00:00+05:30,10718.5,10732.1,10715.5,10727.1,,1,outside,False,False,2018-01-15 09:14:00+05:30,2018-01-15 09:15:00+05:30
2018-01-15 15:15:00+05:30,10739.3,10740.45,10730.8,10732.85,,14,regular,False,False,2018-01-15 15:15:00+05:30,2018-01-15 15:29:00+05:30
2018-01-16 09:00:00+05:30,10761.5,10761.5,10750.8,10756.5,,1,outside,False,False,2018-01-16 09:14:00+05:30,2018-01-16 09:15:00+05:30
2018-01-16 15:15:00+05:30,10693.75,10713.8,10691.1,10711.15,,14,regular,False,False,2018-01-16 15:15:00+05:30,2018-01-16 15:29:00+05:30
2018-01-17 09:00:00+05:30,10702.45,10711.75,10699.95,10711.75,,1,outside,False,False,2018-01-17 09:14:00+05:30,2018-01-17 09:15:00+05:30
2018-01-17 15:15:00+05:30,10789.55,10801.1,10787.05,10794.3,,14,regular,False,False,2018-01-17 15:15:00+05:30,2018-01-17 15:29:00+05:30
2018-01-18 09:00:00+05:30,10873.4,10882.2,10868.3,10870.0,,1,outside,False,False,2018-01-18 09:14:00+05:30,2018-01-18 09:15:00+05:30
2018-01-18 15:15:00+05:30,10819.05,10827.3,10809.05,10822.1,,14,regular,False,False,2018-01-18 15:15:00+05:30,2018-01-18 15:29:00+05:30
2018-01-19 09:00:00+05:30,10829.2,10841.7,10829.2,10836.95,,1,outside,False,False,2018-01-19 09:14:00+05:30,2018-01-19 09:15:00+05:30
2018-01-19 15:15:00+05:30,10897.6,10906.5,10893.5,10900.05,,14,regular,False,False,2018-01-19 15:15:00+05:30,2018-01-19 15:29:00+05:30
2018-01-22 09:00:00+05:30,10883.2,10925.1,10883.2,10923.45,,1,outside,False,False,2018-01-22 09:14:00+05:30,2018-01-22 09:15:00+05:30
2018-01-22 15:15:00+05:30,10960.6,10973.1,10955.5,10958.75,,14,regular,False,False,2018-01-22 15:15:00+05:30,2018-01-22 15:29:00+05:30
2018-01-23 09:00:00+05:30,10997.4,11011.0,10997.1,11010.65,,1,outside,False,False,2018-01-23 09:14:00+05:30,2018-01-23 09:15:00+05:30
2018-01-23 15:15:00+05:30,11085.25,11092.5,11080.3,11083.55,,14,regular,False,False,2018-01-23 15:15:00+05:30,2018-01-23 15:29:00+05:30
2018-01-24 09:00:00+05:30,11069.35,11069.4,11057.6,11068.65,,1,outside,False,False,2018-01-24 09:14:00+05:30,2018-01-24 09:15:00+05:30
2018-01-24 15:15:00+05:30,11085.95,11089.25,11081.95,11084.65,,14,regular,False,False,2018-01-24 15:15:00+05:30,2018-01-24 15:29:00+05:30
2018-01-25 09:00:00+05:30,11095.6,11095.6,11069.75,11069.85,,1,outside,False,False,2018-01-25 09:14:00+05:30,2018-01-25 09:15:00+05:30
2018-01-25 15:15:00+05:30,11071.1,11078.9,11061.05,11064.55,,14,regular,False,False,2018-01-25 15:15:00+05:30,2018-01-25 15:29:00+05:30
2018-01-29 09:00:00+05:30,11079.35,11102.3,11078.8,11102.3,,1,outside,False,False,2018-01-29 09:14:00+05:30,2018-01-29 09:15:00+05:30
2018-01-29 15:15:00+05:30,11128.5,11132.9,11118.6,11124.7,,14,regular,False,False,2018-01-29 15:15:00+05:30,2018-01-29 15:29:00+05:30
2018-01-30 09:00:00+05:30,11120.85,11120.85,11090.95,11090.95,,1,outside,False,False,2018-01-30 09:14:00+05:30,2018-01-30 09:15:00+05:30
2018-01-30 15:15:00+05:30,11053.15,11056.85,11046.05,11049.45,,14,regular,False,False,2018-01-30 15:15:00+05:30,2018-01-30 15:29:00+05:30
2018-01-31 09:00:00+05:30,11018.8,11038.35,11013.4,11037.5,,1,outside,False,False,2018-01-31 09:14:00+05:30,2018-01-31 09:15:00+05:30
2018-01-31 15:15:00+05:30,11028.3,11031.75,11020.8,11030.7,,14,regular,False,False,2018-01-31 15:15:00+05:30,2018-01-31 15:29:00+05:30
2018-02-01 09:00:00+05:30,11044.55,11076.85,11044.55,11075.25,,1,outside,False,False,2018-02-01 09:14:00+05:30,2018-02-01 09:15:00+05:30
2018-02-01 15:15:00+05:30,11014.35,11024.4,11010.9,11020.6,,14,regular,False,False,2018-02-01 15:15:00+05:30,2018-02-01 15:29:00+05:30
2018-02-02 09:00:00+05:30,10938.2,10944.7,10919.4,10943.65,,1,outside,False,False,2018-02-02 09:14:00+05:30,2018-02-02 09:15:00+05:30
2018-02-02 15:15:00+05:30,10761.25,10763.85,10736.25,10737.5,,14,regular,False,False,2018-02-02 15:15:00+05:30,2018-02-02 15:29:00+05:30
2018-02-05 09:00:00+05:30,10604.3,10608.8,10588.3,10608.8,,1,outside,False,False,2018-02-05 09:14:00+05:30,2018-02-05 09:15:00+05:30
2018-02-05 15:15:00+05:30,10666.65,10690.75,10666.1,10690.75,,14,regular,False,False,2018-02-05 15:15:00+05:30,2018-02-05 15:29:00+05:30
2018-02-06 09:00:00+05:30,10295.15,10323.4,10282.0,10323.4,,1,outside,False,False,2018-02-06 09:14:00+05:30,2018-02-06 09:15:00+05:30
2018-02-06 15:15:00+05:30,10484.85,10526.65,10482.65,10520.35,,14,regular,False,False,2018-02-06 15:15:00+05:30,2018-02-06 15:29:00+05:30
2018-02-07 09:00:00+05:30,10607.2,10612.15,10586.55,10587.1,,1,outside,False,False,2018-02-07 09:14:00+05:30,2018-02-07 09:15:00+05:30
2018-02-07 15:15:00+05:30,10467.65,10470.6,10446.55,10459.5,,14,regular,False,False,2018-02-07 15:15:00+05:30,2018-02-07 15:29:00+05:30
2018-02-08 09:00:00+05:30,10518.5,10518.5,10481.4,10484.05,,1,outside,False,False,2018-02-08 09:14:00+05:30,2018-02-08 09:15:00+05:30
2018-02-08 15:15:00+05:30,10579.0,10582.35,10572.35,10579.3,,14,regular,False,False,2018-02-08 15:15:00+05:30,2018-02-08 15:29:00+05:30
2018-02-09 09:00:00+05:30,10416.5,10416.5,10398.35,10410.05,,1,outside,False,False,2018-02-09 09:14:00+05:30,2018-02-09 09:15:00+05:30
2018-02-09 15:15:00+05:30,10461.1,10469.9,10456.05,10466.8,,14,regular,False,False,2018-02-09 15:15:00+05:30,2018-02-09 15:29:00+05:30
2018-02-12 09:00:00+05:30,10518.2,10528.05,10513.65,10516.55,,1,outside,False,False,2018-02-12 09:14:00+05:30,2018-02-12 09:15:00+05:30
2018-02-12 15:15:00+05:30,10531.7,10535.25,10528.25,10535.1,,14,regular,False,False,2018-02-12 15:15:00+05:30,2018-02-12 15:29:00+05:30
2018-02-14 09:00:00+05:30,10585.75,10588.8,10571.35,10571.35,,1,outside,False,False,2018-02-14 09:14:00+05:30,2018-02-14 09:15:00+05:30
2018-02-14 15:15:00+05:30,10505.75,10505.75,10457.7,10459.8,,14,regular,False,False,2018-02-14 15:15:00+05:30,2018-02-14 15:29:00+05:30
2018-02-15 09:00:00+05:30,10537.9,10537.9,10518.9,10527.65,,1,outside,False,False,2018-02-15 09:14:00+05:30,2018-02-15 09:15:00+05:30
2018-02-15 15:15:00+05:30,10554.85,10556.3,10545.25,10549.7,,14,regular,False,False,2018-02-15 15:15:00+05:30,2018-02-15 15:29:00+05:30
2018-02-16 09:00:00+05:30,10596.2,10600.8,10592.55,10600.8,,1,outside,False,False,2018-02-16 09:14:00+05:30,2018-02-16 09:15:00+05:30
2018-02-16 15:15:00+05:30,10446.75,10461.4,10444.35,10451.85,,14,regular,False,False,2018-02-16 15:15:00+05:30,2018-02-16 15:29:00+05:30
2018-02-19 09:00:00+05:30,10488.9,10488.9,10444.05,10444.65,,1,outside,False,False,2018-02-19 09:14:00+05:30,2018-02-19 09:15:00+05:30
2018-02-19 15:15:00+05:30,10381.6,10397.15,10378.05,10387.95,,14,regular,False,False,2018-02-19 15:15:00+05:30,2018-02-19 15:29:00+05:30
2018-02-20 09:00:00+05:30,10391.0,10401.05,10381.25,10381.25,,1,outside,False,False,2018-02-20 09:14:00+05:30,2018-02-20 09:15:00+05:30
2018-02-20 15:15:00+05:30,10353.5,10365.9,10348.2,10357.65,,14,regular,False,False,2018-02-20 15:15:00+05:30,2018-02-20 15:29:00+05:30
2018-02-21 09:00:00+05:30,10426.0,10426.0,10401.8,10403.45,,1,outside,False,False,2018-02-21 09:14:00+05:30,2018-02-21 09:15:00+05:30
2018-02-21 15:15:00+05:30,10397.55,10409.15,10392.7,10395.15,,14,regular,False,False,2018-02-21 15:15:00+05:30,2018-02-21 15:29:00+05:30
2018-02-22 09:00:00+05:30,10354.35,10354.35,10341.6,10346.6,,1,outside,False,False,2018-02-22 09:14:00+05:30,2018-02-22 09:15:00+05:30
2018-02-22 15:15:00+05:30,10383.45,10383.45,10373.9,10377.8,,14,regular,False,False,2018-02-22 15:15:00+05:30,2018-02-22 15:29:00+05:30
2018-02-23 09:00:00+05:30,10408.1,10415.75,10397.25,10415.75,,1,outside,False,False,2018-02-23 09:14:00+05:30,2018-02-23 09:15:00+05:30
2018-02-23 15:15:00+05:30,10486.75,10499.0,10485.65,10492.55,,14,regular,False,False,2018-02-23 15:15:00+05:30,2018-02-23 15:29:00+05:30
2018-02-26 09:00:00+05:30,10526.55,10527.5,10520.95,10521.9,,1,outside,False,False,2018-02-26 09:14:00+05:30,2018-02-26 09:15:00+05:30
2018-02-26 15:15:00+05:30,10581.05,10584.4,10576.7,10576.7,,14,regular,False,False,2018-02-26 15:15:00+05:30,2018-02-26 15:29:00+05:30
2018-02-27 09:00:00+05:30,10615.2,10615.2,10604.1,10610.85,,1,outside,False,False,2018-02-27 09:14:00+05:30,2018-02-27 09:15:00+05:30
2018-02-27 15:15:00+05:30,10549.65,10558.7,10546.3,10551.05,,14,regular,False,False,2018-02-27 15:15:00+05:30,2018-02-27 15:29:00+05:30
2018-02-28 09:00:00+05:30,10488.95,10488.95,10468.0,10472.1,,1,outside,False,False,2018-02-28 09:14:00+05:30,2018-02-28 09:15:00+05:30
2018-02-28 15:15:00+05:30,10490.1,10491.5,10474.9,10487.95,,14,regular,False,False,2018-02-28 15:15:00+05:30,2018-02-28 15:29:00+05:30
2018-03-01 09:00:00+05:30,10479.95,10505.0,10476.6,10502.55,,1,outside,False,False,2018-03-01 09:14:00+05:30,2018-03-01 09:15:00+05:30
2018-03-01 15:15:00+05:30,10459.55,10461.6,10448.6,10449.95,,14,regular,False,False,2018-03-01 15:15:00+05:30,2018-03-01 15:29:00+05:30
2018-03-05 09:00:00+05:30,10428.3,10428.3,10390.05,10394.65,,1,outside,False,False,2018-03-05 09:14:00+05:30,2018-03-05 09:15:00+05:30
2018-03-05 15:15:00+05:30,10352.8,10362.8,10352.75,10357.3,,14,regular,False,False,2018-03-05 15:15:00+05:30,2018-03-05 15:29:00+05:30
2018-03-06 09:00:00+05:30,10420.5,10426.15,10415.7,10421.45,,1,outside,False,False,2018-03-06 09:14:00+05:30,2018-03-06 09:15:00+05:30
2018-03-06 15:15:00+05:30,10252.05,10253.15,10217.15,10223.6,,14,regular,False,False,2018-03-06 15:15:00+05:30,2018-03-06 15:29:00+05:30
2018-03-07 09:00:00+05:30,10232.95,10232.95,10204.35,10206.95,,1,outside,False,False,2018-03-07 09:14:00+05:30,2018-03-07 09:15:00+05:30
2018-03-07 15:15:00+05:30,10150.1,10166.35,10146.05,10163.55,,14,regular,False,False,2018-03-07 15:15:00+05:30,2018-03-07 15:29:00+05:30
2018-03-08 09:00:00+05:30,10216.25,10237.65,10215.05,10237.6,,1,outside,False,False,2018-03-08 09:14:00+05:30,2018-03-08 09:15:00+05:30
2018-03-08 15:15:00+05:30,10233.95,10239.95,10228.45,10236.35,,14,regular,False,False,2018-03-08 15:15:00+05:30,2018-03-08 15:29:00+05:30
2018-03-09 09:00:00+05:30,10271.3,10276.55,10266.0,10267.8,,1,outside,False,False,2018-03-09 09:14:00+05:30,2018-03-09 09:15:00+05:30
2018-03-09 15:15:00+05:30,10227.35,10236.95,10223.8,10229.8,,14,regular,False,False,2018-03-09 15:15:00+05:30,2018-03-09 15:29:00+05:30
2018-03-12 09:00:00+05:30,10301.6,10322.85,10299.3,10320.95,,1,outside,False,False,2018-03-12 09:14:00+05:30,2018-03-12 09:15:00+05:30
2018-03-12 15:15:00+05:30,10428.95,10433.15,10420.05,10423.55,,14,regular,False,False,2018-03-12 15:15:00+05:30,2018-03-12 15:29:00+05:30
2018-03-13 09:00:00+05:30,10389.5,10397.7,10384.4,10397.7,,1,outside,False,False,2018-03-13 09:14:00+05:30,2018-03-13 09:15:00+05:30
2018-03-13 15:15:00+05:30,10419.8,10431.55,10416.4,10425.2,,14,regular,False,False,2018-03-13 15:15:00+05:30,2018-03-13 15:29:00+05:30
2018-03-14 09:00:00+05:30,10393.05,10399.35,10389.35,10398.85,,1,outside,False,False,2018-03-14 09:14:00+05:30,2018-03-14 09:15:00+05:30
2018-03-14 15:15:00+05:30,10408.4,10419.9,10408.0,10415.65,,14,regular,False,False,2018-03-14 15:15:00+05:30,2018-03-14 15:29:00+05:30
2018-03-15 09:00:00+05:30,10405.45,10408.05,10399.8,10405.0,,1,outside,False,False,2018-03-15 09:14:00+05:30,2018-03-15 09:15:00+05:30
2018-03-15 15:15:00+05:30,10356.2,10360.55,10346.25,10352.25,,14,regular,False,False,2018-03-15 15:15:00+05:30,2018-03-15 15:29:00+05:30
2018-03-16 09:00:00+05:30,10345.15,10345.15,10321.8,10323.45,,1,outside,False,False,2018-03-16 09:14:00+05:30,2018-03-16 09:15:00+05:30
2018-03-16 15:15:00+05:30,10196.25,10220.05,10191.35,10220.05,,14,regular,False,False,2018-03-16 15:15:00+05:30,2018-03-16 15:29:00+05:30
2018-03-19 09:00:00+05:30,10215.35,10220.4,10213.85,10216.65,,1,outside,False,False,2018-03-19 09:14:00+05:30,2018-03-19 09:15:00+05:30
2018-03-19 15:15:00+05:30,10091.3,10097.4,10086.9,10093.95,,14,regular,False,False,2018-03-19 15:15:00+05:30,2018-03-19 15:29:00+05:30
2018-03-20 09:00:00+05:30,10051.55,10067.1,10050.8,10066.4,,1,outside,False,False,2018-03-20 09:14:00+05:30,2018-03-20 09:15:00+05:30
2018-03-20 15:15:00+05:30,10116.4,10139.45,10116.4,10138.2,,14,regular,False,False,2018-03-20 15:15:00+05:30,2018-03-20 15:29:00+05:30
2018-03-21 09:00:00+05:30,10181.95,10185.0,10178.35,10182.25,,1,outside,False,False,2018-03-21 09:14:00+05:30,2018-03-21 09:15:00+05:30
2018-03-21 15:15:00+05:30,10160.05,10160.05,10153.95,10154.95,,14,regular,False,False,2018-03-21 15:15:00+05:30,2018-03-21 15:29:00+05:30
2018-03-22 09:00:00+05:30,10167.5,10170.8,10164.45,10168.4,,1,outside,False,False,2018-03-22 09:14:00+05:30,2018-03-22 09:15:00+05:30
2018-03-22 15:15:00+05:30,10112.7,10118.3,10105.75,10106.65,,14,regular,False,False,2018-03-22 15:15:00+05:30,2018-03-22 15:29:00+05:30
2018-03-23 09:00:00+05:30,9968.8,9996.3,9963.2,9995.85,,1,outside,False,False,2018-03-23 09:14:00+05:30,2018-03-23 09:15:00+05:30
2018-03-23 15:15:00+05:30,10009.55,10010.5,9980.15,9986.8,,14,regular,False,False,2018-03-23 15:15:00+05:30,2018-03-23 15:29:00+05:30
2018-03-26 09:00:00+05:30,9989.15,9995.6,9983.7,9995.05,,1,outside,False,False,2018-03-26 09:14:00+05:30,2018-03-26 09:15:00+05:30
2018-03-26 15:15:00+05:30,10135.5,10142.35,10122.95,10140.8,,14,regular,False,False,2018-03-26 15:15:00+05:30,2018-03-26 15:29:00+05:30
2018-03-27 09:00:00+05:30,10188.0,10192.05,10183.35,10188.35,,1,outside,False,False,2018-03-27 09:14:00+05:30,2018-03-27 09:15:00+05:30
2018-03-27 15:15:00+05:30,10179.55,10186.5,10179.2,10183.55,,14,regular,False,False,2018-03-27 15:15:00+05:30,2018-03-27 15:29:00+05:30
2018-03-28 09:00:00+05:30,10143.6,10143.8,10125.05,10131.7,,1,outside,False,False,2018-03-28 09:14:00+05:30,2018-03-28 09:15:00+05:30
2018-03-28 15:15:00+05:30,10104.3,10126.7,10102.65,10121.25,,14,regular,False,False,2018-03-28 15:15:00+05:30,2018-03-28 15:29:00+05:30
2018-04-02 09:00:00+05:30,10151.65,10163.85,10148.4,10160.8,,1,outside,False,False,2018-04-02 09:14:00+05:30,2018-04-02 09:15:00+05:30
2018-04-02 15:15:00+05:30,10213.7,10219.65,10213.35,10217.0,,14,regular,False,False,2018-04-02 15:15:00+05:30,2018-04-02 15:29:00+05:30
2018-04-03 09:00:00+05:30,10186.85,10211.65,10185.55,10210.7,,1,outside,False,False,2018-04-03 09:14:00+05:30,2018-04-03 09:15:00+05:30
2018-04-03 15:15:00+05:30,10242.95,10254.8,10241.4,10244.4,,14,regular,False,False,2018-04-03 15:15:00+05:30,2018-04-03 15:29:00+05:30
2018-04-04 09:00:00+05:30,10274.6,10274.6,10240.15,10244.75,,1,outside,False,False,2018-04-04 09:14:00+05:30,2018-04-04 09:15:00+05:30
2018-04-04 15:15:00+05:30,10126.85,10134.4,10118.2,10119.9,,14,regular,False,False,2018-04-04 15:15:00+05:30,2018-04-04 15:29:00+05:30
2018-04-05 09:00:00+05:30,10228.45,10256.95,10228.45,10255.45,,1,outside,False,False,2018-04-05 09:14:00+05:30,2018-04-05 09:15:00+05:30
2018-04-05 15:15:00+05:30,10324.75,10331.75,10323.4,10327.65,,14,regular,False,False,2018-04-05 15:15:00+05:30,2018-04-05 15:29:00+05:30
2018-04-06 09:00:00+05:30,10322.75,10323.0,10314.7,10315.35,,1,outside,False,False,2018-04-06 09:14:00+05:30,2018-04-06 09:15:00+05:30
2018-04-06 15:15:00+05:30,10334.5,10336.55,10319.2,10320.95,,14,regular,False,False,2018-04-06 15:15:00+05:30,2018-04-06 15:29:00+05:30
2018-04-09 09:00:00+05:30,10333.7,10348.2,10331.0,10347.35,,1,outside,False,False,2018-04-09 09:14:00+05:30,2018-04-09 09:15:00+05:30
2018-04-09 15:15:00+05:30,10380.35,10380.95,10363.9,10373.35,,14,regular,False,False,2018-04-09 15:15:00+05:30,2018-04-09 15:29:00+05:30
2018-04-10 09:00:00+05:30,10412.9,10417.85,10411.45,10416.0,,1,outside,False,False,2018-04-10 09:14:00+05:30,2018-04-10 09:15:00+05:30
2018-04-10 15:15:00+05:30,10404.0,10410.25,10399.6,10401.35,,14,regular,False,False,2018-04-10 15:15:00+05:30,2018-04-10 15:29:00+05:30
2018-04-11 09:00:00+05:30,10428.15,10428.15,10411.25,10412.4,,1,outside,False,False,2018-04-11 09:14:00+05:30,2018-04-11 09:15:00+05:30
2018-04-11 15:15:00+05:30,10418.25,10421.05,10410.45,10414.05,,14,regular,False,False,2018-04-11 15:15:00+05:30,2018-04-11 15:29:00+05:30
2018-04-12 09:00:00+05:30,10410.65,10410.65,10396.9,10404.1,,1,outside,False,False,2018-04-12 09:14:00+05:30,2018-04-12 09:15:00+05:30
2018-04-12 15:15:00+05:30,10456.95,10462.45,10453.4,10454.15,,14,regular,False,False,2018-04-12 15:15:00+05:30,2018-04-12 15:29:00+05:30
2018-04-13 09:00:00+05:30,10495.3,10495.3,10484.9,10487.1,,1,outside,False,False,2018-04-13 09:14:00+05:30,2018-04-13 09:15:00+05:30
2018-04-13 15:15:00+05:30,10477.9,10484.55,10476.5,10483.7,,14,regular,False,False,2018-04-13 15:15:00+05:30,2018-04-13 15:29:00+05:30
2018-04-16 09:00:00+05:30,10398.3,10422.7,10398.3,10421.65,,1,outside,False,False,2018-04-16 09:14:00+05:30,2018-04-16 09:15:00+05:30
2018-04-16 15:15:00+05:30,10526.1,10538.35,10526.1,10530.7,,14,regular,False,False,2018-04-16 15:15:00+05:30,2018-04-16 15:29:00+05:30
2018-04-17 09:00:00+05:30,10557.3,10557.3,10533.25,10538.0,,1,outside,False,False,2018-04-17 09:14:00+05:30,2018-04-17 09:15:00+05:30
2018-04-17 15:15:00+05:30,10543.85,10549.0,10542.85,10547.55,,14,regular,False,False,2018-04-17 15:15:00+05:30,2018-04-17 15:29:00+05:30
2018-04-18 09:00:00+05:30,10578.9,10578.9,10567.15,10567.95,,1,outside,False,False,2018-04-18 09:14:00+05:30,2018-04-18 09:15:00+05:30
2018-04-18 15:15:00+05:30,10525.9,10541.8,10523.65,10536.65,,14,regular,False,False,2018-04-18 15:15:00+05:30,2018-04-18 15:29:00+05:30
2018-04-19 09:00:00+05:30,10563.65,10568.4,10562.8,10565.1,,1,outside,False,False,2018-04-19 09:14:00+05:30,2018-04-19 09:15:00+05:30
2018-04-19 15:15:00+05:30,10563.0,10572.15,10563.0,10568.1,,14,regular,False,False,2018-04-19 15:15:00+05:30,2018-04-19 15:29:00+05:30
2018-04-20 09:00:00+05:30,10560.35,10563.6,10549.8,10562.7,,1,outside,False,False,2018-04-20 09:14:00+05:30,2018-04-20 09:15:00+05:30
2018-04-20 15:15:00+05:30,10559.1,10581.4,10558.4,10579.85,,14,regular,False,False,2018-04-20 15:15:00+05:30,2018-04-20 15:29:00+05:30
2018-04-23 09:00:00+05:30,10592.8,10592.8,10566.75,10571.95,,1,outside,False,False,2018-04-23 09:14:00+05:30,2018-04-23 09:15:00+05:30
2018-04-23 15:15:00+05:30,10582.2,10586.45,10578.45,10582.8,,14,regular,False,False,2018-04-23 15:15:00+05:30,2018-04-23 15:29:00+05:30
2018-04-24 09:00:00+05:30,10578.1,10603.15,10575.6,10601.35,,1,outside,False,False,2018-04-24 09:14:00+05:30,2018-04-24 09:15:00+05:30
2018-04-24 15:15:00+05:30,10610.05,10622.95,10608.95,10620.35,,14,regular,False,False,2018-04-24 15:15:00+05:30,2018-04-24 15:29:00+05:30
2018-04-25 09:00:00+05:30,10612.4,10612.4,10589.25,10598.25,,1,outside,False,False,2018-04-25 09:14:00+05:30,2018-04-25 09:15:00+05:30
2018-04-25 15:15:00+05:30,10568.6,10573.05,10562.25,10564.55,,14,regular,False,False,2018-04-25 15:15:00+05:30,2018-04-25 15:29:00+05:30
2018-04-26 09:00:00+05:30,10586.5,10586.5,10573.3,10577.95,,1,outside,False,False,2018-04-26 09:14:00+05:30,2018-04-26 09:15:00+05:30
2018-04-26 15:15:00+05:30,10624.65,10628.2,10614.15,10615.55,,14,regular,False,False,2018-04-26 15:15:00+05:30,2018-04-26 15:29:00+05:30
2018-04-27 09:00:00+05:30,10651.65,10677.15,10651.65,10675.05,,1,outside,False,False,2018-04-27 09:14:00+05:30,2018-04-27 09:15:00+05:30
2018-04-27 15:15:00+05:30,10692.0,10698.4,10689.55,10694.7,,14,regular,False,False,2018-04-27 15:15:00+05:30,2018-04-27 15:29:00+05:30
2018-04-30 09:00:00+05:30,10705.75,10737.4,10705.75,10737.4,,1,outside,False,False,2018-04-30 09:14:00+05:30,2018-04-30 09:15:00+05:30
2018-04-30 15:15:00+05:30,10735.75,10745.2,10735.05,10740.9,,14,regular,False,False,2018-04-30 15:15:00+05:30,2018-04-30 15:29:00+05:30
2018-05-02 09:00:00+05:30,10783.85,10783.85,10769.2,10774.25,,1,outside,False,False,2018-05-02 09:14:00+05:30,2018-05-02 09:15:00+05:30
2018-05-02 15:15:00+05:30,10723.4,10727.7,10715.75,10716.8,,14,regular,False,False,2018-05-02 15:15:00+05:30,2018-05-02 15:29:00+05:30
2018-05-03 09:00:00+05:30,10720.15,10720.15,10701.7,10702.15,,1,outside,False,False,2018-05-03 09:14:00+05:30,2018-05-03 09:15:00+05:30
2018-05-03 15:15:00+05:30,10676.3,10680.2,10667.05,10669.8,,14,regular,False,False,2018-05-03 15:15:00+05:30,2018-05-03 15:29:00+05:30
2018-05-04 09:00:00+05:30,10700.45,10700.45,10664.2,10664.2,,1,outside,False,False,2018-05-04 09:14:00+05:30,2018-05-04 09:15:00+05:30
2018-05-04 15:15:00+05:30,10612.4,10621.15,10611.3,10614.85,,14,regular,False,False,2018-05-04 15:15:00+05:30,2018-05-04 15:29:00+05:30
2018-05-07 09:00:00+05:30,10653.15,10657.15,10646.85,10650.4,,1,outside,False,False,2018-05-07 09:14:00+05:30,2018-05-07 09:15:00+05:30
2018-05-07 15:15:00+05:30,10713.55,10723.65,10712.85,10722.75,,14,regular,False,False,2018-05-07 15:15:00+05:30,2018-05-07 15:29:00+05:30
2018-05-08 09:00:00+05:30,10757.9,10757.9,10731.2,10731.2,,1,outside,False,False,2018-05-08 09:14:00+05:30,2018-05-08 09:15:00+05:30
2018-05-08 15:15:00+05:30,10716.65,10720.1,10709.4,10714.3,,14,regular,False,False,2018-05-08 15:15:00+05:30,2018-05-08 15:29:00+05:30
2018-05-09 09:00:00+05:30,10693.35,10704.45,10691.6,10702.9,,1,outside,False,False,2018-05-09 09:14:00+05:30,2018-05-09 09:15:00+05:30
2018-05-09 15:15:00+05:30,10745.65,10751.65,10739.8,10748.55,,14,regular,False,False,2018-05-09 15:15:00+05:30,2018-05-09 15:29:00+05:30
2018-05-10 09:00:00+05:30,10779.65,10781.2,10771.25,10773.85,,1,outside,False,False,2018-05-10 09:14:00+05:30,2018-05-10 09:15:00+05:30
2018-05-10 15:15:00+05:30,10708.5,10717.65,10705.45,10710.35,,14,regular,False,False,2018-05-10 15:15:00+05:30,2018-05-10 15:29:00+05:30
2018-05-11 09:00:00+05:30,10741.95,10762.05,10741.95,10758.7,,1,outside,False,False,2018-05-11 09:14:00+05:30,2018-05-11 09:15:00+05:30
2018-05-11 15:15:00+05:30,10803.1,10810.55,10796.45,10798.55,,14,regular,False,False,2018-05-11 15:15:00+05:30,2018-05-11 15:29:00+05:30
2018-05-14 09:00:00+05:30,10815.15,10815.75,10802.35,10809.2,,1,outside,False,False,2018-05-14 09:14:00+05:30,2018-05-14 09:15:00+05:30
2018-05-14 15:15:00+05:30,10810.0,10811.5,10795.25,10797.1,,14,regular,False,False,2018-05-14 15:15:00+05:30,2018-05-14 15:29:00+05:30
2018-05-15 09:00:00+05:30,10812.6,10812.6,10793.8,10799.75,,1,outside,False,False,2018-05-15 09:14:00+05:30,2018-05-15 09:15:00+05:30
2018-05-15 15:15:00+05:30,10800.5,10805.6,10791.8,10804.05,,14,regular,False,False,2018-05-15 15:15:00+05:30,2018-05-15 15:29:00+05:30
2018-05-16 09:00:00+05:30,10751.95,10755.35,10746.35,10755.3,,1,outside,False,False,2018-05-16 09:14:00+05:30,2018-05-16 09:15:00+05:30
2018-05-16 15:15:00+05:30,10744.45,10749.9,10735.9,10742.75,,14,regular,False,False,2018-05-16 15:15:00+05:30,2018-05-16 15:29:00+05:30
2018-05-17 09:00:00+05:30,10775.6,10775.6,10761.75,10762.2,,1,outside,False,False,2018-05-17 09:14:00+05:30,2018-05-17 09:15:00+05:30
2018-05-17 15:15:00+05:30,10673.35,10678.5,10665.05,10677.6,,14,regular,False,False,2018-05-17 15:15:00+05:30,2018-05-17 15:29:00+05:30
2018-05-18 09:00:00+05:30,10671.85,10672.0,10662.0,10662.0,,1,outside,False,False,2018-05-18 09:14:00+05:30,2018-05-18 09:15:00+05:30
2018-05-18 15:15:00+05:30,10596.3,10604.95,10591.55,10604.45,,14,regular,False,False,2018-05-18 15:15:00+05:30,2018-05-18 15:29:00+05:30
2018-05-21 09:00:00+05:30,10616.7,10620.6,10597.3,10597.3,,1,outside,False,False,2018-05-21 09:14:00+05:30,2018-05-21 09:15:00+05:30
2018-05-21 15:15:00+05:30,10520.45,10521.45,10511.5,10520.35,,14,regular,False,False,2018-05-21 15:15:00+05:30,2018-05-21 15:29:00+05:30
2018-05-22 09:00:00+05:30,10518.45,10532.15,10518.45,10529.75,,1,outside,False,False,2018-05-22 09:14:00+05:30,2018-05-22 09:15:00+05:30
2018-05-22 15:15:00+05:30,10535.55,10544.9,10535.25,10543.25,,14,regular,False,False,2018-05-22 15:15:00+05:30,2018-05-22 15:29:00+05:30
2018-05-23 09:00:00+05:30,10521.1,10529.6,10517.95,10528.65,,1,outside,False,False,2018-05-23 09:14:00+05:30,2018-05-23 09:15:00+05:30
2018-05-23 15:15:00+05:30,10419.4,10433.7,10417.95,10428.55,,14,regular,False,False,2018-05-23 15:15:00+05:30,2018-05-23 15:29:00+05:30
2018-05-24 09:00:00+05:30,10464.85,10465.15,10459.25,10464.0,,1,outside,False,False,2018-05-24 09:14:00+05:30,2018-05-24 09:15:00+05:30
2018-05-24 15:15:00+05:30,10518.3,10534.7,10515.7,10533.35,,14,regular,False,False,2018-05-24 15:15:00+05:30,2018-05-24 15:29:00+05:30
2018-05-25 09:00:00+05:30,10533.05,10538.4,10529.45,10537.4,,1,outside,False,False,2018-05-25 09:14:00+05:30,2018-05-25 09:15:00+05:30
2018-05-25 15:15:00+05:30,10598.5,10625.6,10598.4,10611.2,,14,regular,False,False,2018-05-25 15:15:00+05:30,2018-05-25 15:29:00+05:30
2018-05-28 09:00:00+05:30,10648.35,10652.85,10645.75,10651.2,,1,outside,False,False,2018-05-28 09:14:00+05:30,2018-05-28 09:15:00+05:30
2018-05-28 15:15:00+05:30,10688.05,10691.1,10679.05,10683.1,,14,regular,False,False,2018-05-28 15:15:00+05:30,2018-05-28 15:29:00+05:30
2018-05-29 09:00:00+05:30,10689.4,10689.4,10668.0,10668.0,,1,outside,False,False,2018-05-29 09:14:00+05:30,2018-05-29 09:15:00+05:30
2018-05-29 15:15:00+05:30,10635.95,10636.55,10626.85,10630.95,,14,regular,False,False,2018-05-29 15:15:00+05:30,2018-05-29 15:29:00+05:30
2018-05-30 09:00:00+05:30,10579.0,10579.0,10564.6,10572.5,,1,outside,False,False,2018-05-30 09:14:00+05:30,2018-05-30 09:15:00+05:30
2018-05-30 15:15:00+05:30,10615.7,10624.7,10614.35,10616.7,,14,regular,False,False,2018-05-30 15:15:00+05:30,2018-05-30 15:29:00+05:30
2018-05-31 09:00:00+05:30,10670.1,10674.2,10654.75,10655.75,,1,outside,False,False,2018-05-31 09:14:00+05:30,2018-05-31 09:15:00+05:30
2018-05-31 15:15:00+05:30,10733.55,10754.4,10727.55,10731.9,,14,regular,False,False,2018-05-31 15:15:00+05:30,2018-05-31 15:29:00+05:30
2018-06-01 09:00:00+05:30,10738.45,10738.45,10717.35,10721.65,,1,outside,False,False,2018-06-01 09:14:00+05:30,2018-06-01 09:15:00+05:30
2018-06-01 15:15:00+05:30,10698.1,10701.9,10681.7,10686.45,,14,regular,False,False,2018-06-01 15:15:00+05:30,2018-06-01 15:29:00+05:30
2018-06-04 09:00:00+05:30,10765.95,10769.05,10753.25,10756.35,,1,outside,False,False,2018-06-04 09:14:00+05:30,2018-06-04 09:15:00+05:30
2018-06-04 15:15:00+05:30,10626.75,10634.8,10618.85,10624.55,,14,regular,False,False,2018-06-04 15:15:00+05:30,2018-06-04 15:29:00+05:30
2018-06-05 09:00:00+05:30,10630.7,10631.6,10609.55,10611.4,,1,outside,False,False,2018-06-05 09:14:00+05:30,2018-06-05 09:15:00+05:30
2018-06-05 15:15:00+05:30,10589.9,10608.5,10589.25,10605.75,,14,regular,False,False,2018-06-05 15:15:00+05:30,2018-06-05 15:29:00+05:30
2018-06-06 09:00:00+05:30,10603.45,10607.55,10593.25,10607.45,,1,outside,False,False,2018-06-06 09:14:00+05:30,2018-06-06 09:15:00+05:30
2018-06-06 15:15:00+05:30,10688.4,10689.45,10681.9,10687.85,,14,regular,False,False,2018-06-06 15:15:00+05:30,2018-06-06 15:29:00+05:30
2018-06-07 09:00:00+05:30,10722.6,10747.25,10722.6,10743.1,,1,outside,False,False,2018-06-07 09:14:00+05:30,2018-06-07 09:15:00+05:30
2018-06-07 15:15:00+05:30,10769.8,10773.4,10758.45,10762.2,,14,regular,False,False,2018-06-07 15:15:00+05:30,2018-06-07 15:29:00+05:30
2018-06-08 09:00:00+05:30,10736.4,10736.75,10722.85,10727.1,,1,outside,False,False,2018-06-08 09:14:00+05:30,2018-06-08 09:15:00+05:30
2018-06-08 15:15:00+05:30,10769.9,10770.15,10753.75,10759.35,,14,regular,False,False,2018-06-08 15:15:00+05:30,2018-06-08 15:29:00+05:30
2018-06-11 09:00:00+05:30,10781.85,10793.0,10779.65,10792.75,,1,outside,False,False,2018-06-11 09:14:00+05:30,2018-06-11 09:15:00+05:30
2018-06-11 15:15:00+05:30,10779.35,10788.7,10777.6,10781.95,,14,regular,False,False,2018-06-11 15:15:00+05:30,2018-06-11 15:29:00+05:30
2018-06-12 09:00:00+05:30,10816.15,10816.15,10801.85,10801.85,,1,outside,False,False,2018-06-12 09:14:00+05:30,2018-06-12 09:15:00+05:30
2018-06-12 15:15:00+05:30,10838.7,10856.35,10838.7,10852.35,,14,regular,False,False,2018-06-12 15:15:00+05:30,2018-06-12 15:29:00+05:30
2018-06-13 09:00:00+05:30,10887.5,10887.5,10872.1,10872.1,,1,outside,False,False,2018-06-13 09:14:00+05:30,2018-06-13 09:15:00+05:30
2018-06-13 15:15:00+05:30,10855.95,10861.15,10853.75,10855.05,,14,regular,False,False,2018-06-13 15:15:00+05:30,2018-06-13 15:29:00+05:30
2018-06-14 09:00:00+05:30,10832.9,10832.9,10819.4,10822.8,,1,outside,False,False,2018-06-14 09:14:00+05:30,2018-06-14 09:15:00+05:30
2018-06-14 15:15:00+05:30,10803.9,10813.55,10797.55,10810.1,,14,regular,False,False,2018-06-14 15:15:00+05:30,2018-06-14 15:29:00+05:30
2018-06-15 09:00:00+05:30,10808.65,10810.4,10789.85,10791.25,,1,outside,False,False,2018-06-15 09:14:00+05:30,2018-06-15 09:15:00+05:30
2018-06-15 15:15:00+05:30,10821.55,10826.3,10809.6,10815.85,,14,regular,False,False,2018-06-15 15:15:00+05:30,2018-06-15 15:29:00+05:30
2018-06-18 09:00:00+05:30,10830.2,10830.2,10807.0,10812.45,,1,outside,False,False,2018-06-18 09:14:00+05:30,2018-06-18 09:15:00+05:30
2018-06-18 15:15:00+05:30,10797.25,10801.8,10793.4,10795.05,,14,regular,False,False,2018-06-18 15:15:00+05:30,2018-06-18 15:29:00+05:30
2018-06-19 09:00:00+05:30,10789.45,10789.45,10763.35,10772.8,,1,outside,False,False,2018-06-19 09:14:00+05:30,2018-06-19 09:15:00+05:30
2018-06-19 15:15:00+05:30,10710.0,10714.55,10701.55,10711.3,,14,regular,False,False,2018-06-19 15:15:00+05:30,2018-06-19 15:29:00+05:30
2018-06-20 09:00:00+05:30,10734.65,10752.7,10734.65,10752.0,,1,outside,False,False,2018-06-20 09:14:00+05:30,2018-06-20 09:15:00+05:30
2018-06-20 15:15:00+05:30,10773.2,10776.15,10766.8,10773.3,,14,regular,False,False,2018-06-20 15:15:00+05:30,2018-06-20 15:29:00+05:30
2018-06-21 09:00:00+05:30,10808.45,10808.95,10796.1,10804.4,,1,outside,False,False,2018-06-21 09:14:00+05:30,2018-06-21 09:15:00+05:30
2018-06-21 15:15:00+05:30,10744.55,10747.6,10737.85,10741.95,,14,regular,False,False,2018-06-21 15:15:00+05:30,2018-06-21 15:29:00+05:30
2018-06-22 09:00:00+05:30,10742.7,10742.7,10728.2,10732.2,,1,outside,False,False,2018-06-22 09:14:00+05:30,2018-06-22 09:15:00+05:30
2018-06-22 15:15:00+05:30,10831.6,10836.95,10819.2,10824.35,,14,regular,False,False,2018-06-22 15:15:00+05:30,2018-06-22 15:29:00+05:30
2018-06-25 09:00:00+05:30,10822.9,10822.9,10809.8,10813.25,,1,outside,False,False,2018-06-25 09:14:00+05:30,2018-06-25 09:15:00+05:30
2018-06-25 15:15:00+05:30,10760.6,10763.45,10753.25,10758.25,,14,regular,False,False,2018-06-25 15:15:00+05:30,2018-06-25 15:29:00+05:30
2018-06-26 09:00:00+05:30,10742.7,10742.7,10733.05,10735.1,,1,outside,False,False,2018-06-26 09:14:00+05:30,2018-06-26 09:15:00+05:30
2018-06-26 15:15:00+05:30,10768.15,10769.55,10757.85,10764.05,,14,regular,False,False,2018-06-26 15:15:00+05:30,2018-06-26 15:29:00+05:30
2018-06-27 09:00:00+05:30,10785.5,10785.5,10763.7,10764.2,,1,outside,False,False,2018-06-27 09:14:00+05:30,2018-06-27 09:15:00+05:30
2018-06-27 15:15:00+05:30,10660.4,10669.55,10652.6,10667.45,,14,regular,False,False,2018-06-27 15:15:00+05:30,2018-06-27 15:29:00+05:30
2018-06-28 09:00:00+05:30,10660.8,10662.45,10646.35,10652.75,,1,outside,False,False,2018-06-28 09:14:00+05:30,2018-06-28 09:15:00+05:30
2018-06-28 15:15:00+05:30,10580.0,10595.65,10575.45,10593.9,,14,regular,False,False,2018-06-28 15:15:00+05:30,2018-06-28 15:29:00+05:30
2018-06-29 09:00:00+05:30,10612.85,10630.1,10612.85,10627.3,,1,outside,False,False,2018-06-29 09:14:00+05:30,2018-06-29 09:15:00+05:30
2018-06-29 15:15:00+05:30,10720.35,10720.8,10708.75,10711.4,,14,regular,False,False,2018-06-29 15:15:00+05:30,2018-06-29 15:29:00+05:30
2018-07-02 09:00:00+05:30,10732.35,10735.65,10715.1,10715.95,,1,outside,False,False,2018-07-02 09:14:00+05:30,2018-07-02 09:15:00+05:30
2018-07-02 15:15:00+05:30,10657.65,10661.3,10647.45,10651.75,,14,regular,False,False,2018-07-02 15:15:00+05:30,2018-07-02 15:29:00+05:30
2018-07-03 09:00:00+05:30,10668.6,10668.6,10642.5,10642.9,,1,outside,False,False,2018-07-03 09:14:00+05:30,2018-07-03 09:15:00+05:30
2018-07-03 15:15:00+05:30,10698.8,10709.05,10697.6,10707.85,,14,regular,False,False,2018-07-03 15:15:00+05:30,2018-07-03 15:29:00+05:30
2018-07-04 09:00:00+05:30,10715.0,10716.35,10706.65,10712.85,,1,outside,False,False,2018-07-04 09:14:00+05:30,2018-07-04 09:15:00+05:30
2018-07-04 15:15:00+05:30,10772.4,10774.3,10767.7,10771.65,,14,regular,False,False,2018-07-04 15:15:00+05:30,2018-07-04 15:29:00+05:30
2018-07-05 09:00:00+05:30,10786.05,10786.05,10766.95,10771.0,,1,outside,False,False,2018-07-05 09:14:00+05:30,2018-07-05 09:15:00+05:30
2018-07-05 15:15:00+05:30,10752.85,10757.8,10747.55,10753.4,,14,regular,False,False,2018-07-05 15:15:00+05:30,2018-07-05 15:29:00+05:30
2018-07-06 09:00:00+05:30,10744.15,10745.7,10736.0,10745.35,,1,outside,False,False,2018-07-06 09:14:00+05:30,2018-07-06 09:15:00+05:30
2018-07-06 15:15:00+05:30,10766.95,10771.8,10761.05,10770.0,,14,regular,False,False,2018-07-06 15:15:00+05:30,2018-07-06 15:29:00+05:30
2018-07-09 09:00:00+05:30,10838.3,10838.3,10838.3,10838.3,,1,outside,False,False,2018-07-09 09:14:00+05:30,2018-07-09 09:15:00+05:30
2018-07-09 15:15:00+05:30,10852.05,10857.2,10848.7,10851.05,,14,regular,False,False,2018-07-09 15:15:00+05:30,2018-07-09 15:29:00+05:30
2018-07-10 09:00:00+05:30,10902.75,10902.75,10887.5,10887.9,,1,outside,False,False,2018-07-10 09:14:00+05:30,2018-07-10 09:15:00+05:30
2018-07-10 15:15:00+05:30,10948.0,10956.65,10944.95,10947.1,,14,regular,False,False,2018-07-10 15:15:00+05:30,2018-07-10 15:29:00+05:30
2018-07-11 09:00:00+05:30,10956.4,10956.4,10936.2,10938.75,,1,outside,False,False,2018-07-11 09:14:00+05:30,2018-07-11 09:15:00+05:30
2018-07-11 15:15:00+05:30,10948.75,10952.5,10940.85,10942.2,,14,regular,False,False,2018-07-11 15:15:00+05:30,2018-07-11 15:29:00+05:30
2018-07-12 09:00:00+05:30,11006.95,11015.3,11001.55,11015.3,,1,outside,False,False,2018-07-12 09:14:00+05:30,2018-07-12 09:15:00+05:30
2018-07-12 15:15:00+05:30,11019.6,11021.35,11013.45,11015.3,,14,regular,False,False,2018-07-12 15:15:00+05:30,2018-07-12 15:29:00+05:30
2018-07-13 09:00:00+05:30,11056.9,11056.9,11042.05,11042.7,,1,outside,False,False,2018-07-13 09:14:00+05:30,2018-07-13 09:15:00+05:30
2018-07-13 15:15:00+05:30,11027.2,11030.3,11016.2,11021.95,,14,regular,False,False,2018-07-13 15:15:00+05:30,2018-07-13 15:29:00+05:30
2018-07-16 09:00:00+05:30,11018.95,11018.95,10998.75,11004.95,,1,outside,False,False,2018-07-16 09:14:00+05:30,2018-07-16 09:15:00+05:30
2018-07-16 15:15:00+05:30,10942.05,10943.0,10933.85,10940.7,,14,regular,False,False,2018-07-16 15:15:00+05:30,2018-07-16 15:29:00+05:30
2018-07-17 09:00:00+05:30,10939.65,10942.5,10935.05,10939.45,,1,outside,False,False,2018-07-17 09:14:00+05:30,2018-07-17 09:15:00+05:30
2018-07-17 15:15:00+05:30,11005.15,11017.65,11005.15,11015.15,,14,regular,False,False,2018-07-17 15:15:00+05:30,2018-07-17 15:29:00+05:30
2018-07-18 09:00:00+05:30,11060.2,11075.4,11058.2,11073.4,,1,outside,False,False,2018-07-18 09:14:00+05:30,2018-07-18 09:15:00+05:30
2018-07-18 15:15:00+05:30,10978.55,10989.6,10977.15,10983.45,,14,regular,False,False,2018-07-18 15:15:00+05:30,2018-07-18 15:29:00+05:30
2018-07-19 09:00:00+05:30,10999.5,11005.6,10994.7,10999.95,,1,outside,False,False,2018-07-19 09:14:00+05:30,2018-07-19 09:15:00+05:30
2018-07-19 15:15:00+05:30,10960.2,10971.65,10954.85,10967.2,,14,regular,False,False,2018-07-19 15:15:00+05:30,2018-07-19 15:29:00+05:30
2018-07-20 09:00:00+05:30,10963.5,10963.5,10949.2,10954.9,,1,outside,False,False,2018-07-20 09:14:00+05:30,2018-07-20 09:15:00+05:30
2018-07-20 15:15:00+05:30,11011.8,11014.05,11007.25,11011.95,,14,regular,False,False,2018-07-20 15:15:00+05:30,2018-07-20 15:29:00+05:30
2018-07-23 09:00:00+05:30,11019.85,11038.6,11018.5,11035.55,,1,outside,False,False,2018-07-23 09:14:00+05:30,2018-07-23 09:15:00+05:30
2018-07-23 15:15:00+05:30,11091.25,11093.15,11074.5,11079.05,,14,regular,False,False,2018-07-23 15:15:00+05:30,2018-07-23 15:29:00+05:30
2018-07-24 09:00:00+05:30,11109.0,11116.3,11106.3,11111.25,,1,outside,False,False,2018-07-24 09:14:00+05:30,2018-07-24 09:15:00+05:30
2018-07-24 15:15:00+05:30,11137.8,11140.2,11127.5,11133.15,,14,regular,False,False,2018-07-24 15:15:00+05:30,2018-07-24 15:29:00+05:30
2018-07-25 09:00:00+05:30,11148.4,11148.4,11137.35,11147.2,,1,outside,False,False,2018-07-25 09:14:00+05:30,2018-07-25 09:15:00+05:30
2018-07-25 15:15:00+05:30,11138.2,11138.8,11113.5,11122.9,,14,regular,False,False,2018-07-25 15:15:00+05:30,2018-07-25 15:29:00+05:30
2018-07-26 09:00:00+05:30,11132.95,11156.75,11132.95,11155.9,,1,outside,False,False,2018-07-26 09:14:00+05:30,2018-07-26 09:15:00+05:30
2018-07-26 15:15:00+05:30,11170.05,11184.65,11166.25,11184.25,,14,regular,False,False,2018-07-26 15:15:00+05:30,2018-07-26 15:29:00+05:30
2018-07-27 09:00:00+05:30,11232.75,11233.55,11224.4,11229.6,,1,outside,False,False,2018-07-27 09:14:00+05:30,2018-07-27 09:15:00+05:30
2018-07-27 15:15:00+05:30,11279.85,11281.65,11269.5,11273.6,,14,regular,False,False,2018-07-27 15:15:00+05:30,2018-07-27 15:29:00+05:30
2018-07-30 09:00:00+05:30,11296.65,11302.4,11291.95,11298.25,,1,outside,False,False,2018-07-30 09:14:00+05:30,2018-07-30 09:15:00+05:30
2018-07-30 15:15:00+05:30,11317.75,11322.05,11310.95,11312.9,,14,regular,False,False,2018-07-30 15:15:00+05:30,2018-07-30 15:29:00+05:30
2018-07-31 09:00:00+05:30,11311.05,11311.05,11287.25,11287.25,,1,outside,False,False,2018-07-31 09:14:00+05:30,2018-07-31 09:15:00+05:30
2018-07-31 15:15:00+05:30,11358.8,11365.6,11352.95,11357.25,,14,regular,False,False,2018-07-31 15:15:00+05:30,2018-07-31 15:29:00+05:30
2018-08-01 09:00:00+05:30,11359.8,11378.05,11359.8,11374.8,,1,outside,False,False,2018-08-01 09:14:00+05:30,2018-08-01 09:15:00+05:30
2018-08-01 15:15:00+05:30,11340.1,11342.35,11320.95,11321.35,,14,regular,False,False,2018-08-01 15:15:00+05:30,2018-08-01 15:29:00+05:30
2018-08-02 09:00:00+05:30,11328.9,11328.9,11303.35,11305.05,,1,outside,False,False,2018-08-02 09:14:00+05:30,2018-08-02 09:15:00+05:30
2018-08-02 15:15:00+05:30,11247.1,11248.7,11235.05,11238.15,,14,regular,False,False,2018-08-02 15:15:00+05:30,2018-08-02 15:29:00+05:30
2018-08-03 09:00:00+05:30,11297.8,11307.25,11296.35,11305.7,,1,outside,False,False,2018-08-03 09:14:00+05:30,2018-08-03 09:15:00+05:30
2018-08-03 15:15:00+05:30,11355.6,11367.6,11353.85,11362.25,,14,regular,False,False,2018-08-03 15:15:00+05:30,2018-08-03 15:29:00+05:30
2018-08-06 09:00:00+05:30,11401.5,11414.45,11397.85,11413.95,,1,outside,False,False,2018-08-06 09:14:00+05:30,2018-08-06 09:15:00+05:30
2018-08-06 15:15:00+05:30,11386.7,11391.95,11383.1,11389.25,,14,regular,False,False,2018-08-06 15:15:00+05:30,2018-08-06 15:29:00+05:30
2018-08-07 09:00:00+05:30,11423.15,11428.0,11416.9,11426.8,,1,outside,False,False,2018-08-07 09:14:00+05:30,2018-08-07 09:15:00+05:30
2018-08-07 15:15:00+05:30,11381.8,11392.15,11380.95,11389.1,,14,regular,False,False,2018-08-07 15:15:00+05:30,2018-08-07 15:29:00+05:30
2018-08-08 09:00:00+05:30,11412.5,11422.65,11407.9,11420.95,,1,outside,False,False,2018-08-08 09:14:00+05:30,2018-08-08 09:15:00+05:30
2018-08-08 15:15:00+05:30,11451.85,11459.15,11448.45,11455.2,,14,regular,False,False,2018-08-08 15:15:00+05:30,2018-08-08 15:29:00+05:30
2018-08-09 09:00:00+05:30,11493.25,11495.1,11477.05,11477.05,,1,outside,False,False,2018-08-09 09:14:00+05:30,2018-08-09 09:15:00+05:30
2018-08-09 15:15:00+05:30,11472.55,11476.35,11467.1,11471.1,,14,regular,False,False,2018-08-09 15:15:00+05:30,2018-08-09 15:29:00+05:30
2018-08-10 09:00:00+05:30,11474.95,11477.7,11445.35,11446.9,,1,outside,False,False,2018-08-10 09:14:00+05:30,2018-08-10 09:15:00+05:30
2018-08-10 15:15:00+05:30,11431.4,11433.2,11420.55,11421.3,,14,regular,False,False,2018-08-10 15:15:00+05:30,2018-08-10 15:29:00+05:30
2018-08-13 09:00:00+05:30,11369.6,11369.6,11346.45,11346.45,,1,outside,False,False,2018-08-13 09:14:00+05:30,2018-08-13 09:15:00+05:30
2018-08-13 15:15:00+05:30,11356.55,11363.35,11353.1,11363.35,,14,regular,False,False,2018-08-13 15:15:00+05:30,2018-08-13 15:29:00+05:30
2018-08-14 09:00:00+05:30,11381.7,11390.4,11372.05,11389.25,,1,outside,False,False,2018-08-14 09:14:00+05:30,2018-08-14 09:15:00+05:30
2018-08-14 15:15:00+05:30,11438.3,11439.7,11428.2,11433.7,,14,regular,False,False,2018-08-14 15:15:00+05:30,2018-08-14 15:29:00+05:30
2018-08-16 09:00:00+05:30,11397.15,11397.85,11378.25,11380.65,,1,outside,False,False,2018-08-16 09:14:00+05:30,2018-08-16 09:15:00+05:30
2018-08-16 15:15:00+05:30,11381.05,11392.65,11380.1,11391.2,,14,regular,False,False,2018-08-16 15:15:00+05:30,2018-08-16 15:29:00+05:30
2018-08-17 09:00:00+05:30,11437.15,11440.5,11432.9,11437.1,,1,outside,False,False,2018-08-17 09:14:00+05:30,2018-08-17 09:15:00+05:30
2018-08-17 15:15:00+05:30,11471.0,11471.0,11461.45,11465.55,,14,regular,False,False,2018-08-17 15:15:00+05:30,2018-08-17 15:29:00+05:30
2018-08-20 09:00:00+05:30,11502.1,11512.95,11501.0,11511.6,,1,outside,False,False,2018-08-20 09:14:00+05:30,2018-08-20 09:15:00+05:30
2018-08-20 15:15:00+05:30,11547.55,11558.5,11544.65,11554.55,,14,regular,False,False,2018-08-20 15:15:00+05:30,2018-08-20 15:29:00+05:30
2018-08-21 09:00:00+05:30,11576.2,11581.4,11573.8,11580.1,,1,outside,False,False,2018-08-21 09:14:00+05:30,2018-08-21 09:15:00+05:30
2018-08-21 15:15:00+05:30,11571.2,11574.15,11565.7,11571.25,,14,regular,False,False,2018-08-21 15:15:00+05:30,2018-08-21 15:29:00+05:30
2018-08-23 09:00:00+05:30,11620.7,11620.7,11597.35,11598.8,,1,outside,False,False,2018-08-23 09:14:00+05:30,2018-08-23 09:15:00+05:30
2018-08-23 15:15:00+05:30,11587.6,11589.55,11569.55,11578.5,,14,regular,False,False,2018-08-23 15:15:00+05:30,2018-08-23 15:29:00+05:30
2018-08-24 09:00:00+05:30,11566.6,11569.9,11560.1,11568.65,,1,outside,False,False,2018-08-24 09:14:00+05:30,2018-08-24 09:15:00+05:30
2018-08-24 15:15:00+05:30,11558.8,11560.3,11552.45,11556.3,,14,regular,False,False,2018-08-24 15:15:00+05:30,2018-08-24 15:29:00+05:30
2018-08-27 09:00:00+05:30,11605.85,11628.25,11603.95,11627.7,,1,outside,False,False,2018-08-27 09:14:00+05:30,2018-08-27 09:15:00+05:30
2018-08-27 15:15:00+05:30,11687.85,11700.8,11686.65,11696.8,,14,regular,False,False,2018-08-27 15:15:00+05:30,2018-08-27 15:29:00+05:30
2018-08-28 09:00:00+05:30,11731.95,11743.85,11728.5,11743.85,,1,outside,False,False,2018-08-28 09:14:00+05:30,2018-08-28 09:15:00+05:30
2018-08-28 15:15:00+05:30,11739.7,11745.45,11736.55,11743.75,,14,regular,False,False,2018-08-28 15:15:00+05:30,2018-08-28 15:29:00+05:30
2018-08-29 09:00:00+05:30,11744.95,11745.35,11728.85,11730.7,,1,outside,False,False,2018-08-29 09:14:00+05:30,2018-08-29 09:15:00+05:30
2018-08-29 15:15:00+05:30,11686.45,11690.8,11679.1,11686.95,,14,regular,False,False,2018-08-29 15:15:00+05:30,2018-08-29 15:29:00+05:30
2018-08-30 09:00:00+05:30,11694.75,11697.0,11690.0,11697.0,,1,outside,False,False,2018-08-30 09:14:00+05:30,2018-08-30 09:15:00+05:30
2018-08-30 15:15:00+05:30,11675.05,11687.65,11673.25,11679.55,,14,regular,False,False,2018-08-30 15:15:00+05:30,2018-08-30 15:29:00+05:30
2018-08-31 09:00:00+05:30,11675.85,11675.85,11654.95,11658.5,,1,outside,False,False,2018-08-31 09:14:00+05:30,2018-08-31 09:15:00+05:30
2018-08-31 15:15:00+05:30,11684.2,11684.25,11669.4,11675.45,,14,regular,False,False,2018-08-31 15:15:00+05:30,2018-08-31 15:29:00+05:30
2018-09-03 09:00:00+05:30,11751.8,11751.8,11700.0,11700.15,,1,outside,False,False,2018-09-03 09:14:00+05:30,2018-09-03 09:15:00+05:30
2018-09-03 15:15:00+05:30,11579.5,11582.4,11567.7,11571.05,,14,regular,False,False,2018-09-03 15:15:00+05:30,2018-09-03 15:29:00+05:30
2018-09-04 09:00:00+05:30,11598.75,11601.55,11591.85,11593.4,,1,outside,False,False,2018-09-04 09:14:00+05:30,2018-09-04 09:15:00+05:30
2018-09-04 15:15:00+05:30,11511.65,11523.9,11510.9,11523.15,,14,regular,False,False,2018-09-04 15:15:00+05:30,2018-09-04 15:29:00+05:30
2018-09-05 09:00:00+05:30,11514.85,11528.2,11507.35,11526.95,,1,outside,False,False,2018-09-05 09:14:00+05:30,2018-09-05 09:15:00+05:30
2018-09-05 15:15:00+05:30,11474.35,11489.4,11468.55,11471.3,,14,regular,False,False,2018-09-05 15:15:00+05:30,2018-09-05 15:29:00+05:30
2018-09-06 09:00:00+05:30,11514.15,11514.85,11489.9,11489.9,,1,outside,False,False,2018-09-06 09:14:00+05:30,2018-09-06 09:15:00+05:30
2018-09-06 15:15:00+05:30,11525.15,11538.35,11516.65,11519.15,,14,regular,False,False,2018-09-06 15:15:00+05:30,2018-09-06 15:29:00+05:30
2018-09-07 09:00:00+05:30,11558.25,11558.25,11490.2,11490.2,,1,outside,False,False,2018-09-07 09:14:00+05:30,2018-09-07 09:15:00+05:30
2018-09-07 15:15:00+05:30,11591.7,11591.7,11581.6,11586.05,,14,regular,False,False,2018-09-07 15:15:00+05:30,2018-09-07 15:29:00+05:30
2018-09-10 09:00:00+05:30,11570.25,11570.25,11553.7,11567.0,,1,outside,False,False,2018-09-10 09:14:00+05:30,2018-09-10 09:15:00+05:30
2018-09-10 15:15:00+05:30,11435.85,11444.1,11427.5,11439.5,,14,regular,False,False,2018-09-10 15:15:00+05:30,2018-09-10 15:29:00+05:30
2018-09-11 09:00:00+05:30,11476.85,11478.65,11465.15,11469.05,,1,outside,False,False,2018-09-11 09:14:00+05:30,2018-09-11 09:15:00+05:30
2018-09-11 15:15:00+05:30,11276.6,11290.4,11274.5,11282.0,,14,regular,False,False,2018-09-11 15:15:00+05:30,2018-09-11 15:29:00+05:30
2018-09-12 09:00:00+05:30,11340.1,11340.1,11284.55,11285.25,,1,outside,False,False,2018-09-12 09:14:00+05:30,2018-09-12 09:15:00+05:30
2018-09-12 15:15:00+05:30,11372.35,11378.8,11367.5,11370.2,,14,regular,False,False,2018-09-12 15:15:00+05:30,2018-09-12 15:29:00+05:30
2018-09-14 09:00:00+05:30,11443.5,11481.45,11443.5,11469.25,,1,outside,False,False,2018-09-14 09:14:00+05:30,2018-09-14 09:15:00+05:30
2018-09-14 15:15:00+05:30,11513.6,11519.2,11509.7,11510.75,,14,regular,False,False,2018-09-14 15:15:00+05:30,2018-09-14 15:29:00+05:30
2018-09-17 09:00:00+05:30,11464.95,11464.95,11425.05,11427.2,,1,outside,False,False,2018-09-17 09:14:00+05:30,2018-09-17 09:15:00+05:30
2018-09-17 15:15:00+05:30,11376.35,11379.85,11367.75,11371.6,,14,regular,False,False,2018-09-17 15:15:00+05:30,2018-09-17 15:29:00+05:30
2018-09-18 09:00:00+05:30,11381.55,11381.55,11361.0,11371.8,,1,outside,False,False,2018-09-18 09:14:00+05:30,2018-09-18 09:15:00+05:30
2018-09-18 15:15:00+05:30,11272.75,11286.05,11269.4,11282.25,,14,regular,False,False,2018-09-18 15:15:00+05:30,2018-09-18 15:29:00+05:30
2018-09-19 09:00:00+05:30,11326.65,11327.9,11313.25,11313.25,,1,outside,False,False,2018-09-19 09:14:00+05:30,2018-09-19 09:15:00+05:30
2018-09-19 15:15:00+05:30,11231.3,11247.9,11230.65,11237.15,,14,regular,False,False,2018-09-19 15:15:00+05:30,2018-09-19 15:29:00+05:30
2018-09-21 09:00:00+05:30,11271.3,11312.9,11266.05,11298.95,,1,outside,False,False,2018-09-21 09:14:00+05:30,2018-09-21 09:15:00+05:30
2018-09-21 15:15:00+05:30,11145.3,11177.85,11136.6,11160.55,,14,regular,False,False,2018-09-21 15:15:00+05:30,2018-09-21 15:29:00+05:30
2018-09-24 09:00:00+05:30,11164.4,11167.75,11135.0,11135.0,,1,outside,False,False,2018-09-24 09:14:00+05:30,2018-09-24 09:15:00+05:30
2018-09-24 15:15:00+05:30,10958.1,10974.7,10951.6,10974.7,,14,regular,False,False,2018-09-24 15:15:00+05:30,2018-09-24 15:29:00+05:30
2018-09-25 09:00:00+05:30,10969.95,10969.95,10945.6,10961.35,,1,outside,False,False,2018-09-25 09:14:00+05:30,2018-09-25 09:15:00+05:30
2018-09-25 15:15:00+05:30,11075.6,11080.05,11059.65,11080.05,,14,regular,False,False,2018-09-25 15:15:00+05:30,2018-09-25 15:29:00+05:30
2018-09-26 09:00:00+05:30,11145.55,11145.55,11126.55,11126.55,,1,outside,False,False,2018-09-26 09:14:00+05:30,2018-09-26 09:15:00+05:30
2018-09-26 15:15:00+05:30,11064.15,11069.0,11040.0,11047.05,,14,regular,False,False,2018-09-26 15:15:00+05:30,2018-09-26 15:29:00+05:30
2018-09-27 09:00:00+05:30,11079.8,11083.65,11053.55,11053.95,,1,outside,False,False,2018-09-27 09:14:00+05:30,2018-09-27 09:15:00+05:30
2018-09-27 15:15:00+05:30,10975.0,10996.55,10973.0,10985.95,,14,regular,False,False,2018-09-27 15:15:00+05:30,2018-09-27 15:29:00+05:30
2018-09-28 09:00:00+05:30,11008.1,11033.45,11008.1,11027.85,,1,outside,False,False,2018-09-28 09:14:00+05:30,2018-09-28 09:15:00+05:30
2018-09-28 15:15:00+05:30,10946.85,10951.3,10926.65,10931.75,,14,regular,False,False,2018-09-28 15:15:00+05:30,2018-09-28 15:29:00+05:30
2018-10-01 09:00:00+05:30,10930.9,10930.9,10879.9,10881.2,,1,outside,False,False,2018-10-01 09:14:00+05:30,2018-10-01 09:15:00+05:30
2018-10-01 15:15:00+05:30,11006.45,11035.45,11002.6,11014.6,,14,regular,False,False,2018-10-01 15:15:00+05:30,2018-10-01 15:29:00+05:30
2018-10-03 09:00:00+05:30,10982.7,10982.7,10943.8,10945.6,,1,outside,False,False,2018-10-03 09:14:00+05:30,2018-10-03 09:15:00+05:30
2018-10-03 15:15:00+05:30,10856.6,10860.75,10844.3,10850.45,,14,regular,False,False,2018-10-03 15:15:00+05:30,2018-10-03 15:29:00+05:30
2018-10-04 09:00:00+05:30,10754.7,10754.7,10672.85,10672.85,,1,outside,False,False,2018-10-04 09:14:00+05:30,2018-10-04 09:15:00+05:30
2018-10-04 15:15:00+05:30,10613.7,10623.75,10551.85,10552.7,,14,regular,False,False,2018-10-04 15:15:00+05:30,2018-10-04 15:29:00+05:30
2018-10-05 09:00:00+05:30,10514.1,10514.1,10475.35,10475.35,,1,outside,False,False,2018-10-05 09:14:00+05:30,2018-10-05 09:15:00+05:30
2018-10-05 15:15:00+05:30,10298.5,10301.4,10263.55,10263.55,,14,regular,False,False,2018-10-05 15:15:00+05:30,2018-10-05 15:29:00+05:30
2018-10-08 09:00:00+05:30,10310.15,10310.15,10273.95,10281.85,,1,outside,False,False,2018-10-08 09:14:00+05:30,2018-10-08 09:15:00+05:30
2018-10-08 15:15:00+05:30,10368.7,10386.35,10347.15,10352.75,,14,regular,False,False,2018-10-08 15:15:00+05:30,2018-10-08 15:29:00+05:30
2018-10-09 09:00:00+05:30,10390.3,10390.3,10374.25,10377.65,,1,outside,False,False,2018-10-09 09:14:00+05:30,2018-10-09 09:15:00+05:30
2018-10-09 15:15:00+05:30,10282.55,10308.8,10279.9,10291.8,,14,regular,False,False,2018-10-09 15:15:00+05:30,2018-10-09 15:29:00+05:30
2018-10-10 09:00:00+05:30,10331.85,10335.45,10324.75,10325.85,,1,outside,False,False,2018-10-10 09:14:00+05:30,2018-10-10 09:15:00+05:30
2018-10-10 15:15:00+05:30,10457.9,10465.6,10456.6,10462.7,,14,regular,False,False,2018-10-10 15:15:00+05:30,2018-10-10 15:29:00+05:30
2018-10-11 09:00:00+05:30,10169.8,10176.85,10148.0,10176.85,,1,outside,False,False,2018-10-11 09:14:00+05:30,2018-10-11 09:15:00+05:30
2018-10-11 15:15:00+05:30,10224.3,10251.35,10220.05,10248.3,,14,regular,False,False,2018-10-11 15:15:00+05:30,2018-10-11 15:29:00+05:30
2018-10-12 09:00:00+05:30,10331.55,10358.35,10329.5,10356.6,,1,outside,False,False,2018-10-12 09:14:00+05:30,2018-10-12 09:15:00+05:30
2018-10-12 15:15:00+05:30,10476.3,10478.2,10459.15,10465.2,,14,regular,False,False,2018-10-12 15:15:00+05:30,2018-10-12 15:29:00+05:30
2018-10-15 09:00:00+05:30,10524.2,10524.2,10466.6,10471.2,,1,outside,False,False,2018-10-15 09:14:00+05:30,2018-10-15 09:15:00+05:30
2018-10-15 15:15:00+05:30,10514.9,10524.6,10511.7,10517.7,,14,regular,False,False,2018-10-15 15:15:00+05:30,2018-10-15 15:29:00+05:30
2018-10-16 09:00:00+05:30,10550.15,10554.5,10526.4,10534.1,,1,outside,False,False,2018-10-16 09:14:00+05:30,2018-10-16 09:15:00+05:30
2018-10-16 15:15:00+05:30,10585.85,10593.85,10571.25,10576.45,,14,regular,False,False,2018-10-16 15:15:00+05:30,2018-10-16 15:29:00+05:30
2018-10-17 09:00:00+05:30,10688.7,10704.45,10688.6,10704.05,,1,outside,False,False,2018-10-17 09:14:00+05:30,2018-10-17 09:15:00+05:30
2018-10-17 15:15:00+05:30,10443.15,10461.7,10439.3,10458.45,,14,regular,False,False,2018-10-17 15:15:00+05:30,2018-10-17 15:29:00+05:30
2018-10-19 09:00:00+05:30,10339.7,10339.7,10312.6,10312.75,,1,outside,False,False,2018-10-19 09:14:00+05:30,2018-10-19 09:15:00+05:30
2018-10-19 15:15:00+05:30,10299.65,10319.6,10294.95,10316.55,,14,regular,False,False,2018-10-19 15:15:00+05:30,2018-10-19 15:29:00+05:30
2018-10-22 09:00:00+05:30,10405.85,10405.85,10385.65,10387.95,,1,outside,False,False,2018-10-22 09:14:00+05:30,2018-10-22 09:15:00+05:30
2018-10-22 15:15:00+05:30,10237.5,10266.5,10230.1,10252.55,,14,regular,False,False,2018-10-22 15:15:00+05:30,2018-10-22 15:29:00+05:30
2018-10-23 09:00:00+05:30,10152.6,10172.45,10152.6,10171.25,,1,outside,False,False,2018-10-23 09:14:00+05:30,2018-10-23 09:15:00+05:30
2018-10-23 15:15:00+05:30,10143.45,10188.0,10141.1,10184.35,,14,regular,False,False,2018-10-23 15:15:00+05:30,2018-10-23 15:29:00+05:30
2018-10-24 09:00:00+05:30,10278.15,10288.75,10272.9,10274.7,,1,outside,False,False,2018-10-24 09:14:00+05:30,2018-10-24 09:15:00+05:30
2018-10-24 15:15:00+05:30,10235.55,10243.75,10225.25,10239.9,,14,regular,False,False,2018-10-24 15:15:00+05:30,2018-10-24 15:29:00+05:30
2018-10-25 09:00:00+05:30,10135.05,10140.05,10126.35,10137.35,,1,outside,False,False,2018-10-25 09:14:00+05:30,2018-10-25 09:15:00+05:30
2018-10-25 15:15:00+05:30,10114.4,10143.05,10111.05,10139.3,,14,regular,False,False,2018-10-25 15:15:00+05:30,2018-10-25 15:29:00+05:30
2018-10-26 09:00:00+05:30,10122.35,10122.35,10062.85,10070.8,,1,outside,False,False,2018-10-26 09:14:00+05:30,2018-10-26 09:15:00+05:30
2018-10-26 15:15:00+05:30,10033.3,10034.1,10012.65,10012.65,,14,regular,False,False,2018-10-26 15:15:00+05:30,2018-10-26 15:29:00+05:30
2018-10-29 09:00:00+05:30,10078.1,10078.1,10051.1,10052.05,,1,outside,False,False,2018-10-29 09:14:00+05:30,2018-10-29 09:15:00+05:30
2018-10-29 15:15:00+05:30,10258.05,10274.15,10248.45,10249.05,,14,regular,False,False,2018-10-29 15:15:00+05:30,2018-10-29 15:29:00+05:30
2018-10-30 09:00:00+05:30,10239.4,10239.4,10208.05,10217.95,,1,outside,False,False,2018-10-30 09:14:00+05:30,2018-10-30 09:15:00+05:30
2018-10-30 15:15:00+05:30,10197.2,10207.65,10188.6,10190.2,,14,regular,False,False,2018-10-30 15:15:00+05:30,2018-10-30 15:29:00+05:30
2018-10-31 09:00:00+05:30,10209.55,10235.15,10207.65,10235.15,,1,outside,False,False,2018-10-31 09:14:00+05:30,2018-10-31 09:15:00+05:30
2018-10-31 15:15:00+05:30,10390.7,10395.7,10362.0,10362.0,,14,regular,False,False,2018-10-31 15:15:00+05:30,2018-10-31 15:29:00+05:30
2018-11-01 09:00:00+05:30,10441.7,10441.7,10406.3,10415.55,,1,outside,False,False,2018-11-01 09:14:00+05:30,2018-11-01 09:15:00+05:30
2018-11-01 15:15:00+05:30,10375.25,10386.05,10370.55,10381.15,,14,regular,False,False,2018-11-01 15:15:00+05:30,2018-11-01 15:29:00+05:30
2018-11-02 09:00:00+05:30,10462.3,10470.25,10460.75,10463.4,,1,outside,False,False,2018-11-02 09:14:00+05:30,2018-11-02 09:15:00+05:30
2018-11-02 15:15:00+05:30,10548.0,10559.6,10541.35,10557.2,,14,regular,False,False,2018-11-02 15:15:00+05:30,2018-11-02 15:29:00+05:30
2018-11-05 09:00:00+05:30,10558.75,10558.75,10513.0,10517.4,,1,outside,False,False,2018-11-05 09:14:00+05:30,2018-11-05 09:15:00+05:30
2018-11-05 15:15:00+05:30,10524.45,10536.8,10519.95,10526.15,,14,regular,False,False,2018-11-05 15:15:00+05:30,2018-11-05 15:29:00+05:30
2018-11-06 09:00:00+05:30,10552.0,10569.5,10548.05,10569.5,,1,outside,False,False,2018-11-06 09:14:00+05:30,2018-11-06 09:15:00+05:30
2018-11-06 15:15:00+05:30,10536.75,10539.25,10519.65,10520.4,,14,regular,False,False,2018-11-06 15:15:00+05:30,2018-11-06 15:29:00+05:30
2018-11-07 17:15:00+05:30,10614.45,10614.45,10592.55,10594.95,,1,evening,False,False,2018-11-07 17:29:00+05:30,2018-11-07 17:30:00+05:30
2018-11-07 18:15:00+05:30,10594.25,10603.7,10588.8,10600.25,,14,evening,False,False,2018-11-07 18:15:00+05:30,2018-11-07 18:29:00+05:30
2018-11-09 09:00:00+05:30,10614.7,10614.7,10545.4,10545.4,,1,outside,False,False,2018-11-09 09:14:00+05:30,2018-11-09 09:15:00+05:30
2018-11-09 15:15:00+05:30,10591.5,10592.45,10577.95,10581.55,,14,regular,False,False,2018-11-09 15:15:00+05:30,2018-11-09 15:29:00+05:30
2018-11-12 09:00:00+05:30,10607.8,10627.85,10606.15,10620.65,,1,outside,False,False,2018-11-12 09:14:00+05:30,2018-11-12 09:15:00+05:30
2018-11-12 15:15:00+05:30,10477.95,10481.0,10464.35,10479.55,,14,regular,False,False,2018-11-12 15:15:00+05:30,2018-11-12 15:29:00+05:30
2018-11-13 09:00:00+05:30,10451.9,10456.85,10441.9,10456.85,,1,outside,False,False,2018-11-13 09:14:00+05:30,2018-11-13 09:15:00+05:30
2018-11-13 15:15:00+05:30,10594.95,10595.2,10576.3,10581.2,,14,regular,False,False,2018-11-13 15:15:00+05:30,2018-11-13 15:29:00+05:30
2018-11-14 09:00:00+05:30,10634.9,10638.05,10626.05,10626.05,,1,outside,False,False,2018-11-14 09:14:00+05:30,2018-11-14 09:15:00+05:30
2018-11-14 15:15:00+05:30,10579.8,10579.8,10565.6,10568.15,,14,regular,False,False,2018-11-14 15:15:00+05:30,2018-11-14 15:29:00+05:30
2018-11-15 09:00:00+05:30,10580.6,10584.2,10571.1,10577.15,,1,outside,False,False,2018-11-15 09:14:00+05:30,2018-11-15 09:15:00+05:30
2018-11-15 15:15:00+05:30,10617.7,10619.2,10599.2,10601.35,,14,regular,False,False,2018-11-15 15:15:00+05:30,2018-11-15 15:29:00+05:30
2018-11-16 09:00:00+05:30,10644.0,10644.0,10634.45,10636.6,,1,outside,False,False,2018-11-16 09:14:00+05:30,2018-11-16 09:15:00+05:30
2018-11-16 15:15:00+05:30,10679.2,10690.0,10677.85,10680.85,,14,regular,False,False,2018-11-16 15:15:00+05:30,2018-11-16 15:29:00+05:30
2018-11-19 09:00:00+05:30,10731.25,10731.25,10718.95,10722.4,,1,outside,False,False,2018-11-19 09:14:00+05:30,2018-11-19 09:15:00+05:30
2018-11-19 15:15:00+05:30,10763.2,10774.25,10761.75,10770.35,,14,regular,False,False,2018-11-19 15:15:00+05:30,2018-11-19 15:29:00+05:30
2018-11-20 09:00:00+05:30,10740.1,10740.1,10717.6,10730.4,,1,outside,False,False,2018-11-20 09:14:00+05:30,2018-11-20 09:15:00+05:30
2018-11-20 15:15:00+05:30,10657.5,10658.15,10645.05,10647.55,,14,regular,False,False,2018-11-20 15:15:00+05:30,2018-11-20 15:29:00+05:30
2018-11-21 09:00:00+05:30,10670.95,10670.95,10656.4,10657.7,,1,outside,False,False,2018-11-21 09:14:00+05:30,2018-11-21 09:15:00+05:30
2018-11-21 15:15:00+05:30,10594.7,10608.2,10589.15,10605.3,,14,regular,False,False,2018-11-21 15:15:00+05:30,2018-11-21 15:29:00+05:30
2018-11-22 09:00:00+05:30,10612.65,10624.75,10612.65,10621.8,,1,outside,False,False,2018-11-22 09:14:00+05:30,2018-11-22 09:15:00+05:30
2018-11-22 15:15:00+05:30,10518.05,10534.55,10513.15,10522.3,,14,regular,False,False,2018-11-22 15:15:00+05:30,2018-11-22 15:29:00+05:30
2018-11-26 09:00:00+05:30,10568.3,10577.55,10561.55,10575.35,,1,outside,False,False,2018-11-26 09:14:00+05:30,2018-11-26 09:15:00+05:30
2018-11-26 15:15:00+05:30,10631.25,10633.9,10626.45,10633.05,,14,regular,False,False,2018-11-26 15:15:00+05:30,2018-11-26 15:29:00+05:30
2018-11-27 09:00:00+05:30,10621.45,10627.25,10618.2,10619.85,,1,outside,False,False,2018-11-27 09:14:00+05:30,2018-11-27 09:15:00+05:30
2018-11-27 15:15:00+05:30,10681.2,10689.75,10678.0,10685.25,,14,regular,False,False,2018-11-27 15:15:00+05:30,2018-11-27 15:29:00+05:30
2018-11-28 09:00:00+05:30,10708.75,10715.55,10704.45,10715.55,,1,outside,False,False,2018-11-28 09:14:00+05:30,2018-11-28 09:15:00+05:30
2018-11-28 15:15:00+05:30,10729.2,10731.4,10718.1,10721.55,,14,regular,False,False,2018-11-28 15:15:00+05:30,2018-11-28 15:29:00+05:30
2018-11-29 09:00:00+05:30,10808.7,10808.7,10789.6,10790.05,,1,outside,False,False,2018-11-29 09:14:00+05:30,2018-11-29 09:15:00+05:30
2018-11-29 15:15:00+05:30,10849.65,10880.45,10848.95,10875.85,,14,regular,False,False,2018-11-29 15:15:00+05:30,2018-11-29 15:29:00+05:30
2018-11-30 09:00:00+05:30,10892.1,10897.2,10891.65,10896.5,,1,outside,False,False,2018-11-30 09:14:00+05:30,2018-11-30 09:15:00+05:30
2018-11-30 15:15:00+05:30,10873.95,10890.7,10873.95,10882.8,,14,regular,False,False,2018-11-30 15:15:00+05:30,2018-11-30 15:29:00+05:30
2018-12-03 09:00:00+05:30,10930.7,10938.85,10925.05,10936.85,,1,outside,False,False,2018-12-03 09:14:00+05:30,2018-12-03 09:15:00+05:30
2018-12-03 15:15:00+05:30,10886.5,10891.95,10881.85,10889.8,,14,regular,False,False,2018-12-03 15:15:00+05:30,2018-12-03 15:29:00+05:30
2018-12-04 09:00:00+05:30,10877.1,10884.35,10876.35,10883.25,,1,outside,False,False,2018-12-04 09:14:00+05:30,2018-12-04 09:15:00+05:30
2018-12-04 15:15:00+05:30,10867.95,10875.15,10865.25,10869.7,,14,regular,False,False,2018-12-04 15:15:00+05:30,2018-12-04 15:29:00+05:30
2018-12-05 09:00:00+05:30,10820.45,10820.45,10805.4,10807.6,,1,outside,False,False,2018-12-05 09:14:00+05:30,2018-12-05 09:15:00+05:30
2018-12-05 15:15:00+05:30,10784.55,10793.7,10778.5,10790.35,,14,regular,False,False,2018-12-05 15:15:00+05:30,2018-12-05 15:29:00+05:30
2018-12-06 09:00:00+05:30,10718.15,10718.15,10703.25,10709.1,,1,outside,False,False,2018-12-06 09:14:00+05:30,2018-12-06 09:15:00+05:30
2018-12-06 15:15:00+05:30,10589.65,10605.45,10589.15,10593.95,,14,regular,False,False,2018-12-06 15:15:00+05:30,2018-12-06 15:29:00+05:30
2018-12-07 09:00:00+05:30,10644.8,10654.15,10643.2,10652.0,,1,outside,False,False,2018-12-07 09:14:00+05:30,2018-12-07 09:15:00+05:30
2018-12-07 15:15:00+05:30,10691.6,10704.0,10691.6,10702.2,,14,regular,False,False,2018-12-07 15:15:00+05:30,2018-12-07 15:29:00+05:30
2018-12-10 09:00:00+05:30,10523.35,10558.3,10523.35,10552.9,,1,outside,False,False,2018-12-10 09:14:00+05:30,2018-12-10 09:15:00+05:30
2018-12-10 15:15:00+05:30,10490.8,10491.65,10475.45,10477.3,,14,regular,False,False,2018-12-10 15:15:00+05:30,2018-12-10 15:29:00+05:30
2018-12-11 09:00:00+05:30,10359.75,10387.3,10337.25,10387.3,,1,outside,False,False,2018-12-11 09:14:00+05:30,2018-12-11 09:15:00+05:30
2018-12-11 15:15:00+05:30,10551.45,10565.1,10550.05,10557.9,,14,regular,False,False,2018-12-11 15:15:00+05:30,2018-12-11 15:29:00+05:30
2018-12-12 09:00:00+05:30,10589.2,10589.2,10567.3,10567.3,,1,outside,False,False,2018-12-12 09:14:00+05:30,2018-12-12 09:15:00+05:30
2018-12-12 15:15:00+05:30,10735.4,10751.5,10734.65,10736.9,,14,regular,False,False,2018-12-12 15:15:00+05:30,2018-12-12 15:29:00+05:30
2018-12-13 09:00:00+05:30,10791.45,10808.95,10791.45,10803.0,,1,outside,False,False,2018-12-13 09:14:00+05:30,2018-12-13 09:15:00+05:30
2018-12-13 15:15:00+05:30,10794.25,10804.4,10785.2,10788.5,,14,regular,False,False,2018-12-13 15:15:00+05:30,2018-12-13 15:29:00+05:30
2018-12-14 09:00:00+05:30,10784.5,10785.1,10758.8,10763.7,,1,outside,False,False,2018-12-14 09:14:00+05:30,2018-12-14 09:15:00+05:30
2018-12-14 15:15:00+05:30,10815.05,10815.05,10800.05,10802.35,,14,regular,False,False,2018-12-14 15:15:00+05:30,2018-12-14 15:29:00+05:30
2018-12-17 09:00:00+05:30,10853.2,10855.45,10846.6,10853.35,,1,outside,False,False,2018-12-17 09:14:00+05:30,2018-12-17 09:15:00+05:30
2018-12-17 15:15:00+05:30,10884.65,10890.85,10878.05,10885.05,,14,regular,False,False,2018-12-17 15:15:00+05:30,2018-12-17 15:29:00+05:30
2018-12-18 09:00:00+05:30,10848.6,10850.9,10826.4,10831.45,,1,outside,False,False,2018-12-18 09:14:00+05:30,2018-12-18 09:15:00+05:30
2018-12-18 15:15:00+05:30,10909.6,10914.7,10906.75,10913.85,,14,regular,False,False,2018-12-18 15:15:00+05:30,2018-12-18 15:29:00+05:30
2018-12-19 09:00:00+05:30,10930.55,10948.1,10930.55,10938.15,,1,outside,False,False,2018-12-19 09:14:00+05:30,2018-12-19 09:15:00+05:30
2018-12-19 15:15:00+05:30,10965.9,10967.1,10958.85,10961.2,,14,regular,False,False,2018-12-19 15:15:00+05:30,2018-12-19 15:29:00+05:30
2018-12-20 09:00:00+05:30,10885.2,10896.5,10880.05,10895.15,,1,outside,False,False,2018-12-20 09:14:00+05:30,2018-12-20 09:15:00+05:30
2018-12-20 15:15:00+05:30,10960.3,10961.95,10952.25,10960.5,,14,regular,False,False,2018-12-20 15:15:00+05:30,2018-12-20 15:29:00+05:30
2018-12-21 09:00:00+05:30,10944.25,10944.25,10925.25,10929.6,,1,outside,False,False,2018-12-21 09:14:00+05:30,2018-12-21 09:15:00+05:30
2018-12-21 15:15:00+05:30,10740.85,10759.15,10739.45,10754.85,,14,regular,False,False,2018-12-21 15:15:00+05:30,2018-12-21 15:29:00+05:30
2018-12-24 09:00:00+05:30,10780.9,10780.9,10751.5,10751.5,,1,outside,False,False,2018-12-24 09:14:00+05:30,2018-12-24 09:15:00+05:30
2018-12-24 15:15:00+05:30,10659.85,10674.9,10654.85,10671.95,,14,regular,False,False,2018-12-24 15:15:00+05:30,2018-12-24 15:29:00+05:30
2018-12-26 09:00:00+05:30,10635.45,10635.45,10609.5,10610.0,,1,outside,False,False,2018-12-26 09:14:00+05:30,2018-12-26 09:15:00+05:30
2018-12-26 15:15:00+05:30,10726.2,10742.35,10721.9,10741.95,,14,regular,False,False,2018-12-26 15:15:00+05:30,2018-12-26 15:29:00+05:30
2018-12-27 09:00:00+05:30,10817.9,10819.65,10809.2,10818.1,,1,outside,False,False,2018-12-27 09:14:00+05:30,2018-12-27 09:15:00+05:30
2018-12-27 15:15:00+05:30,10780.05,10782.6,10773.7,10774.5,,14,regular,False,False,2018-12-27 15:15:00+05:30,2018-12-27 15:29:00+05:30
2018-12-28 09:00:00+05:30,10820.95,10829.25,10820.15,10828.25,,1,outside,False,False,2018-12-28 09:14:00+05:30,2018-12-28 09:15:00+05:30
2018-12-28 15:15:00+05:30,10851.95,10862.05,10851.95,10858.9,,14,regular,False,False,2018-12-28 15:15:00+05:30,2018-12-28 15:29:00+05:30
2018-12-31 09:00:00+05:30,10913.2,10916.9,10908.4,10916.2,,1,outside,False,False,2018-12-31 09:14:00+05:30,2018-12-31 09:15:00+05:30
2018-12-31 15:15:00+05:30,10862.8,10864.3,10856.85,10861.85,,14,regular,False,False,2018-12-31 15:15:00+05:30,2018-12-31 15:29:00+05:30
2019-01-01 09:00:00+05:30,10881.7,10884.6,10872.55,10874.1,,1,outside,False,False,2019-01-01 09:14:00+05:30,2019-01-01 09:15:00+05:30
2019-01-01 15:15:00+05:30,10905.2,10922.85,10903.25,10913.95,,14,regular,False,False,2019-01-01 15:15:00+05:30,2019-01-01 15:29:00+05:30
2019-01-02 09:00:00+05:30,10868.85,10868.85,10842.15,10843.65,,1,outside,False,False,2019-01-02 09:14:00+05:30,2019-01-02 09:15:00+05:30
2019-01-02 15:15:00+05:30,10781.45,10795.8,10778.3,10781.9,,14,regular,False,False,2019-01-02 15:15:00+05:30,2019-01-02 15:29:00+05:30
2019-01-03 09:00:00+05:30,10796.8,10796.8,10770.0,10770.0,,1,outside,False,False,2019-01-03 09:14:00+05:30,2019-01-03 09:15:00+05:30
2019-01-03 15:15:00+05:30,10669.3,10674.0,10662.35,10667.7,,14,regular,False,False,2019-01-03 15:15:00+05:30,2019-01-03 15:29:00+05:30
2019-01-04 09:00:00+05:30,10699.7,10709.15,10695.05,10709.15,,1,outside,False,False,2019-01-04 09:14:00+05:30,2019-01-04 09:15:00+05:30
2019-01-04 15:15:00+05:30,10721.6,10732.75,10720.4,10730.7,,14,regular,False,False,2019-01-04 15:15:00+05:30,2019-01-04 15:29:00+05:30
2019-01-07 09:00:00+05:30,10804.85,10818.45,10804.85,10815.55,,1,outside,False,False,2019-01-07 09:14:00+05:30,2019-01-07 09:15:00+05:30
2019-01-07 15:15:00+05:30,10776.0,10778.95,10768.3,10770.65,,14,regular,False,False,2019-01-07 15:15:00+05:30,2019-01-07 15:29:00+05:30
2019-01-08 09:00:00+05:30,10786.25,10786.25,10756.0,10756.25,,1,outside,False,False,2019-01-08 09:14:00+05:30,2019-01-08 09:15:00+05:30
2019-01-08 15:15:00+05:30,10806.55,10809.5,10786.25,10788.6,,14,regular,False,False,2019-01-08 15:15:00+05:30,2019-01-08 15:29:00+05:30
2019-01-09 09:00:00+05:30,10862.4,10864.35,10856.25,10859.7,,1,outside,False,False,2019-01-09 09:14:00+05:30,2019-01-09 09:15:00+05:30
2019-01-09 15:15:00+05:30,10863.7,10864.8,10847.0,10849.8,,14,regular,False,False,2019-01-09 15:15:00+05:30,2019-01-09 15:29:00+05:30
2019-01-10 09:00:00+05:30,10859.35,10859.35,10830.85,10832.9,,1,outside,False,False,2019-01-10 09:14:00+05:30,2019-01-10 09:15:00+05:30
2019-01-10 15:15:00+05:30,10819.1,10822.85,10812.85,10815.75,,14,regular,False,False,2019-01-10 15:15:00+05:30,2019-01-10 15:29:00+05:30
2019-01-11 09:00:00+05:30,10834.75,10835.35,10828.5,10833.65,,1,outside,False,False,2019-01-11 09:14:00+05:30,2019-01-11 09:15:00+05:30
2019-01-11 15:15:00+05:30,10796.0,10797.05,10782.0,10783.55,,14,regular,False,False,2019-01-11 15:15:00+05:30,2019-01-11 15:29:00+05:30
2019-01-14 09:00:00+05:30,10807.0,10807.0,10756.05,10756.65,,1,outside,False,False,2019-01-14 09:14:00+05:30,2019-01-14 09:15:00+05:30
2019-01-14 15:15:00+05:30,10736.25,10743.85,10731.5,10741.05,,14,regular,False,False,2019-01-14 15:15:00+05:30,2019-01-14 15:29:00+05:30
2019-01-15 09:00:00+05:30,10777.55,10788.25,10777.55,10788.05,,1,outside,False,False,2019-01-15 09:14:00+05:30,2019-01-15 09:15:00+05:30
2019-01-15 15:15:00+05:30,10887.55,10896.05,10883.8,10884.55,,14,regular,False,False,2019-01-15 15:15:00+05:30,2019-01-15 15:29:00+05:30
2019-01-16 09:00:00+05:30,10899.65,10915.55,10899.65,10915.55,,1,outside,False,False,2019-01-16 09:14:00+05:30,2019-01-16 09:15:00+05:30
2019-01-16 15:15:00+05:30,10889.85,10893.15,10883.0,10888.6,,14,regular,False,False,2019-01-16 15:15:00+05:30,2019-01-16 15:29:00+05:30
2019-01-17 09:00:00+05:30,10920.85,10927.6,10918.7,10926.4,,1,outside,False,False,2019-01-17 09:14:00+05:30,2019-01-17 09:15:00+05:30
2019-01-17 15:15:00+05:30,10903.85,10903.85,10889.25,10890.1,,14,regular,False,False,2019-01-17 15:15:00+05:30,2019-01-17 15:29:00+05:30
2019-01-18 09:00:00+05:30,10914.85,10927.65,10914.85,10917.75,,1,outside,False,False,2019-01-18 09:14:00+05:30,2019-01-18 09:15:00+05:30
2019-01-18 15:15:00+05:30,10900.05,10915.15,10899.55,10907.35,,14,regular,False,False,2019-01-18 15:15:00+05:30,2019-01-18 15:29:00+05:30
2019-01-21 09:00:00+05:30,10919.35,10919.35,10894.55,10896.25,,1,outside,False,False,2019-01-21 09:14:00+05:30,2019-01-21 09:15:00+05:30
2019-01-21 15:15:00+05:30,10961.4,10961.4,10946.75,10949.4,,14,regular,False,False,2019-01-21 15:15:00+05:30,2019-01-21 15:29:00+05:30
2019-01-22 09:00:00+05:30,10949.8,10949.8,10922.55,10929.6,,1,outside,False,False,2019-01-22 09:14:00+05:30,2019-01-22 09:15:00+05:30
2019-01-22 15:15:00+05:30,10923.5,10931.05,10916.35,10917.45,,14,regular,False,False,2019-01-22 15:15:00+05:30,2019-01-22 15:29:00+05:30
2019-01-23 09:00:00+05:30,10931.05,10931.05,10917.6,10918.15,,1,outside,False,False,2019-01-23 09:14:00+05:30,2019-01-23 09:15:00+05:30
2019-01-23 15:15:00+05:30,10815.55,10830.15,10813.05,10822.15,,14,regular,False,False,2019-01-23 15:15:00+05:30,2019-01-23 15:29:00+05:30
2019-01-24 09:00:00+05:30,10844.05,10846.55,10831.75,10836.1,,1,outside,False,False,2019-01-24 09:14:00+05:30,2019-01-24 09:15:00+05:30
2019-01-24 15:15:00+05:30,10859.6,10866.35,10850.45,10858.95,,14,regular,False,False,2019-01-24 15:15:00+05:30,2019-01-24 15:29:00+05:30
2019-01-25 09:00:00+05:30,10859.75,10909.5,10859.75,10906.9,,1,outside,False,False,2019-01-25 09:14:00+05:30,2019-01-25 09:15:00+05:30
2019-01-25 15:15:00+05:30,10783.9,10797.75,10774.95,10775.45,,14,regular,False,False,2019-01-25 15:15:00+05:30,2019-01-25 15:29:00+05:30
2019-01-28 09:00:00+05:30,10792.45,10794.8,10766.85,10767.5,,1,outside,False,False,2019-01-28 09:14:00+05:30,2019-01-28 09:15:00+05:30
2019-01-28 15:15:00+05:30,10653.6,10678.1,10648.5,10675.8,,14,regular,False,False,2019-01-28 15:15:00+05:30,2019-01-28 15:29:00+05:30
2019-01-29 09:00:00+05:30,10653.7,10654.35,10626.65,10627.55,,1,outside,False,False,2019-01-29 09:14:00+05:30,2019-01-29 09:15:00+05:30
2019-01-29 15:15:00+05:30,10642.3,10690.25,10642.1,10679.1,,14,regular,False,False,2019-01-29 15:15:00+05:30,2019-01-29 15:29:00+05:30
2019-01-30 09:00:00+05:30,10702.25,10706.85,10695.0,10697.0,,1,outside,False,False,2019-01-30 09:14:00+05:30,2019-01-30 09:15:00+05:30
2019-01-30 15:15:00+05:30,10649.7,10664.95,10634.8,10640.25,,14,regular,False,False,2019-01-30 15:15:00+05:30,2019-01-30 15:29:00+05:30
2019-01-31 09:00:00+05:30,10690.55,10699.8,10690.55,10694.8,,1,outside,False,False,2019-01-31 09:14:00+05:30,2019-01-31 09:15:00+05:30
2019-01-31 15:15:00+05:30,10829.8,10834.2,10817.25,10817.35,,14,regular,False,False,2019-01-31 15:15:00+05:30,2019-01-31 15:29:00+05:30
2019-02-01 09:00:00+05:30,10851.35,10851.35,10836.85,10845.8,,1,outside,False,False,2019-02-01 09:14:00+05:30,2019-02-01 09:15:00+05:30
2019-02-01 15:15:00+05:30,10894.85,10899.75,10888.85,10892.75,,14,regular,False,False,2019-02-01 15:15:00+05:30,2019-02-01 15:29:00+05:30
2019-02-04 09:00:00+05:30,10876.75,10876.75,10846.75,10856.05,,1,outside,False,False,2019-02-04 09:14:00+05:30,2019-02-04 09:15:00+05:30
2019-02-04 15:15:00+05:30,10909.75,10913.55,10903.4,10909.05,,14,regular,False,False,2019-02-04 15:15:00+05:30,2019-02-04 15:29:00+05:30
2019-02-05 09:00:00+05:30,10908.65,10911.55,10902.0,10904.7,,1,outside,False,False,2019-02-05 09:14:00+05:30,2019-02-05 09:15:00+05:30
2019-02-05 15:15:00+05:30,10932.05,10936.25,10928.05,10935.65,,14,regular,False,False,2019-02-05 15:15:00+05:30,2019-02-05 15:29:00+05:30
2019-02-06 09:00:00+05:30,10965.1,10970.2,10963.65,10966.4,,1,outside,False,False,2019-02-06 09:14:00+05:30,2019-02-06 09:15:00+05:30
2019-02-06 15:15:00+05:30,11059.3,11072.05,11058.25,11068.45,,14,regular,False,False,2019-02-06 15:15:00+05:30,2019-02-06 15:29:00+05:30
2019-02-07 09:00:00+05:30,11070.45,11071.7,11057.0,11061.65,,1,outside,False,False,2019-02-07 09:14:00+05:30,2019-02-07 09:15:00+05:30
2019-02-07 15:15:00+05:30,11071.4,11071.4,11049.2,11054.4,,14,regular,False,False,2019-02-07 15:15:00+05:30,2019-02-07 15:29:00+05:30
2019-02-08 09:00:00+05:30,11023.5,11025.65,11008.6,11025.65,,1,outside,False,False,2019-02-08 09:14:00+05:30,2019-02-08 09:15:00+05:30
2019-02-08 15:15:00+05:30,10934.3,10936.0,10925.7,10932.6,,14,regular,False,False,2019-02-08 15:15:00+05:30,2019-02-08 15:29:00+05:30
2019-02-11 09:00:00+05:30,10930.9,10930.9,10897.15,10897.85,,1,outside,False,False,2019-02-11 09:14:00+05:30,2019-02-11 09:15:00+05:30
2019-02-11 15:15:00+05:30,10882.1,10902.9,10882.1,10899.9,,14,regular,False,False,2019-02-11 15:15:00+05:30,2019-02-11 15:29:00+05:30
2019-02-12 09:00:00+05:30,10879.7,10882.25,10872.1,10877.2,,1,outside,False,False,2019-02-12 09:14:00+05:30,2019-02-12 09:15:00+05:30
2019-02-12 15:15:00+05:30,10834.7,10838.2,10825.35,10828.4,,14,regular,False,False,2019-02-12 15:15:00+05:30,2019-02-12 15:29:00+05:30
2019-02-13 09:00:00+05:30,10870.55,10887.65,10870.55,10887.65,,1,outside,False,False,2019-02-13 09:14:00+05:30,2019-02-13 09:15:00+05:30
2019-02-13 15:15:00+05:30,10781.0,10786.1,10772.7,10774.25,,14,regular,False,False,2019-02-13 15:15:00+05:30,2019-02-13 15:29:00+05:30
2019-02-14 09:00:00+05:30,10786.1,10786.1,10773.4,10780.0,,1,outside,False,False,2019-02-14 09:14:00+05:30,2019-02-14 09:15:00+05:30
2019-02-14 15:15:00+05:30,10742.1,10761.9,10742.0,10759.8,,14,regular,False,False,2019-02-14 15:15:00+05:30,2019-02-14 15:29:00+05:30
2019-02-15 09:00:00+05:30,10780.25,10781.75,10731.9,10731.9,,1,outside,False,False,2019-02-15 09:14:00+05:30,2019-02-15 09:15:00+05:30
2019-02-15 15:15:00+05:30,10737.4,10743.8,10723.5,10728.8,,14,regular,False,False,2019-02-15 15:15:00+05:30,2019-02-15 15:29:00+05:30
2019-02-18 09:00:00+05:30,10738.65,10759.05,10737.75,10738.55,,1,outside,False,False,2019-02-18 09:14:00+05:30,2019-02-18 09:15:00+05:30
2019-02-18 15:15:00+05:30,10642.8,10643.75,10628.75,10631.3,,14,regular,False,False,2019-02-18 15:15:00+05:30,2019-02-18 15:29:00+05:30
2019-02-19 09:00:00+05:30,10636.7,10653.2,10636.7,10652.55,,1,outside,False,False,2019-02-19 09:14:00+05:30,2019-02-19 09:15:00+05:30
2019-02-19 15:15:00+05:30,10592.5,10609.4,10585.9,10605.15,,14,regular,False,False,2019-02-19 15:15:00+05:30,2019-02-19 15:29:00+05:30
2019-02-20 09:00:00+05:30,10655.45,10663.6,10655.45,10659.4,,1,outside,False,False,2019-02-20 09:14:00+05:30,2019-02-20 09:15:00+05:30
2019-02-20 15:15:00+05:30,10737.05,10752.4,10736.85,10742.25,,14,regular,False,False,2019-02-20 15:15:00+05:30,2019-02-20 15:29:00+05:30
2019-02-21 09:00:00+05:30,10744.1,10745.4,10737.55,10737.95,,1,outside,False,False,2019-02-21 09:14:00+05:30,2019-02-21 09:15:00+05:30
2019-02-21 15:15:00+05:30,10787.6,10795.8,10786.95,10791.95,,14,regular,False,False,2019-02-21 15:15:00+05:30,2019-02-21 15:29:00+05:30
2019-02-22 09:00:00+05:30,10782.7,10782.7,10766.25,10770.5,,1,outside,False,False,2019-02-22 09:14:00+05:30,2019-02-22 09:15:00+05:30
2019-02-22 15:15:00+05:30,10786.95,10797.35,10784.45,10789.7,,14,regular,False,False,2019-02-22 15:15:00+05:30,2019-02-22 15:29:00+05:30
2019-02-25 09:00:00+05:30,10813.25,10824.8,10813.25,10819.85,,1,outside,False,False,2019-02-25 09:14:00+05:30,2019-02-25 09:15:00+05:30
2019-02-25 15:15:00+05:30,10884.15,10885.85,10877.35,10879.15,,14,regular,False,False,2019-02-25 15:15:00+05:30,2019-02-25 15:29:00+05:30
2019-02-26 09:00:00+05:30,10775.3,10799.6,10770.05,10799.15,,1,outside,False,False,2019-02-26 09:14:00+05:30,2019-02-26 09:15:00+05:30
2019-02-26 15:15:00+05:30,10837.35,10838.25,10826.0,10829.0,,14,regular,False,False,2019-02-26 15:15:00+05:30,2019-02-26 15:29:00+05:30
2019-02-27 09:00:00+05:30,10881.2,10886.7,10875.45,10886.7,,1,outside,False,False,2019-02-27 09:14:00+05:30,2019-02-27 09:15:00+05:30
2019-02-27 15:15:00+05:30,10806.8,10808.9,10793.35,10793.9,,14,regular,False,False,2019-02-27 15:15:00+05:30,2019-02-27 15:29:00+05:30
2019-02-28 09:00:00+05:30,10865.7,10865.7,10839.15,10839.15,,1,outside,False,False,2019-02-28 09:14:00+05:30,2019-02-28 09:15:00+05:30
2019-02-28 15:15:00+05:30,10792.35,10804.15,10790.65,10801.8,,14,regular,False,False,2019-02-28 15:15:00+05:30,2019-02-28 15:29:00+05:30
2019-03-01 09:00:00+05:30,10842.65,10860.05,10842.65,10856.3,,1,outside,False,False,2019-03-01 09:14:00+05:30,2019-03-01 09:15:00+05:30
2019-03-01 15:15:00+05:30,10860.35,10864.9,10857.85,10861.65,,14,regular,False,False,2019-03-01 15:15:00+05:30,2019-03-01 15:29:00+05:30
2019-03-05 09:00:00+05:30,10864.85,10864.85,10818.7,10832.75,,1,outside,False,False,2019-03-05 09:14:00+05:30,2019-03-05 09:15:00+05:30
2019-03-05 15:15:00+05:30,10989.45,10994.05,10985.15,10985.7,,14,regular,False,False,2019-03-05 15:15:00+05:30,2019-03-05 15:29:00+05:30
2019-03-06 09:00:00+05:30,11024.85,11034.0,11023.9,11034.0,,1,outside,False,False,2019-03-06 09:14:00+05:30,2019-03-06 09:15:00+05:30
2019-03-06 15:15:00+05:30,11049.3,11059.05,11043.2,11049.1,,14,regular,False,False,2019-03-06 15:15:00+05:30,2019-03-06 15:29:00+05:30
2019-03-07 09:00:00+05:30,11077.95,11077.95,11058.45,11067.45,,1,outside,False,False,2019-03-07 09:14:00+05:30,2019-03-07 09:15:00+05:30
2019-03-07 15:15:00+05:30,11055.5,11061.35,11048.8,11053.05,,14,regular,False,False,2019-03-07 15:15:00+05:30,2019-03-07 15:29:00+05:30
2019-03-08 09:00:00+05:30,11038.85,11038.85,11017.65,11017.8,,1,outside,False,False,2019-03-08 09:14:00+05:30,2019-03-08 09:15:00+05:30
2019-03-08 15:15:00+05:30,11036.4,11041.75,11034.4,11036.6,,14,regular,False,False,2019-03-08 15:15:00+05:30,2019-03-08 15:29:00+05:30
2019-03-11 09:00:00+05:30,11068.75,11083.7,11060.9,11081.6,,1,outside,False,False,2019-03-11 09:14:00+05:30,2019-03-11 09:15:00+05:30
2019-03-11 15:15:00+05:30,11168.75,11180.0,11164.8,11175.85,,14,regular,False,False,2019-03-11 15:15:00+05:30,2019-03-11 15:29:00+05:30
2019-03-12 09:00:00+05:30,11231.35,11253.35,11229.95,11253.35,,1,outside,False,False,2019-03-12 09:14:00+05:30,2019-03-12 09:15:00+05:30
2019-03-12 15:15:00+05:30,11301.9,11302.2,11286.0,11290.2,,14,regular,False,False,2019-03-12 15:15:00+05:30,2019-03-12 15:29:00+05:30
2019-03-13 09:00:00+05:30,11326.2,11326.2,11299.3,11299.3,,1,outside,False,False,2019-03-13 09:14:00+05:30,2019-03-13 09:15:00+05:30
2019-03-13 15:15:00+05:30,11338.1,11351.95,11336.95,11342.35,,14,regular,False,False,2019-03-13 15:15:00+05:30,2019-03-13 15:29:00+05:30
2019-03-14 09:00:00+05:30,11382.5,11382.5,11360.25,11364.35,,1,outside,False,False,2019-03-14 09:14:00+05:30,2019-03-14 09:15:00+05:30
2019-03-14 15:15:00+05:30,11343.2,11349.6,11337.35,11346.8,,14,regular,False,False,2019-03-14 15:15:00+05:30,2019-03-14 15:29:00+05:30
2019-03-15 09:00:00+05:30,11376.85,11390.8,11372.2,11390.8,,1,outside,False,False,2019-03-15 09:14:00+05:30,2019-03-15 09:15:00+05:30
2019-03-15 15:15:00+05:30,11409.6,11434.3,11409.6,11431.85,,14,regular,False,False,2019-03-15 15:15:00+05:30,2019-03-15 15:29:00+05:30
2019-03-18 09:00:00+05:30,11473.85,11504.9,11470.65,11504.4,,1,outside,False,False,2019-03-18 09:14:00+05:30,2019-03-18 09:15:00+05:30
2019-03-18 15:15:00+05:30,11468.4,11481.95,11462.15,11479.45,,14,regular,False,False,2019-03-18 15:15:00+05:30,2019-03-18 15:29:00+05:30
2019-03-19 09:00:00+05:30,11500.3,11500.3,11483.05,11483.3,,1,outside,False,False,2019-03-19 09:14:00+05:30,2019-03-19 09:15:00+05:30
2019-03-19 15:15:00+05:30,11539.3,11543.6,11534.75,11539.9,,14,regular,False,False,2019-03-19 15:15:00+05:30,2019-03-19 15:29:00+05:30
2019-03-20 09:00:00+05:30,11551.95,11551.95,11532.15,11533.45,,1,outside,False,False,2019-03-20 09:14:00+05:30,2019-03-20 09:15:00+05:30
2019-03-20 15:15:00+05:30,11518.35,11524.7,11515.25,11516.65,,14,regular,False,False,2019-03-20 15:15:00+05:30,2019-03-20 15:29:00+05:30
2019-03-22 09:00:00+05:30,11545.2,11548.9,11539.55,11544.2,,1,outside,False,False,2019-03-22 09:14:00+05:30,2019-03-22 09:15:00+05:30
2019-03-22 15:15:00+05:30,11462.35,11477.65,11456.85,11462.6,,14,regular,False,False,2019-03-22 15:15:00+05:30,2019-03-22 15:29:00+05:30
2019-03-25 09:00:00+05:30,11383.95,11385.2,11358.95,11362.0,,1,outside,False,False,2019-03-25 09:14:00+05:30,2019-03-25 09:15:00+05:30
2019-03-25 15:15:00+05:30,11354.05,11365.75,11347.35,11350.75,,14,regular,False,False,2019-03-25 15:15:00+05:30,2019-03-25 15:29:00+05:30
2019-03-26 09:00:00+05:30,11375.2,11392.45,11374.25,11390.2,,1,outside,False,False,2019-03-26 09:14:00+05:30,2019-03-26 09:15:00+05:30
2019-03-26 15:15:00+05:30,11487.1,11496.65,11479.2,11493.0,,14,regular,False,False,2019-03-26 15:15:00+05:30,2019-03-26 15:29:00+05:30
2019-03-27 09:00:00+05:30,11531.45,11536.5,11525.4,11526.4,,1,outside,False,False,2019-03-27 09:14:00+05:30,2019-03-27 09:15:00+05:30
2019-03-27 15:15:00+05:30,11443.6,11446.7,11428.1,11433.8,,14,regular,False,False,2019-03-27 15:15:00+05:30,2019-03-27 15:29:00+05:30
2019-03-28 09:00:00+05:30,11463.65,11473.2,11463.55,11468.35,,1,outside,False,False,2019-03-28 09:14:00+05:30,2019-03-28 09:15:00+05:30
2019-03-28 15:15:00+05:30,11573.35,11587.5,11571.2,11581.5,,14,regular,False,False,2019-03-28 15:15:00+05:30,2019-03-28 15:29:00+05:30
2019-03-29 09:00:00+05:30,11625.45,11629.55,11617.9,11617.9,,1,outside,False,False,2019-03-29 09:14:00+05:30,2019-03-29 09:15:00+05:30
2019-03-29 15:15:00+05:30,11622.2,11630.1,11611.1,11611.4,,14,regular,False,False,2019-03-29 15:15:00+05:30,2019-03-29 15:29:00+05:30
2019-04-01 09:00:00+05:30,11665.2,11686.4,11665.2,11678.3,,1,outside,False,False,2019-04-01 09:14:00+05:30,2019-04-01 09:15:00+05:30
2019-04-01 15:15:00+05:30,11659.3,11659.8,11645.3,11655.6,,14,regular,False,False,2019-04-01 15:15:00+05:30,2019-04-01 15:29:00+05:30
2019-04-02 09:00:00+05:30,11711.55,11711.55,11691.45,11692.5,,1,outside,False,False,2019-04-02 09:14:00+05:30,2019-04-02 09:15:00+05:30
2019-04-02 15:15:00+05:30,11711.3,11728.9,11710.95,11724.95,,14,regular,False,False,2019-04-02 15:15:00+05:30,2019-04-02 15:29:00+05:30
2019-04-03 09:00:00+05:30,11735.3,11739.35,11731.95,11739.35,,1,outside,False,False,2019-04-03 09:14:00+05:30,2019-04-03 09:15:00+05:30
2019-04-03 15:15:00+05:30,11643.25,11643.25,11629.7,11637.7,,14,regular,False,False,2019-04-03 15:15:00+05:30,2019-04-03 15:29:00+05:30
2019-04-04 09:00:00+05:30,11660.2,11660.2,11638.6,11641.7,,1,outside,False,False,2019-04-04 09:14:00+05:30,2019-04-04 09:15:00+05:30
2019-04-04 15:15:00+05:30,11591.45,11607.4,11589.9,11604.55,,14,regular,False,False,2019-04-04 15:15:00+05:30,2019-04-04 15:29:00+05:30
2019-04-05 09:00:00+05:30,11638.4,11639.35,11631.8,11632.7,,1,outside,False,False,2019-04-05 09:14:00+05:30,2019-04-05 09:15:00+05:30
2019-04-05 15:15:00+05:30,11659.2,11689.4,11658.1,11684.1,,14,regular,False,False,2019-04-05 15:15:00+05:30,2019-04-05 15:29:00+05:30
2019-04-08 09:00:00+05:30,11704.35,11710.05,11689.95,11690.45,,1,outside,False,False,2019-04-08 09:14:00+05:30,2019-04-08 09:15:00+05:30
2019-04-08 15:15:00+05:30,11608.1,11616.2,11600.4,11600.45,,14,regular,False,False,2019-04-08 15:15:00+05:30,2019-04-08 15:29:00+05:30
2019-04-09 09:00:00+05:30,11612.05,11614.2,11588.8,11590.0,,1,outside,False,False,2019-04-09 09:14:00+05:30,2019-04-09 09:15:00+05:30
2019-04-09 15:15:00+05:30,11677.55,11683.8,11674.4,11677.2,,14,regular,False,False,2019-04-09 15:15:00+05:30,2019-04-09 15:29:00+05:30
2019-04-10 09:00:00+05:30,11646.85,11653.6,11639.45,11653.6,,1,outside,False,False,2019-04-10 09:14:00+05:30,2019-04-10 09:15:00+05:30
2019-04-10 15:15:00+05:30,11577.25,11586.35,11576.0,11582.75,,14,regular,False,False,2019-04-10 15:15:00+05:30,2019-04-10 15:29:00+05:30
2019-04-11 09:00:00+05:30,11592.55,11592.55,11575.55,11578.95,,1,outside,False,False,2019-04-11 09:14:00+05:30,2019-04-11 09:15:00+05:30
2019-04-11 15:15:00+05:30,11595.45,11606.5,11591.75,11603.0,,14,regular,False,False,2019-04-11 15:15:00+05:30,2019-04-11 15:29:00+05:30
2019-04-12 09:00:00+05:30,11612.85,11614.95,11604.15,11612.95,,1,outside,False,False,2019-04-12 09:14:00+05:30,2019-04-12 09:15:00+05:30
2019-04-12 15:15:00+05:30,11645.0,11645.95,11629.0,11631.55,,14,regular,False,False,2019-04-12 15:15:00+05:30,2019-04-12 15:29:00+05:30
2019-04-15 09:00:00+05:30,11667.0,11668.0,11651.8,11666.95,,1,outside,False,False,2019-04-15 09:14:00+05:30,2019-04-15 09:15:00+05:30
2019-04-15 15:15:00+05:30,11684.6,11691.95,11683.45,11687.65,,14,regular,False,False,2019-04-15 15:15:00+05:30,2019-04-15 15:29:00+05:30
2019-04-16 09:00:00+05:30,11736.2,11741.7,11734.0,11735.2,,1,outside,False,False,2019-04-16 09:14:00+05:30,2019-04-16 09:15:00+05:30
2019-04-16 15:15:00+05:30,11783.3,11797.95,11780.7,11795.3,,14,regular,False,False,2019-04-16 15:15:00+05:30,2019-04-16 15:29:00+05:30
2019-04-18 09:00:00+05:30,11856.15,11856.15,11829.0,11831.1,,1,outside,False,False,2019-04-18 09:14:00+05:30,2019-04-18 09:15:00+05:30
2019-04-18 12:15:00+05:30,11749.25,11756.3,11744.9,11751.8,,14,regular,False,False,2019-04-18 12:15:00+05:30,2019-04-18 12:29:00+05:30
2019-04-18 12:30:00+05:30,11754.75,11763.45,11753.25,11758.15,,13,regular,False,False,2019-04-18 12:32:00+05:30,2019-04-18 12:45:00+05:30
2019-04-18 15:15:00+05:30,11755.8,11756.15,11740.7,11746.85,,14,regular,False,False,2019-04-18 15:15:00+05:30,2019-04-18 15:29:00+05:30
2019-04-22 09:00:00+05:30,11727.05,11727.05,11687.95,11689.25,,1,outside,False,False,2019-04-22 09:14:00+05:30,2019-04-22 09:15:00+05:30
2019-04-22 15:15:00+05:30,11592.8,11596.85,11585.35,11591.4,,14,regular,False,False,2019-04-22 15:15:00+05:30,2019-04-22 15:29:00+05:30
2019-04-23 09:00:00+05:30,11612.95,11618.4,11599.3,11600.3,,1,outside,False,False,2019-04-23 09:14:00+05:30,2019-04-23 09:15:00+05:30
2019-04-23 15:15:00+05:30,11582.5,11582.6,11574.15,11579.2,,14,regular,False,False,2019-04-23 15:15:00+05:30,2019-04-23 15:29:00+05:30
2019-04-24 09:00:00+05:30,11601.5,11619.75,11597.65,11617.85,,1,outside,False,False,2019-04-24 09:14:00+05:30,2019-04-24 09:15:00+05:30
2019-04-24 15:15:00+05:30,11728.6,11733.05,11720.8,11724.75,,14,regular,False,False,2019-04-24 15:15:00+05:30,2019-04-24 15:29:00+05:30
2019-04-25 09:00:00+05:30,11735.7,11735.7,11723.8,11726.95,,1,outside,False,False,2019-04-25 09:14:00+05:30,2019-04-25 09:15:00+05:30
2019-04-25 15:15:00+05:30,11635.8,11654.15,11628.1,11651.5,,14,regular,False,False,2019-04-25 15:15:00+05:30,2019-04-25 15:29:00+05:30
2019-04-26 09:00:00+05:30,11683.75,11697.15,11683.75,11688.95,,1,outside,False,False,2019-04-26 09:14:00+05:30,2019-04-26 09:15:00+05:30
2019-04-26 15:15:00+05:30,11752.75,11757.95,11748.0,11748.7,,14,regular,False,False,2019-04-26 15:15:00+05:30,2019-04-26 15:29:00+05:30
2019-04-30 09:00:00+05:30,11748.75,11748.75,11725.85,11733.4,,1,outside,False,False,2019-04-30 09:14:00+05:30,2019-04-30 09:15:00+05:30
2019-04-30 15:15:00+05:30,11747.9,11753.5,11739.1,11739.1,,14,regular,False,False,2019-04-30 15:15:00+05:30,2019-04-30 15:29:00+05:30
2019-05-02 09:00:00+05:30,11725.55,11725.55,11713.8,11723.8,,1,outside,False,False,2019-05-02 09:14:00+05:30,2019-05-02 09:15:00+05:30
2019-05-02 15:15:00+05:30,11723.15,11727.2,11717.75,11718.8,,14,regular,False,False,2019-05-02 15:15:00+05:30,2019-05-02 15:29:00+05:30
2019-05-03 09:00:00+05:30,11722.6,11745.3,11719.7,11744.0,,1,outside,False,False,2019-05-03 09:14:00+05:30,2019-05-03 09:15:00+05:30
2019-05-03 15:15:00+05:30,11706.45,11719.05,11703.0,11709.9,,14,regular,False,False,2019-05-03 15:15:00+05:30,2019-05-03 15:29:00+05:30
2019-05-06 09:00:00+05:30,11605.8,11605.8,11585.85,11596.4,,1,outside,False,False,2019-05-06 09:14:00+05:30,2019-05-06 09:15:00+05:30
2019-05-06 15:15:00+05:30,11597.65,11602.05,11586.7,11592.25,,14,regular,False,False,2019-05-06 15:15:00+05:30,2019-05-06 15:29:00+05:30
2019-05-07 09:00:00+05:30,11651.5,11655.55,11645.95,11647.4,,1,outside,False,False,2019-05-07 09:14:00+05:30,2019-05-07 09:15:00+05:30
2019-05-07 15:15:00+05:30,11495.75,11501.4,11485.5,11495.45,,14,regular,False,False,2019-05-07 15:15:00+05:30,2019-05-07 15:29:00+05:30
2019-05-08 09:00:00+05:30,11478.7,11478.7,11441.55,11443.0,,1,outside,False,False,2019-05-08 09:14:00+05:30,2019-05-08 09:15:00+05:30
2019-05-08 15:15:00+05:30,11355.75,11365.55,11347.6,11361.6,,14,regular,False,False,2019-05-08 15:15:00+05:30,2019-05-08 15:29:00+05:30
2019-05-09 09:00:00+05:30,11322.4,11322.4,11301.8,11308.8,,1,outside,False,False,2019-05-09 09:14:00+05:30,2019-05-09 09:15:00+05:30
2019-05-09 15:15:00+05:30,11302.15,11308.85,11296.85,11297.9,,14,regular,False,False,2019-05-09 15:15:00+05:30,2019-05-09 15:29:00+05:30
2019-05-10 09:00:00+05:30,11314.15,11325.45,11309.85,11324.8,,1,outside,False,False,2019-05-10 09:14:00+05:30,2019-05-10 09:15:00+05:30
2019-05-10 15:15:00+05:30,11283.3,11284.55,11251.9,11256.8,,14,regular,False,False,2019-05-10 15:15:00+05:30,2019-05-10 15:29:00+05:30
2019-05-13 09:00:00+05:30,11258.7,11261.65,11231.95,11245.65,,1,outside,False,False,2019-05-13 09:14:00+05:30,2019-05-13 09:15:00+05:30
2019-05-13 15:15:00+05:30,11142.9,11155.15,11126.15,11154.7,,14,regular,False,False,2019-05-13 15:15:00+05:30,2019-05-13 15:29:00+05:30
2019-05-14 09:00:00+05:30,11151.65,11154.3,11146.2,11153.55,,1,outside,False,False,2019-05-14 09:14:00+05:30,2019-05-14 09:15:00+05:30
2019-05-14 15:15:00+05:30,11243.7,11247.05,11230.9,11239.3,,14,regular,False,False,2019-05-14 15:15:00+05:30,2019-05-14 15:29:00+05:30
2019-05-15 09:00:00+05:30,11271.7,11272.5,11248.25,11253.35,,1,outside,False,False,2019-05-15 09:14:00+05:30,2019-05-15 09:15:00+05:30
2019-05-15 15:15:00+05:30,11149.05,11150.15,11139.75,11142.5,,14,regular,False,False,2019-05-15 15:15:00+05:30,2019-05-15 15:29:00+05:30
2019-05-16 09:00:00+05:30,11180.35,11181.55,11173.9,11179.95,,1,outside,False,False,2019-05-16 09:14:00+05:30,2019-05-16 09:15:00+05:30
2019-05-16 15:15:00+05:30,11266.55,11281.5,11263.5,11275.55,,14,regular,False,False,2019-05-16 15:15:00+05:30,2019-05-16 15:29:00+05:30
2019-05-17 09:00:00+05:30,11261.9,11275.5,11259.85,11275.5,,1,outside,False,False,2019-05-17 09:14:00+05:30,2019-05-17 09:15:00+05:30
2019-05-17 15:15:00+05:30,11399.5,11424.1,11395.95,11417.25,,14,regular,False,False,2019-05-17 15:15:00+05:30,2019-05-17 15:29:00+05:30
2019-05-20 09:00:00+05:30,11651.9,11692.7,11651.55,11686.7,,1,outside,False,False,2019-05-20 09:14:00+05:30,2019-05-20 09:15:00+05:30
2019-05-20 15:15:00+05:30,11822.2,11836.05,11816.1,11832.7,,14,regular,False,False,2019-05-20 15:15:00+05:30,2019-05-20 15:29:00+05:30
2019-05-21 09:00:00+05:30,11863.65,11864.35,11843.3,11844.5,,1,outside,False,False,2019-05-21 09:14:00+05:30,2019-05-21 09:15:00+05:30
2019-05-21 15:15:00+05:30,11714.6,11721.9,11705.75,11712.05,,14,regular,False,False,2019-05-21 15:15:00+05:30,2019-05-21 15:29:00+05:30
2019-05-22 09:00:00+05:30,11727.95,11727.95,11694.5,11694.5,,1,outside,False,False,2019-05-22 09:14:00+05:30,2019-05-22 09:15:00+05:30
2019-05-22 15:15:00+05:30,11738.05,11759.2,11727.3,11755.0,,14,regular,False,False,2019-05-22 15:15:00+05:30,2019-05-22 15:29:00+05:30
2019-05-23 09:00:00+05:30,11901.3,11903.5,11874.4,11897.9,,1,outside,False,False,2019-05-23 09:14:00+05:30,2019-05-23 09:15:00+05:30
2019-05-23 15:15:00+05:30,11618.95,11688.55,11615.0,11682.5,,14,regular,False,False,2019-05-23 15:15:00+05:30,2019-05-23 15:29:00+05:30
2019-05-24 09:00:00+05:30,11748.0,11750.3,11728.3,11744.6,,1,outside,False,False,2019-05-24 09:14:00+05:30,2019-05-24 09:15:00+05:30
2019-05-24 15:15:00+05:30,11846.1,11850.7,11837.15,11845.3,,14,regular,False,False,2019-05-24 15:15:00+05:30,2019-05-24 15:29:00+05:30
2019-05-27 09:00:00+05:30,11855.5,11855.5,11816.85,11817.75,,1,outside,False,False,2019-05-27 09:14:00+05:30,2019-05-27 09:15:00+05:30
2019-05-27 15:15:00+05:30,11923.0,11925.0,11909.6,11920.5,,14,regular,False,False,2019-05-27 15:15:00+05:30,2019-05-27 15:29:00+05:30
2019-05-28 09:00:00+05:30,11958.35,11958.35,11926.65,11927.2,,1,outside,False,False,2019-05-28 09:14:00+05:30,2019-05-28 09:15:00+05:30
2019-05-28 15:15:00+05:30,11924.25,11946.6,11915.35,11941.2,,14,regular,False,False,2019-05-28 15:15:00+05:30,2019-05-28 15:29:00+05:30
2019-05-29 09:00:00+05:30,11905.8,11919.55,11905.8,11912.45,,1,outside,False,False,2019-05-29 09:14:00+05:30,2019-05-29 09:15:00+05:30
2019-05-29 15:15:00+05:30,11863.3,11868.85,11854.45,11861.95,,14,regular,False,False,2019-05-29 15:15:00+05:30,2019-05-29 15:29:00+05:30
2019-05-30 09:00:00+05:30,11865.3,11870.55,11862.35,11870.55,,1,outside,False,False,2019-05-30 09:14:00+05:30,2019-05-30 09:15:00+05:30
2019-05-30 15:15:00+05:30,11944.4,11949.85,11941.05,11944.4,,14,regular,False,False,2019-05-30 15:15:00+05:30,2019-05-30 15:29:00+05:30
2019-05-31 09:00:00+05:30,11999.8,11999.8,11986.5,11991.8,,1,outside,False,False,2019-05-31 09:14:00+05:30,2019-05-31 09:15:00+05:30
2019-05-31 15:15:00+05:30,11928.3,11937.8,11918.25,11918.25,,14,regular,False,False,2019-05-31 15:15:00+05:30,2019-05-31 15:29:00+05:30
2019-06-03 09:00:00+05:30,11953.75,11953.75,11943.55,11944.95,,1,outside,False,False,2019-06-03 09:14:00+05:30,2019-06-03 09:15:00+05:30
2019-06-03 15:15:00+05:30,12091.6,12102.05,12090.5,12092.35,,14,regular,False,False,2019-06-03 15:15:00+05:30,2019-06-03 15:29:00+05:30
2019-06-04 09:00:00+05:30,12052.65,12057.05,12048.2,12049.05,,1,outside,False,False,2019-06-04 09:14:00+05:30,2019-06-04 09:15:00+05:30
2019-06-04 15:15:00+05:30,12016.5,12039.3,12014.65,12036.2,,14,regular,False,False,2019-06-04 15:15:00+05:30,2019-06-04 15:29:00+05:30
2019-06-06 09:00:00+05:30,12039.8,12039.8,12012.45,12013.0,,1,outside,False,False,2019-06-06 09:14:00+05:30,2019-06-06 09:15:00+05:30
2019-06-06 15:15:00+05:30,11847.3,11850.9,11840.25,11848.5,,14,regular,False,False,2019-06-06 15:15:00+05:30,2019-06-06 15:29:00+05:30
2019-06-07 09:00:00+05:30,11865.2,11868.4,11842.95,11844.4,,1,outside,False,False,2019-06-07 09:14:00+05:30,2019-06-07 09:15:00+05:30
2019-06-07 15:15:00+05:30,11856.85,11864.5,11855.1,11863.75,,14,regular,False,False,2019-06-07 15:15:00+05:30,2019-06-07 15:29:00+05:30
2019-06-10 09:00:00+05:30,11934.9,11959.25,11929.3,11958.25,,1,outside,False,False,2019-06-10 09:14:00+05:30,2019-06-10 09:15:00+05:30
2019-06-10 15:15:00+05:30,11917.15,11936.15,11917.15,11928.3,,14,regular,False,False,2019-06-10 15:15:00+05:30,2019-06-10 15:29:00+05:30
2019-06-11 09:00:00+05:30,11959.85,11959.85,11950.8,11955.85,,1,outside,False,False,2019-06-11 09:14:00+05:30,2019-06-11 09:15:00+05:30
2019-06-11 15:15:00+05:30,11966.15,11970.85,11959.5,11962.85,,14,regular,False,False,2019-06-11 15:15:00+05:30,2019-06-11 15:29:00+05:30
2019-06-12 09:00:00+05:30,11962.45,11962.45,11919.85,11921.35,,1,outside,False,False,2019-06-12 09:14:00+05:30,2019-06-12 09:15:00+05:30
2019-06-12 15:15:00+05:30,11908.0,11921.7,11904.45,11917.3,,14,regular,False,False,2019-06-12 15:15:00+05:30,2019-06-12 15:29:00+05:30
2019-06-13 09:00:00+05:30,11873.9,11877.35,11870.15,11876.0,,1,outside,False,False,2019-06-13 09:14:00+05:30,2019-06-13 09:15:00+05:30
2019-06-13 15:15:00+05:30,11915.8,11915.95,11902.75,11905.55,,14,regular,False,False,2019-06-13 15:15:00+05:30,2019-06-13 15:29:00+05:30
2019-06-14 09:00:00+05:30,11910.1,11910.7,11895.55,11910.05,,1,outside,False,False,2019-06-14 09:14:00+05:30,2019-06-14 09:15:00+05:30
2019-06-14 15:15:00+05:30,11803.3,11818.2,11798.9,11810.85,,14,regular,False,False,2019-06-14 15:15:00+05:30,2019-06-14 15:29:00+05:30
2019-06-17 09:00:00+05:30,11844.0,11844.0,11795.45,11796.9,,1,outside,False,False,2019-06-17 09:14:00+05:30,2019-06-17 09:15:00+05:30
2019-06-17 15:15:00+05:30,11661.15,11677.75,11658.65,11674.0,,14,regular,False,False,2019-06-17 15:15:00+05:30,2019-06-17 15:29:00+05:30
2019-06-18 09:00:00+05:30,11677.05,11693.05,11677.05,11692.25,,1,outside,False,False,2019-06-18 09:14:00+05:30,2019-06-18 09:15:00+05:30
2019-06-18 15:15:00+05:30,11706.2,11706.2,11697.15,11700.8,,14,regular,False,False,2019-06-18 15:15:00+05:30,2019-06-18 15:29:00+05:30
2019-06-19 09:00:00+05:30,11744.45,11764.9,11741.95,11758.55,,1,outside,False,False,2019-06-19 09:14:00+05:30,2019-06-19 09:15:00+05:30
2019-06-19 15:15:00+05:30,11690.25,11713.2,11688.4,11706.8,,14,regular,False,False,2019-06-19 15:15:00+05:30,2019-06-19 15:29:00+05:30
2019-06-20 09:00:00+05:30,11653.65,11665.1,11645.15,11650.4,,1,outside,False,False,2019-06-20 09:14:00+05:30,2019-06-20 09:15:00+05:30
2019-06-20 15:15:00+05:30,11839.4,11843.0,11831.15,11841.9,,14,regular,False,False,2019-06-20 15:15:00+05:30,2019-06-20 15:29:00+05:30
2019-06-21 09:00:00+05:30,11827.6,11827.6,11791.25,11791.25,,1,outside,False,False,2019-06-21 09:14:00+05:30,2019-06-21 09:15:00+05:30
2019-06-21 15:15:00+05:30,11729.0,11735.0,11716.85,11732.95,,14,regular,False,False,2019-06-21 15:15:00+05:30,2019-06-21 15:29:00+05:30
2019-06-24 09:00:00+05:30,11725.8,11742.3,11725.75,11739.6,,1,outside,False,False,2019-06-24 09:14:00+05:30,2019-06-24 09:15:00+05:30
2019-06-24 15:15:00+05:30,11693.9,11710.25,11693.2,11702.7,,14,regular,False,False,2019-06-24 15:15:00+05:30,2019-06-24 15:29:00+05:30
2019-06-25 09:00:00+05:30,11681.0,11685.7,11652.75,11653.95,,1,outside,False,False,2019-06-25 09:14:00+05:30,2019-06-25 09:15:00+05:30
2019-06-25 15:15:00+05:30,11790.9,11792.95,11774.35,11776.9,,14,regular,False,False,2019-06-25 15:15:00+05:30,2019-06-25 15:29:00+05:30
2019-06-26 09:00:00+05:30,11768.15,11770.15,11758.45,11769.65,,1,outside,False,False,2019-06-26 09:14:00+05:30,2019-06-26 09:15:00+05:30
2019-06-26 15:15:00+05:30,11845.3,11847.55,11839.4,11840.1,,14,regular,False,False,2019-06-26 15:15:00+05:30,2019-06-26 15:29:00+05:30
2019-06-27 09:00:00+05:30,11860.85,11874.8,11860.85,11870.1,,1,outside,False,False,2019-06-27 09:14:00+05:30,2019-06-27 09:15:00+05:30
2019-06-27 15:15:00+05:30,11840.8,11848.45,11839.95,11843.75,,14,regular,False,False,2019-06-27 15:15:00+05:30,2019-06-27 15:29:00+05:30
2019-06-28 09:00:00+05:30,11861.15,11869.0,11859.6,11869.0,,1,outside,False,False,2019-06-28 09:14:00+05:30,2019-06-28 09:15:00+05:30
2019-06-28 15:15:00+05:30,11787.35,11797.9,11784.1,11793.9,,14,regular,False,False,2019-06-28 15:15:00+05:30,2019-06-28 15:29:00+05:30
2019-07-01 09:00:00+05:30,11839.9,11851.65,11839.9,11849.25,,1,outside,False,False,2019-07-01 09:14:00+05:30,2019-07-01 09:15:00+05:30
2019-07-01 15:15:00+05:30,11865.3,11867.55,11860.85,11864.55,,14,regular,False,False,2019-07-01 15:15:00+05:30,2019-07-01 15:29:00+05:30
2019-07-02 09:00:00+05:30,11890.3,11890.55,11870.05,11870.95,,1,outside,False,False,2019-07-02 09:14:00+05:30,2019-07-02 09:15:00+05:30
2019-07-02 15:15:00+05:30,11914.55,11915.55,11907.5,11907.5,,14,regular,False,False,2019-07-02 15:15:00+05:30,2019-07-02 15:29:00+05:30
2019-07-03 09:00:00+05:30,11932.15,11932.15,11905.3,11906.65,,1,outside,False,False,2019-07-03 09:14:00+05:30,2019-07-03 09:15:00+05:30
2019-07-03 15:15:00+05:30,11913.55,11921.2,11912.25,11913.55,,14,regular,False,False,2019-07-03 15:15:00+05:30,2019-07-03 15:29:00+05:30
2019-07-04 09:00:00+05:30,11928.8,11939.65,11924.3,11938.45,,1,outside,False,False,2019-07-04 09:14:00+05:30,2019-07-04 09:15:00+05:30
2019-07-04 15:15:00+05:30,11942.1,11945.8,11937.65,11938.3,,14,regular,False,False,2019-07-04 15:15:00+05:30,2019-07-04 15:29:00+05:30
2019-07-05 09:00:00+05:30,11964.75,11972.7,11961.0,11970.95,,1,outside,False,False,2019-07-05 09:14:00+05:30,2019-07-05 09:15:00+05:30
2019-07-05 15:15:00+05:30,11812.45,11813.4,11798.5,11802.05,,14,regular,False,False,2019-07-05 15:15:00+05:30,2019-07-05 15:29:00+05:30
2019-07-08 09:00:00+05:30,11770.4,11770.4,11713.3,11714.45,,1,outside,False,False,2019-07-08 09:14:00+05:30,2019-07-08 09:15:00+05:30
2019-07-08 15:15:00+05:30,11562.55,11569.95,11559.25,11564.0,,14,regular,False,False,2019-07-08 15:15:00+05:30,2019-07-08 15:29:00+05:30
2019-07-09 09:00:00+05:30,11531.6,11531.6,11493.1,11494.0,,1,outside,False,False,2019-07-09 09:14:00+05:30,2019-07-09 09:15:00+05:30
2019-07-09 15:15:00+05:30,11562.5,11562.5,11549.7,11552.7,,14,regular,False,False,2019-07-09 15:15:00+05:30,2019-07-09 15:29:00+05:30
2019-07-10 09:00:00+05:30,11536.15,11537.95,11517.2,11537.95,,1,outside,False,False,2019-07-10 09:14:00+05:30,2019-07-10 09:15:00+05:30
2019-07-10 15:15:00+05:30,11490.85,11499.45,11485.75,11494.0,,14,regular,False,False,2019-07-10 15:15:00+05:30,2019-07-10 15:29:00+05:30
2019-07-11 09:00:00+05:30,11561.45,11561.45,11549.8,11552.0,,1,outside,False,False,2019-07-11 09:14:00+05:30,2019-07-11 09:15:00+05:30
2019-07-11 15:15:00+05:30,11585.95,11587.95,11572.9,11575.6,,14,regular,False,False,2019-07-11 15:15:00+05:30,2019-07-11 15:29:00+05:30
2019-07-12 09:00:00+05:30,11601.15,11608.3,11598.55,11605.35,,1,outside,False,False,2019-07-12 09:14:00+05:30,2019-07-12 09:15:00+05:30
2019-07-12 15:15:00+05:30,11547.0,11560.15,11542.75,11547.65,,14,regular,False,False,2019-07-12 15:15:00+05:30,2019-07-12 15:29:00+05:30
2019-07-15 09:00:00+05:30,11614.75,11617.3,11577.5,11577.5,,1,outside,False,False,2019-07-15 09:14:00+05:30,2019-07-15 09:15:00+05:30
2019-07-15 15:15:00+05:30,11589.2,11593.85,11587.0,11587.65,,14,regular,False,False,2019-07-15 15:15:00+05:30,2019-07-15 15:29:00+05:30
2019-07-16 09:00:00+05:30,11596.65,11598.55,11581.4,11581.75,,1,outside,False,False,2019-07-16 09:14:00+05:30,2019-07-16 09:15:00+05:30
2019-07-16 15:15:00+05:30,11666.95,11668.0,11656.75,11661.05,,14,regular,False,False,2019-07-16 15:15:00+05:30,2019-07-16 15:29:00+05:30
2019-07-17 09:00:00+05:30,11670.75,11671.2,11659.9,11663.0,,1,outside,False,False,2019-07-17 09:14:00+05:30,2019-07-17 09:15:00+05:30
2019-07-17 15:15:00+05:30,11688.75,11691.1,11682.85,11686.25,,14,regular,False,False,2019-07-17 15:15:00+05:30,2019-07-17 15:29:00+05:30
2019-07-18 09:00:00+05:30,11675.6,11675.6,11662.0,11662.1,,1,outside,False,False,2019-07-18 09:14:00+05:30,2019-07-18 09:15:00+05:30
2019-07-18 15:15:00+05:30,11591.65,11603.15,11582.4,11600.85,,14,regular,False,False,2019-07-18 15:15:00+05:30,2019-07-18 15:29:00+05:30
2019-07-19 09:00:00+05:30,11627.95,11639.6,11627.95,11638.95,,1,outside,False,False,2019-07-19 09:14:00+05:30,2019-07-19 09:15:00+05:30
2019-07-19 15:15:00+05:30,11417.85,11438.15,11415.55,11437.15,,14,regular,False,False,2019-07-19 15:15:00+05:30,2019-07-19 15:29:00+05:30
2019-07-22 09:00:00+05:30,11392.85,11392.85,11370.15,11370.15,,1,outside,False,False,2019-07-22 09:14:00+05:30,2019-07-22 09:15:00+05:30
2019-07-22 15:15:00+05:30,11351.1,11351.65,11335.65,11336.0,,14,regular,False,False,2019-07-22 15:15:00+05:30,2019-07-22 15:29:00+05:30
2019-07-23 09:00:00+05:30,11372.25,11372.25,11341.75,11346.8,,1,outside,False,False,2019-07-23 09:14:00+05:30,2019-07-23 09:15:00+05:30
2019-07-23 15:15:00+05:30,11326.8,11337.6,11324.05,11328.45,,14,regular,False,False,2019-07-23 15:15:00+05:30,2019-07-23 15:29:00+05:30
2019-07-24 09:00:00+05:30,11322.45,11342.4,11318.7,11341.05,,1,outside,False,False,2019-07-24 09:14:00+05:30,2019-07-24 09:15:00+05:30
2019-07-24 15:15:00+05:30,11268.35,11277.45,11265.0,11268.3,,14,regular,False,False,2019-07-24 15:15:00+05:30,2019-07-24 15:29:00+05:30
2019-07-25 09:00:00+05:30,11290.4,11298.1,11285.95,11292.45,,1,outside,False,False,2019-07-25 09:14:00+05:30,2019-07-25 09:15:00+05:30
2019-07-25 15:15:00+05:30,11253.6,11263.8,11250.5,11261.75,,14,regular,False,False,2019-07-25 15:15:00+05:30,2019-07-25 15:29:00+05:30
2019-07-26 09:00:00+05:30,11247.45,11251.15,11243.45,11250.95,,1,outside,False,False,2019-07-26 09:14:00+05:30,2019-07-26 09:15:00+05:30
2019-07-26 15:15:00+05:30,11284.85,11298.35,11282.95,11297.7,,14,regular,False,False,2019-07-26 15:15:00+05:30,2019-07-26 15:29:00+05:30
2019-07-29 09:00:00+05:30,11307.5,11307.5,11279.8,11284.5,,1,outside,False,False,2019-07-29 09:14:00+05:30,2019-07-29 09:15:00+05:30
2019-07-29 15:15:00+05:30,11187.05,11196.15,11182.85,11192.15,,14,regular,False,False,2019-07-29 15:15:00+05:30,2019-07-29 15:29:00+05:30
2019-07-30 09:00:00+05:30,11213.7,11217.3,11199.8,11200.85,,1,outside,False,False,2019-07-30 09:14:00+05:30,2019-07-30 09:15:00+05:30
2019-07-30 15:15:00+05:30,11078.7,11090.8,11073.45,11080.6,,14,regular,False,False,2019-07-30 15:15:00+05:30,2019-07-30 15:29:00+05:30
2019-07-31 09:00:00+05:30,11034.05,11046.4,11015.8,11046.4,,1,outside,False,False,2019-07-31 09:14:00+05:30,2019-07-31 09:15:00+05:30
2019-07-31 15:15:00+05:30,11126.85,11128.75,11108.85,11113.8,,14,regular,False,False,2019-07-31 15:15:00+05:30,2019-07-31 15:29:00+05:30
2019-08-01 09:00:00+05:30,11060.2,11060.65,11048.9,11059.75,,1,outside,False,False,2019-08-01 09:14:00+05:30,2019-08-01 09:15:00+05:30
2019-08-01 15:15:00+05:30,10995.5,10996.05,10985.1,10991.3,,14,regular,False,False,2019-08-01 15:15:00+05:30,2019-08-01 15:29:00+05:30
2019-08-02 09:00:00+05:30,10930.3,10933.45,10910.0,10911.75,,1,outside,False,False,2019-08-02 09:14:00+05:30,2019-08-02 09:15:00+05:30
2019-08-02 13:45:00+05:30,10993.55,11040.3,10992.6,11019.65,,14,regular,False,False,2019-08-02 13:45:00+05:30,2019-08-02 14:00:00+05:30
2019-08-02 15:15:00+05:30,11008.15,11008.15,10990.45,11000.35,,14,regular,False,False,2019-08-02 15:15:00+05:30,2019-08-02 15:29:00+05:30
2019-08-05 09:00:00+05:30,10895.8,10895.8,10839.2,10857.5,,1,outside,False,False,2019-08-05 09:14:00+05:30,2019-08-05 09:15:00+05:30
2019-08-05 15:15:00+05:30,10859.2,10875.1,10856.65,10858.65,,14,regular,False,False,2019-08-05 15:15:00+05:30,2019-08-05 15:29:00+05:30
2019-08-06 09:00:00+05:30,10815.4,10857.9,10815.4,10857.9,,1,outside,False,False,2019-08-06 09:14:00+05:30,2019-08-06 09:15:00+05:30
2019-08-06 15:15:00+05:30,10951.4,10952.45,10927.7,10931.4,,14,regular,False,False,2019-08-06 15:15:00+05:30,2019-08-06 15:29:00+05:30
2019-08-07 09:00:00+05:30,10958.1,10958.1,10927.25,10942.05,,1,outside,False,False,2019-08-07 09:14:00+05:30,2019-08-07 09:15:00+05:30
2019-08-07 15:15:00+05:30,10856.35,10856.35,10836.6,10838.75,,14,regular,False,False,2019-08-07 15:15:00+05:30,2019-08-07 15:29:00+05:30
2019-08-08 09:00:00+05:30,10899.2,10909.75,10892.6,10904.9,,1,outside,False,False,2019-08-08 09:14:00+05:30,2019-08-08 09:15:00+05:30
2019-08-08 15:15:00+05:30,11025.5,11057.65,11025.5,11048.0,,14,regular,False,False,2019-08-08 15:15:00+05:30,2019-08-08 15:29:00+05:30
2019-08-09 09:00:00+05:30,11087.9,11088.1,11076.9,11079.35,,1,outside,False,False,2019-08-09 09:14:00+05:30,2019-08-09 09:15:00+05:30
2019-08-09 15:15:00+05:30,11108.2,11114.35,11104.6,11111.05,,14,regular,False,False,2019-08-09 15:15:00+05:30,2019-08-09 15:29:00+05:30
2019-08-13 09:00:00+05:30,11139.4,11144.2,11075.2,11080.35,,1,outside,False,False,2019-08-13 09:14:00+05:30,2019-08-13 09:15:00+05:30
2019-08-13 15:15:00+05:30,10932.8,10932.8,10904.8,10922.35,,14,regular,False,False,2019-08-13 15:15:00+05:30,2019-08-13 15:29:00+05:30
2019-08-14 09:00:00+05:30,11003.25,11003.25,10974.6,10977.4,,1,outside,False,False,2019-08-14 09:14:00+05:30,2019-08-14 09:15:00+05:30
2019-08-14 15:15:00+05:30,11035.7,11036.0,11009.2,11013.9,,14,regular,False,False,2019-08-14 15:15:00+05:30,2019-08-14 15:29:00+05:30
2019-08-16 09:00:00+05:30,11043.65,11043.65,10960.35,10960.35,,1,outside,False,False,2019-08-16 09:14:00+05:30,2019-08-16 09:15:00+05:30
2019-08-16 15:15:00+05:30,11049.75,11054.2,11040.45,11042.5,,14,regular,False,False,2019-08-16 15:15:00+05:30,2019-08-16 15:29:00+05:30
2019-08-19 09:00:00+05:30,11094.8,11100.75,11092.7,11099.9,,1,outside,False,False,2019-08-19 09:14:00+05:30,2019-08-19 09:15:00+05:30
2019-08-19 15:15:00+05:30,11055.05,11059.0,11045.45,11055.1,,14,regular,False,False,2019-08-19 15:15:00+05:30,2019-08-19 15:29:00+05:30
2019-08-20 09:00:00+05:30,11063.9,11066.2,11047.55,11052.45,,1,outside,False,False,2019-08-20 09:14:00+05:30,2019-08-20 09:15:00+05:30
2019-08-20 15:15:00+05:30,11017.45,11030.0,11011.65,11023.55,,14,regular,False,False,2019-08-20 15:15:00+05:30,2019-08-20 15:29:00+05:30
2019-08-21 09:00:00+05:30,11018.15,11018.15,11005.0,11006.65,,1,outside,False,False,2019-08-21 09:14:00+05:30,2019-08-21 09:15:00+05:30
2019-08-21 15:15:00+05:30,10915.85,10922.6,10911.5,10919.15,,14,regular,False,False,2019-08-21 15:15:00+05:30,2019-08-21 15:29:00+05:30
2019-08-22 09:00:00+05:30,10905.3,10906.65,10898.45,10898.95,,1,outside,False,False,2019-08-22 09:14:00+05:30,2019-08-22 09:15:00+05:30
2019-08-22 15:15:00+05:30,10751.4,10751.4,10718.95,10736.4,,14,regular,False,False,2019-08-22 15:15:00+05:30,2019-08-22 15:29:00+05:30
2019-08-23 09:00:00+05:30,10699.6,10699.6,10670.0,10671.7,,1,outside,False,False,2019-08-23 09:14:00+05:30,2019-08-23 09:15:00+05:30
2019-08-23 15:15:00+05:30,10826.3,10842.6,10821.4,10841.75,,14,regular,False,False,2019-08-23 15:15:00+05:30,2019-08-23 15:29:00+05:30
2019-08-26 09:00:00+05:30,11000.3,11000.3,10925.2,10925.2,,1,outside,False,False,2019-08-26 09:14:00+05:30,2019-08-26 09:15:00+05:30
2019-08-26 15:15:00+05:30,11057.2,11068.9,11049.65,11057.85,,14,regular,False,False,2019-08-26 15:15:00+05:30,2019-08-26 15:29:00+05:30
2019-08-27 09:00:00+05:30,11106.55,11107.2,11096.05,11102.75,,1,outside,False,False,2019-08-27 09:14:00+05:30,2019-08-27 09:15:00+05:30
2019-08-27 15:15:00+05:30,11107.15,11122.4,11105.1,11115.55,,14,regular,False,False,2019-08-27 15:15:00+05:30,2019-08-27 15:29:00+05:30
2019-08-28 09:00:00+05:30,11101.3,11101.3,11083.95,11090.6,,1,outside,False,False,2019-08-28 09:14:00+05:30,2019-08-28 09:15:00+05:30
2019-08-28 15:15:00+05:30,11043.45,11052.15,11035.55,11043.85,,14,regular,False,False,2019-08-28 15:15:00+05:30,2019-08-28 15:29:00+05:30
2019-08-29 09:00:00+05:30,10996.05,11005.8,10994.55,11001.5,,1,outside,False,False,2019-08-29 09:14:00+05:30,2019-08-29 09:15:00+05:30
2019-08-29 15:15:00+05:30,10943.55,10966.1,10943.2,10961.4,,14,regular,False,False,2019-08-29 15:15:00+05:30,2019-08-29 15:29:00+05:30
2019-08-30 09:00:00+05:30,10987.8,10996.35,10986.0,10995.6,,1,outside,False,False,2019-08-30 09:14:00+05:30,2019-08-30 09:15:00+05:30
2019-08-30 15:15:00+05:30,11021.05,11042.35,11021.05,11033.85,,14,regular,False,False,2019-08-30 15:15:00+05:30,2019-08-30 15:29:00+05:30
2019-09-03 09:00:00+05:30,10960.95,10960.95,10917.9,10923.4,,1,outside,False,False,2019-09-03 09:14:00+05:30,2019-09-03 09:15:00+05:30
2019-09-03 15:15:00+05:30,10803.8,10803.8,10773.25,10775.85,,14,regular,False,False,2019-09-03 15:15:00+05:30,2019-09-03 15:29:00+05:30
2019-09-04 09:00:00+05:30,10790.4,10800.5,10783.7,10799.25,,1,outside,False,False,2019-09-04 09:14:00+05:30,2019-09-04 09:15:00+05:30
2019-09-04 15:15:00+05:30,10847.8,10847.8,10832.15,10836.85,,14,regular,False,False,2019-09-04 15:15:00+05:30,2019-09-04 15:29:00+05:30
2019-09-05 09:00:00+05:30,10860.95,10884.1,10860.95,10883.1,,1,outside,False,False,2019-09-05 09:14:00+05:30,2019-09-05 09:15:00+05:30
2019-09-05 15:15:00+05:30,10850.65,10855.05,10839.55,10840.7,,14,regular,False,False,2019-09-05 15:15:00+05:30,2019-09-05 15:29:00+05:30
2019-09-06 09:00:00+05:30,10883.8,10894.9,10880.55,10891.25,,1,outside,False,False,2019-09-06 09:14:00+05:30,2019-09-06 09:15:00+05:30
2019-09-06 15:15:00+05:30,10947.9,10951.75,10937.45,10941.0,,14,regular,False,False,2019-09-06 15:15:00+05:30,2019-09-06 15:29:00+05:30
2019-09-09 09:00:00+05:30,10936.7,10936.7,10891.85,10895.45,,1,outside,False,False,2019-09-09 09:14:00+05:30,2019-09-09 09:15:00+05:30
2019-09-09 15:15:00+05:30,11003.75,11007.15,11001.6,11004.3,,14,regular,False,False,2019-09-09 15:15:00+05:30,2019-09-09 15:29:00+05:30
2019-09-11 09:00:00+05:30,11028.5,11034.0,11021.15,11033.65,,1,outside,False,False,2019-09-11 09:14:00+05:30,2019-09-11 09:15:00+05:30
2019-09-11 15:15:00+05:30,11035.75,11036.4,11017.65,11018.95,,14,regular,False,False,2019-09-11 15:15:00+05:30,2019-09-11 15:29:00+05:30
2019-09-12 09:00:00+05:30,11058.3,11066.1,11053.45,11065.6,,1,outside,False,False,2019-09-12 09:14:00+05:30,2019-09-12 09:15:00+05:30
2019-09-12 15:15:00+05:30,10976.4,10985.7,10972.15,10981.05,,14,regular,False,False,2019-09-12 15:15:00+05:30,2019-09-12 15:29:00+05:30
2019-09-13 09:00:00+05:30,10986.8,10987.75,10975.55,10975.65,,1,outside,False,False,2019-09-13 09:14:00+05:30,2019-09-13 09:15:00+05:30
2019-09-13 15:15:00+05:30,11076.85,11084.3,11075.85,11081.35,,14,regular,False,False,2019-09-13 15:15:00+05:30,2019-09-13 15:29:00+05:30
2019-09-16 09:00:00+05:30,10994.85,11020.35,10991.85,11019.65,,1,outside,False,False,2019-09-16 09:14:00+05:30,2019-09-16 09:15:00+05:30
2019-09-16 15:15:00+05:30,11002.7,11005.45,10993.1,10993.1,,14,regular,False,False,2019-09-16 15:15:00+05:30,2019-09-16 15:29:00+05:30
2019-09-17 09:00:00+05:30,11000.1,11000.1,10975.8,10978.4,,1,outside,False,False,2019-09-17 09:14:00+05:30,2019-09-17 09:15:00+05:30
2019-09-17 15:15:00+05:30,10810.15,10828.5,10804.45,10826.9,,14,regular,False,False,2019-09-17 15:15:00+05:30,2019-09-17 15:29:00+05:30
2019-09-18 09:00:00+05:30,10872.8,10883.65,10872.8,10877.8,,1,outside,False,False,2019-09-18 09:14:00+05:30,2019-09-18 09:15:00+05:30
2019-09-18 13:30:00+05:30,10855.45,10859.25,10825.2,10835.05,,14,regular,False,False,2019-09-18 13:30:00+05:30,2019-09-18 13:45:00+05:30
2019-09-18 15:15:00+05:30,10827.2,10849.8,10824.8,10848.65,,14,regular,False,False,2019-09-18 15:15:00+05:30,2019-09-18 15:29:00+05:30
2019-09-19 09:00:00+05:30,10845.2,10845.2,10813.45,10818.0,,1,outside,False,False,2019-09-19 09:14:00+05:30,2019-09-19 09:15:00+05:30
2019-09-19 15:15:00+05:30,10710.25,10713.3,10694.3,10696.75,,14,regular,False,False,2019-09-19 15:15:00+05:30,2019-09-19 15:29:00+05:30
2019-09-20 09:00:00+05:30,10746.8,10746.8,10713.75,10713.75,,1,outside,False,False,2019-09-20 09:14:00+05:30,2019-09-20 09:15:00+05:30
2019-09-20 15:15:00+05:30,11278.15,11282.05,11259.75,11275.45,,14,regular,False,False,2019-09-20 15:15:00+05:30,2019-09-20 15:29:00+05:30
2019-09-23 09:00:00+05:30,11542.7,11661.5,11542.7,11657.2,,1,outside,False,False,2019-09-23 09:14:00+05:30,2019-09-23 09:15:00+05:30
2019-09-23 15:00:00+05:30,11622.75,11622.75,11594.1,11607.3,,14,regular,False,False,2019-09-23 15:00:00+05:30,2019-09-23 15:14:00+05:30
2019-09-23 15:15:00+05:30,11590.35,11603.3,11582.15,11595.5,,1,regular,False,False,2019-09-23 15:28:00+05:30,2019-09-23 15:29:00+05:30
2019-09-24 09:00:00+05:30,11590.7,11613.85,11590.7,11602.8,,1,outside,False,False,2019-09-24 09:14:00+05:30,2019-09-24 09:15:00+05:30
2019-09-24 15:15:00+05:30,11576.95,11594.3,11572.5,11588.3,,14,regular,False,False,2019-09-24 15:15:00+05:30,2019-09-24 15:29:00+05:30
2019-09-25 09:00:00+05:30,11564.85,11564.85,11529.35,11531.8,,1,outside,False,False,2019-09-25 09:14:00+05:30,2019-09-25 09:15:00+05:30
2019-09-25 15:15:00+05:30,11450.8,11456.15,11431.2,11431.2,,14,regular,False,False,2019-09-25 15:15:00+05:30,2019-09-25 15:29:00+05:30
2019-09-26 09:00:00+05:30,11469.85,11491.1,11469.85,11488.3,,1,outside,False,False,2019-09-26 09:14:00+05:30,2019-09-26 09:15:00+05:30
2019-09-26 15:15:00+05:30,11565.4,11585.7,11564.8,11580.0,,14,regular,False,False,2019-09-26 15:15:00+05:30,2019-09-26 15:29:00+05:30
2019-09-27 09:00:00+05:30,11556.35,11556.45,11528.05,11530.95,,1,outside,False,False,2019-09-27 09:14:00+05:30,2019-09-27 09:15:00+05:30
2019-09-27 15:15:00+05:30,11511.4,11517.45,11506.25,11512.5,,14,regular,False,False,2019-09-27 15:15:00+05:30,2019-09-27 15:29:00+05:30
2019-09-30 09:00:00+05:30,11491.15,11495.65,11477.55,11487.7,,1,outside,False,False,2019-09-30 09:14:00+05:30,2019-09-30 09:15:00+05:30
2019-09-30 15:15:00+05:30,11471.0,11485.05,11470.85,11478.1,,14,regular,False,False,2019-09-30 15:15:00+05:30,2019-09-30 15:29:00+05:30
2019-10-01 09:00:00+05:30,11515.4,11545.95,11515.4,11545.95,,1,outside,False,False,2019-10-01 09:14:00+05:30,2019-10-01 09:15:00+05:30
2019-10-01 15:15:00+05:30,11349.65,11373.25,11348.85,11367.35,,14,regular,False,False,2019-10-01 15:15:00+05:30,2019-10-01 15:29:00+05:30
2019-10-03 09:00:00+05:30,11322.25,11322.25,11258.05,11275.05,,1,outside,False,False,2019-10-03 09:14:00+05:30,2019-10-03 09:15:00+05:30
2019-10-03 15:15:00+05:30,11310.95,11322.7,11309.55,11313.1,,14,regular,False,False,2019-10-03 15:15:00+05:30,2019-10-03 15:29:00+05:30
2019-10-04 09:00:00+05:30,11388.45,11399.9,11375.95,11377.3,,1,outside,False,False,2019-10-04 09:14:00+05:30,2019-10-04 09:15:00+05:30
2019-10-04 15:15:00+05:30,11169.45,11174.25,11158.5,11163.85,,14,regular,False,False,2019-10-04 15:15:00+05:30,2019-10-04 15:29:00+05:30
2019-10-07 09:00:00+05:30,11196.2,11196.2,11168.3,11170.25,,1,outside,False,False,2019-10-07 09:14:00+05:30,2019-10-07 09:15:00+05:30
2019-10-07 15:15:00+05:30,11119.05,11127.55,11113.35,11119.95,,14,regular,False,False,2019-10-07 15:15:00+05:30,2019-10-07 15:29:00+05:30
2019-10-09 09:00:00+05:30,11152.95,11153.85,11111.2,11116.8,,1,outside,False,False,2019-10-09 09:14:00+05:30,2019-10-09 09:15:00+05:30
2019-10-09 15:15:00+05:30,11313.55,11320.45,11310.75,11319.6,,14,regular,False,False,2019-10-09 15:15:00+05:30,2019-10-09 15:29:00+05:30
2019-10-10 09:00:00+05:30,11280.5,11292.35,11275.5,11288.15,,1,outside,False,False,2019-10-10 09:14:00+05:30,2019-10-10 09:15:00+05:30
2019-10-10 15:15:00+05:30,11232.65,11248.0,11232.25,11239.25,,14,regular,False,False,2019-10-10 15:15:00+05:30,2019-10-10 15:29:00+05:30
2019-10-11 09:00:00+05:30,11257.7,11282.9,11257.7,11280.75,,1,outside,False,False,2019-10-11 09:14:00+05:30,2019-10-11 09:15:00+05:30
2019-10-11 15:15:00+05:30,11304.75,11306.45,11295.95,11301.25,,14,regular,False,False,2019-10-11 15:15:00+05:30,2019-10-11 15:29:00+05:30
2019-10-14 09:00:00+05:30,11335.9,11345.35,11322.05,11344.95,,1,outside,False,False,2019-10-14 09:14:00+05:30,2019-10-14 09:15:00+05:30
2019-10-14 15:15:00+05:30,11322.5,11337.3,11312.95,11329.8,,14,regular,False,False,2019-10-14 15:15:00+05:30,2019-10-14 15:29:00+05:30
2019-10-15 09:00:00+05:30,11360.85,11360.85,11342.55,11356.4,,1,outside,False,False,2019-10-15 09:14:00+05:30,2019-10-15 09:15:00+05:30
2019-10-15 15:15:00+05:30,11426.75,11432.45,11424.4,11430.6,,14,regular,False,False,2019-10-15 15:15:00+05:30,2019-10-15 15:29:00+05:30
2019-10-16 09:00:00+05:30,11464.95,11465.8,11455.95,11463.5,,1,outside,False,False,2019-10-16 09:14:00+05:30,2019-10-16 09:15:00+05:30
2019-10-16 15:15:00+05:30,11472.95,11475.75,11462.35,11471.55,,14,regular,False,False,2019-10-16 15:15:00+05:30,2019-10-16 15:29:00+05:30
2019-10-17 09:00:00+05:30,11466.3,11466.3,11441.3,11441.85,,1,outside,False,False,2019-10-17 09:14:00+05:30,2019-10-17 09:15:00+05:30
2019-10-17 15:15:00+05:30,11588.7,11593.35,11578.0,11582.3,,14,regular,False,False,2019-10-17 15:15:00+05:30,2019-10-17 15:29:00+05:30
2019-10-18 09:00:00+05:30,11580.3,11580.3,11554.0,11556.65,,1,outside,False,False,2019-10-18 09:14:00+05:30,2019-10-18 09:15:00+05:30
2019-10-18 15:15:00+05:30,11663.35,11665.65,11655.4,11661.45,,14,regular,False,False,2019-10-18 15:15:00+05:30,2019-10-18 15:29:00+05:30
2019-10-22 09:00:00+05:30,11657.15,11657.95,11642.0,11650.2,,1,outside,False,False,2019-10-22 09:14:00+05:30,2019-10-22 09:15:00+05:30
2019-10-22 15:15:00+05:30,11583.8,11596.65,11577.5,11589.9,,14,regular,False,False,2019-10-22 15:15:00+05:30,2019-10-22 15:29:00+05:30
2019-10-23 09:00:00+05:30,11596.2,11596.2,11571.0,11580.9,,1,outside,False,False,2019-10-23 09:14:00+05:30,2019-10-23 09:15:00+05:30
2019-10-23 15:15:00+05:30,11609.2,11614.5,11604.3,11614.5,,14,regular,False,False,2019-10-23 15:15:00+05:30,2019-10-23 15:29:00+05:30
2019-10-24 09:00:00+05:30,11661.65,11679.35,11653.25,11671.35,,1,outside,False,False,2019-10-24 09:14:00+05:30,2019-10-24 09:15:00+05:30
2019-10-24 15:15:00+05:30,11580.2,11588.35,11574.7,11585.15,,14,regular,False,False,2019-10-24 15:15:00+05:30,2019-10-24 15:29:00+05:30
2019-10-25 09:00:00+05:30,11646.15,11646.15,11587.65,11587.9,,1,outside,False,False,2019-10-25 09:14:00+05:30,2019-10-25 09:15:00+05:30
2019-10-25 15:15:00+05:30,11585.15,11586.9,11573.15,11574.4,,14,regular,False,False,2019-10-25 15:15:00+05:30,2019-10-25 15:29:00+05:30
2019-10-27 18:00:00+05:30,11658.35,11669.3,11658.35,11662.7,,1,evening,False,False,2019-10-27 18:14:00+05:30,2019-10-27 18:15:00+05:30
2019-10-27 19:00:00+05:30,11627.0,11629.9,11606.25,11628.0,,14,evening,False,False,2019-10-27 19:00:00+05:30,2019-10-27 19:14:00+05:30
2019-10-29 09:00:00+05:30,11643.95,11648.0,11632.4,11633.85,,1,outside,False,False,2019-10-29 09:14:00+05:30,2019-10-29 09:15:00+05:30
2019-10-29 15:15:00+05:30,11783.9,11796.2,11782.0,11790.35,,14,regular,False,False,2019-10-29 15:15:00+05:30,2019-10-29 15:29:00+05:30
2019-10-30 09:00:00+05:30,11883.9,11883.9,11825.1,11826.35,,1,outside,False,False,2019-10-30 09:14:00+05:30,2019-10-30 09:15:00+05:30
2019-10-30 15:15:00+05:30,11838.8,11855.05,11838.8,11849.8,,14,regular,False,False,2019-10-30 15:15:00+05:30,2019-10-30 15:29:00+05:30
2019-10-31 09:00:00+05:30,11890.45,11896.5,11885.3,11894.1,,1,outside,False,False,2019-10-31 09:14:00+05:30,2019-10-31 09:15:00+05:30
2019-10-31 15:15:00+05:30,11885.9,11885.9,11866.55,11881.2,,14,regular,False,False,2019-10-31 15:15:00+05:30,2019-10-31 15:29:00+05:30
2019-11-01 09:00:00+05:30,11886.6,11886.6,11870.95,11874.25,,1,outside,False,False,2019-11-01 09:14:00+05:30,2019-11-01 09:15:00+05:30
2019-11-01 15:15:00+05:30,11889.8,11899.6,11885.65,11899.5,,14,regular,False,False,2019-11-01 15:15:00+05:30,2019-11-01 15:29:00+05:30
2019-11-04 09:00:00+05:30,11928.9,11944.85,11927.95,11944.85,,1,outside,False,False,2019-11-04 09:14:00+05:30,2019-11-04 09:15:00+05:30
2019-11-04 15:15:00+05:30,11943.4,11947.45,11933.15,11945.15,,14,regular,False,False,2019-11-04 15:15:00+05:30,2019-11-04 15:29:00+05:30
2019-11-05 09:00:00+05:30,11974.6,11978.8,11954.75,11955.35,,1,outside,False,False,2019-11-05 09:14:00+05:30,2019-11-05 09:15:00+05:30
2019-11-05 15:15:00+05:30,11916.35,11925.2,11913.05,11918.6,,14,regular,False,False,2019-11-05 15:15:00+05:30,2019-11-05 15:29:00+05:30
2019-11-06 09:00:00+05:30,11911.5,11911.5,11887.65,11887.65,,1,outside,False,False,2019-11-06 09:14:00+05:30,2019-11-06 09:15:00+05:30
2019-11-06 15:15:00+05:30,11963.9,11969.15,11956.7,11961.0,,14,regular,False,False,2019-11-06 15:15:00+05:30,2019-11-06 15:29:00+05:30
2019-11-07 09:00:00+05:30,12021.1,12021.1,11999.75,12002.9,,1,outside,False,False,2019-11-07 09:14:00+05:30,2019-11-07 09:15:00+05:30
2019-11-07 15:15:00+05:30,12010.95,12019.9,12009.5,12016.1,,14,regular,False,False,2019-11-07 15:15:00+05:30,2019-11-07 15:29:00+05:30
2019-11-08 09:00:00+05:30,11987.15,11987.15,11968.55,11977.4,,1,outside,False,False,2019-11-08 09:14:00+05:30,2019-11-08 09:15:00+05:30
2019-11-08 15:15:00+05:30,11898.95,11909.25,11890.45,11905.7,,14,regular,False,False,2019-11-08 15:15:00+05:30,2019-11-08 15:29:00+05:30
2019-11-11 09:00:00+05:30,11879.2,11879.95,11871.55,11878.55,,1,outside,False,False,2019-11-11 09:14:00+05:30,2019-11-11 09:15:00+05:30
2019-11-11 15:15:00+05:30,11925.85,11932.55,11908.15,11912.75,,14,regular,False,False,2019-11-11 15:15:00+05:30,2019-11-11 15:29:00+05:30
2019-11-13 09:00:00+05:30,11908.3,11908.35,11896.05,11907.25,,1,outside,False,False,2019-11-13 09:14:00+05:30,2019-11-13 09:15:00+05:30
2019-11-13 15:15:00+05:30,11841.75,11846.1,11832.95,11835.55,,14,regular,False,False,2019-11-13 15:15:00+05:30,2019-11-13 15:29:00+05:30
2019-11-14 09:00:00+05:30,11858.75,11858.75,11840.0,11840.0,,1,outside,False,False,2019-11-14 09:14:00+05:30,2019-11-14 09:15:00+05:30
2019-11-14 15:15:00+05:30,11871.85,11878.55,11862.35,11869.2,,14,regular,False,False,2019-11-14 15:15:00+05:30,2019-11-14 15:29:00+05:30
2019-11-15 09:00:00+05:30,11904.2,11916.55,11903.3,11914.45,,1,outside,False,False,2019-11-15 09:14:00+05:30,2019-11-15 09:15:00+05:30
2019-11-15 15:15:00+05:30,11888.3,11895.3,11880.25,11895.3,,14,regular,False,False,2019-11-15 15:15:00+05:30,2019-11-15 15:29:00+05:30
2019-11-18 09:00:00+05:30,11915.15,11929.1,11915.15,11926.75,,1,outside,False,False,2019-11-18 09:14:00+05:30,2019-11-18 09:15:00+05:30
2019-11-18 15:15:00+05:30,11884.3,11896.15,11877.9,11894.25,,14,regular,False,False,2019-11-18 15:15:00+05:30,2019-11-18 15:29:00+05:30
2019-11-19 09:00:00+05:30,11919.45,11924.45,11911.5,11915.55,,1,outside,False,False,2019-11-19 09:14:00+05:30,2019-11-19 09:15:00+05:30
2019-11-19 15:15:00+05:30,11934.75,11958.65,11934.75,11955.65,,14,regular,False,False,2019-11-19 15:15:00+05:30,2019-11-19 15:29:00+05:30
2019-11-20 09:00:00+05:30,12004.75,12004.75,11968.0,11969.9,,1,outside,False,False,2019-11-20 09:14:00+05:30,2019-11-20 09:15:00+05:30
2019-11-20 15:15:00+05:30,12000.65,12002.95,11987.5,11993.45,,14,regular,False,False,2019-11-20 15:15:00+05:30,2019-11-20 15:29:00+05:30
2019-11-21 09:00:00+05:30,12025.65,12025.9,11998.55,12000.2,,1,outside,False,False,2019-11-21 09:14:00+05:30,2019-11-21 09:15:00+05:30
2019-11-21 15:15:00+05:30,11971.85,11972.3,11962.55,11964.05,,14,regular,False,False,2019-11-21 15:15:00+05:30,2019-11-21 15:29:00+05:30
2019-11-22 09:00:00+05:30,11967.3,11967.3,11945.45,11949.3,,1,outside,False,False,2019-11-22 09:14:00+05:30,2019-11-22 09:15:00+05:30
2019-11-22 15:15:00+05:30,11912.4,11918.05,11908.3,11916.1,,14,regular,False,False,2019-11-22 15:15:00+05:30,2019-11-22 15:29:00+05:30
2019-11-25 09:00:00+05:30,11922.45,11936.2,11922.45,11933.95,,1,outside,False,False,2019-11-25 09:14:00+05:30,2019-11-25 09:15:00+05:30
2019-11-25 15:15:00+05:30,12075.6,12083.9,12072.9,12079.0,,14,regular,False,False,2019-11-25 15:15:00+05:30,2019-11-25 15:29:00+05:30
2019-11-26 09:00:00+05:30,12110.2,12112.75,12100.85,12112.75,,1,outside,False,False,2019-11-26 09:14:00+05:30,2019-11-26 09:15:00+05:30
2019-11-26 15:15:00+05:30,12036.2,12058.95,12026.75,12046.8,,14,regular,False,False,2019-11-26 15:15:00+05:30,2019-11-26 15:29:00+05:30
2019-11-27 09:00:00+05:30,12068.5,12078.5,12067.05,12078.5,,1,outside,False,False,2019-11-27 09:14:00+05:30,2019-11-27 09:15:00+05:30
2019-11-27 15:15:00+05:30,12100.45,12114.1,12098.75,12112.2,,14,regular,False,False,2019-11-27 15:15:00+05:30,2019-11-27 15:29:00+05:30
2019-11-28 09:00:00+05:30,12132.1,12136.5,12125.45,12127.95,,1,outside,False,False,2019-11-28 09:14:00+05:30,2019-11-28 09:15:00+05:30
2019-11-28 15:15:00+05:30,12150.8,12157.75,12147.0,12155.4,,14,regular,False,False,2019-11-28 15:15:00+05:30,2019-11-28 15:29:00+05:30
2019-11-29 09:00:00+05:30,12146.2,12146.65,12121.3,12122.3,,1,outside,False,False,2019-11-29 09:14:00+05:30,2019-11-29 09:15:00+05:30
2019-11-29 15:15:00+05:30,12053.3,12057.5,12046.9,12048.0,,14,regular,False,False,2019-11-29 15:15:00+05:30,2019-11-29 15:29:00+05:30
2019-12-02 09:00:00+05:30,12137.05,12137.05,12078.8,12079.75,,1,outside,False,False,2019-12-02 09:14:00+05:30,2019-12-02 09:15:00+05:30
2019-12-02 15:15:00+05:30,12048.3,12058.2,12042.4,12048.25,,14,regular,False,False,2019-12-02 15:15:00+05:30,2019-12-02 15:29:00+05:30
2019-12-03 09:00:00+05:30,12067.65,12067.65,12038.3,12038.3,,1,outside,False,False,2019-12-03 09:14:00+05:30,2019-12-03 09:15:00+05:30
2019-12-03 15:15:00+05:30,11993.9,12003.15,11990.05,12001.05,,14,regular,False,False,2019-12-03 15:15:00+05:30,2019-12-03 15:29:00+05:30
2019-12-04 09:00:00+05:30,11969.95,11969.95,11961.75,11963.9,,1,outside,False,False,2019-12-04 09:14:00+05:30,2019-12-04 09:15:00+05:30
2019-12-04 15:15:00+05:30,12044.65,12048.2,12033.8,12037.3,,14,regular,False,False,2019-12-04 15:15:00+05:30,2019-12-04 15:29:00+05:30
2019-12-05 09:00:00+05:30,12071.25,12076.55,12068.2,12076.25,,1,outside,False,False,2019-12-05 09:14:00+05:30,2019-12-05 09:15:00+05:30
2019-12-05 15:15:00+05:30,12028.1,12028.1,12002.35,12007.9,,14,regular,False,False,2019-12-05 15:15:00+05:30,2019-12-05 15:29:00+05:30
2019-12-06 09:00:00+05:30,12047.35,12047.35,12039.4,12045.85,,1,outside,False,False,2019-12-06 09:14:00+05:30,2019-12-06 09:15:00+05:30
2019-12-06 15:15:00+05:30,11921.7,11921.7,11909.55,11914.15,,14,regular,False,False,2019-12-06 15:15:00+05:30,2019-12-06 15:29:00+05:30
2019-12-09 09:00:00+05:30,11939.1,11939.4,11925.75,11931.85,,1,outside,False,False,2019-12-09 09:14:00+05:30,2019-12-09 09:15:00+05:30
2019-12-09 15:15:00+05:30,11937.5,11943.75,11933.25,11936.95,,14,regular,False,False,2019-12-09 15:15:00+05:30,2019-12-09 15:29:00+05:30
2019-12-10 09:00:00+05:30,11950.5,11950.5,11938.4,11946.4,,1,outside,False,False,2019-12-10 09:14:00+05:30,2019-12-10 09:15:00+05:30
2019-12-10 15:15:00+05:30,11856.85,11863.85,11854.05,11861.25,,14,regular,False,False,2019-12-10 15:15:00+05:30,2019-12-10 15:29:00+05:30
2019-12-11 09:00:00+05:30,11867.35,11887.7,11867.35,11883.05,,1,outside,False,False,2019-12-11 09:14:00+05:30,2019-12-11 09:15:00+05:30
2019-12-11 15:15:00+05:30,11913.35,11922.55,11909.95,11913.2,,14,regular,False,False,2019-12-11 15:15:00+05:30,2019-12-11 15:29:00+05:30
2019-12-12 09:00:00+05:30,11944.3,11951.0,11940.75,11946.05,,1,outside,False,False,2019-12-12 09:14:00+05:30,2019-12-12 09:15:00+05:30
2019-12-12 15:15:00+05:30,11979.1,11984.25,11960.1,11968.7,,14,regular,False,False,2019-12-12 15:15:00+05:30,2019-12-12 15:29:00+05:30
2019-12-13 09:00:00+05:30,12031.3,12044.4,12027.6,12041.0,,1,outside,False,False,2019-12-13 09:14:00+05:30,2019-12-13 09:15:00+05:30
2019-12-13 15:15:00+05:30,12090.35,12092.4,12074.65,12089.75,,14,regular,False,False,2019-12-13 15:15:00+05:30,2019-12-13 15:29:00+05:30
2019-12-16 09:00:00+05:30,12131.35,12133.0,12114.95,12114.95,,1,outside,False,False,2019-12-16 09:14:00+05:30,2019-12-16 09:15:00+05:30
2019-12-16 15:15:00+05:30,12052.6,12061.35,12048.2,12060.5,,14,regular,False,False,2019-12-16 15:15:00+05:30,2019-12-16 15:29:00+05:30
2019-12-17 09:00:00+05:30,12082.45,12093.6,12079.95,12082.2,,1,outside,False,False,2019-12-17 09:14:00+05:30,2019-12-17 09:15:00+05:30
2019-12-17 15:15:00+05:30,12162.65,12182.7,12162.65,12174.4,,14,regular,False,False,2019-12-17 15:15:00+05:30,2019-12-17 15:29:00+05:30
2019-12-18 09:00:00+05:30,12197.0,12197.0,12174.85,12176.2,,1,outside,False,False,2019-12-18 09:14:00+05:30,2019-12-18 09:15:00+05:30
2019-12-18 15:15:00+05:30,12215.35,12235.8,12207.75,12227.45,,14,regular,False,False,2019-12-18 15:15:00+05:30,2019-12-18 15:29:00+05:30
2019-12-19 09:00:00+05:30,12223.4,12223.4,12204.2,12205.15,,1,outside,False,False,2019-12-19 09:14:00+05:30,2019-12-19 09:15:00+05:30
2019-12-19 15:15:00+05:30,12261.75,12267.35,12256.1,12259.8,,14,regular,False,False,2019-12-19 15:15:00+05:30,2019-12-19 15:29:00+05:30
2019-12-20 09:00:00+05:30,12266.45,12271.0,12254.6,12254.65,,1,outside,False,False,2019-12-20 09:14:00+05:30,2019-12-20 09:15:00+05:30
2019-12-20 15:15:00+05:30,12267.7,12276.65,12262.6,12267.45,,14,regular,False,False,2019-12-20 15:15:00+05:30,2019-12-20 15:29:00+05:30
2019-12-23 09:00:00+05:30,12235.45,12253.65,12235.45,12251.55,,1,outside,False,False,2019-12-23 09:14:00+05:30,2019-12-23 09:15:00+05:30
2019-12-23 15:15:00+05:30,12270.6,12273.0,12264.5,12266.15,,14,regular,False,False,2019-12-23 15:15:00+05:30,2019-12-23 15:29:00+05:30
2019-12-24 09:00:00+05:30,12269.25,12269.25,12251.0,12264.6,,1,outside,False,False,2019-12-24 09:14:00+05:30,2019-12-24 09:15:00+05:30
2019-12-24 15:15:00+05:30,12211.6,12212.9,12202.75,12212.0,,14,regular,False,False,2019-12-24 15:15:00+05:30,2019-12-24 15:29:00+05:30
2019-12-26 09:00:00+05:30,12211.85,12214.1,12203.6,12212.25,,1,outside,False,False,2019-12-26 09:14:00+05:30,2019-12-26 09:15:00+05:30
2019-12-26 15:15:00+05:30,12130.9,12131.5,12120.95,12130.9,,14,regular,False,False,2019-12-26 15:15:00+05:30,2019-12-26 15:29:00+05:30
2019-12-27 09:00:00+05:30,12172.9,12179.85,12163.95,12174.65,,1,outside,False,False,2019-12-27 09:14:00+05:30,2019-12-27 09:15:00+05:30
2019-12-27 15:15:00+05:30,12247.3,12257.6,12246.9,12250.7,,14,regular,False,False,2019-12-27 15:15:00+05:30,2019-12-27 15:29:00+05:30
2019-12-30 09:00:00+05:30,12274.9,12274.9,12262.55,12264.75,,1,outside,False,False,2019-12-30 09:14:00+05:30,2019-12-30 09:15:00+05:30
2019-12-30 15:15:00+05:30,12256.2,12262.15,12249.1,12258.75,,14,regular,False,False,2019-12-30 15:15:00+05:30,2019-12-30 15:29:00+05:30
2019-12-31 09:00:00+05:30,12247.1,12247.1,12232.9,12234.35,,1,outside,False,False,2019-12-31 09:14:00+05:30,2019-12-31 09:15:00+05:30
2019-12-31 15:15:00+05:30,12159.2,12179.15,12152.25,12176.3,,14,regular,False,False,2019-12-31 15:15:00+05:30,2019-12-31 15:29:00+05:30
2020-01-01 09:00:00+05:30,12202.15,12215.9,12202.15,12215.1,,1,outside,False,False,2020-01-01 09:14:00+05:30,2020-01-01 09:15:00+05:30
2020-01-01 15:15:00+05:30,12180.05,12191.95,12177.5,12189.7,,14,regular,False,False,2020-01-01 15:15:00+05:30,2020-01-01 15:29:00+05:30
2020-01-02 09:00:00+05:30,12198.55,12215.65,12198.2,12215.05,,1,outside,False,False,2020-01-02 09:14:00+05:30,2020-01-02 09:15:00+05:30
2020-01-02 15:15:00+05:30,12285.8,12289.75,12278.7,12282.35,,14,regular,False,False,2020-01-02 15:15:00+05:30,2020-01-02 15:29:00+05:30
2020-01-03 09:00:00+05:30,12261.1,12261.1,12240.8,12243.0,,1,outside,False,False,2020-01-03 09:14:00+05:30,2020-01-03 09:15:00+05:30
2020-01-03 15:15:00+05:30,12231.35,12232.7,12222.2,12222.2,,14,regular,False,False,2020-01-03 15:15:00+05:30,2020-01-03 15:29:00+05:30
2020-01-06 09:00:00+05:30,12170.6,12175.45,12146.7,12146.7,,1,outside,False,False,2020-01-06 09:14:00+05:30,2020-01-06 09:15:00+05:30
2020-01-06 15:15:00+05:30,11995.65,12000.55,11988.1,11988.1,,14,regular,False,False,2020-01-06 15:15:00+05:30,2020-01-06 15:29:00+05:30
2020-01-07 09:00:00+05:30,12079.1,12112.5,12078.25,12111.0,,1,outside,False,False,2020-01-07 09:14:00+05:30,2020-01-07 09:15:00+05:30
2020-01-07 15:15:00+05:30,12061.85,12065.9,12053.9,12060.3,,14,regular,False,False,2020-01-07 15:15:00+05:30,2020-01-07 15:29:00+05:30
2020-01-08 09:00:00+05:30,11939.1,11950.1,11933.35,11949.75,,1,outside,False,False,2020-01-08 09:14:00+05:30,2020-01-08 09:15:00+05:30
2020-01-08 15:15:00+05:30,12021.2,12031.95,12019.8,12021.6,,14,regular,False,False,2020-01-08 15:15:00+05:30,2020-01-08 15:29:00+05:30
2020-01-09 09:00:00+05:30,12153.15,12175.8,12141.7,12171.1,,1,outside,False,False,2020-01-09 09:14:00+05:30,2020-01-09 09:15:00+05:30
2020-01-09 15:15:00+05:30,12216.5,12219.7,12211.6,12214.45,,14,regular,False,False,2020-01-09 15:15:00+05:30,2020-01-09 15:29:00+05:30
2020-01-10 09:00:00+05:30,12271.0,12271.0,12251.55,12252.95,,1,outside,False,False,2020-01-10 09:14:00+05:30,2020-01-10 09:15:00+05:30
2020-01-10 15:15:00+05:30,12258.45,12259.45,12252.5,12256.5,,14,regular,False,False,2020-01-10 15:15:00+05:30,2020-01-10 15:29:00+05:30
2020-01-13 09:00:00+05:30,12296.7,12317.1,12287.0,12316.0,,1,outside,False,False,2020-01-13 09:14:00+05:30,2020-01-13 09:15:00+05:30
2020-01-13 15:15:00+05:30,12327.85,12336.1,12326.25,12329.6,,14,regular,False,False,2020-01-13 15:15:00+05:30,2020-01-13 15:29:00+05:30
2020-01-14 09:00:00+05:30,12333.1,12333.1,12313.85,12315.75,,1,outside,False,False,2020-01-14 09:14:00+05:30,2020-01-14 09:15:00+05:30
2020-01-14 15:15:00+05:30,12361.6,12364.5,12356.2,12360.05,,14,regular,False,False,2020-01-14 15:15:00+05:30,2020-01-14 15:29:00+05:30
2020-01-15 09:00:00+05:30,12349.4,12349.7,12322.6,12330.95,,1,outside,False,False,2020-01-15 09:14:00+05:30,2020-01-15 09:15:00+05:30
2020-01-15 15:15:00+05:30,12354.4,12355.0,12338.5,12340.35,,14,regular,False,False,2020-01-15 15:15:00+05:30,2020-01-15 15:29:00+05:30
2020-01-16 09:00:00+05:30,12347.1,12360.6,12345.7,12360.3,,1,outside,False,False,2020-01-16 09:14:00+05:30,2020-01-16 09:15:00+05:30
2020-01-16 15:15:00+05:30,12359.5,12359.5,12350.25,12354.05,,14,regular,False,False,2020-01-16 15:15:00+05:30,2020-01-16 15:29:00+05:30
2020-01-17 09:00:00+05:30,12328.4,12333.25,12322.25,12327.85,,1,outside,False,False,2020-01-17 09:14:00+05:30,2020-01-17 09:15:00+05:30
2020-01-17 15:15:00+05:30,12347.95,12355.65,12344.65,12346.1,,14,regular,False,False,2020-01-17 15:15:00+05:30,2020-01-17 15:29:00+05:30
2020-01-20 09:00:00+05:30,12430.5,12430.5,12386.15,12387.55,,1,outside,False,False,2020-01-20 09:14:00+05:30,2020-01-20 09:15:00+05:30
2020-01-20 15:15:00+05:30,12222.35,12233.25,12218.0,12230.75,,14,regular,False,False,2020-01-20 15:15:00+05:30,2020-01-20 15:29:00+05:30
2020-01-21 09:00:00+05:30,12195.3,12195.3,12167.0,12177.0,,1,outside,False,False,2020-01-21 09:14:00+05:30,2020-01-21 09:15:00+05:30
2020-01-21 15:15:00+05:30,12167.3,12173.65,12162.75,12169.65,,14,regular,False,False,2020-01-21 15:15:00+05:30,2020-01-21 15:29:00+05:30
2020-01-22 09:00:00+05:30,12218.35,12224.7,12207.7,12223.0,,1,outside,False,False,2020-01-22 09:14:00+05:30,2020-01-22 09:15:00+05:30
2020-01-22 15:15:00+05:30,12105.45,12113.3,12097.3,12108.15,,14,regular,False,False,2020-01-22 15:15:00+05:30,2020-01-22 15:29:00+05:30
2020-01-23 09:00:00+05:30,12123.75,12129.5,12118.0,12119.85,,1,outside,False,False,2020-01-23 09:14:00+05:30,2020-01-23 09:15:00+05:30
2020-01-23 15:15:00+05:30,12179.7,12180.8,12172.5,12179.9,,14,regular,False,False,2020-01-23 15:15:00+05:30,2020-01-23 15:29:00+05:30
2020-01-24 09:00:00+05:30,12174.55,12192.55,12174.55,12192.55,,1,outside,False,False,2020-01-24 09:14:00+05:30,2020-01-24 09:15:00+05:30
2020-01-24 15:15:00+05:30,12246.6,12255.3,12244.45,12252.15,,14,regular,False,False,2020-01-24 15:15:00+05:30,2020-01-24 15:29:00+05:30
2020-01-27 09:00:00+05:30,12197.1,12197.85,12172.1,12184.55,,1,outside,False,False,2020-01-27 09:14:00+05:30,2020-01-27 09:15:00+05:30
2020-01-27 15:15:00+05:30,12119.4,12120.75,12107.05,12109.9,,14,regular,False,False,2020-01-27 15:15:00+05:30,2020-01-27 15:29:00+05:30
2020-01-28 09:00:00+05:30,12148.1,12148.1,12128.7,12136.6,,1,outside,False,False,2020-01-28 09:14:00+05:30,2020-01-28 09:15:00+05:30
2020-01-28 15:15:00+05:30,12068.15,12069.6,12057.35,12061.95,,14,regular,False,False,2020-01-28 15:15:00+05:30,2020-01-28 15:29:00+05:30
2020-01-29 09:00:00+05:30,12114.9,12125.5,12114.9,12118.05,,1,outside,False,False,2020-01-29 09:14:00+05:30,2020-01-29 09:15:00+05:30
2020-01-29 15:15:00+05:30,12136.6,12138.45,12127.9,12132.0,,14,regular,False,False,2020-01-29 15:15:00+05:30,2020-01-29 15:29:00+05:30
2020-01-30 09:00:00+05:30,12147.75,12148.7,12086.15,12086.15,,1,outside,False,False,2020-01-30 09:14:00+05:30,2020-01-30 09:15:00+05:30
2020-01-30 15:15:00+05:30,12032.2,12033.45,12017.15,12023.8,,14,regular,False,False,2020-01-30 15:15:00+05:30,2020-01-30 15:29:00+05:30
2020-01-31 09:00:00+05:30,12100.4,12100.55,12080.6,12081.55,,1,outside,False,False,2020-01-31 09:14:00+05:30,2020-01-31 09:15:00+05:30
2020-01-31 15:15:00+05:30,11955.15,11969.4,11949.05,11966.45,,14,regular,False,False,2020-01-31 15:15:00+05:30,2020-01-31 15:29:00+05:30
2020-02-01 09:00:00+05:30,11939.0,11939.0,11881.75,11907.25,,1,outside,False,False,2020-02-01 09:14:00+05:30,2020-02-01 09:15:00+05:30
2020-02-01 15:15:00+05:30,11656.05,11656.95,11633.75,11643.65,,14,regular,False,False,2020-02-01 15:15:00+05:30,2020-02-01 15:29:00+05:30
2020-02-03 09:00:00+05:30,11627.45,11683.05,11626.7,11682.15,,1,outside,False,False,2020-02-03 09:14:00+05:30,2020-02-03 09:15:00+05:30
2020-02-03 15:15:00+05:30,11699.05,11724.95,11698.7,11724.6,,14,regular,False,False,2020-02-03 15:15:00+05:30,2020-02-03 15:29:00+05:30
2020-02-04 09:00:00+05:30,11786.25,11824.55,11786.25,11805.95,,1,outside,False,False,2020-02-04 09:14:00+05:30,2020-02-04 09:15:00+05:30
2020-02-04 15:15:00+05:30,11975.45,11982.85,11974.05,11981.3,,14,regular,False,False,2020-02-04 15:15:00+05:30,2020-02-04 15:29:00+05:30
2020-02-05 09:00:00+05:30,12005.85,12008.15,11964.3,11964.7,,1,outside,False,False,2020-02-05 09:14:00+05:30,2020-02-05 09:15:00+05:30
2020-02-05 15:15:00+05:30,12083.65,12097.55,12082.65,12091.95,,14,regular,False,False,2020-02-05 15:15:00+05:30,2020-02-05 15:29:00+05:30
2020-02-06 09:00:00+05:30,12120.0,12144.45,12120.0,12120.55,,1,outside,False,False,2020-02-06 09:14:00+05:30,2020-02-06 09:15:00+05:30
2020-02-06 15:15:00+05:30,12137.5,12140.25,12128.5,12133.25,,14,regular,False,False,2020-02-06 15:15:00+05:30,2020-02-06 15:29:00+05:30
2020-02-07 09:00:00+05:30,12151.15,12151.15,12121.15,12124.4,,1,outside,False,False,2020-02-07 09:14:00+05:30,2020-02-07 09:15:00+05:30
2020-02-07 15:15:00+05:30,12099.25,12100.25,12084.9,12086.6,,14,regular,False,False,2020-02-07 15:15:00+05:30,2020-02-07 15:29:00+05:30
2020-02-10 09:00:00+05:30,12102.35,12102.4,12073.4,12081.6,,1,outside,False,False,2020-02-10 09:14:00+05:30,2020-02-10 09:15:00+05:30
2020-02-10 15:15:00+05:30,12035.8,12043.2,12032.3,12035.3,,14,regular,False,False,2020-02-10 15:15:00+05:30,2020-02-10 15:29:00+05:30
2020-02-11 09:00:00+05:30,12108.4,12123.85,12106.05,12122.8,,1,outside,False,False,2020-02-11 09:14:00+05:30,2020-02-11 09:15:00+05:30
2020-02-11 15:15:00+05:30,12110.6,12114.25,12100.75,12110.45,,14,regular,False,False,2020-02-11 15:15:00+05:30,2020-02-11 15:29:00+05:30
2020-02-12 09:00:00+05:30,12151.0,12170.55,12145.05,12170.3,,1,outside,False,False,2020-02-12 09:14:00+05:30,2020-02-12 09:15:00+05:30
2020-02-12 15:15:00+05:30,12195.05,12204.1,12194.8,12203.9,,14,regular,False,False,2020-02-12 15:15:00+05:30,2020-02-12 15:29:00+05:30
2020-02-13 09:00:00+05:30,12219.55,12219.65,12200.45,12202.05,,1,outside,False,False,2020-02-13 09:14:00+05:30,2020-02-13 09:15:00+05:30
2020-02-13 10:30:00+05:30,12154.2,12159.2,12152.0,12157.4,,14,regular,False,False,2020-02-13 10:30:00+05:30,2020-02-13 10:45:00+05:30
2020-02-13 15:15:00+05:30,12173.35,12180.9,12167.5,12168.95,,14,regular,False,False,2020-02-13 15:15:00+05:30,2020-02-13 15:29:00+05:30
2020-02-14 09:00:00+05:30,12190.15,12220.3,12190.15,12219.6,,1,outside,False,False,2020-02-14 09:14:00+05:30,2020-02-14 09:15:00+05:30
2020-02-14 15:15:00+05:30,12116.1,12116.1,12104.65,12113.35,,14,regular,False,False,2020-02-14 15:15:00+05:30,2020-02-14 15:29:00+05:30
2020-02-17 09:00:00+05:30,12131.8,12135.7,12116.65,12127.25,,1,outside,False,False,2020-02-17 09:14:00+05:30,2020-02-17 09:15:00+05:30
2020-02-17 15:15:00+05:30,12041.25,12051.85,12038.55,12050.15,,14,regular,False,False,2020-02-17 15:15:00+05:30,2020-02-17 15:29:00+05:30
2020-02-18 09:00:00+05:30,12028.25,12028.9,11998.75,11998.9,,1,outside,False,False,2020-02-18 09:14:00+05:30,2020-02-18 09:15:00+05:30
2020-02-18 15:15:00+05:30,11999.9,12012.95,11994.4,12008.05,,14,regular,False,False,2020-02-18 15:15:00+05:30,2020-02-18 15:29:00+05:30
2020-02-19 09:00:00+05:30,12090.6,12106.95,12084.8,12096.85,,1,outside,False,False,2020-02-19 09:14:00+05:30,2020-02-19 09:15:00+05:30
2020-02-19 15:15:00+05:30,12127.45,12134.25,12124.1,12130.95,,14,regular,False,False,2020-02-19 15:15:00+05:30,2020-02-19 15:29:00+05:30
2020-02-20 09:00:00+05:30,12119.0,12119.0,12094.95,12095.55,,1,outside,False,False,2020-02-20 09:14:00+05:30,2020-02-20 09:15:00+05:30
2020-02-20 15:15:00+05:30,12086.95,12091.35,12074.1,12083.1,,14,regular,False,False,2020-02-20 15:15:00+05:30,2020-02-20 15:29:00+05:30
2020-02-24 09:00:00+05:30,12012.55,12012.55,11954.15,11956.55,,1,outside,False,False,2020-02-24 09:14:00+05:30,2020-02-24 09:15:00+05:30
2020-02-24 15:15:00+05:30,11832.4,11838.45,11813.6,11835.85,,14,regular,False,False,2020-02-24 15:15:00+05:30,2020-02-24 15:29:00+05:30
2020-02-25 09:00:00+05:30,11877.5,11877.5,11854.6,11858.1,,1,outside,False,False,2020-02-25 09:14:00+05:30,2020-02-25 09:15:00+05:30
2020-02-25 15:15:00+05:30,11804.5,11816.1,11795.8,11814.35,,14,regular,False,False,2020-02-25 15:15:00+05:30,2020-02-25 15:29:00+05:30
2020-02-26 09:00:00+05:30,11738.55,11738.55,11680.1,11693.2,,1,outside,False,False,2020-02-26 09:14:00+05:30,2020-02-26 09:15:00+05:30
2020-02-26 15:15:00+05:30,11686.5,11693.3,11672.7,11677.35,,14,regular,False,False,2020-02-26 15:15:00+05:30,2020-02-26 15:29:00+05:30
2020-02-27 09:00:00+05:30,11661.25,11661.25,11629.5,11639.95,,1,outside,False,False,2020-02-27 09:14:00+05:30,2020-02-27 09:15:00+05:30
2020-02-27 15:15:00+05:30,11638.3,11641.15,11613.75,11619.95,,14,regular,False,False,2020-02-27 15:15:00+05:30,2020-02-27 15:29:00+05:30
2020-02-28 09:00:00+05:30,11382.0,11382.0,11335.6,11351.5,,1,outside,False,False,2020-02-28 09:14:00+05:30,2020-02-28 09:15:00+05:30
2020-02-28 15:15:00+05:30,11215.9,11226.05,11201.3,11217.4,,14,regular,False,False,2020-02-28 15:15:00+05:30,2020-02-28 15:29:00+05:30
2020-03-02 09:00:00+05:30,11387.35,11421.55,11387.35,11412.9,,1,outside,False,False,2020-03-02 09:14:00+05:30,2020-03-02 09:15:00+05:30
2020-03-02 15:15:00+05:30,11041.65,11163.2,11039.85,11149.2,,14,regular,False,False,2020-03-02 15:15:00+05:30,2020-03-02 15:29:00+05:30
2020-03-03 09:00:00+05:30,11217.55,11280.05,11217.55,11275.2,,1,outside,False,False,2020-03-03 09:14:00+05:30,2020-03-03 09:15:00+05:30
2020-03-03 15:15:00+05:30,11300.4,11329.85,11299.15,11329.15,,14,regular,False,False,2020-03-03 15:15:00+05:30,2020-03-03 15:29:00+05:30
2020-03-04 09:00:00+05:30,11351.35,11354.95,11316.05,11316.05,,1,outside,False,False,2020-03-04 09:14:00+05:30,2020-03-04 09:15:00+05:30
2020-03-04 11:30:00+05:30,11258.35,11267.55,11250.65,11253.35,,14,regular,False,False,2020-03-04 11:30:00+05:30,2020-03-04 11:45:00+05:30
2020-03-04 15:15:00+05:30,11269.25,11274.5,11248.0,11256.3,,14,regular,False,False,2020-03-04 15:15:00+05:30,2020-03-04 15:29:00+05:30
2020-03-05 09:00:00+05:30,11306.05,11338.8,11300.6,11333.95,,1,outside,False,False,2020-03-05 09:14:00+05:30,2020-03-05 09:15:00+05:30
2020-03-05 15:15:00+05:30,11265.3,11267.1,11244.85,11258.0,,14,regular,False,False,2020-03-05 15:15:00+05:30,2020-03-05 15:29:00+05:30
2020-03-06 09:00:00+05:30,10942.65,10942.65,10831.3,10854.55,,1,outside,False,False,2020-03-06 09:14:00+05:30,2020-03-06 09:15:00+05:30
2020-03-06 15:15:00+05:30,10995.95,10998.65,10970.05,10981.0,,14,regular,False,False,2020-03-06 15:15:00+05:30,2020-03-06 15:29:00+05:30
2020-03-09 09:00:00+05:30,10742.05,10743.7,10657.75,10662.9,,1,outside,False,False,2020-03-09 09:14:00+05:30,2020-03-09 09:15:00+05:30
2020-03-09 15:15:00+05:30,10453.35,10461.95,10408.85,10457.6,,14,regular,False,False,2020-03-09 15:15:00+05:30,2020-03-09 15:29:00+05:30
2020-03-11 09:00:00+05:30,10334.3,10393.35,10334.3,10393.35,,1,outside,False,False,2020-03-11 09:14:00+05:30,2020-03-11 09:15:00+05:30
2020-03-11 15:15:00+05:30,10464.25,10465.55,10442.45,10454.1,,14,regular,False,False,2020-03-11 15:15:00+05:30,2020-03-11 15:29:00+05:30
2020-03-12 09:00:00+05:30,10039.95,10039.95,9922.95,9948.95,,1,outside,False,False,2020-03-12 09:14:00+05:30,2020-03-12 09:15:00+05:30
2020-03-12 15:15:00+05:30,9569.5,9651.5,9562.3,9630.65,,14,regular,False,False,2020-03-12 15:15:00+05:30,2020-03-12 15:29:00+05:30
2020-03-13 09:00:00+05:30,9107.6,9114.0,8886.2,8889.45,,1,outside,False,False,2020-03-13 09:14:00+05:30,2020-03-13 09:15:00+05:30
2020-03-13 15:15:00+05:30,9966.75,10027.1,9933.0,10020.45,,14,regular,False,False,2020-03-13 15:15:00+05:30,2020-03-13 15:29:00+05:30
2020-03-16 09:00:00+05:30,9587.8,9587.8,9469.8,9494.05,,1,outside,False,False,2020-03-16 09:14:00+05:30,2020-03-16 09:15:00+05:30
2020-03-16 15:15:00+05:30,9174.85,9210.15,9165.35,9200.05,,14,regular,False,False,2020-03-16 15:15:00+05:30,2020-03-16 15:29:00+05:30
2020-03-17 09:00:00+05:30,9285.4,9308.5,9190.0,9190.65,,1,outside,False,False,2020-03-17 09:14:00+05:30,2020-03-17 09:15:00+05:30
2020-03-17 15:15:00+05:30,8923.55,8974.1,8920.2,8965.3,,14,regular,False,False,2020-03-17 15:15:00+05:30,2020-03-17 15:29:00+05:30
2020-03-18 09:00:00+05:30,9088.45,9125.9,9083.5,9083.5,,1,outside,False,False,2020-03-18 09:14:00+05:30,2020-03-18 09:15:00+05:30
2020-03-18 15:15:00+05:30,8438.15,8548.95,8427.3,8539.3,,14,regular,False,False,2020-03-18 15:15:00+05:30,2020-03-18 15:29:00+05:30
2020-03-19 09:00:00+05:30,8063.3,8073.25,7939.1,7945.65,,1,outside,False,False,2020-03-19 09:14:00+05:30,2020-03-19 09:15:00+05:30
2020-03-19 15:15:00+05:30,8242.5,8274.1,8211.1,8267.9,,14,regular,False,False,2020-03-19 15:15:00+05:30,2020-03-19 15:29:00+05:30
2020-03-20 09:00:00+05:30,8284.45,8307.4,8224.05,8226.0,,1,outside,False,False,2020-03-20 09:14:00+05:30,2020-03-20 09:15:00+05:30
2020-03-20 15:15:00+05:30,8758.4,8793.6,8722.45,8744.35,,14,regular,False,False,2020-03-20 15:15:00+05:30,2020-03-20 15:29:00+05:30
2020-03-23 09:00:00+05:30,7945.7,7999.6,7945.7,7988.2,,1,outside,False,False,2020-03-23 09:14:00+05:30,2020-03-23 09:15:00+05:30
2020-03-23 15:15:00+05:30,7599.1,7646.25,7584.5,7636.65,,14,regular,False,False,2020-03-23 15:15:00+05:30,2020-03-23 15:29:00+05:30
2020-03-24 09:00:00+05:30,7848.3,8033.8,7848.3,8026.95,,1,outside,False,False,2020-03-24 09:14:00+05:30,2020-03-24 09:15:00+05:30
2020-03-24 15:15:00+05:30,7822.9,7853.0,7800.4,7852.45,,14,regular,False,False,2020-03-24 15:15:00+05:30,2020-03-24 15:29:00+05:30
2020-03-25 09:00:00+05:30,7735.15,7905.15,7735.15,7904.05,,1,outside,False,False,2020-03-25 09:14:00+05:30,2020-03-25 09:15:00+05:30
2020-03-25 15:15:00+05:30,8296.2,8309.55,8279.5,8300.45,,14,regular,False,False,2020-03-25 15:15:00+05:30,2020-03-25 15:29:00+05:30
2020-03-26 09:00:00+05:30,8451.0,8457.65,8359.4,8365.4,,1,outside,False,False,2020-03-26 09:14:00+05:30,2020-03-26 09:15:00+05:30
2020-03-26 15:15:00+05:30,8621.4,8671.1,8607.35,8653.5,,14,regular,False,False,2020-03-26 15:15:00+05:30,2020-03-26 15:29:00+05:30
2020-03-27 09:00:00+05:30,8949.1,8994.1,8940.2,8992.35,,1,outside,False,False,2020-03-27 09:14:00+05:30,2020-03-27 09:15:00+05:30
2020-03-27 15:15:00+05:30,8670.4,8696.5,8665.15,8673.5,,14,regular,False,False,2020-03-27 15:15:00+05:30,2020-03-27 15:29:00+05:30
2020-03-30 09:00:00+05:30,8385.95,8421.05,8334.25,8377.2,,1,outside,False,False,2020-03-30 09:14:00+05:30,2020-03-30 09:15:00+05:30
2020-03-30 15:15:00+05:30,8298.0,8300.35,8259.75,8291.7,,14,regular,False,False,2020-03-30 15:15:00+05:30,2020-03-30 15:29:00+05:30
2020-03-31 09:00:00+05:30,8529.35,8529.35,8434.15,8452.15,,1,outside,False,False,2020-03-31 09:14:00+05:30,2020-03-31 09:15:00+05:30
2020-03-31 15:15:00+05:30,8588.05,8594.6,8551.75,8556.15,,14,regular,False,False,2020-03-31 15:15:00+05:30,2020-03-31 15:29:00+05:30
2020-04-01 09:00:00+05:30,8584.1,8587.6,8526.0,8541.1,,1,outside,False,False,2020-04-01 09:14:00+05:30,2020-04-01 09:15:00+05:30
2020-04-01 15:15:00+05:30,8253.3,8262.8,8250.65,8262.65,,14,regular,False,False,2020-04-01 15:15:00+05:30,2020-04-01 15:29:00+05:30
2020-04-03 09:00:00+05:30,8356.55,8356.55,8196.35,8196.35,,1,outside,False,False,2020-04-03 09:14:00+05:30,2020-04-03 09:15:00+05:30
2020-04-03 15:15:00+05:30,8082.85,8107.05,8079.2,8106.45,,14,regular,False,False,2020-04-03 15:15:00+05:30,2020-04-03 15:29:00+05:30
2020-04-07 09:00:00+05:30,8446.3,8467.1,8436.45,8437.3,,1,outside,False,False,2020-04-07 09:14:00+05:30,2020-04-07 09:15:00+05:30
2020-04-07 15:15:00+05:30,8806.95,8811.4,8767.25,8779.3,,14,regular,False,False,2020-04-07 15:15:00+05:30,2020-04-07 15:29:00+05:30
2020-04-08 09:00:00+05:30,8688.9,8722.8,8658.35,8721.15,,1,outside,False,False,2020-04-08 09:14:00+05:30,2020-04-08 09:15:00+05:30
2020-04-08 15:15:00+05:30,8743.65,8755.85,8737.6,8752.4,,14,regular,False,False,2020-04-08 15:15:00+05:30,2020-04-08 15:29:00+05:30
2020-04-09 09:00:00+05:30,8973.05,8973.05,8920.4,8923.5,,1,outside,False,False,2020-04-09 09:14:00+05:30,2020-04-09 09:15:00+05:30
2020-04-09 15:15:00+05:30,9111.2,9116.8,9094.45,9098.55,,14,regular,False,False,2020-04-09 15:15:00+05:30,2020-04-09 15:29:00+05:30
2020-04-13 09:00:00+05:30,9103.95,9103.95,9048.25,9057.3,,1,outside,False,False,2020-04-13 09:14:00+05:30,2020-04-13 09:15:00+05:30
2020-04-13 15:15:00+05:30,8993.65,9006.65,8987.15,9006.65,,14,regular,False,False,2020-04-13 15:15:00+05:30,2020-04-13 15:29:00+05:30
2020-04-15 09:00:00+05:30,9196.4,9197.65,9156.6,9156.6,,1,outside,False,False,2020-04-15 09:14:00+05:30,2020-04-15 09:15:00+05:30
2020-04-15 15:15:00+05:30,8931.8,8944.3,8921.55,8942.6,,14,regular,False,False,2020-04-15 15:15:00+05:30,2020-04-15 15:29:00+05:30
2020-04-16 09:00:00+05:30,8851.25,8858.1,8827.5,8857.9,,1,outside,False,False,2020-04-16 09:14:00+05:30,2020-04-16 09:15:00+05:30
2020-04-16 15:15:00+05:30,8995.2,9018.8,8992.65,9016.6,,14,regular,False,False,2020-04-16 15:15:00+05:30,2020-04-16 15:29:00+05:30
2020-04-17 09:00:00+05:30,9323.45,9323.45,9285.85,9291.4,,1,outside,False,False,2020-04-17 09:14:00+05:30,2020-04-17 09:15:00+05:30
2020-04-17 15:15:00+05:30,9276.0,9295.65,9270.1,9291.35,,14,regular,False,False,2020-04-17 15:15:00+05:30,2020-04-17 15:29:00+05:30
2020-04-20 09:00:00+05:30,9390.2,9390.2,9306.25,9308.4,,1,outside,False,False,2020-04-20 09:14:00+05:30,2020-04-20 09:15:00+05:30
2020-04-20 15:15:00+05:30,9273.1,9274.4,9259.95,9262.0,,14,regular,False,False,2020-04-20 15:15:00+05:30,2020-04-20 15:29:00+05:30
2020-04-21 09:00:00+05:30,9016.95,9025.15,8995.2,9015.05,,1,outside,False,False,2020-04-21 09:14:00+05:30,2020-04-21 09:15:00+05:30
2020-04-21 15:15:00+05:30,8986.55,8993.55,8971.45,8981.1,,14,regular,False,False,2020-04-21 15:15:00+05:30,2020-04-21 15:29:00+05:30
2020-04-22 09:00:00+05:30,9026.75,9026.75,8962.4,8963.6,,1,outside,False,False,2020-04-22 09:14:00+05:30,2020-04-22 09:15:00+05:30
2020-04-22 15:15:00+05:30,9186.2,9197.35,9180.9,9193.35,,14,regular,False,False,2020-04-22 15:15:00+05:30,2020-04-22 15:29:00+05:30
2020-04-23 09:00:00+05:30,9232.35,9232.35,9171.5,9184.05,,1,outside,False,False,2020-04-23 09:14:00+05:30,2020-04-23 09:15:00+05:30
2020-04-23 15:15:00+05:30,9311.45,9323.75,9296.15,9302.9,,14,regular,False,False,2020-04-23 15:15:00+05:30,2020-04-23 15:29:00+05:30
2020-04-24 09:00:00+05:30,9163.9,9185.05,9149.35,9179.65,,1,outside,False,False,2020-04-24 09:14:00+05:30,2020-04-24 09:15:00+05:30
2020-04-24 15:15:00+05:30,9147.4,9174.95,9142.75,9174.0,,14,regular,False,False,2020-04-24 15:15:00+05:30,2020-04-24 15:29:00+05:30
2020-04-27 09:00:00+05:30,9259.7,9294.8,9259.2,9291.0,,1,outside,False,False,2020-04-27 09:14:00+05:30,2020-04-27 09:15:00+05:30
2020-04-27 15:15:00+05:30,9280.9,9289.7,9269.65,9289.6,,14,regular,False,False,2020-04-27 15:15:00+05:30,2020-04-27 15:29:00+05:30
2020-04-28 09:00:00+05:30,9389.8,9401.05,9371.75,9372.1,,1,outside,False,False,2020-04-28 09:14:00+05:30,2020-04-28 09:15:00+05:30
2020-04-28 15:15:00+05:30,9378.2,9403.1,9376.15,9401.7,,14,regular,False,False,2020-04-28 15:15:00+05:30,2020-04-28 15:29:00+05:30
2020-04-29 09:00:00+05:30,9408.6,9439.5,9396.1,9439.5,,1,outside,False,False,2020-04-29 09:14:00+05:30,2020-04-29 09:15:00+05:30
2020-04-29 15:15:00+05:30,9554.7,9558.65,9524.65,9536.8,,14,regular,False,False,2020-04-29 15:15:00+05:30,2020-04-29 15:29:00+05:30
2020-04-30 09:00:00+05:30,9753.5,9757.85,9734.3,9740.4,,1,outside,False,False,2020-04-30 09:14:00+05:30,2020-04-30 09:15:00+05:30
2020-04-30 15:15:00+05:30,9873.05,9884.5,9848.1,9851.85,,14,regular,False,False,2020-04-30 15:15:00+05:30,2020-04-30 15:29:00+05:30
2020-05-04 09:00:00+05:30,9533.5,9533.5,9443.85,9475.6,,1,outside,False,False,2020-05-04 09:14:00+05:30,2020-05-04 09:15:00+05:30
2020-05-04 15:15:00+05:30,9286.7,9314.7,9282.85,9305.7,,14,regular,False,False,2020-05-04 15:15:00+05:30,2020-05-04 15:29:00+05:30
2020-05-05 09:00:00+05:30,9429.4,9438.15,9415.0,9423.3,,1,outside,False,False,2020-05-05 09:14:00+05:30,2020-05-05 09:15:00+05:30
2020-05-05 15:15:00+05:30,9208.9,9222.9,9198.95,9222.9,,14,regular,False,False,2020-05-05 15:15:00+05:30,2020-05-05 15:29:00+05:30
2020-05-06 09:00:00+05:30,9226.8,9230.4,9182.7,9182.7,,1,outside,False,False,2020-05-06 09:14:00+05:30,2020-05-06 09:15:00+05:30
2020-05-06 15:15:00+05:30,9273.15,9289.5,9267.65,9287.8,,14,regular,False,False,2020-05-06 15:15:00+05:30,2020-05-06 15:29:00+05:30
2020-05-07 09:00:00+05:30,9234.05,9234.05,9179.05,9209.05,,1,outside,False,False,2020-05-07 09:14:00+05:30,2020-05-07 09:15:00+05:30
2020-05-07 15:15:00+05:30,9199.65,9216.45,9187.8,9212.95,,14,regular,False,False,2020-05-07 15:15:00+05:30,2020-05-07 15:29:00+05:30
2020-05-08 09:00:00+05:30,9376.95,9380.85,9350.7,9351.8,,1,outside,False,False,2020-05-08 09:14:00+05:30,2020-05-08 09:15:00+05:30
2020-05-08 15:15:00+05:30,9251.05,9271.6,9245.15,9249.5,,14,regular,False,False,2020-05-08 15:15:00+05:30,2020-05-08 15:29:00+05:30
2020-05-11 09:00:00+05:30,9348.15,9360.25,9342.9,9359.75,,1,outside,False,False,2020-05-11 09:14:00+05:30,2020-05-11 09:15:00+05:30
2020-05-11 15:15:00+05:30,9242.15,9258.15,9234.85,9247.2,,14,regular,False,False,2020-05-11 15:15:00+05:30,2020-05-11 15:29:00+05:30
2020-05-12 09:00:00+05:30,9168.85,9168.85,9130.9,9140.25,,1,outside,False,False,2020-05-12 09:14:00+05:30,2020-05-12 09:15:00+05:30
2020-05-12 15:15:00+05:30,9178.1,9217.95,9174.4,9209.65,,14,regular,False,False,2020-05-12 15:15:00+05:30,2020-05-12 15:29:00+05:30
2020-05-13 09:00:00+05:30,9584.2,9584.2,9495.4,9495.4,,1,outside,False,False,2020-05-13 09:14:00+05:30,2020-05-13 09:15:00+05:30
2020-05-13 15:15:00+05:30,9386.4,9395.95,9372.2,9383.25,,14,regular,False,False,2020-05-13 15:15:00+05:30,2020-05-13 15:29:00+05:30
2020-05-14 09:00:00+05:30,9213.95,9218.1,9197.5,9211.45,,1,outside,False,False,2020-05-14 09:14:00+05:30,2020-05-14 09:15:00+05:30
2020-05-14 15:15:00+05:30,9134.9,9151.4,9130.25,9150.2,,14,regular,False,False,2020-05-14 15:15:00+05:30,2020-05-14 15:29:00+05:30
2020-05-15 09:00:00+05:30,9182.4,9182.4,9099.05,9105.4,,1,outside,False,False,2020-05-15 09:14:00+05:30,2020-05-15 09:15:00+05:30
2020-05-15 15:15:00+05:30,9133.6,9147.6,9125.4,9128.95,,14,regular,False,False,2020-05-15 15:15:00+05:30,2020-05-15 15:29:00+05:30
2020-05-18 09:00:00+05:30,9158.3,9158.3,9100.6,9104.0,,1,outside,False,False,2020-05-18 09:14:00+05:30,2020-05-18 09:15:00+05:30
2020-05-18 15:15:00+05:30,8823.4,8833.9,8807.5,8830.4,,14,regular,False,False,2020-05-18 15:15:00+05:30,2020-05-18 15:29:00+05:30
2020-05-19 09:00:00+05:30,8961.7,8962.8,8913.1,8925.35,,1,outside,False,False,2020-05-19 09:14:00+05:30,2020-05-19 09:15:00+05:30
2020-05-19 15:15:00+05:30,8881.9,8901.6,8880.7,8890.55,,14,regular,False,False,2020-05-19 15:15:00+05:30,2020-05-19 15:29:00+05:30
2020-05-20 09:00:00+05:30,8889.15,8922.25,8877.4,8920.25,,1,outside,False,False,2020-05-20 09:14:00+05:30,2020-05-20 09:15:00+05:30
2020-05-20 15:15:00+05:30,9073.05,9092.7,9071.4,9085.15,,14,regular,False,False,2020-05-20 15:15:00+05:30,2020-05-20 15:29:00+05:30
2020-05-21 09:00:00+05:30,9079.45,9084.8,9056.6,9073.5,,1,outside,False,False,2020-05-21 09:14:00+05:30,2020-05-21 09:15:00+05:30
2020-05-21 15:15:00+05:30,9110.2,9114.15,9095.4,9102.2,,14,regular,False,False,2020-05-21 15:15:00+05:30,2020-05-21 15:29:00+05:30
2020-05-22 09:00:00+05:30,9067.9,9067.9,9025.4,9041.7,,1,outside,False,False,2020-05-22 09:14:00+05:30,2020-05-22 09:15:00+05:30
2020-05-22 15:15:00+05:30,9035.7,9068.3,9035.7,9051.5,,14,regular,False,False,2020-05-22 15:15:00+05:30,2020-05-22 15:29:00+05:30
2020-05-26 09:00:00+05:30,9099.75,9144.75,9099.75,9144.75,,1,outside,False,False,2020-05-26 09:14:00+05:30,2020-05-26 09:15:00+05:30
2020-05-26 15:15:00+05:30,9021.0,9048.25,9020.15,9046.1,,14,regular,False,False,2020-05-26 15:15:00+05:30,2020-05-26 15:29:00+05:30
2020-05-27 09:00:00+05:30,9082.2,9084.8,9062.75,9062.8,,1,outside,False,False,2020-05-27 09:14:00+05:30,2020-05-27 09:15:00+05:30
2020-05-27 15:15:00+05:30,9321.55,9333.35,9310.3,9317.4,,14,regular,False,False,2020-05-27 15:15:00+05:30,2020-05-27 15:29:00+05:30
2020-05-28 09:00:00+05:30,9364.95,9370.2,9338.95,9352.4,,1,outside,False,False,2020-05-28 09:14:00+05:30,2020-05-28 09:15:00+05:30
2020-05-28 15:15:00+05:30,9487.45,9509.5,9482.3,9488.0,,14,regular,False,False,2020-05-28 15:15:00+05:30,2020-05-28 15:29:00+05:30
2020-05-29 09:00:00+05:30,9422.2,9422.2,9377.9,9406.75,,1,outside,False,False,2020-05-29 09:14:00+05:30,2020-05-29 09:15:00+05:30
2020-05-29 15:15:00+05:30,9590.75,9590.8,9553.85,9568.45,,14,regular,False,False,2020-05-29 15:15:00+05:30,2020-05-29 15:29:00+05:30
2020-06-01 09:00:00+05:30,9726.85,9759.05,9712.4,9759.05,,1,outside,False,False,2020-06-01 09:14:00+05:30,2020-06-01 09:15:00+05:30
2020-06-01 15:15:00+05:30,9826.05,9826.8,9802.15,9812.2,,14,regular,False,False,2020-06-01 15:15:00+05:30,2020-06-01 15:29:00+05:30
2020-06-02 09:00:00+05:30,9880.85,9880.85,9839.3,9859.05,,1,outside,False,False,2020-06-02 09:14:00+05:30,2020-06-02 09:15:00+05:30
2020-06-02 15:15:00+05:30,9977.3,9995.45,9972.55,9995.1,,14,regular,False,False,2020-06-02 15:15:00+05:30,2020-06-02 15:29:00+05:30
2020-06-03 09:00:00+05:30,10108.3,10141.95,10103.95,10139.25,,1,outside,False,False,2020-06-03 09:14:00+05:30,2020-06-03 09:15:00+05:30
2020-06-03 15:15:00+05:30,10047.1,10069.5,10035.85,10068.05,,14,regular,False,False,2020-06-03 15:15:00+05:30,2020-06-03 15:29:00+05:30
2020-06-04 09:00:00+05:30,10054.25,10080.05,10048.15,10079.1,,1,outside,False,False,2020-06-04 09:14:00+05:30,2020-06-04 09:15:00+05:30
2020-06-04 15:15:00+05:30,10023.95,10042.25,10023.05,10030.75,,14,regular,False,False,2020-06-04 15:15:00+05:30,2020-06-04 15:29:00+05:30
2020-06-05 09:00:00+05:30,10093.8,10122.15,10086.35,10110.4,,1,outside,False,False,2020-06-05 09:14:00+05:30,2020-06-05 09:15:00+05:30
2020-06-05 15:15:00+05:30,10138.45,10170.6,10130.6,10168.2,,14,regular,False,False,2020-06-05 15:15:00+05:30,2020-06-05 15:29:00+05:30
2020-06-08 09:00:00+05:30,10326.75,10326.75,10303.5,10323.9,,1,outside,False,False,2020-06-08 09:14:00+05:30,2020-06-08 09:15:00+05:30
2020-06-08 15:15:00+05:30,10164.0,10182.6,10153.05,10175.25,,14,regular,False,False,2020-06-08 15:15:00+05:30,2020-06-08 15:29:00+05:30
2020-06-09 09:00:00+05:30,10181.15,10214.35,10181.15,10199.45,,1,outside,False,False,2020-06-09 09:14:00+05:30,2020-06-09 09:15:00+05:30
2020-06-09 15:15:00+05:30,10049.5,10052.75,10025.9,10026.25,,14,regular,False,False,2020-06-09 15:15:00+05:30,2020-06-09 15:29:00+05:30
2020-06-10 09:00:00+05:30,10072.6,10101.95,10069.55,10100.2,,1,outside,False,False,2020-06-10 09:14:00+05:30,2020-06-10 09:15:00+05:30
2020-06-10 15:15:00+05:30,10139.3,10147.65,10128.65,10139.4,,14,regular,False,False,2020-06-10 15:15:00+05:30,2020-06-10 15:29:00+05:30
2020-06-11 09:00:00+05:30,10094.1,10094.1,10053.85,10065.3,,1,outside,False,False,2020-06-11 09:14:00+05:30,2020-06-11 09:15:00+05:30
2020-06-11 15:15:00+05:30,9894.75,9915.0,9886.9,9910.15,,14,regular,False,False,2020-06-11 15:15:00+05:30,2020-06-11 15:29:00+05:30
2020-06-12 09:00:00+05:30,9544.95,9649.5,9544.95,9649.5,,1,outside,False,False,2020-06-12 09:14:00+05:30,2020-06-12 09:15:00+05:30
2020-06-12 15:15:00+05:30,9979.25,9983.15,9951.7,9958.15,,14,regular,False,False,2020-06-12 15:15:00+05:30,2020-06-12 15:29:00+05:30
2020-06-15 09:00:00+05:30,9919.35,9923.25,9895.3,9914.15,,1,outside,False,False,2020-06-15 09:14:00+05:30,2020-06-15 09:15:00+05:30
2020-06-15 15:15:00+05:30,9798.95,9824.4,9792.7,9818.05,,14,regular,False,False,2020-06-15 15:15:00+05:30,2020-06-15 15:29:00+05:30
2020-06-16 09:00:00+05:30,10014.8,10030.25,9999.55,10028.75,,1,outside,False,False,2020-06-16 09:14:00+05:30,2020-06-16 09:15:00+05:30
2020-06-16 15:15:00+05:30,9913.75,9924.0,9898.7,9900.8,,14,regular,False,False,2020-06-16 15:15:00+05:30,2020-06-16 15:29:00+05:30
2020-06-17 09:00:00+05:30,9876.7,9878.9,9855.55,9874.15,,1,outside,False,False,2020-06-17 09:14:00+05:30,2020-06-17 09:15:00+05:30
2020-06-17 15:15:00+05:30,9884.55,9889.5,9868.45,9876.85,,14,regular,False,False,2020-06-17 15:15:00+05:30,2020-06-17 15:29:00+05:30
2020-06-18 09:00:00+05:30,9863.25,9879.4,9850.25,9877.85,,1,outside,False,False,2020-06-18 09:14:00+05:30,2020-06-18 09:15:00+05:30
2020-06-18 15:15:00+05:30,10081.9,10110.6,10081.9,10091.25,,14,regular,False,False,2020-06-18 15:15:00+05:30,2020-06-18 15:29:00+05:30
2020-06-19 09:00:00+05:30,10119.0,10142.8,10109.15,10142.8,,1,outside,False,False,2020-06-19 09:14:00+05:30,2020-06-19 09:15:00+05:30
2020-06-19 15:15:00+05:30,10246.75,10263.85,10234.0,10254.05,,14,regular,False,False,2020-06-19 15:15:00+05:30,2020-06-19 15:29:00+05:30
2020-06-22 09:00:00+05:30,10318.75,10318.75,10288.1,10294.8,,1,outside,False,False,2020-06-22 09:14:00+05:30,2020-06-22 09:15:00+05:30
2020-06-22 15:15:00+05:30,10317.25,10331.1,10308.2,10324.7,,14,regular,False,False,2020-06-22 15:15:00+05:30,2020-06-22 15:29:00+05:30
2020-06-23 09:00:00+05:30,10347.95,10356.45,10331.5,10356.45,,1,outside,False,False,2020-06-23 09:14:00+05:30,2020-06-23 09:15:00+05:30
2020-06-23 15:15:00+05:30,10464.1,10484.2,10462.5,10482.75,,14,regular,False,False,2020-06-23 15:15:00+05:30,2020-06-23 15:29:00+05:30
2020-06-24 09:00:00+05:30,10529.25,10529.25,10512.6,10521.7,,1,outside,False,False,2020-06-24 09:14:00+05:30,2020-06-24 09:15:00+05:30
2020-06-24 15:15:00+05:30,10300.9,10320.05,10289.25,10320.05,,14,regular,False,False,2020-06-24 15:15:00+05:30,2020-06-24 15:29:00+05:30
2020-06-25 09:00:00+05:30,10235.55,10235.55,10195.6,10205.0,,1,outside,False,False,2020-06-25 09:14:00+05:30,2020-06-25 09:15:00+05:30
2020-06-25 15:15:00+05:30,10284.05,10290.55,10269.25,10284.35,,14,regular,False,False,2020-06-25 15:15:00+05:30,2020-06-25 15:29:00+05:30
2020-06-26 09:00:00+05:30,10378.9,10388.1,10366.25,10387.15,,1,outside,False,False,2020-06-26 09:14:00+05:30,2020-06-26 09:15:00+05:30
2020-06-26 15:15:00+05:30,10382.85,10409.3,10380.5,10400.85,,14,regular,False,False,2020-06-26 15:15:00+05:30,2020-06-26 15:29:00+05:30
2020-06-29 09:00:00+05:30,10311.95,10315.85,10291.5,10310.4,,1,outside,False,False,2020-06-29 09:14:00+05:30,2020-06-29 09:15:00+05:30
2020-06-29 15:15:00+05:30,10323.95,10337.25,10312.6,10315.1,,14,regular,False,False,2020-06-29 15:15:00+05:30,2020-06-29 15:29:00+05:30
2020-06-30 09:00:00+05:30,10382.6,10390.4,10378.7,10380.05,,1,outside,False,False,2020-06-30 09:14:00+05:30,2020-06-30 09:15:00+05:30
2020-06-30 15:15:00+05:30,10304.9,10312.85,10292.3,10307.35,,14,regular,False,False,2020-06-30 15:15:00+05:30,2020-06-30 15:29:00+05:30
2020-07-01 09:00:00+05:30,10323.8,10323.8,10307.3,10314.95,,1,outside,False,False,2020-07-01 09:14:00+05:30,2020-07-01 09:15:00+05:30
2020-07-01 15:15:00+05:30,10429.0,10431.15,10413.0,10419.45,,14,regular,False,False,2020-07-01 15:15:00+05:30,2020-07-01 15:29:00+05:30
2020-07-02 09:00:00+05:30,10493.05,10516.65,10490.1,10514.9,,1,outside,False,False,2020-07-02 09:14:00+05:30,2020-07-02 09:15:00+05:30
2020-07-02 15:15:00+05:30,10542.05,10564.95,10539.6,10563.6,,14,regular,False,False,2020-07-02 15:15:00+05:30,2020-07-02 15:29:00+05:30
2020-07-03 09:00:00+05:30,10614.95,10627.9,10609.95,10621.35,,1,outside,False,False,2020-07-03 09:14:00+05:30,2020-07-03 09:15:00+05:30
2020-07-03 15:15:00+05:30,10607.3,10620.75,10600.45,10602.7,,14,regular,False,False,2020-07-03 15:15:00+05:30,2020-07-03 15:29:00+05:30
2020-07-06 09:00:00+05:30,10723.85,10723.85,10705.55,10714.75,,1,outside,False,False,2020-07-06 09:14:00+05:30,2020-07-06 09:15:00+05:30
2020-07-06 15:15:00+05:30,10760.95,10779.5,10756.55,10770.05,,14,regular,False,False,2020-07-06 15:15:00+05:30,2020-07-06 15:29:00+05:30
2020-07-07 09:00:00+05:30,10802.85,10802.85,10767.7,10774.3,,1,outside,False,False,2020-07-07 09:14:00+05:30,2020-07-07 09:15:00+05:30
2020-07-07 15:15:00+05:30,10800.25,10806.3,10780.7,10787.5,,14,regular,False,False,2020-07-07 15:15:00+05:30,2020-07-07 15:29:00+05:30
2020-07-08 09:00:00+05:30,10818.65,10818.65,10798.35,10812.5,,1,outside,False,False,2020-07-08 09:14:00+05:30,2020-07-08 09:15:00+05:30
2020-07-08 15:15:00+05:30,10703.25,10703.6,10677.5,10696.15,,14,regular,False,False,2020-07-08 15:15:00+05:30,2020-07-08 15:29:00+05:30
2020-07-09 09:00:00+05:30,10755.55,10760.45,10746.95,10752.6,,1,outside,False,False,2020-07-09 09:14:00+05:30,2020-07-09 09:15:00+05:30
2020-07-09 15:15:00+05:30,10812.6,10836.5,10810.9,10833.45,,14,regular,False,False,2020-07-09 15:15:00+05:30,2020-07-09 15:29:00+05:30
2020-07-10 09:00:00+05:30,10764.1,10785.95,10758.55,10775.75,,1,outside,False,False,2020-07-10 09:14:00+05:30,2020-07-10 09:15:00+05:30
2020-07-10 15:15:00+05:30,10761.0,10778.6,10756.55,10771.2,,14,regular,False,False,2020-07-10 15:15:00+05:30,2020-07-10 15:29:00+05:30
2020-07-13 09:00:00+05:30,10851.85,10864.5,10848.55,10861.55,,1,outside,False,False,2020-07-13 09:14:00+05:30,2020-07-13 09:15:00+05:30
2020-07-13 15:15:00+05:30,10800.2,10818.3,10793.9,10814.75,,14,regular,False,False,2020-07-13 15:15:00+05:30,2020-07-13 15:29:00+05:30
2020-07-14 09:00:00+05:30,10750.85,10750.85,10722.9,10734.65,,1,outside,False,False,2020-07-14 09:14:00+05:30,2020-07-14 09:15:00+05:30
2020-07-14 15:15:00+05:30,10615.2,10619.8,10600.3,10610.15,,14,regular,False,False,2020-07-14 15:15:00+05:30,2020-07-14 15:29:00+05:30
2020-07-15 09:00:00+05:30,10701.0,10705.6,10686.1,10692.75,,1,outside,False,False,2020-07-15 09:14:00+05:30,2020-07-15 09:15:00+05:30
2020-07-15 15:15:00+05:30,10596.75,10637.9,10582.35,10637.9,,14,regular,False,False,2020-07-15 15:15:00+05:30,2020-07-15 15:29:00+05:30
2020-07-16 09:00:00+05:30,10706.2,10706.2,10637.95,10641.25,,1,outside,False,False,2020-07-16 09:14:00+05:30,2020-07-16 09:15:00+05:30
2020-07-16 15:15:00+05:30,10735.15,10752.15,10723.1,10728.05,,14,regular,False,False,2020-07-16 15:15:00+05:30,2020-07-16 15:29:00+05:30
2020-07-17 09:00:00+05:30,10752.0,10789.05,10752.0,10785.75,,1,outside,False,False,2020-07-17 09:14:00+05:30,2020-07-17 09:15:00+05:30
2020-07-17 15:15:00+05:30,10902.15,10932.15,10901.35,10930.8,,14,regular,False,False,2020-07-17 15:15:00+05:30,2020-07-17 15:29:00+05:30
2020-07-20 09:00:00+05:30,10999.45,11001.0,10960.05,10974.2,,1,outside,False,False,2020-07-20 09:14:00+05:30,2020-07-20 09:15:00+05:30
2020-07-20 15:15:00+05:30,11026.05,11037.5,11019.45,11027.55,,14,regular,False,False,2020-07-20 15:15:00+05:30,2020-07-20 15:29:00+05:30
2020-07-21 09:00:00+05:30,11126.1,11140.35,11126.1,11130.0,,1,outside,False,False,2020-07-21 09:14:00+05:30,2020-07-21 09:15:00+05:30
2020-07-21 15:15:00+05:30,11159.3,11173.1,11154.0,11173.1,,14,regular,False,False,2020-07-21 15:15:00+05:30,2020-07-21 15:29:00+05:30
2020-07-22 09:00:00+05:30,11231.2,11231.2,11175.75,11175.75,,1,outside,False,False,2020-07-22 09:14:00+05:30,2020-07-22 09:15:00+05:30
2020-07-22 15:15:00+05:30,11134.1,11154.15,11131.1,11143.65,,14,regular,False,False,2020-07-22 15:15:00+05:30,2020-07-22 15:29:00+05:30
2020-07-23 09:00:00+05:30,11135.0,11135.0,11105.1,11119.5,,1,outside,False,False,2020-07-23 09:14:00+05:30,2020-07-23 09:15:00+05:30
2020-07-23 15:15:00+05:30,11213.15,11238.8,11211.45,11234.6,,14,regular,False,False,2020-07-23 15:15:00+05:30,2020-07-23 15:29:00+05:30
2020-07-24 09:00:00+05:30,11149.95,11149.95,11128.2,11140.75,,1,outside,False,False,2020-07-24 09:14:00+05:30,2020-07-24 09:15:00+05:30
2020-07-24 15:15:00+05:30,11199.95,11205.6,11189.9,11197.95,,14,regular,False,False,2020-07-24 15:15:00+05:30,2020-07-24 15:29:00+05:30
2020-07-27 09:00:00+05:30,11225.0,11225.0,11189.35,11189.75,,1,outside,False,False,2020-07-27 09:14:00+05:30,2020-07-27 09:15:00+05:30
2020-07-27 15:15:00+05:30,11127.85,11132.95,11113.15,11124.5,,14,regular,False,False,2020-07-27 15:15:00+05:30,2020-07-27 15:29:00+05:30
2020-07-28 09:00:00+05:30,11154.1,11184.0,11154.1,11169.6,,1,outside,False,False,2020-07-28 09:14:00+05:30,2020-07-28 09:15:00+05:30
2020-07-28 15:15:00+05:30,11300.85,11311.05,11284.9,11292.0,,14,regular,False,False,2020-07-28 15:15:00+05:30,2020-07-28 15:29:00+05:30
2020-07-29 09:00:00+05:30,11276.9,11316.45,11275.35,11313.1,,1,outside,False,False,2020-07-29 09:14:00+05:30,2020-07-29 09:15:00+05:30
2020-07-29 15:15:00+05:30,11209.65,11213.8,11182.2,11197.2,,14,regular,False,False,2020-07-29 15:15:00+05:30,2020-07-29 15:29:00+05:30
2020-07-30 09:00:00+05:30,11254.3,11276.2,11253.05,11258.9,,1,outside,False,False,2020-07-30 09:14:00+05:30,2020-07-30 09:15:00+05:30
2020-07-30 15:15:00+05:30,11106.9,11110.05,11086.65,11095.15,,14,regular,False,False,2020-07-30 15:15:00+05:30,2020-07-30 15:29:00+05:30
2020-07-31 09:00:00+05:30,11139.5,11139.5,11077.15,11082.6,,1,outside,False,False,2020-07-31 09:14:00+05:30,2020-07-31 09:15:00+05:30
2020-07-31 15:15:00+05:30,11068.35,11090.5,11061.5,11090.15,,14,regular,False,False,2020-07-31 15:15:00+05:30,2020-07-31 15:29:00+05:30
2020-08-03 09:00:00+05:30,11057.55,11057.55,11006.85,11022.1,,1,outside,False,False,2020-08-03 09:14:00+05:30,2020-08-03 09:15:00+05:30
2020-08-03 15:15:00+05:30,10892.45,10901.45,10886.0,10900.0,,14,regular,False,False,2020-08-03 15:15:00+05:30,2020-08-03 15:29:00+05:30
2020-08-04 09:00:00+05:30,10946.65,10967.75,10946.65,10958.4,,1,outside,False,False,2020-08-04 09:14:00+05:30,2020-08-04 09:15:00+05:30
2020-08-04 15:15:00+05:30,11096.85,11110.5,11092.0,11102.5,,14,regular,False,False,2020-08-04 15:15:00+05:30,2020-08-04 15:29:00+05:30
2020-08-05 09:00:00+05:30,11155.75,11180.9,11155.1,11174.85,,1,outside,False,False,2020-08-05 09:14:00+05:30,2020-08-05 09:15:00+05:30
2020-08-05 15:15:00+05:30,11107.05,11122.9,11096.55,11119.9,,14,regular,False,False,2020-08-05 15:15:00+05:30,2020-08-05 15:29:00+05:30
2020-08-06 09:00:00+05:30,11185.7,11185.7,11150.45,11159.9,,1,outside,False,False,2020-08-06 09:14:00+05:30,2020-08-06 09:15:00+05:30
2020-08-06 15:15:00+05:30,11200.85,11210.2,11191.95,11206.8,,14,regular,False,False,2020-08-06 15:15:00+05:30,2020-08-06 15:29:00+05:30
2020-08-07 09:00:00+05:30,11186.65,11186.65,11145.2,11169.2,,1,outside,False,False,2020-08-07 09:14:00+05:30,2020-08-07 09:15:00+05:30
2020-08-07 15:15:00+05:30,11213.4,11220.2,11204.95,11216.9,,14,regular,False,False,2020-08-07 15:15:00+05:30,2020-08-07 15:29:00+05:30
2020-08-10 09:00:00+05:30,11270.25,11283.8,11266.9,11282.3,,1,outside,False,False,2020-08-10 09:14:00+05:30,2020-08-10 09:15:00+05:30
2020-08-10 15:15:00+05:30,11265.55,11277.55,11261.05,11274.65,,14,regular,False,False,2020-08-10 15:15:00+05:30,2020-08-10 15:29:00+05:30
2020-08-11 09:00:00+05:30,11322.25,11358.1,11322.25,11356.2,,1,outside,False,False,2020-08-11 09:14:00+05:30,2020-08-11 09:15:00+05:30
2020-08-11 15:15:00+05:30,11322.35,11332.3,11311.3,11332.0,,14,regular,False,False,2020-08-11 15:15:00+05:30,2020-08-11 15:29:00+05:30
2020-08-12 09:00:00+05:30,11289.0,11289.0,11247.45,11255.65,,1,outside,False,False,2020-08-12 09:14:00+05:30,2020-08-12 09:15:00+05:30
2020-08-12 15:15:00+05:30,11308.75,11313.6,11299.9,11310.75,,14,regular,False,False,2020-08-12 15:15:00+05:30,2020-08-12 15:29:00+05:30
2020-08-13 09:00:00+05:30,11334.85,11343.55,11322.6,11343.55,,1,outside,False,False,2020-08-13 09:14:00+05:30,2020-08-13 09:15:00+05:30
2020-08-13 15:15:00+05:30,11298.8,11314.55,11293.8,11312.2,,14,regular,False,False,2020-08-13 15:15:00+05:30,2020-08-13 15:29:00+05:30
2020-08-14 09:00:00+05:30,11353.3,11353.3,11332.7,11344.45,,1,outside,False,False,2020-08-14 09:14:00+05:30,2020-08-14 09:15:00+05:30
2020-08-14 15:15:00+05:30,11181.1,11197.2,11172.05,11183.05,,14,regular,False,False,2020-08-14 15:15:00+05:30,2020-08-14 15:29:00+05:30
2020-08-17 09:00:00+05:30,11248.9,11248.9,11228.25,11228.25,,1,outside,False,False,2020-08-17 09:14:00+05:30,2020-08-17 09:15:00+05:30
2020-08-17 15:15:00+05:30,11241.95,11266.95,11239.85,11259.65,,14,regular,False,False,2020-08-17 15:15:00+05:30,2020-08-17 15:29:00+05:30
2020-08-18 09:00:00+05:30,11259.8,11275.95,11255.4,11263.35,,1,outside,False,False,2020-08-18 09:14:00+05:30,2020-08-18 09:15:00+05:30
2020-08-18 15:15:00+05:30,11380.5,11394.9,11378.1,11391.2,,14,regular,False,False,2020-08-18 15:15:00+05:30,2020-08-18 15:29:00+05:30
2020-08-19 09:00:00+05:30,11452.15,11458.6,11444.3,11458.3,,1,outside,False,False,2020-08-19 09:14:00+05:30,2020-08-19 09:15:00+05:30
2020-08-19 15:15:00+05:30,11404.6,11421.9,11397.35,11421.35,,14,regular,False,False,2020-08-19 15:15:00+05:30,2020-08-19 15:29:00+05:30
2020-08-20 09:00:00+05:30,11317.45,11317.45,11295.8,11314.6,,1,outside,False,False,2020-08-20 09:14:00+05:30,2020-08-20 09:15:00+05:30
2020-08-20 15:15:00+05:30,11307.15,11319.8,11300.95,11308.3,,14,regular,False,False,2020-08-20 15:15:00+05:30,2020-08-20 15:29:00+05:30
2020-08-21 09:00:00+05:30,11409.65,11409.65,11389.95,11393.95,,1,outside,False,False,2020-08-21 09:14:00+05:30,2020-08-21 09:15:00+05:30
2020-08-21 15:15:00+05:30,11371.1,11386.8,11366.65,11378.4,,14,regular,False,False,2020-08-21 15:15:00+05:30,2020-08-21 15:29:00+05:30
2020-08-24 09:00:00+05:30,11412.0,11439.4,11412.0,11438.5,,1,outside,False,False,2020-08-24 09:14:00+05:30,2020-08-24 09:15:00+05:30
2020-08-24 15:15:00+05:30,11467.2,11473.25,11452.4,11472.9,,14,regular,False,False,2020-08-24 15:15:00+05:30,2020-08-24 15:29:00+05:30
2020-08-25 09:00:00+05:30,11513.1,11515.0,11499.1,11506.3,,1,outside,False,False,2020-08-25 09:14:00+05:30,2020-08-25 09:15:00+05:30
2020-08-25 15:15:00+05:30,11472.75,11487.0,11469.75,11479.35,,14,regular,False,False,2020-08-25 15:15:00+05:30,2020-08-25 15:29:00+05:30
2020-08-26 09:00:00+05:30,11512.85,11515.15,11484.4,11484.55,,1,outside,False,False,2020-08-26 09:14:00+05:30,2020-08-26 09:15:00+05:30
2020-08-26 15:15:00+05:30,11551.6,11561.05,11548.15,11551.7,,14,regular,False,False,2020-08-26 15:15:00+05:30,2020-08-26 15:29:00+05:30
2020-08-27 09:00:00+05:30,11609.3,11609.3,11593.95,11601.55,,1,outside,False,False,2020-08-27 09:14:00+05:30,2020-08-27 09:15:00+05:30
2020-08-27 12:15:00+05:30,11600.0,11611.5,11597.65,11609.8,,13,regular,False,False,2020-08-27 12:15:00+05:30,2020-08-27 12:30:00+05:30
2020-08-27 15:15:00+05:30,11555.15,11573.55,11550.25,11571.5,,14,regular,False,False,2020-08-27 15:15:00+05:30,2020-08-27 15:29:00+05:30
2020-08-28 09:00:00+05:30,11602.95,11613.8,11592.5,11610.9,,1,outside,False,False,2020-08-28 09:14:00+05:30,2020-08-28 09:15:00+05:30
2020-08-28 15:15:00+05:30,11640.35,11658.55,11633.5,11657.1,,14,regular,False,False,2020-08-28 15:15:00+05:30,2020-08-28 15:29:00+05:30
2020-08-31 09:00:00+05:30,11777.55,11790.35,11761.6,11788.95,,1,outside,False,False,2020-08-31 09:14:00+05:30,2020-08-31 09:15:00+05:30
2020-08-31 15:15:00+05:30,11417.9,11428.15,11334.1,11341.05,,14,regular,False,False,2020-08-31 15:15:00+05:30,2020-08-31 15:29:00+05:30
2020-09-01 09:00:00+05:30,11464.3,11464.3,11378.2,11394.3,,1,outside,False,False,2020-09-01 09:14:00+05:30,2020-09-01 09:15:00+05:30
2020-09-01 15:15:00+05:30,11469.25,11495.4,11468.1,11494.1,,14,regular,False,False,2020-09-01 15:15:00+05:30,2020-09-01 15:29:00+05:30
2020-09-02 09:00:00+05:30,11478.55,11503.6,11478.55,11485.15,,1,outside,False,False,2020-09-02 09:14:00+05:30,2020-09-02 09:15:00+05:30
2020-09-02 15:15:00+05:30,11528.0,11554.15,11524.55,11543.1,,14,regular,False,False,2020-09-02 15:15:00+05:30,2020-09-02 15:29:00+05:30
2020-09-03 09:00:00+05:30,11566.2,11584.55,11562.65,11576.6,,1,outside,False,False,2020-09-03 09:14:00+05:30,2020-09-03 09:15:00+05:30
2020-09-03 15:15:00+05:30,11524.7,11536.7,11516.05,11535.7,,14,regular,False,False,2020-09-03 15:15:00+05:30,2020-09-03 15:29:00+05:30
2020-09-04 09:00:00+05:30,11354.4,11354.4,11334.35,11342.65,,1,outside,False,False,2020-09-04 09:14:00+05:30,2020-09-04 09:15:00+05:30
2020-09-04 15:15:00+05:30,11337.05,11358.55,11331.2,11358.35,,14,regular,False,False,2020-09-04 15:15:00+05:30,2020-09-04 15:29:00+05:30
2020-09-07 09:00:00+05:30,11359.6,11359.6,11316.4,11335.25,,1,outside,False,False,2020-09-07 09:14:00+05:30,2020-09-07 09:15:00+05:30
2020-09-07 15:15:00+05:30,11365.4,11379.95,11363.65,11377.0,,14,regular,False,False,2020-09-07 15:15:00+05:30,2020-09-07 15:29:00+05:30
2020-09-08 09:00:00+05:30,11378.55,11378.55,11334.8,11348.0,,1,outside,False,False,2020-09-08 09:14:00+05:30,2020-09-08 09:15:00+05:30
2020-09-08 15:15:00+05:30,11327.0,11329.05,11291.65,11294.3,,14,regular,False,False,2020-09-08 15:15:00+05:30,2020-09-08 15:29:00+05:30
2020-09-09 09:00:00+05:30,11218.6,11245.7,11209.7,11243.4,,1,outside,False,False,2020-09-09 09:14:00+05:30,2020-09-09 09:15:00+05:30
2020-09-09 15:15:00+05:30,11285.75,11297.85,11276.05,11285.75,,14,regular,False,False,2020-09-09 15:15:00+05:30,2020-09-09 15:29:00+05:30
2020-09-10 09:00:00+05:30,11363.3,11366.0,11331.75,11344.75,,1,outside,False,False,2020-09-10 09:14:00+05:30,2020-09-10 09:15:00+05:30
2020-09-10 15:15:00+05:30,11451.7,11463.05,11446.8,11454.35,,14,regular,False,False,2020-09-10 15:15:00+05:30,2020-09-10 15:29:00+05:30
2020-09-11 09:00:00+05:30,11447.8,11448.95,11426.1,11448.95,,1,outside,False,False,2020-09-11 09:14:00+05:30,2020-09-11 09:15:00+05:30
2020-09-11 15:15:00+05:30,11466.65,11470.7,11453.35,11454.85,,14,regular,False,False,2020-09-11 15:15:00+05:30,2020-09-11 15:29:00+05:30
2020-09-14 09:00:00+05:30,11540.15,11548.05,11537.6,11547.2,,1,outside,False,False,2020-09-14 09:14:00+05:30,2020-09-14 09:15:00+05:30
2020-09-14 15:15:00+05:30,11448.1,11448.1,11410.4,11422.1,,14,regular,False,False,2020-09-14 15:15:00+05:30,2020-09-14 15:29:00+05:30
2020-09-15 09:00:00+05:30,11487.2,11487.2,11467.1,11473.95,,1,outside,False,False,2020-09-15 09:14:00+05:30,2020-09-15 09:15:00+05:30
2020-09-15 15:15:00+05:30,11513.45,11535.2,11512.85,11532.15,,14,regular,False,False,2020-09-15 15:15:00+05:30,2020-09-15 15:29:00+05:30
2020-09-16 09:00:00+05:30,11538.45,11542.5,11520.15,11531.8,,1,outside,False,False,2020-09-16 09:14:00+05:30,2020-09-16 09:15:00+05:30
2020-09-16 15:15:00+05:30,11600.45,11614.35,11593.9,11600.05,,14,regular,False,False,2020-09-16 15:15:00+05:30,2020-09-16 15:29:00+05:30
2020-09-17 09:00:00+05:30,11539.4,11553.15,11525.8,11550.7,,1,outside,False,False,2020-09-17 09:14:00+05:30,2020-09-17 09:15:00+05:30
2020-09-17 15:15:00+05:30,11524.2,11525.55,11507.35,11519.25,,14,regular,False,False,2020-09-17 15:15:00+05:30,2020-09-17 15:29:00+05:30
2020-09-18 09:00:00+05:30,11584.1,11584.1,11562.7,11578.75,,1,outside,False,False,2020-09-18 09:14:00+05:30,2020-09-18 09:15:00+05:30
2020-09-18 15:15:00+05:30,11504.95,11517.95,11498.65,11515.95,,14,regular,False,False,2020-09-18 15:15:00+05:30,2020-09-18 15:29:00+05:30
2020-09-21 09:00:00+05:30,11503.8,11527.6,11496.75,11516.55,,1,outside,False,False,2020-09-21 09:14:00+05:30,2020-09-21 09:15:00+05:30
2020-09-21 15:15:00+05:30,11255.4,11256.35,11219.9,11221.65,,14,regular,False,False,2020-09-21 15:15:00+05:30,2020-09-21 15:29:00+05:30
2020-09-22 09:00:00+05:30,11301.75,11301.75,11263.2,11266.5,,1,outside,False,False,2020-09-22 09:14:00+05:30,2020-09-22 09:15:00+05:30
2020-09-22 15:15:00+05:30,11156.8,11176.8,11148.3,11175.5,,14,regular,False,False,2020-09-22 15:15:00+05:30,2020-09-22 15:29:00+05:30
2020-09-23 09:00:00+05:30,11258.75,11258.75,11223.3,11236.7,,1,outside,False,False,2020-09-23 09:14:00+05:30,2020-09-23 09:15:00+05:30
2020-09-23 15:15:00+05:30,11130.15,11140.8,11122.15,11135.9,,14,regular,False,False,2020-09-23 15:15:00+05:30,2020-09-23 15:29:00+05:30
2020-09-24 09:00:00+05:30,11011.0,11011.0,10984.95,10985.35,,1,outside,False,False,2020-09-24 09:14:00+05:30,2020-09-24 09:15:00+05:30
2020-09-24 15:15:00+05:30,10803.85,10827.65,10790.85,10821.35,,14,regular,False,False,2020-09-24 15:15:00+05:30,2020-09-24 15:29:00+05:30
2020-09-25 09:00:00+05:30,10910.4,10910.4,10882.3,10899.4,,1,outside,False,False,2020-09-25 09:14:00+05:30,2020-09-25 09:15:00+05:30
2020-09-25 15:15:00+05:30,11045.35,11064.6,11034.2,11035.8,,14,regular,False,False,2020-09-25 15:15:00+05:30,2020-09-25 15:29:00+05:30
2020-09-28 09:00:00+05:30,11140.85,11140.85,11104.3,11116.25,,1,outside,False,False,2020-09-28 09:14:00+05:30,2020-09-28 09:15:00+05:30
2020-09-28 15:15:00+05:30,11227.25,11238.8,11219.1,11238.35,,14,regular,False,False,2020-09-28 15:15:00+05:30,2020-09-28 15:29:00+05:30
2020-09-29 09:00:00+05:30,11288.6,11288.6,11271.95,11279.25,,1,outside,False,False,2020-09-29 09:14:00+05:30,2020-09-29 09:15:00+05:30
2020-09-29 15:15:00+05:30,11225.1,11233.5,11213.5,11222.65,,14,regular,False,False,2020-09-29 15:15:00+05:30,2020-09-29 15:29:00+05:30
2020-09-30 09:00:00+05:30,11244.45,11246.6,11207.2,11217.5,,1,outside,False,False,2020-09-30 09:14:00+05:30,2020-09-30 09:15:00+05:30
2020-09-30 15:15:00+05:30,11245.6,11254.2,11221.5,11226.3,,14,regular,False,False,2020-09-30 15:15:00+05:30,2020-09-30 15:29:00+05:30
2020-10-01 09:00:00+05:30,11364.45,11364.45,11352.15,11356.35,,1,outside,False,False,2020-10-01 09:14:00+05:30,2020-10-01 09:15:00+05:30
2020-10-01 15:15:00+05:30,11419.15,11428.3,11412.85,11422.4,,14,regular,False,False,2020-10-01 15:15:00+05:30,2020-10-01 15:29:00+05:30
2020-10-05 09:00:00+05:30,11487.8,11507.6,11484.3,11506.3,,1,outside,False,False,2020-10-05 09:14:00+05:30,2020-10-05 09:15:00+05:30
2020-10-05 15:15:00+05:30,11505.2,11514.5,11495.75,11508.45,,14,regular,False,False,2020-10-05 15:15:00+05:30,2020-10-05 15:29:00+05:30
2020-10-06 09:00:00+05:30,11603.45,11613.45,11599.2,11604.2,,1,outside,False,False,2020-10-06 09:14:00+05:30,2020-10-06 09:15:00+05:30
2020-10-06 15:15:00+05:30,11660.8,11679.4,11659.6,11660.4,,14,regular,False,False,2020-10-06 15:15:00+05:30,2020-10-06 15:29:00+05:30
2020-10-07 09:00:00+05:30,11679.25,11679.25,11641.1,11646.5,,1,outside,False,False,2020-10-07 09:14:00+05:30,2020-10-07 09:15:00+05:30
2020-10-07 15:15:00+05:30,11732.65,11755.45,11730.15,11748.7,,14,regular,False,False,2020-10-07 15:15:00+05:30,2020-10-07 15:29:00+05:30
2020-10-08 09:00:00+05:30,11835.4,11844.9,11825.7,11837.9,,1,outside,False,False,2020-10-08 09:14:00+05:30,2020-10-08 09:15:00+05:30
2020-10-08 15:15:00+05:30,11837.9,11849.5,11831.15,11833.15,,14,regular,False,False,2020-10-08 15:15:00+05:30,2020-10-08 15:29:00+05:30
2020-10-09 09:00:00+05:30,11852.05,11864.5,11845.7,11858.7,,1,outside,False,False,2020-10-09 09:14:00+05:30,2020-10-09 09:15:00+05:30
2020-10-09 15:15:00+05:30,11911.85,11938.0,11907.85,11938.0,,14,regular,False,False,2020-10-09 15:15:00+05:30,2020-10-09 15:29:00+05:30
2020-10-12 09:00:00+05:30,11973.55,12002.9,11971.0,11997.2,,1,outside,False,False,2020-10-12 09:14:00+05:30,2020-10-12 09:15:00+05:30
2020-10-12 15:15:00+05:30,11931.2,11942.7,11924.9,11936.2,,14,regular,False,False,2020-10-12 15:15:00+05:30,2020-10-12 15:29:00+05:30
2020-10-13 09:00:00+05:30,11934.65,11934.65,11891.8,11905.6,,1,outside,False,False,2020-10-13 09:14:00+05:30,2020-10-13 09:15:00+05:30
2020-10-13 15:15:00+05:30,11938.05,11944.95,11922.35,11925.25,,14,regular,False,False,2020-10-13 15:15:00+05:30,2020-10-13 15:29:00+05:30
2020-10-14 09:00:00+05:30,11917.4,11917.4,11895.25,11908.0,,1,outside,False,False,2020-10-14 09:14:00+05:30,2020-10-14 09:15:00+05:30
2020-10-14 15:15:00+05:30,11973.65,11996.3,11962.35,11966.45,,14,regular,False,False,2020-10-14 15:15:00+05:30,2020-10-14 15:29:00+05:30
2020-10-15 09:00:00+05:30,12023.45,12023.45,11977.45,11978.6,,1,outside,False,False,2020-10-15 09:14:00+05:30,2020-10-15 09:15:00+05:30
2020-10-15 15:15:00+05:30,11669.75,11687.85,11662.15,11672.55,,14,regular,False,False,2020-10-15 15:15:00+05:30,2020-10-15 15:29:00+05:30
2020-10-16 09:00:00+05:30,11727.4,11757.6,11727.4,11752.75,,1,outside,False,False,2020-10-16 09:14:00+05:30,2020-10-16 09:15:00+05:30
2020-10-16 15:15:00+05:30,11763.85,11770.25,11750.4,11770.25,,14,regular,False,False,2020-10-16 15:15:00+05:30,2020-10-16 15:29:00+05:30
2020-10-19 09:00:00+05:30,11879.2,11879.2,11846.3,11856.05,,1,outside,False,False,2020-10-19 09:14:00+05:30,2020-10-19 09:15:00+05:30
2020-10-19 15:15:00+05:30,11873.6,11884.3,11865.05,11878.6,,14,regular,False,False,2020-10-19 15:15:00+05:30,2020-10-19 15:29:00+05:30
2020-10-20 09:00:00+05:30,11861.0,11861.0,11839.4,11853.8,,1,outside,False,False,2020-10-20 09:14:00+05:30,2020-10-20 09:15:00+05:30
2020-10-20 15:15:00+05:30,11897.1,11902.95,11888.1,11898.7,,14,regular,False,False,2020-10-20 15:15:00+05:30,2020-10-20 15:29:00+05:30
2020-10-21 09:00:00+05:30,11958.55,11982.6,11957.5,11981.05,,1,outside,False,False,2020-10-21 09:14:00+05:30,2020-10-21 09:15:00+05:30
2020-10-21 15:15:00+05:30,11954.05,11954.55,11930.55,11933.85,,14,regular,False,False,2020-10-21 15:15:00+05:30,2020-10-21 15:29:00+05:30
2020-10-22 09:00:00+05:30,11890.0,11896.5,11884.2,11895.95,,1,outside,False,False,2020-10-22 09:14:00+05:30,2020-10-22 09:15:00+05:30
2020-10-22 15:15:00+05:30,11901.0,11915.5,11895.05,11902.25,,14,regular,False,False,2020-10-22 15:15:00+05:30,2020-10-22 15:29:00+05:30
2020-10-23 09:00:00+05:30,11957.9,11962.85,11947.5,11948.6,,1,outside,False,False,2020-10-23 09:14:00+05:30,2020-10-23 09:15:00+05:30
2020-10-23 15:15:00+05:30,11929.2,11933.2,11920.65,11929.8,,14,regular,False,False,2020-10-23 15:15:00+05:30,2020-10-23 15:29:00+05:30
2020-10-26 09:00:00+05:30,11937.4,11937.4,11905.55,11918.85,,1,outside,False,False,2020-10-26 09:14:00+05:30,2020-10-26 09:15:00+05:30
2020-10-26 15:15:00+05:30,11773.55,11785.0,11765.05,11776.9,,14,regular,False,False,2020-10-26 15:15:00+05:30,2020-10-26 15:29:00+05:30
2020-10-27 09:00:00+05:30,11807.1,11810.45,11773.35,11785.75,,1,outside,False,False,2020-10-27 09:14:00+05:30,2020-10-27 09:15:00+05:30
2020-10-27 15:15:00+05:30,11887.05,11897.9,11883.0,11887.8,,14,regular,False,False,2020-10-27 15:15:00+05:30,2020-10-27 15:29:00+05:30
2020-10-28 09:00:00+05:30,11922.6,11922.6,11861.5,11870.95,,1,outside,False,False,2020-10-28 09:14:00+05:30,2020-10-28 09:15:00+05:30
2020-10-28 15:15:00+05:30,11728.2,11736.6,11718.5,11727.35,,14,regular,False,False,2020-10-28 15:15:00+05:30,2020-10-28 15:29:00+05:30
2020-10-29 09:00:00+05:30,11633.3,11640.1,11620.35,11640.0,,1,outside,False,False,2020-10-29 09:14:00+05:30,2020-10-29 09:15:00+05:30
2020-10-29 15:15:00+05:30,11674.85,11678.2,11659.6,11670.7,,14,regular,False,False,2020-10-29 15:15:00+05:30,2020-10-29 15:29:00+05:30
2020-10-30 09:00:00+05:30,11678.45,11678.45,11645.2,11663.05,,1,outside,False,False,2020-10-30 09:14:00+05:30,2020-10-30 09:15:00+05:30
2020-10-30 15:15:00+05:30,11649.6,11658.5,11641.55,11646.45,,14,regular,False,False,2020-10-30 15:15:00+05:30,2020-10-30 15:29:00+05:30
2020-11-02 09:00:00+05:30,11697.35,11697.35,11667.75,11686.05,,1,outside,False,False,2020-11-02 09:14:00+05:30,2020-11-02 09:15:00+05:30
2020-11-02 15:00:00+05:30,11702.75,11714.2,11643.45,11644.75,,14,regular,False,False,2020-11-02 15:00:00+05:30,2020-11-02 15:15:00+05:30
2020-11-02 15:15:00+05:30,11644.55,11666.15,11635.8,11652.75,,14,regular,False,False,2020-11-02 15:15:00+05:30,2020-11-02 15:29:00+05:30
2020-11-03 09:00:00+05:30,11734.45,11772.7,11734.35,11762.6,,1,outside,False,False,2020-11-03 09:14:00+05:30,2020-11-03 09:15:00+05:30
2020-11-03 15:15:00+05:30,11811.25,11833.45,11807.65,11807.65,,14,regular,False,False,2020-11-03 15:15:00+05:30,2020-11-03 15:29:00+05:30
2020-11-04 09:00:00+05:30,11783.35,11861.45,11783.35,11852.8,,1,outside,False,False,2020-11-04 09:14:00+05:30,2020-11-04 09:15:00+05:30
2020-11-04 15:15:00+05:30,11905.6,11913.75,11887.7,11893.65,,14,regular,False,False,2020-11-04 15:15:00+05:30,2020-11-04 15:29:00+05:30
2020-11-05 09:00:00+05:30,12062.4,12074.55,12055.3,12064.4,,1,outside,False,False,2020-11-05 09:14:00+05:30,2020-11-05 09:15:00+05:30
2020-11-05 15:15:00+05:30,12119.85,12130.65,12117.35,12127.6,,14,regular,False,False,2020-11-05 15:15:00+05:30,2020-11-05 15:29:00+05:30
2020-11-06 09:00:00+05:30,12156.65,12156.65,12134.95,12138.7,,1,outside,False,False,2020-11-06 09:14:00+05:30,2020-11-06 09:15:00+05:30
2020-11-06 15:15:00+05:30,12266.35,12279.9,12257.65,12261.35,,14,regular,False,False,2020-11-06 15:15:00+05:30,2020-11-06 15:29:00+05:30
2020-11-09 09:00:00+05:30,12399.4,12413.65,12392.45,12413.65,,1,outside,False,False,2020-11-09 09:14:00+05:30,2020-11-09 09:15:00+05:30
2020-11-09 15:15:00+05:30,12461.3,12472.7,12459.9,12468.15,,14,regular,False,False,2020-11-09 15:15:00+05:30,2020-11-09 15:29:00+05:30
2020-11-10 09:00:00+05:30,12556.4,12556.4,12509.5,12520.9,,1,outside,False,False,2020-11-10 09:14:00+05:30,2020-11-10 09:15:00+05:30
2020-11-10 15:15:00+05:30,12626.2,12641.15,12623.5,12640.25,,14,regular,False,False,2020-11-10 15:15:00+05:30,2020-11-10 15:29:00+05:30
2020-11-11 09:00:00+05:30,12680.6,12684.75,12658.7,12684.75,,1,outside,False,False,2020-11-11 09:14:00+05:30,2020-11-11 09:15:00+05:30
2020-11-11 15:15:00+05:30,12749.4,12762.2,12748.25,12757.2,,14,regular,False,False,2020-11-11 15:15:00+05:30,2020-11-11 15:29:00+05:30
2020-11-12 09:00:00+05:30,12702.15,12710.7,12693.55,12693.7,,1,outside,False,False,2020-11-12 09:14:00+05:30,2020-11-12 09:15:00+05:30
2020-11-12 15:15:00+05:30,12700.7,12705.25,12682.55,12693.0,,14,regular,False,False,2020-11-12 15:15:00+05:30,2020-11-12 15:29:00+05:30
2020-11-13 09:00:00+05:30,12659.7,12659.7,12624.15,12624.15,,1,outside,False,False,2020-11-13 09:14:00+05:30,2020-11-13 09:15:00+05:30
2020-11-13 15:15:00+05:30,12721.5,12723.1,12711.95,12723.1,,14,regular,False,False,2020-11-13 15:15:00+05:30,2020-11-13 15:29:00+05:30
2020-11-14 18:00:00+05:30,12823.35,12823.35,12809.8,12818.45,,1,evening,False,False,2020-11-14 18:14:00+05:30,2020-11-14 18:15:00+05:30
2020-11-14 19:00:00+05:30,12786.75,12786.75,12750.85,12767.55,,14,evening,False,False,2020-11-14 19:00:00+05:30,2020-11-14 19:14:00+05:30
2020-11-17 09:00:00+05:30,12932.5,12932.5,12852.35,12855.55,,1,outside,False,False,2020-11-17 09:14:00+05:30,2020-11-17 09:15:00+05:30
2020-11-17 15:15:00+05:30,12875.1,12880.15,12864.4,12878.9,,14,regular,False,False,2020-11-17 15:15:00+05:30,2020-11-17 15:29:00+05:30
2020-11-18 09:00:00+05:30,12860.1,12860.1,12839.2,12843.05,,1,outside,False,False,2020-11-18 09:14:00+05:30,2020-11-18 09:15:00+05:30
2020-11-18 15:15:00+05:30,12940.45,12948.4,12934.2,12936.1,,14,regular,False,False,2020-11-18 15:15:00+05:30,2020-11-18 15:29:00+05:30
2020-11-19 09:00:00+05:30,12839.5,12866.2,12836.15,12863.4,,1,outside,False,False,2020-11-19 09:14:00+05:30,2020-11-19 09:15:00+05:30
2020-11-19 15:15:00+05:30,12770.65,12770.65,12748.8,12760.6,,14,regular,False,False,2020-11-19 15:15:00+05:30,2020-11-19 15:29:00+05:30
2020-11-20 09:00:00+05:30,12813.4,12825.8,12786.1,12825.8,,1,outside,False,False,2020-11-20 09:14:00+05:30,2020-11-20 09:15:00+05:30
2020-11-20 15:15:00+05:30,12864.25,12865.9,12842.65,12846.0,,14,regular,False,False,2020-11-20 15:15:00+05:30,2020-11-20 15:29:00+05:30
2020-11-23 09:00:00+05:30,12960.3,12960.3,12935.55,12952.95,,1,outside,False,False,2020-11-23 09:14:00+05:30,2020-11-23 09:15:00+05:30
2020-11-23 15:15:00+05:30,12928.4,12930.25,12910.05,12928.15,,14,regular,False,False,2020-11-23 15:15:00+05:30,2020-11-23 15:29:00+05:30
2020-11-24 09:00:00+05:30,13002.6,13002.6,12980.45,12994.7,,1,outside,False,False,2020-11-24 09:14:00+05:30,2020-11-24 09:15:00+05:30
2020-11-24 15:15:00+05:30,13051.85,13078.45,13050.15,13075.55,,14,regular,False,False,2020-11-24 15:15:00+05:30,2020-11-24 15:29:00+05:30
2020-11-25 09:00:00+05:30,13130.0,13144.65,13130.0,13137.55,,1,outside,False,False,2020-11-25 09:14:00+05:30,2020-11-25 09:15:00+05:30
2020-11-25 15:15:00+05:30,12867.65,12874.0,12834.2,12858.7,,14,regular,False,False,2020-11-25 15:15:00+05:30,2020-11-25 15:29:00+05:30
2020-11-26 09:00:00+05:30,12906.45,12909.3,12886.1,12893.1,,1,outside,False,False,2020-11-26 09:14:00+05:30,2020-11-26 09:15:00+05:30
2020-11-26 15:15:00+05:30,12993.5,13017.2,12990.8,13015.05,,14,regular,False,False,2020-11-26 15:15:00+05:30,2020-11-26 15:29:00+05:30
2020-11-27 09:00:00+05:30,13012.05,13030.7,12998.8,12998.8,,1,outside,False,False,2020-11-27 09:14:00+05:30,2020-11-27 09:15:00+05:30
2020-11-27 15:15:00+05:30,12969.95,12981.9,12927.95,12942.85,,14,regular,False,False,2020-11-27 15:15:00+05:30,2020-11-27 15:29:00+05:30
2020-12-01 09:00:00+05:30,13062.2,13062.2,12981.7,12994.95,,1,outside,False,False,2020-12-01 09:14:00+05:30,2020-12-01 09:15:00+05:30
2020-12-01 15:15:00+05:30,13099.45,13112.85,13092.05,13097.85,,14,regular,False,False,2020-12-01 15:15:00+05:30,2020-12-01 15:29:00+05:30
2020-12-02 09:00:00+05:30,13121.4,13121.4,13092.25,13098.35,,1,outside,False,False,2020-12-02 09:14:00+05:30,2020-12-02 09:15:00+05:30
2020-12-02 15:15:00+05:30,13118.2,13119.3,13099.85,13104.15,,14,regular,False,False,2020-12-02 15:15:00+05:30,2020-12-02 15:29:00+05:30
2020-12-03 09:00:00+05:30,13215.3,13215.3,13167.45,13167.45,,1,outside,False,False,2020-12-03 09:14:00+05:30,2020-12-03 09:15:00+05:30
2020-12-03 15:15:00+05:30,13135.4,13142.05,13126.7,13136.6,,14,regular,False,False,2020-12-03 15:15:00+05:30,2020-12-03 15:29:00+05:30
2020-12-04 09:00:00+05:30,13177.4,13186.3,13166.1,13167.0,,1,outside,False,False,2020-12-04 09:14:00+05:30,2020-12-04 09:15:00+05:30
2020-12-04 15:15:00+05:30,13258.75,13276.9,13253.65,13270.7,,14,regular,False,False,2020-12-04 15:15:00+05:30,2020-12-04 15:29:00+05:30
2020-12-07 09:00:00+05:30,13264.85,13270.65,13246.25,13256.9,,1,outside,False,False,2020-12-07 09:14:00+05:30,2020-12-07 09:15:00+05:30
2020-12-07 15:15:00+05:30,13353.9,13360.05,13347.95,13355.2,,14,regular,False,False,2020-12-07 15:15:00+05:30,2020-12-07 15:29:00+05:30
2020-12-08 09:00:00+05:30,13393.85,13393.85,13371.2,13381.0,,1,outside,False,False,2020-12-08 09:14:00+05:30,2020-12-08 09:15:00+05:30
2020-12-08 15:15:00+05:30,13383.9,13397.25,13375.95,13389.3,,14,regular,False,False,2020-12-08 15:15:00+05:30,2020-12-08 15:29:00+05:30
2020-12-09 09:00:00+05:30,13458.1,13466.15,13453.8,13461.5,,1,outside,False,False,2020-12-09 09:14:00+05:30,2020-12-09 09:15:00+05:30
2020-12-09 15:15:00+05:30,13530.85,13541.45,13525.1,13532.55,,14,regular,False,False,2020-12-09 15:15:00+05:30,2020-12-09 15:29:00+05:30
2020-12-10 09:00:00+05:30,13488.5,13488.5,13458.7,13473.3,,1,outside,False,False,2020-12-10 09:14:00+05:30,2020-12-10 09:15:00+05:30
2020-12-10 15:15:00+05:30,13478.6,13486.45,13474.8,13481.55,,14,regular,False,False,2020-12-10 15:15:00+05:30,2020-12-10 15:29:00+05:30
2020-12-11 09:00:00+05:30,13512.3,13535.2,13510.95,13531.85,,1,outside,False,False,2020-12-11 09:14:00+05:30,2020-12-11 09:15:00+05:30
2020-12-11 15:15:00+05:30,13525.45,13527.2,13503.65,13505.55,,14,regular,False,False,2020-12-11 15:15:00+05:30,2020-12-11 15:29:00+05:30
2020-12-14 09:00:00+05:30,13571.45,13587.1,13569.75,13585.7,,1,outside,False,False,2020-12-14 09:14:00+05:30,2020-12-14 09:15:00+05:30
2020-12-14 15:15:00+05:30,13561.7,13563.6,13549.2,13554.85,,14,regular,False,False,2020-12-14 15:15:00+05:30,2020-12-14 15:29:00+05:30
2020-12-15 09:00:00+05:30,13547.2,13547.2,13506.3,13516.4,,1,outside,False,False,2020-12-15 09:14:00+05:30,2020-12-15 09:15:00+05:30
2020-12-15 15:15:00+05:30,13565.35,13579.6,13559.55,13564.5,,14,regular,False,False,2020-12-15 15:15:00+05:30,2020-12-15 15:29:00+05:30
2020-12-16 09:00:00+05:30,13663.1,13663.1,13644.85,13649.65,,1,outside,False,False,2020-12-16 09:14:00+05:30,2020-12-16 09:15:00+05:30
2020-12-16 15:15:00+05:30,13687.9,13690.6,13669.7,13672.75,,14,regular,False,False,2020-12-16 15:15:00+05:30,2020-12-16 15:29:00+05:30
2020-12-17 09:00:00+05:30,13713.55,13713.55,13679.05,13679.4,,1,outside,False,False,2020-12-17 09:14:00+05:30,2020-12-17 09:15:00+05:30
2020-12-17 15:15:00+05:30,13742.6,13745.0,13723.45,13734.85,,14,regular,False,False,2020-12-17 15:15:00+05:30,2020-12-17 15:29:00+05:30
2020-12-18 09:00:00+05:30,13764.4,13768.5,13747.3,13756.3,,1,outside,False,False,2020-12-18 09:14:00+05:30,2020-12-18 09:15:00+05:30
2020-12-18 15:15:00+05:30,13764.6,13771.9,13738.45,13744.1,,14,regular,False,False,2020-12-18 15:15:00+05:30,2020-12-18 15:29:00+05:30
2020-12-21 09:00:00+05:30,13741.9,13741.9,13712.15,13712.15,,1,outside,False,False,2020-12-21 09:14:00+05:30,2020-12-21 09:15:00+05:30
2020-12-21 15:15:00+05:30,13343.95,13344.35,13275.7,13283.35,,14,regular,False,False,2020-12-21 15:15:00+05:30,2020-12-21 15:29:00+05:30
2020-12-22 09:00:00+05:30,13373.65,13423.5,13373.6,13405.3,,1,outside,False,False,2020-12-22 09:14:00+05:30,2020-12-22 09:15:00+05:30
2020-12-22 15:15:00+05:30,13464.05,13490.8,13459.5,13460.8,,14,regular,False,False,2020-12-22 15:15:00+05:30,2020-12-22 15:29:00+05:30
2020-12-23 09:00:00+05:30,13473.5,13479.05,13438.85,13446.9,,1,outside,False,False,2020-12-23 09:14:00+05:30,2020-12-23 09:15:00+05:30
2020-12-23 15:15:00+05:30,13603.7,13618.7,13597.6,13609.15,,14,regular,False,False,2020-12-23 15:15:00+05:30,2020-12-23 15:29:00+05:30
2020-12-24 09:00:00+05:30,13672.15,13672.15,13654.8,13669.3,,1,outside,False,False,2020-12-24 09:14:00+05:30,2020-12-24 09:15:00+05:30
2020-12-24 15:15:00+05:30,13745.15,13753.85,13729.2,13740.4,,14,regular,False,False,2020-12-24 15:15:00+05:30,2020-12-24 15:29:00+05:30
2020-12-28 09:00:00+05:30,13815.15,13850.7,13815.15,13844.1,,1,outside,False,False,2020-12-28 09:14:00+05:30,2020-12-28 09:15:00+05:30
2020-12-28 15:15:00+05:30,13867.65,13881.3,13859.45,13881.0,,14,regular,False,False,2020-12-28 15:15:00+05:30,2020-12-28 15:29:00+05:30
2020-12-29 09:00:00+05:30,13910.35,13942.05,13910.35,13941.35,,1,outside,False,False,2020-12-29 09:14:00+05:30,2020-12-29 09:15:00+05:30
2020-12-29 15:15:00+05:30,13935.35,13939.55,13916.15,13926.9,,14,regular,False,False,2020-12-29 15:15:00+05:30,2020-12-29 15:29:00+05:30
2020-12-30 09:00:00+05:30,13980.9,13980.9,13941.95,13950.3,,1,outside,False,False,2020-12-30 09:14:00+05:30,2020-12-30 09:15:00+05:30
2020-12-30 15:15:00+05:30,13986.4,13995.95,13969.4,13975.25,,14,regular,False,False,2020-12-30 15:15:00+05:30,2020-12-30 15:29:00+05:30
2020-12-31 09:00:00+05:30,13970.0,13970.35,13941.6,13953.25,,1,outside,False,False,2020-12-31 09:14:00+05:30,2020-12-31 09:15:00+05:30
2020-12-31 15:15:00+05:30,13985.5,13986.4,13965.2,13967.0,,14,regular,False,False,2020-12-31 15:15:00+05:30,2020-12-31 15:29:00+05:30
2021-01-01 09:00:00+05:30,13996.1,14019.5,13994.85,14013.15,,1,outside,False,False,2021-01-01 09:14:00+05:30,2021-01-01 09:15:00+05:30
2021-01-01 15:15:00+05:30,14014.35,14028.8,14001.6,14014.8,,14,regular,False,False,2021-01-01 15:15:00+05:30,2021-01-01 15:29:00+05:30
2021-01-04 09:00:00+05:30,14104.35,14106.4,14091.65,14097.1,,1,outside,False,False,2021-01-04 09:14:00+05:30,2021-01-04 09:15:00+05:30
2021-01-04 15:15:00+05:30,14128.35,14147.85,14122.7,14143.65,,14,regular,False,False,2021-01-04 15:15:00+05:30,2021-01-04 15:29:00+05:30
2021-01-05 09:00:00+05:30,14075.15,14075.15,14050.15,14072.45,,1,outside,False,False,2021-01-05 09:14:00+05:30,2021-01-05 09:15:00+05:30
2021-01-05 15:15:00+05:30,14205.85,14215.2,14194.65,14199.3,,14,regular,False,False,2021-01-05 15:15:00+05:30,2021-01-05 15:29:00+05:30
2021-01-06 09:00:00+05:30,14240.95,14241.4,14207.25,14218.85,,1,outside,False,False,2021-01-06 09:14:00+05:30,2021-01-06 09:15:00+05:30
2021-01-06 15:15:00+05:30,14154.95,14157.9,14124.05,14134.05,,14,regular,False,False,2021-01-06 15:15:00+05:30,2021-01-06 15:29:00+05:30
2021-01-07 09:00:00+05:30,14253.75,14253.75,14227.2,14233.55,,1,outside,False,False,2021-01-07 09:14:00+05:30,2021-01-07 09:15:00+05:30
2021-01-07 15:15:00+05:30,14136.6,14148.45,14123.65,14148.45,,14,regular,False,False,2021-01-07 15:15:00+05:30,2021-01-07 15:29:00+05:30
2021-01-08 09:00:00+05:30,14258.4,14258.4,14233.95,14237.5,,1,outside,False,False,2021-01-08 09:14:00+05:30,2021-01-08 09:15:00+05:30
2021-01-08 15:15:00+05:30,14353.5,14366.85,14343.45,14343.9,,14,regular,False,False,2021-01-08 15:15:00+05:30,2021-01-08 15:29:00+05:30
2021-01-11 09:00:00+05:30,14474.05,14474.05,14420.15,14428.0,,1,outside,False,False,2021-01-11 09:14:00+05:30,2021-01-11 09:15:00+05:30
2021-01-11 15:15:00+05:30,14483.2,14496.45,14478.3,14483.05,,14,regular,False,False,2021-01-11 15:15:00+05:30,2021-01-11 15:29:00+05:30
2021-01-12 09:00:00+05:30,14473.8,14473.8,14435.95,14456.25,,1,outside,False,False,2021-01-12 09:14:00+05:30,2021-01-12 09:15:00+05:30
2021-01-12 15:15:00+05:30,14569.95,14575.65,14554.45,14574.75,,14,regular,False,False,2021-01-12 15:15:00+05:30,2021-01-12 15:29:00+05:30
2021-01-13 09:00:00+05:30,14639.8,14643.3,14625.4,14629.0,,1,outside,False,False,2021-01-13 09:14:00+05:30,2021-01-13 09:15:00+05:30
2021-01-13 15:15:00+05:30,14576.8,14576.8,14540.2,14558.3,,14,regular,False,False,2021-01-13 15:15:00+05:30,2021-01-13 15:29:00+05:30
2021-01-14 09:00:00+05:30,14550.05,14550.05,14529.75,14543.05,,1,outside,False,False,2021-01-14 09:14:00+05:30,2021-01-14 09:15:00+05:30
2021-01-14 15:15:00+05:30,14585.4,14604.3,14584.9,14597.5,,14,regular,False,False,2021-01-14 15:15:00+05:30,2021-01-14 15:29:00+05:30
2021-01-15 09:00:00+05:30,14594.35,14597.55,14572.5,14596.0,,1,outside,False,False,2021-01-15 09:14:00+05:30,2021-01-15 09:15:00+05:30
2021-01-15 15:15:00+05:30,14437.75,14444.75,14425.15,14434.4,,14,regular,False,False,2021-01-15 15:15:00+05:30,2021-01-15 15:29:00+05:30
2021-01-18 09:00:00+05:30,14453.3,14454.9,14412.6,14415.65,,1,outside,False,False,2021-01-18 09:14:00+05:30,2021-01-18 09:15:00+05:30
2021-01-18 15:15:00+05:30,14292.25,14292.3,14224.7,14230.2,,14,regular,False,False,2021-01-18 15:15:00+05:30,2021-01-18 15:29:00+05:30
2021-01-19 09:00:00+05:30,14371.65,14385.3,14368.85,14383.3,,1,outside,False,False,2021-01-19 09:14:00+05:30,2021-01-19 09:15:00+05:30
2021-01-19 15:15:00+05:30,14522.95,14529.6,14509.65,14526.6,,14,regular,False,False,2021-01-19 15:15:00+05:30,2021-01-19 15:29:00+05:30
2021-01-20 09:00:00+05:30,14538.3,14542.3,14517.55,14532.05,,1,outside,False,False,2021-01-20 09:14:00+05:30,2021-01-20 09:15:00+05:30
2021-01-20 15:15:00+05:30,14648.2,14649.45,14619.15,14622.45,,14,regular,False,False,2021-01-20 15:15:00+05:30,2021-01-20 15:29:00+05:30
2021-01-21 09:00:00+05:30,14730.95,14732.55,14701.0,14704.1,,1,outside,False,False,2021-01-21 09:14:00+05:30,2021-01-21 09:15:00+05:30
2021-01-21 15:15:00+05:30,14592.75,14632.8,14591.25,14630.4,,14,regular,False,False,2021-01-21 15:15:00+05:30,2021-01-21 15:29:00+05:30
2021-01-22 09:00:00+05:30,14583.4,14585.5,14548.75,14549.75,,1,outside,False,False,2021-01-22 09:14:00+05:30,2021-01-22 09:15:00+05:30
2021-01-22 15:15:00+05:30,14372.9,14382.85,14359.15,14366.8,,14,regular,False,False,2021-01-22 15:15:00+05:30,2021-01-22 15:29:00+05:30
2021-01-25 09:00:00+05:30,14477.8,14490.1,14461.9,14463.3,,1,outside,False,False,2021-01-25 09:14:00+05:30,2021-01-25 09:15:00+05:30
2021-01-25 15:15:00+05:30,14247.65,14251.3,14219.4,14247.95,,14,regular,False,False,2021-01-25 15:15:00+05:30,2021-01-25 15:29:00+05:30
2021-01-27 09:00:00+05:30,14237.95,14237.95,14157.85,14169.45,,1,outside,False,False,2021-01-27 09:14:00+05:30,2021-01-27 09:15:00+05:30
2021-01-27 15:15:00+05:30,13976.25,13982.5,13957.45,13964.25,,14,regular,False,False,2021-01-27 15:15:00+05:30,2021-01-27 15:29:00+05:30
2021-01-28 09:00:00+05:30,13810.4,13865.7,13810.4,13861.4,,1,outside,False,False,2021-01-28 09:14:00+05:30,2021-01-28 09:15:00+05:30
2021-01-28 15:15:00+05:30,13828.05,13829.7,13809.1,13819.75,,14,regular,False,False,2021-01-28 15:15:00+05:30,2021-01-28 15:29:00+05:30
2021-01-29 09:00:00+05:30,13946.6,13948.2,13927.1,13930.35,,1,outside,False,False,2021-01-29 09:14:00+05:30,2021-01-29 09:15:00+05:30
2021-01-29 15:15:00+05:30,13625.75,13670.65,13597.85,13660.8,,14,regular,False,False,2021-01-29 15:15:00+05:30,2021-01-29 15:29:00+05:30
2021-02-01 09:00:00+05:30,13758.6,13773.05,13728.7,13734.6,,1,outside,False,False,2021-02-01 09:14:00+05:30,2021-02-01 09:15:00+05:30
2021-02-01 15:15:00+05:30,14267.7,14335.45,14264.95,14335.45,,14,regular,False,False,2021-02-01 15:15:00+05:30,2021-02-01 15:29:00+05:30
2021-02-02 09:00:00+05:30,14481.1,14513.5,14473.35,14511.55,,1,outside,False,False,2021-02-02 09:14:00+05:30,2021-02-02 09:15:00+05:30
2021-02-02 15:15:00+05:30,14645.0,14672.05,14638.0,14671.2,,14,regular,False,False,2021-02-02 15:15:00+05:30,2021-02-02 15:29:00+05:30
2021-02-03 09:00:00+05:30,14754.9,14754.9,14703.45,14704.65,,1,outside,False,False,2021-02-03 09:14:00+05:30,2021-02-03 09:15:00+05:30
2021-02-03 15:15:00+05:30,14790.8,14799.7,14779.3,14783.6,,14,regular,False,False,2021-02-03 15:15:00+05:30,2021-02-03 15:29:00+05:30
2021-02-04 09:00:00+05:30,14789.05,14789.05,14737.1,14738.65,,1,outside,False,False,2021-02-04 09:14:00+05:30,2021-02-04 09:15:00+05:30
2021-02-04 15:15:00+05:30,14884.5,14904.5,14882.3,14889.5,,14,regular,False,False,2021-02-04 15:15:00+05:30,2021-02-04 15:29:00+05:30
2021-02-05 09:00:00+05:30,14952.6,14973.3,14946.05,14971.95,,1,outside,False,False,2021-02-05 09:14:00+05:30,2021-02-05 09:15:00+05:30
2021-02-05 15:15:00+05:30,14920.45,14942.55,14916.85,14940.85,,14,regular,False,False,2021-02-05 15:15:00+05:30,2021-02-05 15:29:00+05:30
2021-02-08 09:00:00+05:30,15064.3,15080.4,15049.7,15074.95,,1,outside,False,False,2021-02-08 09:14:00+05:30,2021-02-08 09:15:00+05:30
2021-02-08 15:15:00+05:30,15117.05,15130.7,15106.7,15129.45,,14,regular,False,False,2021-02-08 15:15:00+05:30,2021-02-08 15:29:00+05:30
2021-02-09 09:00:00+05:30,15164.15,15174.65,15153.6,15154.8,,1,outside,False,False,2021-02-09 09:14:00+05:30,2021-02-09 09:15:00+05:30
2021-02-09 15:15:00+05:30,15118.05,15130.5,15103.6,15109.5,,14,regular,False,False,2021-02-09 15:15:00+05:30,2021-02-09 15:29:00+05:30
2021-02-10 09:00:00+05:30,15119.05,15162.05,15119.05,15153.15,,1,outside,False,False,2021-02-10 09:14:00+05:30,2021-02-10 09:15:00+05:30
2021-02-10 15:15:00+05:30,15113.4,15142.85,15113.25,15137.8,,14,regular,False,False,2021-02-10 15:15:00+05:30,2021-02-10 15:29:00+05:30
2021-02-11 09:00:00+05:30,15073.25,15099.2,15073.25,15094.1,,1,outside,False,False,2021-02-11 09:14:00+05:30,2021-02-11 09:15:00+05:30
2021-02-11 15:15:00+05:30,15170.2,15188.5,15169.7,15176.65,,14,regular,False,False,2021-02-11 15:15:00+05:30,2021-02-11 15:29:00+05:30
2021-02-12 09:00:00+05:30,15186.2,15204.35,15181.25,15204.35,,1,outside,False,False,2021-02-12 09:14:00+05:30,2021-02-12 09:15:00+05:30
2021-02-12 15:15:00+05:30,15169.0,15188.0,15160.35,15164.7,,14,regular,False,False,2021-02-12 15:15:00+05:30,2021-02-12 15:29:00+05:30
2021-02-15 09:00:00+05:30,15270.3,15284.35,15254.35,15283.35,,1,outside,False,False,2021-02-15 09:14:00+05:30,2021-02-15 09:15:00+05:30
2021-02-15 15:15:00+05:30,15313.7,15338.35,15308.0,15335.8,,14,regular,False,False,2021-02-15 15:15:00+05:30,2021-02-15 15:29:00+05:30
2021-02-16 09:00:00+05:30,15371.45,15414.15,15371.45,15395.6,,1,outside,False,False,2021-02-16 09:14:00+05:30,2021-02-16 09:15:00+05:30
2021-02-16 15:15:00+05:30,15314.75,15331.7,15303.15,15317.95,,14,regular,False,False,2021-02-16 15:15:00+05:30,2021-02-16 15:29:00+05:30
2021-02-17 09:00:00+05:30,15279.9,15289.85,15254.0,15260.25,,1,outside,False,False,2021-02-17 09:14:00+05:30,2021-02-17 09:15:00+05:30
2021-02-17 15:15:00+05:30,15217.7,15218.4,15189.0,15196.25,,14,regular,False,False,2021-02-17 15:15:00+05:30,2021-02-17 15:29:00+05:30
2021-02-18 09:00:00+05:30,15238.7,15238.7,15205.3,15219.25,,1,outside,False,False,2021-02-18 09:14:00+05:30,2021-02-18 09:15:00+05:30
2021-02-18 15:15:00+05:30,15114.55,15121.95,15095.6,15120.2,,14,regular,False,False,2021-02-18 15:15:00+05:30,2021-02-18 15:29:00+05:30
2021-02-19 09:00:00+05:30,15074.8,15082.6,15043.75,15052.6,,1,outside,False,False,2021-02-19 09:14:00+05:30,2021-02-19 09:15:00+05:30
2021-02-19 15:15:00+05:30,15008.8,15011.65,14984.5,15003.45,,14,regular,False,False,2021-02-19 15:15:00+05:30,2021-02-19 15:29:00+05:30
2021-02-22 09:00:00+05:30,14999.05,15001.1,14972.8,14977.7,,1,outside,False,False,2021-02-22 09:14:00+05:30,2021-02-22 09:15:00+05:30
2021-02-22 15:15:00+05:30,14688.55,14690.15,14636.1,14640.9,,14,regular,False,False,2021-02-22 15:15:00+05:30,2021-02-22 15:29:00+05:30
2021-02-23 09:00:00+05:30,14782.25,14782.25,14738.95,14740.65,,1,outside,False,False,2021-02-23 09:14:00+05:30,2021-02-23 09:15:00+05:30
2021-02-23 15:15:00+05:30,14716.05,14721.1,14696.45,14717.8,,14,regular,False,False,2021-02-23 15:15:00+05:30,2021-02-23 15:29:00+05:30
2021-02-24 09:00:00+05:30,14729.15,14752.65,14729.15,14738.45,,1,outside,False,False,2021-02-24 09:14:00+05:30,2021-02-24 09:15:00+05:30
2021-02-24 10:00:00+05:30,14790.0,14821.95,14790.0,14820.45,,8,regular,False,False,2021-02-24 10:00:00+05:30,2021-02-24 10:08:00+05:30
2021-02-25 09:00:00+05:30,15079.85,15114.5,15071.25,15114.5,,1,outside,False,False,2021-02-25 09:14:00+05:30,2021-02-25 09:15:00+05:30
2021-02-25 15:15:00+05:30,15095.9,15107.05,15084.25,15103.8,,14,regular,False,False,2021-02-25 15:15:00+05:30,2021-02-25 15:29:00+05:30
2021-02-26 09:00:00+05:30,14888.6,14888.6,14786.0,14790.4,,1,outside,False,False,2021-02-26 09:14:00+05:30,2021-02-26 09:15:00+05:30
2021-02-26 15:15:00+05:30,14530.8,14530.8,14468.55,14523.15,,14,regular,False,False,2021-02-26 15:15:00+05:30,2021-02-26 15:29:00+05:30
2021-03-01 09:00:00+05:30,14702.5,14708.75,14667.0,14667.0,,1,outside,False,False,2021-03-01 09:14:00+05:30,2021-03-01 09:15:00+05:30
2021-03-01 15:15:00+05:30,14764.45,14789.1,14762.7,14784.15,,14,regular,False,False,2021-03-01 15:15:00+05:30,2021-03-01 15:29:00+05:30
2021-03-02 09:00:00+05:30,14865.3,14865.3,14829.3,14844.9,,1,outside,False,False,2021-03-02 09:14:00+05:30,2021-03-02 09:15:00+05:30
2021-03-02 15:15:00+05:30,14933.95,14958.95,14932.2,14941.8,,14,regular,False,False,2021-03-02 15:15:00+05:30,2021-03-02 15:29:00+05:30
2021-03-03 09:00:00+05:30,15064.4,15064.4,15039.5,15056.75,,1,outside,False,False,2021-03-03 09:14:00+05:30,2021-03-03 09:15:00+05:30
2021-03-03 15:15:00+05:30,15253.4,15271.0,15236.3,15240.5,,14,regular,False,False,2021-03-03 15:15:00+05:30,2021-03-03 15:29:00+05:30
2021-03-04 09:00:00+05:30,15026.75,15031.5,15015.5,15029.0,,1,outside,False,False,2021-03-04 09:14:00+05:30,2021-03-04 09:15:00+05:30
2021-03-04 15:15:00+05:30,15078.45,15087.7,15063.2,15087.15,,14,regular,False,False,2021-03-04 15:15:00+05:30,2021-03-04 15:29:00+05:30
2021-03-05 09:00:00+05:30,14977.95,14984.8,14931.15,14952.25,,1,outside,False,False,2021-03-05 09:14:00+05:30,2021-03-05 09:15:00+05:30
2021-03-05 15:15:00+05:30,14945.05,14965.15,14936.75,14963.15,,14,regular,False,False,2021-03-05 15:15:00+05:30,2021-03-05 15:29:00+05:30
2021-03-08 09:00:00+05:30,15002.45,15042.8,14991.45,15032.25,,1,outside,False,False,2021-03-08 09:14:00+05:30,2021-03-08 09:15:00+05:30
2021-03-08 15:15:00+05:30,14975.7,14981.75,14956.45,14962.85,,14,regular,False,False,2021-03-08 15:15:00+05:30,2021-03-08 15:29:00+05:30
2021-03-09 09:00:00+05:30,15049.9,15102.15,15049.9,15092.15,,1,outside,False,False,2021-03-09 09:14:00+05:30,2021-03-09 09:15:00+05:30
2021-03-09 15:15:00+05:30,15111.45,15124.1,15097.5,15098.7,,14,regular,False,False,2021-03-09 15:15:00+05:30,2021-03-09 15:29:00+05:30
2021-03-10 09:00:00+05:30,15202.15,15215.3,15198.65,15208.8,,1,outside,False,False,2021-03-10 09:14:00+05:30,2021-03-10 09:15:00+05:30
2021-03-10 15:15:00+05:30,15180.5,15188.1,15163.1,15168.15,,14,regular,False,False,2021-03-10 15:15:00+05:30,2021-03-10 15:29:00+05:30
2021-03-12 09:00:00+05:30,15321.15,15332.6,15314.65,15326.9,,1,outside,False,False,2021-03-12 09:14:00+05:30,2021-03-12 09:15:00+05:30
2021-03-12 15:15:00+05:30,15034.45,15035.55,15004.6,15023.95,,14,regular,False,False,2021-03-12 15:15:00+05:30,2021-03-12 15:29:00+05:30
2021-03-15 09:00:00+05:30,15048.4,15048.4,14982.55,15002.6,,1,outside,False,False,2021-03-15 09:14:00+05:30,2021-03-15 09:15:00+05:30
2021-03-15 15:15:00+05:30,14936.45,14936.95,14907.4,14920.9,,14,regular,False,False,2021-03-15 15:15:00+05:30,2021-03-15 15:29:00+05:30
2021-03-16 09:00:00+05:30,14996.1,15008.8,14984.4,14986.9,,1,outside,False,False,2021-03-16 09:14:00+05:30,2021-03-16 09:15:00+05:30
2021-03-16 15:15:00+05:30,14903.95,14926.3,14898.1,14922.0,,14,regular,False,False,2021-03-16 15:15:00+05:30,2021-03-16 15:29:00+05:30
2021-03-17 09:00:00+05:30,14946.55,14954.4,14895.0,14898.4,,1,outside,False,False,2021-03-17 09:14:00+05:30,2021-03-17 09:15:00+05:30
2021-03-17 15:15:00+05:30,14708.15,14724.1,14701.2,14709.25,,14,regular,False,False,2021-03-17 15:15:00+05:30,2021-03-17 15:29:00+05:30
2021-03-18 09:00:00+05:30,14855.5,14866.95,14840.45,14850.95,,1,outside,False,False,2021-03-18 09:14:00+05:30,2021-03-18 09:15:00+05:30
2021-03-18 15:15:00+05:30,14589.95,14590.45,14555.45,14583.7,,14,regular,False,False,2021-03-18 15:15:00+05:30,2021-03-18 15:29:00+05:30
2021-03-19 09:00:00+05:30,14471.15,14490.25,14454.3,14479.1,,1,outside,False,False,2021-03-19 09:14:00+05:30,2021-03-19 09:15:00+05:30
2021-03-19 15:15:00+05:30,14731.7,14740.65,14711.1,14733.55,,14,regular,False,False,2021-03-19 15:15:00+05:30,2021-03-19 15:29:00+05:30
2021-03-22 09:00:00+05:30,14736.3,14736.3,14651.15,14671.65,,1,outside,False,False,2021-03-22 09:14:00+05:30,2021-03-22 09:15:00+05:30
2021-03-22 15:15:00+05:30,14747.9,14755.35,14733.65,14747.15,,14,regular,False,False,2021-03-22 15:15:00+05:30,2021-03-22 15:29:00+05:30
2021-03-23 09:00:00+05:30,14768.55,14791.3,14747.75,14779.2,,1,outside,False,False,2021-03-23 09:14:00+05:30,2021-03-23 09:15:00+05:30
2021-03-23 15:15:00+05:30,14815.85,14821.0,14783.0,14807.3,,14,regular,False,False,2021-03-23 15:15:00+05:30,2021-03-23 15:29:00+05:30
2021-03-24 09:00:00+05:30,14712.45,14742.95,14709.5,14740.45,,1,outside,False,False,2021-03-24 09:14:00+05:30,2021-03-24 09:15:00+05:30
2021-03-24 15:15:00+05:30,14552.35,14571.05,14538.65,14564.95,,14,regular,False,False,2021-03-24 15:15:00+05:30,2021-03-24 15:29:00+05:30
2021-03-25 09:00:00+05:30,14570.9,14570.9,14516.3,14523.85,,1,outside,False,False,2021-03-25 09:14:00+05:30,2021-03-25 09:15:00+05:30
2021-03-25 15:15:00+05:30,14302.65,14349.4,14287.55,14346.4,,14,regular,False,False,2021-03-25 15:15:00+05:30,2021-03-25 15:29:00+05:30
2021-03-26 09:00:00+05:30,14506.3,14506.3,14464.15,14493.25,,1,outside,False,False,2021-03-26 09:14:00+05:30,2021-03-26 09:15:00+05:30
2021-03-26 15:15:00+05:30,14488.85,14537.3,14474.15,14518.9,,14,regular,False,False,2021-03-26 15:15:00+05:30,2021-03-26 15:29:00+05:30
2021-03-30 09:00:00+05:30,14628.5,14655.75,14620.15,14640.9,,1,outside,False,False,2021-03-30 09:14:00+05:30,2021-03-30 09:15:00+05:30
2021-03-30 15:15:00+05:30,14838.9,14863.1,14828.25,14855.0,,14,regular,False,False,2021-03-30 15:15:00+05:30,2021-03-30 15:29:00+05:30
2021-03-31 09:00:00+05:30,14811.85,14811.85,14750.0,14750.95,,1,outside,False,False,2021-03-31 09:14:00+05:30,2021-03-31 09:15:00+05:30
2021-03-31 15:15:00+05:30,14691.5,14699.9,14676.05,14693.05,,14,regular,False,False,2021-03-31 15:15:00+05:30,2021-03-31 15:29:00+05:30
2021-04-01 09:00:00+05:30,14798.4,14798.4,14785.8,14792.5,,1,outside,False,False,2021-04-01 09:14:00+05:30,2021-04-01 09:15:00+05:30
2021-04-01 15:15:00+05:30,14881.95,14882.85,14855.85,14865.95,,14,regular,False,False,2021-04-01 15:15:00+05:30,2021-04-01 15:29:00+05:30
2021-04-05 09:00:00+05:30,14837.7,14840.5,14773.6,14788.35,,1,outside,False,False,2021-04-05 09:14:00+05:30,2021-04-05 09:15:00+05:30
2021-04-05 15:15:00+05:30,14629.25,14653.15,14626.8,14649.05,,14,regular,False,False,2021-04-05 15:15:00+05:30,2021-04-05 15:29:00+05:30
2021-04-06 09:00:00+05:30,14737.0,14737.0,14651.05,14651.05,,1,outside,False,False,2021-04-06 09:14:00+05:30,2021-04-06 09:15:00+05:30
2021-04-06 15:15:00+05:30,14689.85,14703.55,14687.0,14700.8,,14,regular,False,False,2021-04-06 15:15:00+05:30,2021-04-06 15:29:00+05:30
2021-04-07 09:00:00+05:30,14716.45,14716.45,14652.15,14700.05,,1,outside,False,False,2021-04-07 09:14:00+05:30,2021-04-07 09:15:00+05:30
2021-04-07 15:15:00+05:30,14820.35,14823.65,14804.55,14808.85,,14,regular,False,False,2021-04-07 15:15:00+05:30,2021-04-07 15:29:00+05:30
2021-04-08 09:00:00+05:30,14875.65,14911.3,14870.9,14903.85,,1,outside,False,False,2021-04-08 09:14:00+05:30,2021-04-08 09:15:00+05:30
2021-04-08 15:15:00+05:30,14872.25,14884.8,14872.15,14877.5,,14,regular,False,False,2021-04-08 15:15:00+05:30,2021-04-08 15:29:00+05:30
2021-04-09 09:00:00+05:30,14882.65,14882.65,14827.4,14837.65,,1,outside,False,False,2021-04-09 09:14:00+05:30,2021-04-09 09:15:00+05:30
2021-04-09 15:15:00+05:30,14832.35,14844.85,14832.15,14838.05,,14,regular,False,False,2021-04-09 15:15:00+05:30,2021-04-09 15:29:00+05:30
2021-04-12 09:00:00+05:30,14644.65,14644.65,14582.2,14588.05,,1,outside,False,False,2021-04-12 09:14:00+05:30,2021-04-12 09:15:00+05:30
2021-04-12 15:15:00+05:30,14315.15,14352.2,14310.5,14349.6,,14,regular,False,False,2021-04-12 15:15:00+05:30,2021-04-12 15:29:00+05:30
2021-04-13 09:00:00+05:30,14364.9,14390.95,14335.45,14385.55,,1,outside,False,False,2021-04-13 09:14:00+05:30,2021-04-13 09:15:00+05:30
2021-04-13 15:15:00+05:30,14507.65,14527.9,14503.65,14525.0,,14,regular,False,False,2021-04-13 15:15:00+05:30,2021-04-13 15:29:00+05:30
2021-04-15 09:00:00+05:30,14522.4,14522.4,14484.6,14503.45,,1,outside,False,False,2021-04-15 09:14:00+05:30,2021-04-15 09:15:00+05:30
2021-04-15 15:15:00+05:30,14591.05,14596.35,14581.7,14589.4,,14,regular,False,False,2021-04-15 15:15:00+05:30,2021-04-15 15:29:00+05:30
2021-04-16 09:00:00+05:30,14599.6,14636.55,14592.65,14628.25,,1,outside,False,False,2021-04-16 09:14:00+05:30,2021-04-16 09:15:00+05:30
2021-04-16 15:15:00+05:30,14618.55,14624.15,14585.4,14590.45,,14,regular,False,False,2021-04-16 15:15:00+05:30,2021-04-16 15:29:00+05:30
2021-04-19 09:00:00+05:30,14306.6,14312.05,14249.7,14281.9,,1,outside,False,False,2021-04-19 09:14:00+05:30,2021-04-19 09:15:00+05:30
2021-04-19 15:15:00+05:30,14356.15,14370.4,14353.65,14362.95,,14,regular,False,False,2021-04-19 15:15:00+05:30,2021-04-19 15:29:00+05:30
2021-04-20 09:00:00+05:30,14526.7,14526.7,14483.65,14496.5,,1,outside,False,False,2021-04-20 09:14:00+05:30,2021-04-20 09:15:00+05:30
2021-04-20 15:15:00+05:30,14315.15,14318.8,14274.95,14279.55,,14,regular,False,False,2021-04-20 15:15:00+05:30,2021-04-20 15:29:00+05:30
2021-04-22 09:00:00+05:30,14219.15,14219.15,14153.95,14161.35,,1,outside,False,False,2021-04-22 09:14:00+05:30,2021-04-22 09:15:00+05:30
2021-04-22 15:15:00+05:30,14400.15,14412.5,14395.6,14398.7,,14,regular,False,False,2021-04-22 15:15:00+05:30,2021-04-22 15:29:00+05:30
2021-04-23 09:00:00+05:30,14326.35,14369.4,14322.45,14353.55,,1,outside,False,False,2021-04-23 09:14:00+05:30,2021-04-23 09:15:00+05:30
2021-04-23 15:15:00+05:30,14346.55,14351.45,14327.35,14331.25,,14,regular,False,False,2021-04-23 15:15:00+05:30,2021-04-23 15:29:00+05:30
2021-04-26 09:00:00+05:30,14449.45,14451.55,14430.6,14449.85,,1,outside,False,False,2021-04-26 09:14:00+05:30,2021-04-26 09:15:00+05:30
2021-04-26 15:15:00+05:30,14482.65,14494.5,14482.65,14489.05,,14,regular,False,False,2021-04-26 15:15:00+05:30,2021-04-26 15:29:00+05:30
2021-04-27 09:00:00+05:30,14493.8,14546.8,14489.15,14538.75,,1,outside,False,False,2021-04-27 09:14:00+05:30,2021-04-27 09:15:00+05:30
2021-04-27 15:15:00+05:30,14654.75,14666.55,14651.95,14657.35,,14,regular,False,False,2021-04-27 15:15:00+05:30,2021-04-27 15:29:00+05:30
2021-04-28 09:00:00+05:30,14710.5,14722.3,14698.95,14722.3,,1,outside,False,False,2021-04-28 09:14:00+05:30,2021-04-28 09:15:00+05:30
2021-04-28 15:15:00+05:30,14861.6,14866.0,14847.3,14850.3,,14,regular,False,False,2021-04-28 15:15:00+05:30,2021-04-28 15:29:00+05:30
2021-04-29 09:00:00+05:30,14979.0,15009.9,14973.95,15007.95,,1,outside,False,False,2021-04-29 09:14:00+05:30,2021-04-29 09:15:00+05:30
2021-04-29 15:15:00+05:30,14891.05,14893.9,14875.5,14888.6,,14,regular,False,False,2021-04-29 15:15:00+05:30,2021-04-29 15:29:00+05:30
2021-04-30 09:00:00+05:30,14747.35,14769.5,14734.2,14767.6,,1,outside,False,False,2021-04-30 09:14:00+05:30,2021-04-30 09:15:00+05:30
2021-04-30 15:15:00+05:30,14624.65,14627.55,14602.35,14617.55,,14,regular,False,False,2021-04-30 15:15:00+05:30,2021-04-30 15:29:00+05:30
2021-05-03 09:00:00+05:30,14481.05,14482.3,14433.4,14460.3,,1,outside,False,False,2021-05-03 09:14:00+05:30,2021-05-03 09:15:00+05:30
2021-05-03 15:15:00+05:30,14622.6,14647.8,14620.1,14644.35,,14,regular,False,False,2021-05-03 15:15:00+05:30,2021-05-03 15:29:00+05:30
2021-05-04 09:00:00+05:30,14687.25,14721.6,14687.25,14711.45,,1,outside,False,False,2021-05-04 09:14:00+05:30,2021-05-04 09:15:00+05:30
2021-05-04 15:15:00+05:30,14505.05,14507.9,14491.6,14506.85,,14,regular,False,False,2021-05-04 15:15:00+05:30,2021-05-04 15:29:00+05:30
2021-05-05 09:00:00+05:30,14604.15,14604.65,14569.9,14571.95,,1,outside,False,False,2021-05-05 09:14:00+05:30,2021-05-05 09:15:00+05:30
2021-05-05 15:15:00+05:30,14619.45,14636.55,14617.4,14635.0,,14,regular,False,False,2021-05-05 15:15:00+05:30,2021-05-05 15:29:00+05:30
2021-05-06 09:00:00+05:30,14668.35,14682.35,14655.55,14671.3,,1,outside,False,False,2021-05-06 09:14:00+05:30,2021-05-06 09:15:00+05:30
2021-05-06 15:15:00+05:30,14729.4,14743.3,14727.1,14733.2,,14,regular,False,False,2021-05-06 15:15:00+05:30,2021-05-06 15:29:00+05:30
2021-05-07 09:00:00+05:30,14816.85,14843.9,14816.85,14841.8,,1,outside,False,False,2021-05-07 09:14:00+05:30,2021-05-07 09:15:00+05:30
2021-05-07 15:15:00+05:30,14824.5,14824.95,14806.35,14810.8,,14,regular,False,False,2021-05-07 15:15:00+05:30,2021-05-07 15:29:00+05:30
2021-05-10 09:00:00+05:30,14928.25,14936.5,14913.95,14913.95,,1,outside,False,False,2021-05-10 09:14:00+05:30,2021-05-10 09:15:00+05:30
2021-05-10 15:15:00+05:30,14936.45,14952.9,14929.65,14949.4,,14,regular,False,False,2021-05-10 15:15:00+05:30,2021-05-10 15:29:00+05:30
2021-05-11 09:00:00+05:30,14789.7,14804.15,14774.3,14804.1,,1,outside,False,False,2021-05-11 09:14:00+05:30,2021-05-11 09:15:00+05:30
2021-05-11 15:15:00+05:30,14854.35,14855.85,14842.15,14845.5,,14,regular,False,False,2021-05-11 15:15:00+05:30,2021-05-11 15:29:00+05:30
2021-05-12 09:00:00+05:30,14823.55,14823.55,14786.55,14797.05,,1,outside,False,False,2021-05-12 09:14:00+05:30,2021-05-12 09:15:00+05:30
2021-05-12 15:15:00+05:30,14707.55,14708.45,14688.65,14698.75,,14,regular,False,False,2021-05-12 15:15:00+05:30,2021-05-12 15:29:00+05:30
2021-05-14 09:00:00+05:30,14749.4,14749.4,14691.4,14699.9,,1,outside,False,False,2021-05-14 09:14:00+05:30,2021-05-14 09:15:00+05:30
2021-05-14 15:15:00+05:30,14676.35,14693.85,14674.4,14683.85,,14,regular,False,False,2021-05-14 15:15:00+05:30,2021-05-14 15:29:00+05:30
2021-05-17 09:00:00+05:30,14756.25,14761.0,14736.35,14756.2,,1,outside,False,False,2021-05-17 09:14:00+05:30,2021-05-17 09:15:00+05:30
2021-05-17 15:15:00+05:30,14914.3,14935.45,14913.9,14924.1,,14,regular,False,False,2021-05-17 15:15:00+05:30,2021-05-17 15:29:00+05:30
2021-05-18 09:00:00+05:30,15067.2,15081.6,15065.4,15081.15,,1,outside,False,False,2021-05-18 09:14:00+05:30,2021-05-18 09:15:00+05:30
2021-05-18 15:15:00+05:30,15108.3,15117.65,15100.35,15109.4,,14,regular,False,False,2021-05-18 15:15:00+05:30,2021-05-18 15:29:00+05:30
2021-05-19 09:00:00+05:30,15058.6,15067.85,15052.85,15060.5,,1,outside,False,False,2021-05-19 09:14:00+05:30,2021-05-19 09:15:00+05:30
2021-05-19 15:15:00+05:30,15032.15,15033.3,15009.6,15019.2,,14,regular,False,False,2021-05-19 15:15:00+05:30,2021-05-19 15:29:00+05:30
2021-05-20 09:00:00+05:30,15042.6,15068.5,15042.6,15060.9,,1,outside,False,False,2021-05-20 09:14:00+05:30,2021-05-20 09:15:00+05:30
2021-05-20 15:15:00+05:30,14902.35,14923.8,14898.6,14920.05,,14,regular,False,False,2021-05-20 15:15:00+05:30,2021-05-20 15:29:00+05:30
2021-05-21 09:00:00+05:30,14987.8,15025.2,14987.8,15014.15,,1,outside,False,False,2021-05-21 09:14:00+05:30,2021-05-21 09:15:00+05:30
2021-05-21 15:15:00+05:30,15178.65,15189.2,15173.95,15183.55,,14,regular,False,False,2021-05-21 15:15:00+05:30,2021-05-21 15:29:00+05:30
2021-05-24 09:00:00+05:30,15211.35,15231.7,15199.7,15227.45,,1,outside,False,False,2021-05-24 09:14:00+05:30,2021-05-24 09:15:00+05:30
2021-05-24 15:15:00+05:30,15190.55,15201.1,15171.45,15184.0,,14,regular,False,False,2021-05-24 15:15:00+05:30,2021-05-24 15:29:00+05:30
2021-05-25 09:00:00+05:30,15291.75,15291.75,15261.7,15267.2,,1,outside,False,False,2021-05-25 09:14:00+05:30,2021-05-25 09:15:00+05:30
2021-05-25 15:15:00+05:30,15203.5,15222.65,15201.7,15218.15,,14,regular,False,False,2021-05-25 15:15:00+05:30,2021-05-25 15:29:00+05:30
2021-05-26 09:00:00+05:30,15257.05,15257.05,15235.3,15242.65,,1,outside,False,False,2021-05-26 09:14:00+05:30,2021-05-26 09:15:00+05:30
2021-05-26 15:15:00+05:30,15302.0,15315.25,15298.0,15299.7,,14,regular,False,False,2021-05-26 15:15:00+05:30,2021-05-26 15:29:00+05:30
2021-05-27 09:00:00+05:30,15323.95,15330.7,15313.95,15313.95,,1,outside,False,False,2021-05-27 09:14:00+05:30,2021-05-27 09:15:00+05:30
2021-05-27 15:15:00+05:30,15335.2,15383.35,15332.85,15370.15,,14,regular,False,False,2021-05-27 15:15:00+05:30,2021-05-27 15:29:00+05:30
2021-05-28 09:00:00+05:30,15421.2,15453.55,15420.35,15449.55,,1,outside,False,False,2021-05-28 09:14:00+05:30,2021-05-28 09:15:00+05:30
2021-05-28 15:15:00+05:30,15437.5,15458.35,15437.4,15455.3,,14,regular,False,False,2021-05-28 15:15:00+05:30,2021-05-28 15:29:00+05:30
2021-05-31 09:00:00+05:30,15437.75,15437.75,15406.2,15424.7,,1,outside,False,False,2021-05-31 09:14:00+05:30,2021-05-31 09:15:00+05:30
2021-05-31 15:15:00+05:30,15589.3,15604.4,15575.4,15576.0,,14,regular,False,False,2021-05-31 15:15:00+05:30,2021-05-31 15:29:00+05:30
2021-06-01 09:00:00+05:30,15629.65,15629.65,15599.75,15614.2,,1,outside,False,False,2021-06-01 09:14:00+05:30,2021-06-01 09:15:00+05:30
2021-06-01 15:15:00+05:30,15578.05,15586.45,15567.65,15568.05,,14,regular,False,False,2021-06-01 15:15:00+05:30,2021-06-01 15:29:00+05:30
2021-06-02 09:00:00+05:30,15520.35,15552.3,15520.35,15548.0,,1,outside,False,False,2021-06-02 09:14:00+05:30,2021-06-02 09:15:00+05:30
2021-06-02 15:15:00+05:30,15575.9,15597.15,15575.9,15590.0,,14,regular,False,False,2021-06-02 15:15:00+05:30,2021-06-02 15:29:00+05:30
2021-06-03 09:00:00+05:30,15655.55,15682.95,15654.3,15663.1,,1,outside,False,False,2021-06-03 09:14:00+05:30,2021-06-03 09:15:00+05:30
2021-06-03 15:15:00+05:30,15693.9,15703.55,15680.8,15688.9,,14,regular,False,False,2021-06-03 15:15:00+05:30,2021-06-03 15:29:00+05:30
2021-06-04 09:00:00+05:30,15712.5,15712.5,15683.25,15686.9,,1,outside,False,False,2021-06-04 09:14:00+05:30,2021-06-04 09:15:00+05:30
2021-06-04 15:15:00+05:30,15676.4,15682.0,15664.75,15670.65,,14,regular,False,False,2021-06-04 15:15:00+05:30,2021-06-04 15:29:00+05:30
2021-06-07 09:00:00+05:30,15725.1,15725.1,15702.65,15702.65,,1,outside,False,False,2021-06-07 09:14:00+05:30,2021-06-07 09:15:00+05:30
2021-06-07 15:15:00+05:30,15746.2,15757.75,15742.2,15747.0,,14,regular,False,False,2021-06-07 15:15:00+05:30,2021-06-07 15:29:00+05:30
2021-06-08 09:00:00+05:30,15773.9,15775.55,15739.2,15751.95,,1,outside,False,False,2021-06-08 09:14:00+05:30,2021-06-08 09:15:00+05:30
2021-06-08 15:15:00+05:30,15738.05,15747.0,15733.6,15741.85,,14,regular,False,False,2021-06-08 15:15:00+05:30,2021-06-08 15:29:00+05:30
2021-06-09 09:00:00+05:30,15766.3,15768.35,15742.35,15751.35,,1,outside,False,False,2021-06-09 09:14:00+05:30,2021-06-09 09:15:00+05:30
2021-06-09 15:15:00+05:30,15649.0,15654.6,15632.05,15640.25,,14,regular,False,False,2021-06-09 15:15:00+05:30,2021-06-09 15:29:00+05:30
2021-06-10 09:00:00+05:30,15692.1,15692.1,15663.6,15684.05,,1,outside,False,False,2021-06-10 09:14:00+05:30,2021-06-10 09:15:00+05:30
2021-06-10 15:15:00+05:30,15735.9,15745.95,15729.55,15745.15,,14,regular,False,False,2021-06-10 15:15:00+05:30,2021-06-10 15:29:00+05:30
2021-06-11 09:00:00+05:30,15796.45,15803.15,15788.9,15798.2,,1,outside,False,False,2021-06-11 09:14:00+05:30,2021-06-11 09:15:00+05:30
2021-06-11 15:15:00+05:30,15801.9,15807.6,15795.8,15805.1,,14,regular,False,False,2021-06-11 15:15:00+05:30,2021-06-11 15:29:00+05:30
2021-06-14 09:00:00+05:30,15791.4,15791.4,15736.7,15755.45,,1,outside,False,False,2021-06-14 09:14:00+05:30,2021-06-14 09:15:00+05:30
2021-06-14 15:15:00+05:30,15813.0,15822.9,15807.5,15809.7,,14,regular,False,False,2021-06-14 15:15:00+05:30,2021-06-14 15:29:00+05:30
2021-06-15 09:00:00+05:30,15866.95,15866.95,15846.85,15864.3,,1,outside,False,False,2021-06-15 09:14:00+05:30,2021-06-15 09:15:00+05:30
2021-06-15 15:15:00+05:30,15875.2,15875.2,15854.55,15859.2,,14,regular,False,False,2021-06-15 15:15:00+05:30,2021-06-15 15:29:00+05:30
2021-06-16 09:00:00+05:30,15847.5,15847.5,15816.85,15831.05,,1,outside,False,False,2021-06-16 09:14:00+05:30,2021-06-16 09:15:00+05:30
2021-06-16 15:15:00+05:30,15773.2,15775.35,15743.65,15755.7,,14,regular,False,False,2021-06-16 15:15:00+05:30,2021-06-16 15:29:00+05:30
2021-06-17 09:00:00+05:30,15648.3,15678.95,15648.3,15678.0,,1,outside,False,False,2021-06-17 09:14:00+05:30,2021-06-17 09:15:00+05:30
2021-06-17 15:15:00+05:30,15706.9,15708.8,15673.2,15681.7,,14,regular,False,False,2021-06-17 15:15:00+05:30,2021-06-17 15:29:00+05:30
2021-06-18 09:00:00+05:30,15756.5,15756.5,15736.6,15741.8,,1,outside,False,False,2021-06-18 09:14:00+05:30,2021-06-18 09:15:00+05:30
2021-06-18 15:15:00+05:30,15687.4,15729.2,15687.4,15719.85,,14,regular,False,False,2021-06-18 15:15:00+05:30,2021-06-18 15:29:00+05:30
2021-06-21 09:00:00+05:30,15525.85,15534.05,15511.2,15529.25,,1,outside,False,False,2021-06-21 09:14:00+05:30,2021-06-21 09:15:00+05:30
2021-06-21 15:15:00+05:30,15745.2,15764.6,15743.3,15748.6,,14,regular,False,False,2021-06-21 15:15:00+05:30,2021-06-21 15:29:00+05:30
2021-06-22 09:00:00+05:30,15840.5,15840.5,15813.3,15822.85,,1,outside,False,False,2021-06-22 09:14:00+05:30,2021-06-22 09:15:00+05:30
2021-06-22 15:15:00+05:30,15776.35,15776.95,15753.35,15765.15,,14,regular,False,False,2021-06-22 15:15:00+05:30,2021-06-22 15:29:00+05:30
2021-06-23 09:00:00+05:30,15862.8,15862.8,15831.3,15832.3,,1,outside,False,False,2021-06-23 09:14:00+05:30,2021-06-23 09:15:00+05:30
2021-06-23 15:15:00+05:30,15687.45,15695.65,15674.95,15693.4,,14,regular,False,False,2021-06-23 15:15:00+05:30,2021-06-23 15:29:00+05:30
2021-06-24 09:00:00+05:30,15737.3,15742.2,15707.2,15729.45,,1,outside,False,False,2021-06-24 09:14:00+05:30,2021-06-24 09:15:00+05:30
2021-06-24 15:15:00+05:30,15793.9,15795.6,15779.2,15793.7,,14,regular,False,False,2021-06-24 15:15:00+05:30,2021-06-24 15:29:00+05:30
2021-06-25 09:00:00+05:30,15839.35,15839.35,15805.45,15828.25,,1,outside,False,False,2021-06-25 09:14:00+05:30,2021-06-25 09:15:00+05:30
2021-06-25 15:15:00+05:30,15866.9,15868.45,15842.35,15847.6,,14,regular,False,False,2021-06-25 15:15:00+05:30,2021-06-25 15:29:00+05:30
2021-06-28 09:00:00+05:30,15915.35,15915.35,15881.15,15895.2,,1,outside,False,False,2021-06-28 09:14:00+05:30,2021-06-28 09:15:00+05:30
2021-06-28 15:15:00+05:30,15814.3,15825.85,15806.65,15825.0,,14,regular,False,False,2021-06-28 15:15:00+05:30,2021-06-28 15:29:00+05:30
2021-06-29 09:00:00+05:30,15807.5,15811.6,15789.55,15811.6,,1,outside,False,False,2021-06-29 09:14:00+05:30,2021-06-29 09:15:00+05:30
2021-06-29 15:15:00+05:30,15747.4,15759.15,15740.65,15751.4,,14,regular,False,False,2021-06-29 15:15:00+05:30,2021-06-29 15:29:00+05:30
2021-06-30 09:00:00+05:30,15776.9,15793.7,15776.9,15792.2,,1,outside,False,False,2021-06-30 09:14:00+05:30,2021-06-30 09:15:00+05:30
2021-06-30 15:15:00+05:30,15718.3,15730.65,15710.05,15730.65,,14,regular,False,False,2021-06-30 15:15:00+05:30,2021-06-30 15:29:00+05:30
2021-07-01 09:00:00+05:30,15755.05,15755.05,15738.0,15745.75,,1,outside,False,False,2021-07-01 09:14:00+05:30,2021-07-01 09:15:00+05:30
2021-07-01 15:15:00+05:30,15679.6,15694.9,15673.9,15693.25,,14,regular,False,False,2021-07-01 15:15:00+05:30,2021-07-01 15:29:00+05:30
2021-07-02 09:00:00+05:30,15705.85,15706.2,15680.5,15694.85,,1,outside,False,False,2021-07-02 09:14:00+05:30,2021-07-02 09:15:00+05:30
2021-07-02 15:15:00+05:30,15722.6,15737.4,15722.2,15729.0,,14,regular,False,False,2021-07-02 15:15:00+05:30,2021-07-02 15:29:00+05:30
2021-07-05 09:00:00+05:30,15793.4,15793.4,15763.7,15771.35,,1,outside,False,False,2021-07-05 09:14:00+05:30,2021-07-05 09:15:00+05:30
2021-07-05 15:15:00+05:30,15836.25,15845.6,15833.5,15838.4,,14,regular,False,False,2021-07-05 15:15:00+05:30,2021-07-05 15:29:00+05:30
2021-07-06 09:00:00+05:30,15813.75,15838.1,15813.75,15838.1,,1,outside,False,False,2021-07-06 09:14:00+05:30,2021-07-06 09:15:00+05:30
2021-07-06 15:15:00+05:30,15803.65,15824.2,15801.8,15816.4,,14,regular,False,False,2021-07-06 15:15:00+05:30,2021-07-06 15:29:00+05:30
2021-07-07 09:00:00+05:30,15819.6,15819.6,15787.15,15799.8,,1,outside,False,False,2021-07-07 09:14:00+05:30,2021-07-07 09:15:00+05:30
2021-07-07 15:15:00+05:30,15883.6,15892.75,15878.05,15878.65,,14,regular,False,False,2021-07-07 15:15:00+05:30,2021-07-07 15:29:00+05:30
2021-07-08 09:00:00+05:30,15855.4,15868.7,15855.4,15868.7,,1,outside,False,False,2021-07-08 09:14:00+05:30,2021-07-08 09:15:00+05:30
2021-07-08 15:15:00+05:30,15739.45,15743.4,15721.2,15728.0,,14,regular,False,False,2021-07-08 15:15:00+05:30,2021-07-08 15:29:00+05:30
2021-07-09 09:00:00+05:30,15688.25,15690.7,15669.35,15671.35,,1,outside,False,False,2021-07-09 09:14:00+05:30,2021-07-09 09:15:00+05:30
2021-07-09 15:15:00+05:30,15688.6,15700.35,15685.0,15697.05,,14,regular,False,False,2021-07-09 15:15:00+05:30,2021-07-09 15:29:00+05:30
2021-07-12 09:00:00+05:30,15766.8,15773.95,15757.85,15772.95,,1,outside,False,False,2021-07-12 09:14:00+05:30,2021-07-12 09:15:00+05:30
2021-07-12 15:15:00+05:30,15686.8,15702.5,15683.4,15689.5,,14,regular,False,False,2021-07-12 15:15:00+05:30,2021-07-12 15:29:00+05:30
2021-07-13 09:00:00+05:30,15794.0,15794.0,15758.6,15760.0,,1,outside,False,False,2021-07-13 09:14:00+05:30,2021-07-13 09:15:00+05:30
2021-07-13 15:15:00+05:30,15814.95,15820.0,15805.2,15807.9,,14,regular,False,False,2021-07-13 15:15:00+05:30,2021-07-13 15:29:00+05:30
2021-07-14 09:00:00+05:30,15808.7,15810.55,15794.6,15796.65,,1,outside,False,False,2021-07-14 09:14:00+05:30,2021-07-14 09:15:00+05:30
2021-07-14 15:15:00+05:30,15861.5,15862.1,15834.45,15845.35,,14,regular,False,False,2021-07-14 15:15:00+05:30,2021-07-14 15:29:00+05:30
2021-07-15 09:00:00+05:30,15872.15,15879.25,15858.45,15878.3,,1,outside,False,False,2021-07-15 09:14:00+05:30,2021-07-15 09:15:00+05:30
2021-07-15 15:15:00+05:30,15923.0,15928.2,15916.8,15920.7,,14,regular,False,False,2021-07-15 15:15:00+05:30,2021-07-15 15:29:00+05:30
2021-07-16 09:00:00+05:30,15958.35,15960.6,15943.75,15943.75,,1,outside,False,False,2021-07-16 09:14:00+05:30,2021-07-16 09:15:00+05:30
2021-07-16 15:15:00+05:30,15923.05,15925.7,15914.85,15923.6,,14,regular,False,False,2021-07-16 15:15:00+05:30,2021-07-16 15:29:00+05:30
2021-07-19 09:00:00+05:30,15754.5,15791.35,15740.15,15788.85,,1,outside,False,False,2021-07-19 09:14:00+05:30,2021-07-19 09:15:00+05:30
2021-07-19 15:15:00+05:30,15751.9,15766.1,15748.85,15757.9,,14,regular,False,False,2021-07-19 15:15:00+05:30,2021-07-19 15:29:00+05:30
2021-07-20 09:00:00+05:30,15703.95,15725.35,15703.95,15723.6,,1,outside,False,False,2021-07-20 09:14:00+05:30,2021-07-20 09:15:00+05:30
2021-07-20 15:15:00+05:30,15633.35,15634.9,15617.5,15624.5,,14,regular,False,False,2021-07-20 15:15:00+05:30,2021-07-20 15:29:00+05:30
2021-07-22 09:00:00+05:30,15736.6,15746.75,15729.25,15741.6,,1,outside,False,False,2021-07-22 09:14:00+05:30,2021-07-22 09:15:00+05:30
2021-07-22 15:15:00+05:30,15823.25,15834.25,15821.0,15827.7,,14,regular,False,False,2021-07-22 15:15:00+05:30,2021-07-22 15:29:00+05:30
2021-07-23 09:00:00+05:30,15856.8,15856.8,15844.75,15848.4,,1,outside,False,False,2021-07-23 09:14:00+05:30,2021-07-23 09:15:00+05:30
2021-07-23 15:15:00+05:30,15856.3,15857.35,15840.95,15850.8,,14,regular,False,False,2021-07-23 15:15:00+05:30,2021-07-23 15:29:00+05:30
2021-07-26 09:00:00+05:30,15849.3,15849.3,15799.4,15813.45,,1,outside,False,False,2021-07-26 09:14:00+05:30,2021-07-26 09:15:00+05:30
2021-07-26 15:15:00+05:30,15821.75,15833.5,15815.35,15821.45,,14,regular,False,False,2021-07-26 15:15:00+05:30,2021-07-26 15:29:00+05:30
2021-07-27 09:00:00+05:30,15860.5,15881.3,15858.2,15875.85,,1,outside,False,False,2021-07-27 09:14:00+05:30,2021-07-27 09:15:00+05:30
2021-07-27 15:15:00+05:30,15749.0,15752.2,15739.5,15747.2,,14,regular,False,False,2021-07-27 15:15:00+05:30,2021-07-27 15:29:00+05:30
2021-07-28 09:00:00+05:30,15761.55,15761.55,15700.3,15703.3,,1,outside,False,False,2021-07-28 09:14:00+05:30,2021-07-28 09:15:00+05:30
2021-07-28 15:15:00+05:30,15709.65,15721.9,15708.0,15714.65,,14,regular,False,False,2021-07-28 15:15:00+05:30,2021-07-28 15:29:00+05:30
2021-07-29 09:00:00+05:30,15762.7,15776.0,15756.45,15775.1,,1,outside,False,False,2021-07-29 09:14:00+05:30,2021-07-29 09:15:00+05:30
2021-07-29 15:15:00+05:30,15775.05,15784.85,15770.4,15784.85,,14,regular,False,False,2021-07-29 15:15:00+05:30,2021-07-29 15:29:00+05:30
2021-07-30 09:00:00+05:30,15800.6,15800.6,15749.3,15782.65,,1,outside,False,False,2021-07-30 09:14:00+05:30,2021-07-30 09:15:00+05:30
2021-07-30 15:15:00+05:30,15753.75,15776.35,15748.05,15773.65,,14,regular,False,False,2021-07-30 15:15:00+05:30,2021-07-30 15:29:00+05:30
2021-08-02 09:00:00+05:30,15874.9,15874.9,15839.0,15847.05,,1,outside,False,False,2021-08-02 09:14:00+05:30,2021-08-02 09:15:00+05:30
2021-08-02 15:15:00+05:30,15886.7,15892.5,15881.95,15887.5,,14,regular,False,False,2021-08-02 15:15:00+05:30,2021-08-02 15:29:00+05:30
2021-08-03 09:00:00+05:30,15951.55,15951.55,15915.9,15928.1,,1,outside,False,False,2021-08-03 09:14:00+05:30,2021-08-03 09:15:00+05:30
2021-08-03 15:15:00+05:30,16131.2,16146.6,16122.45,16123.4,,14,regular,False,False,2021-08-03 15:15:00+05:30,2021-08-03 15:29:00+05:30
2021-08-04 09:00:00+05:30,16195.25,16225.45,16188.55,16222.3,,1,outside,False,False,2021-08-04 09:14:00+05:30,2021-08-04 09:15:00+05:30
2021-08-04 15:15:00+05:30,16261.95,16264.6,16245.6,16253.0,,14,regular,False,False,2021-08-04 15:15:00+05:30,2021-08-04 15:29:00+05:30
2021-08-05 09:00:00+05:30,16288.95,16293.3,16269.5,16280.0,,1,outside,False,False,2021-08-05 09:14:00+05:30,2021-08-05 09:15:00+05:30
2021-08-05 15:15:00+05:30,16286.95,16292.2,16275.45,16281.8,,14,regular,False,False,2021-08-05 15:15:00+05:30,2021-08-05 15:29:00+05:30
2021-08-06 09:00:00+05:30,16304.4,16304.4,16276.25,16288.95,,1,outside,False,False,2021-08-06 09:14:00+05:30,2021-08-06 09:15:00+05:30
2021-08-06 15:15:00+05:30,16230.7,16256.1,16226.95,16254.7,,14,regular,False,False,2021-08-06 15:15:00+05:30,2021-08-06 15:29:00+05:30
2021-08-09 09:00:00+05:30,16281.35,16293.15,16256.45,16284.6,,1,outside,False,False,2021-08-09 09:14:00+05:30,2021-08-09 09:15:00+05:30
2021-08-09 15:15:00+05:30,16260.0,16265.8,16250.75,16254.1,,14,regular,False,False,2021-08-09 15:15:00+05:30,2021-08-09 15:29:00+05:30
2021-08-10 09:00:00+05:30,16274.8,16296.5,16267.95,16293.65,,1,outside,False,False,2021-08-10 09:14:00+05:30,2021-08-10 09:15:00+05:30
2021-08-10 15:15:00+05:30,16285.5,16286.15,16262.65,16268.3,,14,regular,False,False,2021-08-10 15:15:00+05:30,2021-08-10 15:29:00+05:30
2021-08-11 09:00:00+05:30,16327.3,16337.4,16314.6,16315.2,,1,outside,False,False,2021-08-11 09:14:00+05:30,2021-08-11 09:15:00+05:30
2021-08-11 15:15:00+05:30,16283.7,16289.15,16270.9,16275.1,,14,regular,False,False,2021-08-11 15:15:00+05:30,2021-08-11 15:29:00+05:30
2021-08-12 09:00:00+05:30,16303.65,16322.45,16303.65,16321.7,,1,outside,False,False,2021-08-12 09:14:00+05:30,2021-08-12 09:15:00+05:30
2021-08-12 15:15:00+05:30,16360.65,16371.65,16356.85,16361.35,,14,regular,False,False,2021-08-12 15:15:00+05:30,2021-08-12 15:29:00+05:30
2021-08-13 09:00:00+05:30,16385.7,16404.8,16385.0,16404.2,,1,outside,False,False,2021-08-13 09:14:00+05:30,2021-08-13 09:15:00+05:30
2021-08-13 15:15:00+05:30,16531.05,16537.05,16514.5,16519.5,,14,regular,False,False,2021-08-13 15:15:00+05:30,2021-08-13 15:29:00+05:30
2021-08-16 09:00:00+05:30,16518.4,16522.25,16502.9,16510.1,,1,outside,False,False,2021-08-16 09:14:00+05:30,2021-08-16 09:15:00+05:30
2021-08-16 15:15:00+05:30,16569.5,16570.45,16543.75,16547.05,,14,regular,False,False,2021-08-16 15:15:00+05:30,2021-08-16 15:29:00+05:30
2021-08-17 09:00:00+05:30,16545.25,16545.25,16518.6,16525.3,,1,outside,False,False,2021-08-17 09:14:00+05:30,2021-08-17 09:15:00+05:30
2021-08-17 15:15:00+05:30,16623.25,16626.35,16602.7,16605.45,,14,regular,False,False,2021-08-17 15:15:00+05:30,2021-08-17 15:29:00+05:30
2021-08-18 09:00:00+05:30,16691.95,16691.95,16665.05,16671.85,,1,outside,False,False,2021-08-18 09:14:00+05:30,2021-08-18 09:15:00+05:30
2021-08-18 15:15:00+05:30,16571.35,16571.35,16545.75,16550.4,,14,regular,False,False,2021-08-18 15:15:00+05:30,2021-08-18 15:29:00+05:30
2021-08-20 09:00:00+05:30,16382.5,16431.05,16377.1,16431.05,,1,outside,False,False,2021-08-20 09:14:00+05:30,2021-08-20 09:15:00+05:30
2021-08-20 15:15:00+05:30,16455.55,16455.55,16411.4,16415.65,,14,regular,False,False,2021-08-20 15:15:00+05:30,2021-08-20 15:29:00+05:30
2021-08-23 09:00:00+05:30,16592.25,16592.25,16558.0,16567.55,,1,outside,False,False,2021-08-23 09:14:00+05:30,2021-08-23 09:15:00+05:30
2021-08-23 15:15:00+05:30,16494.65,16499.0,16485.7,16488.3,,14,regular,False,False,2021-08-23 15:15:00+05:30,2021-08-23 15:29:00+05:30
2021-08-24 09:00:00+05:30,16561.4,16579.55,16542.95,16549.1,,1,outside,False,False,2021-08-24 09:14:00+05:30,2021-08-24 09:15:00+05:30
2021-08-24 15:15:00+05:30,16620.95,16631.1,16608.15,16615.75,,14,regular,False,False,2021-08-24 15:15:00+05:30,2021-08-24 15:29:00+05:30
2021-08-25 09:00:00+05:30,16654.0,16667.9,16650.5,16666.45,,1,outside,False,False,2021-08-25 09:14:00+05:30,2021-08-25 09:15:00+05:30
2021-08-25 15:15:00+05:30,16629.35,16643.0,16627.05,16635.4,,14,regular,False,False,2021-08-25 15:15:00+05:30,2021-08-25 15:29:00+05:30
2021-08-26 09:00:00+05:30,16627.95,16637.35,16620.45,16636.95,,1,outside,False,False,2021-08-26 09:14:00+05:30,2021-08-26 09:15:00+05:30
2021-08-26 15:15:00+05:30,16644.05,16650.45,16624.55,16631.95,,14,regular,False,False,2021-08-26 15:15:00+05:30,2021-08-26 15:29:00+05:30
2021-08-27 09:00:00+05:30,16642.55,16651.55,16631.85,16631.95,,1,outside,False,False,2021-08-27 09:14:00+05:30,2021-08-27 09:15:00+05:30
2021-08-27 15:15:00+05:30,16709.75,16714.25,16688.45,16691.55,,14,regular,False,False,2021-08-27 15:15:00+05:30,2021-08-27 15:29:00+05:30
2021-08-30 09:00:00+05:30,16775.85,16802.7,16766.2,16801.75,,1,outside,False,False,2021-08-30 09:14:00+05:30,2021-08-30 09:15:00+05:30
2021-08-30 15:15:00+05:30,16933.1,16951.3,16930.75,16938.7,,14,regular,False,False,2021-08-30 15:15:00+05:30,2021-08-30 15:29:00+05:30
2021-08-31 09:00:00+05:30,16947.5,16973.6,16942.9,16967.05,,1,outside,False,False,2021-08-31 09:14:00+05:30,2021-08-31 09:15:00+05:30
2021-08-31 15:15:00+05:30,17147.8,17151.9,17124.6,17131.35,,14,regular,False,False,2021-08-31 15:15:00+05:30,2021-08-31 15:29:00+05:30
2021-09-01 09:00:00+05:30,17185.6,17185.6,17156.65,17169.9,,1,outside,False,False,2021-09-01 09:14:00+05:30,2021-09-01 09:15:00+05:30
2021-09-01 15:15:00+05:30,17068.75,17074.0,17055.75,17058.75,,14,regular,False,False,2021-09-01 15:15:00+05:30,2021-09-01 15:29:00+05:30
2021-09-02 09:00:00+05:30,17095.4,17101.1,17063.6,17085.85,,1,outside,False,False,2021-09-02 09:14:00+05:30,2021-09-02 09:15:00+05:30
2021-09-02 15:15:00+05:30,17237.0,17240.5,17223.05,17233.85,,14,regular,False,False,2021-09-02 15:15:00+05:30,2021-09-02 15:29:00+05:30
2021-09-03 09:00:00+05:30,17262.45,17295.45,17258.3,17293.25,,1,outside,False,False,2021-09-03 09:14:00+05:30,2021-09-03 09:15:00+05:30
2021-09-03 15:15:00+05:30,17322.25,17339.5,17318.5,17320.55,,14,regular,False,False,2021-09-03 15:15:00+05:30,2021-09-03 15:29:00+05:30
2021-09-06 09:00:00+05:30,17399.35,17409.6,17390.7,17406.65,,1,outside,False,False,2021-09-06 09:14:00+05:30,2021-09-06 09:15:00+05:30
2021-09-06 15:15:00+05:30,17379.35,17382.2,17369.3,17379.65,,14,regular,False,False,2021-09-06 15:15:00+05:30,2021-09-06 15:29:00+05:30
2021-09-07 09:00:00+05:30,17401.55,17423.2,17396.95,17414.25,,1,outside,False,False,2021-09-07 09:14:00+05:30,2021-09-07 09:15:00+05:30
2021-09-07 15:15:00+05:30,17360.8,17363.15,17346.05,17357.45,,14,regular,False,False,2021-09-07 15:15:00+05:30,2021-09-07 15:29:00+05:30
2021-09-08 09:00:00+05:30,17375.75,17375.75,17331.4,17336.75,,1,outside,False,False,2021-09-08 09:14:00+05:30,2021-09-08 09:15:00+05:30
2021-09-08 15:15:00+05:30,17354.7,17373.95,17351.1,17370.7,,14,regular,False,False,2021-09-08 15:15:00+05:30,2021-09-08 15:29:00+05:30
2021-09-09 09:00:00+05:30,17312.85,17339.35,17312.85,17336.95,,1,outside,False,False,2021-09-09 09:14:00+05:30,2021-09-09 09:15:00+05:30
2021-09-09 15:15:00+05:30,17365.7,17379.3,17355.45,17358.1,,14,regular,False,False,2021-09-09 15:15:00+05:30,2021-09-09 15:29:00+05:30
2021-09-13 09:00:00+05:30,17363.55,17371.05,17314.6,17322.75,,1,outside,False,False,2021-09-13 09:14:00+05:30,2021-09-13 09:15:00+05:30
2021-09-13 15:15:00+05:30,17355.7,17360.9,17344.2,17350.7,,14,regular,False,False,2021-09-13 15:15:00+05:30,2021-09-13 15:29:00+05:30
2021-09-14 09:00:00+05:30,17420.35,17420.35,17390.25,17395.7,,1,outside,False,False,2021-09-14 09:14:00+05:30,2021-09-14 09:15:00+05:30
2021-09-14 15:15:00+05:30,17377.0,17385.75,17373.45,17382.0,,14,regular,False,False,2021-09-14 15:15:00+05:30,2021-09-14 15:29:00+05:30
2021-09-15 09:00:00+05:30,17387.65,17406.5,17387.65,17396.85,,1,outside,False,False,2021-09-15 09:14:00+05:30,2021-09-15 09:15:00+05:30
2021-09-15 15:15:00+05:30,17519.05,17530.6,17513.9,17518.3,,14,regular,False,False,2021-09-15 15:15:00+05:30,2021-09-15 15:29:00+05:30
2021-09-16 09:00:00+05:30,17539.2,17563.6,17539.2,17563.3,,1,outside,False,False,2021-09-16 09:14:00+05:30,2021-09-16 09:15:00+05:30
2021-09-16 15:15:00+05:30,17619.5,17635.4,17616.45,17627.55,,14,regular,False,False,2021-09-16 15:15:00+05:30,2021-09-16 15:29:00+05:30
2021-09-17 09:00:00+05:30,17709.65,17717.65,17700.85,17708.3,,1,outside,False,False,2021-09-17 09:14:00+05:30,2021-09-17 09:15:00+05:30
2021-09-17 15:15:00+05:30,17590.3,17605.4,17575.7,17602.2,,14,regular,False,False,2021-09-17 15:15:00+05:30,2021-09-17 15:29:00+05:30
2021-09-20 09:00:00+05:30,17443.85,17465.8,17426.2,17459.25,,1,outside,False,False,2021-09-20 09:14:00+05:30,2021-09-20 09:15:00+05:30
2021-09-20 15:15:00+05:30,17412.35,17412.35,17363.2,17373.75,,14,regular,False,False,2021-09-20 15:15:00+05:30,2021-09-20 15:29:00+05:30
2021-09-21 09:00:00+05:30,17450.5,17464.15,17438.35,17454.0,,1,outside,False,False,2021-09-21 09:14:00+05:30,2021-09-21 09:15:00+05:30
2021-09-21 15:15:00+05:30,17553.1,17577.55,17552.45,17564.1,,14,regular,False,False,2021-09-21 15:15:00+05:30,2021-09-21 15:29:00+05:30
2021-09-22 09:00:00+05:30,17580.9,17600.95,17577.2,17581.4,,1,outside,False,False,2021-09-22 09:14:00+05:30,2021-09-22 09:15:00+05:30
2021-09-22 15:15:00+05:30,17537.2,17555.65,17536.15,17548.35,,14,regular,False,False,2021-09-22 15:15:00+05:30,2021-09-22 15:29:00+05:30
2021-09-23 09:00:00+05:30,17670.85,17671.25,17647.65,17652.35,,1,outside,False,False,2021-09-23 09:14:00+05:30,2021-09-23 09:15:00+05:30
2021-09-23 15:15:00+05:30,17834.9,17837.2,17815.75,17826.3,,14,regular,False,False,2021-09-23 15:15:00+05:30,2021-09-23 15:29:00+05:30
2021-09-24 09:00:00+05:30,17897.45,17918.35,17897.35,17911.35,,1,outside,False,False,2021-09-24 09:14:00+05:30,2021-09-24 09:15:00+05:30
2021-09-24 15:15:00+05:30,17859.25,17861.65,17836.05,17841.55,,14,regular,False,False,2021-09-24 15:15:00+05:30,2021-09-24 15:29:00+05:30
2021-09-27 09:00:00+05:30,17932.2,17932.2,17916.75,17921.35,,1,outside,False,False,2021-09-27 09:14:00+05:30,2021-09-27 09:15:00+05:30
2021-09-27 15:15:00+05:30,17857.85,17861.7,17844.15,17855.1,,14,regular,False,False,2021-09-27 15:15:00+05:30,2021-09-27 15:29:00+05:30
2021-09-28 09:00:00+05:30,17906.45,17906.45,17867.75,17867.75,,1,outside,False,False,2021-09-28 09:14:00+05:30,2021-09-28 09:15:00+05:30
2021-09-28 15:15:00+05:30,17767.55,17767.9,17729.15,17733.45,,14,regular,False,False,2021-09-28 15:15:00+05:30,2021-09-28 15:29:00+05:30
2021-09-29 09:00:00+05:30,17657.95,17657.95,17614.05,17628.8,,1,outside,False,False,2021-09-29 09:14:00+05:30,2021-09-29 09:15:00+05:30
2021-09-29 15:15:00+05:30,17702.75,17715.9,17693.45,17708.55,,14,regular,False,False,2021-09-29 15:15:00+05:30,2021-09-29 15:29:00+05:30
2021-09-30 09:00:00+05:30,17718.9,17737.15,17710.1,17724.05,,1,outside,False,False,2021-09-30 09:14:00+05:30,2021-09-30 09:15:00+05:30
2021-09-30 15:15:00+05:30,17630.6,17632.45,17585.4,17608.65,,14,regular,False,False,2021-09-30 15:15:00+05:30,2021-09-30 15:29:00+05:30
2021-10-01 09:00:00+05:30,17531.9,17531.9,17486.35,17497.55,,1,outside,False,False,2021-10-01 09:14:00+05:30,2021-10-01 09:15:00+05:30
2021-10-01 15:15:00+05:30,17529.6,17531.6,17516.25,17526.35,,14,regular,False,False,2021-10-01 15:15:00+05:30,2021-10-01 15:29:00+05:30
2021-10-04 09:00:00+05:30,17615.55,17618.55,17584.9,17615.35,,1,outside,False,False,2021-10-04 09:14:00+05:30,2021-10-04 09:15:00+05:30
2021-10-04 15:15:00+05:30,17693.85,17701.1,17684.6,17700.5,,14,regular,False,False,2021-10-04 15:15:00+05:30,2021-10-04 15:29:00+05:30
2021-10-05 09:00:00+05:30,17661.35,17668.35,17643.3,17659.3,,1,outside,False,False,2021-10-05 09:14:00+05:30,2021-10-05 09:15:00+05:30
2021-10-05 15:15:00+05:30,17826.75,17831.85,17817.5,17829.3,,14,regular,False,False,2021-10-05 15:15:00+05:30,2021-10-05 15:29:00+05:30
2021-10-06 09:00:00+05:30,17861.5,17868.15,17844.1,17866.5,,1,outside,False,False,2021-10-06 09:14:00+05:30,2021-10-06 09:15:00+05:30
2021-10-06 15:15:00+05:30,17649.05,17653.7,17614.85,17626.45,,14,regular,False,False,2021-10-06 15:15:00+05:30,2021-10-06 15:29:00+05:30
2021-10-07 09:00:00+05:30,17810.55,17810.55,17774.05,17777.2,,1,outside,False,False,2021-10-07 09:14:00+05:30,2021-10-07 09:15:00+05:30
2021-10-07 15:15:00+05:30,17788.45,17801.4,17780.55,17797.15,,14,regular,False,False,2021-10-07 15:15:00+05:30,2021-10-07 15:29:00+05:30
2021-10-08 09:00:00+05:30,17886.85,17890.85,17874.3,17885.25,,1,outside,False,False,2021-10-08 09:14:00+05:30,2021-10-08 09:15:00+05:30
2021-10-08 15:15:00+05:30,17893.8,17907.5,17886.45,17907.5,,14,regular,False,False,2021-10-08 15:15:00+05:30,2021-10-08 15:29:00+05:30
2021-10-11 09:00:00+05:30,17867.55,17877.85,17843.9,17875.8,,1,outside,False,False,2021-10-11 09:14:00+05:30,2021-10-11 09:15:00+05:30
2021-10-11 15:15:00+05:30,17946.2,17954.8,17930.9,17953.7,,14,regular,False,False,2021-10-11 15:15:00+05:30,2021-10-11 15:29:00+05:30
2021-10-12 09:00:00+05:30,17915.8,17945.0,17915.8,17942.5,,1,outside,False,False,2021-10-12 09:14:00+05:30,2021-10-12 09:15:00+05:30
2021-10-12 15:15:00+05:30,17990.75,18005.55,17990.75,18005.35,,14,regular,False,False,2021-10-12 15:15:00+05:30,2021-10-12 15:29:00+05:30
2021-10-13 09:00:00+05:30,18097.85,18097.85,18053.9,18071.6,,1,outside,False,False,2021-10-13 09:14:00+05:30,2021-10-13 09:15:00+05:30
2021-10-13 15:15:00+05:30,18162.7,18168.1,18150.65,18165.75,,14,regular,False,False,2021-10-13 15:15:00+05:30,2021-10-13 15:29:00+05:30
2021-10-14 09:00:00+05:30,18272.85,18280.95,18260.05,18269.2,,1,outside,False,False,2021-10-14 09:14:00+05:30,2021-10-14 09:15:00+05:30
2021-10-14 15:15:00+05:30,18341.25,18349.25,18332.1,18339.05,,14,regular,False,False,2021-10-14 15:15:00+05:30,2021-10-14 15:29:00+05:30
2021-10-18 09:00:00+05:30,18500.1,18500.1,18465.45,18468.4,,1,outside,False,False,2021-10-18 09:14:00+05:30,2021-10-18 09:15:00+05:30
2021-10-18 15:15:00+05:30,18470.85,18477.3,18461.35,18476.25,,14,regular,False,False,2021-10-18 15:15:00+05:30,2021-10-18 15:29:00+05:30
2021-10-19 09:00:00+05:30,18602.35,18602.35,18554.45,18554.45,,1,outside,False,False,2021-10-19 09:14:00+05:30,2021-10-19 09:15:00+05:30
2021-10-19 15:15:00+05:30,18410.3,18431.2,18378.15,18427.25,,14,regular,False,False,2021-10-19 15:15:00+05:30,2021-10-19 15:29:00+05:30
2021-10-20 09:00:00+05:30,18439.9,18455.3,18427.15,18442.55,,1,outside,False,False,2021-10-20 09:14:00+05:30,2021-10-20 09:15:00+05:30
2021-10-20 15:15:00+05:30,18258.5,18285.65,18257.85,18282.75,,14,regular,False,False,2021-10-20 15:15:00+05:30,2021-10-20 15:29:00+05:30
2021-10-21 09:00:00+05:30,18382.7,18382.7,18340.2,18352.2,,1,outside,False,False,2021-10-21 09:14:00+05:30,2021-10-21 09:15:00+05:30
2021-10-21 15:15:00+05:30,18177.85,18222.35,18177.6,18219.6,,14,regular,False,False,2021-10-21 15:15:00+05:30,2021-10-21 15:29:00+05:30
2021-10-22 09:00:00+05:30,18230.7,18235.25,18215.75,18232.05,,1,outside,False,False,2021-10-22 09:14:00+05:30,2021-10-22 09:15:00+05:30
2021-10-22 15:15:00+05:30,18118.85,18122.7,18098.1,18111.5,,14,regular,False,False,2021-10-22 15:15:00+05:30,2021-10-22 15:29:00+05:30
2021-10-25 09:00:00+05:30,18229.5,18236.65,18143.05,18187.55,,1,outside,False,False,2021-10-25 09:14:00+05:30,2021-10-25 09:15:00+05:30
2021-10-25 15:15:00+05:30,18118.4,18140.95,18115.35,18136.5,,14,regular,False,False,2021-10-25 15:15:00+05:30,2021-10-25 15:29:00+05:30
2021-10-26 09:00:00+05:30,18154.5,18187.7,18154.5,18165.05,,1,outside,False,False,2021-10-26 09:14:00+05:30,2021-10-26 09:15:00+05:30
2021-10-26 15:15:00+05:30,18268.85,18308.95,18268.75,18308.95,,14,regular,False,False,2021-10-26 15:15:00+05:30,2021-10-26 15:29:00+05:30
2021-10-27 09:00:00+05:30,18295.85,18322.0,18295.85,18321.5,,1,outside,False,False,2021-10-27 09:14:00+05:30,2021-10-27 09:15:00+05:30
2021-10-27 15:15:00+05:30,18219.65,18223.45,18168.1,18181.5,,14,regular,False,False,2021-10-27 15:15:00+05:30,2021-10-27 15:29:00+05:30
2021-10-28 09:00:00+05:30,18187.65,18187.65,18148.4,18152.3,,1,outside,False,False,2021-10-28 09:14:00+05:30,2021-10-28 09:15:00+05:30
2021-10-28 15:15:00+05:30,17853.1,17866.8,17800.8,17862.9,,14,regular,False,False,2021-10-28 15:15:00+05:30,2021-10-28 15:29:00+05:30
2021-10-29 09:00:00+05:30,17833.05,17833.05,17740.8,17741.5,,1,outside,False,False,2021-10-29 09:14:00+05:30,2021-10-29 09:15:00+05:30
2021-10-29 15:15:00+05:30,17645.9,17718.35,17642.2,17708.8,,14,regular,False,False,2021-10-29 15:15:00+05:30,2021-10-29 15:29:00+05:30
2021-11-01 09:00:00+05:30,17783.15,17818.05,17772.75,17814.7,,1,outside,False,False,2021-11-01 09:14:00+05:30,2021-11-01 09:15:00+05:30
2021-11-01 15:15:00+05:30,17926.45,17949.85,17922.85,17945.25,,14,regular,False,False,2021-11-01 15:15:00+05:30,2021-11-01 15:29:00+05:30
2021-11-02 09:00:00+05:30,17970.9,18002.9,17970.9,17990.25,,1,outside,False,False,2021-11-02 09:14:00+05:30,2021-11-02 09:15:00+05:30
2021-11-02 15:15:00+05:30,17893.4,17899.35,17876.15,17889.15,,14,regular,False,False,2021-11-02 15:15:00+05:30,2021-11-02 15:29:00+05:30
2021-11-03 09:00:00+05:30,17947.95,17969.55,17942.0,17969.55,,1,outside,False,False,2021-11-03 09:14:00+05:30,2021-11-03 09:15:00+05:30
2021-11-03 15:15:00+05:30,17814.4,17843.1,17811.8,17833.0,,14,regular,False,False,2021-11-03 15:15:00+05:30,2021-11-03 15:29:00+05:30
2021-11-04 18:00:00+05:30,17935.05,17935.85,17919.2,17935.85,,1,evening,False,False,2021-11-04 18:14:00+05:30,2021-11-04 18:15:00+05:30
2021-11-04 19:00:00+05:30,17919.25,17924.0,17901.9,17918.9,,14,evening,False,False,2021-11-04 19:00:00+05:30,2021-11-04 19:14:00+05:30
2021-11-08 09:00:00+05:30,18040.2,18040.2,17969.9,17969.9,,1,outside,False,False,2021-11-08 09:14:00+05:30,2021-11-08 09:15:00+05:30
2021-11-08 15:15:00+05:30,18070.8,18087.4,18061.0,18080.7,,14,regular,False,False,2021-11-08 15:15:00+05:30,2021-11-08 15:29:00+05:30
2021-11-09 09:00:00+05:30,18084.35,18092.35,18054.75,18062.1,,1,outside,False,False,2021-11-09 09:14:00+05:30,2021-11-09 09:15:00+05:30
2021-11-09 15:15:00+05:30,18045.65,18064.25,18041.65,18050.85,,14,regular,False,False,2021-11-09 15:15:00+05:30,2021-11-09 15:29:00+05:30
2021-11-10 09:00:00+05:30,17973.45,17973.45,17937.85,17957.2,,1,outside,False,False,2021-11-10 09:14:00+05:30,2021-11-10 09:15:00+05:30
2021-11-10 15:15:00+05:30,18008.1,18024.7,17999.9,18010.1,,14,regular,False,False,2021-11-10 15:15:00+05:30,2021-11-10 15:29:00+05:30
2021-11-11 09:00:00+05:30,17967.45,17967.45,17935.75,17956.45,,1,outside,False,False,2021-11-11 09:14:00+05:30,2021-11-11 09:15:00+05:30
2021-11-11 15:15:00+05:30,17875.5,17894.45,17872.4,17885.65,,14,regular,False,False,2021-11-11 15:15:00+05:30,2021-11-11 15:29:00+05:30
2021-11-12 09:00:00+05:30,17977.6,17977.6,17948.25,17959.45,,1,outside,False,False,2021-11-12 09:14:00+05:30,2021-11-12 09:15:00+05:30
2021-11-12 15:15:00+05:30,18094.55,18112.15,18093.15,18098.65,,14,regular,False,False,2021-11-12 15:15:00+05:30,2021-11-12 15:29:00+05:30
2021-11-15 09:00:00+05:30,18140.95,18188.4,18140.95,18176.5,,1,outside,False,False,2021-11-15 09:14:00+05:30,2021-11-15 09:15:00+05:30
2021-11-15 15:15:00+05:30,18108.05,18113.0,18086.5,18092.0,,14,regular,False,False,2021-11-15 15:15:00+05:30,2021-11-15 15:29:00+05:30
2021-11-16 09:00:00+05:30,18127.05,18131.95,18088.0,18089.2,,1,outside,False,False,2021-11-16 09:14:00+05:30,2021-11-16 09:15:00+05:30
2021-11-16 15:15:00+05:30,18001.65,18001.95,17959.15,17964.35,,14,regular,False,False,2021-11-16 15:15:00+05:30,2021-11-16 15:29:00+05:30
2021-11-17 09:00:00+05:30,17939.35,17939.35,17908.8,17930.2,,1,outside,False,False,2021-11-17 09:14:00+05:30,2021-11-17 09:15:00+05:30
2021-11-17 15:15:00+05:30,17893.9,17900.25,17879.95,17887.2,,14,regular,False,False,2021-11-17 15:15:00+05:30,2021-11-17 15:29:00+05:30
2021-11-18 09:00:00+05:30,17890.55,17913.1,17877.95,17909.7,,1,outside,False,False,2021-11-18 09:14:00+05:30,2021-11-18 09:15:00+05:30
2021-11-18 15:15:00+05:30,17749.0,17766.5,17737.25,17745.25,,14,regular,False,False,2021-11-18 15:15:00+05:30,2021-11-18 15:29:00+05:30
2021-11-22 09:00:00+05:30,17796.25,17796.25,17724.4,17724.4,,1,outside,False,False,2021-11-22 09:14:00+05:30,2021-11-22 09:15:00+05:30
2021-11-22 15:15:00+05:30,17409.45,17444.55,17408.15,17440.0,,14,regular,False,False,2021-11-22 15:15:00+05:30,2021-11-22 15:29:00+05:30
2021-11-23 09:00:00+05:30,17281.75,17310.65,17270.6,17272.2,,1,outside,False,False,2021-11-23 09:14:00+05:30,2021-11-23 09:15:00+05:30
2021-11-23 15:15:00+05:30,17502.5,17507.15,17477.2,17495.1,,14,regular,False,False,2021-11-23 15:15:00+05:30,2021-11-23 15:29:00+05:30
2021-11-24 09:00:00+05:30,17550.05,17555.05,17515.85,17530.15,,1,outside,False,False,2021-11-24 09:14:00+05:30,2021-11-24 09:15:00+05:30
2021-11-24 15:15:00+05:30,17410.7,17416.15,17355.65,17357.1,,14,regular,False,False,2021-11-24 15:15:00+05:30,2021-11-24 15:29:00+05:30
2021-11-25 09:00:00+05:30,17417.3,17417.3,17379.1,17394.25,,1,outside,False,False,2021-11-25 09:14:00+05:30,2021-11-25 09:15:00+05:30
2021-11-25 15:15:00+05:30,17532.8,17555.8,17528.95,17547.0,,14,regular,False,False,2021-11-25 15:15:00+05:30,2021-11-25 15:29:00+05:30
2021-11-26 09:00:00+05:30,17338.75,17343.1,17295.7,17326.3,,1,outside,False,False,2021-11-26 09:14:00+05:30,2021-11-26 09:15:00+05:30
2021-11-26 15:15:00+05:30,17034.1,17041.1,16993.55,17006.55,,14,regular,False,False,2021-11-26 15:15:00+05:30,2021-11-26 15:29:00+05:30
2021-11-29 09:00:00+05:30,17055.8,17065.65,16978.7,16981.05,,1,outside,False,False,2021-11-29 09:14:00+05:30,2021-11-29 09:15:00+05:30
2021-11-29 15:15:00+05:30,17050.65,17068.3,17037.35,17039.7,,14,regular,False,False,2021-11-29 15:15:00+05:30,2021-11-29 15:29:00+05:30
2021-11-30 09:00:00+05:30,17051.15,17120.05,17051.15,17118.15,,1,outside,False,False,2021-11-30 09:14:00+05:30,2021-11-30 09:15:00+05:30
2021-11-30 15:15:00+05:30,16963.8,16979.25,16934.05,16975.15,,14,regular,False,False,2021-11-30 15:15:00+05:30,2021-11-30 15:29:00+05:30
2021-12-01 09:00:00+05:30,17104.4,17158.4,17085.1,17158.2,,1,outside,False,False,2021-12-01 09:14:00+05:30,2021-12-01 09:15:00+05:30
2021-12-01 15:15:00+05:30,17164.9,17188.15,17162.7,17185.95,,14,regular,False,False,2021-12-01 15:15:00+05:30,2021-12-01 15:29:00+05:30
2021-12-02 09:00:00+05:30,17183.2,17192.55,17158.3,17176.85,,1,outside,False,False,2021-12-02 09:14:00+05:30,2021-12-02 09:15:00+05:30
2021-12-02 15:15:00+05:30,17401.35,17417.75,17399.2,17401.5,,14,regular,False,False,2021-12-02 15:15:00+05:30,2021-12-02 15:29:00+05:30
2021-12-03 09:00:00+05:30,17424.9,17455.45,17417.85,17455.45,,1,outside,False,False,2021-12-03 09:14:00+05:30,2021-12-03 09:15:00+05:30
2021-12-03 15:15:00+05:30,17197.7,17211.35,17189.35,17210.3,,14,regular,False,False,2021-12-03 15:15:00+05:30,2021-12-03 15:29:00+05:30
2021-12-06 09:00:00+05:30,17209.05,17210.85,17144.05,17152.6,,1,outside,False,False,2021-12-06 09:14:00+05:30,2021-12-06 09:15:00+05:30
2021-12-06 15:15:00+05:30,16913.95,16916.45,16893.6,16909.3,,14,regular,False,False,2021-12-06 15:15:00+05:30,2021-12-06 15:29:00+05:30
2021-12-07 09:00:00+05:30,17044.1,17055.65,17019.1,17019.1,,1,outside,False,False,2021-12-07 09:14:00+05:30,2021-12-07 09:15:00+05:30
2021-12-07 15:15:00+05:30,17173.95,17187.25,17170.0,17180.5,,14,regular,False,False,2021-12-07 15:15:00+05:30,2021-12-07 15:29:00+05:30
2021-12-08 09:00:00+05:30,17315.25,17347.5,17312.55,17342.9,,1,outside,False,False,2021-12-08 09:14:00+05:30,2021-12-08 09:15:00+05:30
2021-12-08 15:15:00+05:30,17472.15,17474.3,17459.05,17467.85,,14,regular,False,False,2021-12-08 15:15:00+05:30,2021-12-08 15:29:00+05:30
2021-12-09 09:00:00+05:30,17524.4,17539.8,17523.85,17523.85,,1,outside,False,False,2021-12-09 09:14:00+05:30,2021-12-09 09:15:00+05:30
2021-12-09 15:15:00+05:30,17518.7,17523.75,17500.9,17502.65,,14,regular,False,False,2021-12-09 15:15:00+05:30,2021-12-09 15:29:00+05:30
2021-12-10 09:00:00+05:30,17476.05,17487.55,17437.5,17453.95,,1,outside,False,False,2021-12-10 09:14:00+05:30,2021-12-10 09:15:00+05:30
2021-12-10 15:15:00+05:30,17527.95,17530.45,17493.3,17499.2,,14,regular,False,False,2021-12-10 15:15:00+05:30,2021-12-10 15:29:00+05:30
2021-12-13 09:00:00+05:30,17619.1,17631.8,17607.1,17613.05,,1,outside,False,False,2021-12-13 09:14:00+05:30,2021-12-13 09:15:00+05:30
2021-12-13 15:15:00+05:30,17367.2,17386.15,17358.65,17384.5,,14,regular,False,False,2021-12-13 15:15:00+05:30,2021-12-13 15:29:00+05:30
2021-12-14 09:00:00+05:30,17283.2,17284.6,17244.8,17256.75,,1,outside,False,False,2021-12-14 09:14:00+05:30,2021-12-14 09:15:00+05:30
2021-12-14 15:15:00+05:30,17328.15,17339.65,17306.8,17319.5,,14,regular,False,False,2021-12-14 15:15:00+05:30,2021-12-14 15:29:00+05:30
2021-12-15 09:00:00+05:30,17323.65,17336.3,17310.3,17328.75,,1,outside,False,False,2021-12-15 09:14:00+05:30,2021-12-15 09:15:00+05:30
2021-12-15 15:15:00+05:30,17215.5,17221.65,17200.35,17208.3,,14,regular,False,False,2021-12-15 15:15:00+05:30,2021-12-15 15:29:00+05:30
2021-12-16 09:00:00+05:30,17373.0,17374.6,17351.75,17359.65,,1,outside,False,False,2021-12-16 09:14:00+05:30,2021-12-16 09:15:00+05:30
2021-12-16 15:15:00+05:30,17242.7,17287.95,17242.1,17285.6,,14,regular,False,False,2021-12-16 15:15:00+05:30,2021-12-16 15:29:00+05:30
2021-12-17 09:00:00+05:30,17276.0,17292.45,17234.7,17237.7,,1,outside,False,False,2021-12-17 09:14:00+05:30,2021-12-17 09:15:00+05:30
2021-12-17 15:15:00+05:30,16979.0,16999.75,16970.7,16994.05,,14,regular,False,False,2021-12-17 15:15:00+05:30,2021-12-17 15:29:00+05:30
2021-12-20 09:00:00+05:30,16824.25,16828.5,16768.8,16795.35,,1,outside,False,False,2021-12-20 09:14:00+05:30,2021-12-20 09:15:00+05:30
2021-12-20 14:45:00+05:30,16538.8,16606.85,16537.7,16606.85,,14,regular,False,False,2021-12-20 14:45:00+05:30,2021-12-20 15:00:00+05:30
2021-12-20 15:15:00+05:30,16622.55,16634.55,16607.35,16613.0,,14,regular,False,False,2021-12-20 15:15:00+05:30,2021-12-20 15:29:00+05:30
2021-12-21 09:00:00+05:30,16773.15,16773.15,16723.8,16724.55,,1,outside,False,False,2021-12-21 09:14:00+05:30,2021-12-21 09:15:00+05:30
2021-12-21 15:15:00+05:30,16772.3,16788.85,16767.25,16786.9,,14,regular,False,False,2021-12-21 15:15:00+05:30,2021-12-21 15:29:00+05:30
2021-12-22 09:00:00+05:30,16865.55,16878.1,16857.15,16875.55,,1,outside,False,False,2021-12-22 09:14:00+05:30,2021-12-22 09:15:00+05:30
2021-12-22 15:15:00+05:30,16948.95,16970.6,16948.2,16968.1,,14,regular,False,False,2021-12-22 15:15:00+05:30,2021-12-22 15:29:00+05:30
2021-12-23 09:00:00+05:30,17066.8,17066.8,17045.7,17045.9,,1,outside,False,False,2021-12-23 09:14:00+05:30,2021-12-23 09:15:00+05:30
2021-12-23 15:15:00+05:30,17086.9,17086.9,17043.35,17051.35,,14,regular,False,False,2021-12-23 15:15:00+05:30,2021-12-23 15:29:00+05:30
2021-12-24 09:00:00+05:30,17149.5,17151.45,17093.95,17093.95,,1,outside,False,False,2021-12-24 09:14:00+05:30,2021-12-24 09:15:00+05:30
2021-12-24 15:15:00+05:30,17003.9,17016.1,16994.0,16999.9,,14,regular,False,False,2021-12-24 15:15:00+05:30,2021-12-24 15:29:00+05:30
2021-12-27 09:00:00+05:30,16937.75,16937.75,16873.25,16874.75,,1,outside,False,False,2021-12-27 09:14:00+05:30,2021-12-27 09:15:00+05:30
2021-12-27 15:15:00+05:30,17086.65,17101.95,17079.35,17101.95,,14,regular,False,False,2021-12-27 15:15:00+05:30,2021-12-27 15:29:00+05:30
2021-12-28 09:00:00+05:30,17177.6,17191.6,17167.85,17184.9,,1,outside,False,False,2021-12-28 09:14:00+05:30,2021-12-28 09:15:00+05:30
2021-12-28 15:15:00+05:30,17236.3,17242.65,17231.25,17233.35,,14,regular,False,False,2021-12-28 15:15:00+05:30,2021-12-28 15:29:00+05:30
2021-12-29 09:00:00+05:30,17220.1,17220.1,17190.8,17198.2,,1,outside,False,False,2021-12-29 09:14:00+05:30,2021-12-29 09:15:00+05:30
2021-12-29 15:15:00+05:30,17219.65,17221.9,17176.95,17189.55,,14,regular,False,False,2021-12-29 15:15:00+05:30,2021-12-29 15:29:00+05:30
2021-12-30 09:00:00+05:30,17201.45,17201.45,17148.8,17165.3,,1,outside,False,False,2021-12-30 09:14:00+05:30,2021-12-30 09:15:00+05:30
2021-12-30 15:15:00+05:30,17207.95,17235.15,17197.8,17228.95,,14,regular,False,False,2021-12-30 15:15:00+05:30,2021-12-30 15:29:00+05:30
2021-12-31 09:00:00+05:30,17244.5,17282.8,17244.5,17281.45,,1,outside,False,False,2021-12-31 09:14:00+05:30,2021-12-31 09:15:00+05:30
2021-12-31 15:15:00+05:30,17354.55,17365.45,17350.1,17364.25,,14,regular,False,False,2021-12-31 15:15:00+05:30,2021-12-31 15:29:00+05:30
2022-01-03 09:00:00+05:30,17387.15,17438.4,17387.15,17428.9,,1,outside,False,False,2022-01-03 09:14:00+05:30,2022-01-03 09:15:00+05:30
2022-01-03 15:15:00+05:30,17617.7,17640.55,17617.7,17635.35,,14,regular,False,False,2022-01-03 15:15:00+05:30,2022-01-03 15:29:00+05:30
2022-01-04 09:00:00+05:30,17681.4,17681.4,17648.8,17668.4,,1,outside,False,False,2022-01-04 09:14:00+05:30,2022-01-04 09:15:00+05:30
2022-01-04 15:15:00+05:30,17795.65,17827.3,17794.15,17807.35,,14,regular,False,False,2022-01-04 15:15:00+05:30,2022-01-04 15:29:00+05:30
2022-01-05 09:00:00+05:30,17820.1,17820.1,17778.05,17785.75,,1,outside,False,False,2022-01-05 09:14:00+05:30,2022-01-05 09:15:00+05:30
2022-01-05 15:15:00+05:30,17934.45,17935.2,17906.75,17907.7,,14,regular,False,False,2022-01-05 15:15:00+05:30,2022-01-05 15:29:00+05:30
2022-01-06 09:00:00+05:30,17768.5,17794.7,17758.6,17794.5,,1,outside,False,False,2022-01-06 09:14:00+05:30,2022-01-06 09:15:00+05:30
2022-01-06 15:15:00+05:30,17738.7,17755.3,17728.55,17746.0,,14,regular,False,False,2022-01-06 15:15:00+05:30,2022-01-06 15:29:00+05:30
2022-01-07 09:00:00+05:30,17797.6,17830.8,17790.9,17830.8,,1,outside,False,False,2022-01-07 09:14:00+05:30,2022-01-07 09:15:00+05:30
2022-01-07 15:15:00+05:30,17816.4,17829.5,17805.45,17818.2,,14,regular,False,False,2022-01-07 15:15:00+05:30,2022-01-07 15:29:00+05:30
2022-01-10 09:00:00+05:30,17913.3,17952.15,17906.45,17922.3,,1,outside,False,False,2022-01-10 09:14:00+05:30,2022-01-10 09:15:00+05:30
2022-01-10 15:15:00+05:30,18002.6,18016.8,17998.2,18005.45,,14,regular,False,False,2022-01-10 15:15:00+05:30,2022-01-10 15:29:00+05:30
2022-01-11 09:00:00+05:30,17997.75,18040.55,17984.25,18039.05,,1,outside,False,False,2022-01-11 09:14:00+05:30,2022-01-11 09:15:00+05:30
2022-01-11 15:15:00+05:30,18051.1,18064.35,18045.95,18059.0,,14,regular,False,False,2022-01-11 15:15:00+05:30,2022-01-11 15:29:00+05:30
2022-01-12 09:00:00+05:30,18170.4,18181.7,18159.3,18167.1,,1,outside,False,False,2022-01-12 09:14:00+05:30,2022-01-12 09:15:00+05:30
2022-01-12 15:15:00+05:30,18216.6,18216.75,18192.95,18197.6,,14,regular,False,False,2022-01-12 15:15:00+05:30,2022-01-12 15:29:00+05:30
2022-01-13 09:00:00+05:30,18257.0,18257.0,18213.45,18215.85,,1,outside,False,False,2022-01-13 09:14:00+05:30,2022-01-13 09:15:00+05:30
2022-01-13 15:15:00+05:30,18268.85,18269.05,18255.65,18258.55,,14,regular,False,False,2022-01-13 15:15:00+05:30,2022-01-13 15:29:00+05:30
2022-01-14 09:00:00+05:30,18185.0,18185.0,18132.8,18143.05,,1,outside,False,False,2022-01-14 09:14:00+05:30,2022-01-14 09:15:00+05:30
2022-01-14 15:15:00+05:30,18255.9,18258.2,18233.15,18235.5,,14,regular,False,False,2022-01-14 15:15:00+05:30,2022-01-14 15:29:00+05:30
2022-01-17 09:00:00+05:30,18235.65,18278.45,18234.05,18278.0,,1,outside,False,False,2022-01-17 09:14:00+05:30,2022-01-17 09:15:00+05:30
2022-01-17 15:15:00+05:30,18306.55,18314.8,18302.8,18309.7,,14,regular,False,False,2022-01-17 15:15:00+05:30,2022-01-17 15:29:00+05:30
2022-01-18 09:00:00+05:30,18337.2,18348.9,18336.7,18338.05,,1,outside,False,False,2022-01-18 09:14:00+05:30,2022-01-18 09:15:00+05:30
2022-01-18 15:15:00+05:30,18096.3,18133.7,18088.2,18113.8,,14,regular,False,False,2022-01-18 15:15:00+05:30,2022-01-18 15:29:00+05:30
2022-01-19 09:00:00+05:30,18129.2,18129.2,18031.25,18052.6,,1,outside,False,False,2022-01-19 09:14:00+05:30,2022-01-19 09:15:00+05:30
2022-01-19 15:15:00+05:30,17945.15,17949.4,17923.9,17941.45,,14,regular,False,False,2022-01-19 15:15:00+05:30,2022-01-19 15:29:00+05:30
2022-01-20 09:00:00+05:30,17921.0,17934.3,17887.7,17902.3,,1,outside,False,False,2022-01-20 09:14:00+05:30,2022-01-20 09:15:00+05:30
2022-01-20 15:15:00+05:30,17779.65,17783.15,17753.5,17782.95,,14,regular,False,False,2022-01-20 15:15:00+05:30,2022-01-20 15:29:00+05:30
2022-01-21 09:00:00+05:30,17613.7,17623.45,17570.7,17602.3,,1,outside,False,False,2022-01-21 09:14:00+05:30,2022-01-21 09:15:00+05:30
2022-01-21 15:15:00+05:30,17624.6,17650.45,17620.25,17650.45,,14,regular,False,False,2022-01-21 15:15:00+05:30,2022-01-21 15:29:00+05:30
2022-01-24 09:00:00+05:30,17575.15,17575.15,17523.15,17535.3,,1,outside,False,False,2022-01-24 09:14:00+05:30,2022-01-24 09:15:00+05:30
2022-01-24 15:15:00+05:30,17168.6,17175.5,17107.5,17112.45,,14,regular,False,False,2022-01-24 15:15:00+05:30,2022-01-24 15:29:00+05:30
2022-01-25 09:00:00+05:30,17001.55,17001.55,16897.3,16912.35,,1,outside,False,False,2022-01-25 09:14:00+05:30,2022-01-25 09:15:00+05:30
2022-01-25 15:15:00+05:30,17292.65,17308.9,17262.4,17267.3,,14,regular,False,False,2022-01-25 15:15:00+05:30,2022-01-25 15:29:00+05:30
2022-01-27 09:00:00+05:30,17062.0,17062.95,16968.4,17001.25,,1,outside,False,False,2022-01-27 09:14:00+05:30,2022-01-27 09:15:00+05:30
2022-01-27 15:15:00+05:30,17129.4,17165.0,17096.1,17149.3,,14,regular,False,False,2022-01-27 15:15:00+05:30,2022-01-27 15:29:00+05:30
2022-01-28 09:00:00+05:30,17208.3,17279.5,17208.3,17276.4,,1,outside,False,False,2022-01-28 09:14:00+05:30,2022-01-28 09:15:00+05:30
2022-01-28 15:15:00+05:30,17098.1,17119.45,17084.4,17106.35,,14,regular,False,False,2022-01-28 15:15:00+05:30,2022-01-28 15:29:00+05:30
2022-01-31 09:00:00+05:30,17301.05,17315.5,17282.15,17300.4,,1,outside,False,False,2022-01-31 09:14:00+05:30,2022-01-31 09:15:00+05:30
2022-01-31 15:15:00+05:30,17343.15,17354.2,17313.7,17338.3,,14,regular,False,False,2022-01-31 15:15:00+05:30,2022-01-31 15:29:00+05:30
2022-02-01 09:00:00+05:30,17529.45,17532.3,17476.35,17489.95,,1,outside,False,False,2022-02-01 09:14:00+05:30,2022-02-01 09:15:00+05:30
2022-02-01 15:15:00+05:30,17575.9,17605.8,17575.5,17604.65,,14,regular,False,False,2022-02-01 15:15:00+05:30,2022-02-01 15:29:00+05:30
2022-02-02 09:00:00+05:30,17706.2,17721.1,17689.8,17709.7,,1,outside,False,False,2022-02-02 09:14:00+05:30,2022-02-02 09:15:00+05:30
2022-02-02 15:15:00+05:30,17779.85,17793.75,17776.55,17791.6,,14,regular,False,False,2022-02-02 15:15:00+05:30,2022-02-02 15:29:00+05:30
2022-02-03 09:00:00+05:30,17767.75,17774.3,17754.35,17761.3,,1,outside,False,False,2022-02-03 09:14:00+05:30,2022-02-03 09:15:00+05:30
2022-02-03 15:15:00+05:30,17566.0,17567.6,17512.95,17520.25,,14,regular,False,False,2022-02-03 15:15:00+05:30,2022-02-03 15:29:00+05:30
2022-02-04 09:00:00+05:30,17590.2,17590.2,17549.2,17559.55,,1,outside,False,False,2022-02-04 09:14:00+05:30,2022-02-04 09:15:00+05:30
2022-02-04 15:15:00+05:30,17507.35,17515.3,17496.4,17503.0,,14,regular,False,False,2022-02-04 15:15:00+05:30,2022-02-04 15:29:00+05:30
2022-02-07 09:00:00+05:30,17456.3,17495.0,17437.0,17487.0,,1,outside,False,False,2022-02-07 09:14:00+05:30,2022-02-07 09:15:00+05:30
2022-02-07 15:15:00+05:30,17218.75,17220.4,17187.0,17210.0,,14,regular,False,False,2022-02-07 15:15:00+05:30,2022-02-07 15:29:00+05:30
2022-02-08 09:00:00+05:30,17279.85,17304.65,17252.3,17288.7,,1,outside,False,False,2022-02-08 09:14:00+05:30,2022-02-08 09:15:00+05:30
2022-02-08 15:15:00+05:30,17275.5,17276.65,17228.25,17240.35,,14,regular,False,False,2022-02-08 15:15:00+05:30,2022-02-08 15:29:00+05:30
2022-02-09 09:00:00+05:30,17370.1,17370.1,17342.3,17360.45,,1,outside,False,False,2022-02-09 09:14:00+05:30,2022-02-09 09:15:00+05:30
2022-02-09 15:15:00+05:30,17461.85,17476.4,17460.75,17471.6,,14,regular,False,False,2022-02-09 15:15:00+05:30,2022-02-09 15:29:00+05:30
2022-02-10 09:00:00+05:30,17554.1,17554.1,17512.15,17518.8,,1,outside,False,False,2022-02-10 09:14:00+05:30,2022-02-10 09:15:00+05:30
2022-02-10 15:15:00+05:30,17605.65,17615.3,17581.85,17586.95,,14,regular,False,False,2022-02-10 15:15:00+05:30,2022-02-10 15:29:00+05:30
2022-02-11 09:00:00+05:30,17451.0,17451.0,17392.15,17415.45,,1,outside,False,False,2022-02-11 09:14:00+05:30,2022-02-11 09:15:00+05:30
2022-02-11 15:15:00+05:30,17384.95,17385.85,17341.9,17345.55,,14,regular,False,False,2022-02-11 15:15:00+05:30,2022-02-11 15:29:00+05:30
2022-02-14 09:00:00+05:30,17076.15,17077.15,17010.9,17023.05,,1,outside,False,False,2022-02-14 09:14:00+05:30,2022-02-14 09:15:00+05:30
2022-02-14 15:15:00+05:30,16844.95,16856.35,16810.0,16819.7,,14,regular,False,False,2022-02-14 15:15:00+05:30,2022-02-14 15:29:00+05:30
2022-02-15 09:00:00+05:30,16933.25,16942.0,16902.5,16930.25,,1,outside,False,False,2022-02-15 09:14:00+05:30,2022-02-15 09:15:00+05:30
2022-02-15 15:15:00+05:30,17356.5,17374.5,17349.8,17351.85,,14,regular,False,False,2022-02-15 15:15:00+05:30,2022-02-15 15:29:00+05:30
2022-02-16 09:00:00+05:30,17408.45,17448.1,17408.45,17435.95,,1,outside,False,False,2022-02-16 09:14:00+05:30,2022-02-16 09:15:00+05:30
2022-02-16 15:15:00+05:30,17311.55,17324.55,17286.0,17293.05,,14,regular,False,False,2022-02-16 15:15:00+05:30,2022-02-16 15:29:00+05:30
2022-02-17 09:00:00+05:30,17396.55,17414.85,17381.25,17413.75,,1,outside,False,False,2022-02-17 09:14:00+05:30,2022-02-17 09:15:00+05:30
2022-02-17 15:15:00+05:30,17294.1,17296.1,17275.45,17280.15,,14,regular,False,False,2022-02-17 15:15:00+05:30,2022-02-17 15:29:00+05:30
2022-02-18 09:00:00+05:30,17236.05,17274.0,17220.2,17264.15,,1,outside,False,False,2022-02-18 09:14:00+05:30,2022-02-18 09:15:00+05:30
2022-02-18 15:15:00+05:30,17275.8,17280.15,17263.1,17268.75,,14,regular,False,False,2022-02-18 15:15:00+05:30,2022-02-18 15:29:00+05:30
2022-02-21 09:00:00+05:30,17192.25,17229.55,17192.25,17210.75,,1,outside,False,False,2022-02-21 09:14:00+05:30,2022-02-21 09:15:00+05:30
2022-02-21 15:15:00+05:30,17189.05,17216.2,17188.4,17205.75,,14,regular,False,False,2022-02-21 15:15:00+05:30,2022-02-21 15:29:00+05:30
2022-02-22 09:00:00+05:30,16847.95,16938.75,16847.95,16921.5,,1,outside,False,False,2022-02-22 09:14:00+05:30,2022-02-22 09:15:00+05:30
2022-02-22 15:15:00+05:30,17098.95,17109.95,17071.3,17080.6,,14,regular,False,False,2022-02-22 15:15:00+05:30,2022-02-22 15:29:00+05:30
2022-02-23 09:00:00+05:30,17194.5,17208.8,17183.7,17184.7,,1,outside,False,False,2022-02-23 09:14:00+05:30,2022-02-23 09:15:00+05:30
2022-02-23 15:15:00+05:30,17050.95,17059.1,17027.9,17054.7,,14,regular,False,False,2022-02-23 15:15:00+05:30,2022-02-23 15:29:00+05:30
2022-02-24 09:00:00+05:30,16548.9,16672.85,16548.9,16656.3,,1,outside,False,False,2022-02-24 09:14:00+05:30,2022-02-24 09:15:00+05:30
2022-02-24 15:15:00+05:30,16268.65,16269.0,16204.4,16217.75,,14,regular,False,False,2022-02-24 15:15:00+05:30,2022-02-24 15:29:00+05:30
2022-02-25 09:00:00+05:30,16515.65,16530.4,16488.95,16530.4,,1,outside,False,False,2022-02-25 09:14:00+05:30,2022-02-25 09:15:00+05:30
2022-02-25 15:15:00+05:30,16652.5,16676.25,16644.75,16668.8,,14,regular,False,False,2022-02-25 15:15:00+05:30,2022-02-25 15:29:00+05:30
2022-02-28 09:00:00+05:30,16481.6,16498.05,16430.3,16447.3,,1,outside,False,False,2022-02-28 09:14:00+05:30,2022-02-28 09:15:00+05:30
2022-02-28 15:15:00+05:30,16788.3,16804.95,16776.3,16789.45,,14,regular,False,False,2022-02-28 15:15:00+05:30,2022-02-28 15:29:00+05:30
2022-03-02 09:00:00+05:30,16593.1,16626.75,16562.4,16606.35,,1,outside,False,False,2022-03-02 09:14:00+05:30,2022-03-02 09:15:00+05:30
2022-03-02 15:15:00+05:30,16608.7,16639.25,16598.35,16625.85,,14,regular,False,False,2022-03-02 15:15:00+05:30,2022-03-02 15:29:00+05:30
2022-03-03 09:00:00+05:30,16723.2,16767.95,16723.2,16767.95,,1,outside,False,False,2022-03-03 09:14:00+05:30,2022-03-03 09:15:00+05:30
2022-03-03 15:15:00+05:30,16534.0,16534.9,16499.85,16508.75,,14,regular,False,False,2022-03-03 15:15:00+05:30,2022-03-03 15:29:00+05:30
2022-03-04 09:00:00+05:30,16339.45,16339.45,16286.6,16289.15,,1,outside,False,False,2022-03-04 09:14:00+05:30,2022-03-04 09:15:00+05:30
2022-03-04 15:15:00+05:30,16231.25,16256.5,16220.95,16243.55,,14,regular,False,False,2022-03-04 15:15:00+05:30,2022-03-04 15:29:00+05:30
2022-03-07 09:00:00+05:30,15867.95,15903.9,15863.5,15891.55,,1,outside,False,False,2022-03-07 09:14:00+05:30,2022-03-07 09:15:00+05:30
2022-03-07 10:15:00+05:30,15785.4,15886.45,15760.2,15768.65,,12,regular,False,False,2022-03-07 10:15:00+05:30,2022-03-07 10:30:00+05:30
2022-03-07 15:15:00+05:30,15878.45,15898.45,15859.6,15881.05,,14,regular,False,False,2022-03-07 15:15:00+05:30,2022-03-07 15:29:00+05:30
2022-03-08 09:00:00+05:30,15747.75,15830.7,15747.75,15830.7,,1,outside,False,False,2022-03-08 09:14:00+05:30,2022-03-08 09:15:00+05:30
2022-03-08 15:15:00+05:30,16009.75,16027.9,16006.75,16014.65,,14,regular,False,False,2022-03-08 15:15:00+05:30,2022-03-08 15:29:00+05:30
2022-03-09 09:00:00+05:30,16078.0,16080.75,15992.75,16027.25,,1,outside,False,False,2022-03-09 09:14:00+05:30,2022-03-09 09:15:00+05:30
2022-03-09 15:15:00+05:30,16345.45,16368.4,16331.9,16366.9,,14,regular,False,False,2022-03-09 15:15:00+05:30,2022-03-09 15:29:00+05:30
2022-03-10 09:00:00+05:30,16757.1,16757.1,16604.95,16661.8,,1,outside,False,False,2022-03-10 09:14:00+05:30,2022-03-10 09:15:00+05:30
2022-03-10 15:15:00+05:30,16606.4,16618.05,16552.0,16566.3,,14,regular,False,False,2022-03-10 15:15:00+05:30,2022-03-10 15:29:00+05:30
2022-03-11 09:00:00+05:30,16528.8,16532.7,16472.55,16479.35,,1,outside,False,False,2022-03-11 09:14:00+05:30,2022-03-11 09:15:00+05:30
2022-03-11 15:15:00+05:30,16624.7,16637.75,16620.05,16620.5,,14,regular,False,False,2022-03-11 15:15:00+05:30,2022-03-11 15:29:00+05:30
2022-03-14 09:00:00+05:30,16633.7,16691.5,16633.7,16689.9,,1,outside,False,False,2022-03-14 09:14:00+05:30,2022-03-14 09:15:00+05:30
2022-03-14 15:15:00+05:30,16853.0,16887.9,16851.8,16886.4,,14,regular,False,False,2022-03-14 15:15:00+05:30,2022-03-14 15:29:00+05:30
2022-03-15 09:00:00+05:30,16900.65,16919.9,16883.1,16918.35,,1,outside,False,False,2022-03-15 09:14:00+05:30,2022-03-15 09:15:00+05:30
2022-03-15 15:15:00+05:30,16668.6,16678.65,16638.95,16645.0,,14,regular,False,False,2022-03-15 15:15:00+05:30,2022-03-15 15:29:00+05:30
2022-03-16 09:00:00+05:30,16876.65,16890.3,16853.05,16889.75,,1,outside,False,False,2022-03-16 09:14:00+05:30,2022-03-16 09:15:00+05:30
2022-03-16 15:15:00+05:30,16976.7,16980.4,16964.5,16966.35,,14,regular,False,False,2022-03-16 15:15:00+05:30,2022-03-16 15:29:00+05:30
2022-03-17 09:00:00+05:30,17202.9,17219.65,17194.9,17205.0,,1,outside,False,False,2022-03-17 09:14:00+05:30,2022-03-17 09:15:00+05:30
2022-03-17 15:15:00+05:30,17282.05,17307.3,17279.0,17299.4,,14,regular,False,False,2022-03-17 15:15:00+05:30,2022-03-17 15:29:00+05:30
2022-03-21 09:00:00+05:30,17329.5,17352.1,17308.75,17335.25,,1,outside,False,False,2022-03-21 09:14:00+05:30,2022-03-21 09:15:00+05:30
2022-03-21 15:15:00+05:30,17126.1,17129.75,17107.4,17113.85,,14,regular,False,False,2022-03-21 15:15:00+05:30,2022-03-21 15:29:00+05:30
2022-03-22 09:00:00+05:30,17120.4,17120.55,17064.95,17092.95,,1,outside,False,False,2022-03-22 09:14:00+05:30,2022-03-22 09:15:00+05:30
2022-03-22 15:15:00+05:30,17316.9,17332.2,17312.15,17329.8,,14,regular,False,False,2022-03-22 15:15:00+05:30,2022-03-22 15:29:00+05:30
2022-03-23 09:00:00+05:30,17405.05,17439.1,17405.05,17435.0,,1,outside,False,False,2022-03-23 09:14:00+05:30,2022-03-23 09:15:00+05:30
2022-03-23 15:15:00+05:30,17251.2,17253.6,17217.45,17223.55,,14,regular,False,False,2022-03-23 15:15:00+05:30,2022-03-23 15:29:00+05:30
2022-03-24 09:00:00+05:30,17094.95,17145.05,17094.55,17135.85,,1,outside,False,False,2022-03-24 09:14:00+05:30,2022-03-24 09:15:00+05:30
2022-03-24 15:15:00+05:30,17227.65,17229.8,17192.25,17197.3,,14,regular,False,False,2022-03-24 15:15:00+05:30,2022-03-24 15:29:00+05:30
2022-03-25 09:00:00+05:30,17289.0,17289.85,17264.85,17266.3,,1,outside,False,False,2022-03-25 09:14:00+05:30,2022-03-25 09:15:00+05:30
2022-03-25 15:15:00+05:30,17143.8,17197.9,17143.35,17177.95,,14,regular,False,False,2022-03-25 15:15:00+05:30,2022-03-25 15:29:00+05:30
2022-03-28 09:00:00+05:30,17181.85,17190.05,17148.2,17156.85,,1,outside,False,False,2022-03-28 09:14:00+05:30,2022-03-28 09:15:00+05:30
2022-03-28 15:15:00+05:30,17222.8,17234.4,17210.15,17214.7,,14,regular,False,False,2022-03-28 15:15:00+05:30,2022-03-28 15:29:00+05:30
2022-03-29 09:00:00+05:30,17297.2,17306.55,17289.4,17289.75,,1,outside,False,False,2022-03-29 09:14:00+05:30,2022-03-29 09:15:00+05:30
2022-03-29 15:15:00+05:30,17319.45,17342.15,17319.45,17335.75,,14,regular,False,False,2022-03-29 15:15:00+05:30,2022-03-29 15:29:00+05:30
2022-03-30 09:00:00+05:30,17468.15,17468.15,17414.2,17415.35,,1,outside,False,False,2022-03-30 09:14:00+05:30,2022-03-30 09:15:00+05:30
2022-03-30 15:15:00+05:30,17496.05,17502.25,17456.85,17471.6,,14,regular,False,False,2022-03-30 15:15:00+05:30,2022-03-30 15:29:00+05:30
2022-03-31 09:00:00+05:30,17519.2,17539.5,17498.95,17539.5,,1,outside,False,False,2022-03-31 09:14:00+05:30,2022-03-31 09:15:00+05:30
2022-03-31 15:15:00+05:30,17462.85,17468.8,17450.3,17468.75,,14,regular,False,False,2022-03-31 15:15:00+05:30,2022-03-31 15:29:00+05:30
2022-04-01 09:00:00+05:30,17436.9,17469.95,17431.7,17454.4,,1,outside,False,False,2022-04-01 09:14:00+05:30,2022-04-01 09:15:00+05:30
2022-04-01 15:15:00+05:30,17672.95,17702.5,17671.95,17688.35,,14,regular,False,False,2022-04-01 15:15:00+05:30,2022-04-01 15:29:00+05:30
2022-04-04 09:00:00+05:30,17809.1,17911.1,17796.25,17881.65,,1,outside,False,False,2022-04-04 09:14:00+05:30,2022-04-04 09:15:00+05:30
2022-04-04 15:15:00+05:30,18060.15,18065.3,18032.75,18036.05,,14,regular,False,False,2022-04-04 15:15:00+05:30,2022-04-04 15:29:00+05:30
2022-04-05 09:00:00+05:30,18080.6,18086.8,18055.15,18056.3,,1,outside,False,False,2022-04-05 09:14:00+05:30,2022-04-05 09:15:00+05:30
2022-04-05 15:15:00+05:30,17953.2,17957.35,17922.6,17930.75,,14,regular,False,False,2022-04-05 15:15:00+05:30,2022-04-05 15:29:00+05:30
2022-04-06 09:00:00+05:30,17842.75,17853.4,17825.5,17853.4,,1,outside,False,False,2022-04-06 09:14:00+05:30,2022-04-06 09:15:00+05:30
2022-04-06 15:15:00+05:30,17804.95,17815.25,17794.8,17799.3,,14,regular,False,False,2022-04-06 15:15:00+05:30,2022-04-06 15:29:00+05:30
2022-04-07 09:00:00+05:30,17723.3,17745.35,17723.3,17738.5,,1,outside,False,False,2022-04-07 09:14:00+05:30,2022-04-07 09:15:00+05:30
2022-04-07 15:15:00+05:30,17632.8,17656.0,17627.05,17655.15,,14,regular,False,False,2022-04-07 15:15:00+05:30,2022-04-07 15:29:00+05:30
2022-04-08 09:00:00+05:30,17698.15,17721.95,17698.1,17720.1,,1,outside,False,False,2022-04-08 09:14:00+05:30,2022-04-08 09:15:00+05:30
2022-04-08 15:15:00+05:30,17777.6,17802.15,17777.05,17800.3,,14,regular,False,False,2022-04-08 15:15:00+05:30,2022-04-08 15:29:00+05:30
2022-04-11 09:00:00+05:30,17740.9,17754.7,17725.4,17734.3,,1,outside,False,False,2022-04-11 09:14:00+05:30,2022-04-11 09:15:00+05:30
2022-04-11 15:15:00+05:30,17678.15,17685.95,17664.75,17679.65,,14,regular,False,False,2022-04-11 15:15:00+05:30,2022-04-11 15:29:00+05:30
2022-04-12 09:00:00+05:30,17584.85,17584.85,17540.3,17572.3,,1,outside,False,False,2022-04-12 09:14:00+05:30,2022-04-12 09:15:00+05:30
2022-04-12 15:15:00+05:30,17525.1,17527.7,17512.3,17519.95,,14,regular,False,False,2022-04-12 15:15:00+05:30,2022-04-12 15:29:00+05:30
2022-04-13 09:00:00+05:30,17599.9,17626.2,17595.85,17622.8,,1,outside,False,False,2022-04-13 09:14:00+05:30,2022-04-13 09:15:00+05:30
2022-04-13 15:15:00+05:30,17467.4,17481.05,17463.1,17467.45,,14,regular,False,False,2022-04-13 15:15:00+05:30,2022-04-13 15:29:00+05:30
2022-04-18 09:00:00+05:30,17183.45,17223.05,17172.15,17213.15,,1,outside,False,False,2022-04-18 09:14:00+05:30,2022-04-18 09:15:00+05:30
2022-04-18 15:15:00+05:30,17194.65,17199.7,17180.35,17185.8,,14,regular,False,False,2022-04-18 15:15:00+05:30,2022-04-18 15:29:00+05:30
2022-04-19 09:00:00+05:30,17258.95,17269.25,17240.15,17269.25,,1,outside,False,False,2022-04-19 09:14:00+05:30,2022-04-19 09:15:00+05:30
2022-04-19 15:15:00+05:30,16965.95,16973.7,16826.05,16869.15,,14,regular,False,False,2022-04-19 15:15:00+05:30,2022-04-19 15:29:00+05:30
2022-04-20 09:00:00+05:30,17045.25,17047.0,17004.75,17020.55,,1,outside,False,False,2022-04-20 09:14:00+05:30,2022-04-20 09:15:00+05:30
2022-04-20 15:15:00+05:30,17133.05,17152.6,17131.55,17149.6,,14,regular,False,False,2022-04-20 15:15:00+05:30,2022-04-20 15:29:00+05:30
2022-04-21 09:00:00+05:30,17234.6,17238.2,17219.7,17236.3,,1,outside,False,False,2022-04-21 09:14:00+05:30,2022-04-21 09:15:00+05:30
2022-04-21 15:15:00+05:30,17390.1,17401.85,17386.4,17400.1,,14,regular,False,False,2022-04-21 15:15:00+05:30,2022-04-21 15:29:00+05:30
2022-04-22 09:00:00+05:30,17242.75,17247.6,17209.05,17225.3,,1,outside,False,False,2022-04-22 09:14:00+05:30,2022-04-22 09:15:00+05:30
2022-04-22 15:15:00+05:30,17169.4,17176.4,17161.2,17172.1,,14,regular,False,False,2022-04-22 15:15:00+05:30,2022-04-22 15:29:00+05:30
2022-04-25 09:00:00+05:30,17009.05,17009.05,16933.0,16956.2,,1,outside,False,False,2022-04-25 09:14:00+05:30,2022-04-25 09:15:00+05:30
2022-04-25 15:15:00+05:30,16946.2,16986.3,16941.05,16983.2,,14,regular,False,False,2022-04-25 15:15:00+05:30,2022-04-25 15:29:00+05:30
2022-04-26 09:00:00+05:30,17121.3,17145.75,17121.3,17127.5,,1,outside,False,False,2022-04-26 09:14:00+05:30,2022-04-26 09:15:00+05:30
2022-04-26 15:15:00+05:30,17220.6,17223.4,17195.2,17201.45,,14,regular,False,False,2022-04-26 15:15:00+05:30,2022-04-26 15:29:00+05:30
2022-04-27 09:00:00+05:30,17073.35,17090.45,17064.65,17090.45,,1,outside,False,False,2022-04-27 09:14:00+05:30,2022-04-27 09:15:00+05:30
2022-04-27 15:15:00+05:30,17037.0,17052.95,17024.15,17037.65,,14,regular,False,False,2022-04-27 15:15:00+05:30,2022-04-27 15:29:00+05:30
2022-04-28 09:00:00+05:30,17189.5,17189.5,17110.6,17135.4,,1,outside,False,False,2022-04-28 09:14:00+05:30,2022-04-28 09:15:00+05:30
2022-04-28 15:15:00+05:30,17226.85,17249.9,17217.0,17231.35,,14,regular,False,False,2022-04-28 15:15:00+05:30,2022-04-28 15:29:00+05:30
2022-04-29 09:00:00+05:30,17329.25,17329.25,17303.55,17320.85,,1,outside,False,False,2022-04-29 09:14:00+05:30,2022-04-29 09:15:00+05:30
2022-04-29 15:15:00+05:30,17078.5,17112.2,17054.0,17111.6,,14,regular,False,False,2022-04-29 15:15:00+05:30,2022-04-29 15:29:00+05:30
2022-05-02 09:00:00+05:30,16924.45,16957.95,16919.4,16957.95,,1,outside,False,False,2022-05-02 09:14:00+05:30,2022-05-02 09:15:00+05:30
2022-05-02 15:15:00+05:30,17067.55,17076.9,17056.25,17064.7,,14,regular,False,False,2022-05-02 15:15:00+05:30,2022-05-02 15:29:00+05:30
2022-05-04 09:00:00+05:30,17096.6,17129.25,17094.4,17094.4,,1,outside,False,False,2022-05-04 09:14:00+05:30,2022-05-04 09:15:00+05:30
2022-05-04 15:15:00+05:30,16711.6,16711.65,16660.3,16694.7,,14,regular,False,False,2022-05-04 15:15:00+05:30,2022-05-04 15:29:00+05:30
2022-05-05 09:00:00+05:30,16854.75,16858.65,16814.85,16821.65,,1,outside,False,False,2022-05-05 09:14:00+05:30,2022-05-05 09:15:00+05:30
2022-05-05 15:15:00+05:30,16689.05,16699.6,16663.4,16669.2,,14,regular,False,False,2022-05-05 15:15:00+05:30,2022-05-05 15:29:00+05:30
2022-05-06 09:00:00+05:30,16415.55,16450.5,16411.5,16449.1,,1,outside,False,False,2022-05-06 09:14:00+05:30,2022-05-06 09:15:00+05:30
2022-05-06 15:15:00+05:30,16425.5,16440.85,16420.1,16438.25,,14,regular,False,False,2022-05-06 15:15:00+05:30,2022-05-06 15:29:00+05:30
2022-05-09 09:00:00+05:30,16227.7,16247.75,16208.4,16247.75,,1,outside,False,False,2022-05-09 09:14:00+05:30,2022-05-09 09:15:00+05:30
2022-05-09 15:15:00+05:30,16308.25,16324.15,16301.2,16308.4,,14,regular,False,False,2022-05-09 15:15:00+05:30,2022-05-09 15:29:00+05:30
2022-05-10 09:00:00+05:30,16248.9,16344.05,16248.9,16325.7,,1,outside,False,False,2022-05-10 09:14:00+05:30,2022-05-10 09:15:00+05:30
2022-05-10 15:15:00+05:30,16244.75,16247.15,16198.55,16207.75,,14,regular,False,False,2022-05-10 15:15:00+05:30,2022-05-10 15:29:00+05:30
2022-05-11 09:00:00+05:30,16270.05,16295.55,16268.35,16288.05,,1,outside,False,False,2022-05-11 09:14:00+05:30,2022-05-11 09:15:00+05:30
2022-05-11 15:15:00+05:30,16161.95,16203.5,16156.75,16202.25,,14,regular,False,False,2022-05-11 15:15:00+05:30,2022-05-11 15:29:00+05:30
2022-05-12 09:00:00+05:30,16021.1,16035.2,15978.35,15987.4,,1,outside,False,False,2022-05-12 09:14:00+05:30,2022-05-12 09:15:00+05:30
2022-05-12 15:15:00+05:30,15817.75,15829.8,15803.4,15826.45,,14,regular,False,False,2022-05-12 15:15:00+05:30,2022-05-12 15:29:00+05:30
2022-05-13 09:00:00+05:30,15977.0,15989.05,15944.65,15982.35,,1,outside,False,False,2022-05-13 09:14:00+05:30,2022-05-13 09:15:00+05:30
2022-05-13 15:15:00+05:30,15764.8,15791.0,15759.0,15767.15,,14,regular,False,False,2022-05-13 15:15:00+05:30,2022-05-13 15:29:00+05:30
2022-05-16 09:00:00+05:30,15845.1,15852.3,15810.15,15822.5,,1,outside,False,False,2022-05-16 09:14:00+05:30,2022-05-16 09:15:00+05:30
2022-05-16 15:15:00+05:30,15825.25,15866.95,15822.4,15864.5,,14,regular,False,False,2022-05-16 15:15:00+05:30,2022-05-16 15:29:00+05:30
2022-05-17 09:00:00+05:30,15912.6,15932.9,15908.4,15929.15,,1,outside,False,False,2022-05-17 09:14:00+05:30,2022-05-17 09:15:00+05:30
2022-05-17 15:15:00+05:30,16259.6,16282.6,16253.85,16282.6,,14,regular,False,False,2022-05-17 15:15:00+05:30,2022-05-17 15:29:00+05:30
2022-05-18 09:00:00+05:30,16318.15,16324.0,16282.25,16323.5,,1,outside,False,False,2022-05-18 09:14:00+05:30,2022-05-18 09:15:00+05:30
2022-05-18 15:15:00+05:30,16236.0,16256.45,16233.55,16256.45,,14,regular,False,False,2022-05-18 15:15:00+05:30,2022-05-18 15:29:00+05:30
2022-05-19 09:00:00+05:30,15917.4,15983.45,15917.4,15979.45,,1,outside,False,False,2022-05-19 09:14:00+05:30,2022-05-19 09:15:00+05:30
2022-05-19 15:15:00+05:30,15796.3,15839.6,15796.3,15828.45,,14,regular,False,False,2022-05-19 15:15:00+05:30,2022-05-19 15:29:00+05:30
2022-05-20 09:00:00+05:30,16043.8,16043.8,16004.85,16040.15,,1,outside,False,False,2022-05-20 09:14:00+05:30,2022-05-20 09:15:00+05:30
2022-05-20 15:15:00+05:30,16266.85,16282.4,16252.75,16278.7,,14,regular,False,False,2022-05-20 15:15:00+05:30,2022-05-20 15:29:00+05:30
2022-05-23 09:00:00+05:30,16290.95,16324.8,16284.9,16324.8,,1,outside,False,False,2022-05-23 09:14:00+05:30,2022-05-23 09:15:00+05:30
2022-05-23 15:15:00+05:30,16211.15,16221.45,16187.45,16191.65,,14,regular,False,False,2022-05-23 15:15:00+05:30,2022-05-23 15:29:00+05:30
2022-05-24 09:00:00+05:30,16225.55,16236.25,16195.4,16220.2,,1,outside,False,False,2022-05-24 09:14:00+05:30,2022-05-24 09:15:00+05:30
2022-05-24 15:15:00+05:30,16116.55,16139.5,16112.25,16139.5,,14,regular,False,False,2022-05-24 15:15:00+05:30,2022-05-24 15:29:00+05:30
2022-05-25 09:00:00+05:30,16196.35,16204.45,16180.9,16201.1,,1,outside,False,False,2022-05-25 09:14:00+05:30,2022-05-25 09:15:00+05:30
2022-05-25 15:15:00+05:30,16031.95,16040.6,16021.25,16037.8,,14,regular,False,False,2022-05-25 15:15:00+05:30,2022-05-25 15:29:00+05:30
2022-05-26 09:00:00+05:30,16105.0,16128.3,16105.0,16113.45,,1,outside,False,False,2022-05-26 09:14:00+05:30,2022-05-26 09:15:00+05:30
2022-05-26 15:15:00+05:30,16176.55,16203.4,16174.0,16201.55,,14,regular,False,False,2022-05-26 15:15:00+05:30,2022-05-26 15:29:00+05:30
2022-05-27 09:00:00+05:30,16296.6,16328.85,16296.4,16315.05,,1,outside,False,False,2022-05-27 09:14:00+05:30,2022-05-27 09:15:00+05:30
2022-05-27 15:15:00+05:30,16350.15,16366.8,16346.2,16356.1,,14,regular,False,False,2022-05-27 15:15:00+05:30,2022-05-27 15:29:00+05:30
2022-05-30 09:00:00+05:30,16527.9,16537.05,16515.5,16532.55,,1,outside,False,False,2022-05-30 09:14:00+05:30,2022-05-30 09:15:00+05:30
2022-05-30 15:15:00+05:30,16656.4,16672.7,16652.7,16668.2,,14,regular,False,False,2022-05-30 15:15:00+05:30,2022-05-30 15:29:00+05:30
2022-05-31 09:00:00+05:30,16578.45,16593.55,16557.45,16568.4,,1,outside,False,False,2022-05-31 09:14:00+05:30,2022-05-31 09:15:00+05:30
2022-05-31 15:15:00+05:30,16560.95,16583.6,16532.45,16578.25,,14,regular,False,False,2022-05-31 15:15:00+05:30,2022-05-31 15:29:00+05:30
2022-06-01 09:00:00+05:30,16594.4,16613.9,16565.0,16613.9,,1,outside,False,False,2022-06-01 09:14:00+05:30,2022-06-01 09:15:00+05:30
2022-06-01 15:15:00+05:30,16527.7,16549.8,16526.6,16540.8,,14,regular,False,False,2022-06-01 15:15:00+05:30,2022-06-01 15:29:00+05:30
2022-06-02 09:00:00+05:30,16481.65,16495.9,16458.55,16460.3,,1,outside,False,False,2022-06-02 09:14:00+05:30,2022-06-02 09:15:00+05:30
2022-06-02 15:15:00+05:30,16640.15,16641.2,16627.25,16637.4,,14,regular,False,False,2022-06-02 15:15:00+05:30,2022-06-02 15:29:00+05:30
2022-06-03 09:00:00+05:30,16761.65,16785.0,16758.9,16779.9,,1,outside,False,False,2022-06-03 09:14:00+05:30,2022-06-03 09:15:00+05:30
2022-06-03 15:15:00+05:30,16585.1,16607.65,16572.75,16583.6,,14,regular,False,False,2022-06-03 15:15:00+05:30,2022-06-03 15:29:00+05:30
2022-06-06 09:00:00+05:30,16530.7,16574.35,16530.7,16558.3,,1,outside,False,False,2022-06-06 09:14:00+05:30,2022-06-06 09:15:00+05:30
2022-06-06 15:15:00+05:30,16570.45,16578.55,16557.75,16563.65,,14,regular,False,False,2022-06-06 15:15:00+05:30,2022-06-06 15:29:00+05:30
2022-06-07 09:00:00+05:30,16469.6,16473.7,16413.95,16417.3,,1,outside,False,False,2022-06-07 09:14:00+05:30,2022-06-07 09:15:00+05:30
2022-06-07 15:15:00+05:30,16419.95,16427.3,16402.95,16404.45,,14,regular,False,False,2022-06-07 15:15:00+05:30,2022-06-07 15:29:00+05:30
2022-06-08 09:00:00+05:30,16474.95,16484.45,16428.25,16446.35,,1,outside,False,False,2022-06-08 09:14:00+05:30,2022-06-08 09:15:00+05:30
2022-06-08 15:15:00+05:30,16363.8,16365.75,16335.4,16335.4,,14,regular,False,False,2022-06-08 15:15:00+05:30,2022-06-08 15:29:00+05:30
2022-06-09 09:00:00+05:30,16263.85,16270.3,16249.85,16265.8,,1,outside,False,False,2022-06-09 09:14:00+05:30,2022-06-09 09:15:00+05:30
2022-06-09 15:15:00+05:30,16484.85,16492.5,16474.7,16481.8,,14,regular,False,False,2022-06-09 15:15:00+05:30,2022-06-09 15:29:00+05:30
2022-06-10 09:00:00+05:30,16283.95,16315.15,16283.45,16312.3,,1,outside,False,False,2022-06-10 09:14:00+05:30,2022-06-10 09:15:00+05:30
2022-06-10 15:15:00+05:30,16204.5,16206.3,16177.9,16191.45,,14,regular,False,False,2022-06-10 15:15:00+05:30,2022-06-10 15:29:00+05:30
2022-06-13 09:00:00+05:30,15877.55,15881.1,15833.65,15834.5,,1,outside,False,False,2022-06-13 09:14:00+05:30,2022-06-13 09:15:00+05:30
2022-06-13 15:15:00+05:30,15775.75,15805.1,15773.95,15800.95,,14,regular,False,False,2022-06-13 15:15:00+05:30,2022-06-13 15:29:00+05:30
2022-06-14 09:00:00+05:30,15674.25,15741.9,15674.25,15738.35,,1,outside,False,False,2022-06-14 09:14:00+05:30,2022-06-14 09:15:00+05:30
2022-06-14 15:15:00+05:30,15729.4,15752.55,15726.05,15741.95,,14,regular,False,False,2022-06-14 15:15:00+05:30,2022-06-14 15:29:00+05:30
2022-06-15 09:00:00+05:30,15729.25,15775.6,15729.25,15753.65,,1,outside,False,False,2022-06-15 09:14:00+05:30,2022-06-15 09:15:00+05:30
2022-06-15 15:15:00+05:30,15693.5,15698.1,15679.7,15682.9,,14,regular,False,False,2022-06-15 15:15:00+05:30,2022-06-15 15:29:00+05:30
2022-06-16 09:00:00+05:30,15832.25,15854.0,15826.45,15833.25,,1,outside,False,False,2022-06-16 09:14:00+05:30,2022-06-16 09:15:00+05:30
2022-06-16 15:15:00+05:30,15361.25,15363.3,15335.8,15348.2,,14,regular,False,False,2022-06-16 15:15:00+05:30,2022-06-16 15:29:00+05:30
2022-06-17 09:00:00+05:30,15272.65,15326.1,15242.0,15243.6,,1,outside,False,False,2022-06-17 09:14:00+05:30,2022-06-17 09:15:00+05:30
2022-06-17 15:15:00+05:30,15256.15,15335.0,15254.4,15330.75,,14,regular,False,False,2022-06-17 15:15:00+05:30,2022-06-17 15:29:00+05:30
2022-06-20 09:00:00+05:30,15334.5,15362.1,15306.65,15324.9,,1,outside,False,False,2022-06-20 09:14:00+05:30,2022-06-20 09:15:00+05:30
2022-06-20 15:15:00+05:30,15366.15,15379.95,15357.1,15368.9,,14,regular,False,False,2022-06-20 15:15:00+05:30,2022-06-20 15:29:00+05:30
2022-06-21 09:00:00+05:30,15455.95,15472.5,15445.9,15467.55,,1,outside,False,False,2022-06-21 09:14:00+05:30,2022-06-21 09:15:00+05:30
2022-06-21 15:15:00+05:30,15641.5,15653.05,15624.7,15634.15,,14,regular,False,False,2022-06-21 15:15:00+05:30,2022-06-21 15:29:00+05:30
2022-06-22 09:00:00+05:30,15545.65,15558.05,15514.85,15523.9,,1,outside,False,False,2022-06-22 09:14:00+05:30,2022-06-22 09:15:00+05:30
2022-06-22 15:15:00+05:30,15420.6,15424.35,15398.0,15401.1,,14,regular,False,False,2022-06-22 15:15:00+05:30,2022-06-22 15:29:00+05:30
2022-06-23 09:00:00+05:30,15451.55,15461.1,15428.45,15428.45,,1,outside,False,False,2022-06-23 09:14:00+05:30,2022-06-23 09:15:00+05:30
2022-06-23 15:15:00+05:30,15565.6,15577.55,15551.85,15577.55,,14,regular,False,False,2022-06-23 15:15:00+05:30,2022-06-23 15:29:00+05:30
2022-06-24 09:00:00+05:30,15657.4,15712.75,15657.4,15704.85,,1,outside,False,False,2022-06-24 09:14:00+05:30,2022-06-24 09:15:00+05:30
2022-06-24 15:15:00+05:30,15710.25,15712.0,15695.7,15698.95,,14,regular,False,False,2022-06-24 15:15:00+05:30,2022-06-24 15:29:00+05:30
2022-06-27 09:00:00+05:30,15926.2,15926.2,15871.25,15874.8,,1,outside,False,False,2022-06-27 09:14:00+05:30,2022-06-27 09:15:00+05:30
2022-06-27 15:15:00+05:30,15835.05,15843.9,15823.3,15836.1,,14,regular,False,False,2022-06-27 15:15:00+05:30,2022-06-27 15:29:00+05:30
2022-06-28 09:00:00+05:30,15757.45,15786.05,15756.15,15763.9,,1,outside,False,False,2022-06-28 09:14:00+05:30,2022-06-28 09:15:00+05:30
2022-06-28 15:15:00+05:30,15840.5,15887.75,15837.75,15883.0,,14,regular,False,False,2022-06-28 15:15:00+05:30,2022-06-28 15:29:00+05:30
2022-06-29 09:00:00+05:30,15701.7,15725.65,15694.5,15704.7,,1,outside,False,False,2022-06-29 09:14:00+05:30,2022-06-29 09:15:00+05:30
2022-06-29 15:15:00+05:30,15795.7,15805.2,15775.85,15783.35,,14,regular,False,False,2022-06-29 15:15:00+05:30,2022-06-29 15:29:00+05:30
2022-06-30 09:00:00+05:30,15774.5,15842.75,15774.5,15842.65,,1,outside,False,False,2022-06-30 09:14:00+05:30,2022-06-30 09:15:00+05:30
2022-06-30 15:15:00+05:30,15776.95,15777.4,15732.05,15735.9,,14,regular,False,False,2022-06-30 15:15:00+05:30,2022-06-30 15:29:00+05:30
2022-07-01 09:00:00+05:30,15703.7,15703.7,15657.7,15659.5,,1,outside,False,False,2022-07-01 09:14:00+05:30,2022-07-01 09:15:00+05:30
2022-07-01 15:15:00+05:30,15752.8,15791.7,15749.65,15764.0,,14,regular,False,False,2022-07-01 15:15:00+05:30,2022-07-01 15:29:00+05:30
2022-07-04 09:00:00+05:30,15710.5,15793.95,15710.5,15787.0,,1,outside,False,False,2022-07-04 09:14:00+05:30,2022-07-04 09:15:00+05:30
2022-07-04 15:15:00+05:30,15837.05,15843.5,15824.6,15829.15,,14,regular,False,False,2022-07-04 15:15:00+05:30,2022-07-04 15:29:00+05:30
2022-07-05 09:00:00+05:30,15909.15,15927.55,15896.25,15911.5,,1,outside,False,False,2022-07-05 09:14:00+05:30,2022-07-05 09:15:00+05:30
2022-07-05 15:15:00+05:30,15820.35,15823.3,15796.55,15799.95,,14,regular,False,False,2022-07-05 15:15:00+05:30,2022-07-05 15:29:00+05:30
2022-07-06 09:00:00+05:30,15818.2,15874.8,15818.2,15871.5,,1,outside,False,False,2022-07-06 09:14:00+05:30,2022-07-06 09:15:00+05:30
2022-07-06 15:15:00+05:30,15998.05,16010.8,15996.5,16007.85,,14,regular,False,False,2022-07-06 15:15:00+05:30,2022-07-06 15:29:00+05:30
2022-07-07 09:00:00+05:30,16113.75,16138.05,16110.2,16124.35,,1,outside,False,False,2022-07-07 09:14:00+05:30,2022-07-07 09:15:00+05:30
2022-07-07 15:15:00+05:30,16127.0,16140.7,16124.2,16136.85,,14,regular,False,False,2022-07-07 15:15:00+05:30,2022-07-07 15:29:00+05:30
2022-07-08 09:00:00+05:30,16273.65,16273.65,16220.25,16230.05,,1,outside,False,False,2022-07-08 09:14:00+05:30,2022-07-08 09:15:00+05:30
2022-07-08 15:15:00+05:30,16228.5,16230.35,16214.15,16217.5,,14,regular,False,False,2022-07-08 15:15:00+05:30,2022-07-08 15:29:00+05:30
2022-07-11 09:00:00+05:30,16136.15,16149.45,16120.75,16137.2,,1,outside,False,False,2022-07-11 09:14:00+05:30,2022-07-11 09:15:00+05:30
2022-07-11 15:15:00+05:30,16221.2,16221.4,16194.25,16199.05,,14,regular,False,False,2022-07-11 15:15:00+05:30,2022-07-11 15:29:00+05:30
2022-07-12 09:00:00+05:30,16126.2,16131.75,16112.15,16118.6,,1,outside,False,False,2022-07-12 09:14:00+05:30,2022-07-12 09:15:00+05:30
2022-07-12 15:15:00+05:30,16055.85,16057.6,16032.25,16037.75,,14,regular,False,False,2022-07-12 15:15:00+05:30,2022-07-12 15:29:00+05:30
2022-07-13 09:00:00+05:30,16128.2,16130.0,16111.1,16128.75,,1,outside,False,False,2022-07-13 09:14:00+05:30,2022-07-13 09:15:00+05:30
2022-07-13 15:15:00+05:30,15960.95,15982.3,15959.3,15975.75,,14,regular,False,False,2022-07-13 15:15:00+05:30,2022-07-13 15:29:00+05:30
2022-07-14 09:00:00+05:30,16018.85,16029.35,15995.15,16022.5,,1,outside,False,False,2022-07-14 09:14:00+05:30,2022-07-14 09:15:00+05:30
2022-07-14 15:15:00+05:30,15941.9,15955.1,15937.65,15947.95,,14,regular,False,False,2022-07-14 15:15:00+05:30,2022-07-14 15:29:00+05:30
2022-07-15 09:00:00+05:30,16010.8,16038.15,15998.5,16024.35,,1,outside,False,False,2022-07-15 09:14:00+05:30,2022-07-15 09:15:00+05:30
2022-07-15 15:15:00+05:30,16060.15,16066.45,16044.1,16052.85,,14,regular,False,False,2022-07-15 15:15:00+05:30,2022-07-15 15:29:00+05:30
2022-07-18 09:00:00+05:30,16151.4,16190.5,16146.65,16190.5,,1,outside,False,False,2022-07-18 09:14:00+05:30,2022-07-18 09:15:00+05:30
2022-07-18 15:15:00+05:30,16271.55,16286.8,16271.1,16281.4,,14,regular,False,False,2022-07-18 15:15:00+05:30,2022-07-18 15:29:00+05:30
2022-07-19 09:00:00+05:30,16187.05,16234.15,16187.05,16224.8,,1,outside,False,False,2022-07-19 09:14:00+05:30,2022-07-19 09:15:00+05:30
2022-07-19 15:15:00+05:30,16349.4,16351.05,16323.75,16329.3,,14,regular,False,False,2022-07-19 15:15:00+05:30,2022-07-19 15:29:00+05:30
2022-07-20 09:00:00+05:30,16562.8,16562.8,16502.05,16505.0,,1,outside,False,False,2022-07-20 09:14:00+05:30,2022-07-20 09:15:00+05:30
2022-07-20 15:15:00+05:30,16518.25,16519.1,16491.15,16495.8,,14,regular,False,False,2022-07-20 15:15:00+05:30,2022-07-20 15:29:00+05:30
2022-07-21 09:00:00+05:30,16523.55,16523.55,16486.8,16492.65,,1,outside,False,False,2022-07-21 09:14:00+05:30,2022-07-21 09:15:00+05:30
2022-07-21 15:15:00+05:30,16609.05,16624.15,16604.05,16609.8,,14,regular,False,False,2022-07-21 15:15:00+05:30,2022-07-21 15:29:00+05:30
2022-07-22 09:00:00+05:30,16661.25,16692.8,16660.35,16684.7,,1,outside,False,False,2022-07-22 09:14:00+05:30,2022-07-22 09:15:00+05:30
2022-07-22 15:15:00+05:30,16722.65,16723.45,16705.95,16714.3,,14,regular,False,False,2022-07-22 15:15:00+05:30,2022-07-22 15:29:00+05:30
2022-07-25 09:00:00+05:30,16662.55,16696.45,16656.35,16687.8,,1,outside,False,False,2022-07-25 09:14:00+05:30,2022-07-25 09:15:00+05:30
2022-07-25 15:15:00+05:30,16634.6,16635.15,16603.2,16610.05,,14,regular,False,False,2022-07-25 15:15:00+05:30,2022-07-25 15:29:00+05:30
2022-07-26 09:00:00+05:30,16632.9,16634.75,16592.15,16592.15,,1,outside,False,False,2022-07-26 09:14:00+05:30,2022-07-26 09:15:00+05:30
2022-07-26 15:15:00+05:30,16484.2,16486.45,16463.55,16466.55,,14,regular,False,False,2022-07-26 15:15:00+05:30,2022-07-26 15:29:00+05:30
2022-07-27 09:00:00+05:30,16475.35,16482.9,16463.75,16476.0,,1,outside,False,False,2022-07-27 09:14:00+05:30,2022-07-27 09:15:00+05:30
2022-07-27 15:15:00+05:30,16643.6,16652.55,16637.65,16642.75,,14,regular,False,False,2022-07-27 15:15:00+05:30,2022-07-27 15:29:00+05:30
2022-07-28 09:00:00+05:30,16774.85,16785.1,16760.75,16779.1,,1,outside,False,False,2022-07-28 09:14:00+05:30,2022-07-28 09:15:00+05:30
2022-07-28 15:15:00+05:30,16934.2,16942.3,16918.3,16922.05,,14,regular,False,False,2022-07-28 15:15:00+05:30,2022-07-28 15:29:00+05:30
2022-07-29 09:00:00+05:30,17079.5,17083.05,17064.95,17076.9,,1,outside,False,False,2022-07-29 09:14:00+05:30,2022-07-29 09:15:00+05:30
2022-07-29 15:15:00+05:30,17164.3,17172.2,17153.95,17157.95,,14,regular,False,False,2022-07-29 15:15:00+05:30,2022-07-29 15:29:00+05:30
2022-08-01 09:00:00+05:30,17243.2,17243.2,17215.8,17228.45,,1,outside,False,False,2022-08-01 09:14:00+05:30,2022-08-01 09:15:00+05:30
2022-08-01 15:15:00+05:30,17335.15,17348.8,17328.6,17332.3,,14,regular,False,False,2022-08-01 15:15:00+05:30,2022-08-01 15:29:00+05:30
2022-08-02 09:00:00+05:30,17310.15,17310.15,17287.85,17290.55,,1,outside,False,False,2022-08-02 09:14:00+05:30,2022-08-02 09:15:00+05:30
2022-08-02 15:15:00+05:30,17362.65,17363.6,17287.0,17294.85,,14,regular,False,False,2022-08-02 15:15:00+05:30,2022-08-02 15:29:00+05:30
2022-08-03 09:00:00+05:30,17349.25,17349.25,17316.0,17340.25,,1,outside,False,False,2022-08-03 09:14:00+05:30,2022-08-03 09:15:00+05:30
2022-08-03 15:15:00+05:30,17398.6,17406.4,17387.6,17392.9,,14,regular,False,False,2022-08-03 15:15:00+05:30,2022-08-03 15:29:00+05:30
2022-08-04 09:00:00+05:30,17463.1,17485.0,17459.05,17479.8,,1,outside,False,False,2022-08-04 09:14:00+05:30,2022-08-04 09:15:00+05:30
2022-08-04 15:15:00+05:30,17379.4,17385.0,17355.3,17364.0,,14,regular,False,False,2022-08-04 15:15:00+05:30,2022-08-04 15:29:00+05:30
2022-08-05 09:00:00+05:30,17423.65,17436.15,17409.15,17413.85,,1,outside,False,False,2022-08-05 09:14:00+05:30,2022-08-05 09:15:00+05:30
2022-08-05 15:15:00+05:30,17390.05,17405.4,17383.25,17389.05,,14,regular,False,False,2022-08-05 15:15:00+05:30,2022-08-05 15:29:00+05:30
2022-08-08 09:00:00+05:30,17401.5,17418.1,17400.3,17418.1,,1,outside,False,False,2022-08-08 09:14:00+05:30,2022-08-08 09:15:00+05:30
2022-08-08 15:15:00+05:30,17528.75,17533.5,17514.1,17527.85,,14,regular,False,False,2022-08-08 15:15:00+05:30,2022-08-08 15:29:00+05:30
2022-08-10 09:00:00+05:30,17566.1,17566.1,17539.4,17546.05,,1,outside,False,False,2022-08-10 09:14:00+05:30,2022-08-10 09:15:00+05:30
2022-08-10 15:15:00+05:30,17537.65,17538.3,17520.4,17523.75,,14,regular,False,False,2022-08-10 15:15:00+05:30,2022-08-10 15:29:00+05:30
2022-08-11 09:00:00+05:30,17711.65,17716.65,17686.1,17698.65,,1,outside,False,False,2022-08-11 09:14:00+05:30,2022-08-11 09:15:00+05:30
2022-08-11 15:15:00+05:30,17654.1,17659.85,17638.3,17638.65,,14,regular,False,False,2022-08-11 15:15:00+05:30,2022-08-11 15:29:00+05:30
2022-08-12 09:00:00+05:30,17659.65,17659.65,17630.25,17644.0,,1,outside,False,False,2022-08-12 09:14:00+05:30,2022-08-12 09:15:00+05:30
2022-08-12 15:15:00+05:30,17702.45,17713.5,17695.95,17698.65,,14,regular,False,False,2022-08-12 15:15:00+05:30,2022-08-12 15:29:00+05:30
2022-08-16 09:00:00+05:30,17797.2,17798.55,17769.3,17787.45,,1,outside,False,False,2022-08-16 09:14:00+05:30,2022-08-16 09:15:00+05:30
2022-08-16 15:15:00+05:30,17827.95,17836.65,17822.6,17828.3,,14,regular,False,False,2022-08-16 15:15:00+05:30,2022-08-16 15:29:00+05:30
2022-08-17 09:00:00+05:30,17868.15,17868.15,17842.35,17847.0,,1,outside,False,False,2022-08-17 09:14:00+05:30,2022-08-17 09:15:00+05:30
2022-08-17 15:15:00+05:30,17944.0,17945.45,17927.4,17930.95,,14,regular,False,False,2022-08-17 15:15:00+05:30,2022-08-17 15:29:00+05:30
2022-08-18 09:00:00+05:30,17898.65,17910.2,17885.65,17895.05,,1,outside,False,False,2022-08-18 09:14:00+05:30,2022-08-18 09:15:00+05:30
2022-08-18 15:15:00+05:30,17955.95,17967.55,17946.4,17964.45,,14,regular,False,False,2022-08-18 15:15:00+05:30,2022-08-18 15:29:00+05:30
2022-08-19 09:00:00+05:30,17966.55,17989.15,17966.55,17971.65,,1,outside,False,False,2022-08-19 09:14:00+05:30,2022-08-19 09:15:00+05:30
2022-08-19 15:15:00+05:30,17762.35,17764.2,17725.7,17726.95,,14,regular,False,False,2022-08-19 15:15:00+05:30,2022-08-19 15:29:00+05:30
2022-08-22 09:00:00+05:30,17682.9,17687.55,17649.15,17653.6,,1,outside,False,False,2022-08-22 09:14:00+05:30,2022-08-22 09:15:00+05:30
2022-08-22 15:15:00+05:30,17501.1,17503.95,17487.75,17494.35,,14,regular,False,False,2022-08-22 15:15:00+05:30,2022-08-22 15:29:00+05:30
2022-08-23 09:00:00+05:30,17357.35,17391.5,17346.95,17381.05,,1,outside,False,False,2022-08-23 09:14:00+05:30,2022-08-23 09:15:00+05:30
2022-08-23 15:15:00+05:30,17572.5,17624.5,17572.5,17623.35,,14,regular,False,False,2022-08-23 15:15:00+05:30,2022-08-23 15:29:00+05:30
2022-08-24 09:00:00+05:30,17525.45,17584.65,17525.45,17581.15,,1,outside,False,False,2022-08-24 09:14:00+05:30,2022-08-24 09:15:00+05:30
2022-08-24 15:15:00+05:30,17612.0,17615.05,17597.1,17607.55,,14,regular,False,False,2022-08-24 15:15:00+05:30,2022-08-24 15:29:00+05:30
2022-08-25 09:00:00+05:30,17679.0,17689.8,17671.8,17674.9,,1,outside,False,False,2022-08-25 09:14:00+05:30,2022-08-25 09:15:00+05:30
2022-08-25 15:15:00+05:30,17490.5,17518.95,17489.05,17508.2,,14,regular,False,False,2022-08-25 15:15:00+05:30,2022-08-25 15:29:00+05:30
2022-08-26 09:00:00+05:30,17619.3,17648.45,17617.2,17648.45,,1,outside,False,False,2022-08-26 09:14:00+05:30,2022-08-26 09:15:00+05:30
2022-08-26 15:15:00+05:30,17582.35,17595.75,17555.75,17582.9,,14,regular,False,False,2022-08-26 15:15:00+05:30,2022-08-26 15:29:00+05:30
2022-08-29 09:00:00+05:30,17188.65,17220.9,17186.7,17212.9,,1,outside,False,False,2022-08-29 09:14:00+05:30,2022-08-29 09:15:00+05:30
2022-08-29 15:15:00+05:30,17303.2,17339.25,17302.7,17339.1,,14,regular,False,False,2022-08-29 15:15:00+05:30,2022-08-29 15:29:00+05:30
2022-08-30 09:00:00+05:30,17414.95,17446.55,17409.7,17443.65,,1,outside,False,False,2022-08-30 09:14:00+05:30,2022-08-30 09:15:00+05:30
2022-08-30 15:15:00+05:30,17754.5,17776.85,17740.85,17744.2,,14,regular,False,False,2022-08-30 15:15:00+05:30,2022-08-30 15:29:00+05:30
2022-09-01 09:00:00+05:30,17485.7,17552.85,17485.7,17551.35,,1,outside,False,False,2022-09-01 09:14:00+05:30,2022-09-01 09:15:00+05:30
2022-09-01 15:15:00+05:30,17547.95,17564.1,17533.55,17563.25,,14,regular,False,False,2022-09-01 15:15:00+05:30,2022-09-01 15:29:00+05:30
2022-09-02 09:00:00+05:30,17598.4,17624.5,17589.6,17624.5,,1,outside,False,False,2022-09-02 09:14:00+05:30,2022-09-02 09:15:00+05:30
2022-09-02 15:15:00+05:30,17553.6,17560.6,17520.2,17527.85,,14,regular,False,False,2022-09-02 15:15:00+05:30,2022-09-02 15:29:00+05:30
2022-09-05 09:00:00+05:30,17546.45,17592.0,17546.45,17589.4,,1,outside,False,False,2022-09-05 09:14:00+05:30,2022-09-05 09:15:00+05:30
2022-09-05 15:15:00+05:30,17667.0,17669.85,17652.3,17653.9,,14,regular,False,False,2022-09-05 15:15:00+05:30,2022-09-05 15:29:00+05:30
2022-09-06 09:00:00+05:30,17695.7,17745.15,17695.7,17745.15,,1,outside,False,False,2022-09-06 09:14:00+05:30,2022-09-06 09:15:00+05:30
2022-09-06 15:15:00+05:30,17655.85,17657.15,17641.5,17651.6,,14,regular,False,False,2022-09-06 15:15:00+05:30,2022-09-06 15:29:00+05:30
2022-09-07 09:00:00+05:30,17519.4,17563.85,17519.4,17544.8,,1,outside,False,False,2022-09-07 09:14:00+05:30,2022-09-07 09:15:00+05:30
2022-09-07 15:15:00+05:30,17617.85,17638.6,17616.7,17629.5,,14,regular,False,False,2022-09-07 15:15:00+05:30,2022-09-07 15:29:00+05:30
2022-09-08 09:00:00+05:30,17748.15,17765.1,17746.7,17752.75,,1,outside,False,False,2022-09-08 09:14:00+05:30,2022-09-08 09:15:00+05:30
2022-09-08 15:15:00+05:30,17795.5,17804.5,17790.5,17800.1,,14,regular,False,False,2022-09-08 15:15:00+05:30,2022-09-08 15:29:00+05:30
2022-09-09 09:00:00+05:30,17923.35,17925.3,17910.65,17917.85,,1,outside,False,False,2022-09-09 09:14:00+05:30,2022-09-09 09:15:00+05:30
2022-09-09 15:15:00+05:30,17835.65,17836.4,17809.7,17829.3,,14,regular,False,False,2022-09-09 15:15:00+05:30,2022-09-09 15:29:00+05:30
2022-09-12 09:00:00+05:30,17890.85,17924.75,17890.85,17924.75,,1,outside,False,False,2022-09-12 09:14:00+05:30,2022-09-12 09:15:00+05:30
2022-09-12 15:15:00+05:30,17931.95,17936.35,17924.15,17931.6,,14,regular,False,False,2022-09-12 15:15:00+05:30,2022-09-12 15:29:00+05:30
2022-09-13 09:00:00+05:30,18044.45,18044.45,18025.15,18031.75,,1,outside,False,False,2022-09-13 09:14:00+05:30,2022-09-13 09:15:00+05:30
2022-09-13 15:15:00+05:30,18066.85,18070.95,18058.45,18066.5,,14,regular,False,False,2022-09-13 15:15:00+05:30,2022-09-13 15:29:00+05:30
2022-09-14 09:00:00+05:30,17771.15,17865.8,17771.15,17862.5,,1,outside,False,False,2022-09-14 09:14:00+05:30,2022-09-14 09:15:00+05:30
2022-09-14 15:15:00+05:30,17985.9,18003.3,17971.1,18000.65,,14,regular,False,False,2022-09-14 15:15:00+05:30,2022-09-14 15:29:00+05:30
2022-09-15 09:00:00+05:30,18046.35,18087.55,18046.35,18081.9,,1,outside,False,False,2022-09-15 09:14:00+05:30,2022-09-15 09:15:00+05:30
2022-09-15 15:15:00+05:30,17868.7,17876.75,17861.95,17872.3,,14,regular,False,False,2022-09-15 15:15:00+05:30,2022-09-15 15:29:00+05:30
2022-09-16 09:00:00+05:30,17796.8,17815.8,17773.2,17773.2,,1,outside,False,False,2022-09-16 09:14:00+05:30,2022-09-16 09:15:00+05:30
2022-09-16 15:15:00+05:30,17533.95,17552.05,17512.4,17550.1,,14,regular,False,False,2022-09-16 15:15:00+05:30,2022-09-16 15:29:00+05:30
2022-09-19 09:00:00+05:30,17540.65,17541.55,17475.75,17509.45,,1,outside,False,False,2022-09-19 09:14:00+05:30,2022-09-19 09:15:00+05:30
2022-09-19 15:15:00+05:30,17618.25,17641.75,17617.55,17631.85,,14,regular,False,False,2022-09-19 15:15:00+05:30,2022-09-19 15:29:00+05:30
2022-09-20 09:00:00+05:30,17770.4,17792.45,17761.95,17780.25,,1,outside,False,False,2022-09-20 09:14:00+05:30,2022-09-20 09:15:00+05:30
2022-09-20 15:15:00+05:30,17804.65,17814.8,17780.5,17791.25,,14,regular,False,False,2022-09-20 15:15:00+05:30,2022-09-20 15:29:00+05:30
2022-09-21 09:00:00+05:30,17766.35,17837.3,17766.35,17833.7,,1,outside,False,False,2022-09-21 09:14:00+05:30,2022-09-21 09:15:00+05:30
2022-09-21 15:15:00+05:30,17718.7,17725.6,17707.75,17715.9,,14,regular,False,False,2022-09-21 15:15:00+05:30,2022-09-21 15:29:00+05:30
2022-09-22 09:00:00+05:30,17609.65,17636.9,17609.65,17633.1,,1,outside,False,False,2022-09-22 09:14:00+05:30,2022-09-22 09:15:00+05:30
2022-09-22 15:15:00+05:30,17631.25,17640.2,17614.95,17635.95,,14,regular,False,False,2022-09-22 15:15:00+05:30,2022-09-22 15:29:00+05:30
2022-09-23 09:00:00+05:30,17593.85,17640.45,17591.6,17639.05,,1,outside,False,False,2022-09-23 09:14:00+05:30,2022-09-23 09:15:00+05:30
2022-09-23 15:15:00+05:30,17324.15,17339.0,17315.95,17332.25,,14,regular,False,False,2022-09-23 15:15:00+05:30,2022-09-23 15:29:00+05:30
2022-09-26 09:00:00+05:30,17156.3,17190.7,17156.3,17168.85,,1,outside,False,False,2022-09-26 09:14:00+05:30,2022-09-26 09:15:00+05:30
2022-09-26 15:15:00+05:30,17018.7,17030.95,17012.85,17027.85,,14,regular,False,False,2022-09-26 15:15:00+05:30,2022-09-26 15:29:00+05:30
2022-09-27 09:00:00+05:30,17110.9,17135.1,17088.1,17094.65,,1,outside,False,False,2022-09-27 09:14:00+05:30,2022-09-27 09:15:00+05:30
2022-09-27 15:15:00+05:30,17013.55,17043.45,17010.65,17043.45,,14,regular,False,False,2022-09-27 15:15:00+05:30,2022-09-27 15:29:00+05:30
2022-09-28 09:00:00+05:30,16870.55,16881.55,16858.25,16876.1,,1,outside,False,False,2022-09-28 09:14:00+05:30,2022-09-28 09:15:00+05:30
2022-09-28 15:15:00+05:30,16859.6,16860.75,16820.9,16826.15,,14,regular,False,False,2022-09-28 15:15:00+05:30,2022-09-28 15:29:00+05:30
2022-09-29 09:00:00+05:30,16993.6,17021.4,16992.75,17001.9,,1,outside,False,False,2022-09-29 09:14:00+05:30,2022-09-29 09:15:00+05:30
2022-09-29 15:15:00+05:30,16829.85,16850.7,16810.45,16842.9,,14,regular,False,False,2022-09-29 15:15:00+05:30,2022-09-29 15:29:00+05:30
2022-09-30 09:00:00+05:30,16798.05,16834.4,16798.05,16801.3,,1,outside,False,False,2022-09-30 09:14:00+05:30,2022-09-30 09:15:00+05:30
2022-09-30 15:15:00+05:30,17076.15,17123.3,17076.15,17107.2,,14,regular,False,False,2022-09-30 15:15:00+05:30,2022-09-30 15:29:00+05:30
2022-10-03 09:00:00+05:30,17102.1,17102.1,17020.75,17073.8,,1,outside,False,False,2022-10-03 09:14:00+05:30,2022-10-03 09:15:00+05:30
2022-10-03 15:15:00+05:30,16892.05,16898.05,16874.75,16876.0,,14,regular,False,False,2022-10-03 15:15:00+05:30,2022-10-03 15:29:00+05:30
2022-10-04 09:00:00+05:30,17147.45,17148.9,17126.85,17136.2,,1,outside,False,False,2022-10-04 09:14:00+05:30,2022-10-04 09:15:00+05:30
2022-10-04 15:15:00+05:30,17272.1,17283.5,17269.9,17277.45,,14,regular,False,False,2022-10-04 15:15:00+05:30,2022-10-04 15:29:00+05:30
2022-10-06 09:00:00+05:30,17379.25,17428.3,17379.25,17408.75,,1,outside,False,False,2022-10-06 09:14:00+05:30,2022-10-06 09:15:00+05:30
2022-10-06 15:15:00+05:30,17333.05,17334.45,17317.0,17317.0,,14,regular,False,False,2022-10-06 15:15:00+05:30,2022-10-06 15:29:00+05:30
2022-10-07 09:00:00+05:30,17287.2,17309.1,17274.9,17303.55,,1,outside,False,False,2022-10-07 09:14:00+05:30,2022-10-07 09:15:00+05:30
2022-10-07 15:15:00+05:30,17310.0,17322.1,17308.55,17316.15,,14,regular,False,False,2022-10-07 15:15:00+05:30,2022-10-07 15:29:00+05:30
2022-10-10 09:00:00+05:30,17094.35,17148.1,17094.35,17127.5,,1,outside,False,False,2022-10-10 09:14:00+05:30,2022-10-10 09:15:00+05:30
2022-10-10 15:15:00+05:30,17252.95,17254.7,17238.8,17252.45,,14,regular,False,False,2022-10-10 15:15:00+05:30,2022-10-10 15:29:00+05:30
2022-10-11 09:00:00+05:30,17256.05,17256.05,17198.4,17212.45,,1,outside,False,False,2022-10-11 09:14:00+05:30,2022-10-11 09:15:00+05:30
2022-10-11 15:15:00+05:30,16979.0,16981.05,16950.65,16964.15,,14,regular,False,False,2022-10-11 15:15:00+05:30,2022-10-11 15:29:00+05:30
2022-10-12 09:00:00+05:30,17025.55,17034.2,17006.15,17019.45,,1,outside,False,False,2022-10-12 09:14:00+05:30,2022-10-12 09:15:00+05:30
2022-10-12 15:15:00+05:30,17117.3,17132.75,17115.8,17129.05,,14,regular,False,False,2022-10-12 15:15:00+05:30,2022-10-12 15:29:00+05:30
2022-10-13 09:00:00+05:30,17087.35,17110.8,17085.45,17093.2,,1,outside,False,False,2022-10-13 09:14:00+05:30,2022-10-13 09:15:00+05:30
2022-10-13 15:15:00+05:30,17017.9,17028.65,17011.1,17017.8,,14,regular,False,False,2022-10-13 15:15:00+05:30,2022-10-13 15:29:00+05:30
2022-10-14 09:00:00+05:30,17322.3,17328.65,17298.85,17314.15,,1,outside,False,False,2022-10-14 09:14:00+05:30,2022-10-14 09:15:00+05:30
2022-10-14 15:15:00+05:30,17187.1,17203.15,17171.95,17200.35,,14,regular,False,False,2022-10-14 15:15:00+05:30,2022-10-14 15:29:00+05:30
2022-10-17 09:00:00+05:30,17144.8,17193.1,17144.8,17189.75,,1,outside,False,False,2022-10-17 09:14:00+05:30,2022-10-17 09:15:00+05:30
2022-10-17 15:15:00+05:30,17295.2,17327.2,17294.6,17320.55,,14,regular,False,False,2022-10-17 15:15:00+05:30,2022-10-17 15:29:00+05:30
2022-10-18 09:00:00+05:30,17438.75,17466.25,17438.75,17447.15,,1,outside,False,False,2022-10-18 09:14:00+05:30,2022-10-18 09:15:00+05:30
2022-10-18 15:15:00+05:30,17485.0,17493.95,17484.2,17490.6,,14,regular,False,False,2022-10-18 15:15:00+05:30,2022-10-18 15:29:00+05:30
2022-10-19 09:00:00+05:30,17568.15,17574.85,17538.35,17547.75,,1,outside,False,False,2022-10-19 09:14:00+05:30,2022-10-19 09:15:00+05:30
2022-10-19 15:15:00+05:30,17507.2,17530.85,17500.65,17518.85,,14,regular,False,False,2022-10-19 15:15:00+05:30,2022-10-19 15:29:00+05:30
2022-10-20 09:00:00+05:30,17423.1,17446.9,17423.1,17435.9,,1,outside,False,False,2022-10-20 09:14:00+05:30,2022-10-20 09:15:00+05:30
2022-10-20 15:15:00+05:30,17571.85,17584.1,17562.65,17565.25,,14,regular,False,False,2022-10-20 15:15:00+05:30,2022-10-20 15:29:00+05:30
2022-10-21 09:00:00+05:30,17622.85,17622.85,17608.0,17618.1,,1,outside,False,False,2022-10-21 09:14:00+05:30,2022-10-21 09:15:00+05:30
2022-10-21 15:15:00+05:30,17577.35,17596.75,17572.55,17583.75,,14,regular,False,False,2022-10-21 15:15:00+05:30,2022-10-21 15:29:00+05:30
2022-10-24 18:00:00+05:30,17736.35,17776.5,17733.45,17772.6,,1,evening,False,False,2022-10-24 18:14:00+05:30,2022-10-24 18:15:00+05:30
2022-10-24 19:00:00+05:30,17731.15,17740.8,17708.4,17738.95,,14,evening,False,False,2022-10-24 19:00:00+05:30,2022-10-24 19:14:00+05:30
2022-10-25 09:00:00+05:30,17808.3,17808.3,17772.15,17772.15,,1,outside,False,False,2022-10-25 09:14:00+05:30,2022-10-25 09:15:00+05:30
2022-10-25 15:15:00+05:30,17653.75,17655.65,17639.5,17642.65,,14,regular,False,False,2022-10-25 15:15:00+05:30,2022-10-25 15:29:00+05:30
2022-10-27 09:00:00+05:30,17771.4,17782.85,17753.8,17753.95,,1,outside,False,False,2022-10-27 09:14:00+05:30,2022-10-27 09:15:00+05:30
2022-10-27 15:15:00+05:30,17739.5,17773.3,17737.85,17758.9,,14,regular,False,False,2022-10-27 15:15:00+05:30,2022-10-27 15:29:00+05:30
2022-10-28 09:00:00+05:30,17756.4,17782.35,17748.8,17780.85,,1,outside,False,False,2022-10-28 09:14:00+05:30,2022-10-28 09:15:00+05:30
2022-10-28 15:15:00+05:30,17790.4,17800.5,17788.15,17795.95,,14,regular,False,False,2022-10-28 15:15:00+05:30,2022-10-28 15:29:00+05:30
2022-10-31 09:00:00+05:30,17910.2,17937.5,17901.2,17930.9,,1,outside,False,False,2022-10-31 09:14:00+05:30,2022-10-31 09:15:00+05:30
2022-10-31 15:15:00+05:30,18015.5,18022.7,18010.2,18015.7,,14,regular,False,False,2022-10-31 15:15:00+05:30,2022-10-31 15:29:00+05:30
2022-11-01 09:00:00+05:30,18130.7,18130.7,18091.55,18113.9,,1,outside,False,False,2022-11-01 09:14:00+05:30,2022-11-01 09:15:00+05:30
2022-11-01 15:15:00+05:30,18150.55,18155.6,18137.55,18142.75,,14,regular,False,False,2022-11-01 15:15:00+05:30,2022-11-01 15:29:00+05:30
2022-11-02 09:00:00+05:30,18177.9,18177.9,18131.85,18143.8,,1,outside,False,False,2022-11-02 09:14:00+05:30,2022-11-02 09:15:00+05:30
2022-11-02 15:15:00+05:30,18087.75,18090.75,18070.7,18072.1,,14,regular,False,False,2022-11-02 15:15:00+05:30,2022-11-02 15:29:00+05:30
2022-11-03 09:00:00+05:30,17968.35,18001.4,17964.6,18001.4,,1,outside,False,False,2022-11-03 09:14:00+05:30,2022-11-03 09:15:00+05:30
2022-11-03 15:15:00+05:30,18046.85,18057.95,18042.6,18048.05,,14,regular,False,False,2022-11-03 15:15:00+05:30,2022-11-03 15:29:00+05:30
2022-11-04 09:00:00+05:30,18053.4,18086.55,18053.4,18074.35,,1,outside,False,False,2022-11-04 09:14:00+05:30,2022-11-04 09:15:00+05:30
2022-11-04 15:15:00+05:30,18121.05,18134.2,18117.1,18127.9,,14,regular,False,False,2022-11-04 15:15:00+05:30,2022-11-04 15:29:00+05:30
2022-11-07 09:00:00+05:30,18211.75,18251.75,18211.75,18251.75,,1,outside,False,False,2022-11-07 09:14:00+05:30,2022-11-07 09:15:00+05:30
2022-11-07 15:15:00+05:30,18203.05,18218.6,18197.55,18203.35,,14,regular,False,False,2022-11-07 15:15:00+05:30,2022-11-07 15:29:00+05:30
2022-11-09 09:00:00+05:30,18288.25,18288.25,18243.35,18243.35,,1,outside,False,False,2022-11-09 09:14:00+05:30,2022-11-09 09:15:00+05:30
2022-11-09 15:15:00+05:30,18168.05,18169.1,18119.05,18121.05,,14,regular,False,False,2022-11-09 15:15:00+05:30,2022-11-09 15:29:00+05:30
2022-11-10 09:00:00+05:30,18044.35,18102.95,18044.35,18070.3,,1,outside,False,False,2022-11-10 09:14:00+05:30,2022-11-10 09:15:00+05:30
2022-11-10 15:15:00+05:30,18025.95,18039.9,18025.45,18036.8,,14,regular,False,False,2022-11-10 15:15:00+05:30,2022-11-10 15:29:00+05:30
2022-11-11 09:00:00+05:30,18272.35,18287.1,18260.25,18265.9,,1,outside,False,False,2022-11-11 09:14:00+05:30,2022-11-11 09:15:00+05:30
2022-11-11 15:15:00+05:30,18345.55,18360.0,18340.85,18355.3,,14,regular,False,False,2022-11-11 15:15:00+05:30,2022-11-11 15:29:00+05:30
2022-11-14 09:00:00+05:30,18376.4,18380.8,18342.95,18368.4,,1,outside,False,False,2022-11-14 09:14:00+05:30,2022-11-14 09:15:00+05:30
2022-11-14 15:15:00+05:30,18334.25,18334.25,18314.7,18320.25,,14,regular,False,False,2022-11-14 15:15:00+05:30,2022-11-14 15:29:00+05:30
2022-11-15 09:00:00+05:30,18362.75,18372.05,18353.95,18367.55,,1,outside,False,False,2022-11-15 09:14:00+05:30,2022-11-15 09:15:00+05:30
2022-11-15 15:15:00+05:30,18407.45,18426.55,18405.5,18421.55,,14,regular,False,False,2022-11-15 15:15:00+05:30,2022-11-15 15:29:00+05:30
2022-11-16 09:00:00+05:30,18398.25,18414.9,18393.2,18394.45,,1,outside,False,False,2022-11-16 09:14:00+05:30,2022-11-16 09:15:00+05:30
2022-11-16 15:15:00+05:30,18414.0,18414.0,18396.7,18401.35,,14,regular,False,False,2022-11-16 15:15:00+05:30,2022-11-16 15:29:00+05:30
2022-11-17 09:00:00+05:30,18358.7,18373.6,18352.5,18373.6,,1,outside,False,False,2022-11-17 09:14:00+05:30,2022-11-17 09:15:00+05:30
2022-11-17 15:15:00+05:30,18321.25,18341.7,18313.05,18333.95,,14,regular,False,False,2022-11-17 15:15:00+05:30,2022-11-17 15:29:00+05:30
2022-11-18 09:00:00+05:30,18382.95,18393.8,18371.75,18374.5,,1,outside,False,False,2022-11-18 09:14:00+05:30,2022-11-18 09:15:00+05:30
2022-11-18 15:15:00+05:30,18323.9,18323.9,18295.2,18304.35,,14,regular,False,False,2022-11-18 15:15:00+05:30,2022-11-18 15:29:00+05:30
2022-11-21 09:00:00+05:30,18246.4,18253.15,18224.4,18224.4,,1,outside,False,False,2022-11-21 09:14:00+05:30,2022-11-21 09:15:00+05:30
2022-11-21 15:15:00+05:30,18170.0,18170.95,18146.05,18157.95,,14,regular,False,False,2022-11-21 15:15:00+05:30,2022-11-21 15:29:00+05:30
2022-11-22 09:00:00+05:30,18179.15,18191.45,18171.0,18180.35,,1,outside,False,False,2022-11-22 09:14:00+05:30,2022-11-22 09:15:00+05:30
2022-11-22 15:15:00+05:30,18249.7,18257.4,18244.45,18251.5,,14,regular,False,False,2022-11-22 15:15:00+05:30,2022-11-22 15:29:00+05:30
2022-11-23 09:00:00+05:30,18325.2,18325.2,18292.75,18297.55,,1,outside,False,False,2022-11-23 09:14:00+05:30,2022-11-23 09:15:00+05:30
2022-11-23 15:15:00+05:30,18258.85,18260.95,18248.25,18254.1,,14,regular,False,False,2022-11-23 15:15:00+05:30,2022-11-23 15:29:00+05:30
2022-11-24 09:00:00+05:30,18326.1,18326.1,18304.1,18304.5,,1,outside,False,False,2022-11-24 09:14:00+05:30,2022-11-24 09:15:00+05:30
2022-11-24 15:15:00+05:30,18483.1,18527.45,18483.1,18510.85,,14,regular,False,False,2022-11-24 15:15:00+05:30,2022-11-24 15:29:00+05:30
2022-11-25 09:00:00+05:30,18528.45,18528.45,18471.35,18471.35,,1,outside,False,False,2022-11-25 09:14:00+05:30,2022-11-25 09:15:00+05:30
2022-11-25 15:15:00+05:30,18518.8,18522.5,18494.5,18498.4,,14,regular,False,False,2022-11-25 15:15:00+05:30,2022-11-25 15:29:00+05:30
2022-11-28 09:00:00+05:30,18430.55,18473.4,18430.55,18468.4,,1,outside,False,False,2022-11-28 09:14:00+05:30,2022-11-28 09:15:00+05:30
2022-11-28 15:15:00+05:30,18566.45,18567.95,18546.9,18553.4,,14,regular,False,False,2022-11-28 15:15:00+05:30,2022-11-28 15:29:00+05:30
2022-11-29 09:00:00+05:30,18552.45,18603.3,18552.45,18598.35,,1,outside,False,False,2022-11-29 09:14:00+05:30,2022-11-29 09:15:00+05:30
2022-11-29 15:15:00+05:30,18616.5,18620.5,18602.7,18603.6,,14,regular,False,False,2022-11-29 15:15:00+05:30,2022-11-29 15:29:00+05:30
2022-11-30 09:00:00+05:30,18625.7,18651.6,18618.8,18651.6,,1,outside,False,False,2022-11-30 09:14:00+05:30,2022-11-30 09:15:00+05:30
2022-11-30 15:15:00+05:30,18769.15,18810.95,18767.0,18776.95,,14,regular,False,False,2022-11-30 15:15:00+05:30,2022-11-30 15:29:00+05:30
2022-12-01 09:00:00+05:30,18871.95,18871.95,18844.6,18857.7,,1,outside,False,False,2022-12-01 09:14:00+05:30,2022-12-01 09:15:00+05:30
2022-12-01 15:15:00+05:30,18807.95,18820.6,18799.55,18800.95,,14,regular,False,False,2022-12-01 15:15:00+05:30,2022-12-01 15:29:00+05:30
2022-12-02 09:00:00+05:30,18752.4,18778.55,18750.0,18756.7,,1,outside,False,False,2022-12-02 09:14:00+05:30,2022-12-02 09:15:00+05:30
2022-12-02 15:15:00+05:30,18695.45,18708.15,18691.25,18705.2,,14,regular,False,False,2022-12-02 15:15:00+05:30,2022-12-02 15:29:00+05:30
2022-12-05 09:00:00+05:30,18719.55,18723.85,18683.85,18688.9,,1,outside,False,False,2022-12-05 09:14:00+05:30,2022-12-05 09:15:00+05:30
2022-12-05 15:15:00+05:30,18710.15,18714.65,18685.9,18694.05,,14,regular,False,False,2022-12-05 15:15:00+05:30,2022-12-05 15:29:00+05:30
2022-12-06 09:00:00+05:30,18600.65,18636.2,18600.65,18626.8,,1,outside,False,False,2022-12-06 09:14:00+05:30,2022-12-06 09:15:00+05:30
2022-12-06 15:15:00+05:30,18644.15,18650.2,18633.6,18647.8,,14,regular,False,False,2022-12-06 15:15:00+05:30,2022-12-06 15:29:00+05:30
2022-12-07 09:00:00+05:30,18638.85,18654.0,18638.85,18653.3,,1,outside,False,False,2022-12-07 09:14:00+05:30,2022-12-07 09:15:00+05:30
2022-12-07 15:15:00+05:30,18555.25,18556.15,18529.1,18550.75,,14,regular,False,False,2022-12-07 15:15:00+05:30,2022-12-07 15:29:00+05:30
2022-12-08 09:00:00+05:30,18570.85,18581.25,18562.9,18563.4,,1,outside,False,False,2022-12-08 09:14:00+05:30,2022-12-08 09:15:00+05:30
2022-12-08 15:15:00+05:30,18615.25,18620.0,18606.45,18614.4,,14,regular,False,False,2022-12-08 15:15:00+05:30,2022-12-08 15:29:00+05:30
2022-12-09 09:00:00+05:30,18662.4,18662.4,18637.15,18648.85,,1,outside,False,False,2022-12-09 09:14:00+05:30,2022-12-09 09:15:00+05:30
2022-12-09 15:15:00+05:30,18507.9,18510.9,18486.15,18493.25,,14,regular,False,False,2022-12-09 15:15:00+05:30,2022-12-09 15:29:00+05:30
2022-12-12 09:00:00+05:30,18402.15,18416.75,18384.55,18385.7,,1,outside,False,False,2022-12-12 09:14:00+05:30,2022-12-12 09:15:00+05:30
2022-12-12 15:15:00+05:30,18508.6,18510.3,18493.75,18494.7,,14,regular,False,False,2022-12-12 15:15:00+05:30,2022-12-12 15:29:00+05:30
2022-12-13 09:00:00+05:30,18524.4,18532.35,18518.55,18521.9,,1,outside,False,False,2022-12-13 09:14:00+05:30,2022-12-13 09:15:00+05:30
2022-12-13 15:15:00+05:30,18602.55,18612.05,18591.2,18596.75,,14,regular,False,False,2022-12-13 15:15:00+05:30,2022-12-13 15:29:00+05:30
2022-12-14 09:00:00+05:30,18671.25,18671.25,18654.2,18659.7,,1,outside,False,False,2022-12-14 09:14:00+05:30,2022-12-14 09:15:00+05:30
2022-12-14 15:15:00+05:30,18669.15,18669.8,18640.2,18643.0,,14,regular,False,False,2022-12-14 15:15:00+05:30,2022-12-14 15:29:00+05:30
2022-12-15 09:00:00+05:30,18614.4,18651.45,18612.5,18641.1,,1,outside,False,False,2022-12-15 09:14:00+05:30,2022-12-15 09:15:00+05:30
2022-12-15 15:15:00+05:30,18402.7,18415.65,18388.4,18399.75,,14,regular,False,False,2022-12-15 15:15:00+05:30,2022-12-15 15:29:00+05:30
2022-12-16 09:00:00+05:30,18319.1,18334.55,18319.1,18332.05,,1,outside,False,False,2022-12-16 09:14:00+05:30,2022-12-16 09:15:00+05:30
2022-12-16 15:15:00+05:30,18257.9,18278.3,18255.7,18270.1,,14,regular,False,False,2022-12-16 15:15:00+05:30,2022-12-16 15:29:00+05:30
2022-12-19 09:00:00+05:30,18288.1,18288.1,18267.9,18269.55,,1,outside,False,False,2022-12-19 09:14:00+05:30,2022-12-19 09:15:00+05:30
2022-12-19 15:15:00+05:30,18423.6,18431.25,18416.6,18426.2,,14,regular,False,False,2022-12-19 15:15:00+05:30,2022-12-19 15:29:00+05:30
2022-12-20 09:00:00+05:30,18340.3,18351.35,18330.55,18335.55,,1,outside,False,False,2022-12-20 09:14:00+05:30,2022-12-20 09:15:00+05:30
2022-12-20 15:15:00+05:30,18398.95,18401.5,18381.55,18385.85,,14,regular,False,False,2022-12-20 15:15:00+05:30,2022-12-20 15:29:00+05:30
2022-12-21 09:00:00+05:30,18435.15,18448.6,18435.15,18446.0,,1,outside,False,False,2022-12-21 09:14:00+05:30,2022-12-21 09:15:00+05:30
2022-12-21 15:15:00+05:30,18195.65,18209.6,18186.55,18207.55,,14,regular,False,False,2022-12-21 15:15:00+05:30,2022-12-21 15:29:00+05:30
2022-12-22 09:00:00+05:30,18288.8,18316.65,18276.8,18316.65,,1,outside,False,False,2022-12-22 09:14:00+05:30,2022-12-22 09:15:00+05:30
2022-12-22 15:15:00+05:30,18131.75,18134.9,18108.5,18114.7,,14,regular,False,False,2022-12-22 15:15:00+05:30,2022-12-22 15:29:00+05:30
2022-12-23 09:00:00+05:30,17977.65,18045.8,17977.65,18036.7,,1,outside,False,False,2022-12-23 09:14:00+05:30,2022-12-23 09:15:00+05:30
2022-12-23 15:15:00+05:30,17810.85,17828.5,17796.55,17824.1,,14,regular,False,False,2022-12-23 15:15:00+05:30,2022-12-23 15:29:00+05:30
2022-12-26 09:00:00+05:30,17830.4,17865.4,17818.55,17844.65,,1,outside,False,False,2022-12-26 09:14:00+05:30,2022-12-26 09:15:00+05:30
2022-12-26 15:15:00+05:30,18007.7,18012.85,17991.1,18009.6,,14,regular,False,False,2022-12-26 15:15:00+05:30,2022-12-26 15:29:00+05:30
2022-12-27 09:00:00+05:30,18089.8,18090.6,18065.0,18072.75,,1,outside,False,False,2022-12-27 09:14:00+05:30,2022-12-27 09:15:00+05:30
2022-12-27 15:15:00+05:30,18138.05,18148.6,18128.75,18136.0,,14,regular,False,False,2022-12-27 15:15:00+05:30,2022-12-27 15:29:00+05:30
2022-12-28 09:00:00+05:30,18084.75,18104.7,18071.5,18092.15,,1,outside,False,False,2022-12-28 09:14:00+05:30,2022-12-28 09:15:00+05:30
2022-12-28 15:15:00+05:30,18123.2,18124.75,18106.45,18106.9,,14,regular,False,False,2022-12-28 15:15:00+05:30,2022-12-28 15:29:00+05:30
2022-12-29 09:00:00+05:30,18045.7,18060.4,18040.65,18040.65,,1,outside,False,False,2022-12-29 09:14:00+05:30,2022-12-29 09:15:00+05:30
2022-12-29 15:15:00+05:30,18190.45,18210.85,18190.45,18210.4,,14,regular,False,False,2022-12-29 15:15:00+05:30,2022-12-29 15:29:00+05:30
2022-12-30 09:00:00+05:30,18259.1,18264.55,18241.3,18243.15,,1,outside,False,False,2022-12-30 09:14:00+05:30,2022-12-30 09:15:00+05:30
2022-12-30 15:15:00+05:30,18095.8,18120.1,18081.05,18117.05,,14,regular,False,False,2022-12-30 15:15:00+05:30,2022-12-30 15:29:00+05:30
2023-01-02 09:00:00+05:30,18131.7,18150.15,18117.55,18141.35,,1,outside,False,False,2023-01-02 09:14:00+05:30,2023-01-02 09:15:00+05:30
2023-01-02 15:15:00+05:30,18196.95,18215.1,18196.65,18207.1,,14,regular,False,False,2023-01-02 15:15:00+05:30,2023-01-02 15:29:00+05:30
2023-01-03 09:00:00+05:30,18163.2,18190.7,18163.2,18173.25,,1,outside,False,False,2023-01-03 09:14:00+05:30,2023-01-03 09:15:00+05:30
2023-01-03 15:15:00+05:30,18234.9,18241.45,18229.4,18234.3,,14,regular,False,False,2023-01-03 15:15:00+05:30,2023-01-03 15:29:00+05:30
2023-01-04 09:00:00+05:30,18230.65,18241.2,18213.95,18218.7,,1,outside,False,False,2023-01-04 09:14:00+05:30,2023-01-04 09:15:00+05:30
2023-01-04 15:15:00+05:30,18045.3,18047.15,18023.3,18036.85,,14,regular,False,False,2023-01-04 15:15:00+05:30,2023-01-04 15:29:00+05:30
2023-01-05 09:00:00+05:30,18101.95,18101.95,18045.0,18066.4,,1,outside,False,False,2023-01-05 09:14:00+05:30,2023-01-05 09:15:00+05:30
2023-01-05 15:15:00+05:30,18000.5,18007.9,17989.45,17999.8,,14,regular,False,False,2023-01-05 15:15:00+05:30,2023-01-05 15:29:00+05:30
2023-01-06 09:00:00+05:30,18008.05,18016.4,17986.6,18015.4,,1,outside,False,False,2023-01-06 09:14:00+05:30,2023-01-06 09:15:00+05:30
2023-01-06 15:15:00+05:30,17869.95,17870.35,17847.25,17865.85,,14,regular,False,False,2023-01-06 15:15:00+05:30,2023-01-06 15:29:00+05:30
2023-01-09 09:00:00+05:30,17952.55,17959.45,17936.7,17949.05,,1,outside,False,False,2023-01-09 09:14:00+05:30,2023-01-09 09:15:00+05:30
2023-01-09 15:15:00+05:30,18112.8,18115.7,18083.9,18088.75,,14,regular,False,False,2023-01-09 15:15:00+05:30,2023-01-09 15:29:00+05:30
2023-01-10 09:00:00+05:30,18121.3,18122.9,18063.8,18063.8,,1,outside,False,False,2023-01-10 09:14:00+05:30,2023-01-10 09:15:00+05:30
2023-01-10 15:15:00+05:30,17922.75,17927.15,17912.05,17925.35,,14,regular,False,False,2023-01-10 15:15:00+05:30,2023-01-10 15:29:00+05:30
2023-01-11 09:00:00+05:30,17924.25,17930.35,17880.15,17889.0,,1,outside,False,False,2023-01-11 09:14:00+05:30,2023-01-11 09:15:00+05:30
2023-01-11 15:15:00+05:30,17892.85,17895.9,17879.3,17888.4,,14,regular,False,False,2023-01-11 15:15:00+05:30,2023-01-11 15:29:00+05:30
2023-01-12 09:00:00+05:30,17920.85,17921.95,17895.95,17902.7,,1,outside,False,False,2023-01-12 09:14:00+05:30,2023-01-12 09:15:00+05:30
2023-01-12 15:15:00+05:30,17858.25,17869.25,17856.0,17866.0,,14,regular,False,False,2023-01-12 15:15:00+05:30,2023-01-12 15:29:00+05:30
2023-01-13 09:00:00+05:30,17867.5,17869.1,17835.35,17836.45,,1,outside,False,False,2023-01-13 09:14:00+05:30,2023-01-13 09:15:00+05:30
2023-01-13 15:15:00+05:30,17952.25,17965.7,17947.0,17950.5,,14,regular,False,False,2023-01-13 15:15:00+05:30,2023-01-13 15:29:00+05:30
2023-01-16 09:00:00+05:30,18033.15,18044.3,18016.95,18044.3,,1,outside,False,False,2023-01-16 09:14:00+05:30,2023-01-16 09:15:00+05:30
2023-01-16 15:15:00+05:30,17894.95,17904.45,17889.25,17891.7,,14,regular,False,False,2023-01-16 15:15:00+05:30,2023-01-16 15:29:00+05:30
2023-01-17 09:00:00+05:30,17922.8,17922.8,17891.15,17898.85,,1,outside,False,False,2023-01-17 09:14:00+05:30,2023-01-17 09:15:00+05:30
2023-01-17 15:15:00+05:30,18057.35,18070.5,18052.25,18056.8,,14,regular,False,False,2023-01-17 15:15:00+05:30,2023-01-17 15:29:00+05:30
2023-01-18 09:00:00+05:30,18074.3,18074.3,18047.5,18050.4,,1,outside,False,False,2023-01-18 09:14:00+05:30,2023-01-18 09:15:00+05:30
2023-01-18 15:15:00+05:30,18157.15,18169.65,18157.15,18163.8,,14,regular,False,False,2023-01-18 15:15:00+05:30,2023-01-18 15:29:00+05:30
2023-01-19 09:00:00+05:30,18119.8,18123.0,18099.7,18116.05,,1,outside,False,False,2023-01-19 09:14:00+05:30,2023-01-19 09:15:00+05:30
2023-01-19 15:15:00+05:30,18104.2,18108.35,18084.95,18089.05,,14,regular,False,False,2023-01-19 15:15:00+05:30,2023-01-19 15:29:00+05:30
2023-01-20 09:00:00+05:30,18115.6,18115.6,18082.2,18093.95,,1,outside,False,False,2023-01-20 09:14:00+05:30,2023-01-20 09:15:00+05:30
2023-01-20 15:15:00+05:30,18029.2,18032.75,18017.45,18027.3,,14,regular,False,False,2023-01-20 15:15:00+05:30,2023-01-20 15:29:00+05:30
2023-01-23 09:00:00+05:30,18118.45,18118.45,18069.1,18108.3,,1,outside,False,False,2023-01-23 09:14:00+05:30,2023-01-23 09:15:00+05:30
2023-01-23 15:15:00+05:30,18124.05,18124.1,18097.5,18104.95,,14,regular,False,False,2023-01-23 15:15:00+05:30,2023-01-23 15:29:00+05:30
2023-01-24 09:00:00+05:30,18183.95,18183.95,18157.1,18158.45,,1,outside,False,False,2023-01-24 09:14:00+05:30,2023-01-24 09:15:00+05:30
2023-01-24 15:15:00+05:30,18120.6,18120.6,18099.95,18101.15,,14,regular,False,False,2023-01-24 15:15:00+05:30,2023-01-24 15:29:00+05:30
2023-01-25 09:00:00+05:30,18093.35,18093.35,18071.75,18078.6,,1,outside,False,False,2023-01-25 09:14:00+05:30,2023-01-25 09:15:00+05:30
2023-01-25 15:15:00+05:30,17896.3,17912.8,17891.75,17910.05,,14,regular,False,False,2023-01-25 15:15:00+05:30,2023-01-25 15:29:00+05:30
2023-01-27 09:00:00+05:30,17877.2,17877.2,17819.0,17820.4,,1,outside,False,False,2023-01-27 09:14:00+05:30,2023-01-27 09:15:00+05:30
2023-01-27 15:15:00+05:30,17617.2,17633.8,17604.35,17607.9,,14,regular,False,False,2023-01-27 15:15:00+05:30,2023-01-27 15:29:00+05:30
2023-01-30 09:00:00+05:30,17541.95,17571.45,17457.75,17457.75,,1,outside,False,False,2023-01-30 09:14:00+05:30,2023-01-30 09:15:00+05:30
2023-01-30 15:15:00+05:30,17640.15,17672.65,17640.0,17667.25,,14,regular,False,False,2023-01-30 15:15:00+05:30,2023-01-30 15:29:00+05:30
2023-01-31 09:00:00+05:30,17731.45,17731.45,17675.6,17700.8,,1,outside,False,False,2023-01-31 09:14:00+05:30,2023-01-31 09:15:00+05:30
2023-01-31 15:15:00+05:30,17676.15,17698.3,17665.1,17682.55,,14,regular,False,False,2023-01-31 15:15:00+05:30,2023-01-31 15:29:00+05:30
2023-02-01 09:00:00+05:30,17811.6,17811.6,17756.55,17787.3,,1,outside,False,False,2023-02-01 09:14:00+05:30,2023-02-01 09:15:00+05:30
2023-02-01 15:15:00+05:30,17659.35,17660.5,17601.65,17605.4,,14,regular,False,False,2023-02-01 15:15:00+05:30,2023-02-01 15:29:00+05:30
2023-02-02 09:00:00+05:30,17517.1,17573.15,17517.1,17517.35,,1,outside,False,False,2023-02-02 09:14:00+05:30,2023-02-02 09:15:00+05:30
2023-02-02 15:15:00+05:30,17607.45,17630.05,17603.5,17611.75,,14,regular,False,False,2023-02-02 15:15:00+05:30,2023-02-02 15:29:00+05:30
2023-02-03 09:00:00+05:30,17721.75,17725.5,17700.45,17719.85,,1,outside,False,False,2023-02-03 09:14:00+05:30,2023-02-03 09:15:00+05:30
2023-02-03 15:15:00+05:30,17861.05,17861.35,17825.75,17830.8,,14,regular,False,False,2023-02-03 15:15:00+05:30,2023-02-03 15:29:00+05:30
2023-02-06 09:00:00+05:30,17818.55,17818.55,17773.55,17810.45,,1,outside,False,False,2023-02-06 09:14:00+05:30,2023-02-06 09:15:00+05:30
2023-02-06 15:15:00+05:30,17762.8,17767.3,17756.05,17761.2,,14,regular,False,False,2023-02-06 15:15:00+05:30,2023-02-06 15:29:00+05:30
2023-02-07 09:00:00+05:30,17790.1,17790.1,17758.35,17768.3,,1,outside,False,False,2023-02-07 09:14:00+05:30,2023-02-07 09:15:00+05:30
2023-02-07 15:15:00+05:30,17720.45,17722.25,17704.8,17720.4,,14,regular,False,False,2023-02-07 15:15:00+05:30,2023-02-07 15:29:00+05:30
2023-02-08 09:00:00+05:30,17750.3,17774.45,17750.3,17751.95,,1,outside,False,False,2023-02-08 09:14:00+05:30,2023-02-08 09:15:00+05:30
2023-02-08 15:15:00+05:30,17870.25,17877.85,17857.65,17862.5,,14,regular,False,False,2023-02-08 15:15:00+05:30,2023-02-08 15:29:00+05:30
2023-02-09 09:00:00+05:30,17885.5,17885.5,17824.25,17826.45,,1,outside,False,False,2023-02-09 09:14:00+05:30,2023-02-09 09:15:00+05:30
2023-02-09 15:15:00+05:30,17895.4,17904.8,17890.9,17897.1,,14,regular,False,False,2023-02-09 15:15:00+05:30,2023-02-09 15:29:00+05:30
2023-02-10 09:00:00+05:30,17847.55,17869.75,17833.25,17856.7,,1,outside,False,False,2023-02-10 09:14:00+05:30,2023-02-10 09:15:00+05:30
2023-02-10 15:15:00+05:30,17863.2,17864.4,17840.0,17843.35,,14,regular,False,False,2023-02-10 15:15:00+05:30,2023-02-10 15:29:00+05:30
2023-02-13 09:00:00+05:30,17859.1,17867.1,17842.45,17859.9,,1,outside,False,False,2023-02-13 09:14:00+05:30,2023-02-13 09:15:00+05:30
2023-02-13 15:15:00+05:30,17770.0,17770.85,17760.1,17764.55,,14,regular,False,False,2023-02-13 15:15:00+05:30,2023-02-13 15:29:00+05:30
2023-02-14 09:00:00+05:30,17840.35,17840.35,17818.3,17832.35,,1,outside,False,False,2023-02-14 09:14:00+05:30,2023-02-14 09:15:00+05:30
2023-02-14 15:15:00+05:30,17924.9,17930.55,17918.95,17921.85,,14,regular,False,False,2023-02-14 15:15:00+05:30,2023-02-14 15:29:00+05:30
2023-02-15 09:00:00+05:30,17896.6,17900.3,17878.0,17887.9,,1,outside,False,False,2023-02-15 09:14:00+05:30,2023-02-15 09:15:00+05:30
2023-02-15 15:15:00+05:30,18015.85,18033.8,18013.55,18023.2,,14,regular,False,False,2023-02-15 15:15:00+05:30,2023-02-15 15:29:00+05:30
2023-02-16 09:00:00+05:30,18094.75,18094.75,18063.4,18090.65,,1,outside,False,False,2023-02-16 09:14:00+05:30,2023-02-16 09:15:00+05:30
2023-02-16 15:15:00+05:30,18031.45,18035.5,18001.05,18015.25,,14,regular,False,False,2023-02-16 15:15:00+05:30,2023-02-16 15:29:00+05:30
2023-02-17 09:00:00+05:30,17974.85,17974.85,17928.95,17943.05,,1,outside,False,False,2023-02-17 09:14:00+05:30,2023-02-17 09:15:00+05:30
2023-02-17 15:15:00+05:30,17952.05,17952.4,17939.85,17942.6,,14,regular,False,False,2023-02-17 15:15:00+05:30,2023-02-17 15:29:00+05:30
2023-02-20 09:00:00+05:30,17965.55,17968.1,17952.7,17953.9,,1,outside,False,False,2023-02-20 09:14:00+05:30,2023-02-20 09:15:00+05:30
2023-02-20 15:15:00+05:30,17849.55,17856.65,17836.15,17847.7,,14,regular,False,False,2023-02-20 15:15:00+05:30,2023-02-20 15:29:00+05:30
2023-02-21 09:00:00+05:30,17905.8,17905.8,17880.3,17884.65,,1,outside,False,False,2023-02-21 09:14:00+05:30,2023-02-21 09:15:00+05:30
2023-02-21 15:15:00+05:30,17820.55,17845.1,17817.15,17842.1,,14,regular,False,False,2023-02-21 15:15:00+05:30,2023-02-21 15:29:00+05:30
2023-02-22 09:00:00+05:30,17755.35,17760.8,17746.95,17747.6,,1,outside,False,False,2023-02-22 09:14:00+05:30,2023-02-22 09:15:00+05:30
2023-02-22 15:15:00+05:30,17553.7,17559.3,17543.05,17552.5,,14,regular,False,False,2023-02-22 15:15:00+05:30,2023-02-22 15:29:00+05:30
2023-02-23 09:00:00+05:30,17574.65,17575.45,17559.05,17560.2,,1,outside,False,False,2023-02-23 09:14:00+05:30,2023-02-23 09:15:00+05:30
2023-02-23 15:15:00+05:30,17499.9,17524.15,17499.05,17523.8,,14,regular,False,False,2023-02-23 15:15:00+05:30,2023-02-23 15:29:00+05:30
2023-02-24 09:00:00+05:30,17591.35,17591.35,17566.7,17580.95,,1,outside,False,False,2023-02-24 09:14:00+05:30,2023-02-24 09:15:00+05:30
2023-02-24 15:15:00+05:30,17469.2,17472.75,17458.1,17465.45,,14,regular,False,False,2023-02-24 15:15:00+05:30,2023-02-24 15:29:00+05:30
2023-02-27 09:00:00+05:30,17428.6,17429.3,17396.65,17403.3,,1,outside,False,False,2023-02-27 09:14:00+05:30,2023-02-27 09:15:00+05:30
2023-02-27 15:15:00+05:30,17402.7,17411.05,17388.55,17406.35,,14,regular,False,False,2023-02-27 15:15:00+05:30,2023-02-27 15:29:00+05:30
2023-02-28 09:00:00+05:30,17383.25,17409.25,17378.75,17390.4,,1,outside,False,False,2023-02-28 09:14:00+05:30,2023-02-28 09:15:00+05:30
2023-02-28 15:15:00+05:30,17313.7,17322.8,17296.05,17317.2,,14,regular,False,False,2023-02-28 15:15:00+05:30,2023-02-28 15:29:00+05:30
2023-03-01 09:00:00+05:30,17360.1,17369.6,17353.45,17369.6,,1,outside,False,False,2023-03-01 09:14:00+05:30,2023-03-01 09:15:00+05:30
2023-03-01 15:15:00+05:30,17449.2,17459.4,17445.9,17457.85,,14,regular,False,False,2023-03-01 15:15:00+05:30,2023-03-01 15:29:00+05:30
2023-03-02 09:00:00+05:30,17421.5,17444.55,17421.5,17441.3,,1,outside,False,False,2023-03-02 09:14:00+05:30,2023-03-02 09:15:00+05:30
2023-03-02 15:15:00+05:30,17322.1,17324.25,17311.45,17318.65,,14,regular,False,False,2023-03-02 15:15:00+05:30,2023-03-02 15:29:00+05:30
2023-03-03 09:00:00+05:30,17451.25,17451.25,17430.5,17443.4,,1,outside,False,False,2023-03-03 09:14:00+05:30,2023-03-03 09:15:00+05:30
2023-03-03 15:15:00+05:30,17595.2,17598.35,17585.0,17592.3,,14,regular,False,False,2023-03-03 15:15:00+05:30,2023-03-03 15:29:00+05:30
2023-03-06 09:00:00+05:30,17680.35,17706.7,17680.35,17706.7,,1,outside,False,False,2023-03-06 09:14:00+05:30,2023-03-06 09:15:00+05:30
2023-03-06 15:15:00+05:30,17705.95,17727.25,17704.85,17719.85,,14,regular,False,False,2023-03-06 15:15:00+05:30,2023-03-06 15:29:00+05:30
2023-03-08 09:00:00+05:30,17665.75,17665.75,17622.75,17626.4,,1,outside,False,False,2023-03-08 09:14:00+05:30,2023-03-08 09:15:00+05:30
2023-03-08 15:15:00+05:30,17754.75,17766.4,17747.25,17751.5,,14,regular,False,False,2023-03-08 15:15:00+05:30,2023-03-08 15:29:00+05:30
2023-03-09 09:00:00+05:30,17772.05,17772.05,17753.15,17757.0,,1,outside,False,False,2023-03-09 09:14:00+05:30,2023-03-09 09:15:00+05:30
2023-03-09 15:15:00+05:30,17584.6,17587.8,17574.7,17582.8,,14,regular,False,False,2023-03-09 15:15:00+05:30,2023-03-09 15:29:00+05:30
2023-03-10 09:00:00+05:30,17443.8,17443.8,17400.85,17414.8,,1,outside,False,False,2023-03-10 09:14:00+05:30,2023-03-10 09:15:00+05:30
2023-03-10 15:15:00+05:30,17412.4,17425.95,17410.7,17418.6,,14,regular,False,False,2023-03-10 15:15:00+05:30,2023-03-10 15:29:00+05:30
2023-03-13 09:00:00+05:30,17421.9,17427.05,17388.5,17422.85,,1,outside,False,False,2023-03-13 09:14:00+05:30,2023-03-13 09:15:00+05:30
2023-03-13 15:15:00+05:30,17151.9,17198.05,17150.5,17184.6,,14,regular,False,False,2023-03-13 15:15:00+05:30,2023-03-13 15:29:00+05:30
2023-03-14 09:00:00+05:30,17160.55,17174.9,17149.1,17149.1,,1,outside,False,False,2023-03-14 09:14:00+05:30,2023-03-14 09:15:00+05:30
2023-03-14 15:15:00+05:30,17055.25,17068.65,17037.8,17068.65,,14,regular,False,False,2023-03-14 15:15:00+05:30,2023-03-14 15:29:00+05:30
2023-03-15 09:00:00+05:30,17166.45,17204.7,17166.45,17203.1,,1,outside,False,False,2023-03-15 09:14:00+05:30,2023-03-15 09:15:00+05:30
2023-03-15 15:15:00+05:30,16967.2,16975.55,16940.35,16973.85,,14,regular,False,False,2023-03-15 15:15:00+05:30,2023-03-15 15:29:00+05:30
2023-03-16 09:00:00+05:30,16994.65,16994.65,16932.75,16944.65,,1,outside,False,False,2023-03-16 09:14:00+05:30,2023-03-16 09:15:00+05:30
2023-03-16 15:15:00+05:30,16975.05,17014.65,16973.3,17010.15,,14,regular,False,False,2023-03-16 15:15:00+05:30,2023-03-16 15:29:00+05:30
2023-03-17 09:00:00+05:30,17111.8,17140.35,17105.65,17119.85,,1,outside,False,False,2023-03-17 09:14:00+05:30,2023-03-17 09:15:00+05:30
2023-03-17 15:15:00+05:30,17109.9,17125.9,17082.9,17123.7,,14,regular,False,False,2023-03-17 15:15:00+05:30,2023-03-17 15:29:00+05:30
2023-03-20 09:00:00+05:30,17066.6,17066.6,16980.3,16985.5,,1,outside,False,False,2023-03-20 09:14:00+05:30,2023-03-20 09:15:00+05:30
2023-03-20 15:15:00+05:30,16993.05,17008.45,16993.05,17003.45,,14,regular,False,False,2023-03-20 15:15:00+05:30,2023-03-20 15:29:00+05:30
2023-03-21 09:00:00+05:30,17060.4,17080.55,17047.55,17059.25,,1,outside,False,False,2023-03-21 09:14:00+05:30,2023-03-21 09:15:00+05:30
2023-03-21 15:15:00+05:30,17108.15,17112.45,17095.5,17106.95,,14,regular,False,False,2023-03-21 15:15:00+05:30,2023-03-21 15:29:00+05:30
2023-03-22 09:00:00+05:30,17177.45,17185.4,17170.55,17178.05,,1,outside,False,False,2023-03-22 09:14:00+05:30,2023-03-22 09:15:00+05:30
2023-03-22 15:15:00+05:30,17161.45,17161.45,17142.75,17142.75,,14,regular,False,False,2023-03-22 15:15:00+05:30,2023-03-22 15:29:00+05:30
2023-03-23 09:00:00+05:30,17097.4,17097.4,17071.9,17077.65,,1,outside,False,False,2023-03-23 09:14:00+05:30,2023-03-23 09:15:00+05:30
2023-03-23 15:15:00+05:30,17069.9,17078.3,17061.75,17068.45,,14,regular,False,False,2023-03-23 15:15:00+05:30,2023-03-23 15:29:00+05:30
2023-03-24 09:00:00+05:30,17076.2,17094.7,17069.4,17086.7,,1,outside,False,False,2023-03-24 09:14:00+05:30,2023-03-24 09:15:00+05:30
2023-03-24 15:15:00+05:30,16956.2,16956.65,16918.5,16932.6,,14,regular,False,False,2023-03-24 15:15:00+05:30,2023-03-24 15:29:00+05:30
2023-03-27 09:00:00+05:30,16984.3,16990.1,16960.0,16988.0,,1,outside,False,False,2023-03-27 09:14:00+05:30,2023-03-27 09:15:00+05:30
2023-03-27 15:15:00+05:30,16983.7,16984.7,16953.95,16963.45,,14,regular,False,False,2023-03-27 15:15:00+05:30,2023-03-27 15:29:00+05:30
2023-03-28 09:00:00+05:30,17031.75,17037.9,17021.3,17037.9,,1,outside,False,False,2023-03-28 09:14:00+05:30,2023-03-28 09:15:00+05:30
2023-03-28 15:15:00+05:30,16943.7,16966.0,16943.2,16956.85,,14,regular,False,False,2023-03-28 15:15:00+05:30,2023-03-28 15:29:00+05:30
2023-03-29 09:00:00+05:30,16977.3,17006.15,16977.3,17004.25,,1,outside,False,False,2023-03-29 09:14:00+05:30,2023-03-29 09:15:00+05:30
2023-03-29 15:15:00+05:30,17091.3,17125.9,17087.15,17116.35,,14,regular,False,False,2023-03-29 15:15:00+05:30,2023-03-29 15:29:00+05:30
2023-03-31 09:00:00+05:30,17210.35,17235.9,17209.45,17232.35,,1,outside,False,False,2023-03-31 09:14:00+05:30,2023-03-31 09:15:00+05:30
2023-03-31 15:15:00+05:30,17362.1,17367.5,17337.7,17358.3,,14,regular,False,False,2023-03-31 15:15:00+05:30,2023-03-31 15:29:00+05:30
2023-04-03 09:00:00+05:30,17427.95,17427.95,17388.75,17390.95,,1,outside,False,False,2023-04-03 09:14:00+05:30,2023-04-03 09:15:00+05:30
2023-04-03 15:15:00+05:30,17405.7,17410.25,17393.55,17399.7,,14,regular,False,False,2023-04-03 15:15:00+05:30,2023-04-03 15:29:00+05:30
2023-04-05 09:00:00+05:30,17422.3,17423.8,17412.15,17421.6,,1,outside,False,False,2023-04-05 09:14:00+05:30,2023-04-05 09:15:00+05:30
2023-04-05 15:15:00+05:30,17551.4,17570.0,17549.85,17561.0,,14,regular,False,False,2023-04-05 15:15:00+05:30,2023-04-05 15:29:00+05:30
2023-04-06 09:00:00+05:30,17533.85,17533.85,17513.7,17526.8,,1,outside,False,False,2023-04-06 09:14:00+05:30,2023-04-06 09:15:00+05:30
2023-04-06 15:15:00+05:30,17594.85,17608.35,17590.65,17602.0,,14,regular,False,False,2023-04-06 15:15:00+05:30,2023-04-06 15:29:00+05:30
2023-04-10 09:00:00+05:30,17634.9,17635.35,17623.15,17629.3,,1,outside,False,False,2023-04-10 09:14:00+05:30,2023-04-10 09:15:00+05:30
2023-04-10 15:15:00+05:30,17624.85,17627.85,17608.65,17613.05,,14,regular,False,False,2023-04-10 15:15:00+05:30,2023-04-10 15:29:00+05:30
2023-04-11 09:00:00+05:30,17704.8,17704.8,17669.0,17685.7,,1,outside,False,False,2023-04-11 09:14:00+05:30,2023-04-11 09:15:00+05:30
2023-04-11 15:15:00+05:30,17729.0,17733.95,17713.05,17722.25,,14,regular,False,False,2023-04-11 15:15:00+05:30,2023-04-11 15:29:00+05:30
2023-04-12 09:00:00+05:30,17759.55,17759.55,17730.25,17732.8,,1,outside,False,False,2023-04-12 09:14:00+05:30,2023-04-12 09:15:00+05:30
2023-04-12 15:15:00+05:30,17814.5,17824.3,17811.35,17817.9,,14,regular,False,False,2023-04-12 15:15:00+05:30,2023-04-12 15:29:00+05:30
2023-04-13 09:00:00+05:30,17807.3,17807.3,17771.4,17792.0,,1,outside,False,False,2023-04-13 09:14:00+05:30,2023-04-13 09:15:00+05:30
2023-04-13 15:15:00+05:30,17834.6,17841.5,17826.4,17828.15,,14,regular,False,False,2023-04-13 15:15:00+05:30,2023-04-13 15:29:00+05:30
2023-04-17 09:00:00+05:30,17863.0,17863.0,17689.3,17701.75,,1,outside,False,False,2023-04-17 09:14:00+05:30,2023-04-17 09:15:00+05:30
2023-04-17 15:15:00+05:30,17712.95,17715.2,17699.3,17704.1,,14,regular,False,False,2023-04-17 15:15:00+05:30,2023-04-17 15:29:00+05:30
2023-04-18 09:00:00+05:30,17766.6,17766.6,17719.5,17733.5,,1,outside,False,False,2023-04-18 09:14:00+05:30,2023-04-18 09:15:00+05:30
2023-04-18 15:15:00+05:30,17650.3,17663.3,17650.05,17661.55,,14,regular,False,False,2023-04-18 15:15:00+05:30,2023-04-18 15:29:00+05:30
2023-04-19 09:00:00+05:30,17653.35,17655.4,17634.0,17636.9,,1,outside,False,False,2023-04-19 09:14:00+05:30,2023-04-19 09:15:00+05:30
2023-04-19 15:15:00+05:30,17624.55,17624.55,17606.45,17610.2,,14,regular,False,False,2023-04-19 15:15:00+05:30,2023-04-19 15:29:00+05:30
2023-04-20 09:00:00+05:30,17638.6,17641.45,17616.35,17619.0,,1,outside,False,False,2023-04-20 09:14:00+05:30,2023-04-20 09:15:00+05:30
2023-04-20 15:15:00+05:30,17631.15,17634.05,17620.05,17623.9,,14,regular,False,False,2023-04-20 15:15:00+05:30,2023-04-20 15:29:00+05:30
2023-04-21 09:00:00+05:30,17639.75,17658.45,17639.75,17651.95,,1,outside,False,False,2023-04-21 09:14:00+05:30,2023-04-21 09:15:00+05:30
2023-04-21 15:15:00+05:30,17628.7,17628.8,17611.15,17618.9,,14,regular,False,False,2023-04-21 15:15:00+05:30,2023-04-21 15:29:00+05:30
2023-04-24 09:00:00+05:30,17707.55,17707.55,17660.1,17671.0,,1,outside,False,False,2023-04-24 09:14:00+05:30,2023-04-24 09:15:00+05:30
2023-04-24 15:15:00+05:30,17743.8,17754.25,17740.6,17748.0,,14,regular,False,False,2023-04-24 15:15:00+05:30,2023-04-24 15:29:00+05:30
2023-04-25 09:00:00+05:30,17761.55,17766.05,17728.15,17736.2,,1,outside,False,False,2023-04-25 09:14:00+05:30,2023-04-25 09:15:00+05:30
2023-04-25 15:15:00+05:30,17773.0,17774.25,17754.15,17761.95,,14,regular,False,False,2023-04-25 15:15:00+05:30,2023-04-25 15:29:00+05:30
2023-04-26 09:00:00+05:30,17767.3,17767.75,17753.0,17763.95,,1,outside,False,False,2023-04-26 09:14:00+05:30,2023-04-26 09:15:00+05:30
2023-04-26 15:15:00+05:30,17816.75,17826.8,17810.25,17817.95,,14,regular,False,False,2023-04-26 15:15:00+05:30,2023-04-26 15:29:00+05:30
2023-04-27 09:00:00+05:30,17813.1,17828.75,17802.85,17802.85,,1,outside,False,False,2023-04-27 09:14:00+05:30,2023-04-27 09:15:00+05:30
2023-04-27 15:15:00+05:30,17916.45,17931.25,17914.05,17923.2,,14,regular,False,False,2023-04-27 15:15:00+05:30,2023-04-27 15:29:00+05:30
2023-04-28 09:00:00+05:30,17950.4,17956.9,17935.25,17944.6,,1,outside,False,False,2023-04-28 09:14:00+05:30,2023-04-28 09:15:00+05:30
2023-04-28 15:15:00+05:30,18064.55,18088.8,18046.35,18048.9,,14,regular,False,False,2023-04-28 15:15:00+05:30,2023-04-28 15:29:00+05:30
2023-05-02 09:00:00+05:30,18124.8,18141.8,18106.2,18137.95,,1,outside,False,False,2023-05-02 09:14:00+05:30,2023-05-02 09:15:00+05:30
2023-05-02 15:15:00+05:30,18132.7,18147.55,18130.55,18136.05,,14,regular,False,False,2023-05-02 15:15:00+05:30,2023-05-02 15:29:00+05:30
2023-05-03 09:00:00+05:30,18113.8,18113.8,18076.1,18081.3,,1,outside,False,False,2023-05-03 09:14:00+05:30,2023-05-03 09:15:00+05:30
2023-05-03 15:15:00+05:30,18097.65,18102.6,18077.65,18082.7,,14,regular,False,False,2023-05-03 15:15:00+05:30,2023-05-03 15:29:00+05:30
2023-05-04 09:00:00+05:30,18081.0,18095.3,18071.25,18085.25,,1,outside,False,False,2023-05-04 09:14:00+05:30,2023-05-04 09:15:00+05:30
2023-05-04 15:15:00+05:30,18261.2,18264.05,18236.85,18238.6,,14,regular,False,False,2023-05-04 15:15:00+05:30,2023-05-04 15:29:00+05:30
2023-05-05 09:00:00+05:30,18117.3,18177.4,18117.3,18154.05,,1,outside,False,False,2023-05-05 09:14:00+05:30,2023-05-05 09:15:00+05:30
2023-05-05 15:15:00+05:30,18072.85,18075.75,18055.7,18069.95,,14,regular,False,False,2023-05-05 15:15:00+05:30,2023-05-05 15:29:00+05:30
2023-05-08 09:00:00+05:30,18120.6,18137.65,18102.4,18137.65,,1,outside,False,False,2023-05-08 09:14:00+05:30,2023-05-08 09:15:00+05:30
2023-05-08 15:15:00+05:30,18258.25,18283.7,18257.3,18269.75,,14,regular,False,False,2023-05-08 15:15:00+05:30,2023-05-08 15:29:00+05:30
2023-05-09 09:00:00+05:30,18303.4,18310.0,18293.2,18307.85,,1,outside,False,False,2023-05-09 09:14:00+05:30,2023-05-09 09:15:00+05:30
2023-05-09 15:15:00+05:30,18268.4,18268.4,18253.95,18258.3,,14,regular,False,False,2023-05-09 15:15:00+05:30,2023-05-09 15:29:00+05:30
2023-05-10 09:00:00+05:30,18313.6,18313.6,18292.7,18295.25,,1,outside,False,False,2023-05-10 09:14:00+05:30,2023-05-10 09:15:00+05:30
2023-05-10 15:15:00+05:30,18321.05,18326.3,18307.75,18311.1,,14,regular,False,False,2023-05-10 15:15:00+05:30,2023-05-10 15:29:00+05:30
2023-05-11 09:00:00+05:30,18357.8,18357.8,18337.75,18343.1,,1,outside,False,False,2023-05-11 09:14:00+05:30,2023-05-11 09:15:00+05:30
2023-05-11 15:15:00+05:30,18295.9,18312.7,18289.9,18304.5,,14,regular,False,False,2023-05-11 15:15:00+05:30,2023-05-11 15:29:00+05:30
2023-05-12 09:00:00+05:30,18273.75,18273.75,18241.25,18241.65,,1,outside,False,False,2023-05-12 09:14:00+05:30,2023-05-12 09:15:00+05:30
2023-05-12 15:15:00+05:30,18317.2,18320.05,18308.7,18312.2,,14,regular,False,False,2023-05-12 15:15:00+05:30,2023-05-12 15:29:00+05:30
2023-05-15 09:00:00+05:30,18339.3,18339.3,18291.5,18325.65,,1,outside,False,False,2023-05-15 09:14:00+05:30,2023-05-15 09:15:00+05:30
2023-05-15 15:15:00+05:30,18388.35,18397.7,18384.6,18384.6,,14,regular,False,False,2023-05-15 15:15:00+05:30,2023-05-15 15:29:00+05:30
2023-05-16 09:00:00+05:30,18432.35,18432.35,18394.85,18395.3,,1,outside,False,False,2023-05-16 09:14:00+05:30,2023-05-16 09:15:00+05:30
2023-05-16 15:15:00+05:30,18290.35,18290.4,18265.05,18276.75,,14,regular,False,False,2023-05-16 15:15:00+05:30,2023-05-16 15:29:00+05:30
2023-05-17 09:00:00+05:30,18300.45,18307.4,18266.0,18267.2,,1,outside,False,False,2023-05-17 09:14:00+05:30,2023-05-17 09:15:00+05:30
2023-05-17 15:15:00+05:30,18185.6,18197.95,18183.65,18197.95,,14,regular,False,False,2023-05-17 15:15:00+05:30,2023-05-17 15:29:00+05:30
2023-05-18 09:00:00+05:30,18287.5,18287.5,18260.95,18277.6,,1,outside,False,False,2023-05-18 09:14:00+05:30,2023-05-18 09:15:00+05:30
2023-05-18 15:15:00+05:30,18132.5,18142.0,18123.35,18134.65,,14,regular,False,False,2023-05-18 15:15:00+05:30,2023-05-18 15:29:00+05:30
2023-05-19 09:00:00+05:30,18186.15,18186.15,18158.65,18168.35,,1,outside,False,False,2023-05-19 09:14:00+05:30,2023-05-19 09:15:00+05:30
2023-05-19 15:15:00+05:30,18217.2,18217.2,18201.45,18205.45,,14,regular,False,False,2023-05-19 15:15:00+05:30,2023-05-19 15:29:00+05:30
2023-05-22 09:00:00+05:30,18201.1,18204.2,18182.05,18184.05,,1,outside,False,False,2023-05-22 09:14:00+05:30,2023-05-22 09:15:00+05:30
2023-05-22 15:15:00+05:30,18311.65,18318.1,18297.8,18303.3,,14,regular,False,False,2023-05-22 15:15:00+05:30,2023-05-22 15:29:00+05:30
2023-05-23 09:00:00+05:30,18362.9,18379.25,18353.25,18379.25,,1,outside,False,False,2023-05-23 09:14:00+05:30,2023-05-23 09:15:00+05:30
2023-05-23 15:15:00+05:30,18339.45,18346.85,18324.45,18333.75,,14,regular,False,False,2023-05-23 15:15:00+05:30,2023-05-23 15:29:00+05:30
2023-05-24 09:00:00+05:30,18294.8,18304.3,18285.05,18285.35,,1,outside,False,False,2023-05-24 09:14:00+05:30,2023-05-24 09:15:00+05:30
2023-05-24 15:15:00+05:30,18287.45,18295.25,18285.2,18287.0,,14,regular,False,False,2023-05-24 15:15:00+05:30,2023-05-24 15:29:00+05:30
2023-05-25 09:00:00+05:30,18268.9,18275.35,18261.7,18267.55,,1,outside,False,False,2023-05-25 09:14:00+05:30,2023-05-25 09:15:00+05:30
2023-05-25 15:15:00+05:30,18331.35,18336.1,18324.6,18335.9,,14,regular,False,False,2023-05-25 15:15:00+05:30,2023-05-25 15:29:00+05:30
2023-05-26 09:00:00+05:30,18368.35,18372.0,18349.95,18349.95,,1,outside,False,False,2023-05-26 09:14:00+05:30,2023-05-26 09:15:00+05:30
2023-05-26 15:15:00+05:30,18500.55,18505.3,18491.85,18491.9,,14,regular,False,False,2023-05-26 15:15:00+05:30,2023-05-26 15:29:00+05:30
2023-05-29 09:00:00+05:30,18619.15,18627.3,18596.75,18627.3,,1,outside,False,False,2023-05-29 09:14:00+05:30,2023-05-29 09:15:00+05:30
2023-05-29 15:15:00+05:30,18597.95,18601.1,18583.2,18601.1,,14,regular,False,False,2023-05-29 15:15:00+05:30,2023-05-29 15:29:00+05:30
2023-05-30 09:00:00+05:30,18606.65,18607.45,18577.55,18582.95,,1,outside,False,False,2023-05-30 09:14:00+05:30,2023-05-30 09:15:00+05:30
2023-05-30 15:15:00+05:30,18636.05,18647.35,18630.75,18639.95,,14,regular,False,False,2023-05-30 15:15:00+05:30,2023-05-30 15:29:00+05:30
2023-05-31 09:00:00+05:30,18594.2,18602.4,18588.35,18598.1,,1,outside,False,False,2023-05-31 09:14:00+05:30,2023-05-31 09:15:00+05:30
2023-05-31 15:15:00+05:30,18537.15,18566.7,18509.55,18521.3,,14,regular,False,False,2023-05-31 15:15:00+05:30,2023-05-31 15:29:00+05:30
2023-06-01 09:00:00+05:30,18579.4,18579.4,18529.75,18530.8,,1,outside,False,False,2023-06-01 09:14:00+05:30,2023-06-01 09:15:00+05:30
2023-06-01 15:15:00+05:30,18483.0,18489.2,18465.35,18486.1,,14,regular,False,False,2023-06-01 15:15:00+05:30,2023-06-01 15:29:00+05:30
2023-06-02 09:00:00+05:30,18550.85,18557.05,18541.45,18548.8,,1,outside,False,False,2023-06-02 09:14:00+05:30,2023-06-02 09:15:00+05:30
2023-06-02 15:15:00+05:30,18531.55,18533.1,18511.95,18525.85,,14,regular,False,False,2023-06-02 15:15:00+05:30,2023-06-02 15:29:00+05:30
2023-06-05 09:00:00+05:30,18612.0,18628.05,18612.0,18626.65,,1,outside,False,False,2023-06-05 09:14:00+05:30,2023-06-05 09:15:00+05:30
2023-06-05 13:30:00+05:30,18612.1,18616.3,18606.75,18609.55,,14,regular,False,False,2023-06-05 13:30:00+05:30,2023-06-05 13:45:00+05:30
2023-06-05 15:15:00+05:30,18596.75,18600.45,18585.45,18599.9,,14,regular,False,False,2023-06-05 15:15:00+05:30,2023-06-05 15:29:00+05:30
2023-06-06 09:00:00+05:30,18600.8,18604.0,18583.85,18587.75,,1,outside,False,False,2023-06-06 09:14:00+05:30,2023-06-06 09:15:00+05:30
2023-06-06 15:15:00+05:30,18611.25,18622.05,18604.25,18617.1,,14,regular,False,False,2023-06-06 15:15:00+05:30,2023-06-06 15:29:00+05:30
2023-06-07 09:00:00+05:30,18665.6,18671.4,18656.15,18671.4,,1,outside,False,False,2023-06-07 09:14:00+05:30,2023-06-07 09:15:00+05:30
2023-06-07 15:15:00+05:30,18723.05,18738.75,18718.55,18730.35,,14,regular,False,False,2023-06-07 15:15:00+05:30,2023-06-07 15:29:00+05:30
2023-06-08 09:00:00+05:30,18725.35,18747.4,18724.6,18746.55,,1,outside,False,False,2023-06-08 09:14:00+05:30,2023-06-08 09:15:00+05:30
2023-06-08 15:15:00+05:30,18622.5,18651.6,18615.95,18646.9,,14,regular,False,False,2023-06-08 15:15:00+05:30,2023-06-08 15:29:00+05:30
2023-06-09 09:00:00+05:30,18655.9,18669.7,18644.9,18668.6,,1,outside,False,False,2023-06-09 09:14:00+05:30,2023-06-09 09:15:00+05:30
2023-06-09 15:15:00+05:30,18569.7,18571.35,18557.25,18567.3,,14,regular,False,False,2023-06-09 15:15:00+05:30,2023-06-09 15:29:00+05:30
2023-06-12 09:00:00+05:30,18595.05,18622.95,18594.0,18605.6,,1,outside,False,False,2023-06-12 09:14:00+05:30,2023-06-12 09:15:00+05:30
2023-06-12 15:15:00+05:30,18597.7,18615.55,18593.8,18614.9,,14,regular,False,False,2023-06-12 15:15:00+05:30,2023-06-12 15:29:00+05:30
2023-06-13 09:00:00+05:30,18631.8,18668.1,18631.8,18667.2,,1,outside,False,False,2023-06-13 09:14:00+05:30,2023-06-13 09:15:00+05:30
2023-06-13 15:15:00+05:30,18718.55,18727.75,18714.0,18718.65,,14,regular,False,False,2023-06-13 15:15:00+05:30,2023-06-13 15:29:00+05:30
2023-06-14 09:00:00+05:30,18744.6,18745.7,18731.6,18736.55,,1,outside,False,False,2023-06-14 09:14:00+05:30,2023-06-14 09:15:00+05:30
2023-06-14 12:30:00+05:30,18741.25,18747.3,18737.45,18745.3,,10,regular,False,False,2023-06-14 12:30:00+05:30,2023-06-14 12:40:00+05:30
2023-06-14 12:45:00+05:30,18745.0,18748.3,18740.65,18742.45,,13,regular,False,False,2023-06-14 12:47:00+05:30,2023-06-14 13:00:00+05:30
2023-06-14 15:15:00+05:30,18760.0,18760.7,18745.1,18749.65,,14,regular,False,False,2023-06-14 15:15:00+05:30,2023-06-14 15:29:00+05:30
2023-06-15 09:00:00+05:30,18774.45,18774.45,18732.75,18736.35,,1,outside,False,False,2023-06-15 09:14:00+05:30,2023-06-15 09:15:00+05:30
2023-06-15 15:15:00+05:30,18685.5,18690.25,18678.85,18682.15,,14,regular,False,False,2023-06-15 15:15:00+05:30,2023-06-15 15:29:00+05:30
2023-06-16 09:00:00+05:30,18723.3,18737.7,18712.7,18734.05,,1,outside,False,False,2023-06-16 09:14:00+05:30,2023-06-16 09:15:00+05:30
2023-06-16 15:15:00+05:30,18822.95,18827.5,18807.4,18823.6,,14,regular,False,False,2023-06-16 15:15:00+05:30,2023-06-16 15:29:00+05:30
2023-06-19 09:00:00+05:30,18873.3,18875.95,18847.7,18865.95,,1,outside,False,False,2023-06-19 09:14:00+05:30,2023-06-19 09:15:00+05:30
2023-06-19 15:15:00+05:30,18760.4,18761.5,18746.85,18754.2,,14,regular,False,False,2023-06-19 15:15:00+05:30,2023-06-19 15:29:00+05:30
2023-06-20 09:00:00+05:30,18752.35,18758.65,18733.9,18747.75,,1,outside,False,False,2023-06-20 09:14:00+05:30,2023-06-20 09:15:00+05:30
2023-06-20 15:15:00+05:30,18821.8,18838.35,18820.55,18833.7,,14,regular,False,False,2023-06-20 15:15:00+05:30,2023-06-20 15:29:00+05:30
2023-06-21 09:00:00+05:30,18849.4,18849.4,18830.2,18833.65,,1,outside,False,False,2023-06-21 09:14:00+05:30,2023-06-21 09:15:00+05:30
2023-06-21 15:15:00+05:30,18861.5,18865.9,18849.7,18862.1,,14,regular,False,False,2023-06-21 15:15:00+05:30,2023-06-21 15:29:00+05:30
2023-06-22 09:00:00+05:30,18853.6,18853.6,18833.35,18844.5,,1,outside,False,False,2023-06-22 09:14:00+05:30,2023-06-22 09:15:00+05:30
2023-06-22 15:15:00+05:30,18769.9,18779.65,18760.6,18779.35,,14,regular,False,False,2023-06-22 15:15:00+05:30,2023-06-22 15:29:00+05:30
2023-06-23 09:00:00+05:30,18741.85,18751.2,18712.85,18722.35,,1,outside,False,False,2023-06-23 09:14:00+05:30,2023-06-23 09:15:00+05:30
2023-06-23 15:15:00+05:30,18667.65,18671.1,18652.35,18668.55,,14,regular,False,False,2023-06-23 15:15:00+05:30,2023-06-23 15:29:00+05:30
2023-06-26 09:00:00+05:30,18682.35,18689.45,18659.05,18672.45,,1,outside,False,False,2023-06-26 09:14:00+05:30,2023-06-26 09:15:00+05:30
2023-06-26 15:15:00+05:30,18694.95,18702.35,18675.25,18694.7,,14,regular,False,False,2023-06-26 15:15:00+05:30,2023-06-26 15:29:00+05:30
2023-06-27 09:00:00+05:30,18748.55,18751.5,18740.45,18749.55,,1,outside,False,False,2023-06-27 09:14:00+05:30,2023-06-27 09:15:00+05:30
2023-06-27 15:15:00+05:30,18818.35,18825.45,18811.1,18818.6,,14,regular,False,False,2023-06-27 15:15:00+05:30,2023-06-27 15:29:00+05:30
2023-06-28 09:00:00+05:30,18908.15,18908.15,18864.25,18869.85,,1,outside,False,False,2023-06-28 09:14:00+05:30,2023-06-28 09:15:00+05:30
2023-06-28 15:15:00+05:30,18967.0,18995.75,18966.75,18991.9,,14,regular,False,False,2023-06-28 15:15:00+05:30,2023-06-28 15:29:00+05:30
2023-06-30 09:00:00+05:30,19076.85,19076.85,19024.6,19054.3,,1,outside,False,False,2023-06-30 09:14:00+05:30,2023-06-30 09:15:00+05:30
2023-06-30 15:15:00+05:30,19194.75,19201.7,19181.2,19183.2,,14,regular,False,False,2023-06-30 15:15:00+05:30,2023-06-30 15:29:00+05:30
2023-07-03 09:00:00+05:30,19246.5,19262.95,19234.4,19260.6,,1,outside,False,False,2023-07-03 09:14:00+05:30,2023-07-03 09:15:00+05:30
2023-07-03 15:15:00+05:30,19320.55,19345.1,19317.6,19330.65,,14,regular,False,False,2023-07-03 15:15:00+05:30,2023-07-03 15:29:00+05:30
2023-07-04 09:00:00+05:30,19406.6,19408.05,19369.15,19396.05,,1,outside,False,False,2023-07-04 09:14:00+05:30,2023-07-04 09:15:00+05:30
2023-07-04 15:15:00+05:30,19393.95,19395.9,19378.85,19385.55,,14,regular,False,False,2023-07-04 15:15:00+05:30,2023-07-04 15:29:00+05:30
2023-07-05 09:00:00+05:30,19405.95,19405.95,19344.7,19362.65,,1,outside,False,False,2023-07-05 09:14:00+05:30,2023-07-05 09:15:00+05:30
2023-07-05 15:15:00+05:30,19415.45,19420.05,19404.4,19415.3,,14,regular,False,False,2023-07-05 15:15:00+05:30,2023-07-05 15:29:00+05:30
2023-07-06 09:00:00+05:30,19385.7,19391.5,19373.0,19387.05,,1,outside,False,False,2023-07-06 09:14:00+05:30,2023-07-06 09:15:00+05:30
2023-07-06 15:15:00+05:30,19502.2,19506.15,19483.25,19486.25,,14,regular,False,False,2023-07-06 15:15:00+05:30,2023-07-06 15:29:00+05:30
2023-07-07 09:00:00+05:30,19422.8,19450.05,19421.6,19445.65,,1,outside,False,False,2023-07-07 09:14:00+05:30,2023-07-07 09:15:00+05:30
2023-07-07 15:15:00+05:30,19327.25,19327.5,19303.6,19324.65,,14,regular,False,False,2023-07-07 15:15:00+05:30,2023-07-07 15:29:00+05:30
2023-07-10 09:00:00+05:30,19400.35,19405.35,19358.85,19391.4,,1,outside,False,False,2023-07-10 09:14:00+05:30,2023-07-10 09:15:00+05:30
2023-07-10 15:15:00+05:30,19359.3,19372.15,19353.75,19367.85,,14,regular,False,False,2023-07-10 15:15:00+05:30,2023-07-10 15:29:00+05:30
2023-07-11 09:00:00+05:30,19427.1,19432.65,19406.45,19420.6,,1,outside,False,False,2023-07-11 09:14:00+05:30,2023-07-11 09:15:00+05:30
2023-07-11 15:15:00+05:30,19429.4,19453.05,19428.3,19448.15,,14,regular,False,False,2023-07-11 15:15:00+05:30,2023-07-11 15:29:00+05:30
2023-07-12 09:00:00+05:30,19497.45,19507.7,19478.6,19489.6,,1,outside,False,False,2023-07-12 09:14:00+05:30,2023-07-12 09:15:00+05:30
2023-07-12 14:45:00+05:30,19445.4,19457.05,19426.3,19426.3,,14,regular,False,False,2023-07-12 14:45:00+05:30,2023-07-12 15:00:00+05:30
2023-07-12 15:15:00+05:30,19376.2,19386.5,19361.75,19384.75,,14,regular,False,False,2023-07-12 15:15:00+05:30,2023-07-12 15:29:00+05:30
2023-07-13 09:00:00+05:30,19495.2,19495.2,19449.35,19471.25,,1,outside,False,False,2023-07-13 09:14:00+05:30,2023-07-13 09:15:00+05:30
2023-07-13 15:15:00+05:30,19420.7,19445.3,19415.4,19443.2,,14,regular,False,False,2023-07-13 15:15:00+05:30,2023-07-13 15:29:00+05:30
2023-07-14 09:00:00+05:30,19493.45,19508.3,19488.45,19505.7,,1,outside,False,False,2023-07-14 09:14:00+05:30,2023-07-14 09:15:00+05:30
2023-07-14 15:15:00+05:30,19567.35,19595.35,19567.35,19587.35,,14,regular,False,False,2023-07-14 15:15:00+05:30,2023-07-14 15:29:00+05:30
2023-07-17 09:00:00+05:30,19612.15,19612.15,19586.0,19591.9,,1,outside,False,False,2023-07-17 09:14:00+05:30,2023-07-17 09:15:00+05:30
2023-07-17 15:15:00+05:30,19722.6,19729.05,19712.9,19719.1,,14,regular,False,False,2023-07-17 15:15:00+05:30,2023-07-17 15:29:00+05:30
2023-07-18 09:00:00+05:30,19787.5,19798.65,19768.9,19788.95,,1,outside,False,False,2023-07-18 09:14:00+05:30,2023-07-18 09:15:00+05:30
2023-07-18 15:15:00+05:30,19750.75,19759.95,19741.6,19751.55,,14,regular,False,False,2023-07-18 15:15:00+05:30,2023-07-18 15:29:00+05:30
2023-07-19 09:00:00+05:30,19802.95,19811.8,19792.95,19811.8,,1,outside,False,False,2023-07-19 09:14:00+05:30,2023-07-19 09:15:00+05:30
2023-07-19 15:15:00+05:30,19837.4,19851.7,19832.2,19847.15,,14,regular,False,False,2023-07-19 15:15:00+05:30,2023-07-19 15:29:00+05:30
2023-07-20 09:00:00+05:30,19831.7,19844.0,19825.7,19834.45,,1,outside,False,False,2023-07-20 09:14:00+05:30,2023-07-20 09:15:00+05:30
2023-07-20 15:15:00+05:30,19983.25,19987.25,19965.4,19969.95,,14,regular,False,False,2023-07-20 15:15:00+05:30,2023-07-20 15:29:00+05:30
2023-07-21 09:00:00+05:30,19800.45,19821.85,19776.0,19820.95,,1,outside,False,False,2023-07-21 09:14:00+05:30,2023-07-21 09:15:00+05:30
2023-07-21 15:15:00+05:30,19748.1,19780.9,19748.1,19780.9,,14,regular,False,False,2023-07-21 15:15:00+05:30,2023-07-21 15:29:00+05:30
2023-07-24 09:00:00+05:30,19748.45,19762.9,19719.65,19729.75,,1,outside,False,False,2023-07-24 09:14:00+05:30,2023-07-24 09:15:00+05:30
2023-07-24 12:45:00+05:30,19735.6,19761.5,19732.85,19756.3,,12,regular,False,False,2023-07-24 12:45:00+05:30,2023-07-24 13:00:00+05:30
2023-07-24 15:15:00+05:30,19674.05,19677.05,19658.3,19665.4,,14,regular,False,False,2023-07-24 15:15:00+05:30,2023-07-24 15:29:00+05:30
2023-07-25 09:00:00+05:30,19729.35,19729.35,19687.95,19703.15,,1,outside,False,False,2023-07-25 09:14:00+05:30,2023-07-25 09:15:00+05:30
2023-07-25 15:15:00+05:30,19675.05,19683.05,19669.0,19678.85,,14,regular,False,False,2023-07-25 15:15:00+05:30,2023-07-25 15:29:00+05:30
2023-07-26 09:00:00+05:30,19733.35,19745.7,19722.25,19730.7,,1,outside,False,False,2023-07-26 09:14:00+05:30,2023-07-26 09:15:00+05:30
2023-07-26 15:15:00+05:30,19782.35,19784.45,19769.7,19773.1,,14,regular,False,False,2023-07-26 15:15:00+05:30,2023-07-26 15:29:00+05:30
2023-07-27 09:00:00+05:30,19850.9,19851.65,19821.65,19835.2,,1,outside,False,False,2023-07-27 09:14:00+05:30,2023-07-27 09:15:00+05:30
2023-07-27 15:15:00+05:30,19664.05,19708.65,19657.2,19700.2,,14,regular,False,False,2023-07-27 15:15:00+05:30,2023-07-27 15:29:00+05:30
2023-07-28 09:00:00+05:30,19659.75,19695.9,19632.6,19635.2,,1,outside,False,False,2023-07-28 09:14:00+05:30,2023-07-28 09:15:00+05:30
2023-07-28 15:15:00+05:30,19652.4,19656.25,19634.0,19638.0,,14,regular,False,False,2023-07-28 15:15:00+05:30,2023-07-28 15:29:00+05:30
2023-07-31 09:00:00+05:30,19666.35,19680.75,19619.95,19621.0,,1,outside,False,False,2023-07-31 09:14:00+05:30,2023-07-31 09:15:00+05:30
2023-07-31 15:15:00+05:30,19752.2,19772.75,19737.5,19742.5,,14,regular,False,False,2023-07-31 15:15:00+05:30,2023-07-31 15:29:00+05:30
2023-08-01 09:00:00+05:30,19784.0,19795.6,19756.35,19763.85,,1,outside,False,False,2023-08-01 09:14:00+05:30,2023-08-01 09:15:00+05:30
2023-08-01 15:15:00+05:30,19730.8,19742.7,19727.65,19736.1,,14,regular,False,False,2023-08-01 15:15:00+05:30,2023-08-01 15:29:00+05:30
2023-08-02 09:00:00+05:30,19655.4,19678.25,19640.85,19646.3,,1,outside,False,False,2023-08-02 09:14:00+05:30,2023-08-02 09:15:00+05:30
2023-08-02 15:15:00+05:30,19532.1,19545.65,19514.45,19514.8,,14,regular,False,False,2023-08-02 15:15:00+05:30,2023-08-02 15:29:00+05:30
2023-08-03 09:00:00+05:30,19463.75,19475.2,19449.5,19449.5,,1,outside,False,False,2023-08-03 09:14:00+05:30,2023-08-03 09:15:00+05:30
2023-08-03 15:15:00+05:30,19396.95,19406.5,19386.45,19394.45,,14,regular,False,False,2023-08-03 15:15:00+05:30,2023-08-03 15:29:00+05:30
2023-08-04 09:00:00+05:30,19462.8,19473.35,19450.9,19473.35,,1,outside,False,False,2023-08-04 09:14:00+05:30,2023-08-04 09:15:00+05:30
2023-08-04 15:15:00+05:30,19534.9,19534.9,19507.15,19510.05,,14,regular,False,False,2023-08-04 15:15:00+05:30,2023-08-04 15:29:00+05:30
2023-08-07 09:00:00+05:30,19576.85,19576.85,19541.05,19560.8,,1,outside,False,False,2023-08-07 09:14:00+05:30,2023-08-07 09:15:00+05:30
2023-08-07 15:15:00+05:30,19595.15,19605.0,19592.95,19597.95,,13,regular,False,False,2023-08-07 15:15:00+05:30,2023-08-07 15:29:00+05:30
2023-08-08 09:00:00+05:30,19627.2,19634.4,19615.55,19618.45,,1,outside,False,False,2023-08-08 09:14:00+05:30,2023-08-08 09:15:00+05:30
2023-08-08 15:15:00+05:30,19568.1,19576.7,19564.85,19570.8,,14,regular,False,False,2023-08-08 15:15:00+05:30,2023-08-08 15:29:00+05:30
2023-08-09 09:00:00+05:30,19578.8,19581.8,19545.7,19546.15,,1,outside,False,False,2023-08-09 09:14:00+05:30,2023-08-09 09:15:00+05:30
2023-08-09 15:15:00+05:30,19642.65,19645.5,19623.55,19630.95,,14,regular,False,False,2023-08-09 15:15:00+05:30,2023-08-09 15:29:00+05:30
2023-08-10 09:00:00+05:30,19605.55,19610.05,19592.45,19606.05,,1,outside,False,False,2023-08-10 09:14:00+05:30,2023-08-10 09:15:00+05:30
2023-08-10 15:15:00+05:30,19549.35,19554.75,19535.3,19549.2,,14,regular,False,False,2023-08-10 15:15:00+05:30,2023-08-10 15:29:00+05:30
2023-08-11 09:00:00+05:30,19554.25,19555.15,19515.25,19515.25,,1,outside,False,False,2023-08-11 09:14:00+05:30,2023-08-11 09:15:00+05:30
2023-08-11 15:15:00+05:30,19423.35,19439.1,19413.8,19424.25,,14,regular,False,False,2023-08-11 15:15:00+05:30,2023-08-11 15:29:00+05:30
2023-08-14 09:00:00+05:30,19383.95,19389.8,19328.1,19328.1,,1,outside,False,False,2023-08-14 09:14:00+05:30,2023-08-14 09:15:00+05:30
2023-08-14 15:15:00+05:30,19429.3,19437.1,19408.4,19413.65,,14,regular,False,False,2023-08-14 15:15:00+05:30,2023-08-14 15:29:00+05:30
2023-08-16 09:00:00+05:30,19369.0,19389.6,19319.25,19323.7,,1,outside,False,False,2023-08-16 09:14:00+05:30,2023-08-16 09:15:00+05:30
2023-08-16 15:15:00+05:30,19464.1,19473.35,19442.35,19447.0,,14,regular,False,False,2023-08-16 15:15:00+05:30,2023-08-16 15:29:00+05:30
2023-08-17 09:00:00+05:30,19450.55,19461.55,19425.2,19441.0,,1,outside,False,False,2023-08-17 09:14:00+05:30,2023-08-17 09:15:00+05:30
2023-08-17 15:15:00+05:30,19360.2,19366.05,19342.6,19346.2,,14,regular,False,False,2023-08-17 15:15:00+05:30,2023-08-17 15:29:00+05:30
2023-08-18 09:00:00+05:30,19301.75,19311.15,19281.5,19297.2,,1,outside,False,False,2023-08-18 09:14:00+05:30,2023-08-18 09:15:00+05:30
2023-08-18 15:15:00+05:30,19315.1,19315.4,19277.0,19281.5,,14,regular,False,False,2023-08-18 15:15:00+05:30,2023-08-18 15:29:00+05:30
2023-08-21 09:00:00+05:30,19320.65,19327.15,19305.75,19327.15,,1,outside,False,False,2023-08-21 09:14:00+05:30,2023-08-21 09:15:00+05:30
2023-08-21 15:15:00+05:30,19397.0,19397.55,19376.45,19380.6,,14,regular,False,False,2023-08-21 15:15:00+05:30,2023-08-21 15:29:00+05:30
2023-08-22 09:00:00+05:30,19417.1,19429.1,19404.9,19404.9,,1,outside,False,False,2023-08-22 09:14:00+05:30,2023-08-22 09:15:00+05:30
2023-08-22 15:15:00+05:30,19394.4,19406.4,19384.95,19390.05,,14,regular,False,False,2023-08-22 15:15:00+05:30,2023-08-22 15:29:00+05:30
2023-08-23 09:00:00+05:30,19439.2,19450.2,19407.85,19407.85,,1,outside,False,False,2023-08-23 09:14:00+05:30,2023-08-23 09:15:00+05:30
2023-08-23 15:15:00+05:30,19440.85,19448.9,19436.25,19441.55,,14,regular,False,False,2023-08-23 15:15:00+05:30,2023-08-23 15:29:00+05:30
2023-08-24 09:00:00+05:30,19535.15,19537.6,19510.15,19517.05,,1,outside,False,False,2023-08-24 09:14:00+05:30,2023-08-24 09:15:00+05:30
2023-08-24 15:15:00+05:30,19391.3,19391.3,19369.35,19380.4,,14,regular,False,False,2023-08-24 15:15:00+05:30,2023-08-24 15:29:00+05:30
2023-08-25 09:00:00+05:30,19297.4,19311.8,19263.4,19269.25,,1,outside,False,False,2023-08-25 09:14:00+05:30,2023-08-25 09:15:00+05:30
2023-08-25 15:15:00+05:30,19265.6,19266.0,19235.0,19244.3,,14,regular,False,False,2023-08-25 15:15:00+05:30,2023-08-25 15:29:00+05:30
2023-08-28 09:00:00+05:30,19298.35,19326.1,19298.35,19321.2,,1,outside,False,False,2023-08-28 09:14:00+05:30,2023-08-28 09:15:00+05:30
2023-08-28 15:15:00+05:30,19303.15,19309.5,19291.5,19302.65,,14,regular,False,False,2023-08-28 15:15:00+05:30,2023-08-28 15:29:00+05:30
2023-08-29 09:00:00+05:30,19374.85,19377.9,19353.15,19357.95,,1,outside,False,False,2023-08-29 09:14:00+05:30,2023-08-29 09:15:00+05:30
2023-08-29 15:15:00+05:30,19340.1,19357.3,19336.65,19352.95,,14,regular,False,False,2023-08-29 15:15:00+05:30,2023-08-29 15:29:00+05:30
2023-08-30 09:00:00+05:30,19433.45,19436.05,19412.65,19423.2,,1,outside,False,False,2023-08-30 09:14:00+05:30,2023-08-30 09:15:00+05:30
2023-08-30 15:15:00+05:30,19340.35,19352.5,19335.3,19340.05,,14,regular,False,False,2023-08-30 15:15:00+05:30,2023-08-30 15:29:00+05:30
2023-08-31 09:00:00+05:30,19375.55,19382.65,19346.95,19362.8,,1,outside,False,False,2023-08-31 09:14:00+05:30,2023-08-31 09:15:00+05:30
2023-08-31 15:15:00+05:30,19280.8,19288.6,19224.6,19279.55,,14,regular,False,False,2023-08-31 15:15:00+05:30,2023-08-31 15:29:00+05:30
2023-09-01 09:00:00+05:30,19258.15,19278.05,19258.15,19269.35,,1,outside,False,False,2023-09-01 09:14:00+05:30,2023-09-01 09:15:00+05:30
2023-09-01 15:15:00+05:30,19435.05,19441.35,19421.9,19423.35,,14,regular,False,False,2023-09-01 15:15:00+05:30,2023-09-01 15:29:00+05:30
2023-09-04 09:00:00+05:30,19525.05,19526.8,19500.0,19504.9,,1,outside,False,False,2023-09-04 09:14:00+05:30,2023-09-04 09:15:00+05:30
2023-09-04 15:15:00+05:30,19529.85,19545.15,19521.55,19535.4,,14,regular,False,False,2023-09-04 15:15:00+05:30,2023-09-04 15:29:00+05:30
2023-09-05 09:00:00+05:30,19564.65,19567.95,19542.75,19545.05,,1,outside,False,False,2023-09-05 09:14:00+05:30,2023-09-05 09:15:00+05:30
2023-09-05 15:15:00+05:30,19580.25,19584.1,19569.95,19577.65,,14,regular,False,False,2023-09-05 15:15:00+05:30,2023-09-05 15:29:00+05:30
2023-09-06 09:00:00+05:30,19581.2,19594.4,19563.35,19580.0,,1,outside,False,False,2023-09-06 09:14:00+05:30,2023-09-06 09:15:00+05:30
2023-09-06 15:15:00+05:30,19622.7,19636.45,19605.55,19618.9,,14,regular,False,False,2023-09-06 15:15:00+05:30,2023-09-06 15:29:00+05:30
2023-09-07 09:00:00+05:30,19598.65,19621.1,19576.45,19584.45,,1,outside,False,False,2023-09-07 09:14:00+05:30,2023-09-07 09:15:00+05:30
2023-09-07 15:15:00+05:30,19721.8,19730.95,19716.4,19723.25,,14,regular,False,False,2023-09-07 15:15:00+05:30,2023-09-07 15:29:00+05:30
2023-09-08 09:00:00+05:30,19774.8,19776.0,19741.5,19743.8,,1,outside,False,False,2023-09-08 09:14:00+05:30,2023-09-08 09:15:00+05:30
2023-09-08 15:15:00+05:30,19823.85,19832.45,19816.05,19820.5,,14,regular,False,False,2023-09-08 15:15:00+05:30,2023-09-08 15:29:00+05:30
2023-09-11 09:00:00+05:30,19890.0,19896.4,19873.7,19890.8,,1,outside,False,False,2023-09-11 09:14:00+05:30,2023-09-11 09:15:00+05:30
2023-09-11 15:15:00+05:30,20000.85,20008.15,19996.85,20000.0,,14,regular,False,False,2023-09-11 15:15:00+05:30,2023-09-11 15:29:00+05:30
2023-09-12 09:00:00+05:30,20110.15,20110.35,20069.6,20078.35,,1,outside,False,False,2023-09-12 09:14:00+05:30,2023-09-12 09:15:00+05:30
2023-09-12 15:15:00+05:30,19989.4,19998.55,19980.5,19985.65,,14,regular,False,False,2023-09-12 15:15:00+05:30,2023-09-12 15:29:00+05:30
2023-09-13 09:00:00+05:30,19989.5,19998.45,19961.9,19964.45,,1,outside,False,False,2023-09-13 09:14:00+05:30,2023-09-13 09:15:00+05:30
2023-09-13 15:15:00+05:30,20068.35,20069.45,20053.4,20063.35,,14,regular,False,False,2023-09-13 15:15:00+05:30,2023-09-13 15:29:00+05:30
2023-09-14 09:00:00+05:30,20127.95,20133.2,20110.2,20124.55,,1,outside,False,False,2023-09-14 09:14:00+05:30,2023-09-14 09:15:00+05:30
2023-09-14 15:15:00+05:30,20109.3,20113.2,20099.75,20101.85,,14,regular,False,False,2023-09-14 15:15:00+05:30,2023-09-14 15:29:00+05:30
2023-09-15 09:00:00+05:30,20156.45,20173.15,20156.45,20161.4,,1,outside,False,False,2023-09-15 09:14:00+05:30,2023-09-15 09:15:00+05:30
2023-09-15 15:15:00+05:30,20183.5,20186.95,20165.4,20169.0,,14,regular,False,False,2023-09-15 15:15:00+05:30,2023-09-15 15:29:00+05:30
2023-09-18 09:00:00+05:30,20155.95,20161.3,20123.35,20128.85,,1,outside,False,False,2023-09-18 09:14:00+05:30,2023-09-18 09:15:00+05:30
2023-09-18 15:15:00+05:30,20124.7,20134.2,20118.65,20123.65,,14,regular,False,False,2023-09-18 15:15:00+05:30,2023-09-18 15:29:00+05:30
2023-09-20 09:00:00+05:30,19980.75,20016.75,19980.75,19989.85,,1,outside,False,False,2023-09-20 09:14:00+05:30,2023-09-20 09:15:00+05:30
2023-09-20 15:15:00+05:30,19901.2,19913.35,19898.75,19909.55,,14,regular,False,False,2023-09-20 15:15:00+05:30,2023-09-20 15:29:00+05:30
2023-09-21 09:00:00+05:30,19840.55,19848.75,19821.9,19839.95,,1,outside,False,False,2023-09-21 09:14:00+05:30,2023-09-21 09:15:00+05:30
2023-09-21 15:15:00+05:30,19746.6,19754.75,19744.7,19748.85,,14,regular,False,False,2023-09-21 15:15:00+05:30,2023-09-21 15:29:00+05:30
2023-09-22 09:00:00+05:30,19744.85,19769.25,19729.55,19736.3,,1,outside,False,False,2023-09-22 09:14:00+05:30,2023-09-22 09:15:00+05:30
2023-09-22 15:15:00+05:30,19669.3,19690.95,19659.25,19684.6,,14,regular,False,False,2023-09-22 15:15:00+05:30,2023-09-22 15:29:00+05:30
2023-09-25 09:00:00+05:30,19678.2,19713.65,19656.25,19656.3,,1,outside,False,False,2023-09-25 09:14:00+05:30,2023-09-25 09:15:00+05:30
2023-09-25 15:15:00+05:30,19678.5,19679.3,19666.45,19674.85,,14,regular,False,False,2023-09-25 15:15:00+05:30,2023-09-25 15:29:00+05:30
2023-09-26 09:00:00+05:30,19682.8,19695.2,19665.25,19681.9,,1,outside,False,False,2023-09-26 09:14:00+05:30,2023-09-26 09:15:00+05:30
2023-09-26 15:15:00+05:30,19666.3,19673.6,19661.85,19673.6,,14,regular,False,False,2023-09-26 15:15:00+05:30,2023-09-26 15:29:00+05:30
2023-09-27 09:00:00+05:30,19637.05,19649.55,19616.65,19621.75,,1,outside,False,False,2023-09-27 09:14:00+05:30,2023-09-27 09:15:00+05:30
2023-09-27 15:15:00+05:30,19712.25,19730.05,19709.2,19728.2,,14,regular,False,False,2023-09-27 15:15:00+05:30,2023-09-27 15:29:00+05:30
2023-09-28 09:00:00+05:30,19761.8,19766.65,19741.0,19744.3,,1,outside,False,False,2023-09-28 09:14:00+05:30,2023-09-28 09:15:00+05:30
2023-09-28 15:15:00+05:30,19517.65,19557.5,19516.1,19553.3,,14,regular,False,False,2023-09-28 15:15:00+05:30,2023-09-28 15:29:00+05:30
2023-09-29 09:00:00+05:30,19581.2,19596.85,19576.75,19589.75,,1,outside,False,False,2023-09-29 09:14:00+05:30,2023-09-29 09:15:00+05:30
2023-09-29 15:15:00+05:30,19623.45,19641.55,19618.55,19638.2,,14,regular,False,False,2023-09-29 15:15:00+05:30,2023-09-29 15:29:00+05:30
2023-10-03 09:00:00+05:30,19622.4,19623.2,19536.25,19543.6,,1,outside,False,False,2023-10-03 09:14:00+05:30,2023-10-03 09:15:00+05:30
2023-10-03 15:15:00+05:30,19530.85,19532.2,19514.9,19522.95,,14,regular,False,False,2023-10-03 15:15:00+05:30,2023-10-03 15:29:00+05:30
2023-10-04 09:00:00+05:30,19446.3,19457.8,19400.8,19405.25,,1,outside,False,False,2023-10-04 09:14:00+05:30,2023-10-04 09:15:00+05:30
2023-10-04 15:15:00+05:30,19439.6,19452.15,19435.0,19446.15,,14,regular,False,False,2023-10-04 15:15:00+05:30,2023-10-04 15:29:00+05:30
2023-10-05 09:00:00+05:30,19521.85,19543.15,19508.65,19522.6,,1,outside,False,False,2023-10-05 09:14:00+05:30,2023-10-05 09:15:00+05:30
2023-10-05 15:15:00+05:30,19544.75,19553.9,19540.5,19546.6,,14,regular,False,False,2023-10-05 15:15:00+05:30,2023-10-05 15:29:00+05:30
2023-10-06 09:00:00+05:30,19621.2,19624.0,19598.4,19603.9,,1,outside,False,False,2023-10-06 09:14:00+05:30,2023-10-06 09:15:00+05:30
2023-10-06 15:15:00+05:30,19654.15,19659.2,19640.5,19649.9,,14,regular,False,False,2023-10-06 15:15:00+05:30,2023-10-06 15:29:00+05:30
2023-10-09 09:00:00+05:30,19539.45,19551.4,19503.2,19507.6,,1,outside,False,False,2023-10-09 09:14:00+05:30,2023-10-09 09:15:00+05:30
2023-10-09 15:15:00+05:30,19511.0,19513.1,19495.65,19497.5,,14,regular,False,False,2023-10-09 15:15:00+05:30,2023-10-09 15:29:00+05:30
2023-10-10 09:00:00+05:30,19565.6,19596.55,19565.45,19594.4,,1,outside,False,False,2023-10-10 09:14:00+05:30,2023-10-10 09:15:00+05:30
2023-10-10 15:15:00+05:30,19688.0,19695.75,19682.9,19691.5,,14,regular,False,False,2023-10-10 15:15:00+05:30,2023-10-10 15:29:00+05:30
2023-10-11 09:00:00+05:30,19767.0,19787.2,19756.95,19785.55,,1,outside,False,False,2023-10-11 09:14:00+05:30,2023-10-11 09:15:00+05:30
2023-10-11 15:15:00+05:30,19809.75,19812.15,19803.1,19808.5,,14,regular,False,False,2023-10-11 15:15:00+05:30,2023-10-11 15:29:00+05:30
2023-10-12 09:00:00+05:30,19822.7,19843.3,19809.85,19832.95,,1,outside,False,False,2023-10-12 09:14:00+05:30,2023-10-12 09:15:00+05:30
2023-10-12 15:15:00+05:30,19801.4,19801.4,19779.75,19782.9,,14,regular,False,False,2023-10-12 15:15:00+05:30,2023-10-12 15:29:00+05:30
2023-10-13 09:00:00+05:30,19654.55,19681.6,19635.3,19676.7,,1,outside,False,False,2023-10-13 09:14:00+05:30,2023-10-13 09:15:00+05:30
2023-10-13 15:15:00+05:30,19753.45,19755.75,19729.35,19730.95,,14,regular,False,False,2023-10-13 15:15:00+05:30,2023-10-13 15:29:00+05:30
2023-10-16 09:00:00+05:30,19737.25,19743.4,19709.8,19720.95,,1,outside,False,False,2023-10-16 09:14:00+05:30,2023-10-16 09:15:00+05:30
2023-10-16 15:15:00+05:30,19728.4,19731.8,19718.8,19730.95,,14,regular,False,False,2023-10-16 15:15:00+05:30,2023-10-16 15:29:00+05:30
2023-10-17 09:00:00+05:30,19843.2,19849.75,19817.15,19823.05,,1,outside,False,False,2023-10-17 09:14:00+05:30,2023-10-17 09:15:00+05:30
2023-10-17 15:15:00+05:30,19810.25,19823.35,19804.8,19818.35,,14,regular,False,False,2023-10-17 15:15:00+05:30,2023-10-17 15:29:00+05:30
2023-10-18 09:00:00+05:30,19820.45,19824.45,19792.95,19798.3,,1,outside,False,False,2023-10-18 09:14:00+05:30,2023-10-18 09:15:00+05:30
2023-10-18 15:15:00+05:30,19669.75,19670.2,19661.6,19668.25,,14,regular,False,False,2023-10-18 15:15:00+05:30,2023-10-18 15:29:00+05:30
2023-10-19 09:00:00+05:30,19545.2,19573.05,19544.9,19558.65,,1,outside,False,False,2023-10-19 09:14:00+05:30,2023-10-19 09:15:00+05:30
2023-10-19 15:15:00+05:30,19627.05,19627.35,19601.6,19611.9,,14,regular,False,False,2023-10-19 15:15:00+05:30,2023-10-19 15:29:00+05:30
2023-10-20 09:00:00+05:30,19542.15,19561.05,19518.7,19537.35,,1,outside,False,False,2023-10-20 09:14:00+05:30,2023-10-20 09:15:00+05:30
2023-10-20 15:15:00+05:30,19542.8,19546.5,19526.5,19541.75,,14,regular,False,False,2023-10-20 15:15:00+05:30,2023-10-20 15:29:00+05:30
2023-10-23 09:00:00+05:30,19521.6,19536.9,19514.6,19535.25,,1,outside,False,False,2023-10-23 09:14:00+05:30,2023-10-23 09:15:00+05:30
2023-10-23 15:15:00+05:30,19279.75,19283.15,19257.85,19278.45,,14,regular,False,False,2023-10-23 15:15:00+05:30,2023-10-23 15:29:00+05:30
2023-10-25 09:00:00+05:30,19286.45,19332.65,19286.45,19330.85,,1,outside,False,False,2023-10-25 09:14:00+05:30,2023-10-25 09:15:00+05:30
2023-10-25 15:15:00+05:30,19133.35,19133.45,19102.3,19125.65,,14,regular,False,False,2023-10-25 15:15:00+05:30,2023-10-25 15:29:00+05:30
2023-10-26 09:00:00+05:30,19027.25,19041.7,19018.3,19024.15,,1,outside,False,False,2023-10-26 09:14:00+05:30,2023-10-26 09:15:00+05:30
2023-10-26 15:15:00+05:30,18859.55,18865.25,18837.85,18848.5,,14,regular,False,False,2023-10-26 15:15:00+05:30,2023-10-26 15:29:00+05:30
2023-10-27 09:00:00+05:30,18928.75,18959.2,18926.65,18950.2,,1,outside,False,False,2023-10-27 09:14:00+05:30,2023-10-27 09:15:00+05:30
2023-10-27 15:15:00+05:30,19042.35,19060.5,19033.7,19060.5,,14,regular,False,False,2023-10-27 15:15:00+05:30,2023-10-27 15:29:00+05:30
2023-10-30 09:00:00+05:30,19053.4,19083.7,19016.85,19019.45,,1,outside,False,False,2023-10-30 09:14:00+05:30,2023-10-30 09:15:00+05:30
2023-10-30 15:15:00+05:30,19136.4,19158.5,19134.65,19148.85,,14,regular,False,False,2023-10-30 15:15:00+05:30,2023-10-30 15:29:00+05:30
2023-10-31 09:00:00+05:30,19232.95,19233.7,19184.6,19200.85,,1,outside,False,False,2023-10-31 09:14:00+05:30,2023-10-31 09:15:00+05:30
2023-10-31 15:15:00+05:30,19083.9,19091.65,19075.25,19086.55,,14,regular,False,False,2023-10-31 15:15:00+05:30,2023-10-31 15:29:00+05:30
2023-11-01 09:00:00+05:30,19064.05,19086.55,19037.3,19037.3,,1,outside,False,False,2023-11-01 09:14:00+05:30,2023-11-01 09:15:00+05:30
2023-11-01 15:15:00+05:30,18983.2,18994.7,18973.7,18990.4,,14,regular,False,False,2023-11-01 15:15:00+05:30,2023-11-01 15:29:00+05:30
2023-11-02 09:00:00+05:30,19120.0,19139.2,19106.65,19137.1,,1,outside,False,False,2023-11-02 09:14:00+05:30,2023-11-02 09:15:00+05:30
2023-11-02 15:15:00+05:30,19126.05,19147.75,19124.9,19144.85,,14,regular,False,False,2023-11-02 15:15:00+05:30,2023-11-02 15:29:00+05:30
2023-11-03 09:00:00+05:30,19241.0,19250.6,19233.9,19242.25,,1,outside,False,False,2023-11-03 09:14:00+05:30,2023-11-03 09:15:00+05:30
2023-11-03 15:15:00+05:30,19226.1,19231.05,19220.2,19226.05,,14,regular,False,False,2023-11-03 15:15:00+05:30,2023-11-03 15:29:00+05:30
2023-11-06 09:00:00+05:30,19345.85,19349.2,19309.7,19318.05,,1,outside,False,False,2023-11-06 09:14:00+05:30,2023-11-06 09:15:00+05:30
2023-11-06 15:15:00+05:30,19414.9,19423.0,19406.75,19411.85,,14,regular,False,False,2023-11-06 15:15:00+05:30,2023-11-06 15:29:00+05:30
2023-11-07 09:00:00+05:30,19404.05,19410.0,19367.6,19367.6,,1,outside,False,False,2023-11-07 09:14:00+05:30,2023-11-07 09:15:00+05:30
2023-11-07 15:15:00+05:30,19400.45,19423.5,19400.35,19417.2,,14,regular,False,False,2023-11-07 15:15:00+05:30,2023-11-07 15:29:00+05:30
2023-11-08 09:00:00+05:30,19449.6,19455.7,19417.15,19425.75,,1,outside,False,False,2023-11-08 09:14:00+05:30,2023-11-08 09:15:00+05:30
2023-11-08 15:15:00+05:30,19446.75,19449.5,19430.25,19436.45,,14,regular,False,False,2023-11-08 15:15:00+05:30,2023-11-08 15:29:00+05:30
2023-11-09 09:00:00+05:30,19457.4,19463.9,19421.45,19427.45,,1,outside,False,False,2023-11-09 09:14:00+05:30,2023-11-09 09:15:00+05:30
2023-11-09 15:15:00+05:30,19394.35,19406.5,19391.05,19404.0,,14,regular,False,False,2023-11-09 15:15:00+05:30,2023-11-09 15:29:00+05:30
2023-11-10 09:00:00+05:30,19351.85,19366.0,19339.0,19341.1,,1,outside,False,False,2023-11-10 09:14:00+05:30,2023-11-10 09:15:00+05:30
2023-11-10 15:15:00+05:30,19425.95,19451.3,19423.75,19443.45,,14,regular,False,False,2023-11-10 15:15:00+05:30,2023-11-10 15:29:00+05:30
2023-11-12 18:00:00+05:30,19547.25,19547.25,19510.25,19519.4,,1,evening,False,False,2023-11-12 18:14:00+05:30,2023-11-12 18:15:00+05:30
2023-11-12 19:00:00+05:30,19528.95,19530.2,19510.95,19522.3,,14,evening,False,False,2023-11-12 19:00:00+05:30,2023-11-12 19:14:00+05:30
2023-11-13 09:00:00+05:30,19486.75,19494.4,19450.1,19454.9,,1,outside,False,False,2023-11-13 09:14:00+05:30,2023-11-13 09:15:00+05:30
2023-11-13 15:15:00+05:30,19444.1,19446.5,19436.5,19440.15,,14,regular,False,False,2023-11-13 15:15:00+05:30,2023-11-13 15:29:00+05:30
2023-11-15 09:00:00+05:30,19651.4,19653.35,19579.65,19591.6,,1,outside,False,False,2023-11-15 09:14:00+05:30,2023-11-15 09:15:00+05:30
2023-11-15 15:15:00+05:30,19676.05,19693.2,19671.6,19676.8,,14,regular,False,False,2023-11-15 15:15:00+05:30,2023-11-15 15:29:00+05:30
2023-11-16 09:00:00+05:30,19674.7,19678.75,19643.55,19647.0,,1,outside,False,False,2023-11-16 09:14:00+05:30,2023-11-16 09:15:00+05:30
2023-11-16 15:15:00+05:30,19733.6,19767.9,19725.25,19761.15,,14,regular,False,False,2023-11-16 15:15:00+05:30,2023-11-16 15:29:00+05:30
2023-11-17 09:00:00+05:30,19674.75,19726.2,19667.45,19726.2,,1,outside,False,False,2023-11-17 09:14:00+05:30,2023-11-17 09:15:00+05:30
2023-11-17 15:15:00+05:30,19744.8,19744.8,19715.35,19719.7,,14,regular,False,False,2023-11-17 15:15:00+05:30,2023-11-17 15:29:00+05:30
2023-11-20 09:00:00+05:30,19731.15,19744.75,19725.7,19740.6,,1,outside,False,False,2023-11-20 09:14:00+05:30,2023-11-20 09:15:00+05:30
2023-11-20 15:15:00+05:30,19692.25,19703.1,19688.4,19693.65,,14,regular,False,False,2023-11-20 15:15:00+05:30,2023-11-20 15:29:00+05:30
2023-11-21 09:00:00+05:30,19770.9,19777.9,19756.05,19760.35,,1,outside,False,False,2023-11-21 09:14:00+05:30,2023-11-21 09:15:00+05:30
2023-11-21 15:15:00+05:30,19783.2,19786.95,19775.1,19780.8,,14,regular,False,False,2023-11-21 15:15:00+05:30,2023-11-21 15:29:00+05:30
2023-11-22 09:00:00+05:30,19784.0,19793.0,19767.15,19782.8,,1,outside,False,False,2023-11-22 09:14:00+05:30,2023-11-22 09:15:00+05:30
2023-11-22 15:15:00+05:30,19812.35,19818.2,19803.2,19810.6,,14,regular,False,False,2023-11-22 15:15:00+05:30,2023-11-22 15:29:00+05:30
2023-11-23 09:00:00+05:30,19828.45,19850.45,19827.9,19847.65,,1,outside,False,False,2023-11-23 09:14:00+05:30,2023-11-23 09:15:00+05:30
2023-11-23 15:15:00+05:30,19801.45,19819.25,19798.85,19811.0,,14,regular,False,False,2023-11-23 15:15:00+05:30,2023-11-23 15:29:00+05:30
2023-11-24 09:00:00+05:30,19809.6,19830.9,19809.1,19824.85,,1,outside,False,False,2023-11-24 09:14:00+05:30,2023-11-24 09:15:00+05:30
2023-11-24 15:15:00+05:30,19795.55,19803.65,19786.25,19788.7,,14,regular,False,False,2023-11-24 15:15:00+05:30,2023-11-24 15:29:00+05:30
2023-11-28 09:00:00+05:30,19844.65,19848.05,19806.3,19820.1,,1,outside,False,False,2023-11-28 09:14:00+05:30,2023-11-28 09:15:00+05:30
2023-11-28 15:15:00+05:30,19894.6,19916.85,19889.1,19908.45,,14,regular,False,False,2023-11-28 15:15:00+05:30,2023-11-28 15:29:00+05:30
2023-11-29 09:00:00+05:30,19976.55,19977.75,19956.3,19966.75,,1,outside,False,False,2023-11-29 09:14:00+05:30,2023-11-29 09:15:00+05:30
2023-11-29 15:15:00+05:30,20103.3,20103.65,20092.95,20096.2,,14,regular,False,False,2023-11-29 15:15:00+05:30,2023-11-29 15:29:00+05:30
2023-11-30 09:00:00+05:30,20108.5,20136.15,20108.5,20130.85,,1,outside,False,False,2023-11-30 09:14:00+05:30,2023-11-30 09:15:00+05:30
2023-11-30 15:15:00+05:30,20131.1,20158.7,20126.15,20127.2,,14,regular,False,False,2023-11-30 15:15:00+05:30,2023-11-30 15:29:00+05:30
2023-12-01 09:00:00+05:30,20194.1,20218.8,20183.7,20212.45,,1,outside,False,False,2023-12-01 09:14:00+05:30,2023-12-01 09:15:00+05:30
2023-12-01 15:15:00+05:30,20268.6,20272.3,20249.0,20255.75,,14,regular,False,False,2023-12-01 15:15:00+05:30,2023-12-01 15:29:00+05:30
2023-12-04 09:00:00+05:30,20601.95,20602.5,20537.2,20543.0,,1,outside,False,False,2023-12-04 09:14:00+05:30,2023-12-04 09:15:00+05:30
2023-12-04 15:15:00+05:30,20688.25,20694.35,20680.9,20686.8,,14,regular,False,False,2023-12-04 15:15:00+05:30,2023-12-04 15:29:00+05:30
2023-12-05 09:00:00+05:30,20808.9,20813.1,20720.05,20740.4,,1,outside,False,False,2023-12-05 09:14:00+05:30,2023-12-05 09:15:00+05:30
2023-12-05 15:15:00+05:30,20861.95,20864.05,20851.5,20856.7,,14,regular,False,False,2023-12-05 15:15:00+05:30,2023-12-05 15:29:00+05:30
2023-12-06 09:00:00+05:30,20950.75,20950.75,20915.2,20944.75,,1,outside,False,False,2023-12-06 09:14:00+05:30,2023-12-06 09:15:00+05:30
2023-12-06 15:15:00+05:30,20934.1,20946.5,20923.6,20935.9,,14,regular,False,False,2023-12-06 15:15:00+05:30,2023-12-06 15:29:00+05:30
2023-12-07 09:00:00+05:30,20932.4,20941.25,20865.8,20873.8,,1,outside,False,False,2023-12-07 09:14:00+05:30,2023-12-07 09:15:00+05:30
2023-12-07 15:15:00+05:30,20900.2,20919.6,20899.95,20916.1,,14,regular,False,False,2023-12-07 15:15:00+05:30,2023-12-07 15:29:00+05:30
2023-12-08 09:00:00+05:30,20934.1,20953.05,20932.55,20947.9,,1,outside,False,False,2023-12-08 09:14:00+05:30,2023-12-08 09:15:00+05:30
2023-12-08 15:15:00+05:30,20972.3,20983.0,20966.8,20972.1,,14,regular,False,False,2023-12-08 15:15:00+05:30,2023-12-08 15:29:00+05:30
2023-12-11 09:00:00+05:30,20965.3,20988.15,20923.7,20977.6,,1,outside,False,False,2023-12-11 09:14:00+05:30,2023-12-11 09:15:00+05:30
2023-12-11 15:15:00+05:30,20992.7,20998.7,20981.85,20992.8,,14,regular,False,False,2023-12-11 15:15:00+05:30,2023-12-11 15:29:00+05:30
2023-12-12 09:00:00+05:30,21018.55,21029.7,21001.85,21024.45,,1,outside,False,False,2023-12-12 09:14:00+05:30,2023-12-12 09:15:00+05:30
2023-12-12 15:15:00+05:30,20902.9,20913.35,20896.9,20900.4,,14,regular,False,False,2023-12-12 15:15:00+05:30,2023-12-12 15:29:00+05:30
2023-12-13 09:00:00+05:30,20929.75,20936.0,20891.25,20896.25,,1,outside,False,False,2023-12-13 09:14:00+05:30,2023-12-13 09:15:00+05:30
2023-12-13 15:15:00+05:30,20927.8,20950.0,20923.8,20937.45,,14,regular,False,False,2023-12-13 15:15:00+05:30,2023-12-13 15:29:00+05:30
2023-12-14 09:00:00+05:30,21110.4,21119.05,21074.45,21094.05,,1,outside,False,False,2023-12-14 09:14:00+05:30,2023-12-14 09:15:00+05:30
2023-12-14 15:15:00+05:30,21176.3,21209.45,21174.6,21195.25,,14,regular,False,False,2023-12-14 15:15:00+05:30,2023-12-14 15:29:00+05:30
2023-12-15 09:00:00+05:30,21287.45,21298.15,21257.35,21267.8,,1,outside,False,False,2023-12-15 09:14:00+05:30,2023-12-15 09:15:00+05:30
2023-12-15 15:15:00+05:30,21469.55,21492.3,21448.7,21448.7,,14,regular,False,False,2023-12-15 15:15:00+05:30,2023-12-15 15:29:00+05:30
2023-12-18 09:00:00+05:30,21434.8,21434.95,21365.35,21372.2,,1,outside,False,False,2023-12-18 09:14:00+05:30,2023-12-18 09:15:00+05:30
2023-12-18 15:15:00+05:30,21413.15,21420.15,21403.05,21410.8,,14,regular,False,False,2023-12-18 15:15:00+05:30,2023-12-18 15:29:00+05:30
2023-12-19 09:00:00+05:30,21477.65,21480.0,21426.75,21437.65,,1,outside,False,False,2023-12-19 09:14:00+05:30,2023-12-19 09:15:00+05:30
2023-12-19 15:15:00+05:30,21458.2,21460.25,21440.7,21446.0,,14,regular,False,False,2023-12-19 15:15:00+05:30,2023-12-19 15:29:00+05:30
2023-12-20 09:00:00+05:30,21543.5,21552.65,21525.15,21550.85,,1,outside,False,False,2023-12-20 09:14:00+05:30,2023-12-20 09:15:00+05:30
2023-12-20 15:15:00+05:30,21141.15,21143.1,21087.35,21101.5,,14,regular,False,False,2023-12-20 15:15:00+05:30,2023-12-20 15:29:00+05:30
2023-12-21 09:00:00+05:30,21033.95,21045.9,20976.8,21021.15,,1,outside,False,False,2023-12-21 09:14:00+05:30,2023-12-21 09:15:00+05:30
2023-12-21 15:15:00+05:30,21265.2,21288.35,21249.85,21283.0,,14,regular,False,False,2023-12-21 15:15:00+05:30,2023-12-21 15:29:00+05:30
2023-12-22 09:00:00+05:30,21295.85,21313.05,21265.85,21271.7,,1,outside,False,False,2023-12-22 09:14:00+05:30,2023-12-22 09:15:00+05:30
2023-12-22 15:15:00+05:30,21355.55,21360.8,21328.45,21332.35,,14,regular,False,False,2023-12-22 15:15:00+05:30,2023-12-22 15:29:00+05:30
2023-12-26 09:00:00+05:30,21365.2,21377.9,21329.45,21346.55,,1,outside,False,False,2023-12-26 09:14:00+05:30,2023-12-26 09:15:00+05:30
2023-12-26 15:15:00+05:30,21445.6,21457.7,21441.1,21454.15,,14,regular,False,False,2023-12-26 15:15:00+05:30,2023-12-26 15:29:00+05:30
2023-12-27 09:00:00+05:30,21497.65,21531.4,21495.8,21529.7,,1,outside,False,False,2023-12-27 09:14:00+05:30,2023-12-27 09:15:00+05:30
2023-12-27 15:15:00+05:30,21666.55,21675.75,21648.65,21648.95,,14,regular,False,False,2023-12-27 15:15:00+05:30,2023-12-27 15:29:00+05:30
2023-12-28 09:00:00+05:30,21715.0,21718.7,21699.75,21713.0,,1,outside,False,False,2023-12-28 09:14:00+05:30,2023-12-28 09:15:00+05:30
2023-12-28 15:15:00+05:30,21779.45,21801.45,21769.6,21773.7,,14,regular,False,False,2023-12-28 15:15:00+05:30,2023-12-28 15:29:00+05:30
2023-12-29 09:00:00+05:30,21737.65,21770.3,21703.9,21726.35,,1,outside,False,False,2023-12-29 09:14:00+05:30,2023-12-29 09:15:00+05:30
2023-12-29 15:15:00+05:30,21728.7,21739.35,21711.3,21728.3,,14,regular,False,False,2023-12-29 15:15:00+05:30,2023-12-29 15:29:00+05:30
2024-01-01 09:00:00+05:30,21727.75,21737.35,21701.8,21712.0,,1,outside,False,False,2024-01-01 09:14:00+05:30,2024-01-01 09:15:00+05:30
2024-01-01 15:15:00+05:30,21733.05,21736.25,21680.85,21689.45,,14,regular,False,False,2024-01-01 15:15:00+05:30,2024-01-01 15:29:00+05:30
2024-01-02 09:00:00+05:30,21751.35,21755.6,21699.15,21720.05,,1,outside,False,False,2024-01-02 09:14:00+05:30,2024-01-02 09:15:00+05:30
2024-01-02 15:15:00+05:30,21660.85,21673.6,21657.0,21661.5,,14,regular,False,False,2024-01-02 15:15:00+05:30,2024-01-02 15:29:00+05:30
2024-01-03 09:00:00+05:30,21661.1,21677.0,21594.45,21616.65,,1,outside,False,False,2024-01-03 09:14:00+05:30,2024-01-03 09:15:00+05:30
2024-01-03 15:15:00+05:30,21512.25,21528.3,21500.35,21523.7,,14,regular,False,False,2024-01-03 15:15:00+05:30,2024-01-03 15:29:00+05:30
2024-01-04 09:00:00+05:30,21605.8,21615.05,21564.55,21582.8,,1,outside,False,False,2024-01-04 09:14:00+05:30,2024-01-04 09:15:00+05:30
2024-01-04 15:15:00+05:30,21659.2,21685.65,21650.0,21669.6,,14,regular,False,False,2024-01-04 15:15:00+05:30,2024-01-04 15:29:00+05:30
2024-01-05 09:00:00+05:30,21705.75,21740.8,21698.2,21736.7,,1,outside,False,False,2024-01-05 09:14:00+05:30,2024-01-05 09:15:00+05:30
2024-01-05 15:15:00+05:30,21703.05,21720.4,21681.7,21709.55,,14,regular,False,False,2024-01-05 15:15:00+05:30,2024-01-05 15:29:00+05:30
2024-01-08 09:00:00+05:30,21747.6,21754.2,21706.7,21732.4,,1,outside,False,False,2024-01-08 09:14:00+05:30,2024-01-08 09:15:00+05:30
2024-01-08 15:15:00+05:30,21515.45,21515.5,21492.9,21511.35,,14,regular,False,False,2024-01-08 15:15:00+05:30,2024-01-08 15:29:00+05:30
2024-01-09 09:00:00+05:30,21653.6,21655.75,21632.2,21648.8,,1,outside,False,False,2024-01-09 09:14:00+05:30,2024-01-09 09:15:00+05:30
2024-01-09 15:15:00+05:30,21534.4,21558.1,21517.85,21551.95,,14,regular,False,False,2024-01-09 15:15:00+05:30,2024-01-09 15:29:00+05:30
2024-01-10 09:00:00+05:30,21529.3,21539.5,21517.85,21534.2,,1,outside,False,False,2024-01-10 09:14:00+05:30,2024-01-10 09:15:00+05:30
2024-01-10 15:15:00+05:30,21613.4,21632.55,21612.6,21625.4,,14,regular,False,False,2024-01-10 15:15:00+05:30,2024-01-10 15:29:00+05:30
2024-01-11 09:00:00+05:30,21688.0,21712.25,21683.4,21703.25,,1,outside,False,False,2024-01-11 09:14:00+05:30,2024-01-11 09:15:00+05:30
2024-01-11 15:15:00+05:30,21645.2,21669.4,21642.3,21669.4,,14,regular,False,False,2024-01-11 15:15:00+05:30,2024-01-11 15:29:00+05:30
2024-01-12 09:00:00+05:30,21773.55,21789.15,21715.15,21728.55,,1,outside,False,False,2024-01-12 09:14:00+05:30,2024-01-12 09:15:00+05:30
2024-01-12 15:15:00+05:30,21888.9,21917.25,21888.35,21908.25,,14,regular,False,False,2024-01-12 15:15:00+05:30,2024-01-12 15:29:00+05:30
2024-01-15 09:00:00+05:30,22053.15,22053.15,22021.1,22028.65,,1,outside,False,False,2024-01-15 09:14:00+05:30,2024-01-15 09:15:00+05:30
2024-01-15 15:15:00+05:30,22093.45,22115.55,22089.75,22109.8,,14,regular,False,False,2024-01-15 15:15:00+05:30,2024-01-15 15:29:00+05:30
2024-01-16 09:00:00+05:30,22080.5,22088.2,22029.2,22062.45,,1,outside,False,False,2024-01-16 09:14:00+05:30,2024-01-16 09:15:00+05:30
2024-01-16 15:15:00+05:30,22028.5,22036.6,22016.35,22031.6,,14,regular,False,False,2024-01-16 15:15:00+05:30,2024-01-16 15:29:00+05:30
2024-01-17 09:00:00+05:30,21647.25,21786.45,21636.95,21781.45,,1,outside,False,False,2024-01-17 09:14:00+05:30,2024-01-17 09:15:00+05:30
2024-01-17 15:15:00+05:30,21585.55,21585.95,21555.9,21577.25,,14,regular,False,False,2024-01-17 15:15:00+05:30,2024-01-17 15:29:00+05:30
2024-01-18 09:00:00+05:30,21414.2,21462.05,21406.35,21446.1,,1,outside,False,False,2024-01-18 09:14:00+05:30,2024-01-18 09:15:00+05:30
2024-01-18 15:15:00+05:30,21454.85,21485.25,21450.15,21477.25,,14,regular,False,False,2024-01-18 15:15:00+05:30,2024-01-18 15:29:00+05:30
2024-01-19 09:00:00+05:30,21615.2,21621.8,21597.3,21614.95,,1,outside,False,False,2024-01-19 09:14:00+05:30,2024-01-19 09:15:00+05:30
2024-01-19 15:15:00+05:30,21619.45,21645.65,21619.35,21638.2,,14,regular,False,False,2024-01-19 15:15:00+05:30,2024-01-19 15:29:00+05:30
2024-01-20 09:00:00+05:30,21706.15,21720.3,21682.65,21715.9,,1,outside,False,False,2024-01-20 09:14:00+05:30,2024-01-20 09:15:00+05:30
2024-01-20 15:15:00+05:30,21583.75,21591.1,21571.75,21586.95,,14,regular,False,False,2024-01-20 15:15:00+05:30,2024-01-20 15:29:00+05:30
2024-01-23 09:00:00+05:30,21716.7,21741.2,21702.75,21736.55,,1,outside,False,False,2024-01-23 09:14:00+05:30,2024-01-23 09:15:00+05:30
2024-01-23 15:15:00+05:30,21244.0,21271.25,21238.75,21243.05,,14,regular,False,False,2024-01-23 15:15:00+05:30,2024-01-23 15:29:00+05:30
2024-01-24 09:00:00+05:30,21185.25,21231.0,21185.25,21217.8,,1,outside,False,False,2024-01-24 09:14:00+05:30,2024-01-24 09:15:00+05:30
2024-01-24 15:15:00+05:30,21466.25,21482.35,21460.7,21460.7,,14,regular,False,False,2024-01-24 15:15:00+05:30,2024-01-24 15:29:00+05:30
2024-01-25 09:00:00+05:30,21454.6,21459.0,21398.25,21436.05,,1,outside,False,False,2024-01-25 09:14:00+05:30,2024-01-25 09:15:00+05:30
2024-01-25 15:15:00+05:30,21345.4,21401.75,21339.8,21370.75,,14,regular,False,False,2024-01-25 15:15:00+05:30,2024-01-25 15:29:00+05:30
2024-01-29 09:00:00+05:30,21433.1,21480.05,21429.6,21476.35,,1,outside,False,False,2024-01-29 09:14:00+05:30,2024-01-29 09:15:00+05:30
2024-01-29 15:15:00+05:30,21747.05,21763.25,21739.4,21744.8,,14,regular,False,False,2024-01-29 15:15:00+05:30,2024-01-29 15:29:00+05:30
2024-01-30 09:00:00+05:30,21775.75,21805.8,21764.7,21802.1,,1,outside,False,False,2024-01-30 09:14:00+05:30,2024-01-30 09:15:00+05:30
2024-01-30 15:15:00+05:30,21523.95,21535.5,21513.5,21530.55,,14,regular,False,False,2024-01-30 15:15:00+05:30,2024-01-30 15:29:00+05:30
2024-01-31 09:00:00+05:30,21487.25,21504.65,21458.75,21473.9,,1,outside,False,False,2024-01-31 09:14:00+05:30,2024-01-31 09:15:00+05:30
2024-01-31 15:15:00+05:30,21720.85,21741.35,21700.85,21708.3,,14,regular,False,False,2024-01-31 15:15:00+05:30,2024-01-31 15:29:00+05:30
2024-02-01 09:00:00+05:30,21780.65,21788.35,21719.05,21736.1,,1,outside,False,False,2024-02-01 09:14:00+05:30,2024-02-01 09:15:00+05:30
2024-02-01 15:15:00+05:30,21675.55,21702.65,21675.55,21690.3,,14,regular,False,False,2024-02-01 15:15:00+05:30,2024-02-01 15:29:00+05:30
2024-02-02 09:00:00+05:30,21812.75,21859.75,21812.0,21850.55,,1,outside,False,False,2024-02-02 09:14:00+05:30,2024-02-02 09:15:00+05:30
2024-02-02 15:15:00+05:30,21850.0,21856.3,21837.85,21853.3,,14,regular,False,False,2024-02-02 15:15:00+05:30,2024-02-02 15:29:00+05:30
2024-02-05 09:00:00+05:30,21921.05,21921.15,21834.9,21852.4,,1,outside,False,False,2024-02-05 09:14:00+05:30,2024-02-05 09:15:00+05:30
2024-02-05 15:15:00+05:30,21768.2,21776.3,21752.05,21761.3,,14,regular,False,False,2024-02-05 15:15:00+05:30,2024-02-05 15:29:00+05:30
2024-02-06 09:00:00+05:30,21825.2,21844.6,21776.05,21798.2,,1,outside,False,False,2024-02-06 09:14:00+05:30,2024-02-06 09:15:00+05:30
2024-02-06 15:15:00+05:30,21917.3,21947.55,21916.95,21938.8,,14,regular,False,False,2024-02-06 15:15:00+05:30,2024-02-06 15:29:00+05:30
2024-02-07 09:00:00+05:30,22045.05,22053.3,22029.05,22035.1,,1,outside,False,False,2024-02-07 09:14:00+05:30,2024-02-07 09:15:00+05:30
2024-02-07 15:15:00+05:30,21935.55,21954.6,21920.5,21949.8,,14,regular,False,False,2024-02-07 15:15:00+05:30,2024-02-07 15:29:00+05:30
2024-02-08 09:00:00+05:30,22009.65,22011.05,21959.55,21980.05,,1,outside,False,False,2024-02-08 09:14:00+05:30,2024-02-08 09:15:00+05:30
2024-02-08 15:15:00+05:30,21722.3,21760.75,21709.5,21759.7,,14,regular,False,False,2024-02-08 15:15:00+05:30,2024-02-08 15:29:00+05:30
2024-02-09 09:00:00+05:30,21727.0,21747.05,21695.5,21704.65,,1,outside,False,False,2024-02-09 09:14:00+05:30,2024-02-09 09:15:00+05:30
2024-02-09 15:15:00+05:30,21789.55,21790.2,21773.05,21786.0,,14,regular,False,False,2024-02-09 15:15:00+05:30,2024-02-09 15:29:00+05:30
2024-02-12 09:00:00+05:30,21800.8,21825.1,21782.95,21789.4,,1,outside,False,False,2024-02-12 09:14:00+05:30,2024-02-12 09:15:00+05:30
2024-02-12 15:15:00+05:30,21597.5,21632.55,21585.0,21612.6,,14,regular,False,False,2024-02-12 15:15:00+05:30,2024-02-12 15:29:00+05:30
2024-02-13 09:00:00+05:30,21664.3,21678.05,21637.5,21655.55,,1,outside,False,False,2024-02-13 09:14:00+05:30,2024-02-13 09:15:00+05:30
2024-02-13 15:15:00+05:30,21752.25,21758.3,21718.25,21728.0,,14,regular,False,False,2024-02-13 15:15:00+05:30,2024-02-13 15:29:00+05:30
2024-02-14 09:00:00+05:30,21578.15,21596.65,21553.7,21562.65,,1,outside,False,False,2024-02-14 09:14:00+05:30,2024-02-14 09:15:00+05:30
2024-02-14 15:15:00+05:30,21813.15,21856.25,21801.85,21848.7,,14,regular,False,False,2024-02-14 15:15:00+05:30,2024-02-14 15:29:00+05:30
2024-02-15 09:00:00+05:30,21906.55,21923.25,21887.55,21896.4,,1,outside,False,False,2024-02-15 09:14:00+05:30,2024-02-15 09:15:00+05:30
2024-02-15 15:15:00+05:30,21909.35,21931.15,21907.85,21927.05,,14,regular,False,False,2024-02-15 15:15:00+05:30,2024-02-15 15:29:00+05:30
2024-02-16 09:00:00+05:30,22020.3,22024.15,21989.75,22004.3,,1,outside,False,False,2024-02-16 09:14:00+05:30,2024-02-16 09:15:00+05:30
2024-02-16 15:15:00+05:30,22040.95,22041.95,22018.9,22033.5,,14,regular,False,False,2024-02-16 15:15:00+05:30,2024-02-16 15:29:00+05:30
2024-02-19 09:00:00+05:30,22103.45,22107.6,22062.8,22080.65,,1,outside,False,False,2024-02-19 09:14:00+05:30,2024-02-19 09:15:00+05:30
2024-02-19 15:15:00+05:30,22119.4,22134.75,22115.1,22116.95,,14,regular,False,False,2024-02-19 15:15:00+05:30,2024-02-19 15:29:00+05:30
2024-02-20 09:00:00+05:30,22099.2,22111.35,22069.95,22084.55,,1,outside,False,False,2024-02-20 09:14:00+05:30,2024-02-20 09:15:00+05:30
2024-02-20 15:15:00+05:30,22203.85,22215.6,22199.4,22208.15,,14,regular,False,False,2024-02-20 15:15:00+05:30,2024-02-20 15:29:00+05:30
2024-02-21 09:00:00+05:30,22248.85,22248.85,22199.85,22203.0,,1,outside,False,False,2024-02-21 09:14:00+05:30,2024-02-21 09:15:00+05:30
2024-02-21 15:15:00+05:30,22094.75,22094.95,22015.55,22028.75,,14,regular,False,False,2024-02-21 15:15:00+05:30,2024-02-21 15:29:00+05:30
2024-02-22 09:00:00+05:30,22081.55,22094.3,22017.45,22050.35,,1,outside,False,False,2024-02-22 09:14:00+05:30,2024-02-22 09:15:00+05:30
2024-02-22 15:15:00+05:30,22231.85,22252.5,22215.5,22216.9,,14,regular,False,False,2024-02-22 15:15:00+05:30,2024-02-22 15:29:00+05:30
2024-02-23 09:00:00+05:30,22290.0,22297.5,22246.9,22249.25,,1,outside,False,False,2024-02-23 09:14:00+05:30,2024-02-23 09:15:00+05:30
2024-02-23 15:15:00+05:30,22206.15,22223.85,22186.1,22194.25,,14,regular,False,False,2024-02-23 15:15:00+05:30,2024-02-23 15:29:00+05:30
2024-02-26 09:00:00+05:30,22169.2,22176.9,22141.0,22143.35,,1,outside,False,False,2024-02-26 09:14:00+05:30,2024-02-26 09:15:00+05:30
2024-02-26 15:15:00+05:30,22127.05,22128.6,22109.8,22117.15,,14,regular,False,False,2024-02-26 15:15:00+05:30,2024-02-26 15:29:00+05:30
2024-02-27 09:00:00+05:30,22090.2,22117.05,22089.9,22103.55,,1,outside,False,False,2024-02-27 09:14:00+05:30,2024-02-27 09:15:00+05:30
2024-02-27 15:15:00+05:30,22198.9,22202.9,22178.35,22194.2,,14,regular,False,False,2024-02-27 15:15:00+05:30,2024-02-27 15:29:00+05:30
2024-02-28 09:00:00+05:30,22214.1,22226.3,22196.7,22212.05,,1,outside,False,False,2024-02-28 09:14:00+05:30,2024-02-28 09:15:00+05:30
2024-02-28 15:15:00+05:30,21943.4,21944.75,21915.85,21926.25,,14,regular,False,False,2024-02-28 15:15:00+05:30,2024-02-28 15:29:00+05:30
2024-02-29 09:00:00+05:30,21935.2,21945.05,21901.15,21924.5,,1,outside,False,False,2024-02-29 09:14:00+05:30,2024-02-29 09:15:00+05:30
2024-02-29 15:15:00+05:30,22012.35,22060.55,22008.55,22042.05,,14,regular,False,False,2024-02-29 15:15:00+05:30,2024-02-29 15:29:00+05:30
2024-03-01 09:00:00+05:30,22048.3,22125.65,22047.75,22117.25,,1,outside,False,False,2024-03-01 09:14:00+05:30,2024-03-01 09:15:00+05:30
2024-03-01 15:15:00+05:30,22343.3,22343.3,22319.65,22326.05,,14,regular,False,False,2024-03-01 15:15:00+05:30,2024-03-01 15:29:00+05:30
2024-03-02 09:00:00+05:30,22406.95,22420.25,22382.7,22394.75,,1,outside,False,False,2024-03-02 09:14:00+05:30,2024-03-02 09:15:00+05:30
2024-03-02 09:45:00+05:30,22405.95,22412.45,22388.5,22394.4,,14,regular,False,False,2024-03-02 09:45:00+05:30,2024-03-02 09:59:00+05:30
2024-03-02 11:15:00+05:30,22406.7,22410.35,22389.95,22399.75,,1,regular,False,False,2024-03-02 11:29:00+05:30,2024-03-02 11:30:00+05:30
2024-03-02 12:15:00+05:30,22375.65,22382.65,22372.2,22373.4,,14,regular,False,False,2024-03-02 12:15:00+05:30,2024-03-02 12:29:00+05:30
2024-03-04 09:00:00+05:30,22403.5,22440.9,22396.0,22400.5,,1,outside,False,False,2024-03-04 09:14:00+05:30,2024-03-04 09:15:00+05:30
2024-03-04 15:15:00+05:30,22389.5,22414.8,22383.5,22397.65,,14,regular,False,False,2024-03-04 15:15:00+05:30,2024-03-04 15:29:00+05:30
2024-03-05 09:00:00+05:30,22371.25,22406.55,22334.2,22337.05,,1,outside,False,False,2024-03-05 09:14:00+05:30,2024-03-05 09:15:00+05:30
2024-03-05 15:15:00+05:30,22357.9,22362.6,22340.6,22358.5,,14,regular,False,False,2024-03-05 15:15:00+05:30,2024-03-05 15:29:00+05:30
2024-03-06 09:00:00+05:30,22327.5,22353.8,22297.6,22302.35,,1,outside,False,False,2024-03-06 09:14:00+05:30,2024-03-06 09:15:00+05:30
2024-03-06 15:15:00+05:30,22477.3,22497.2,22466.75,22480.05,,14,regular,False,False,2024-03-06 15:15:00+05:30,2024-03-06 15:29:00+05:30
2024-03-07 09:00:00+05:30,22505.3,22523.65,22493.25,22498.15,,1,outside,False,False,2024-03-07 09:14:00+05:30,2024-03-07 09:15:00+05:30
2024-03-07 15:15:00+05:30,22503.0,22503.5,22464.5,22483.5,,14,regular,False,False,2024-03-07 15:15:00+05:30,2024-03-07 15:29:00+05:30
2024-03-11 09:00:00+05:30,22517.5,22526.6,22460.95,22490.0,,1,outside,False,False,2024-03-11 09:14:00+05:30,2024-03-11 09:15:00+05:30
2024-03-11 15:15:00+05:30,22316.7,22337.4,22307.25,22319.85,,14,regular,False,False,2024-03-11 15:15:00+05:30,2024-03-11 15:29:00+05:30
2024-03-12 09:00:00+05:30,22334.45,22351.05,22319.2,22337.75,,1,outside,False,False,2024-03-12 09:14:00+05:30,2024-03-12 09:15:00+05:30
2024-03-12 15:15:00+05:30,22328.5,22342.65,22325.85,22333.7,,14,regular,False,False,2024-03-12 15:15:00+05:30,2024-03-12 15:29:00+05:30
2024-03-13 09:00:00+05:30,22432.2,22446.75,22386.8,22404.55,,1,outside,False,False,2024-03-13 09:14:00+05:30,2024-03-13 09:15:00+05:30
2024-03-13 15:15:00+05:30,21991.55,22010.95,21963.95,21981.05,,14,regular,False,False,2024-03-13 15:15:00+05:30,2024-03-13 15:29:00+05:30
2024-03-14 09:00:00+05:30,21982.55,21986.7,21917.5,21954.2,,1,outside,False,False,2024-03-14 09:14:00+05:30,2024-03-14 09:15:00+05:30
2024-03-14 15:15:00+05:30,22157.5,22163.7,22134.7,22153.05,,14,regular,False,False,2024-03-14 15:15:00+05:30,2024-03-14 15:29:00+05:30
2024-03-15 09:00:00+05:30,22064.85,22088.35,22045.0,22072.75,,1,outside,False,False,2024-03-15 09:14:00+05:30,2024-03-15 09:15:00+05:30
2024-03-15 15:15:00+05:30,22012.8,22046.6,21985.4,21996.35,,14,regular,False,False,2024-03-15 15:15:00+05:30,2024-03-15 15:29:00+05:30
2024-03-18 09:00:00+05:30,21990.1,22009.55,21954.35,21954.35,,1,outside,False,False,2024-03-18 09:14:00+05:30,2024-03-18 09:15:00+05:30
2024-03-18 15:15:00+05:30,22066.8,22068.35,22036.3,22051.5,,14,regular,False,False,2024-03-18 15:15:00+05:30,2024-03-18 15:29:00+05:30
2024-03-19 09:00:00+05:30,21946.45,21978.3,21946.45,21964.6,,1,outside,False,False,2024-03-19 09:14:00+05:30,2024-03-19 09:15:00+05:30
2024-03-19 15:15:00+05:30,21820.3,21821.15,21804.25,21810.35,,14,regular,False,False,2024-03-19 15:15:00+05:30,2024-03-19 15:29:00+05:30
2024-03-20 09:00:00+05:30,21843.9,21881.65,21843.45,21877.95,,1,outside,False,False,2024-03-20 09:14:00+05:30,2024-03-20 09:15:00+05:30
2024-03-20 15:15:00+05:30,21842.45,21858.45,21831.65,21855.1,,14,regular,False,False,2024-03-20 15:15:00+05:30,2024-03-20 15:29:00+05:30
2024-03-21 09:00:00+05:30,21989.9,22020.95,21987.75,22005.35,,1,outside,False,False,2024-03-21 09:14:00+05:30,2024-03-21 09:15:00+05:30
2024-03-21 15:15:00+05:30,22025.75,22038.25,22011.6,22014.6,,14,regular,False,False,2024-03-21 15:15:00+05:30,2024-03-21 15:29:00+05:30
2024-03-22 09:00:00+05:30,21932.2,21977.8,21925.15,21967.95,,1,outside,False,False,2024-03-22 09:14:00+05:30,2024-03-22 09:15:00+05:30
2024-03-22 15:15:00+05:30,22074.5,22095.0,22069.8,22080.8,,14,regular,False,False,2024-03-22 15:15:00+05:30,2024-03-22 15:29:00+05:30
2024-03-26 09:00:00+05:30,21947.9,22059.7,21947.55,22046.55,,1,outside,False,False,2024-03-26 09:14:00+05:30,2024-03-26 09:15:00+05:30
2024-03-26 15:15:00+05:30,22005.55,22029.15,21996.35,22018.25,,14,regular,False,False,2024-03-26 15:15:00+05:30,2024-03-26 15:29:00+05:30
2024-03-27 09:00:00+05:30,22053.95,22092.05,22052.85,22074.1,,1,outside,False,False,2024-03-27 09:14:00+05:30,2024-03-27 09:15:00+05:30
2024-03-27 15:15:00+05:30,22117.6,22159.35,22109.65,22147.2,,14,regular,False,False,2024-03-27 15:15:00+05:30,2024-03-27 15:29:00+05:30
2024-03-28 09:00:00+05:30,22163.6,22206.2,22163.6,22177.3,,1,outside,False,False,2024-03-28 09:14:00+05:30,2024-03-28 09:15:00+05:30
2024-03-28 15:15:00+05:30,22272.05,22343.7,22264.65,22343.1,,14,regular,False,False,2024-03-28 15:15:00+05:30,2024-03-28 15:29:00+05:30
2024-04-01 09:00:00+05:30,22455.0,22483.8,22443.35,22479.4,,1,outside,False,False,2024-04-01 09:14:00+05:30,2024-04-01 09:15:00+05:30
2024-04-01 15:15:00+05:30,22473.7,22477.7,22456.5,22469.05,,14,regular,False,False,2024-04-01 15:15:00+05:30,2024-04-01 15:29:00+05:30
2024-04-02 09:00:00+05:30,22458.8,22468.1,22427.25,22432.95,,1,outside,False,False,2024-04-02 09:14:00+05:30,2024-04-02 09:15:00+05:30
2024-04-02 15:15:00+05:30,22457.5,22470.3,22454.3,22464.3,,14,regular,False,False,2024-04-02 15:15:00+05:30,2024-04-02 15:29:00+05:30
2024-04-03 09:00:00+05:30,22385.7,22408.05,22362.8,22371.0,,1,outside,False,False,2024-04-03 09:14:00+05:30,2024-04-03 09:15:00+05:30
2024-04-03 15:15:00+05:30,22433.6,22447.1,22423.5,22445.55,,14,regular,False,False,2024-04-03 15:15:00+05:30,2024-04-03 15:29:00+05:30
2024-04-04 09:00:00+05:30,22592.1,22619.0,22537.4,22562.45,,1,outside,False,False,2024-04-04 09:14:00+05:30,2024-04-04 09:15:00+05:30
2024-04-04 15:15:00+05:30,22514.6,22553.95,22508.9,22541.2,,14,regular,False,False,2024-04-04 15:15:00+05:30,2024-04-04 15:29:00+05:30
2024-04-05 09:00:00+05:30,22486.4,22488.05,22434.4,22455.0,,1,outside,False,False,2024-04-05 09:14:00+05:30,2024-04-05 09:15:00+05:30
2024-04-05 15:15:00+05:30,22512.3,22537.6,22501.5,22523.4,,14,regular,False,False,2024-04-05 15:15:00+05:30,2024-04-05 15:29:00+05:30
2024-04-08 09:00:00+05:30,22578.35,22587.2,22567.25,22572.3,,1,outside,False,False,2024-04-08 09:14:00+05:30,2024-04-08 09:15:00+05:30
2024-04-08 15:15:00+05:30,22669.25,22674.35,22657.85,22661.0,,14,regular,False,False,2024-04-08 15:15:00+05:30,2024-04-08 15:29:00+05:30
2024-04-09 09:00:00+05:30,22765.1,22765.3,22714.6,22726.55,,1,outside,False,False,2024-04-09 09:14:00+05:30,2024-04-09 09:15:00+05:30
2024-04-09 15:15:00+05:30,22645.7,22652.35,22639.15,22642.05,,14,regular,False,False,2024-04-09 15:15:00+05:30,2024-04-09 15:29:00+05:30
2024-04-10 09:00:00+05:30,22720.25,22726.6,22683.6,22699.05,,1,outside,False,False,2024-04-10 09:14:00+05:30,2024-04-10 09:15:00+05:30
2024-04-10 15:15:00+05:30,22755.1,22755.1,22730.6,22735.05,,14,regular,False,False,2024-04-10 15:15:00+05:30,2024-04-10 15:29:00+05:30
2024-04-12 09:00:00+05:30,22677.4,22691.9,22657.2,22673.45,,1,outside,False,False,2024-04-12 09:14:00+05:30,2024-04-12 09:15:00+05:30
2024-04-12 15:15:00+05:30,22514.3,22524.05,22503.75,22519.4,,14,regular,False,False,2024-04-12 15:15:00+05:30,2024-04-12 15:29:00+05:30
2024-04-15 09:00:00+05:30,22339.05,22373.55,22314.0,22358.05,,1,outside,False,False,2024-04-15 09:14:00+05:30,2024-04-15 09:15:00+05:30
2024-04-15 15:15:00+05:30,22289.8,22289.8,22262.55,22277.45,,14,regular,False,False,2024-04-15 15:15:00+05:30,2024-04-15 15:29:00+05:30
2024-04-16 09:00:00+05:30,22125.3,22147.35,22103.85,22124.05,,1,outside,False,False,2024-04-16 09:14:00+05:30,2024-04-16 09:15:00+05:30
2024-04-16 15:15:00+05:30,22162.1,22180.05,22153.8,22177.45,,14,regular,False,False,2024-04-16 15:15:00+05:30,2024-04-16 15:29:00+05:30
2024-04-18 09:00:00+05:30,22212.35,22251.1,22209.2,22249.95,,1,outside,False,False,2024-04-18 09:14:00+05:30,2024-04-18 09:15:00+05:30
2024-04-18 15:15:00+05:30,21966.75,22047.85,21963.95,22045.75,,14,regular,False,False,2024-04-18 15:15:00+05:30,2024-04-18 15:29:00+05:30
2024-04-19 09:00:00+05:30,21861.5,21861.5,21801.05,21810.55,,1,outside,False,False,2024-04-19 09:14:00+05:30,2024-04-19 09:15:00+05:30
2024-04-19 15:15:00+05:30,22161.65,22162.2,22129.05,22149.7,,14,regular,False,False,2024-04-19 15:15:00+05:30,2024-04-19 15:29:00+05:30
2024-04-22 09:00:00+05:30,22336.9,22337.1,22253.85,22282.55,,1,outside,False,False,2024-04-22 09:14:00+05:30,2024-04-22 09:15:00+05:30
2024-04-22 15:15:00+05:30,22337.95,22375.65,22335.6,22370.5,,14,regular,False,False,2024-04-22 15:15:00+05:30,2024-04-22 15:29:00+05:30
2024-04-23 09:00:00+05:30,22447.05,22447.55,22395.85,22408.55,,1,outside,False,False,2024-04-23 09:14:00+05:30,2024-04-23 09:15:00+05:30
2024-04-23 10:45:00+05:30,22378.3,22385.35,22355.85,22376.9,,9,regular,False,False,2024-04-23 10:45:00+05:30,2024-04-23 11:00:00+05:30
2024-04-23 15:15:00+05:30,22376.35,22376.35,22349.45,22361.0,,14,regular,False,False,2024-04-23 15:15:00+05:30,2024-04-23 15:29:00+05:30
2024-04-24 09:00:00+05:30,22421.55,22431.0,22403.55,22421.0,,1,outside,False,False,2024-04-24 09:14:00+05:30,2024-04-24 09:15:00+05:30
2024-04-24 15:15:00+05:30,22400.6,22414.95,22397.45,22412.2,,14,regular,False,False,2024-04-24 15:15:00+05:30,2024-04-24 15:29:00+05:30
2024-04-25 09:00:00+05:30,22316.9,22362.55,22305.25,22344.55,,1,outside,False,False,2024-04-25 09:14:00+05:30,2024-04-25 09:15:00+05:30
2024-04-25 15:15:00+05:30,22567.95,22576.1,22549.4,22559.25,,14,regular,False,False,2024-04-25 15:15:00+05:30,2024-04-25 15:29:00+05:30
2024-04-26 09:00:00+05:30,22620.4,22620.4,22580.85,22588.15,,1,outside,False,False,2024-04-26 09:14:00+05:30,2024-04-26 09:15:00+05:30
2024-04-26 15:15:00+05:30,22424.7,22461.6,22411.0,22450.2,,14,regular,False,False,2024-04-26 15:15:00+05:30,2024-04-26 15:29:00+05:30
2024-04-29 09:00:00+05:30,22475.55,22502.75,22468.8,22478.4,,1,outside,False,False,2024-04-29 09:14:00+05:30,2024-04-29 09:15:00+05:30
2024-04-29 15:15:00+05:30,22633.5,22651.6,22626.45,22633.15,,14,regular,False,False,2024-04-29 15:15:00+05:30,2024-04-29 15:29:00+05:30
2024-04-30 09:00:00+05:30,22679.65,22684.95,22661.8,22679.0,,1,outside,False,False,2024-04-30 09:14:00+05:30,2024-04-30 09:15:00+05:30
2024-04-30 15:15:00+05:30,22596.85,22599.15,22568.4,22587.75,,14,regular,False,False,2024-04-30 15:15:00+05:30,2024-04-30 15:29:00+05:30
2024-05-02 09:00:00+05:30,22567.85,22659.55,22567.85,22648.8,,1,outside,False,False,2024-05-02 09:14:00+05:30,2024-05-02 09:15:00+05:30
2024-05-02 15:15:00+05:30,22638.55,22661.95,22633.65,22656.75,,14,regular,False,False,2024-05-02 15:15:00+05:30,2024-05-02 15:29:00+05:30
2024-05-03 09:00:00+05:30,22766.35,22780.9,22757.4,22762.7,,1,outside,False,False,2024-05-03 09:14:00+05:30,2024-05-03 09:15:00+05:30
2024-05-03 15:15:00+05:30,22491.85,22503.85,22450.45,22456.7,,14,regular,False,False,2024-05-03 15:15:00+05:30,2024-05-03 15:29:00+05:30
2024-05-06 09:00:00+05:30,22561.6,22569.3,22531.15,22531.15,,1,outside,False,False,2024-05-06 09:14:00+05:30,2024-05-06 09:15:00+05:30
2024-05-06 15:15:00+05:30,22445.85,22463.2,22434.3,22458.0,,14,regular,False,False,2024-05-06 15:15:00+05:30,2024-05-06 15:29:00+05:30
2024-05-07 09:00:00+05:30,22489.75,22499.05,22465.1,22474.7,,1,outside,False,False,2024-05-07 09:14:00+05:30,2024-05-07 09:15:00+05:30
2024-05-07 15:15:00+05:30,22306.3,22314.7,22295.3,22304.5,,14,regular,False,False,2024-05-07 15:15:00+05:30,2024-05-07 15:29:00+05:30
2024-05-08 09:00:00+05:30,22231.2,22255.1,22205.65,22209.2,,1,outside,False,False,2024-05-08 09:14:00+05:30,2024-05-08 09:15:00+05:30
2024-05-08 15:15:00+05:30,22302.6,22317.55,22293.0,22306.75,,14,regular,False,False,2024-05-08 15:15:00+05:30,2024-05-08 15:29:00+05:30
2024-05-09 09:00:00+05:30,22224.8,22296.95,22224.8,22290.65,,1,outside,False,False,2024-05-09 09:14:00+05:30,2024-05-09 09:15:00+05:30
2024-05-09 15:15:00+05:30,21940.05,21968.15,21932.4,21968.15,,14,regular,False,False,2024-05-09 15:15:00+05:30,2024-05-09 15:29:00+05:30
2024-05-10 09:00:00+05:30,21990.95,22011.05,21973.75,21990.85,,1,outside,False,False,2024-05-10 09:14:00+05:30,2024-05-10 09:15:00+05:30
2024-05-10 15:15:00+05:30,22058.5,22067.45,22041.4,22054.0,,14,regular,False,False,2024-05-10 15:15:00+05:30,2024-05-10 15:29:00+05:30
2024-05-13 09:00:00+05:30,22027.95,22067.3,21992.1,21992.1,,1,outside,False,False,2024-05-13 09:14:00+05:30,2024-05-13 09:15:00+05:30
2024-05-13 15:15:00+05:30,22094.95,22131.65,22093.15,22119.4,,14,regular,False,False,2024-05-13 15:15:00+05:30,2024-05-13 15:29:00+05:30
2024-05-14 09:00:00+05:30,22126.5,22175.55,22124.25,22163.8,,1,outside,False,False,2024-05-14 09:14:00+05:30,2024-05-14 09:15:00+05:30
2024-05-14 15:15:00+05:30,22221.2,22226.95,22214.3,22223.8,,14,regular,False,False,2024-05-14 15:15:00+05:30,2024-05-14 15:29:00+05:30
2024-05-15 09:00:00+05:30,22255.6,22278.55,22244.8,22255.3,,1,outside,False,False,2024-05-15 09:14:00+05:30,2024-05-15 09:15:00+05:30
2024-05-15 15:15:00+05:30,22199.9,22214.95,22188.9,22210.4,,14,regular,False,False,2024-05-15 15:15:00+05:30,2024-05-15 15:29:00+05:30
2024-05-16 09:00:00+05:30,22319.2,22324.3,22281.2,22292.85,,1,outside,False,False,2024-05-16 09:14:00+05:30,2024-05-16 09:15:00+05:30
2024-05-16 15:15:00+05:30,22413.0,22432.25,22388.8,22392.35,,14,regular,False,False,2024-05-16 15:15:00+05:30,2024-05-16 15:29:00+05:30
2024-05-17 09:00:00+05:30,22415.25,22431.25,22370.1,22379.95,,1,outside,False,False,2024-05-17 09:14:00+05:30,2024-05-17 09:15:00+05:30
2024-05-17 15:15:00+05:30,22484.8,22485.75,22461.0,22465.55,,14,regular,False,False,2024-05-17 15:15:00+05:30,2024-05-17 15:29:00+05:30
2024-05-18 09:00:00+05:30,22512.85,22519.85,22495.7,22498.2,,1,outside,False,False,2024-05-18 09:14:00+05:30,2024-05-18 09:15:00+05:30
2024-05-18 09:45:00+05:30,22509.4,22511.9,22470.1,22482.25,,14,regular,False,False,2024-05-18 09:45:00+05:30,2024-05-18 09:59:00+05:30
2024-05-18 11:15:00+05:30,22499.05,22505.85,22493.5,22497.65,,1,regular,False,False,2024-05-18 11:29:00+05:30,2024-05-18 11:30:00+05:30
2024-05-18 12:15:00+05:30,22502.65,22511.8,22496.5,22506.8,,14,regular,False,False,2024-05-18 12:15:00+05:30,2024-05-18 12:29:00+05:30
2024-05-21 09:00:00+05:30,22404.55,22495.9,22404.55,22488.25,,1,outside,False,False,2024-05-21 09:14:00+05:30,2024-05-21 09:15:00+05:30
2024-05-21 15:15:00+05:30,22525.95,22530.15,22498.25,22507.55,,14,regular,False,False,2024-05-21 15:15:00+05:30,2024-05-21 15:29:00+05:30
2024-05-22 09:00:00+05:30,22576.6,22577.4,22540.1,22556.65,,1,outside,False,False,2024-05-22 09:14:00+05:30,2024-05-22 09:15:00+05:30
2024-05-22 15:15:00+05:30,22605.0,22629.5,22598.75,22620.5,,14,regular,False,False,2024-05-22 15:15:00+05:30,2024-05-22 15:29:00+05:30
2024-05-23 09:00:00+05:30,22614.1,22617.9,22584.55,22593.45,,1,outside,False,False,2024-05-23 09:14:00+05:30,2024-05-23 09:15:00+05:30
2024-05-23 15:15:00+05:30,22977.75,22993.6,22947.55,22951.0,,14,regular,False,False,2024-05-23 15:15:00+05:30,2024-05-23 15:29:00+05:30
2024-05-24 09:00:00+05:30,22930.75,22937.4,22908.45,22915.7,,1,outside,False,False,2024-05-24 09:14:00+05:30,2024-05-24 09:15:00+05:30
2024-05-24 15:15:00+05:30,22955.9,22970.15,22943.25,22952.0,,14,regular,False,False,2024-05-24 15:15:00+05:30,2024-05-24 15:29:00+05:30
2024-05-27 09:00:00+05:30,23038.95,23043.2,23015.8,23017.85,,1,outside,False,False,2024-05-27 09:14:00+05:30,2024-05-27 09:15:00+05:30
2024-05-27 15:15:00+05:30,22931.95,22960.15,22924.15,22931.05,,14,regular,False,False,2024-05-27 15:15:00+05:30,2024-05-27 15:29:00+05:30
2024-05-28 09:00:00+05:30,22977.15,22992.4,22957.5,22986.4,,1,outside,False,False,2024-05-28 09:14:00+05:30,2024-05-28 09:15:00+05:30
2024-05-28 15:15:00+05:30,22893.95,22894.2,22858.5,22868.65,,14,regular,False,False,2024-05-28 15:15:00+05:30,2024-05-28 15:29:00+05:30
2024-05-29 09:00:00+05:30,22762.75,22823.2,22762.25,22802.95,,1,outside,False,False,2024-05-29 09:14:00+05:30,2024-05-29 09:15:00+05:30
2024-05-29 15:15:00+05:30,22711.35,22713.8,22693.35,22705.8,,14,regular,False,False,2024-05-29 15:15:00+05:30,2024-05-29 15:29:00+05:30
2024-05-30 09:00:00+05:30,22617.45,22675.6,22617.25,22653.9,,1,outside,False,False,2024-05-30 09:14:00+05:30,2024-05-30 09:15:00+05:30
2024-05-30 15:15:00+05:30,22490.75,22560.9,22482.8,22557.1,,14,regular,False,False,2024-05-30 15:15:00+05:30,2024-05-30 15:29:00+05:30
2024-05-31 09:00:00+05:30,22568.1,22593.45,22564.95,22571.15,,1,outside,False,False,2024-05-31 09:14:00+05:30,2024-05-31 09:15:00+05:30
2024-05-31 15:15:00+05:30,22551.5,22579.45,22513.85,22550.45,,14,regular,False,False,2024-05-31 15:15:00+05:30,2024-05-31 15:29:00+05:30
2024-06-03 09:00:00+05:30,23337.9,23338.7,23083.7,23109.55,,1,outside,False,False,2024-06-03 09:14:00+05:30,2024-06-03 09:15:00+05:30
2024-06-03 15:15:00+05:30,23282.55,23308.25,23273.45,23305.95,,14,regular,False,False,2024-06-03 15:15:00+05:30,2024-06-03 15:29:00+05:30
2024-06-04 09:00:00+05:30,23179.5,23179.5,22724.8,22755.9,,1,outside,False,False,2024-06-04 09:14:00+05:30,2024-06-04 09:15:00+05:30
2024-06-04 15:15:00+05:30,21949.8,22068.55,21871.45,21996.45,,14,regular,False,False,2024-06-04 15:15:00+05:30,2024-06-04 15:29:00+05:30
2024-06-05 09:00:00+05:30,22128.35,22131.6,22021.05,22039.35,,1,outside,False,False,2024-06-05 09:14:00+05:30,2024-06-05 09:15:00+05:30
2024-06-05 15:15:00+05:30,22638.45,22638.45,22554.65,22573.0,,14,regular,False,False,2024-06-05 15:15:00+05:30,2024-06-05 15:29:00+05:30
2024-06-06 09:00:00+05:30,22798.6,22799.5,22670.85,22696.95,,1,outside,False,False,2024-06-06 09:14:00+05:30,2024-06-06 09:15:00+05:30
2024-06-06 15:15:00+05:30,22827.1,22865.45,22804.35,22849.05,,14,regular,False,False,2024-06-06 15:15:00+05:30,2024-06-06 15:29:00+05:30
2024-06-07 09:00:00+05:30,22821.85,22847.15,22789.05,22809.15,,1,outside,False,False,2024-06-07 09:14:00+05:30,2024-06-07 09:15:00+05:30
2024-06-07 15:15:00+05:30,23275.1,23301.65,23262.8,23270.05,,14,regular,False,False,2024-06-07 15:15:00+05:30,2024-06-07 15:29:00+05:30
2024-06-10 09:00:00+05:30,23319.15,23397.65,23313.75,23397.65,,1,outside,False,False,2024-06-10 09:14:00+05:30,2024-06-10 09:15:00+05:30
2024-06-10 15:15:00+05:30,23263.4,23264.25,23227.15,23234.45,,14,regular,False,False,2024-06-10 15:15:00+05:30,2024-06-10 15:29:00+05:30
2024-06-11 09:00:00+05:30,23283.75,23288.2,23229.6,23242.8,,1,outside,False,False,2024-06-11 09:14:00+05:30,2024-06-11 09:15:00+05:30
2024-06-11 15:15:00+05:30,23249.8,23268.45,23232.0,23261.8,,14,regular,False,False,2024-06-11 15:15:00+05:30,2024-06-11 15:29:00+05:30
2024-06-12 09:00:00+05:30,23344.45,23344.45,23295.95,23326.8,,1,outside,False,False,2024-06-12 09:14:00+05:30,2024-06-12 09:15:00+05:30
2024-06-12 15:15:00+05:30,23324.85,23329.8,23297.75,23308.4,,14,regular,False,False,2024-06-12 15:15:00+05:30,2024-06-12 15:29:00+05:30
2024-06-13 09:00:00+05:30,23480.95,23481.05,23409.1,23438.1,,1,outside,False,False,2024-06-13 09:14:00+05:30,2024-06-13 09:15:00+05:30
2024-06-13 15:15:00+05:30,23401.35,23411.2,23397.4,23399.35,,14,regular,False,False,2024-06-13 15:15:00+05:30,2024-06-13 15:29:00+05:30
2024-06-14 09:00:00+05:30,23464.95,23469.45,23416.55,23429.55,,1,outside,False,False,2024-06-14 09:14:00+05:30,2024-06-14 09:15:00+05:30
2024-06-14 15:15:00+05:30,23466.15,23467.75,23444.6,23454.15,,14,regular,False,False,2024-06-14 15:15:00+05:30,2024-06-14 15:29:00+05:30
2024-06-18 09:00:00+05:30,23570.8,23573.85,23518.6,23524.75,,1,outside,False,False,2024-06-18 09:14:00+05:30,2024-06-18 09:15:00+05:30
2024-06-18 15:15:00+05:30,23558.9,23572.1,23557.4,23562.3,,14,regular,False,False,2024-06-18 15:15:00+05:30,2024-06-18 15:29:00+05:30
2024-06-19 09:00:00+05:30,23629.85,23630.85,23572.65,23579.95,,1,outside,False,False,2024-06-19 09:14:00+05:30,2024-06-19 09:15:00+05:30
2024-06-19 15:15:00+05:30,23515.75,23528.45,23504.6,23521.4,,14,regular,False,False,2024-06-19 15:15:00+05:30,2024-06-19 15:29:00+05:30
2024-06-20 09:00:00+05:30,23586.15,23587.7,23512.75,23535.0,,1,outside,False,False,2024-06-20 09:14:00+05:30,2024-06-20 09:15:00+05:30
2024-06-20 15:15:00+05:30,23567.45,23587.8,23559.85,23579.15,,14,regular,False,False,2024-06-20 15:15:00+05:30,2024-06-20 15:29:00+05:30
2024-06-21 09:00:00+05:30,23661.15,23667.1,23594.7,23614.2,,1,outside,False,False,2024-06-21 09:14:00+05:30,2024-06-21 09:15:00+05:30
2024-06-21 15:15:00+05:30,23470.1,23489.9,23445.65,23453.15,,14,regular,False,False,2024-06-21 15:15:00+05:30,2024-06-21 15:29:00+05:30
2024-06-24 09:00:00+05:30,23382.3,23393.0,23351.5,23379.45,,1,outside,False,False,2024-06-24 09:14:00+05:30,2024-06-24 09:15:00+05:30
2024-06-24 15:15:00+05:30,23542.65,23553.1,23532.9,23548.65,,14,regular,False,False,2024-06-24 15:15:00+05:30,2024-06-24 15:29:00+05:30
2024-06-25 09:00:00+05:30,23577.1,23603.3,23571.6,23583.0,,1,outside,False,False,2024-06-25 09:14:00+05:30,2024-06-25 09:15:00+05:30
2024-06-25 15:15:00+05:30,23734.15,23754.15,23715.3,23721.9,,14,regular,False,False,2024-06-25 15:15:00+05:30,2024-06-25 15:29:00+05:30
2024-06-26 09:00:00+05:30,23723.1,23749.5,23689.3,23703.05,,1,outside,False,False,2024-06-26 09:14:00+05:30,2024-06-26 09:15:00+05:30
2024-06-26 15:15:00+05:30,23872.0,23887.05,23839.6,23840.25,,14,regular,False,False,2024-06-26 15:15:00+05:30,2024-06-26 15:29:00+05:30
2024-06-27 09:00:00+05:30,23881.55,23887.45,23821.35,23834.25,,1,outside,False,False,2024-06-27 09:14:00+05:30,2024-06-27 09:15:00+05:30
2024-06-27 15:15:00+05:30,24050.15,24087.45,24036.1,24036.1,,14,regular,False,False,2024-06-27 15:15:00+05:30,2024-06-27 15:29:00+05:30
2024-06-28 09:00:00+05:30,24085.9,24120.1,24062.85,24113.2,,1,outside,False,False,2024-06-28 09:14:00+05:30,2024-06-28 09:15:00+05:30
2024-06-28 15:15:00+05:30,23989.45,24012.95,23986.1,24009.8,,14,regular,False,False,2024-06-28 15:15:00+05:30,2024-06-28 15:29:00+05:30
2024-07-01 09:00:00+05:30,23992.95,24035.45,23992.7,24029.4,,1,outside,False,False,2024-07-01 09:14:00+05:30,2024-07-01 09:15:00+05:30
2024-07-01 15:15:00+05:30,24152.9,24152.9,24120.0,24123.15,,14,regular,False,False,2024-07-01 15:15:00+05:30,2024-07-01 15:29:00+05:30
2024-07-02 09:00:00+05:30,24228.75,24236.35,24176.5,24198.2,,1,outside,False,False,2024-07-02 09:14:00+05:30,2024-07-02 09:15:00+05:30
2024-07-02 15:15:00+05:30,24120.1,24130.5,24110.6,24117.8,,14,regular,False,False,2024-07-02 15:15:00+05:30,2024-07-02 15:29:00+05:30
2024-07-03 09:00:00+05:30,24291.75,24292.15,24207.1,24219.9,,1,outside,False,False,2024-07-03 09:14:00+05:30,2024-07-03 09:15:00+05:30
2024-07-03 15:15:00+05:30,24294.3,24309.15,24283.25,24290.8,,14,regular,False,False,2024-07-03 15:15:00+05:30,2024-07-03 15:29:00+05:30
2024-07-04 09:00:00+05:30,24369.95,24372.15,24319.15,24347.3,,1,outside,False,False,2024-07-04 09:14:00+05:30,2024-07-04 09:15:00+05:30
2024-07-04 15:15:00+05:30,24301.15,24310.8,24293.45,24304.65,,14,regular,False,False,2024-07-04 15:15:00+05:30,2024-07-04 15:29:00+05:30
2024-07-05 09:00:00+05:30,24213.35,24260.95,24203.55,24250.85,,1,outside,False,False,2024-07-05 09:14:00+05:30,2024-07-05 09:15:00+05:30
2024-07-05 15:15:00+05:30,24344.25,24363.0,24315.75,24316.75,,14,regular,False,False,2024-07-05 15:15:00+05:30,2024-07-05 15:29:00+05:30
2024-07-08 09:00:00+05:30,24329.45,24331.05,24283.85,24286.0,,1,outside,False,False,2024-07-08 09:14:00+05:30,2024-07-08 09:15:00+05:30
2024-07-08 15:15:00+05:30,24311.9,24344.6,24301.5,24331.05,,14,regular,False,False,2024-07-08 15:15:00+05:30,2024-07-08 15:29:00+05:30
2024-07-09 09:00:00+05:30,24351.0,24366.6,24331.9,24366.6,,1,outside,False,False,2024-07-09 09:14:00+05:30,2024-07-09 09:15:00+05:30
2024-07-09 15:15:00+05:30,24439.3,24443.6,24411.05,24417.25,,14,regular,False,False,2024-07-09 15:15:00+05:30,2024-07-09 15:29:00+05:30
2024-07-10 09:00:00+05:30,24459.85,24461.05,24406.4,24416.55,,1,outside,False,False,2024-07-10 09:14:00+05:30,2024-07-10 09:15:00+05:30
2024-07-10 15:15:00+05:30,24330.7,24337.15,24310.9,24312.4,,14,regular,False,False,2024-07-10 15:15:00+05:30,2024-07-10 15:29:00+05:30
2024-07-11 09:00:00+05:30,24396.55,24402.65,24359.4,24378.1,,1,outside,False,False,2024-07-11 09:14:00+05:30,2024-07-11 09:15:00+05:30
2024-07-11 15:15:00+05:30,24324.05,24357.0,24318.55,24338.5,,14,regular,False,False,2024-07-11 15:15:00+05:30,2024-07-11 15:29:00+05:30
2024-07-12 09:00:00+05:30,24387.95,24398.05,24365.1,24385.15,,1,outside,False,False,2024-07-12 09:14:00+05:30,2024-07-12 09:15:00+05:30
2024-07-12 15:15:00+05:30,24495.0,24516.5,24489.95,24512.4,,14,regular,False,False,2024-07-12 15:15:00+05:30,2024-07-12 15:29:00+05:30
2024-07-15 09:00:00+05:30,24587.6,24598.0,24549.8,24566.25,,1,outside,False,False,2024-07-15 09:14:00+05:30,2024-07-15 09:15:00+05:30
2024-07-15 15:15:00+05:30,24585.6,24588.6,24577.95,24588.35,,14,regular,False,False,2024-07-15 15:15:00+05:30,2024-07-15 15:29:00+05:30
2024-07-16 09:00:00+05:30,24615.9,24650.05,24599.75,24628.45,,1,outside,False,False,2024-07-16 09:14:00+05:30,2024-07-16 09:15:00+05:30
2024-07-16 15:15:00+05:30,24604.55,24616.2,24593.9,24601.1,,14,regular,False,False,2024-07-16 15:15:00+05:30,2024-07-16 15:29:00+05:30
2024-07-18 09:00:00+05:30,24543.8,24568.9,24536.4,24562.6,,1,outside,False,False,2024-07-18 09:14:00+05:30,2024-07-18 09:15:00+05:30
2024-07-18 15:15:00+05:30,24803.9,24810.4,24775.95,24779.35,,14,regular,False,False,2024-07-18 15:15:00+05:30,2024-07-18 15:29:00+05:30
2024-07-19 09:00:00+05:30,24853.8,24854.8,24771.35,24775.0,,1,outside,False,False,2024-07-19 09:14:00+05:30,2024-07-19 09:15:00+05:30
2024-07-19 15:15:00+05:30,24532.8,24534.95,24508.15,24525.85,,14,regular,False,False,2024-07-19 15:15:00+05:30,2024-07-19 15:29:00+05:30
2024-07-22 09:00:00+05:30,24445.75,24457.55,24390.5,24398.2,,1,outside,False,False,2024-07-22 09:14:00+05:30,2024-07-22 09:15:00+05:30
2024-07-22 15:15:00+05:30,24518.35,24520.8,24504.7,24515.9,,14,regular,False,False,2024-07-22 15:15:00+05:30,2024-07-22 15:29:00+05:30
2024-07-23 09:00:00+05:30,24568.9,24582.55,24551.1,24576.35,,1,outside,False,False,2024-07-23 09:14:00+05:30,2024-07-23 09:15:00+05:30
2024-07-23 15:15:00+05:30,24454.5,24479.5,24453.5,24476.4,,14,regular,False,False,2024-07-23 15:15:00+05:30,2024-07-23 15:29:00+05:30
2024-07-24 09:00:00+05:30,24444.95,24454.75,24405.6,24441.0,,1,outside,False,False,2024-07-24 09:14:00+05:30,2024-07-24 09:15:00+05:30
2024-07-24 15:15:00+05:30,24404.0,24446.4,24397.75,24441.9,,14,regular,False,False,2024-07-24 15:15:00+05:30,2024-07-24 15:29:00+05:30
2024-07-25 09:00:00+05:30,24230.95,24276.45,24222.35,24251.15,,1,outside,False,False,2024-07-25 09:14:00+05:30,2024-07-25 09:15:00+05:30
2024-07-25 15:15:00+05:30,24398.6,24423.15,24388.95,24415.0,,14,regular,False,False,2024-07-25 15:15:00+05:30,2024-07-25 15:29:00+05:30
2024-07-26 09:00:00+05:30,24423.35,24456.3,24410.9,24456.3,,1,outside,False,False,2024-07-26 09:14:00+05:30,2024-07-26 09:15:00+05:30
2024-07-26 15:15:00+05:30,24846.55,24861.15,24830.4,24851.75,,14,regular,False,False,2024-07-26 15:15:00+05:30,2024-07-26 15:29:00+05:30
2024-07-29 09:00:00+05:30,24943.3,24980.45,24942.4,24955.75,,1,outside,False,False,2024-07-29 09:14:00+05:30,2024-07-29 09:15:00+05:30
2024-07-29 15:15:00+05:30,24822.95,24848.8,24818.4,24840.95,,14,regular,False,False,2024-07-29 15:15:00+05:30,2024-07-29 15:29:00+05:30
2024-07-30 09:00:00+05:30,24839.4,24858.3,24798.65,24828.1,,1,outside,False,False,2024-07-30 09:14:00+05:30,2024-07-30 09:15:00+05:30
2024-07-30 15:15:00+05:30,24850.3,24861.75,24832.6,24840.9,,14,regular,False,False,2024-07-30 15:15:00+05:30,2024-07-30 15:29:00+05:30
2024-07-31 09:00:00+05:30,24886.7,24908.45,24877.55,24903.9,,1,outside,False,False,2024-07-31 09:14:00+05:30,2024-07-31 09:15:00+05:30
2024-07-31 15:15:00+05:30,24948.8,24984.6,24941.75,24979.3,,14,regular,False,False,2024-07-31 15:15:00+05:30,2024-07-31 15:29:00+05:30
2024-08-01 09:00:00+05:30,25030.95,25033.65,25008.8,25030.0,,1,outside,False,False,2024-08-01 09:14:00+05:30,2024-08-01 09:15:00+05:30
2024-08-01 15:15:00+05:30,25015.65,25030.85,24998.4,25006.0,,14,regular,False,False,2024-08-01 15:15:00+05:30,2024-08-01 15:29:00+05:30
2024-08-02 09:00:00+05:30,24789.0,24829.35,24751.1,24804.9,,1,outside,False,False,2024-08-02 09:14:00+05:30,2024-08-02 09:15:00+05:30
2024-08-02 15:15:00+05:30,24711.7,24736.7,24696.1,24699.45,,14,regular,False,False,2024-08-02 15:15:00+05:30,2024-08-02 15:29:00+05:30
2024-08-05 09:00:00+05:30,24302.85,24350.05,24297.3,24331.6,,1,outside,False,False,2024-08-05 09:14:00+05:30,2024-08-05 09:15:00+05:30
2024-08-05 15:15:00+05:30,24056.5,24066.7,24039.55,24051.8,,14,regular,False,False,2024-08-05 15:15:00+05:30,2024-08-05 15:29:00+05:30
2024-08-06 09:00:00+05:30,24189.85,24356.85,24189.5,24337.75,,1,outside,False,False,2024-08-06 09:14:00+05:30,2024-08-06 09:15:00+05:30
2024-08-06 15:15:00+05:30,23974.0,24039.45,23966.05,24033.05,,14,regular,False,False,2024-08-06 15:15:00+05:30,2024-08-06 15:29:00+05:30
2024-08-07 09:00:00+05:30,24289.4,24290.35,24248.5,24266.35,,1,outside,False,False,2024-08-07 09:14:00+05:30,2024-08-07 09:15:00+05:30
2024-08-07 15:15:00+05:30,24313.85,24316.9,24295.85,24315.25,,14,regular,False,False,2024-08-07 15:15:00+05:30,2024-08-07 15:29:00+05:30
2024-08-08 09:00:00+05:30,24248.55,24260.05,24228.4,24234.5,,1,outside,False,False,2024-08-08 09:14:00+05:30,2024-08-08 09:15:00+05:30
2024-08-08 15:15:00+05:30,24115.1,24117.9,24079.7,24098.7,,14,regular,False,False,2024-08-08 15:15:00+05:30,2024-08-08 15:29:00+05:30
2024-08-09 09:00:00+05:30,24386.85,24387.35,24315.9,24344.15,,1,outside,False,False,2024-08-09 09:14:00+05:30,2024-08-09 09:15:00+05:30
2024-08-09 15:15:00+05:30,24367.85,24374.4,24356.95,24364.4,,14,regular,False,False,2024-08-09 15:15:00+05:30,2024-08-09 15:29:00+05:30
2024-08-12 09:00:00+05:30,24320.05,24323.7,24259.25,24298.25,,1,outside,False,False,2024-08-12 09:14:00+05:30,2024-08-12 09:15:00+05:30
2024-08-12 15:15:00+05:30,24361.25,24365.35,24340.9,24348.8,,14,regular,False,False,2024-08-12 15:15:00+05:30,2024-08-12 15:29:00+05:30
2024-08-13 09:00:00+05:30,24342.35,24359.95,24322.05,24344.25,,1,outside,False,False,2024-08-13 09:14:00+05:30,2024-08-13 09:15:00+05:30
2024-08-13 15:15:00+05:30,24125.1,24144.2,24119.35,24141.2,,14,regular,False,False,2024-08-13 15:15:00+05:30,2024-08-13 15:29:00+05:30
2024-08-14 09:00:00+05:30,24184.4,24196.5,24133.25,24143.55,,1,outside,False,False,2024-08-14 09:14:00+05:30,2024-08-14 09:15:00+05:30
2024-08-14 15:15:00+05:30,24134.95,24157.3,24132.55,24144.5,,14,regular,False,False,2024-08-14 15:15:00+05:30,2024-08-14 15:29:00+05:30
2024-08-16 09:00:00+05:30,24334.85,24342.95,24302.8,24322.6,,1,outside,False,False,2024-08-16 09:14:00+05:30,2024-08-16 09:15:00+05:30
2024-08-16 15:15:00+05:30,24553.15,24561.3,24537.45,24539.2,,14,regular,False,False,2024-08-16 15:15:00+05:30,2024-08-16 15:29:00+05:30
2024-08-19 09:00:00+05:30,24636.35,24636.8,24608.3,24631.15,,1,outside,False,False,2024-08-19 09:14:00+05:30,2024-08-19 09:15:00+05:30
2024-08-19 15:15:00+05:30,24577.85,24590.3,24574.7,24579.0,,14,regular,False,False,2024-08-19 15:15:00+05:30,2024-08-19 15:29:00+05:30
2024-08-20 09:00:00+05:30,24648.9,24660.3,24619.5,24636.6,,1,outside,False,False,2024-08-20 09:14:00+05:30,2024-08-20 09:15:00+05:30
2024-08-20 15:15:00+05:30,24700.8,24705.65,24670.85,24672.85,,14,regular,False,False,2024-08-20 15:15:00+05:30,2024-08-20 15:29:00+05:30
2024-08-21 09:00:00+05:30,24680.55,24690.9,24654.5,24687.5,,1,outside,False,False,2024-08-21 09:14:00+05:30,2024-08-21 09:15:00+05:30
2024-08-21 15:15:00+05:30,24764.35,24787.95,24764.35,24781.9,,14,regular,False,False,2024-08-21 15:15:00+05:30,2024-08-21 15:29:00+05:30
2024-08-22 09:00:00+05:30,24863.4,24867.35,24822.55,24828.45,,1,outside,False,False,2024-08-22 09:14:00+05:30,2024-08-22 09:15:00+05:30
2024-08-22 15:15:00+05:30,24809.65,24822.75,24804.8,24810.9,,14,regular,False,False,2024-08-22 15:15:00+05:30,2024-08-22 15:29:00+05:30
2024-08-23 09:00:00+05:30,24845.4,24858.4,24807.45,24814.9,,1,outside,False,False,2024-08-23 09:14:00+05:30,2024-08-23 09:15:00+05:30
2024-08-23 15:15:00+05:30,24820.55,24841.75,24815.05,24831.85,,14,regular,False,False,2024-08-23 15:15:00+05:30,2024-08-23 15:29:00+05:30
2024-08-26 09:00:00+05:30,24906.1,24917.3,24875.1,24879.85,,1,outside,False,False,2024-08-26 09:14:00+05:30,2024-08-26 09:15:00+05:30
2024-08-26 15:15:00+05:30,25011.7,25016.75,25004.6,25011.45,,14,regular,False,False,2024-08-26 15:15:00+05:30,2024-08-26 15:29:00+05:30
2024-08-27 09:00:00+05:30,25024.8,25037.7,24988.0,24997.25,,1,outside,False,False,2024-08-27 09:14:00+05:30,2024-08-27 09:15:00+05:30
2024-08-27 15:15:00+05:30,25026.75,25027.75,24988.4,24997.05,,14,regular,False,False,2024-08-27 15:15:00+05:30,2024-08-27 15:29:00+05:30
2024-08-28 09:00:00+05:30,25030.8,25037.05,25000.35,25031.15,,1,outside,False,False,2024-08-28 09:14:00+05:30,2024-08-28 09:15:00+05:30
2024-08-28 15:15:00+05:30,25050.25,25051.35,25032.1,25044.85,,14,regular,False,False,2024-08-28 15:15:00+05:30,2024-08-28 15:29:00+05:30
2024-08-29 09:00:00+05:30,25035.3,25044.2,25017.5,25035.0,,1,outside,False,False,2024-08-29 09:14:00+05:30,2024-08-29 09:15:00+05:30
2024-08-29 15:15:00+05:30,25140.0,25166.7,25126.3,25156.75,,14,regular,False,False,2024-08-29 15:15:00+05:30,2024-08-29 15:29:00+05:30
2024-08-30 09:00:00+05:30,25249.7,25257.65,25224.1,25246.25,,1,outside,False,False,2024-08-30 09:14:00+05:30,2024-08-30 09:15:00+05:30
2024-08-30 15:15:00+05:30,25236.65,25268.35,25232.25,25247.0,,14,regular,False,False,2024-08-30 15:15:00+05:30,2024-08-30 15:29:00+05:30
2024-09-02 09:00:00+05:30,25333.6,25333.65,25290.45,25306.95,,1,outside,False,False,2024-09-02 09:14:00+05:30,2024-09-02 09:15:00+05:30
2024-09-02 15:15:00+05:30,25284.05,25289.85,25258.6,25273.9,,14,regular,False,False,2024-09-02 15:15:00+05:30,2024-09-02 15:29:00+05:30
2024-09-03 09:00:00+05:30,25313.4,25321.7,25258.2,25258.2,,1,outside,False,False,2024-09-03 09:14:00+05:30,2024-09-03 09:15:00+05:30
2024-09-03 15:15:00+05:30,25283.55,25284.8,25260.75,25268.85,,14,regular,False,False,2024-09-03 15:15:00+05:30,2024-09-03 15:29:00+05:30
2024-09-04 09:00:00+05:30,25089.95,25133.1,25083.8,25105.45,,1,outside,False,False,2024-09-04 09:14:00+05:30,2024-09-04 09:15:00+05:30
2024-09-04 15:15:00+05:30,25207.85,25216.0,25201.25,25206.35,,14,regular,False,False,2024-09-04 15:15:00+05:30,2024-09-04 15:29:00+05:30
2024-09-05 09:00:00+05:30,25250.5,25275.45,25233.15,25244.45,,1,outside,False,False,2024-09-05 09:14:00+05:30,2024-09-05 09:15:00+05:30
2024-09-05 15:15:00+05:30,25146.25,25163.55,25141.25,25144.8,,14,regular,False,False,2024-09-05 15:15:00+05:30,2024-09-05 15:29:00+05:30
2024-09-06 09:00:00+05:30,25093.7,25131.65,25088.4,25113.6,,1,outside,False,False,2024-09-06 09:14:00+05:30,2024-09-06 09:15:00+05:30
2024-09-06 15:15:00+05:30,24855.45,24878.2,24846.6,24868.5,,14,regular,False,False,2024-09-06 15:15:00+05:30,2024-09-06 15:29:00+05:30
2024-09-09 09:00:00+05:30,24823.4,24827.8,24770.7,24803.25,,1,outside,False,False,2024-09-09 09:14:00+05:30,2024-09-09 09:15:00+05:30
2024-09-09 15:15:00+05:30,24941.0,24957.5,24930.75,24942.25,,14,regular,False,False,2024-09-09 15:15:00+05:30,2024-09-09 15:29:00+05:30
2024-09-10 09:00:00+05:30,24999.4,25014.8,24991.95,24991.95,,1,outside,False,False,2024-09-10 09:14:00+05:30,2024-09-10 09:15:00+05:30
2024-09-10 15:15:00+05:30,25043.95,25061.75,25042.05,25052.1,,14,regular,False,False,2024-09-10 15:15:00+05:30,2024-09-10 15:29:00+05:30
2024-09-11 09:00:00+05:30,25034.0,25038.6,25006.95,25011.9,,1,outside,False,False,2024-09-11 09:14:00+05:30,2024-09-11 09:15:00+05:30
2024-09-11 15:15:00+05:30,24910.5,24951.8,24904.95,24951.8,,14,regular,False,False,2024-09-11 15:15:00+05:30,2024-09-11 15:29:00+05:30
2024-09-12 09:00:00+05:30,25059.65,25059.65,25011.95,25028.75,,1,outside,False,False,2024-09-12 09:14:00+05:30,2024-09-12 09:15:00+05:30
2024-09-12 15:15:00+05:30,25400.8,25403.0,25310.25,25314.95,,14,regular,False,False,2024-09-12 15:15:00+05:30,2024-09-12 15:29:00+05:30
2024-09-13 09:00:00+05:30,25430.45,25430.5,25340.05,25343.85,,1,outside,False,False,2024-09-13 09:14:00+05:30,2024-09-13 09:15:00+05:30
2024-09-13 15:15:00+05:30,25360.1,25366.8,25340.9,25343.55,,14,regular,False,False,2024-09-13 15:15:00+05:30,2024-09-13 15:29:00+05:30
2024-09-16 09:00:00+05:30,25406.65,25411.6,25366.0,25394.75,,1,outside,False,False,2024-09-16 09:14:00+05:30,2024-09-16 09:15:00+05:30
2024-09-16 15:15:00+05:30,25383.9,25390.3,25375.5,25377.2,,14,regular,False,False,2024-09-16 15:15:00+05:30,2024-09-16 15:29:00+05:30
2024-09-17 09:00:00+05:30,25416.9,25416.9,25377.0,25382.3,,1,outside,False,False,2024-09-17 09:14:00+05:30,2024-09-17 09:15:00+05:30
2024-09-17 15:15:00+05:30,25418.15,25420.85,25404.8,25407.15,,14,regular,False,False,2024-09-17 15:15:00+05:30,2024-09-17 15:29:00+05:30
2024-09-18 09:00:00+05:30,25402.4,25409.7,25383.5,25398.75,,1,outside,False,False,2024-09-18 09:14:00+05:30,2024-09-18 09:15:00+05:30
2024-09-18 15:15:00+05:30,25380.9,25382.65,25342.35,25343.45,,14,regular,False,False,2024-09-18 15:15:00+05:30,2024-09-18 15:29:00+05:30
2024-09-19 09:00:00+05:30,25487.05,25537.75,25481.7,25533.9,,1,outside,False,False,2024-09-19 09:14:00+05:30,2024-09-19 09:15:00+05:30
2024-09-19 15:15:00+05:30,25419.5,25453.7,25406.85,25445.0,,14,regular,False,False,2024-09-19 15:15:00+05:30,2024-09-19 15:29:00+05:30
2024-09-20 09:00:00+05:30,25525.95,25547.85,25521.4,25521.4,,1,outside,False,False,2024-09-20 09:14:00+05:30,2024-09-20 09:15:00+05:30
2024-09-20 15:15:00+05:30,25810.55,25849.25,25783.0,25820.35,,14,regular,False,False,2024-09-20 15:15:00+05:30,2024-09-20 15:29:00+05:30
2024-09-23 09:00:00+05:30,25872.55,25885.45,25849.5,25885.45,,1,outside,False,False,2024-09-23 09:14:00+05:30,2024-09-23 09:15:00+05:30
2024-09-23 15:15:00+05:30,25944.3,25945.1,25923.35,25930.15,,14,regular,False,False,2024-09-23 15:15:00+05:30,2024-09-23 15:29:00+05:30
2024-09-24 09:00:00+05:30,25921.45,25936.85,25886.85,25912.4,,1,outside,False,False,2024-09-24 09:14:00+05:30,2024-09-24 09:15:00+05:30
2024-09-24 15:15:00+05:30,25941.5,25959.15,25939.8,25951.9,,14,regular,False,False,2024-09-24 15:15:00+05:30,2024-09-24 15:29:00+05:30
2024-09-25 09:00:00+05:30,25899.45,25922.55,25891.7,25898.35,,1,outside,False,False,2024-09-25 09:14:00+05:30,2024-09-25 09:15:00+05:30
2024-09-25 15:15:00+05:30,26022.9,26032.8,26008.05,26013.5,,14,regular,False,False,2024-09-25 15:15:00+05:30,2024-09-25 15:29:00+05:30
2024-09-26 09:00:00+05:30,26005.4,26021.55,25998.4,26012.2,,1,outside,False,False,2024-09-26 09:14:00+05:30,2024-09-26 09:15:00+05:30
2024-09-26 15:15:00+05:30,26204.55,26220.55,26174.1,26184.65,,14,regular,False,False,2024-09-26 15:15:00+05:30,2024-09-26 15:29:00+05:30
2024-09-27 09:00:00+05:30,26248.25,26250.55,26208.9,26223.65,,1,outside,False,False,2024-09-27 09:14:00+05:30,2024-09-27 09:15:00+05:30
2024-09-27 15:15:00+05:30,26187.25,26197.0,26157.7,26175.0,,14,regular,False,False,2024-09-27 15:15:00+05:30,2024-09-27 15:29:00+05:30
2024-09-30 09:00:00+05:30,26061.3,26134.7,26045.1,26097.9,,1,outside,False,False,2024-09-30 09:14:00+05:30,2024-09-30 09:15:00+05:30
2024-09-30 15:15:00+05:30,25818.4,25829.1,25794.1,25822.8,,14,regular,False,False,2024-09-30 15:15:00+05:30,2024-09-30 15:29:00+05:30
2024-10-01 09:00:00+05:30,25788.45,25898.1,25788.05,25895.6,,1,outside,False,False,2024-10-01 09:14:00+05:30,2024-10-01 09:15:00+05:30
2024-10-01 15:15:00+05:30,25794.0,25816.35,25785.6,25812.55,,14,regular,False,False,2024-10-01 15:15:00+05:30,2024-10-01 15:29:00+05:30
2024-10-03 09:00:00+05:30,25452.85,25603.85,25451.6,25545.35,,1,outside,False,False,2024-10-03 09:14:00+05:30,2024-10-03 09:15:00+05:30
2024-10-03 15:15:00+05:30,25250.25,25274.1,25245.85,25266.0,,14,regular,False,False,2024-10-03 15:15:00+05:30,2024-10-03 15:29:00+05:30
2024-10-04 09:00:00+05:30,25181.9,25287.9,25181.45,25267.0,,1,outside,False,False,2024-10-04 09:14:00+05:30,2024-10-04 09:15:00+05:30
2024-10-04 15:15:00+05:30,25027.65,25049.65,25016.85,25049.1,,14,regular,False,False,2024-10-04 15:15:00+05:30,2024-10-04 15:29:00+05:30
2024-10-07 09:00:00+05:30,25084.1,25133.0,25084.1,25117.45,,1,outside,False,False,2024-10-07 09:14:00+05:30,2024-10-07 09:15:00+05:30
2024-10-07 15:15:00+05:30,24789.65,24832.4,24783.8,24819.0,,14,regular,False,False,2024-10-07 15:15:00+05:30,2024-10-07 15:29:00+05:30
2024-10-08 09:00:00+05:30,24832.2,24865.1,24765.8,24778.45,,1,outside,False,False,2024-10-08 09:14:00+05:30,2024-10-08 09:15:00+05:30
2024-10-08 15:15:00+05:30,25023.75,25042.3,25009.55,25039.5,,14,regular,False,False,2024-10-08 15:15:00+05:30,2024-10-08 15:29:00+05:30
2024-10-09 09:00:00+05:30,25065.8,25091.85,25045.55,25064.8,,1,outside,False,False,2024-10-09 09:14:00+05:30,2024-10-09 09:15:00+05:30
2024-10-09 15:15:00+05:30,24973.85,25020.6,24971.0,25019.55,,14,regular,False,False,2024-10-09 15:15:00+05:30,2024-10-09 15:29:00+05:30
2024-10-10 09:00:00+05:30,25067.05,25083.5,25053.7,25053.7,,1,outside,False,False,2024-10-10 09:14:00+05:30,2024-10-10 09:15:00+05:30
2024-10-10 15:15:00+05:30,24980.6,25019.6,24979.4,25007.55,,14,regular,False,False,2024-10-10 15:15:00+05:30,2024-10-10 15:29:00+05:30
2024-10-11 09:00:00+05:30,24985.3,25012.15,24951.45,24963.55,,1,outside,False,False,2024-10-11 09:14:00+05:30,2024-10-11 09:15:00+05:30
2024-10-11 15:15:00+05:30,24964.55,24979.3,24959.45,24975.05,,14,regular,False,False,2024-10-11 15:15:00+05:30,2024-10-11 15:29:00+05:30
2024-10-14 09:00:00+05:30,25023.45,25049.05,25017.5,25039.7,,1,outside,False,False,2024-10-14 09:14:00+05:30,2024-10-14 09:15:00+05:30
2024-10-14 15:15:00+05:30,25123.9,25148.1,25123.9,25142.3,,14,regular,False,False,2024-10-14 15:15:00+05:30,2024-10-14 15:29:00+05:30
2024-10-15 09:00:00+05:30,25186.3,25212.05,25173.4,25194.6,,1,outside,False,False,2024-10-15 09:14:00+05:30,2024-10-15 09:15:00+05:30
2024-10-15 15:15:00+05:30,25052.65,25079.1,25051.1,25065.15,,14,regular,False,False,2024-10-15 15:15:00+05:30,2024-10-15 15:29:00+05:30
2024-10-16 09:00:00+05:30,25008.55,25030.45,24994.65,25013.35,,1,outside,False,False,2024-10-16 09:14:00+05:30,2024-10-16 09:15:00+05:30
2024-10-16 15:15:00+05:30,24965.1,24967.5,24951.0,24959.9,,14,regular,False,False,2024-10-16 15:15:00+05:30,2024-10-16 15:29:00+05:30
2024-10-17 09:00:00+05:30,25027.4,25029.5,24980.25,25001.25,,1,outside,False,False,2024-10-17 09:14:00+05:30,2024-10-17 09:15:00+05:30
2024-10-17 15:15:00+05:30,24763.7,24764.25,24737.35,24750.2,,14,regular,False,False,2024-10-17 15:15:00+05:30,2024-10-17 15:29:00+05:30
2024-10-18 09:00:00+05:30,24664.95,24694.95,24658.1,24666.8,,1,outside,False,False,2024-10-18 09:14:00+05:30,2024-10-18 09:15:00+05:30
2024-10-18 15:15:00+05:30,24841.4,24876.4,24838.1,24862.65,,14,regular,False,False,2024-10-18 15:15:00+05:30,2024-10-18 15:29:00+05:30
2024-10-21 09:00:00+05:30,24956.15,24972.75,24943.3,24955.95,,1,outside,False,False,2024-10-21 09:14:00+05:30,2024-10-21 09:15:00+05:30
2024-10-21 15:15:00+05:30,24785.4,24789.6,24736.05,24739.45,,14,regular,False,False,2024-10-21 15:15:00+05:30,2024-10-21 15:29:00+05:30
2024-10-22 09:00:00+05:30,24798.65,24805.05,24755.35,24787.25,,1,outside,False,False,2024-10-22 09:14:00+05:30,2024-10-22 09:15:00+05:30
2024-10-22 15:15:00+05:30,24460.3,24486.6,24447.85,24481.75,,14,regular,False,False,2024-10-22 15:15:00+05:30,2024-10-22 15:29:00+05:30
2024-10-23 09:00:00+05:30,24378.15,24475.65,24378.1,24458.45,,1,outside,False,False,2024-10-23 09:14:00+05:30,2024-10-23 09:15:00+05:30
2024-10-23 15:15:00+05:30,24429.25,24441.0,24417.1,24436.0,,14,regular,False,False,2024-10-23 15:15:00+05:30,2024-10-23 15:29:00+05:30
2024-10-24 09:00:00+05:30,24412.7,24480.65,24412.7,24462.95,,1,outside,False,False,2024-10-24 09:14:00+05:30,2024-10-24 09:15:00+05:30
2024-10-24 15:15:00+05:30,24409.65,24417.65,24395.8,24414.6,,14,regular,False,False,2024-10-24 15:15:00+05:30,2024-10-24 15:29:00+05:30
2024-10-25 09:00:00+05:30,24418.05,24436.3,24382.2,24382.2,,1,outside,False,False,2024-10-25 09:14:00+05:30,2024-10-25 09:15:00+05:30
2024-10-25 15:15:00+05:30,24186.5,24225.55,24181.85,24211.8,,14,regular,False,False,2024-10-25 15:15:00+05:30,2024-10-25 15:29:00+05:30
2024-10-28 09:00:00+05:30,24251.1,24292.9,24237.4,24250.95,,1,outside,False,False,2024-10-28 09:14:00+05:30,2024-10-28 09:15:00+05:30
2024-10-28 15:15:00+05:30,24345.15,24368.75,24330.4,24367.7,,14,regular,False,False,2024-10-28 15:15:00+05:30,2024-10-28 15:29:00+05:30
2024-10-29 09:00:00+05:30,24328.85,24378.65,24297.3,24297.3,,1,outside,False,False,2024-10-29 09:14:00+05:30,2024-10-29 09:15:00+05:30
2024-10-29 15:15:00+05:30,24465.15,24471.15,24451.85,24454.0,,14,regular,False,False,2024-10-29 15:15:00+05:30,2024-10-29 15:29:00+05:30
2024-10-30 09:00:00+05:30,24371.45,24436.45,24370.45,24379.75,,1,outside,False,False,2024-10-30 09:14:00+05:30,2024-10-30 09:15:00+05:30
2024-10-30 15:15:00+05:30,24335.65,24359.15,24328.0,24350.3,,14,regular,False,False,2024-10-30 15:15:00+05:30,2024-10-30 15:29:00+05:30
2024-10-31 09:00:00+05:30,24349.85,24372.45,24298.9,24302.1,,1,outside,False,False,2024-10-31 09:14:00+05:30,2024-10-31 09:15:00+05:30
2024-10-31 15:15:00+05:30,24217.75,24241.75,24189.5,24238.5,,14,regular,False,False,2024-10-31 15:15:00+05:30,2024-10-31 15:29:00+05:30
2024-11-01 17:45:00+05:30,24302.75,24320.9,24285.1,24320.9,,1,evening,False,False,2024-11-01 17:59:00+05:30,2024-11-01 18:00:00+05:30
2024-11-01 18:45:00+05:30,24300.6,24303.1,24280.2,24300.55,,14,evening,False,False,2024-11-01 18:45:00+05:30,2024-11-01 18:59:00+05:30
2024-11-04 09:00:00+05:30,24315.75,24316.75,24197.25,24197.25,,1,outside,False,False,2024-11-04 09:14:00+05:30,2024-11-04 09:15:00+05:30
2024-11-04 15:15:00+05:30,23986.8,24011.45,23980.8,23990.95,,14,regular,False,False,2024-11-04 15:15:00+05:30,2024-11-04 15:29:00+05:30
2024-11-05 09:00:00+05:30,23916.5,23963.9,23908.65,23922.95,,1,outside,False,False,2024-11-05 09:14:00+05:30,2024-11-05 09:15:00+05:30
2024-11-05 15:15:00+05:30,24210.2,24220.2,24189.3,24198.15,,14,regular,False,False,2024-11-05 15:15:00+05:30,2024-11-05 15:29:00+05:30
2024-11-06 09:00:00+05:30,24308.75,24314.8,24251.3,24289.45,,1,outside,False,False,2024-11-06 09:14:00+05:30,2024-11-06 09:15:00+05:30
2024-11-06 15:15:00+05:30,24478.0,24500.25,24476.6,24493.9,,14,regular,False,False,2024-11-06 15:15:00+05:30,2024-11-06 15:29:00+05:30
2024-11-07 09:00:00+05:30,24489.6,24503.35,24411.3,24443.05,,1,outside,False,False,2024-11-07 09:14:00+05:30,2024-11-07 09:15:00+05:30
2024-11-07 15:15:00+05:30,24197.6,24211.65,24189.75,24194.6,,14,regular,False,False,2024-11-07 15:15:00+05:30,2024-11-07 15:29:00+05:30
2024-11-08 09:00:00+05:30,24207.7,24223.9,24121.15,24125.9,,1,outside,False,False,2024-11-08 09:14:00+05:30,2024-11-08 09:15:00+05:30
2024-11-08 15:15:00+05:30,24154.25,24155.2,24104.7,24110.35,,14,regular,False,False,2024-11-08 15:15:00+05:30,2024-11-08 15:29:00+05:30
2024-11-11 09:00:00+05:30,24087.25,24094.75,24007.25,24014.6,,1,outside,False,False,2024-11-11 09:14:00+05:30,2024-11-11 09:15:00+05:30
2024-11-11 15:15:00+05:30,24157.2,24157.4,24118.0,24122.1,,14,regular,False,False,2024-11-11 15:15:00+05:30,2024-11-11 15:29:00+05:30
2024-11-12 09:00:00+05:30,24225.8,24242.0,24203.2,24235.0,,1,outside,False,False,2024-11-12 09:14:00+05:30,2024-11-12 09:15:00+05:30
2024-11-12 15:15:00+05:30,23877.2,23883.95,23839.15,23842.95,,14,regular,False,False,2024-11-12 15:15:00+05:30,2024-11-12 15:29:00+05:30
2024-11-13 09:00:00+05:30,23822.45,23841.4,23780.3,23841.4,,1,outside,False,False,2024-11-13 09:14:00+05:30,2024-11-13 09:15:00+05:30
2024-11-13 15:15:00+05:30,23566.75,23618.85,23560.0,23602.9,,14,regular,False,False,2024-11-13 15:15:00+05:30,2024-11-13 15:29:00+05:30
2024-11-14 09:00:00+05:30,23542.15,23645.3,23541.35,23599.75,,1,outside,False,False,2024-11-14 09:14:00+05:30,2024-11-14 09:15:00+05:30
2024-11-14 15:15:00+05:30,23540.95,23562.65,23534.15,23559.6,,14,regular,False,False,2024-11-14 15:15:00+05:30,2024-11-14 15:29:00+05:30
2024-11-18 09:00:00+05:30,23605.3,23606.8,23510.85,23587.75,,1,outside,False,False,2024-11-18 09:14:00+05:30,2024-11-18 09:15:00+05:30
2024-11-18 15:15:00+05:30,23461.1,23474.85,23447.95,23465.3,,14,regular,False,False,2024-11-18 15:15:00+05:30,2024-11-18 15:29:00+05:30
2024-11-19 09:00:00+05:30,23529.55,23564.3,23517.1,23551.1,,1,outside,False,False,2024-11-19 09:14:00+05:30,2024-11-19 09:15:00+05:30
2024-11-19 15:15:00+05:30,23480.55,23518.3,23464.8,23468.7,,14,regular,False,False,2024-11-19 15:15:00+05:30,2024-11-19 15:29:00+05:30
2024-11-21 09:00:00+05:30,23488.45,23507.3,23338.75,23446.75,,1,outside,False,False,2024-11-21 09:14:00+05:30,2024-11-21 09:15:00+05:30
2024-11-21 15:15:00+05:30,23352.7,23367.5,23339.75,23346.75,,14,regular,False,False,2024-11-21 15:15:00+05:30,2024-11-21 15:29:00+05:30
2024-11-22 09:00:00+05:30,23411.8,23427.3,23359.0,23399.65,,1,outside,False,False,2024-11-22 09:14:00+05:30,2024-11-22 09:15:00+05:30
2024-11-22 15:15:00+05:30,23888.8,23905.15,23854.9,23873.5,,14,regular,False,False,2024-11-22 15:15:00+05:30,2024-11-22 15:29:00+05:30
2024-11-25 09:00:00+05:30,24253.55,24304.2,24212.25,24288.7,,1,outside,False,False,2024-11-25 09:14:00+05:30,2024-11-25 09:15:00+05:30
2024-11-25 15:15:00+05:30,24227.7,24260.9,24224.65,24250.8,,14,regular,False,False,2024-11-25 15:15:00+05:30,2024-11-25 15:29:00+05:30
2024-11-26 09:00:00+05:30,24343.3,24343.3,24281.3,24286.8,,1,outside,False,False,2024-11-26 09:14:00+05:30,2024-11-26 09:15:00+05:30
2024-11-26 15:15:00+05:30,24191.55,24201.8,24183.25,24192.95,,14,regular,False,False,2024-11-26 15:15:00+05:30,2024-11-26 15:29:00+05:30
2024-11-27 09:00:00+05:30,24204.8,24268.85,24153.75,24164.05,,1,outside,False,False,2024-11-27 09:14:00+05:30,2024-11-27 09:15:00+05:30
2024-11-27 15:15:00+05:30,24272.5,24281.55,24267.1,24277.35,,14,regular,False,False,2024-11-27 15:15:00+05:30,2024-11-27 15:29:00+05:30
2024-11-28 09:00:00+05:30,24274.15,24323.05,24265.5,24300.7,,1,outside,False,False,2024-11-28 09:14:00+05:30,2024-11-28 09:15:00+05:30
2024-11-28 15:15:00+05:30,23915.25,23959.45,23915.25,23957.45,,14,regular,False,False,2024-11-28 15:15:00+05:30,2024-11-28 15:29:00+05:30
2024-11-29 09:00:00+05:30,23927.15,23989.55,23927.15,23959.35,,1,outside,False,False,2024-11-29 09:14:00+05:30,2024-11-29 09:15:00+05:30
2024-11-29 15:15:00+05:30,24132.1,24144.8,24111.95,24123.65,,14,regular,False,False,2024-11-29 15:15:00+05:30,2024-11-29 15:29:00+05:30
2024-12-02 09:00:00+05:30,24140.85,24154.65,24030.55,24048.4,,1,outside,False,False,2024-12-02 09:14:00+05:30,2024-12-02 09:15:00+05:30
2024-12-02 15:15:00+05:30,24277.3,24280.1,24259.0,24275.25,,14,regular,False,False,2024-12-02 15:15:00+05:30,2024-12-02 15:29:00+05:30
2024-12-03 09:00:00+05:30,24367.5,24377.9,24305.55,24328.4,,1,outside,False,False,2024-12-03 09:14:00+05:30,2024-12-03 09:15:00+05:30
2024-12-03 15:15:00+05:30,24458.05,24466.1,24432.75,24445.85,,14,regular,False,False,2024-12-03 15:15:00+05:30,2024-12-03 15:29:00+05:30
2024-12-04 09:00:00+05:30,24488.75,24501.15,24446.85,24465.7,,1,outside,False,False,2024-12-04 09:14:00+05:30,2024-12-04 09:15:00+05:30
2024-12-04 15:15:00+05:30,24470.65,24482.4,24456.45,24461.55,,14,regular,False,False,2024-12-04 15:15:00+05:30,2024-12-04 15:29:00+05:30
2024-12-05 09:00:00+05:30,24539.15,24539.95,24476.05,24499.95,,1,outside,False,False,2024-12-05 09:14:00+05:30,2024-12-05 09:15:00+05:30
2024-12-05 15:15:00+05:30,24743.15,24759.9,24694.3,24701.55,,14,regular,False,False,2024-12-05 15:15:00+05:30,2024-12-05 15:29:00+05:30
2024-12-06 09:00:00+05:30,24729.45,24742.9,24687.25,24693.55,,1,outside,False,False,2024-12-06 09:14:00+05:30,2024-12-06 09:15:00+05:30
2024-12-06 15:15:00+05:30,24689.25,24692.6,24661.55,24669.0,,14,regular,False,False,2024-12-06 15:15:00+05:30,2024-12-06 15:29:00+05:30
2024-12-09 09:00:00+05:30,24633.9,24657.0,24621.85,24649.9,,1,outside,False,False,2024-12-09 09:14:00+05:30,2024-12-09 09:15:00+05:30
2024-12-09 15:15:00+05:30,24611.1,24635.25,24608.3,24626.6,,14,regular,False,False,2024-12-09 15:15:00+05:30,2024-12-09 15:29:00+05:30
2024-12-10 09:00:00+05:30,24652.65,24655.2,24615.4,24630.9,,1,outside,False,False,2024-12-10 09:14:00+05:30,2024-12-10 09:15:00+05:30
2024-12-10 15:15:00+05:30,24615.9,24628.7,24606.5,24620.5,,14,regular,False,False,2024-12-10 15:15:00+05:30,2024-12-10 15:29:00+05:30
2024-12-11 09:00:00+05:30,24620.5,24641.2,24597.6,24615.05,,1,outside,False,False,2024-12-11 09:14:00+05:30,2024-12-11 09:15:00+05:30
2024-12-11 15:15:00+05:30,24649.55,24650.55,24622.55,24629.5,,14,regular,False,False,2024-12-11 15:15:00+05:30,2024-12-11 15:29:00+05:30
2024-12-12 09:00:00+05:30,24604.45,24653.8,24604.45,24626.15,,1,outside,False,False,2024-12-12 09:14:00+05:30,2024-12-12 09:15:00+05:30
2024-12-12 15:15:00+05:30,24555.35,24561.3,24534.6,24539.5,,14,regular,False,False,2024-12-12 15:15:00+05:30,2024-12-12 15:29:00+05:30
2024-12-13 09:00:00+05:30,24498.35,24520.8,24490.1,24517.05,,1,outside,False,False,2024-12-13 09:14:00+05:30,2024-12-13 09:15:00+05:30
2024-12-13 15:15:00+05:30,24763.55,24792.3,24761.05,24781.3,,14,regular,False,False,2024-12-13 15:15:00+05:30,2024-12-13 15:29:00+05:30
2024-12-16 09:00:00+05:30,24753.4,24781.25,24732.15,24737.1,,1,outside,False,False,2024-12-16 09:14:00+05:30,2024-12-16 09:15:00+05:30
2024-12-16 15:15:00+05:30,24669.5,24671.45,24647.5,24648.25,,14,regular,False,False,2024-12-16 15:15:00+05:30,2024-12-16 15:29:00+05:30
2024-12-17 09:00:00+05:30,24584.8,24607.9,24575.75,24579.05,,1,outside,False,False,2024-12-17 09:14:00+05:30,2024-12-17 09:15:00+05:30
2024-12-17 15:15:00+05:30,24337.25,24339.15,24316.4,24319.35,,14,regular,False,False,2024-12-17 15:15:00+05:30,2024-12-17 15:29:00+05:30
2024-12-18 09:00:00+05:30,24297.95,24323.4,24292.15,24311.7,,1,outside,False,False,2024-12-18 09:14:00+05:30,2024-12-18 09:15:00+05:30
2024-12-18 15:15:00+05:30,24198.55,24215.3,24197.65,24214.7,,14,regular,False,False,2024-12-18 15:15:00+05:30,2024-12-18 15:29:00+05:30
2024-12-19 09:00:00+05:30,23877.15,24000.75,23870.3,23954.65,,1,outside,False,False,2024-12-19 09:14:00+05:30,2024-12-19 09:15:00+05:30
2024-12-19 15:15:00+05:30,23943.85,23964.85,23934.35,23961.95,,14,regular,False,False,2024-12-19 15:15:00+05:30,2024-12-19 15:29:00+05:30
2024-12-20 09:00:00+05:30,23960.7,23990.85,23915.7,23927.45,,1,outside,False,False,2024-12-20 09:14:00+05:30,2024-12-20 09:15:00+05:30
2024-12-20 15:15:00+05:30,23561.65,23632.3,23553.65,23631.35,,14,regular,False,False,2024-12-20 15:15:00+05:30,2024-12-20 15:29:00+05:30
2024-12-23 09:00:00+05:30,23738.2,23776.1,23733.2,23758.95,,1,outside,False,False,2024-12-23 09:14:00+05:30,2024-12-23 09:15:00+05:30
2024-12-23 15:15:00+05:30,23753.1,23770.0,23743.9,23747.2,,14,regular,False,False,2024-12-23 15:15:00+05:30,2024-12-23 15:29:00+05:30
2024-12-24 09:00:00+05:30,23769.1,23798.1,23746.1,23761.15,,1,outside,False,False,2024-12-24 09:14:00+05:30,2024-12-24 09:15:00+05:30
2024-12-24 15:15:00+05:30,23726.3,23749.35,23685.15,23730.35,,14,regular,False,False,2024-12-24 15:15:00+05:30,2024-12-24 15:29:00+05:30
2024-12-26 09:00:00+05:30,23775.8,23815.45,23773.6,23794.85,,1,outside,False,False,2024-12-26 09:14:00+05:30,2024-12-26 09:15:00+05:30
2024-12-26 15:15:00+05:30,23753.9,23769.75,23738.95,23760.3,,14,regular,False,False,2024-12-26 15:15:00+05:30,2024-12-26 15:29:00+05:30
2024-12-27 09:00:00+05:30,23801.4,23842.0,23800.6,23819.5,,1,outside,False,False,2024-12-27 09:14:00+05:30,2024-12-27 09:15:00+05:30
2024-12-27 15:15:00+05:30,23809.65,23841.1,23805.65,23832.45,,14,regular,False,False,2024-12-27 15:15:00+05:30,2024-12-27 15:29:00+05:30
2024-12-30 09:00:00+05:30,23796.9,23818.8,23767.75,23782.65,,1,outside,False,False,2024-12-30 09:14:00+05:30,2024-12-30 09:15:00+05:30
2024-12-30 15:15:00+05:30,23645.4,23680.3,23627.3,23658.65,,14,regular,False,False,2024-12-30 15:15:00+05:30,2024-12-30 15:29:00+05:30
2024-12-31 09:00:00+05:30,23560.6,23581.0,23539.35,23551.35,,1,outside,False,False,2024-12-31 09:14:00+05:30,2024-12-31 09:15:00+05:30
2024-12-31 15:15:00+05:30,23639.95,23669.4,23638.9,23668.8,,14,regular,False,False,2024-12-31 15:15:00+05:30,2024-12-31 15:29:00+05:30
2025-01-01 09:00:00+05:30,23637.65,23681.7,23633.35,23649.55,,1,outside,False,False,2025-01-01 09:14:00+05:30,2025-01-01 09:15:00+05:30
2025-01-01 15:15:00+05:30,23739.9,23769.8,23737.0,23758.7,,14,regular,False,False,2025-01-01 15:15:00+05:30,2025-01-01 15:29:00+05:30
2025-01-02 09:00:00+05:30,23783.0,23808.4,23776.75,23787.6,,1,outside,False,False,2025-01-02 09:14:00+05:30,2025-01-02 09:15:00+05:30
2025-01-02 15:15:00+05:30,24188.0,24194.5,24164.9,24167.95,,14,regular,False,False,2025-01-02 15:15:00+05:30,2025-01-02 15:29:00+05:30
2025-01-03 09:00:00+05:30,24196.4,24196.45,24138.7,24152.65,,1,outside,False,False,2025-01-03 09:14:00+05:30,2025-01-03 09:15:00+05:30
2025-01-03 15:15:00+05:30,24017.5,24019.1,23976.75,23990.15,,14,regular,False,False,2025-01-03 15:15:00+05:30,2025-01-03 15:29:00+05:30
2025-01-06 09:00:00+05:30,24045.8,24051.7,24020.4,24039.65,,1,outside,False,False,2025-01-06 09:14:00+05:30,2025-01-06 09:15:00+05:30
2025-01-06 15:15:00+05:30,23589.25,23636.95,23580.15,23629.6,,14,regular,False,False,2025-01-06 15:15:00+05:30,2025-01-06 15:29:00+05:30
2025-01-07 09:00:00+05:30,23679.9,23756.75,23679.85,23756.75,,1,outside,False,False,2025-01-07 09:14:00+05:30,2025-01-07 09:15:00+05:30
2025-01-07 15:15:00+05:30,23699.35,23712.05,23686.8,23694.6,,14,regular,False,False,2025-01-07 15:15:00+05:30,2025-01-07 15:29:00+05:30
2025-01-08 09:00:00+05:30,23746.65,23751.85,23692.35,23702.75,,1,outside,False,False,2025-01-08 09:14:00+05:30,2025-01-08 09:15:00+05:30
2025-01-08 15:15:00+05:30,23690.7,23696.9,23674.2,23675.2,,14,regular,False,False,2025-01-08 15:15:00+05:30,2025-01-08 15:29:00+05:30
2025-01-09 09:00:00+05:30,23674.75,23689.5,23607.75,23643.7,,1,outside,False,False,2025-01-09 09:14:00+05:30,2025-01-09 09:15:00+05:30
2025-01-09 15:15:00+05:30,23517.25,23561.05,23514.3,23557.2,,14,regular,False,False,2025-01-09 15:15:00+05:30,2025-01-09 15:29:00+05:30
2025-01-10 09:00:00+05:30,23551.9,23587.4,23537.95,23572.05,,1,outside,False,False,2025-01-10 09:14:00+05:30,2025-01-10 09:15:00+05:30
2025-01-10 15:15:00+05:30,23429.3,23449.4,23422.4,23437.35,,14,regular,False,False,2025-01-10 15:15:00+05:30,2025-01-10 15:29:00+05:30
2025-01-13 09:00:00+05:30,23195.4,23228.2,23190.75,23217.65,,1,outside,False,False,2025-01-13 09:14:00+05:30,2025-01-13 09:15:00+05:30
2025-01-13 15:15:00+05:30,23095.15,23101.8,23082.75,23088.7,,14,regular,False,False,2025-01-13 15:15:00+05:30,2025-01-13 15:29:00+05:30
2025-01-14 09:00:00+05:30,23165.9,23203.95,23160.35,23203.95,,1,outside,False,False,2025-01-14 09:14:00+05:30,2025-01-14 09:15:00+05:30
2025-01-14 15:15:00+05:30,23173.6,23223.05,23170.4,23206.85,,14,regular,False,False,2025-01-14 15:15:00+05:30,2025-01-14 15:29:00+05:30
2025-01-15 09:00:00+05:30,23250.45,23273.55,23236.5,23240.9,,1,outside,False,False,2025-01-15 09:14:00+05:30,2025-01-15 09:15:00+05:30
2025-01-15 15:15:00+05:30,23204.05,23229.3,23190.85,23228.1,,14,regular,False,False,2025-01-15 15:15:00+05:30,2025-01-15 15:29:00+05:30
2025-01-16 09:00:00+05:30,23377.25,23391.65,23315.75,23334.0,,1,outside,False,False,2025-01-16 09:14:00+05:30,2025-01-16 09:15:00+05:30
2025-01-16 15:15:00+05:30,23320.5,23353.25,23304.45,23350.8,,14,regular,False,False,2025-01-16 15:15:00+05:30,2025-01-16 15:29:00+05:30
2025-01-17 09:00:00+05:30,23277.1,23292.1,23194.1,23200.3,,1,outside,False,False,2025-01-17 09:14:00+05:30,2025-01-17 09:15:00+05:30
2025-01-17 15:15:00+05:30,23202.15,23210.55,23194.8,23203.1,,14,regular,False,False,2025-01-17 15:15:00+05:30,2025-01-17 15:29:00+05:30
2025-01-20 09:00:00+05:30,23298.9,23308.35,23237.75,23237.75,,1,outside,False,False,2025-01-20 09:14:00+05:30,2025-01-20 09:15:00+05:30
2025-01-20 15:15:00+05:30,23341.5,23345.35,23329.4,23337.05,,14,regular,False,False,2025-01-20 15:15:00+05:30,2025-01-20 15:29:00+05:30
2025-01-21 09:00:00+05:30,23421.65,23426.3,23390.0,23391.05,,1,outside,False,False,2025-01-21 09:14:00+05:30,2025-01-21 09:15:00+05:30
2025-01-21 15:15:00+05:30,23033.5,23057.45,23027.7,23053.05,,14,regular,False,False,2025-01-21 15:15:00+05:30,2025-01-21 15:29:00+05:30
2025-01-22 09:00:00+05:30,23099.15,23119.4,23070.0,23100.05,,1,outside,False,False,2025-01-22 09:14:00+05:30,2025-01-22 09:15:00+05:30
2025-01-22 15:15:00+05:30,23154.6,23163.85,23147.6,23161.75,,14,regular,False,False,2025-01-22 15:15:00+05:30,2025-01-22 15:29:00+05:30
2025-01-23 09:00:00+05:30,23128.3,23146.45,23092.55,23099.6,,1,outside,False,False,2025-01-23 09:14:00+05:30,2025-01-23 09:15:00+05:30
2025-01-23 15:15:00+05:30,23205.7,23218.2,23191.7,23216.3,,14,regular,False,False,2025-01-23 15:15:00+05:30,2025-01-23 15:29:00+05:30
2025-01-24 09:00:00+05:30,23183.9,23240.1,23177.8,23236.3,,1,outside,False,False,2025-01-24 09:14:00+05:30,2025-01-24 09:15:00+05:30
2025-01-24 15:15:00+05:30,23092.4,23105.1,23080.7,23090.35,,14,regular,False,False,2025-01-24 15:15:00+05:30,2025-01-24 15:29:00+05:30
2025-01-27 09:00:00+05:30,22940.15,22952.55,22914.35,22943.05,,1,outside,False,False,2025-01-27 09:14:00+05:30,2025-01-27 09:15:00+05:30
2025-01-27 15:15:00+05:30,22837.5,22838.05,22814.35,22816.85,,14,regular,False,False,2025-01-27 15:15:00+05:30,2025-01-27 15:29:00+05:30
2025-01-28 09:00:00+05:30,22960.45,22973.45,22917.4,22936.15,,1,outside,False,False,2025-01-28 09:14:00+05:30,2025-01-28 09:15:00+05:30
2025-01-28 15:15:00+05:30,22963.45,22984.5,22960.7,22976.3,,14,regular,False,False,2025-01-28 15:15:00+05:30,2025-01-28 15:29:00+05:30
2025-01-29 09:00:00+05:30,23026.75,23046.0,23019.55,23037.5,,1,outside,False,False,2025-01-29 09:14:00+05:30,2025-01-29 09:15:00+05:30
2025-01-29 15:15:00+05:30,23157.5,23183.35,23156.1,23176.2,,14,regular,False,False,2025-01-29 15:15:00+05:30,2025-01-29 15:29:00+05:30
2025-01-30 09:00:00+05:30,23169.5,23186.7,23139.5,23145.7,,1,outside,False,False,2025-01-30 09:14:00+05:30,2025-01-30 09:15:00+05:30
2025-01-30 15:15:00+05:30,23246.65,23322.05,23246.65,23297.95,,14,regular,False,False,2025-01-30 15:15:00+05:30,2025-01-30 15:29:00+05:30
2025-01-31 09:00:00+05:30,23296.75,23315.25,23277.4,23285.7,,1,outside,False,False,2025-01-31 09:14:00+05:30,2025-01-31 09:15:00+05:30
2025-01-31 15:15:00+05:30,23509.55,23546.8,23498.25,23533.85,,14,regular,False,False,2025-01-31 15:15:00+05:30,2025-01-31 15:29:00+05:30
2025-02-01 09:00:00+05:30,23528.6,23595.45,23524.55,23536.05,,1,outside,False,False,2025-02-01 09:14:00+05:30,2025-02-01 09:15:00+05:30
2025-02-01 15:15:00+05:30,23479.0,23499.75,23463.35,23495.3,,14,regular,False,False,2025-02-01 15:15:00+05:30,2025-02-01 15:29:00+05:30
2025-02-03 09:00:00+05:30,23319.35,23345.15,23258.6,23271.85,,1,outside,False,False,2025-02-03 09:14:00+05:30,2025-02-03 09:15:00+05:30
2025-02-03 15:15:00+05:30,23357.0,23362.9,23349.95,23359.7,,14,regular,False,False,2025-02-03 15:15:00+05:30,2025-02-03 15:29:00+05:30
2025-02-04 09:00:00+05:30,23509.9,23514.35,23479.45,23495.7,,1,outside,False,False,2025-02-04 09:14:00+05:30,2025-02-04 09:15:00+05:30
2025-02-04 15:15:00+05:30,23735.7,23743.05,23697.05,23707.7,,14,regular,False,False,2025-02-04 15:15:00+05:30,2025-02-04 15:29:00+05:30
2025-02-05 09:00:00+05:30,23801.75,23807.3,23762.55,23768.1,,1,outside,False,False,2025-02-05 09:14:00+05:30,2025-02-05 09:15:00+05:30
2025-02-05 15:15:00+05:30,23694.0,23700.9,23685.1,23686.75,,14,regular,False,False,2025-02-05 15:15:00+05:30,2025-02-05 15:29:00+05:30
2025-02-06 09:00:00+05:30,23761.95,23773.55,23717.65,23723.65,,1,outside,False,False,2025-02-06 09:14:00+05:30,2025-02-06 09:15:00+05:30
2025-02-06 15:15:00+05:30,23592.9,23633.7,23592.9,23628.05,,14,regular,False,False,2025-02-06 15:15:00+05:30,2025-02-06 15:29:00+05:30
2025-02-07 09:00:00+05:30,23649.5,23683.9,23606.55,23610.4,,1,outside,False,False,2025-02-07 09:14:00+05:30,2025-02-07 09:15:00+05:30
2025-02-07 15:15:00+05:30,23586.65,23591.25,23557.35,23563.15,,14,regular,False,False,2025-02-07 15:15:00+05:30,2025-02-07 15:29:00+05:30
2025-02-10 09:00:00+05:30,23543.8,23568.6,23476.75,23476.75,,1,outside,False,False,2025-02-10 09:14:00+05:30,2025-02-10 09:15:00+05:30
2025-02-10 15:15:00+05:30,23380.5,23387.15,23370.85,23376.05,,14,regular,False,False,2025-02-10 15:15:00+05:30,2025-02-10 15:29:00+05:30
2025-02-11 09:00:00+05:30,23383.55,23390.05,23341.25,23347.45,,1,outside,False,False,2025-02-11 09:14:00+05:30,2025-02-11 09:15:00+05:30
2025-02-11 15:15:00+05:30,23075.1,23080.8,23060.4,23070.5,,14,regular,False,False,2025-02-11 15:15:00+05:30,2025-02-11 15:29:00+05:30
2025-02-12 09:00:00+05:30,23050.8,23097.95,23031.55,23042.9,,1,outside,False,False,2025-02-12 09:14:00+05:30,2025-02-12 09:15:00+05:30
2025-02-12 15:15:00+05:30,23054.1,23063.2,23043.15,23057.8,,14,regular,False,False,2025-02-12 15:15:00+05:30,2025-02-12 15:29:00+05:30
2025-02-13 09:00:00+05:30,23055.75,23115.05,23052.65,23097.3,,1,outside,False,False,2025-02-13 09:14:00+05:30,2025-02-13 09:15:00+05:30
2025-02-13 15:15:00+05:30,23037.2,23039.35,23014.4,23019.4,,14,regular,False,False,2025-02-13 15:15:00+05:30,2025-02-13 15:29:00+05:30
2025-02-14 09:00:00+05:30,23096.45,23125.25,23083.2,23113.95,,1,outside,False,False,2025-02-14 09:14:00+05:30,2025-02-14 09:15:00+05:30
2025-02-14 15:15:00+05:30,22930.2,22935.6,22895.85,22897.25,,14,regular,False,False,2025-02-14 15:15:00+05:30,2025-02-14 15:29:00+05:30
2025-02-17 09:00:00+05:30,22809.9,22835.5,22750.4,22753.55,,1,outside,False,False,2025-02-17 09:14:00+05:30,2025-02-17 09:15:00+05:30
2025-02-17 15:15:00+05:30,22963.5,22974.2,22954.8,22963.5,,14,regular,False,False,2025-02-17 15:15:00+05:30,2025-02-17 15:29:00+05:30
2025-02-18 09:00:00+05:30,22963.65,22992.5,22932.9,22956.1,,1,outside,False,False,2025-02-18 09:14:00+05:30,2025-02-18 09:15:00+05:30
2025-02-18 15:15:00+05:30,22941.75,22942.45,22918.3,22923.15,,14,regular,False,False,2025-02-18 15:15:00+05:30,2025-02-18 15:29:00+05:30
2025-02-19 09:00:00+05:30,22847.25,22847.55,22817.4,22828.55,,1,outside,False,False,2025-02-19 09:14:00+05:30,2025-02-19 09:15:00+05:30
2025-02-19 15:15:00+05:30,22934.75,22936.5,22912.35,22914.4,,14,regular,False,False,2025-02-19 15:15:00+05:30,2025-02-19 15:29:00+05:30
2025-02-20 09:00:00+05:30,22821.1,22871.4,22813.95,22860.6,,1,outside,False,False,2025-02-20 09:14:00+05:30,2025-02-20 09:15:00+05:30
2025-02-20 15:15:00+05:30,22915.55,22920.8,22905.0,22906.25,,14,regular,False,False,2025-02-20 15:15:00+05:30,2025-02-20 15:29:00+05:30
2025-02-21 09:00:00+05:30,22855.8,22885.7,22849.65,22885.7,,1,outside,False,False,2025-02-21 09:14:00+05:30,2025-02-21 09:15:00+05:30
2025-02-21 15:15:00+05:30,22802.05,22804.25,22763.2,22764.35,,14,regular,False,False,2025-02-21 15:15:00+05:30,2025-02-21 15:29:00+05:30
2025-02-24 09:00:00+05:30,22611.5,22668.05,22607.5,22664.05,,1,outside,False,False,2025-02-24 09:14:00+05:30,2025-02-24 09:15:00+05:30
2025-02-24 15:15:00+05:30,22550.5,22563.05,22544.15,22548.85,,14,regular,False,False,2025-02-24 15:15:00+05:30,2025-02-24 15:29:00+05:30
2025-02-25 09:00:00+05:30,22516.45,22584.65,22516.45,22560.45,,1,outside,False,False,2025-02-25 09:14:00+05:30,2025-02-25 09:15:00+05:30
2025-02-25 15:15:00+05:30,22550.6,22552.35,22513.9,22526.3,,14,regular,False,False,2025-02-25 15:15:00+05:30,2025-02-25 15:29:00+05:30
2025-02-27 09:00:00+05:30,22568.95,22613.3,22568.95,22584.6,,1,outside,False,False,2025-02-27 09:14:00+05:30,2025-02-27 09:15:00+05:30
2025-02-27 15:15:00+05:30,22543.8,22546.45,22508.4,22510.85,,14,regular,False,False,2025-02-27 15:15:00+05:30,2025-02-27 15:29:00+05:30
2025-02-28 09:00:00+05:30,22433.4,22450.35,22343.4,22348.45,,1,outside,False,False,2025-02-28 09:14:00+05:30,2025-02-28 09:15:00+05:30
2025-02-28 15:15:00+05:30,22125.45,22127.65,22104.85,22127.4,,14,regular,False,False,2025-02-28 15:15:00+05:30,2025-02-28 15:29:00+05:30
2025-03-03 09:00:00+05:30,22194.55,22246.1,22194.2,22219.35,,1,outside,False,False,2025-03-03 09:14:00+05:30,2025-03-03 09:15:00+05:30
2025-03-03 15:15:00+05:30,22113.25,22146.55,22110.1,22143.15,,14,regular,False,False,2025-03-03 15:15:00+05:30,2025-03-03 15:29:00+05:30
2025-03-04 09:00:00+05:30,21974.45,22016.7,21972.15,21985.55,,1,outside,False,False,2025-03-04 09:14:00+05:30,2025-03-04 09:15:00+05:30
2025-03-04 15:15:00+05:30,22083.15,22090.95,22064.7,22080.3,,14,regular,False,False,2025-03-04 15:15:00+05:30,2025-03-04 15:29:00+05:30
2025-03-05 09:00:00+05:30,22073.05,22148.45,22067.8,22132.0,,1,outside,False,False,2025-03-05 09:14:00+05:30,2025-03-05 09:15:00+05:30
2025-03-05 15:15:00+05:30,22331.1,22351.25,22326.35,22346.65,,14,regular,False,False,2025-03-05 15:15:00+05:30,2025-03-05 15:29:00+05:30
2025-03-06 09:00:00+05:30,22476.35,22491.3,22417.45,22451.95,,1,outside,False,False,2025-03-06 09:14:00+05:30,2025-03-06 09:15:00+05:30
2025-03-06 15:15:00+05:30,22543.8,22553.1,22520.6,22529.2,,14,regular,False,False,2025-03-06 15:15:00+05:30,2025-03-06 15:29:00+05:30
2025-03-07 09:00:00+05:30,22508.65,22527.85,22464.75,22479.95,,1,outside,False,False,2025-03-07 09:14:00+05:30,2025-03-07 09:15:00+05:30
2025-03-07 15:15:00+05:30,22542.8,22551.0,22530.35,22536.95,,14,regular,False,False,2025-03-07 15:15:00+05:30,2025-03-07 15:29:00+05:30
2025-03-10 09:00:00+05:30,22521.85,22571.2,22518.55,22560.9,,1,outside,False,False,2025-03-10 09:14:00+05:30,2025-03-10 09:15:00+05:30
2025-03-10 15:15:00+05:30,22463.25,22463.95,22436.4,22441.1,,14,regular,False,False,2025-03-10 15:15:00+05:30,2025-03-10 15:29:00+05:30
2025-03-11 09:00:00+05:30,22345.95,22356.95,22320.45,22344.4,,1,outside,False,False,2025-03-11 09:14:00+05:30,2025-03-11 09:15:00+05:30
2025-03-11 15:15:00+05:30,22497.05,22522.1,22490.75,22522.1,,14,regular,False,False,2025-03-11 15:15:00+05:30,2025-03-11 15:29:00+05:30
2025-03-12 09:00:00+05:30,22536.35,22577.4,22531.4,22545.9,,1,outside,False,False,2025-03-12 09:14:00+05:30,2025-03-12 09:15:00+05:30
2025-03-12 15:15:00+05:30,22462.15,22472.7,22452.75,22468.5,,14,regular,False,False,2025-03-12 15:15:00+05:30,2025-03-12 15:29:00+05:30
2025-03-13 09:00:00+05:30,22541.5,22556.0,22496.15,22503.65,,1,outside,False,False,2025-03-13 09:14:00+05:30,2025-03-13 09:15:00+05:30
2025-03-13 15:15:00+05:30,22411.35,22412.75,22379.45,22383.3,,14,regular,False,False,2025-03-13 15:15:00+05:30,2025-03-13 15:29:00+05:30
2025-03-17 09:00:00+05:30,22353.15,22488.5,22353.15,22481.8,,1,outside,False,False,2025-03-17 09:14:00+05:30,2025-03-17 09:15:00+05:30
2025-03-17 15:15:00+05:30,22513.75,22520.5,22506.25,22515.25,,14,regular,False,False,2025-03-17 15:15:00+05:30,2025-03-17 15:29:00+05:30
2025-03-18 09:00:00+05:30,22662.25,22670.15,22599.2,22613.25,,1,outside,False,False,2025-03-18 09:14:00+05:30,2025-03-18 09:15:00+05:30
2025-03-18 15:15:00+05:30,22839.25,22857.8,22833.95,22848.75,,14,regular,False,False,2025-03-18 15:15:00+05:30,2025-03-18 15:29:00+05:30
2025-03-19 09:00:00+05:30,22874.95,22888.3,22830.7,22841.45,,1,outside,False,False,2025-03-19 09:14:00+05:30,2025-03-19 09:15:00+05:30
2025-03-19 15:15:00+05:30,22908.15,22917.7,22895.9,22911.8,,14,regular,False,False,2025-03-19 15:15:00+05:30,2025-03-19 15:29:00+05:30
2025-03-20 09:00:00+05:30,23036.6,23042.2,22994.4,23007.85,,1,outside,False,False,2025-03-20 09:14:00+05:30,2025-03-20 09:15:00+05:30
2025-03-20 15:15:00+05:30,23185.3,23190.75,23162.25,23165.7,,14,regular,False,False,2025-03-20 15:15:00+05:30,2025-03-20 15:29:00+05:30
2025-03-21 09:00:00+05:30,23168.25,23180.9,23132.8,23156.2,,1,outside,False,False,2025-03-21 09:14:00+05:30,2025-03-21 09:15:00+05:30
2025-03-21 15:15:00+05:30,23346.85,23373.55,23339.1,23355.65,,14,regular,False,False,2025-03-21 15:15:00+05:30,2025-03-21 15:29:00+05:30
2025-03-24 09:00:00+05:30,23515.4,23515.45,23465.45,23489.0,,1,outside,False,False,2025-03-24 09:14:00+05:30,2025-03-24 09:15:00+05:30
2025-03-24 15:15:00+05:30,23662.95,23681.25,23658.75,23674.15,,14,regular,False,False,2025-03-24 15:15:00+05:30,2025-03-24 15:29:00+05:30
2025-03-25 09:00:00+05:30,23751.5,23765.55,23735.8,23765.55,,1,outside,False,False,2025-03-25 09:14:00+05:30,2025-03-25 09:15:00+05:30
2025-03-25 15:15:00+05:30,23651.8,23673.05,23601.4,23605.95,,14,regular,False,False,2025-03-25 15:15:00+05:30,2025-03-25 15:29:00+05:30
2025-03-26 09:00:00+05:30,23700.95,23704.95,23663.4,23685.85,,1,outside,False,False,2025-03-26 09:14:00+05:30,2025-03-26 09:15:00+05:30
2025-03-26 15:15:00+05:30,23489.5,23490.15,23464.3,23464.3,,14,regular,False,False,2025-03-26 15:15:00+05:30,2025-03-26 15:29:00+05:30
2025-03-27 09:00:00+05:30,23433.95,23468.4,23412.2,23452.7,,1,outside,False,False,2025-03-27 09:14:00+05:30,2025-03-27 09:15:00+05:30
2025-03-27 15:15:00+05:30,23589.85,23646.45,23576.45,23601.05,,14,regular,False,False,2025-03-27 15:15:00+05:30,2025-03-27 15:29:00+05:30
2025-03-28 09:00:00+05:30,23600.4,23629.7,23588.6,23590.95,,1,outside,False,False,2025-03-28 09:14:00+05:30,2025-03-28 09:15:00+05:30
2025-03-28 15:15:00+05:30,23533.3,23535.55,23450.2,23495.15,,14,regular,False,False,2025-03-28 15:15:00+05:30,2025-03-28 15:29:00+05:30
2025-04-01 09:00:00+05:30,23341.1,23420.7,23339.1,23417.3,,1,outside,False,False,2025-04-01 09:14:00+05:30,2025-04-01 09:15:00+05:30
2025-04-01 15:15:00+05:30,23172.9,23182.3,23151.8,23179.7,,14,regular,False,False,2025-04-01 15:15:00+05:30,2025-04-01 15:29:00+05:30
2025-04-02 09:00:00+05:30,23192.6,23250.6,23188.6,23204.35,,1,outside,False,False,2025-04-02 09:14:00+05:30,2025-04-02 09:15:00+05:30
2025-04-02 15:15:00+05:30,23332.5,23342.0,23324.6,23330.8,,14,regular,False,False,2025-04-02 15:15:00+05:30,2025-04-02 15:29:00+05:30
2025-04-03 09:00:00+05:30,23150.3,23210.85,23145.8,23192.2,,1,outside,False,False,2025-04-03 09:14:00+05:30,2025-04-03 09:15:00+05:30
2025-04-03 15:15:00+05:30,23247.45,23255.75,23236.4,23241.6,,14,regular,False,False,2025-04-03 15:15:00+05:30,2025-04-03 15:29:00+05:30
2025-04-04 09:00:00+05:30,23190.4,23214.7,23122.45,23122.45,,1,outside,False,False,2025-04-04 09:14:00+05:30,2025-04-04 09:15:00+05:30
2025-04-04 15:15:00+05:30,22897.9,22920.6,22896.45,22912.05,,14,regular,False,False,2025-04-04 15:15:00+05:30,2025-04-04 15:29:00+05:30
2025-04-07 09:00:00+05:30,21758.4,22037.9,21743.65,22026.6,,1,outside,False,False,2025-04-07 09:14:00+05:30,2025-04-07 09:15:00+05:30
2025-04-07 15:15:00+05:30,22149.1,22254.0,22134.65,22238.0,,14,regular,False,False,2025-04-07 15:15:00+05:30,2025-04-07 15:29:00+05:30
2025-04-08 09:00:00+05:30,22446.75,22577.55,22446.75,22548.65,,1,outside,False,False,2025-04-08 09:14:00+05:30,2025-04-08 09:15:00+05:30
2025-04-08 15:15:00+05:30,22524.8,22555.75,22517.95,22547.2,,14,regular,False,False,2025-04-08 15:15:00+05:30,2025-04-08 15:29:00+05:30
2025-04-09 09:00:00+05:30,22460.3,22461.2,22357.0,22409.7,,1,outside,False,False,2025-04-09 09:14:00+05:30,2025-04-09 09:15:00+05:30
2025-04-09 15:15:00+05:30,22403.9,22424.75,22393.45,22420.4,,14,regular,False,False,2025-04-09 15:15:00+05:30,2025-04-09 15:29:00+05:30
2025-04-11 09:00:00+05:30,22695.4,22767.1,22695.4,22715.95,,1,outside,False,False,2025-04-11 09:14:00+05:30,2025-04-11 09:15:00+05:30
2025-04-11 15:15:00+05:30,22823.95,22855.55,22810.95,22844.5,,14,regular,False,False,2025-04-11 15:15:00+05:30,2025-04-11 15:29:00+05:30
2025-04-15 09:00:00+05:30,23368.35,23368.35,23207.0,23257.05,,1,outside,False,False,2025-04-15 09:14:00+05:30,2025-04-15 09:15:00+05:30
2025-04-15 15:15:00+05:30,23322.45,23357.1,23319.75,23344.1,,14,regular,False,False,2025-04-15 15:15:00+05:30,2025-04-15 15:29:00+05:30
2025-04-16 09:00:00+05:30,23344.1,23353.65,23277.0,23292.35,,1,outside,False,False,2025-04-16 09:14:00+05:30,2025-04-16 09:15:00+05:30
2025-04-16 15:15:00+05:30,23426.95,23452.2,23425.65,23433.3,,14,regular,False,False,2025-04-16 15:15:00+05:30,2025-04-16 15:29:00+05:30
2025-04-17 09:00:00+05:30,23401.85,23406.6,23350.9,23377.45,,1,outside,False,False,2025-04-17 09:14:00+05:30,2025-04-17 09:15:00+05:30
2025-04-17 15:15:00+05:30,23847.45,23862.2,23831.35,23837.75,,14,regular,False,False,2025-04-17 15:15:00+05:30,2025-04-17 15:29:00+05:30
2025-04-21 09:00:00+05:30,23949.15,23987.9,23911.25,23987.9,,1,outside,False,False,2025-04-21 09:14:00+05:30,2025-04-21 09:15:00+05:30
2025-04-21 15:15:00+05:30,24126.0,24135.65,24118.05,24121.2,,14,regular,False,False,2025-04-21 15:15:00+05:30,2025-04-21 15:29:00+05:30
2025-04-22 09:00:00+05:30,24185.4,24201.65,24139.85,24139.85,,1,outside,False,False,2025-04-22 09:14:00+05:30,2025-04-22 09:15:00+05:30
2025-04-22 15:15:00+05:30,24161.35,24173.95,24126.95,24134.05,,14,regular,False,False,2025-04-22 15:15:00+05:30,2025-04-22 15:29:00+05:30
2025-04-23 09:00:00+05:30,24357.6,24359.3,24282.05,24291.8,,1,outside,False,False,2025-04-23 09:14:00+05:30,2025-04-23 09:15:00+05:30
2025-04-23 15:15:00+05:30,24321.6,24330.75,24287.9,24300.85,,14,regular,False,False,2025-04-23 15:15:00+05:30,2025-04-23 15:29:00+05:30
2025-04-24 09:00:00+05:30,24277.9,24294.0,24272.1,24279.15,,1,outside,False,False,2025-04-24 09:14:00+05:30,2025-04-24 09:15:00+05:30
2025-04-24 15:15:00+05:30,24249.2,24257.2,24240.75,24245.05,,14,regular,False,False,2025-04-24 15:15:00+05:30,2025-04-24 15:29:00+05:30
2025-04-25 09:00:00+05:30,24289.0,24352.3,24264.8,24342.3,,1,outside,False,False,2025-04-25 09:14:00+05:30,2025-04-25 09:15:00+05:30
2025-04-25 15:15:00+05:30,24049.05,24050.35,23986.1,23991.65,,14,regular,False,False,2025-04-25 15:15:00+05:30,2025-04-25 15:29:00+05:30
2025-04-28 09:00:00+05:30,24070.25,24124.4,24054.05,24112.9,,1,outside,False,False,2025-04-28 09:14:00+05:30,2025-04-28 09:15:00+05:30
2025-04-28 15:15:00+05:30,24330.25,24337.75,24309.55,24312.9,,14,regular,False,False,2025-04-28 15:15:00+05:30,2025-04-28 15:29:00+05:30
2025-04-29 09:00:00+05:30,24370.7,24421.1,24364.35,24419.55,,1,outside,False,False,2025-04-29 09:14:00+05:30,2025-04-29 09:15:00+05:30
2025-04-29 15:15:00+05:30,24319.1,24348.5,24310.6,24325.45,,14,regular,False,False,2025-04-29 15:15:00+05:30,2025-04-29 15:29:00+05:30
2025-04-30 09:00:00+05:30,24342.05,24342.05,24269.25,24279.85,,1,outside,False,False,2025-04-30 09:14:00+05:30,2025-04-30 09:15:00+05:30
2025-04-30 15:15:00+05:30,24332.05,24349.75,24198.75,24246.25,,14,regular,False,False,2025-04-30 15:15:00+05:30,2025-04-30 15:29:00+05:30
2025-05-02 09:00:00+05:30,24311.9,24440.1,24305.85,24431.25,,1,outside,False,False,2025-05-02 09:14:00+05:30,2025-05-02 09:15:00+05:30
2025-05-02 15:15:00+05:30,24324.35,24342.7,24309.85,24313.65,,14,regular,False,False,2025-05-02 15:15:00+05:30,2025-05-02 15:29:00+05:30
2025-05-05 09:00:00+05:30,24419.5,24460.75,24400.65,24450.65,,1,outside,False,False,2025-05-05 09:14:00+05:30,2025-05-05 09:15:00+05:30
2025-05-05 15:15:00+05:30,24459.55,24475.2,24457.2,24459.5,,14,regular,False,False,2025-05-05 15:15:00+05:30,2025-05-05 15:29:00+05:30
2025-05-06 09:00:00+05:30,24500.75,24509.65,24451.05,24456.95,,1,outside,False,False,2025-05-06 09:14:00+05:30,2025-05-06 09:15:00+05:30
2025-05-06 15:15:00+05:30,24371.5,24376.0,24331.8,24335.9,,14,regular,False,False,2025-05-06 15:15:00+05:30,2025-05-06 15:29:00+05:30
2025-05-07 09:00:00+05:30,24233.3,24344.25,24220.0,24344.25,,1,outside,False,False,2025-05-07 09:14:00+05:30,2025-05-07 09:15:00+05:30
2025-05-07 15:15:00+05:30,24420.8,24425.05,24403.8,24409.3,,14,regular,False,False,2025-05-07 15:15:00+05:30,2025-05-07 15:29:00+05:30
2025-05-08 09:00:00+05:30,24431.5,24447.25,24411.2,24437.25,,1,outside,False,False,2025-05-08 09:14:00+05:30,2025-05-08 09:15:00+05:30
2025-05-08 15:15:00+05:30,24298.4,24298.4,24150.2,24154.1,,14,regular,False,False,2025-05-08 15:15:00+05:30,2025-05-08 15:29:00+05:30
2025-05-09 09:00:00+05:30,23935.75,24134.6,23935.75,24125.25,,1,outside,False,False,2025-05-09 09:14:00+05:30,2025-05-09 09:15:00+05:30
2025-05-09 15:15:00+05:30,24001.8,24046.9,23999.35,24038.65,,14,regular,False,False,2025-05-09 15:15:00+05:30,2025-05-09 15:29:00+05:30
2025-05-12 09:00:00+05:30,24420.1,24516.1,24378.85,24514.05,,1,outside,False,False,2025-05-12 09:14:00+05:30,2025-05-12 09:15:00+05:30
2025-05-12 15:15:00+05:30,24921.0,24944.8,24918.7,24920.25,,14,regular,False,False,2025-05-12 15:15:00+05:30,2025-05-12 15:29:00+05:30
2025-05-13 09:00:00+05:30,24864.05,24959.35,24864.05,24959.35,,1,outside,False,False,2025-05-13 09:14:00+05:30,2025-05-13 09:15:00+05:30
2025-05-13 15:15:00+05:30,24572.85,24594.3,24547.5,24593.65,,14,regular,False,False,2025-05-13 15:15:00+05:30,2025-05-13 15:29:00+05:30
2025-05-14 09:00:00+05:30,24613.8,24671.25,24613.45,24619.6,,1,outside,False,False,2025-05-14 09:14:00+05:30,2025-05-14 09:15:00+05:30
2025-05-14 15:15:00+05:30,24657.2,24696.75,24651.3,24685.75,,14,regular,False,False,2025-05-14 15:15:00+05:30,2025-05-14 15:29:00+05:30
2025-05-15 09:00:00+05:30,24694.45,24706.75,24629.8,24640.6,,1,outside,False,False,2025-05-15 09:14:00+05:30,2025-05-15 09:15:00+05:30
2025-05-15 15:15:00+05:30,25046.75,25063.45,25035.3,25035.3,,14,regular,False,False,2025-05-15 15:15:00+05:30,2025-05-15 15:29:00+05:30
2025-05-16 09:00:00+05:30,25064.65,25065.25,24994.5,24999.05,,1,outside,False,False,2025-05-16 09:14:00+05:30,2025-05-16 09:15:00+05:30
2025-05-16 15:15:00+05:30,25022.95,25023.15,25002.7,25013.1,,14,regular,False,False,2025-05-16 15:15:00+05:30,2025-05-16 15:29:00+05:30
2025-05-19 09:00:00+05:30,25005.35,25058.7,24965.8,24977.95,,1,outside,False,False,2025-05-19 09:14:00+05:30,2025-05-19 09:15:00+05:30
2025-05-19 15:15:00+05:30,24942.0,24951.65,24927.45,24935.35,,14,regular,False,False,2025-05-19 15:15:00+05:30,2025-05-19 15:29:00+05:30
2025-05-20 09:00:00+05:30,24996.2,25010.35,24977.5,24987.3,,1,outside,False,False,2025-05-20 09:14:00+05:30,2025-05-20 09:15:00+05:30
2025-05-20 15:15:00+05:30,24684.65,24713.85,24672.05,24713.85,,14,regular,False,False,2025-05-20 15:15:00+05:30,2025-05-20 15:29:00+05:30
2025-05-21 09:00:00+05:30,24744.25,24766.15,24737.5,24758.8,,1,outside,False,False,2025-05-21 09:14:00+05:30,2025-05-21 09:15:00+05:30
2025-05-21 15:15:00+05:30,24807.05,24819.95,24794.85,24800.95,,14,regular,False,False,2025-05-21 15:15:00+05:30,2025-05-21 15:29:00+05:30
2025-05-22 09:00:00+05:30,24733.95,24737.5,24686.3,24704.65,,1,outside,False,False,2025-05-22 09:14:00+05:30,2025-05-22 09:15:00+05:30
2025-05-22 15:15:00+05:30,24607.3,24647.15,24597.5,24637.0,,14,regular,False,False,2025-05-22 15:15:00+05:30,2025-05-22 15:29:00+05:30
2025-05-23 09:00:00+05:30,24639.5,24667.55,24629.4,24650.35,,1,outside,False,False,2025-05-23 09:14:00+05:30,2025-05-23 09:15:00+05:30
2025-05-23 15:15:00+05:30,24854.5,24862.1,24842.9,24845.15,,14,regular,False,False,2025-05-23 15:15:00+05:30,2025-05-23 15:29:00+05:30
2025-05-26 09:00:00+05:30,24919.35,24996.35,24900.5,24994.3,,1,outside,False,False,2025-05-26 09:14:00+05:30,2025-05-26 09:15:00+05:30
2025-05-26 15:15:00+05:30,24999.75,25004.35,24992.6,24996.35,,14,regular,False,False,2025-05-26 15:15:00+05:30,2025-05-26 15:29:00+05:30
2025-05-27 09:00:00+05:30,24956.65,24976.1,24882.75,24920.1,,1,outside,False,False,2025-05-27 09:14:00+05:30,2025-05-27 09:15:00+05:30
2025-05-27 15:15:00+05:30,24829.3,24843.3,24816.55,24837.7,,14,regular,False,False,2025-05-27 15:15:00+05:30,2025-05-27 15:29:00+05:30
2025-05-28 09:00:00+05:30,24832.5,24857.85,24765.0,24809.35,,1,outside,False,False,2025-05-28 09:14:00+05:30,2025-05-28 09:15:00+05:30
2025-05-28 15:15:00+05:30,24747.15,24757.45,24740.05,24757.15,,14,regular,False,False,2025-05-28 15:15:00+05:30,2025-05-28 15:29:00+05:30
2025-05-29 09:00:00+05:30,24825.1,24886.5,24824.0,24884.5,,1,outside,False,False,2025-05-29 09:14:00+05:30,2025-05-29 09:15:00+05:30
2025-05-29 15:15:00+05:30,24841.05,24892.6,24837.1,24880.85,,14,regular,False,False,2025-05-29 15:15:00+05:30,2025-05-29 15:29:00+05:30
2025-05-30 09:00:00+05:30,24812.6,24847.8,24803.55,24816.35,,1,outside,False,False,2025-05-30 09:14:00+05:30,2025-05-30 09:15:00+05:30
2025-05-30 15:15:00+05:30,24754.9,24757.15,24731.1,24736.65,,14,regular,False,False,2025-05-30 15:15:00+05:30,2025-05-30 15:29:00+05:30
2025-06-02 09:00:00+05:30,24669.7,24717.55,24599.85,24604.9,,1,outside,False,False,2025-06-02 09:14:00+05:30,2025-06-02 09:15:00+05:30
2025-06-02 15:15:00+05:30,24716.15,24720.5,24666.6,24690.35,,14,regular,False,False,2025-06-02 15:15:00+05:30,2025-06-02 15:29:00+05:30
2025-06-03 09:00:00+05:30,24786.3,24845.1,24764.5,24802.9,,1,outside,False,False,2025-06-03 09:14:00+05:30,2025-06-03 09:15:00+05:30
2025-06-03 15:15:00+05:30,24541.2,24550.65,24524.45,24538.4,,14,regular,False,False,2025-06-03 15:15:00+05:30,2025-06-03 15:29:00+05:30
2025-06-04 09:00:00+05:30,24560.45,24598.85,24558.45,24591.75,,1,outside,False,False,2025-06-04 09:14:00+05:30,2025-06-04 09:15:00+05:30
2025-06-04 15:15:00+05:30,24614.05,24622.05,24604.1,24612.0,,14,regular,False,False,2025-06-04 15:15:00+05:30,2025-06-04 15:29:00+05:30
2025-06-05 09:00:00+05:30,24691.2,24691.2,24647.0,24661.6,,1,outside,False,False,2025-06-05 09:14:00+05:30,2025-06-05 09:15:00+05:30
2025-06-05 15:15:00+05:30,24748.95,24775.4,24747.0,24761.1,,14,regular,False,False,2025-06-05 15:15:00+05:30,2025-06-05 15:29:00+05:30
2025-06-06 09:00:00+05:30,24748.7,24763.35,24729.0,24734.0,,1,outside,False,False,2025-06-06 09:14:00+05:30,2025-06-06 09:15:00+05:30
2025-06-06 15:15:00+05:30,25004.3,25010.05,24992.65,25000.3,,14,regular,False,False,2025-06-06 15:15:00+05:30,2025-06-06 15:29:00+05:30
2025-06-09 09:00:00+05:30,25160.1,25160.1,25104.85,25117.5,,1,outside,False,False,2025-06-09 09:14:00+05:30,2025-06-09 09:15:00+05:30
2025-06-09 15:15:00+05:30,25102.55,25110.95,25099.4,25103.1,,14,regular,False,False,2025-06-09 15:15:00+05:30,2025-06-09 15:29:00+05:30
2025-06-10 09:00:00+05:30,25196.05,25199.3,25144.7,25153.9,,1,outside,False,False,2025-06-10 09:14:00+05:30,2025-06-10 09:15:00+05:30
2025-06-10 15:15:00+05:30,25102.95,25111.8,25087.7,25091.5,,14,regular,False,False,2025-06-10 15:15:00+05:30,2025-06-10 15:29:00+05:30
2025-06-11 09:00:00+05:30,25134.15,25136.2,25081.3,25110.45,,1,outside,False,False,2025-06-11 09:14:00+05:30,2025-06-11 09:15:00+05:30
2025-06-11 15:15:00+05:30,25142.4,25144.95,25124.95,25126.8,,14,regular,False,False,2025-06-11 15:15:00+05:30,2025-06-11 15:29:00+05:30
2025-06-12 09:00:00+05:30,25164.45,25166.6,25117.6,25129.4,,1,outside,False,False,2025-06-12 09:14:00+05:30,2025-06-12 09:15:00+05:30
2025-06-12 15:15:00+05:30,24873.7,24878.15,24850.8,24856.0,,14,regular,False,False,2025-06-12 15:15:00+05:30,2025-06-12 15:29:00+05:30
2025-06-13 09:00:00+05:30,24473.0,24588.55,24473.0,24539.9,,1,outside,False,False,2025-06-13 09:14:00+05:30,2025-06-13 09:15:00+05:30
2025-06-13 15:15:00+05:30,24711.85,24744.95,24710.75,24735.55,,14,regular,False,False,2025-06-13 15:15:00+05:30,2025-06-13 15:29:00+05:30
2025-06-16 09:00:00+05:30,24732.35,24778.9,24703.6,24767.55,,1,outside,False,False,2025-06-16 09:14:00+05:30,2025-06-16 09:15:00+05:30
2025-06-16 15:15:00+05:30,24950.35,24957.95,24936.45,24940.95,,14,regular,False,False,2025-06-16 15:15:00+05:30,2025-06-16 15:29:00+05:30
2025-06-17 09:00:00+05:30,24977.85,24982.05,24914.5,24927.0,,1,outside,False,False,2025-06-17 09:14:00+05:30,2025-06-17 09:15:00+05:30
2025-06-17 15:15:00+05:30,24841.3,24868.45,24833.85,24841.5,,14,regular,False,False,2025-06-17 15:15:00+05:30,2025-06-17 15:29:00+05:30
2025-06-18 09:00:00+05:30,24788.35,24805.75,24776.9,24791.35,,1,outside,False,False,2025-06-18 09:14:00+05:30,2025-06-18 09:15:00+05:30
2025-06-18 15:15:00+05:30,24810.05,24823.3,24794.95,24798.75,,14,regular,False,False,2025-06-18 15:15:00+05:30,2025-06-18 15:29:00+05:30
2025-06-19 09:00:00+05:30,24803.25,24814.95,24767.45,24783.9,,1,outside,False,False,2025-06-19 09:14:00+05:30,2025-06-19 09:15:00+05:30
2025-06-19 15:15:00+05:30,24795.3,24805.15,24733.4,24744.7,,14,regular,False,False,2025-06-19 15:15:00+05:30,2025-06-19 15:29:00+05:30
2025-06-20 09:00:00+05:30,24787.65,24869.85,24783.65,24864.85,,1,outside,False,False,2025-06-20 09:14:00+05:30,2025-06-20 09:15:00+05:30
2025-06-20 15:15:00+05:30,25115.5,25136.2,25072.8,25079.75,,14,regular,False,False,2025-06-20 15:15:00+05:30,2025-06-20 15:29:00+05:30
2025-06-23 09:00:00+05:30,24939.75,24988.1,24931.2,24968.35,,1,outside,False,False,2025-06-23 09:14:00+05:30,2025-06-23 09:15:00+05:30
2025-06-23 15:15:00+05:30,24980.35,24986.0,24951.7,24958.9,,14,regular,False,False,2025-06-23 15:15:00+05:30,2025-06-23 15:29:00+05:30
2025-06-24 09:00:00+05:30,25179.9,25219.85,25150.0,25216.5,,1,outside,False,False,2025-06-24 09:14:00+05:30,2025-06-24 09:15:00+05:30
2025-06-24 15:15:00+05:30,25043.2,25078.35,25040.05,25071.55,,14,regular,False,False,2025-06-24 15:15:00+05:30,2025-06-24 15:29:00+05:30
2025-06-25 09:00:00+05:30,25150.35,25167.6,25140.75,25146.6,,1,outside,False,False,2025-06-25 09:14:00+05:30,2025-06-25 09:15:00+05:30
2025-06-25 15:15:00+05:30,25247.35,25247.95,25234.65,25236.35,,14,regular,False,False,2025-06-25 15:15:00+05:30,2025-06-25 15:29:00+05:30
2025-06-26 09:00:00+05:30,25268.95,25293.65,25259.9,25282.35,,1,outside,False,False,2025-06-26 09:14:00+05:30,2025-06-26 09:15:00+05:30
2025-06-26 15:15:00+05:30,25544.15,25563.7,25528.6,25530.4,,14,regular,False,False,2025-06-26 15:15:00+05:30,2025-06-26 15:29:00+05:30
2025-06-27 09:00:00+05:30,25576.65,25622.5,25537.35,25616.2,,1,outside,False,False,2025-06-27 09:14:00+05:30,2025-06-27 09:15:00+05:30
2025-06-27 15:15:00+05:30,25641.7,25649.95,25629.6,25632.45,,14,regular,False,False,2025-06-27 15:15:00+05:30,2025-06-27 15:29:00+05:30
2025-06-30 09:00:00+05:30,25661.65,25669.35,25623.85,25630.15,,1,outside,False,False,2025-06-30 09:14:00+05:30,2025-06-30 09:15:00+05:30
2025-06-30 15:15:00+05:30,25525.5,25525.9,25505.35,25507.45,,14,regular,False,False,2025-06-30 15:15:00+05:30,2025-06-30 15:29:00+05:30
2025-07-01 09:00:00+05:30,25551.35,25568.25,25517.05,25521.45,,1,outside,False,False,2025-07-01 09:14:00+05:30,2025-07-01 09:15:00+05:30
2025-07-01 15:15:00+05:30,25541.9,25556.95,25527.0,25533.0,,14,regular,False,False,2025-07-01 15:15:00+05:30,2025-07-01 15:29:00+05:30
2025-07-02 09:00:00+05:30,25588.3,25608.1,25573.15,25599.3,,1,outside,False,False,2025-07-02 09:14:00+05:30,2025-07-02 09:15:00+05:30
2025-07-02 15:15:00+05:30,25457.05,25457.3,25440.05,25442.85,,14,regular,False,False,2025-07-02 15:15:00+05:30,2025-07-02 15:29:00+05:30
2025-07-03 09:00:00+05:30,25505.1,25519.75,25484.0,25484.0,,1,outside,False,False,2025-07-03 09:14:00+05:30,2025-07-03 09:15:00+05:30
2025-07-03 15:15:00+05:30,25412.5,25418.45,25388.65,25397.4,,14,regular,False,False,2025-07-03 15:15:00+05:30,2025-07-03 15:29:00+05:30
2025-07-04 09:00:00+05:30,25428.85,25458.65,25412.0,25436.9,,1,outside,False,False,2025-07-04 09:14:00+05:30,2025-07-04 09:15:00+05:30
2025-07-04 15:15:00+05:30,25461.55,25470.25,25449.3,25467.8,,14,regular,False,False,2025-07-04 15:15:00+05:30,2025-07-04 15:29:00+05:30
2025-07-07 09:00:00+05:30,25450.45,25470.5,25414.7,25424.65,,1,outside,False,False,2025-07-07 09:14:00+05:30,2025-07-07 09:15:00+05:30
2025-07-07 15:15:00+05:30,25460.05,25473.2,25453.35,25454.95,,14,regular,False,False,2025-07-07 15:15:00+05:30,2025-07-07 15:29:00+05:30
2025-07-08 09:00:00+05:30,25427.85,25457.4,25424.15,25449.8,,1,outside,False,False,2025-07-08 09:14:00+05:30,2025-07-08 09:15:00+05:30
2025-07-08 15:15:00+05:30,25537.9,25548.05,25517.3,25523.1,,14,regular,False,False,2025-07-08 15:15:00+05:30,2025-07-08 15:29:00+05:30
2025-07-09 09:00:00+05:30,25514.6,25525.05,25492.55,25504.3,,1,outside,False,False,2025-07-09 09:14:00+05:30,2025-07-09 09:15:00+05:30
2025-07-09 15:15:00+05:30,25482.05,25482.05,25464.4,25464.65,,14,regular,False,False,2025-07-09 15:15:00+05:30,2025-07-09 15:29:00+05:30
2025-07-10 09:00:00+05:30,25511.65,25524.05,25481.25,25483.0,,1,outside,False,False,2025-07-10 09:14:00+05:30,2025-07-10 09:15:00+05:30
2025-07-10 15:15:00+05:30,25364.75,25374.7,25340.45,25348.15,,14,regular,False,False,2025-07-10 15:15:00+05:30,2025-07-10 15:29:00+05:30
2025-07-11 09:00:00+05:30,25255.5,25285.95,25244.0,25263.05,,1,outside,False,False,2025-07-11 09:14:00+05:30,2025-07-11 09:15:00+05:30
2025-07-11 15:15:00+05:30,25149.15,25153.6,25129.0,25140.55,,14,regular,False,False,2025-07-11 15:15:00+05:30,2025-07-11 15:29:00+05:30
2025-07-14 09:00:00+05:30,25149.5,25151.1,25113.55,25119.45,,1,outside,False,False,2025-07-14 09:14:00+05:30,2025-07-14 09:15:00+05:30
2025-07-14 15:15:00+05:30,25082.5,25092.7,25077.1,25087.1,,14,regular,False,False,2025-07-14 15:15:00+05:30,2025-07-14 15:29:00+05:30
2025-07-15 09:00:00+05:30,25089.5,25151.15,25088.45,25151.15,,1,outside,False,False,2025-07-15 09:14:00+05:30,2025-07-15 09:15:00+05:30
2025-07-15 15:15:00+05:30,25204.95,25225.05,25198.1,25219.65,,14,regular,False,False,2025-07-15 15:15:00+05:30,2025-07-15 15:29:00+05:30
2025-07-16 09:00:00+05:30,25196.6,25218.95,25158.5,25168.75,,1,outside,False,False,2025-07-16 09:14:00+05:30,2025-07-16 09:15:00+05:30
2025-07-16 15:15:00+05:30,25210.9,25215.65,25190.6,25198.55,,14,regular,False,False,2025-07-16 15:15:00+05:30,2025-07-16 15:29:00+05:30
2025-07-17 09:00:00+05:30,25230.75,25238.35,25202.75,25219.95,,1,outside,False,False,2025-07-17 09:14:00+05:30,2025-07-17 09:15:00+05:30
2025-07-17 15:15:00+05:30,25116.4,25121.9,25106.25,25109.5,,14,regular,False,False,2025-07-17 15:15:00+05:30,2025-07-17 15:29:00+05:30
2025-07-18 09:00:00+05:30,25108.55,25144.6,25102.15,25115.85,,1,outside,False,False,2025-07-18 09:14:00+05:30,2025-07-18 09:15:00+05:30
2025-07-18 15:15:00+05:30,24969.4,24978.4,24963.3,24967.45,,14,regular,False,False,2025-07-18 15:15:00+05:30,2025-07-18 15:29:00+05:30
2025-07-21 09:00:00+05:30,24999.0,25037.2,24958.1,24961.1,,1,outside,False,False,2025-07-21 09:14:00+05:30,2025-07-21 09:15:00+05:30
2025-07-21 15:15:00+05:30,25090.4,25111.4,25084.25,25093.3,,14,regular,False,False,2025-07-21 15:15:00+05:30,2025-07-21 15:29:00+05:30
2025-07-22 09:00:00+05:30,25166.65,25182.0,25128.8,25150.95,,1,outside,False,False,2025-07-22 09:14:00+05:30,2025-07-22 09:15:00+05:30
2025-07-22 15:15:00+05:30,25059.6,25071.05,25054.95,25064.9,,14,regular,False,False,2025-07-22 15:15:00+05:30,2025-07-22 15:29:00+05:30
2025-07-23 09:00:00+05:30,25139.35,25149.85,25111.15,25135.2,,1,outside,False,False,2025-07-23 09:14:00+05:30,2025-07-23 09:15:00+05:30
2025-07-23 15:15:00+05:30,25227.1,25230.5,25205.8,25209.2,,14,regular,False,False,2025-07-23 15:15:00+05:30,2025-07-23 15:29:00+05:30
2025-07-24 09:00:00+05:30,25243.3,25246.25,25218.35,25219.5,,1,outside,False,False,2025-07-24 09:14:00+05:30,2025-07-24 09:15:00+05:30
2025-07-24 15:15:00+05:30,25068.4,25069.45,25046.3,25051.9,,14,regular,False,False,2025-07-24 15:15:00+05:30,2025-07-24 15:29:00+05:30
2025-07-25 09:00:00+05:30,25010.35,25010.35,24938.4,24954.55,,1,outside,False,False,2025-07-25 09:14:00+05:30,2025-07-25 09:15:00+05:30
2025-07-25 15:15:00+05:30,24841.3,24844.3,24823.05,24832.2,,14,regular,False,False,2025-07-25 15:15:00+05:30,2025-07-25 15:29:00+05:30
