date,equity
2022-01-10 09:15:00,100000.0
2022-01-10 09:30:00,100000.0
2022-01-10 09:45:00,100000.0
2022-01-10 10:00:00,100000.0
2022-01-10 10:15:00,100000.0
2022-01-10 10:30:00,100000.0
2022-01-10 10:45:00,100000.0
2022-01-10 11:00:00,100000.0
2022-01-10 11:15:00,100000.0
2022-01-10 11:30:00,100000.0
2022-01-10 11:45:00,100000.0
2022-01-10 12:00:00,100000.0
2022-01-10 12:15:00,100000.0
2022-01-10 12:30:00,100000.0
2022-01-10 12:45:00,100000.0
2022-01-10 13:00:00,100000.0
2022-01-10 13:15:00,100000.0
2022-01-10 13:30:00,100000.0
2022-01-10 13:45:00,100000.0
2022-01-10 14:00:00,100000.0
2022-01-10 14:15:00,100000.0
2022-01-10 14:30:00,100000.0
2022-01-10 14:45:00,100000.0
2022-01-10 15:00:00,100000.0
2022-01-10 15:15:00,100000.0
2022-01-11 09:15:00,100000.0
2022-01-11 09:30:00,100000.0
2022-01-11 09:45:00,100000.0
2022-01-11 10:00:00,100000.0
2022-01-11 10:15:00,100000.0
2022-01-11 10:30:00,100000.0
2022-01-11 10:45:00,100000.0
2022-01-11 11:00:00,100000.0
2022-01-11 11:15:00,100000.0
2022-01-11 11:30:00,100000.0
2022-01-11 11:45:00,100000.0
2022-01-11 12:00:00,100000.0
2022-01-11 12:15:00,100000.0
2022-01-11 12:30:00,100000.0
2022-01-11 12:45:00,100000.0
2022-01-11 13:00:00,100000.0
2022-01-11 13:15:00,100000.0
2022-01-11 13:30:00,100000.0
2022-01-11 13:45:00,100000.0
2022-01-11 14:00:00,100000.0
2022-01-11 14:15:00,100000.0
2022-01-11 14:30:00,100000.0
2022-01-11 14:45:00,100000.0
2022-01-11 15:00:00,100000.0
2022-01-11 15:15:00,100000.0
2022-01-12 09:15:00,100000.0
2022-01-12 09:30:00,100000.0
2022-01-12 09:45:00,100000.0
2022-01-12 10:00:00,100000.0
2022-01-12 10:15:00,100000.0
2022-01-12 10:30:00,100000.0
2022-01-12 10:45:00,100000.0
2022-01-12 11:00:00,100000.0
2022-01-12 11:15:00,100000.0
2022-01-12 11:30:00,100000.0
2022-01-12 11:45:00,100000.0
2022-01-12 12:00:00,100000.0
2022-01-12 12:15:00,100000.0
2022-01-12 12:30:00,100000.0
2022-01-12 12:45:00,100000.0
2022-01-12 13:00:00,100000.0
2022-01-12 13:15:00,100000.0
2022-01-12 13:30:00,100000.0
2022-01-12 13:45:00,100000.0
2022-01-12 14:00:00,100000.0
2022-01-12 14:15:00,100000.0
2022-01-12 14:30:00,100000.0
2022-01-12 14:45:00,100000.0
2022-01-12 15:00:00,100000.0
2022-01-12 15:15:00,100000.0
2022-01-13 09:15:00,100000.0
2022-01-13 09:30:00,100000.0
2022-01-13 09:45:00,100000.0
2022-01-13 10:00:00,100000.0
2022-01-13 10:15:00,100000.0
2022-01-13 10:30:00,100000.0
2022-01-13 10:45:00,100000.0
2022-01-13 11:00:00,100000.0
2022-01-13 11:15:00,100000.0
2022-01-13 11:30:00,100000.0
2022-01-13 11:45:00,100000.0
2022-01-13 12:00:00,100000.0
2022-01-13 12:15:00,100000.0
2022-01-13 12:30:00,100000.0
2022-01-13 12:45:00,100000.0
2022-01-13 13:00:00,100000.0
2022-01-13 13:15:00,100000.0
2022-01-13 13:30:00,100000.0
2022-01-13 13:45:00,100000.0
2022-01-13 14:00:00,100000.0
2022-01-13 14:15:00,100000.0
2022-01-13 14:30:00,100000.0
2022-01-13 14:45:00,100000.0
2022-01-13 15:00:00,100000.0
2022-01-13 15:15:00,100000.0
2022-01-14 09:15:00,100000.0
2022-01-14 09:30:00,100000.0
2022-01-14 09:45:00,100000.0
2022-01-14 10:00:00,100000.0
2022-01-14 10:15:00,100000.0
2022-01-14 10:30:00,100000.0
2022-01-14 10:45:00,100000.0
2022-01-14 11:00:00,100000.0
2022-01-14 11:15:00,100000.0
2022-01-14 11:30:00,100000.0
2022-01-14 11:45:00,100000.0
2022-01-14 12:00:00,100000.0
2022-01-14 12:15:00,100000.0
2022-01-14 12:30:00,100000.0
2022-01-14 12:45:00,100000.0
2022-01-14 13:00:00,100000.0
2022-01-14 13:15:00,100000.0
2022-01-14 13:30:00,100000.0
2022-01-14 13:45:00,100000.0
2022-01-14 14:00:00,99906.81561551026
2022-01-14 14:15:00,99968.48175230494
2022-01-14 14:30:00,99967.38546542858
2022-01-14 14:45:00,100083.04373088348
2022-01-14 15:00:00,100064.68092570464
2022-01-14 15:15:00,99956.69666838419
2022-01-17 09:15:00,100073.17714899636
2022-01-17 09:30:00,100109.90275935408
2022-01-17 09:45:00,100096.74731683788
2022-01-17 10:00:00,100248.58304921232
2022-01-17 10:15:00,100157.59123847529
2022-01-17 10:30:00,100238.99053904424
2022-01-17 10:45:00,100318.19726586051
2022-01-17 11:00:00,100309.9751142879
2022-01-17 11:15:00,100265.84956751483
2022-01-17 11:30:00,100258.44963109946
2022-01-17 11:45:00,100350.26365699376
2022-01-17 12:00:00,100281.19758378374
2022-01-17 12:15:00,100293.2567394236
2022-01-17 12:30:00,100295.72338489536
2022-01-17 12:45:00,100240.08682592062
2022-01-17 13:00:00,100285.30865957006
2022-01-17 13:15:00,100286.4049464464
2022-01-17 13:30:00,100130.18406656655
2022-01-17 13:45:00,100320.38983961323
2022-01-17 14:00:00,100299.2863172435
2022-01-17 14:15:00,100350.53772871284
2022-01-17 14:30:00,100318.47133757961
2022-01-17 14:45:00,100348.07108324106
2022-01-17 15:00:00,100341.21929026386
2022-01-17 15:15:00,100363.41909950993
2022-01-18 09:15:00,100542.9360755122
2022-01-18 09:30:00,100074.27343587266
2022-01-18 09:45:00,99865.70485764711
2022-01-18 10:00:00,99970.12618261944
2022-01-18 10:15:00,99946.55601477792
2022-01-18 10:30:00,99947.65230165425
2022-01-18 10:45:00,99976.70390387754
2022-01-18 11:00:00,99957.51888354143
2022-01-18 11:15:00,100062.762423671
2022-01-18 11:30:00,100093.73252792789
2022-01-18 11:45:00,100075.9178661872
2022-01-18 12:00:00,100067.96978633366
2022-01-18 12:15:00,100098.66581887146
2022-01-18 12:30:00,100114.56197857854
2022-01-18 12:45:00,100228.30174199984
2022-01-18 13:00:00,100368.9005338917
2022-01-18 13:15:00,100311.89361632151
2022-01-18 13:30:00,100186.91691241764
2022-01-18 13:45:00,100103.32503809597
2022-01-18 14:00:00,100204.18343072015
2022-01-18 14:15:00,100012.60729907802
2022-01-18 14:30:00,100012.60729907802
2022-01-18 14:45:00,100012.60729907802
2022-01-18 15:00:00,100012.60729907802
2022-01-18 15:15:00,100012.60729907802
2022-01-19 09:15:00,100012.60729907802
2022-01-19 09:30:00,100012.60729907802
2022-01-19 09:45:00,100012.60729907802
2022-01-19 10:00:00,100012.60729907802
2022-01-19 10:15:00,100012.60729907802
2022-01-19 10:30:00,100012.60729907802
2022-01-19 10:45:00,100012.60729907802
2022-01-19 11:00:00,100012.60729907802
2022-01-19 11:15:00,100012.60729907802
2022-01-19 11:30:00,100012.60729907802
2022-01-19 11:45:00,100012.60729907802
2022-01-19 12:00:00,100012.60729907802
2022-01-19 12:15:00,100012.60729907802
2022-01-19 12:30:00,100012.60729907802
2022-01-19 12:45:00,100012.60729907802
2022-01-19 13:00:00,100012.60729907802
2022-01-19 13:15:00,100012.60729907802
2022-01-19 13:30:00,100012.60729907802
2022-01-19 13:45:00,100012.60729907802
2022-01-19 14:00:00,100012.60729907802
2022-01-19 14:15:00,100012.60729907802
2022-01-19 14:30:00,100012.60729907802
2022-01-19 14:45:00,100012.60729907802
2022-01-19 15:00:00,100012.60729907802
2022-01-19 15:15:00,100012.60729907802
2022-01-20 09:15:00,100012.60729907802
2022-01-20 09:30:00,100012.60729907802
2022-01-20 09:45:00,100012.60729907802
2022-01-20 10:00:00,100012.60729907802
2022-01-20 10:15:00,100012.60729907802
2022-01-20 10:30:00,100012.60729907802
2022-01-20 10:45:00,100012.60729907802
2022-01-20 11:00:00,100012.60729907802
2022-01-20 11:15:00,100012.60729907802
2022-01-20 11:30:00,100012.60729907802
2022-01-20 11:45:00,100012.60729907802
2022-01-20 12:00:00,100012.60729907802
2022-01-20 12:15:00,100012.60729907802
2022-01-20 12:30:00,100012.60729907802
2022-01-20 12:45:00,100012.60729907802
2022-01-20 13:00:00,100012.60729907802
2022-01-20 13:15:00,100012.60729907802
2022-01-20 13:30:00,100012.60729907802
2022-01-20 13:45:00,100012.60729907802
2022-01-20 14:00:00,100012.60729907802
2022-01-20 14:15:00,100012.60729907802
2022-01-20 14:30:00,100012.60729907802
2022-01-20 14:45:00,100012.60729907802
2022-01-20 15:00:00,100012.60729907802
2022-01-20 15:15:00,100012.60729907802
2022-01-21 09:15:00,100012.60729907802
2022-01-21 09:30:00,100012.60729907802
2022-01-21 09:45:00,100012.60729907802
2022-01-21 10:00:00,100012.60729907802
2022-01-21 10:15:00,100012.60729907802
2022-01-21 10:30:00,100012.60729907802
2022-01-21 10:45:00,100012.60729907802
2022-01-21 11:00:00,100012.60729907802
2022-01-21 11:15:00,100012.60729907802
2022-01-21 11:30:00,100012.60729907802
2022-01-21 11:45:00,100012.60729907802
2022-01-21 12:00:00,100012.60729907802
2022-01-21 12:15:00,100012.60729907802
2022-01-21 12:30:00,100012.60729907802
2022-01-21 12:45:00,100012.60729907802
2022-01-21 13:00:00,100188.92899140384
2022-01-21 13:15:00,99731.00202802797
2022-01-21 13:30:00,99638.17134571199
2022-01-21 13:45:00,99779.96455254221
2022-01-21 14:00:00,99616.66179737046
2022-01-21 14:15:00,99482.79316098186
2022-01-21 14:30:00,99480.52899799854
2022-01-21 14:45:00,99480.52899799854
2022-01-21 15:00:00,99480.52899799854
2022-01-21 15:15:00,99480.52899799854
2022-01-24 09:15:00,99480.52899799854
2022-01-24 09:30:00,99480.52899799854
2022-01-24 09:45:00,99480.52899799854
2022-01-24 10:00:00,99480.52899799854
2022-01-24 10:15:00,99480.52899799854
2022-01-24 10:30:00,99480.52899799854
2022-01-24 10:45:00,99480.52899799854
2022-01-24 11:00:00,99480.52899799854
2022-01-24 11:15:00,99480.52899799854
2022-01-24 11:30:00,99480.52899799854
2022-01-24 11:45:00,99480.52899799854
2022-01-24 12:00:00,99480.52899799854
2022-01-24 12:15:00,99480.52899799854
2022-01-24 12:30:00,99480.52899799854
2022-01-24 12:45:00,99480.52899799854
2022-01-24 13:00:00,99480.52899799854
2022-01-24 13:15:00,99480.52899799854
2022-01-24 13:30:00,99480.52899799854
2022-01-24 13:45:00,99480.52899799854
2022-01-24 14:00:00,99480.52899799854
2022-01-24 14:15:00,99480.52899799854
2022-01-24 14:30:00,99480.52899799854
2022-01-24 14:45:00,99480.52899799854
2022-01-24 15:00:00,99480.52899799854
2022-01-24 15:15:00,99480.52899799854
2022-01-25 09:15:00,99480.52899799854
2022-01-25 09:30:00,99480.52899799854
2022-01-25 09:45:00,99480.52899799854
2022-01-25 10:00:00,99480.52899799854
2022-01-25 10:15:00,99480.52899799854
2022-01-25 10:30:00,99480.52899799854
2022-01-25 10:45:00,99480.52899799854
2022-01-25 11:00:00,99480.52899799854
2022-01-25 11:15:00,99480.52899799854
2022-01-25 11:30:00,99480.52899799854
2022-01-25 11:45:00,99480.52899799854
2022-01-25 12:00:00,99480.52899799854
2022-01-25 12:15:00,99480.52899799854
2022-01-25 12:30:00,99480.52899799854
2022-01-25 12:45:00,99480.52899799854
2022-01-25 13:00:00,99480.52899799854
2022-01-25 13:15:00,99480.52899799854
2022-01-25 13:30:00,99480.52899799854
2022-01-25 13:45:00,99480.52899799854
2022-01-25 14:00:00,99422.74523347832
2022-01-25 14:15:00,99422.74523347832
2022-01-25 14:30:00,99563.44870008502
2022-01-25 14:45:00,99675.26028443166
2022-01-25 15:00:00,99891.94940138246
2022-01-25 15:15:00,99776.95970998723
2022-01-27 09:15:00,98330.05424640111
2022-01-27 09:30:00,98322.54235701347
2022-01-27 09:45:00,98322.54235701347
2022-01-27 10:00:00,98322.54235701347
2022-01-27 10:15:00,98322.54235701347
2022-01-27 10:30:00,98322.54235701347
2022-01-27 10:45:00,98322.54235701347
2022-01-27 11:00:00,98322.54235701347
2022-01-27 11:15:00,98322.54235701347
2022-01-27 11:30:00,98322.54235701347
2022-01-27 11:45:00,98322.54235701347
2022-01-27 12:00:00,98322.54235701347
2022-01-27 12:15:00,98322.54235701347
2022-01-27 12:30:00,98322.54235701347
2022-01-27 12:45:00,98322.54235701347
2022-01-27 13:00:00,98322.54235701347
2022-01-27 13:15:00,98322.54235701347
2022-01-27 13:30:00,98322.54235701347
2022-01-27 13:45:00,98466.18081332109
2022-01-27 14:00:00,98413.39800708757
2022-01-27 14:15:00,98898.82676605489
2022-01-27 14:30:00,99057.75204602577
2022-01-27 14:45:00,98624.81766265682
2022-01-27 15:00:00,98779.41648310037
2022-01-27 15:15:00,98927.6698295705
2022-01-28 09:15:00,99619.03806203912
2022-01-28 09:30:00,100019.66821427061
2022-01-28 09:45:00,100053.70302921902
2022-01-28 10:00:00,99987.36398313317
2022-01-28 10:15:00,99961.6936566043
2022-01-28 10:30:00,99792.38487376782
2022-01-28 10:45:00,100011.88058712144
2022-01-28 11:00:00,99918.14063069578
2022-01-28 11:15:00,99960.53993406368
2022-01-28 11:30:00,100020.24507554095
2022-01-28 11:45:00,100067.54769970653
2022-01-28 12:00:00,100103.31309846583
2022-01-28 12:15:00,100134.17517642753
2022-01-28 12:30:00,100047.3575552456
2022-01-28 12:45:00,100131.86773134625
2022-01-28 13:00:00,100019.95664490579
2022-01-28 13:15:00,100006.11197441831
2022-01-28 13:30:00,99664.03324112346
2022-01-28 13:45:00,99483.18723288072
2022-01-28 14:00:00,99486.35996986745
2022-01-28 14:15:00,99486.35996986745
2022-01-28 14:30:00,99486.35996986745
2022-01-28 14:45:00,99486.35996986745
2022-01-28 15:00:00,99486.35996986745
2022-01-28 15:15:00,99486.35996986745
2022-01-31 09:15:00,99486.35996986745
2022-01-31 09:30:00,99486.35996986745
2022-01-31 09:45:00,99361.88693971306
2022-01-31 10:00:00,99442.19212045782
2022-01-31 10:15:00,99509.30430722311
2022-01-31 10:30:00,99178.61904508485
2022-01-31 10:45:00,99303.09207523924
2022-01-31 11:00:00,99460.54759034238
2022-01-31 11:15:00,99373.07230417397
2022-01-31 11:30:00,99467.1440873321
2022-01-31 11:45:00,99523.35771385345
2022-01-31 12:00:00,99732.72479222373
2022-01-31 12:15:00,99747.06500307101
2022-01-31 12:30:00,99611.1198042388
2022-01-31 12:45:00,99785.4967681417
2022-01-31 13:00:00,99756.81634644714
2022-01-31 13:15:00,99644.67589762142
2022-01-31 13:30:00,99566.09154217833
2022-01-31 13:45:00,99455.67191865428
2022-01-31 14:00:00,99689.13055124799
2022-01-31 14:15:00,99738.46087656265
2022-01-31 14:30:00,99733.01159644067
2022-01-31 14:45:00,99722.11303619674
2022-01-31 15:00:00,99458.53996082373
2022-01-31 15:15:00,99453.9510933526
2022-02-01 09:15:00,100459.77348218078
2022-02-01 09:30:00,100495.62400929899
2022-02-01 09:45:00,100659.9628256088
2022-02-01 10:00:00,100829.46411782365
2022-02-01 10:15:00,100839.78906963371
2022-02-01 10:30:00,100737.39996418414
2022-02-01 10:45:00,100731.09027141135
2022-02-01 11:00:00,100764.93316901091
2022-02-01 11:15:00,100663.97808464608
2022-02-01 11:30:00,100565.31743401679
2022-02-01 11:45:00,100879.65485578914
2022-02-01 12:00:00,100869.903512413
2022-02-01 12:15:00,100964.54890400505
2022-02-01 12:30:00,100873.0583587994
2022-02-01 12:45:00,100590.556205108
2022-02-01 13:00:00,99108.06520771627
2022-02-01 13:15:00,100044.76778026055
2022-02-01 13:30:00,100198.20803632644
2022-02-01 13:45:00,100383.48356047328
2022-02-01 14:00:00,100622.39147318895
2022-02-01 14:15:00,100826.30927143725
2022-02-01 14:30:00,100990.07447931317
2022-02-01 14:45:00,100688.06963886948
2022-02-01 15:00:00,100743.99646117387
2022-02-01 15:15:00,100981.75715702176
2022-02-02 09:15:00,101674.38934094534
2022-02-02 09:30:00,101696.47326565014
2022-02-02 09:45:00,101702.496154206
2022-02-02 10:00:00,101660.04913009808
2022-02-02 10:15:00,101728.02172951418
2022-02-02 10:30:00,101484.81175354432
2022-02-02 10:45:00,101660.90954274892
2022-02-02 11:00:00,101673.81573251149
2022-02-02 11:15:00,101705.93780480941
2022-02-02 11:30:00,101763.01184398157
2022-02-02 11:45:00,101904.69312715268
2022-02-02 12:00:00,101794.84711206255
2022-02-02 12:15:00,101791.11865724224
2022-02-02 12:30:00,101871.71064220395
2022-02-02 12:45:00,101761.00421446296
2022-02-02 13:00:00,101791.11865724224
2022-02-02 13:15:00,101778.49927169664
2022-02-02 13:30:00,101824.67475062486
2022-02-02 13:45:00,101826.6823801435
2022-02-02 14:00:00,101954.88386511817
2022-02-02 14:15:00,101960.0463410232
2022-02-02 14:30:00,101950.0081934301
2022-02-02 14:45:00,101921.0409675186
2022-02-02 15:00:00,101976.96778982297
2022-02-02 15:15:00,102054.1181241813
2022-02-03 09:15:00,101763.2986481985
2022-02-03 09:30:00,101606.41674152926
2022-02-03 09:45:00,101639.399226478
2022-02-03 10:00:00,101587.2008589939
2022-02-03 10:15:00,101477.35484390374
2022-02-03 10:30:00,101470.18473848011
2022-02-03 10:45:00,101470.18473848011
2022-02-03 11:00:00,101470.18473848011
2022-02-03 11:15:00,101470.18473848011
2022-02-03 11:30:00,101470.18473848011
2022-02-03 11:45:00,101470.18473848011
2022-02-03 12:00:00,101470.18473848011
2022-02-03 12:15:00,101470.18473848011
2022-02-03 12:30:00,101470.18473848011
2022-02-03 12:45:00,101470.18473848011
2022-02-03 13:00:00,101470.18473848011
2022-02-03 13:15:00,101470.18473848011
2022-02-03 13:30:00,101470.18473848011
2022-02-03 13:45:00,101470.18473848011
2022-02-03 14:00:00,101470.18473848011
2022-02-03 14:15:00,101470.18473848011
2022-02-03 14:30:00,101470.18473848011
2022-02-03 14:45:00,101470.18473848011
2022-02-03 15:00:00,101470.18473848011
2022-02-03 15:15:00,101470.18473848011
2022-02-04 09:15:00,101470.18473848011
2022-02-04 09:30:00,101470.18473848011
2022-02-04 09:45:00,101470.18473848011
2022-02-04 10:00:00,101470.18473848011
2022-02-04 10:15:00,101470.18473848011
2022-02-04 10:30:00,101470.18473848011
2022-02-04 10:45:00,101470.18473848011
2022-02-04 11:00:00,101470.18473848011
2022-02-04 11:15:00,101470.18473848011
2022-02-04 11:30:00,101470.18473848011
2022-02-04 11:45:00,101470.18473848011
2022-02-04 12:00:00,101470.18473848011
2022-02-04 12:15:00,101470.18473848011
2022-02-04 12:30:00,101470.18473848011
2022-02-04 12:45:00,101470.18473848011
2022-02-04 13:00:00,101470.18473848011
2022-02-04 13:15:00,101470.18473848011
2022-02-04 13:30:00,101470.18473848011
2022-02-04 13:45:00,101470.18473848011
2022-02-04 14:00:00,101470.18473848011
2022-02-04 14:15:00,101470.18473848011
2022-02-04 14:30:00,101470.18473848011
2022-02-04 14:45:00,101470.18473848011
2022-02-04 15:00:00,101470.18473848011
2022-02-04 15:15:00,101470.18473848011
2022-02-07 09:15:00,101470.18473848011
2022-02-07 09:30:00,101470.18473848011
2022-02-07 09:45:00,101470.18473848011
2022-02-07 10:00:00,101470.18473848011
2022-02-07 10:15:00,101470.18473848011
2022-02-07 10:30:00,101470.18473848011
2022-02-07 10:45:00,101470.18473848011
2022-02-07 11:00:00,101470.18473848011
2022-02-07 11:15:00,101470.18473848011
2022-02-07 11:30:00,101470.18473848011
2022-02-07 11:45:00,101470.18473848011
2022-02-07 12:00:00,101470.18473848011
2022-02-07 12:15:00,101470.18473848011
2022-02-07 12:30:00,101470.18473848011
2022-02-07 12:45:00,101470.18473848011
2022-02-07 13:00:00,101470.18473848011
2022-02-07 13:15:00,101470.18473848011
2022-02-07 13:30:00,101470.18473848011
2022-02-07 13:45:00,101470.18473848011
2022-02-07 14:00:00,101470.18473848011
2022-02-07 14:15:00,101470.18473848011
2022-02-07 14:30:00,101470.18473848011
2022-02-07 14:45:00,101470.18473848011
2022-02-07 15:00:00,101470.18473848011
2022-02-07 15:15:00,101470.18473848011
2022-02-08 09:15:00,101470.18473848011
2022-02-08 09:30:00,101470.18473848011
2022-02-08 09:45:00,101470.18473848011
2022-02-08 10:00:00,101470.18473848011
2022-02-08 10:15:00,101470.18473848011
2022-02-08 10:30:00,101470.18473848011
2022-02-08 10:45:00,101470.18473848011
2022-02-08 11:00:00,101470.18473848011
2022-02-08 11:15:00,101470.18473848011
2022-02-08 11:30:00,101470.18473848011
2022-02-08 11:45:00,101470.18473848011
2022-02-08 12:00:00,101470.18473848011
2022-02-08 12:15:00,101470.18473848011
2022-02-08 12:30:00,101588.20720645106
2022-02-08 12:45:00,101309.48581700349
2022-02-08 13:00:00,100875.65759309035
2022-02-08 13:15:00,101067.55447368152
2022-02-08 13:30:00,101181.45645648638
2022-02-08 13:45:00,101186.16558239044
2022-02-08 14:00:00,101024.28937943779
2022-02-08 14:15:00,101104.05019943809
2022-02-08 14:30:00,101215.30329892194
2022-02-08 14:45:00,101557.59788807457
2022-02-08 15:00:00,101717.11952807517
2022-02-08 15:15:00,101483.72347545432
2022-02-09 09:15:00,102488.82753560589
2022-02-09 09:30:00,102377.57443612207
2022-02-09 09:45:00,102508.25267996023
2022-02-09 10:00:00,102525.3232613625
2022-02-09 10:15:00,102380.22331944313
2022-02-09 10:30:00,102376.69147501506
2022-02-09 10:45:00,102471.1683134656
2022-02-09 11:00:00,102385.52108608521
2022-02-09 11:15:00,102411.12695818866
2022-02-09 11:30:00,102361.68113619584
2022-02-09 11:45:00,102469.99103198962
2022-02-09 12:00:00,102487.94457449892
2022-02-09 12:15:00,102577.12364630737
2022-02-09 12:30:00,102547.3972890379
2022-02-09 12:45:00,102566.2337926542
2022-02-09 13:00:00,102320.18196416616
2022-02-09 13:15:00,102492.06505966498
2022-02-09 13:30:00,102496.18554483104
2022-02-09 13:45:00,102605.37840173184
2022-02-09 14:00:00,102673.07208660296
2022-02-09 14:15:00,102703.68140497945
2022-02-09 14:30:00,102776.37853612365
2022-02-09 14:45:00,102776.96717686165
2022-02-09 15:00:00,102796.39232121597
2022-02-09 15:15:00,102844.95518210178
2022-02-10 09:15:00,102910.88294475887
2022-02-10 09:30:00,102766.07732320849
2022-02-10 09:45:00,102620.97738128909
2022-02-10 10:00:00,103076.5853125086
2022-02-10 10:15:00,103270.24811531378
2022-02-10 10:30:00,103509.82489568373
2022-02-10 10:45:00,103460.37907369093
2022-02-10 11:00:00,103506.88169199368
2022-02-10 11:15:00,103494.52023649547
2022-02-10 11:30:00,103657.27940055514
2022-02-10 11:45:00,103669.93517642235
2022-02-10 12:00:00,103568.68896948468
2022-02-10 12:15:00,103505.70441051763
2022-02-10 12:30:00,103612.2483840974
2022-02-10 12:45:00,103697.30697073981
2022-02-10 13:00:00,103616.95751000148
2022-02-10 13:15:00,103637.85425620081
2022-02-10 13:30:00,103723.20716321222
2022-02-10 13:45:00,103679.35342823049
2022-02-10 14:00:00,103748.51871494664
2022-02-10 14:15:00,103672.5840597434
2022-02-10 14:30:00,103694.36376704977
2022-02-10 14:45:00,103689.06600040766
2022-02-10 15:00:00,103598.41532675416
2022-02-10 15:15:00,103523.95227339595
2022-02-11 09:15:00,102518.25957250637
2022-02-11 09:30:00,102516.49365029235
2022-02-11 09:45:00,102516.49365029235
2022-02-11 10:00:00,102516.49365029235
2022-02-11 10:15:00,102516.49365029235
2022-02-11 10:30:00,102516.49365029235
2022-02-11 10:45:00,102516.49365029235
2022-02-11 11:00:00,102516.49365029235
2022-02-11 11:15:00,102516.49365029235
2022-02-11 11:30:00,102516.49365029235
2022-02-11 11:45:00,102516.49365029235
2022-02-11 12:00:00,102516.49365029235
2022-02-11 12:15:00,102516.49365029235
2022-02-11 12:30:00,102743.816695458
2022-02-11 12:45:00,102688.31444546948
2022-02-11 13:00:00,102784.55770874741
2022-02-11 13:15:00,102820.27990155916
2022-02-11 13:30:00,102999.77653981981
2022-02-11 13:45:00,102824.1178231009
2022-02-11 14:00:00,102615.98438564404
2022-02-11 14:15:00,102566.97707980314
2022-02-11 14:30:00,102499.96106518937
2022-02-11 14:45:00,102561.95825932545
2022-02-11 15:00:00,102659.67764627327
2022-02-11 15:15:00,102416.7076902066
2022-02-14 09:15:00,100826.03682351507
2022-02-14 09:30:00,100826.03682351507
2022-02-14 09:45:00,100826.03682351507
2022-02-14 10:00:00,100826.03682351507
2022-02-14 10:15:00,100826.03682351507
2022-02-14 10:30:00,100826.03682351507
2022-02-14 10:45:00,100826.03682351507
2022-02-14 11:00:00,100826.03682351507
2022-02-14 11:15:00,100826.03682351507
2022-02-14 11:30:00,100826.03682351507
2022-02-14 11:45:00,100826.03682351507
2022-02-14 12:00:00,100826.03682351507
2022-02-14 12:15:00,100826.03682351507
2022-02-14 12:30:00,100826.03682351507
2022-02-14 12:45:00,100826.03682351507
2022-02-14 13:00:00,100826.03682351507
2022-02-14 13:15:00,100826.03682351507
2022-02-14 13:30:00,100826.03682351507
2022-02-14 13:45:00,100826.03682351507
2022-02-14 14:00:00,100826.03682351507
2022-02-14 14:15:00,100826.03682351507
2022-02-14 14:30:00,100826.03682351507
2022-02-14 14:45:00,100826.03682351507
2022-02-14 15:00:00,100826.03682351507
2022-02-14 15:15:00,100826.03682351507
2022-02-15 09:15:00,100826.03682351507
2022-02-15 09:30:00,100826.03682351507
2022-02-15 09:45:00,100826.03682351507
2022-02-15 10:00:00,100826.03682351507
2022-02-15 10:15:00,100826.03682351507
2022-02-15 10:30:00,100826.03682351507
2022-02-15 10:45:00,100826.03682351507
2022-02-15 11:00:00,100826.03682351507
2022-02-15 11:15:00,100826.03682351507
2022-02-15 11:30:00,101022.11319807461
2022-02-15 11:45:00,101309.98896617796
2022-02-15 12:00:00,101427.93187632968
2022-02-15 12:15:00,101257.40484754606
2022-02-15 12:30:00,101457.0462470976
2022-02-15 12:45:00,101587.7638301373
2022-02-15 13:00:00,101605.29186968124
2022-02-15 13:15:00,101512.00704905747
2022-02-15 13:30:00,101984.07577508039
2022-02-15 13:45:00,102335.8249076236
2022-02-15 14:00:00,102711.34087344675
2022-02-15 14:15:00,102698.56620055878
2022-02-15 14:30:00,102884.54167097437
2022-02-15 14:45:00,102861.96317935841
2022-02-15 15:00:00,103093.98688925391
2022-02-15 15:15:00,103099.63151215788
2022-02-16 09:15:00,103339.97361370135
2022-02-16 09:30:00,103152.21563078978
2022-02-16 09:45:00,103032.19312272605
2022-02-16 10:00:00,102991.19533531813
2022-02-16 10:15:00,103089.23352259792
2022-02-16 10:30:00,103066.65503098197
2022-02-16 10:45:00,102710.44961719877
2022-02-16 11:00:00,102720.25343592674
2022-02-16 11:15:00,102964.16056246219
2022-02-16 11:30:00,102829.5808690145
2022-02-16 11:45:00,102897.01925844634
2022-02-16 12:00:00,103000.7020686301
2022-02-16 12:15:00,103295.41080130142
2022-02-16 12:30:00,103430.28758016511
2022-02-16 12:45:00,103353.63954283726
2022-02-16 13:00:00,103476.92999047699
2022-02-16 13:15:00,103565.4614444448
2022-02-16 13:30:00,103722.32254409244
2022-02-16 13:45:00,103808.47731473226
2022-02-16 14:00:00,103734.50304614841
2022-02-16 14:15:00,103656.96375257258
2022-02-16 14:30:00,103218.46567855756
2022-02-16 14:45:00,103069.32879972592
2022-02-16 15:00:00,102965.05181871016
2022-02-16 15:15:00,102750.25906294263
2022-02-17 09:15:00,103365.22587406123
2022-02-17 09:30:00,103365.22587406123
2022-02-17 09:45:00,103365.22587406123
2022-02-17 10:00:00,103365.22587406123
2022-02-17 10:15:00,103365.22587406123
2022-02-17 10:30:00,103365.22587406123
2022-02-17 10:45:00,103365.22587406123
2022-02-17 11:00:00,103365.22587406123
2022-02-17 11:15:00,103365.22587406123
2022-02-17 11:30:00,103365.22587406123
2022-02-17 11:45:00,103365.22587406123
2022-02-17 12:00:00,103365.22587406123
2022-02-17 12:15:00,103389.60502602538
2022-02-17 12:30:00,103437.17410302856
2022-02-17 12:45:00,103421.11953953998
2022-02-17 13:00:00,103356.00936539187
2022-02-17 13:15:00,103296.5480191379
2022-02-17 13:30:00,103543.3126060919
2022-02-17 13:45:00,103284.06113642457
2022-02-17 14:00:00,103043.24268409597
2022-02-17 14:15:00,103194.57181031234
2022-02-17 14:30:00,103002.51166191198
2022-02-17 14:45:00,102995.07899363023
2022-02-17 15:00:00,102773.28817210291
2022-02-17 15:15:00,102773.88278556548
2022-02-18 09:15:00,102773.88278556548
2022-02-18 09:30:00,102773.88278556548
2022-02-18 09:45:00,102773.88278556548
2022-02-18 10:00:00,102773.88278556548
2022-02-18 10:15:00,102773.88278556548
2022-02-18 10:30:00,102773.88278556548
2022-02-18 10:45:00,102773.88278556548
2022-02-18 11:00:00,102773.88278556548
2022-02-18 11:15:00,102773.88278556548
2022-02-18 11:30:00,102773.88278556548
2022-02-18 11:45:00,102773.88278556548
2022-02-18 12:00:00,102874.12568346733
2022-02-18 12:15:00,102827.26657734753
2022-02-18 12:30:00,102977.0377709583
2022-02-18 12:45:00,102986.23164620964
2022-02-18 13:00:00,102978.22407744234
2022-02-18 13:15:00,102837.05360584089
2022-02-18 13:30:00,102892.21685734903
2022-02-18 13:45:00,102923.35740255524
2022-02-18 14:00:00,102659.10763323406
2022-02-18 14:15:00,102486.20346318443
2022-02-18 14:30:00,102382.40164583044
2022-02-18 14:45:00,102471.67120875487
2022-02-18 15:00:00,102489.16922939454
2022-02-18 15:15:00,102430.15048181327
2022-02-21 09:15:00,101483.18133092385
2022-02-21 09:30:00,101489.11286334407
2022-02-21 09:45:00,101489.11286334407
2022-02-21 10:00:00,101489.11286334407
2022-02-21 10:15:00,101489.11286334407
2022-02-21 10:30:00,101489.11286334407
2022-02-21 10:45:00,101489.11286334407
2022-02-21 11:00:00,101489.11286334407
2022-02-21 11:15:00,101498.83452244279
2022-02-21 11:30:00,101741.28680845056
2022-02-21 11:45:00,101796.08161427978
2022-02-21 12:00:00,101935.71999042522
2022-02-21 12:15:00,101820.82765562204
2022-02-21 12:30:00,101900.66309852374
2022-02-21 12:45:00,101993.16615782682
2022-02-21 13:00:00,102203.21291350547
2022-02-21 13:15:00,101955.45790435295
2022-02-21 13:30:00,101966.65254210302
2022-02-21 13:45:00,101896.24416256978
2022-02-21 14:00:00,101540.37252041014
2022-02-21 14:15:00,101702.1055763254
2022-02-21 14:30:00,101314.41759529719
2022-02-21 14:45:00,101309.70406361295
2022-02-21 15:00:00,101309.70406361295
2022-02-21 15:15:00,101309.70406361295
2022-02-22 09:15:00,101309.70406361295
2022-02-22 09:30:00,101309.70406361295
2022-02-22 09:45:00,101309.70406361295
2022-02-22 10:00:00,101309.70406361295
2022-02-22 10:15:00,101309.70406361295
2022-02-22 10:30:00,101309.70406361295
2022-02-22 10:45:00,101309.70406361295
2022-02-22 11:00:00,101309.70406361295
2022-02-22 11:15:00,101309.70406361295
2022-02-22 11:30:00,101309.70406361295
2022-02-22 11:45:00,100936.65412755545
2022-02-22 12:00:00,101036.39213919094
2022-02-22 12:15:00,100981.61066414339
2022-02-22 12:30:00,101031.03308184935
2022-02-22 12:45:00,100830.66388235478
2022-02-22 13:00:00,100842.87062407732
2022-02-22 13:15:00,100771.71425159708
2022-02-22 13:30:00,100786.60052199045
2022-02-22 13:45:00,101176.62080629636
2022-02-22 14:00:00,101688.41078241992
2022-02-22 14:15:00,101897.41401874264
2022-02-22 14:30:00,101896.8185679269
2022-02-22 14:45:00,101882.52774834928
2022-02-22 15:00:00,101803.63051526449
2022-02-22 15:15:00,101706.5720322998
2022-02-23 09:15:00,102512.81243680394
2022-02-23 09:30:00,102195.13942660975
2022-02-23 09:45:00,102339.83397483315
2022-02-23 10:00:00,102109.394509144
2022-02-23 10:15:00,102167.15323827023
2022-02-23 10:30:00,101967.08176418352
2022-02-23 10:45:00,102093.31733711917
2022-02-23 11:00:00,102214.78930352895
2022-02-23 11:15:00,102342.21577809606
2022-02-23 11:30:00,102361.56792960742
2022-02-23 11:45:00,102342.51350350394
2022-02-23 12:00:00,102239.79823778979
2022-02-23 12:15:00,102259.15038930114
2022-02-23 12:30:00,102076.04926346286
2022-02-23 12:45:00,102045.6812718604
2022-02-23 13:00:00,102202.88028721424
2022-02-23 13:15:00,102184.71903733435
2022-02-23 13:30:00,102127.55575902385
2022-02-23 13:45:00,102019.4814359681
2022-02-23 14:00:00,102017.69508352088
2022-02-23 14:15:00,102017.69508352088
2022-02-23 14:30:00,102017.69508352088
2022-02-23 14:45:00,102017.69508352088
2022-02-23 15:00:00,102017.69508352088
2022-02-23 15:15:00,102017.69508352088
2022-02-24 09:15:00,102017.69508352088
2022-02-24 09:30:00,102017.69508352088
2022-02-24 09:45:00,102017.69508352088
2022-02-24 10:00:00,102017.69508352088
2022-02-24 10:15:00,102017.69508352088
2022-02-24 10:30:00,102017.69508352088
2022-02-24 10:45:00,102017.69508352088
2022-02-24 11:00:00,102017.69508352088
2022-02-24 11:15:00,102017.69508352088
2022-02-24 11:30:00,102017.69508352088
2022-02-24 11:45:00,102017.69508352088
2022-02-24 12:00:00,102017.69508352088
2022-02-24 12:15:00,102017.69508352088
2022-02-24 12:30:00,102017.69508352088
2022-02-24 12:45:00,102017.69508352088
2022-02-24 13:00:00,102017.69508352088
2022-02-24 13:15:00,102017.69508352088
2022-02-24 13:30:00,102017.69508352088
2022-02-24 13:45:00,102017.69508352088
2022-02-24 14:00:00,102017.69508352088
2022-02-24 14:15:00,102017.69508352088
2022-02-24 14:30:00,102017.69508352088
2022-02-24 14:45:00,102017.69508352088
2022-02-24 15:00:00,102017.69508352088
2022-02-24 15:15:00,102017.69508352088
2022-02-25 09:15:00,102017.69508352088
2022-02-25 09:30:00,102017.69508352088
2022-02-25 09:45:00,102162.14741423578
2022-02-25 10:00:00,102050.81791094595
2022-02-25 10:15:00,102231.15330470467
2022-02-25 10:30:00,102654.69612576041
2022-02-25 10:45:00,102592.43747791513
2022-02-25 11:00:00,102438.78436180438
2022-02-25 11:15:00,102526.19182306499
2022-02-25 11:30:00,102486.62844586282
2022-02-25 11:45:00,102278.0773102235
2022-02-25 12:00:00,102154.48009307255
2022-02-25 12:15:00,102451.35876851206
2022-02-25 12:30:00,102083.32735267795
2022-02-25 12:45:00,102270.71668190684
2022-02-25 13:00:00,102267.95644628808
2022-02-25 13:15:00,102125.95765834542
2022-02-25 13:30:00,102114.30333017735
2022-02-25 13:45:00,102114.30333017735
2022-02-25 14:00:00,102114.30333017735
2022-02-25 14:15:00,102114.30333017735
2022-02-25 14:30:00,102114.30333017735
2022-02-25 14:45:00,102114.30333017735
2022-02-25 15:00:00,102114.30333017735
2022-02-25 15:15:00,102114.30333017735
2022-02-28 09:15:00,102114.30333017735
2022-02-28 09:30:00,102114.30333017735
2022-02-28 09:45:00,102114.30333017735
2022-02-28 10:00:00,102114.30333017735
2022-02-28 10:15:00,102114.30333017735
2022-02-28 10:30:00,102114.30333017735
2022-02-28 10:45:00,102114.30333017735
2022-02-28 11:00:00,102199.61416991212
2022-02-28 11:15:00,102393.64243356882
2022-02-28 11:30:00,102289.54473021017
2022-02-28 11:45:00,102766.91585507979
2022-02-28 12:00:00,102705.62756227393
2022-02-28 12:15:00,102849.14688110571
2022-02-28 12:30:00,102777.07924031894
2022-02-28 12:45:00,102822.35250183886
2022-02-28 13:00:00,102977.26713139331
2022-02-28 13:15:00,102930.14598164814
2022-02-28 13:30:00,102980.65492647306
2022-02-28 13:45:00,102885.18070149914
2022-02-28 14:00:00,102862.69806142461
2022-02-28 14:15:00,102965.56383929975
2022-02-28 14:30:00,103014.53287727025
2022-02-28 14:45:00,103106.61930716444
2022-02-28 15:00:00,103476.81291496658
2022-02-28 15:15:00,103416.75654764427
2022-03-02 09:15:00,102727.18625823582
2022-03-02 09:30:00,102356.9926504337
2022-03-02 09:45:00,102182.98317588445
2022-03-02 10:00:00,102180.82730628825
2022-03-02 10:15:00,102180.82730628825
2022-03-02 10:30:00,102180.82730628825
2022-03-02 10:45:00,102180.82730628825
2022-03-02 11:00:00,102180.82730628825
2022-03-02 11:15:00,102180.82730628825
2022-03-02 11:30:00,102180.82730628825
2022-03-02 11:45:00,102180.82730628825
2022-03-02 12:00:00,102180.82730628825
2022-03-02 12:15:00,102180.82730628825
2022-03-02 12:30:00,102180.82730628825
2022-03-02 12:45:00,102180.82730628825
2022-03-02 13:00:00,102180.82730628825
2022-03-02 13:15:00,102180.82730628825
2022-03-02 13:30:00,102180.82730628825
2022-03-02 13:45:00,102180.82730628825
2022-03-02 14:00:00,102180.82730628825
2022-03-02 14:15:00,102180.82730628825
2022-03-02 14:30:00,102180.82730628825
2022-03-02 14:45:00,102180.82730628825
2022-03-02 15:00:00,102180.82730628825
2022-03-02 15:15:00,102180.82730628825
2022-03-03 09:15:00,101972.47207456558
2022-03-03 09:30:00,101782.44721513524
2022-03-03 09:45:00,101784.28025236446
2022-03-03 10:00:00,101681.93567373237
2022-03-03 10:15:00,101568.59287172488
2022-03-03 10:30:00,101654.44011529388
2022-03-03 10:45:00,101559.4276855787
2022-03-03 11:00:00,101737.84330922391
2022-03-03 11:15:00,101801.69410604215
2022-03-03 11:30:00,101692.32288469799
2022-03-03 11:45:00,101672.15947517645
2022-03-03 12:00:00,101674.90903102032
2022-03-03 12:15:00,101255.14350552627
2022-03-03 12:30:00,101173.87885503034
2022-03-03 12:45:00,101167.7687309329
2022-03-03 13:00:00,101167.7687309329
2022-03-03 13:15:00,101167.7687309329
2022-03-03 13:30:00,101167.7687309329
2022-03-03 13:45:00,101167.7687309329
2022-03-03 14:00:00,101167.7687309329
2022-03-03 14:15:00,101167.7687309329
2022-03-03 14:30:00,101167.7687309329
2022-03-03 14:45:00,101167.7687309329
2022-03-03 15:00:00,101167.7687309329
2022-03-03 15:15:00,101167.7687309329
2022-03-04 09:15:00,101167.7687309329
2022-03-04 09:30:00,101167.7687309329
2022-03-04 09:45:00,101167.7687309329
2022-03-04 10:00:00,101167.7687309329
2022-03-04 10:15:00,101167.7687309329
2022-03-04 10:30:00,101167.7687309329
2022-03-04 10:45:00,101167.7687309329
2022-03-04 11:00:00,101167.7687309329
2022-03-04 11:15:00,101167.7687309329
2022-03-04 11:30:00,101167.7687309329
2022-03-04 11:45:00,101167.7687309329
2022-03-04 12:00:00,101167.7687309329
2022-03-04 12:15:00,101167.7687309329
2022-03-04 12:30:00,101167.7687309329
2022-03-04 12:45:00,101343.69166922003
2022-03-04 13:00:00,101327.89577159213
2022-03-04 13:15:00,101836.77145399664
2022-03-04 13:30:00,101702.0417389352
2022-03-04 13:45:00,101763.36698854936
2022-03-04 14:00:00,101236.21762065377
2022-03-04 14:15:00,101289.49005971254
2022-03-04 14:30:00,100887.4689789085
2022-03-04 14:45:00,100835.12571029841
2022-03-04 15:00:00,100626.9915297897
2022-03-04 15:15:00,100634.1151698964
2022-03-07 09:15:00,100634.1151698964
2022-03-07 09:30:00,100634.1151698964
2022-03-07 09:45:00,100634.1151698964
2022-03-07 10:00:00,100634.1151698964
2022-03-07 10:15:00,100634.1151698964
2022-03-07 10:30:00,100634.1151698964
2022-03-07 10:45:00,100634.1151698964
2022-03-07 11:00:00,100634.1151698964
2022-03-07 11:15:00,100634.1151698964
2022-03-07 11:30:00,100634.1151698964
2022-03-07 11:45:00,100634.1151698964
2022-03-07 12:00:00,100353.40590058223
2022-03-07 12:15:00,100435.50309970672
2022-03-07 12:30:00,100491.39234680303
2022-03-07 12:45:00,100512.23240504232
2022-03-07 13:00:00,100101.74640941981
2022-03-07 13:15:00,99963.75996319902
2022-03-07 13:30:00,100109.32461241593
2022-03-07 13:45:00,99887.97793323794
2022-03-07 14:00:00,99881.66276407451
2022-03-07 14:15:00,99881.66276407451
2022-03-07 14:30:00,99881.66276407451
2022-03-07 14:45:00,99881.66276407451
2022-03-07 15:00:00,99881.66276407451
2022-03-07 15:15:00,99881.66276407451
2022-03-08 09:15:00,99881.66276407451
2022-03-08 09:30:00,99881.66276407451
2022-03-08 09:45:00,99881.66276407451
2022-03-08 10:00:00,99881.66276407451
2022-03-08 10:15:00,99881.66276407451
2022-03-08 10:30:00,99881.66276407451
2022-03-08 10:45:00,99881.66276407451
2022-03-08 11:00:00,99881.66276407451
2022-03-08 11:15:00,99881.66276407451
2022-03-08 11:30:00,99881.66276407451
2022-03-08 11:45:00,99881.66276407451
2022-03-08 12:00:00,99881.66276407451
2022-03-08 12:15:00,99881.66276407451
2022-03-08 12:30:00,99881.66276407451
2022-03-08 12:45:00,99881.66276407451
2022-03-08 13:00:00,99881.66276407451
2022-03-08 13:15:00,99881.66276407451
2022-03-08 13:30:00,99881.66276407451
2022-03-08 13:45:00,99881.66276407451
2022-03-08 14:00:00,99881.66276407451
2022-03-08 14:15:00,99979.59892963339
2022-03-08 14:30:00,100483.13567795689
2022-03-08 14:45:00,100833.94239317415
2022-03-08 15:00:00,100882.12320774168
2022-03-08 15:15:00,100862.59895608686
2022-03-09 09:15:00,101523.58934678795
2022-03-09 09:30:00,101556.65461168723
2022-03-09 09:45:00,101571.45525407072
2022-03-09 10:00:00,101681.67280373504
2022-03-09 10:15:00,101727.33436002456
2022-03-09 10:30:00,101670.02123419911
2022-03-09 10:45:00,101768.58721432748
2022-03-09 11:00:00,101602.31616797675
2022-03-09 11:15:00,101531.14712162208
2022-03-09 11:30:00,101761.65925406286
2022-03-09 11:45:00,101996.58008849023
2022-03-09 12:00:00,101918.48308187095
2022-03-09 12:15:00,102265.8258169559
2022-03-09 12:30:00,102336.67995602581
2022-03-09 12:45:00,102638.36113482124
2022-03-09 13:00:00,102775.66071097448
2022-03-09 13:15:00,102554.9107043611
2022-03-09 13:30:00,102742.28053879042
2022-03-09 13:45:00,102915.79445269052
2022-03-09 14:00:00,102909.81121428017
2022-03-09 14:15:00,103157.95815466724
2022-03-09 14:30:00,103074.50772420713
2022-03-09 14:45:00,103108.83261824543
2022-03-09 15:00:00,102972.47776394644
2022-03-09 15:15:00,103081.12077718697
2022-03-10 09:15:00,104838.93324069031
2022-03-10 09:30:00,104664.7895122207
2022-03-10 09:45:00,105117.94109498338
2022-03-10 10:00:00,105289.25065789018
2022-03-10 10:15:00,105486.69752543165
2022-03-10 10:30:00,105218.71142610502
2022-03-10 10:45:00,105314.44324067059
2022-03-10 11:00:00,105430.32912146051
2022-03-10 11:15:00,105289.56556517494
2022-03-10 11:30:00,105308.46000226025
2022-03-10 11:45:00,105266.26242610306
2022-03-10 12:00:00,105144.39330690281
2022-03-10 12:15:00,105201.07661815874
2022-03-10 12:30:00,104857.51277049085
2022-03-10 12:45:00,104925.8476512827
2022-03-10 13:00:00,104750.44429367408
2022-03-10 13:15:00,104891.20784995962
2022-03-10 13:30:00,104524.02595593511
2022-03-10 13:45:00,104533.47317447777
2022-03-10 14:00:00,104533.47317447777
2022-03-10 14:15:00,104533.47317447777
2022-03-10 14:30:00,104533.47317447777
2022-03-10 14:45:00,104533.47317447777
2022-03-10 15:00:00,104533.47317447777
2022-03-10 15:15:00,104533.47317447777
2022-03-11 09:15:00,104533.47317447777
2022-03-11 09:30:00,104533.47317447777
2022-03-11 09:45:00,104533.47317447777
2022-03-11 10:00:00,104533.47317447777
2022-03-11 10:15:00,104533.47317447777
2022-03-11 10:30:00,104533.47317447777
2022-03-11 10:45:00,104533.47317447777
2022-03-11 11:00:00,104533.47317447777
2022-03-11 11:15:00,104533.47317447777
2022-03-11 11:30:00,104533.47317447777
2022-03-11 11:45:00,104478.83452382317
2022-03-11 12:00:00,104505.52581868316
2022-03-11 12:15:00,104428.90610167327
2022-03-11 12:30:00,104548.5459056928
2022-03-11 12:45:00,104408.18109625255
2022-03-11 13:00:00,104171.41361008264
2022-03-11 13:15:00,104393.1083650375
2022-03-11 13:30:00,104139.69807148431
2022-03-11 13:45:00,104299.84584064432
2022-03-11 14:00:00,104342.86592765395
2022-03-11 14:15:00,104304.55606914902
2022-03-11 14:30:00,104497.04740737466
2022-03-11 14:45:00,104400.01670017773
2022-03-11 15:00:00,104431.10420830878
2022-03-11 15:15:00,104381.8038166262
2022-03-14 09:15:00,104604.75463251563
2022-03-14 09:30:00,104450.88716802857
2022-03-14 09:45:00,104719.9982232641
2022-03-14 10:00:00,104749.20163999329
2022-03-14 10:15:00,104649.34479569351
2022-03-14 10:30:00,104805.0963515825
2022-03-14 10:45:00,104951.42745046204
2022-03-14 11:00:00,105019.8827713971
2022-03-14 11:15:00,105211.11804868816
2022-03-14 11:30:00,105179.71652532346
2022-03-14 11:45:00,105195.73130223945
2022-03-14 12:00:00,105076.40551345356
2022-03-14 12:15:00,105186.93887569735
2022-03-14 12:30:00,105248.79987672583
2022-03-14 12:45:00,105320.70936523101
2022-03-14 13:00:00,105386.96657953055
2022-03-14 13:15:00,105362.15937607242
2022-03-14 13:30:00,105455.73591569928
2022-03-14 13:45:00,105460.13212897035
2022-03-14 14:00:00,105576.63178065342
2022-03-14 14:15:00,105868.97996317883
2022-03-14 14:30:00,105898.81141037529
2022-03-14 14:45:00,105990.8178738339
2022-03-14 15:00:00,105969.15082271225
2022-03-14 15:15:00,106051.73682916144
2022-03-15 09:15:00,106165.7243589753
2022-03-15 09:30:00,105795.18638327175
2022-03-15 09:45:00,105643.83104065387
2022-03-15 10:00:00,105893.78716663695
2022-03-15 10:15:00,106060.84327093717
2022-03-15 10:30:00,105983.90953869364
2022-03-15 10:45:00,105748.39811345833
2022-03-15 11:00:00,105836.95040934683
2022-03-15 11:15:00,105830.67010467389
2022-03-15 11:30:00,105744.62993065458
2022-03-15 11:45:00,106008.40272691812
2022-03-15 12:00:00,106001.4943917779
2022-03-15 12:15:00,105922.36255289883
2022-03-15 12:30:00,105373.14990925007
2022-03-15 12:45:00,105286.79571999713
2022-03-15 13:00:00,105110.63317392113
2022-03-15 13:15:00,105110.63317392113
2022-03-15 13:30:00,105110.63317392113
2022-03-15 13:45:00,105110.63317392113
2022-03-15 14:00:00,105110.63317392113
2022-03-15 14:15:00,105110.63317392113
2022-03-15 14:30:00,105110.63317392113
2022-03-15 14:45:00,105110.63317392113
2022-03-15 15:00:00,105110.63317392113
2022-03-15 15:15:00,105110.63317392113
2022-03-16 09:15:00,105110.63317392113
2022-03-16 09:30:00,105001.98014145147
2022-03-16 09:45:00,104864.45644606842
2022-03-16 10:00:00,104645.90863218656
2022-03-16 10:15:00,104696.82033882948
2022-03-16 10:30:00,104846.45108640201
2022-03-16 10:45:00,104820.37435860929
2022-03-16 11:00:00,104806.71512024167
2022-03-16 11:15:00,104835.27534591939
2022-03-16 11:30:00,104978.38691154374
2022-03-16 11:45:00,104993.28789885386
2022-03-16 12:00:00,105012.5350074628
2022-03-16 12:15:00,104977.76603707249
2022-03-16 12:30:00,105039.23260972678
2022-03-16 12:45:00,104961.31286358424
2022-03-16 13:00:00,104712.34220061087
2022-03-16 13:15:00,104961.31286358424
2022-03-16 13:30:00,104918.78296230324
2022-03-16 13:45:00,104888.67055044738
2022-03-16 14:00:00,104796.16025423034
2022-03-16 14:15:00,104970.00510618181
2022-03-16 14:30:00,104967.83204553243
2022-03-16 14:45:00,105155.64657308716
2022-03-16 15:00:00,105414.86166483622
2022-03-16 15:15:00,105339.73585381433
2022-03-17 09:15:00,106694.48395009329
2022-03-17 09:30:00,106795.06561443664
2022-03-17 09:45:00,107044.34671464564
2022-03-17 10:00:00,107200.1862069307
2022-03-17 10:15:00,107156.10411947158
2022-03-17 10:30:00,107185.28521962056
2022-03-17 10:45:00,107186.8374057987
2022-03-17 11:00:00,107177.52428872987
2022-03-17 11:15:00,107267.55108706189
2022-03-17 11:30:00,107330.25940865869
2022-03-17 11:45:00,107380.55024083036
2022-03-17 12:00:00,107334.60552995748
2022-03-17 12:15:00,107449.4673071397
2022-03-17 12:30:00,107529.87055116723
2022-03-17 12:45:00,107426.49495170325
2022-03-17 13:00:00,107424.94276552512
2022-03-17 13:15:00,107343.60820979068
2022-03-17 13:30:00,107360.06138327894
2022-03-17 13:45:00,107482.99452858746
2022-03-17 14:00:00,107488.27196159314
2022-03-17 14:15:00,107552.53246936804
2022-03-17 14:30:00,107486.719775415
2022-03-17 14:45:00,107553.46378107494
2022-03-17 15:00:00,107243.02654544731
2022-03-17 15:15:00,107407.55828032995
2022-03-21 09:15:00,107610.5842324304
2022-03-21 09:30:00,107300.14699680277
2022-03-21 09:45:00,107029.75616457111
2022-03-21 10:00:00,106993.43500800269
2022-03-21 10:15:00,106993.74544523831
2022-03-21 10:30:00,106993.74544523831
2022-03-21 10:45:00,106993.74544523831
2022-03-21 11:00:00,106993.74544523831
2022-03-21 11:15:00,106993.74544523831
2022-03-21 11:30:00,106993.74544523831
2022-03-21 11:45:00,106993.74544523831
2022-03-21 12:00:00,106993.74544523831
2022-03-21 12:15:00,106993.74544523831
2022-03-21 12:30:00,106993.74544523831
2022-03-21 12:45:00,106993.74544523831
2022-03-21 13:00:00,106993.74544523831
2022-03-21 13:15:00,106993.74544523831
2022-03-21 13:30:00,106993.74544523831
2022-03-21 13:45:00,106993.74544523831
2022-03-21 14:00:00,106993.74544523831
2022-03-21 14:15:00,106993.74544523831
2022-03-21 14:30:00,106993.74544523831
2022-03-21 14:45:00,106993.74544523831
2022-03-21 15:00:00,106993.74544523831
2022-03-21 15:15:00,106993.74544523831
2022-03-22 09:15:00,106993.74544523831
2022-03-22 09:30:00,106993.74544523831
2022-03-22 09:45:00,106993.74544523831
2022-03-22 10:00:00,106993.74544523831
2022-03-22 10:15:00,106993.74544523831
2022-03-22 10:30:00,106993.74544523831
2022-03-22 10:45:00,106993.74544523831
2022-03-22 11:00:00,106993.74544523831
2022-03-22 11:15:00,106993.74544523831
2022-03-22 11:30:00,106993.74544523831
2022-03-22 11:45:00,106993.74544523831
2022-03-22 12:00:00,106993.74544523831
2022-03-22 12:15:00,106993.74544523831
2022-03-22 12:30:00,106993.74544523831
2022-03-22 12:45:00,106993.74544523831
2022-03-22 13:00:00,107410.79971448026
2022-03-22 13:15:00,107494.33524822979
2022-03-22 13:30:00,107676.67960361585
2022-03-22 13:45:00,107916.06501376371
2022-03-22 14:00:00,107810.71049731843
2022-03-22 14:15:00,107598.4429656639
2022-03-22 14:30:00,107721.25266826579
2022-03-22 14:45:00,107761.46193637654
2022-03-22 15:00:00,107956.89768138007
2022-03-22 15:15:00,108033.88752032083
2022-03-23 09:15:00,108344.96387361192
2022-03-23 09:30:00,108276.70162774944
2022-03-23 09:45:00,108264.23363763758
2022-03-23 10:00:00,108223.712669774
2022-03-23 10:15:00,107943.18289225698
2022-03-23 10:30:00,108065.36919535327
2022-03-23 10:45:00,108375.8221491388
2022-03-23 11:00:00,108002.40584528835
2022-03-23 11:15:00,108136.12503923813
2022-03-23 11:30:00,107993.67825221004
2022-03-23 11:45:00,107823.49018718305
2022-03-23 12:00:00,107835.64647754212
2022-03-23 12:15:00,107835.64647754212
2022-03-23 12:30:00,107835.64647754212
2022-03-23 12:45:00,107835.64647754212
2022-03-23 13:00:00,107835.64647754212
2022-03-23 13:15:00,107835.64647754212
2022-03-23 13:30:00,107835.64647754212
2022-03-23 13:45:00,107835.64647754212
2022-03-23 14:00:00,107835.64647754212
2022-03-23 14:15:00,107835.64647754212
2022-03-23 14:30:00,107835.64647754212
2022-03-23 14:45:00,107835.64647754212
2022-03-23 15:00:00,107835.64647754212
2022-03-23 15:15:00,107835.64647754212
2022-03-24 09:15:00,107835.64647754212
2022-03-24 09:30:00,107835.64647754212
2022-03-24 09:45:00,107835.64647754212
2022-03-24 10:00:00,107835.64647754212
2022-03-24 10:15:00,107835.64647754212
2022-03-24 10:30:00,107835.64647754212
2022-03-24 10:45:00,107835.64647754212
2022-03-24 11:00:00,107835.64647754212
2022-03-24 11:15:00,107835.64647754212
2022-03-24 11:30:00,107835.64647754212
2022-03-24 11:45:00,107835.64647754212
2022-03-24 12:00:00,107835.64647754212
2022-03-24 12:15:00,107835.64647754212
2022-03-24 12:30:00,107835.64647754212
2022-03-24 12:45:00,107835.64647754212
2022-03-24 13:00:00,107835.64647754212
2022-03-24 13:15:00,107835.64647754212
2022-03-24 13:30:00,107835.64647754212
2022-03-24 13:45:00,107835.64647754212
2022-03-24 14:00:00,107835.64647754212
2022-03-24 14:15:00,107835.64647754212
2022-03-24 14:30:00,107835.64647754212
2022-03-24 14:45:00,107835.64647754212
2022-03-24 15:00:00,107835.64647754212
2022-03-24 15:15:00,107835.64647754212
2022-03-25 09:15:00,107835.64647754212
2022-03-25 09:30:00,107835.64647754212
2022-03-25 09:45:00,107835.64647754212
2022-03-25 10:00:00,107835.64647754212
2022-03-25 10:15:00,107835.64647754212
2022-03-25 10:30:00,107835.64647754212
2022-03-25 10:45:00,107835.64647754212
2022-03-25 11:00:00,107835.64647754212
2022-03-25 11:15:00,107835.64647754212
2022-03-25 11:30:00,107835.64647754212
2022-03-25 11:45:00,107835.64647754212
2022-03-25 12:00:00,107835.64647754212
2022-03-25 12:15:00,107835.64647754212
2022-03-25 12:30:00,107835.64647754212
2022-03-25 12:45:00,107835.64647754212
2022-03-25 13:00:00,107835.64647754212
2022-03-25 13:15:00,107835.64647754212
2022-03-25 13:30:00,107835.64647754212
2022-03-25 13:45:00,107835.64647754212
2022-03-25 14:00:00,107835.64647754212
2022-03-25 14:15:00,107835.64647754212
2022-03-25 14:30:00,107835.64647754212
2022-03-25 14:45:00,107835.64647754212
2022-03-25 15:00:00,107835.64647754212
2022-03-25 15:15:00,107835.64647754212
2022-03-28 09:15:00,107835.64647754212
2022-03-28 09:30:00,107835.64647754212
2022-03-28 09:45:00,107835.64647754212
2022-03-28 10:00:00,107835.64647754212
2022-03-28 10:15:00,107835.64647754212
2022-03-28 10:30:00,107835.64647754212
2022-03-28 10:45:00,107835.64647754212
2022-03-28 11:00:00,107835.64647754212
2022-03-28 11:15:00,107835.64647754212
2022-03-28 11:30:00,107835.64647754212
2022-03-28 11:45:00,107835.64647754212
2022-03-28 12:00:00,107835.64647754212
2022-03-28 12:15:00,107835.64647754212
2022-03-28 12:30:00,107835.64647754212
2022-03-28 12:45:00,107835.64647754212
2022-03-28 13:00:00,107986.457670291
2022-03-28 13:15:00,107859.16173628677
2022-03-28 13:30:00,107549.38739442421
2022-03-28 13:45:00,107705.21517570525
2022-03-28 14:00:00,107685.77589514303
2022-03-28 14:15:00,107780.46400368804
2022-03-28 14:30:00,107729.98458158292
2022-03-28 14:45:00,107916.53896762361
2022-03-28 15:00:00,107991.47425882315
2022-03-28 15:15:00,107948.83325629956
2022-03-29 09:15:00,108404.08866559553
2022-03-29 09:30:00,108521.66495931864
2022-03-29 09:45:00,108316.29836628224
2022-03-29 10:00:00,108380.57340685089
2022-03-29 10:15:00,108398.13146671354
2022-03-29 10:30:00,108274.59797410846
2022-03-29 10:45:00,108379.31925971786
2022-03-29 11:00:00,108400.63976097965
2022-03-29 11:15:00,108461.7794337157
2022-03-29 11:30:00,108255.4722303295
2022-03-29 11:45:00,108195.58670472652
2022-03-29 12:00:00,108270.52199592606
2022-03-29 12:15:00,108363.95595733804
2022-03-29 12:30:00,108275.22504767496
2022-03-29 12:45:00,108484.3540821105
2022-03-29 13:00:00,108349.53326530798
2022-03-29 13:15:00,108246.3796636149
2022-03-29 13:30:00,108233.21111871791
2022-03-29 13:45:00,108225.37269913637
2022-03-29 14:00:00,108376.81096545178
2022-03-29 14:15:00,108481.84578784443
2022-03-29 14:30:00,108368.03193552043
2022-03-29 14:45:00,108530.75752603325
2022-03-29 15:00:00,108600.04915513408
2022-03-29 15:15:00,108707.90580857609
2022-03-30 09:15:00,109201.72624221325
2022-03-30 09:30:00,109343.44486824752
2022-03-30 09:45:00,109461.33469875394
2022-03-30 10:00:00,109432.80285147711
2022-03-30 10:15:00,109495.19667134619
2022-03-30 10:30:00,109646.32140087833
2022-03-30 10:45:00,109666.07421822379
2022-03-30 11:00:00,109756.99988536967
2022-03-30 11:15:00,109671.40434353924
2022-03-30 11:30:00,109715.92656676238
2022-03-30 11:45:00,109740.3824358568
2022-03-30 12:00:00,109650.71091584394
2022-03-30 12:15:00,109692.41130801776
2022-03-30 12:30:00,109683.31874130317
2022-03-30 12:45:00,109601.48564087188
2022-03-30 13:00:00,109689.5894769684
2022-03-30 13:15:00,109716.86717711217
2022-03-30 13:30:00,109504.28923806074
2022-03-30 13:45:00,109529.37218072168
2022-03-30 14:00:00,109462.27530910367
2022-03-30 14:15:00,109603.05332478817
2022-03-30 14:30:00,109545.98963023454
2022-03-30 14:45:00,109759.82171641901
2022-03-30 15:00:00,109728.15450130959
2022-03-30 15:15:00,109559.78524869804
2022-03-31 09:15:00,109684.57288843622
2022-03-31 09:30:00,110010.33760624513
2022-03-31 09:45:00,110016.29480512711
2022-03-31 10:00:00,109998.42320848118
2022-03-31 10:15:00,109887.74472398982
2022-03-31 10:30:00,109817.51248453918
2022-03-31 10:45:00,109901.22680567004
2022-03-31 11:00:00,109818.76663167223
2022-03-31 11:15:00,109772.36318774949
2022-03-31 11:30:00,109663.56592395769
2022-03-31 11:45:00,109664.82007109073
2022-03-31 12:00:00,109664.82007109073
2022-03-31 12:15:00,109664.82007109073
2022-03-31 12:30:00,109664.82007109073
2022-03-31 12:45:00,109664.82007109073
2022-03-31 13:00:00,109664.82007109073
2022-03-31 13:15:00,109443.82640498679
2022-03-31 13:30:00,109458.85147010435
2022-03-31 13:45:00,109434.74876147827
2022-03-31 14:00:00,109281.68091059326
2022-03-31 14:15:00,109286.3762434425
2022-03-31 14:30:00,109286.3762434425
2022-03-31 14:45:00,109286.3762434425
2022-03-31 15:00:00,109286.3762434425
2022-03-31 15:15:00,109286.3762434425
2022-04-01 09:15:00,109286.3762434425
2022-04-01 09:30:00,109286.3762434425
2022-04-01 09:45:00,109286.3762434425
2022-04-01 10:00:00,109286.3762434425
2022-04-01 10:15:00,109286.3762434425
2022-04-01 10:30:00,109286.3762434425
2022-04-01 10:45:00,109286.3762434425
2022-04-01 11:00:00,109286.3762434425
2022-04-01 11:15:00,109161.20030796675
2022-04-01 11:30:00,109190.15891990515
2022-04-01 11:45:00,109172.41009323324
2022-04-01 12:00:00,109138.78073743377
2022-04-01 12:15:00,109230.32731711007
2022-04-01 12:30:00,109282.01688250554
2022-04-01 12:45:00,109231.88423173044
2022-04-01 13:00:00,109211.95572459002
2022-04-01 13:15:00,109368.2699524727
2022-04-01 13:30:00,109500.29631227799
2022-04-01 13:45:00,109482.54748560603
2022-04-01 14:00:00,109504.34429029086
2022-04-01 14:15:00,109470.09216864326
2022-04-01 14:30:00,109545.44683626798
2022-04-01 14:45:00,109559.45906785107
2022-04-01 15:00:00,110044.59366355067
2022-04-01 15:15:00,110157.0028991396
2022-04-04 09:15:00,111495.32670678844
2022-04-04 09:30:00,111946.83194668857
2022-04-04 09:45:00,112008.17438273017
2022-04-04 10:00:00,112501.40493445557
2022-04-04 10:15:00,112511.0578051017
2022-04-04 10:30:00,112285.92795099979
2022-04-04 10:45:00,112071.07373339214
2022-04-04 11:00:00,111942.47258575162
2022-04-04 11:15:00,112137.70967914292
2022-04-04 11:30:00,111929.3945029407
2022-04-04 11:45:00,111945.89779791635
2022-04-04 12:00:00,111628.90998121405
2022-04-04 12:15:00,111705.82156345909
2022-04-04 12:30:00,111581.26839383146
2022-04-04 12:45:00,111605.86764483292
2022-04-04 13:00:00,111943.09535159972
2022-04-04 13:15:00,112082.90628450671
2022-04-04 13:30:00,112001.63534132468
2022-04-04 13:45:00,112102.83479164711
2022-04-04 14:00:00,112059.5525652015
2022-04-04 14:15:00,112217.11232478046
2022-04-04 14:30:00,112462.1706860228
2022-04-04 14:45:00,112448.46983736375
2022-04-04 15:00:00,112468.70972742824
2022-04-04 15:15:00,112322.35975311579
2022-04-05 09:15:00,112502.96184907583
2022-04-05 09:30:00,112007.24023395788
2022-04-05 09:45:00,112041.80373852953
2022-04-05 10:00:00,112079.48107234188
2022-04-05 10:15:00,112163.55446184051
2022-04-05 10:30:00,111943.71811744776
2022-04-05 10:45:00,111938.42460773859
2022-04-05 11:00:00,111938.42460773859
2022-04-05 11:15:00,111938.42460773859
2022-04-05 11:30:00,111938.42460773859
2022-04-05 11:45:00,111938.42460773859
2022-04-05 12:00:00,111938.42460773859
2022-04-05 12:15:00,111938.42460773859
2022-04-05 12:30:00,111938.42460773859
2022-04-05 12:45:00,111938.42460773859
2022-04-05 13:00:00,111938.42460773859
2022-04-05 13:15:00,111938.42460773859
2022-04-05 13:30:00,111897.87696425305
2022-04-05 13:45:00,111622.40060774826
2022-04-05 14:00:00,111509.11482518562
2022-04-05 14:15:00,111376.01950687432
2022-04-05 14:30:00,111527.06721695785
2022-04-05 14:45:00,111461.75765378647
2022-04-05 15:00:00,111116.63839816529
2022-04-05 15:15:00,111122.51935409066
2022-04-06 09:15:00,111122.51935409066
2022-04-06 09:30:00,111122.51935409066
2022-04-06 09:45:00,111122.51935409066
2022-04-06 10:00:00,111122.51935409066
2022-04-06 10:15:00,111122.51935409066
2022-04-06 10:30:00,111122.51935409066
2022-04-06 10:45:00,111122.51935409066
2022-04-06 11:00:00,111122.51935409066
2022-04-06 11:15:00,111122.51935409066
2022-04-06 11:30:00,111122.51935409066
2022-04-06 11:45:00,111122.51935409066
2022-04-06 12:00:00,111122.51935409066
2022-04-06 12:15:00,111122.51935409066
2022-04-06 12:30:00,111122.51935409066
2022-04-06 12:45:00,110875.35547684378
2022-04-06 13:00:00,110787.48188732006
2022-04-06 13:15:00,110473.55892262582
2022-04-06 13:30:00,110745.87389793427
2022-04-06 13:45:00,110656.4477714932
2022-04-06 14:00:00,110529.13974426803
2022-04-06 14:15:00,110530.38177380191
2022-04-06 14:30:00,110530.38177380191
2022-04-06 14:45:00,110530.38177380191
2022-04-06 15:00:00,110530.38177380191
2022-04-06 15:15:00,110530.38177380191
2022-04-07 09:15:00,110530.38177380191
2022-04-07 09:30:00,110530.38177380191
2022-04-07 09:45:00,110530.38177380191
2022-04-07 10:00:00,110530.38177380191
2022-04-07 10:15:00,110530.38177380191
2022-04-07 10:30:00,110530.38177380191
2022-04-07 10:45:00,110530.38177380191
2022-04-07 11:00:00,110530.38177380191
2022-04-07 11:15:00,110530.38177380191
2022-04-07 11:30:00,110530.38177380191
2022-04-07 11:45:00,110530.38177380191
2022-04-07 12:00:00,110530.38177380191
2022-04-07 12:15:00,110582.65435917616
2022-04-07 12:30:00,110640.52757869763
2022-04-07 12:45:00,110535.36011526613
2022-04-07 13:00:00,110454.15092013117
2022-04-07 13:15:00,110345.87199328457
2022-04-07 13:30:00,110141.75999325186
2022-04-07 13:45:00,109967.20689566294
2022-04-07 14:00:00,109971.25179810262
2022-04-07 14:15:00,109971.25179810262
2022-04-07 14:30:00,109971.25179810262
2022-04-07 14:45:00,109971.25179810262
2022-04-07 15:00:00,109971.25179810262
2022-04-07 15:15:00,109971.25179810262
2022-04-08 09:15:00,109971.25179810262
2022-04-08 09:30:00,109971.25179810262
2022-04-08 09:45:00,109971.25179810262
2022-04-08 10:00:00,109971.25179810262
2022-04-08 10:15:00,109971.25179810262
2022-04-08 10:30:00,109971.25179810262
2022-04-08 10:45:00,109971.25179810262
2022-04-08 11:00:00,109971.25179810262
2022-04-08 11:15:00,109971.25179810262
2022-04-08 11:30:00,109971.25179810262
2022-04-08 11:45:00,109971.25179810262
2022-04-08 12:00:00,109971.25179810262
2022-04-08 12:15:00,109971.25179810262
2022-04-08 12:30:00,109996.05655098791
2022-04-08 12:45:00,109859.01029129668
2022-04-08 13:00:00,109940.86597581813
2022-04-08 13:15:00,109953.88847108289
2022-04-08 13:30:00,110212.16796050096
2022-04-08 13:45:00,110343.94321020404
2022-04-08 14:00:00,110583.92919436922
2022-04-08 14:15:00,110434.79061764643
2022-04-08 14:30:00,110411.22610240539
2022-04-08 14:45:00,110466.10661816409
2022-04-08 15:00:00,110178.6815441058
2022-04-08 15:15:00,110383.01069599835
2022-04-11 09:15:00,109662.7426840918
2022-04-11 09:30:00,109663.98292173604
2022-04-11 09:45:00,109663.98292173604
2022-04-11 10:00:00,109663.98292173604
2022-04-11 10:15:00,109663.98292173604
2022-04-11 10:30:00,109663.98292173604
2022-04-11 10:45:00,109663.98292173604
2022-04-11 11:00:00,109663.98292173604
2022-04-11 11:15:00,109663.98292173604
2022-04-11 11:30:00,109663.98292173604
2022-04-11 11:45:00,109663.98292173604
2022-04-11 12:00:00,109663.98292173604
2022-04-11 12:15:00,109663.98292173604
2022-04-11 12:30:00,109663.98292173604
2022-04-11 12:45:00,109663.98292173604
2022-04-11 13:00:00,109663.98292173604
2022-04-11 13:15:00,109663.98292173604
2022-04-11 13:30:00,109635.2534808408
2022-04-11 13:45:00,109494.07762611908
2022-04-11 14:00:00,109597.25647836646
2022-04-11 14:15:00,109619.18970743704
2022-04-11 14:30:00,109373.5993255907
2022-04-11 14:45:00,109318.61179355465
2022-04-11 15:00:00,109247.86940683413
2022-04-11 15:15:00,109231.49671471104
2022-04-12 09:15:00,108612.73251994596
2022-04-12 09:30:00,108615.5127884197
2022-04-12 09:45:00,108615.5127884197
2022-04-12 10:00:00,108615.5127884197
2022-04-12 10:15:00,108615.5127884197
2022-04-12 10:30:00,108615.5127884197
2022-04-12 10:45:00,108615.5127884197
2022-04-12 11:00:00,108615.5127884197
2022-04-12 11:15:00,108615.5127884197
2022-04-12 11:30:00,108615.5127884197
2022-04-12 11:45:00,108615.5127884197
2022-04-12 12:00:00,108615.5127884197
2022-04-12 12:15:00,108615.5127884197
2022-04-12 12:30:00,108615.5127884197
2022-04-12 12:45:00,108615.5127884197
2022-04-12 13:00:00,108615.5127884197
2022-04-12 13:15:00,108615.5127884197
2022-04-12 13:30:00,108615.5127884197
2022-04-12 13:45:00,108615.5127884197
2022-04-12 14:00:00,108615.5127884197
2022-04-12 14:15:00,108615.5127884197
2022-04-12 14:30:00,108615.5127884197
2022-04-12 14:45:00,108468.84814416392
2022-04-12 15:00:00,108247.77049092785
2022-04-12 15:15:00,108191.8835422746
2022-04-13 09:15:00,108990.04797469816
2022-04-13 09:30:00,108851.72005758954
2022-04-13 09:45:00,108703.51157497318
2022-04-13 10:00:00,108393.50883216727
2022-04-13 10:15:00,108279.88232882807
2022-04-13 10:30:00,108327.43255033415
2022-04-13 10:45:00,108353.67780246412
2022-04-13 11:00:00,108338.54818653036
2022-04-13 11:15:00,108420.37161964148
2022-04-13 11:30:00,108173.35748194753
2022-04-13 11:45:00,108170.26980522636
2022-04-13 12:00:00,108170.26980522636
2022-04-13 12:15:00,108170.26980522636
2022-04-13 12:30:00,108170.26980522636
2022-04-13 12:45:00,108170.26980522636
2022-04-13 13:00:00,108170.26980522636
2022-04-13 13:15:00,108170.26980522636
2022-04-13 13:30:00,108170.26980522636
2022-04-13 13:45:00,108170.26980522636
2022-04-13 14:00:00,108170.26980522636
2022-04-13 14:15:00,108170.26980522636
2022-04-13 14:30:00,108170.26980522636
2022-04-13 14:45:00,108170.26980522636
2022-04-13 15:00:00,108170.26980522636
2022-04-13 15:15:00,108170.26980522636
2022-04-18 09:15:00,108170.26980522636
2022-04-18 09:30:00,108170.26980522636
2022-04-18 09:45:00,108170.26980522636
2022-04-18 10:00:00,108170.26980522636
2022-04-18 10:15:00,108170.26980522636
2022-04-18 10:30:00,108170.26980522636
2022-04-18 10:45:00,108170.26980522636
2022-04-18 11:00:00,108170.26980522636
2022-04-18 11:15:00,108170.26980522636
2022-04-18 11:30:00,108170.26980522636
2022-04-18 11:45:00,108170.26980522636
2022-04-18 12:00:00,108170.26980522636
2022-04-18 12:15:00,108170.26980522636
2022-04-18 12:30:00,108170.26980522636
2022-04-18 12:45:00,108170.26980522636
2022-04-18 13:00:00,108170.26980522636
2022-04-18 13:15:00,108170.26980522636
2022-04-18 13:30:00,108170.26980522636
2022-04-18 13:45:00,108170.26980522636
2022-04-18 14:00:00,108170.26980522636
2022-04-18 14:15:00,108170.26980522636
2022-04-18 14:30:00,108170.26980522636
2022-04-18 14:45:00,108112.67232566144
2022-04-18 15:00:00,108141.31369528115
2022-04-18 15:15:00,108181.28571661854
2022-04-19 09:15:00,108282.31736110129
2022-04-19 09:30:00,108171.21402620283
2022-04-19 09:45:00,108149.49694374391
2022-04-19 10:00:00,108233.53261065012
2022-04-19 10:15:00,108114.24602728887
2022-04-19 10:30:00,108225.03462186185
2022-04-19 10:45:00,108050.35374121409
2022-04-19 11:00:00,108232.90312999913
2022-04-19 11:15:00,108297.1101563994
2022-04-19 11:30:00,108415.13777845868
2022-04-19 11:45:00,108487.21331299623
2022-04-19 12:00:00,108511.13357773358
2022-04-19 12:15:00,108476.826882255
2022-04-19 12:30:00,108335.50847610935
2022-04-19 12:45:00,108257.13813506196
2022-04-19 13:00:00,108156.73597123021
2022-04-19 13:15:00,108476.19740160403
2022-04-19 13:30:00,108455.1097997961
2022-04-19 13:45:00,108519.94630684734
2022-04-19 14:00:00,108556.45618460435
2022-04-19 14:15:00,108481.86272746287
2022-04-19 14:30:00,108388.07011046643
2022-04-19 14:45:00,107853.95577810743
2022-04-19 15:00:00,106775.97016329922
2022-04-19 15:15:00,106774.08172134629
2022-04-20 09:15:00,106774.08172134629
2022-04-20 09:30:00,106774.08172134629
2022-04-20 09:45:00,106774.08172134629
2022-04-20 10:00:00,106774.08172134629
2022-04-20 10:15:00,106774.08172134629
2022-04-20 10:30:00,106774.08172134629
2022-04-20 10:45:00,106774.08172134629
2022-04-20 11:00:00,106774.08172134629
2022-04-20 11:15:00,106774.08172134629
2022-04-20 11:30:00,106774.08172134629
2022-04-20 11:45:00,106774.08172134629
2022-04-20 12:00:00,106774.08172134629
2022-04-20 12:15:00,106774.08172134629
2022-04-20 12:30:00,106774.08172134629
2022-04-20 12:45:00,106774.08172134629
2022-04-20 13:00:00,106507.76879433155
2022-04-20 13:15:00,106589.80684886119
2022-04-20 13:30:00,106494.40653544982
2022-04-20 13:45:00,106173.09082187542
2022-04-20 14:00:00,106265.07288301471
2022-04-20 14:15:00,106220.63560347781
2022-04-20 14:30:00,106483.84102842704
2022-04-20 14:45:00,106288.37914850608
2022-04-20 15:00:00,106445.92950322774
2022-04-20 15:15:00,106584.83484555631
2022-04-21 09:15:00,107076.44167232102
2022-04-21 09:30:00,107212.86101299718
2022-04-21 09:45:00,107191.41924874511
2022-04-21 10:00:00,107286.19806174334
2022-04-21 10:15:00,107201.0525051482
2022-04-21 10:30:00,107295.52056793991
2022-04-21 10:45:00,107420.1314007671
2022-04-21 11:00:00,107759.15987611494
2022-04-21 11:15:00,107791.47789759631
2022-04-21 11:30:00,107696.69908459806
2022-04-21 11:45:00,107774.69738644252
2022-04-21 12:00:00,107786.19514408495
2022-04-21 12:15:00,107753.87712260358
2022-04-21 12:30:00,107894.33621596491
2022-04-21 12:45:00,107874.4482027456
2022-04-21 13:00:00,107878.17720522424
2022-04-21 13:15:00,107982.90002483214
2022-04-21 13:30:00,108051.2650702735
2022-04-21 13:45:00,107889.9857130732
2022-04-21 14:00:00,108027.95880478212
2022-04-21 14:15:00,108173.70065165484
2022-04-21 14:30:00,108113.10436137728
2022-04-21 14:45:00,108162.82439442554
2022-04-21 15:00:00,108069.59933246006
2022-04-21 15:15:00,108141.69338038003
2022-04-22 09:15:00,107186.7579956469
2022-04-22 09:30:00,107186.44724544034
2022-04-22 09:45:00,107186.44724544034
2022-04-22 10:00:00,107186.44724544034
2022-04-22 10:15:00,107186.44724544034
2022-04-22 10:30:00,107186.44724544034
2022-04-22 10:45:00,107186.44724544034
2022-04-22 11:00:00,107186.44724544034
2022-04-22 11:15:00,107186.44724544034
2022-04-22 11:30:00,107186.44724544034
2022-04-22 11:45:00,107186.44724544034
2022-04-22 12:00:00,107186.44724544034
2022-04-22 12:15:00,107186.44724544034
2022-04-22 12:30:00,107186.44724544034
2022-04-22 12:45:00,107027.27585591748
2022-04-22 13:00:00,107031.92093537826
2022-04-22 13:15:00,107011.79225771487
2022-04-22 13:30:00,107030.68224752204
2022-04-22 13:45:00,106950.78688079657
2022-04-22 14:00:00,106639.87622888811
2022-04-22 14:15:00,106624.3926306855
2022-04-22 14:30:00,106418.46077459076
2022-04-22 14:45:00,106415.36405495023
2022-04-22 15:00:00,106415.36405495023
2022-04-22 15:15:00,106415.36405495023
2022-04-25 09:15:00,106415.36405495023
2022-04-25 09:30:00,106415.36405495023
2022-04-25 09:45:00,106415.36405495023
2022-04-25 10:00:00,106415.36405495023
2022-04-25 10:15:00,106415.36405495023
2022-04-25 10:30:00,106415.36405495023
2022-04-25 10:45:00,106415.36405495023
2022-04-25 11:00:00,106415.36405495023
2022-04-25 11:15:00,106415.36405495023
2022-04-25 11:30:00,106415.36405495023
2022-04-25 11:45:00,106415.36405495023
2022-04-25 12:00:00,106415.36405495023
2022-04-25 12:15:00,106415.36405495023
2022-04-25 12:30:00,106415.36405495023
2022-04-25 12:45:00,106415.36405495023
2022-04-25 13:00:00,106415.36405495023
2022-04-25 13:15:00,106415.36405495023
2022-04-25 13:30:00,106415.36405495023
2022-04-25 13:45:00,106415.36405495023
2022-04-25 14:00:00,106415.36405495023
2022-04-25 14:15:00,106415.36405495023
2022-04-25 14:30:00,106415.36405495023
2022-04-25 14:45:00,106415.36405495023
2022-04-25 15:00:00,106415.36405495023
2022-04-25 15:15:00,106415.36405495023
2022-04-26 09:15:00,106415.36405495023
2022-04-26 09:30:00,106517.3901271338
2022-04-26 09:45:00,106438.93238773427
2022-04-26 10:00:00,106358.61399048338
2022-04-26 10:15:00,106325.1221491587
2022-04-26 10:30:00,106288.52921141505
2022-04-26 10:45:00,106311.47732491531
2022-04-26 11:00:00,106260.61934364447
2022-04-26 11:15:00,106459.39962409939
2022-04-26 11:30:00,106496.61278112682
2022-04-26 11:45:00,106526.38330674876
2022-04-26 12:00:00,106331.01423235469
2022-04-26 12:15:00,106373.18914365247
2022-04-26 12:30:00,106321.09072381405
2022-04-26 12:45:00,105939.3457546409
2022-04-26 13:00:00,105959.1927717222
2022-04-26 13:15:00,106214.72311664393
2022-04-26 13:30:00,106286.97866320555
2022-04-26 13:45:00,106301.24370673273
2022-04-26 14:00:00,106312.40765384094
2022-04-26 14:15:00,106245.42397119154
2022-04-26 14:30:00,106295.35162353668
2022-04-26 14:45:00,106184.02226209627
2022-04-26 15:00:00,106748.73191998767
2022-04-26 15:15:00,106686.7099916086
2022-04-27 09:15:00,105976.2488020264
2022-04-27 09:30:00,105867.71042736304
2022-04-27 09:45:00,105961.05342957353
2022-04-27 10:00:00,105903.06292653909
2022-04-27 10:15:00,105719.16790889516
2022-04-27 10:30:00,105720.09823782084
2022-04-27 10:45:00,105720.09823782084
2022-04-27 11:00:00,105720.09823782084
2022-04-27 11:15:00,105720.09823782084
2022-04-27 11:30:00,105720.09823782084
2022-04-27 11:45:00,105720.09823782084
2022-04-27 12:00:00,105720.09823782084
2022-04-27 12:15:00,105720.09823782084
2022-04-27 12:30:00,105720.09823782084
2022-04-27 12:45:00,105720.09823782084
2022-04-27 13:00:00,105720.09823782084
2022-04-27 13:15:00,105720.09823782084
2022-04-27 13:30:00,105720.09823782084
2022-04-27 13:45:00,105720.09823782084
2022-04-27 14:00:00,105720.09823782084
2022-04-27 14:15:00,105720.09823782084
2022-04-27 14:30:00,105720.09823782084
2022-04-27 14:45:00,105720.09823782084
2022-04-27 15:00:00,105720.09823782084
2022-04-27 15:15:00,105720.09823782084
2022-04-28 09:15:00,105720.09823782084
2022-04-28 09:30:00,105622.56192968992
2022-04-28 09:45:00,105601.57310388959
2022-04-28 10:00:00,105595.39991983067
2022-04-28 10:15:00,105568.85522837733
2022-04-28 10:30:00,105452.18204966375
2022-04-28 10:45:00,105619.47533766046
2022-04-28 11:00:00,105568.23790997142
2022-04-28 11:15:00,105787.07728486009
2022-04-28 11:30:00,105834.91946131672
2022-04-28 11:45:00,105963.93900814813
2022-04-28 12:00:00,106001.59543090753
2022-04-28 12:15:00,106085.55073410884
2022-04-28 12:30:00,106200.68061680764
2022-04-28 12:45:00,106310.56329305639
2022-04-28 13:00:00,106493.90685960626
2022-04-28 13:15:00,106373.83842966029
2022-04-28 13:30:00,106602.55489904324
2022-04-28 13:45:00,106702.5604807977
2022-04-28 14:00:00,106781.57723675188
2022-04-28 14:15:00,106797.93617450801
2022-04-28 14:30:00,106834.66661965859
2022-04-28 14:45:00,106748.24204283374
2022-04-28 15:00:00,106332.16943726262
2022-04-28 15:15:00,106372.29513364559
2022-04-29 09:15:00,106949.79650235744
2022-04-29 09:30:00,106800.71410733454
2022-04-29 09:45:00,106604.71551346387
2022-04-29 10:00:00,106628.79093129367
2022-04-29 10:15:00,106774.47807508413
2022-04-29 10:30:00,106873.55767922975
2022-04-29 10:45:00,106863.68058473548
2022-04-29 11:00:00,106997.33001961106
2022-04-29 11:15:00,107010.2937061348
2022-04-29 11:30:00,107050.41940251777
2022-04-29 11:45:00,107070.7909099122
2022-04-29 12:00:00,107089.001802886
2022-04-29 12:15:00,107080.05068600057
2022-04-29 12:30:00,107094.55766853901
2022-04-29 12:45:00,107178.82163094326
2022-04-29 13:00:00,107226.66380739988
2022-04-29 13:15:00,107199.1931383377
2022-04-29 13:30:00,107166.47526282544
2022-04-29 13:45:00,107046.40683287947
2022-04-29 14:00:00,106760.89707015449
2022-04-29 14:15:00,106452.5465264115
2022-04-29 14:30:00,106438.65686227893
2022-04-29 14:45:00,106438.65686227893
2022-04-29 15:00:00,106438.65686227893
2022-04-29 15:15:00,106438.65686227893
2022-05-02 09:15:00,106438.65686227893
2022-05-02 09:30:00,106438.65686227893
2022-05-02 09:45:00,106438.65686227893
2022-05-02 10:00:00,106438.65686227893
2022-05-02 10:15:00,106438.65686227893
2022-05-02 10:30:00,106438.65686227893
2022-05-02 10:45:00,106438.65686227893
2022-05-02 11:00:00,106438.65686227893
2022-05-02 11:15:00,106438.65686227893
2022-05-02 11:30:00,106438.65686227893
2022-05-02 11:45:00,106438.65686227893
2022-05-02 12:00:00,106438.65686227893
2022-05-02 12:15:00,106438.65686227893
2022-05-02 12:30:00,106438.65686227893
2022-05-02 12:45:00,106438.65686227893
2022-05-02 13:00:00,106438.65686227893
2022-05-02 13:15:00,106438.65686227893
2022-05-02 13:30:00,106438.65686227893
2022-05-02 13:45:00,106438.65686227893
2022-05-02 14:00:00,106438.65686227893
2022-05-02 14:15:00,106438.65686227893
2022-05-02 14:30:00,106438.65686227893
2022-05-02 14:45:00,106438.65686227893
2022-05-02 15:00:00,106438.65686227893
2022-05-02 15:15:00,106438.65686227893
2022-05-04 09:15:00,106438.65686227893
2022-05-04 09:30:00,106438.65686227893
2022-05-04 09:45:00,106438.65686227893
2022-05-04 10:00:00,106438.65686227893
2022-05-04 10:15:00,106438.65686227893
2022-05-04 10:30:00,106438.65686227893
2022-05-04 10:45:00,106438.65686227893
2022-05-04 11:00:00,106438.65686227893
2022-05-04 11:15:00,106438.65686227893
2022-05-04 11:30:00,106438.65686227893
2022-05-04 11:45:00,106438.65686227893
2022-05-04 12:00:00,106438.65686227893
2022-05-04 12:15:00,106438.65686227893
2022-05-04 12:30:00,106438.65686227893
2022-05-04 12:45:00,106438.65686227893
2022-05-04 13:00:00,106438.65686227893
2022-05-04 13:15:00,106438.65686227893
2022-05-04 13:30:00,106438.65686227893
2022-05-04 13:45:00,106438.65686227893
2022-05-04 14:00:00,106438.65686227893
2022-05-04 14:15:00,106438.65686227893
2022-05-04 14:30:00,106438.65686227893
2022-05-04 14:45:00,106438.65686227893
2022-05-04 15:00:00,106438.65686227893
2022-05-04 15:15:00,106438.65686227893
2022-05-05 09:15:00,106438.65686227893
2022-05-05 09:30:00,106438.65686227893
2022-05-05 09:45:00,106438.65686227893
2022-05-05 10:00:00,106438.65686227893
2022-05-05 10:15:00,106499.67629901774
2022-05-05 10:30:00,106246.7916230487
2022-05-05 10:45:00,106284.22107135756
2022-05-05 11:00:00,106440.54406135336
2022-05-05 11:15:00,106244.90442397431
2022-05-05 11:30:00,106063.73331283232
2022-05-05 11:45:00,105920.62071635731
2022-05-05 12:00:00,105958.05016466617
2022-05-05 12:15:00,106059.3298483254
2022-05-05 12:30:00,106143.93927349415
2022-05-05 12:45:00,106098.96102888772
2022-05-05 13:00:00,105764.29772636156
2022-05-05 13:15:00,105900.80512607619
2022-05-05 13:30:00,105418.62576256807
2022-05-05 13:45:00,105423.34376025407
2022-05-05 14:00:00,105423.34376025407
2022-05-05 14:15:00,105423.34376025407
2022-05-05 14:30:00,105423.34376025407
2022-05-05 14:45:00,105423.34376025407
2022-05-05 15:00:00,105423.34376025407
2022-05-05 15:15:00,105423.34376025407
2022-05-06 09:15:00,105423.34376025407
2022-05-06 09:30:00,105423.34376025407
2022-05-06 09:45:00,105423.34376025407
2022-05-06 10:00:00,105423.34376025407
2022-05-06 10:15:00,105423.34376025407
2022-05-06 10:30:00,105423.34376025407
2022-05-06 10:45:00,105423.34376025407
2022-05-06 11:00:00,105423.34376025407
2022-05-06 11:15:00,105423.34376025407
2022-05-06 11:30:00,105423.34376025407
2022-05-06 11:45:00,105423.34376025407
2022-05-06 12:00:00,105423.34376025407
2022-05-06 12:15:00,105423.34376025407
2022-05-06 12:30:00,105423.34376025407
2022-05-06 12:45:00,105423.34376025407
2022-05-06 13:00:00,105423.34376025407
2022-05-06 13:15:00,105423.34376025407
2022-05-06 13:30:00,105423.34376025407
2022-05-06 13:45:00,105423.34376025407
2022-05-06 14:00:00,105423.34376025407
2022-05-06 14:15:00,105423.34376025407
2022-05-06 14:30:00,105423.34376025407
2022-05-06 14:45:00,105423.34376025407
2022-05-06 15:00:00,105423.34376025407
2022-05-06 15:15:00,105423.34376025407
2022-05-09 09:15:00,105423.34376025407
2022-05-09 09:30:00,105423.34376025407
2022-05-09 09:45:00,105423.34376025407
2022-05-09 10:00:00,105423.34376025407
2022-05-09 10:15:00,105423.34376025407
2022-05-09 10:30:00,105423.34376025407
2022-05-09 10:45:00,105423.34376025407
2022-05-09 11:00:00,105423.34376025407
2022-05-09 11:15:00,105423.34376025407
2022-05-09 11:30:00,105423.34376025407
2022-05-09 11:45:00,105423.34376025407
2022-05-09 12:00:00,105423.34376025407
2022-05-09 12:15:00,105423.34376025407
2022-05-09 12:30:00,105743.99614836837
2022-05-09 12:45:00,105379.4718037314
2022-05-09 13:00:00,105408.50471613611
2022-05-09 13:15:00,105332.05138013704
2022-05-09 13:30:00,105324.63185807806
2022-05-09 13:45:00,105213.66161510893
2022-05-09 14:00:00,104846.87915506269
2022-05-09 14:15:00,104888.49299617612
2022-05-09 14:30:00,105446.24750226224
2022-05-09 14:45:00,105349.47112757986
2022-05-09 15:00:00,105205.59691721873
2022-05-09 15:15:00,105217.85525801183
2022-05-10 09:15:00,105252.69475289747
2022-05-10 09:30:00,105160.112021118
2022-05-10 09:45:00,105029.14132738116
2022-05-10 10:00:00,104979.14020046193
2022-05-10 10:15:00,105217.2100821806
2022-05-10 10:30:00,105317.53492393468
2022-05-10 10:45:00,105267.21120909984
2022-05-10 11:00:00,105293.01824234848
2022-05-10 11:15:00,105126.88546581038
2022-05-10 11:30:00,105244.30746709168
2022-05-10 11:45:00,105517.86201952722
2022-05-10 12:00:00,105721.41499427584
2022-05-10 12:15:00,105654.639295745
2022-05-10 12:30:00,105672.70421901904
2022-05-10 12:45:00,105747.54461544007
2022-05-10 13:00:00,105616.57392170325
2022-05-10 13:15:00,105313.34128103178
2022-05-10 13:30:00,105313.98645686299
2022-05-10 13:45:00,105347.21301217061
2022-05-10 14:00:00,105605.28334465697
2022-05-10 14:15:00,105447.53785392469
2022-05-10 14:30:00,105508.50696997461
2022-05-10 14:45:00,105023.97992073148
2022-05-10 15:00:00,104773.3291103041
2022-05-10 15:15:00,104774.94204988213
2022-05-11 09:15:00,104774.94204988213
2022-05-11 09:30:00,104774.94204988213
2022-05-11 09:45:00,104774.94204988213
2022-05-11 10:00:00,104774.94204988213
2022-05-11 10:15:00,104774.94204988213
2022-05-11 10:30:00,104774.94204988213
2022-05-11 10:45:00,104774.94204988213
2022-05-11 11:00:00,104774.94204988213
2022-05-11 11:15:00,104774.94204988213
2022-05-11 11:30:00,104774.94204988213
2022-05-11 11:45:00,104774.94204988213
2022-05-11 12:00:00,104774.94204988213
2022-05-11 12:15:00,104774.94204988213
2022-05-11 12:30:00,104774.94204988213
2022-05-11 12:45:00,104774.94204988213
2022-05-11 13:00:00,104774.94204988213
2022-05-11 13:15:00,104774.94204988213
2022-05-11 13:30:00,104774.94204988213
2022-05-11 13:45:00,104774.94204988213
2022-05-11 14:00:00,104774.94204988213
2022-05-11 14:15:00,104774.94204988213
2022-05-11 14:30:00,104970.76672795077
2022-05-11 14:45:00,104840.97218926395
2022-05-11 15:00:00,104572.96750589066
2022-05-11 15:15:00,104885.96331364667
2022-05-12 09:15:00,102980.79958618869
2022-05-12 09:30:00,102769.43840473607
2022-05-12 09:45:00,102768.14369612074
2022-05-12 10:00:00,102768.14369612074
2022-05-12 10:15:00,102768.14369612074
2022-05-12 10:30:00,102768.14369612074
2022-05-12 10:45:00,102768.14369612074
2022-05-12 11:00:00,102768.14369612074
2022-05-12 11:15:00,102768.14369612074
2022-05-12 11:30:00,102768.14369612074
2022-05-12 11:45:00,102768.14369612074
2022-05-12 12:00:00,102768.14369612074
2022-05-12 12:15:00,102768.14369612074
2022-05-12 12:30:00,102768.14369612074
2022-05-12 12:45:00,102768.14369612074
2022-05-12 13:00:00,102768.14369612074
2022-05-12 13:15:00,102768.14369612074
2022-05-12 13:30:00,102768.14369612074
2022-05-12 13:45:00,102768.14369612074
2022-05-12 14:00:00,102768.14369612074
2022-05-12 14:15:00,102768.14369612074
2022-05-12 14:30:00,102768.14369612074
2022-05-12 14:45:00,102768.14369612074
2022-05-12 15:00:00,102768.14369612074
2022-05-12 15:15:00,102768.14369612074
2022-05-13 09:15:00,102768.14369612074
2022-05-13 09:30:00,102768.14369612074
2022-05-13 09:45:00,102768.14369612074
2022-05-13 10:00:00,102768.14369612074
2022-05-13 10:15:00,102768.14369612074
2022-05-13 10:30:00,102886.72430641575
2022-05-13 10:45:00,102995.63801913238
2022-05-13 11:00:00,103126.46336636004
2022-05-13 11:15:00,103010.78282533852
2022-05-13 11:30:00,103188.00928094251
2022-05-13 11:45:00,103310.13442034963
2022-05-13 12:00:00,103287.57832600003
2022-05-13 12:15:00,103271.14460011676
2022-05-13 12:30:00,103329.14598558715
2022-05-13 12:45:00,103368.45803573928
2022-05-13 13:00:00,103605.61925632934
2022-05-13 13:15:00,103338.16842332698
2022-05-13 13:30:00,103380.70277267194
2022-05-13 13:45:00,103261.79993245762
2022-05-13 14:00:00,102700.79764299121
2022-05-13 14:15:00,102226.15297189182
2022-05-13 14:30:00,102259.34265357767
2022-05-13 14:45:00,102259.34265357767
2022-05-13 15:00:00,102259.34265357767
2022-05-13 15:15:00,102259.34265357767
2022-05-16 09:15:00,102259.34265357767
2022-05-16 09:30:00,102259.34265357767
2022-05-16 09:45:00,102259.34265357767
2022-05-16 10:00:00,102259.34265357767
2022-05-16 10:15:00,102259.34265357767
2022-05-16 10:30:00,102259.34265357767
2022-05-16 10:45:00,102259.34265357767
2022-05-16 11:00:00,102259.34265357767
2022-05-16 11:15:00,102259.34265357767
2022-05-16 11:30:00,102259.34265357767
2022-05-16 11:45:00,102259.34265357767
2022-05-16 12:00:00,102259.34265357767
2022-05-16 12:15:00,102259.34265357767
2022-05-16 12:30:00,102259.34265357767
2022-05-16 12:45:00,102259.34265357767
2022-05-16 13:00:00,102259.34265357767
2022-05-16 13:15:00,102259.34265357767
2022-05-16 13:30:00,102259.34265357767
2022-05-16 13:45:00,102259.34265357767
2022-05-16 14:00:00,102259.34265357767
2022-05-16 14:15:00,102259.34265357767
2022-05-16 14:30:00,102259.34265357767
2022-05-16 14:45:00,102259.34265357767
2022-05-16 15:00:00,102259.34265357767
2022-05-16 15:15:00,102259.34265357767
2022-05-17 09:15:00,102259.34265357767
2022-05-17 09:30:00,102259.34265357767
2022-05-17 09:45:00,102259.34265357767
2022-05-17 10:00:00,102259.34265357767
2022-05-17 10:15:00,102538.85772783661
2022-05-17 10:30:00,102798.2246903355
2022-05-17 10:45:00,102965.80581037176
2022-05-17 11:00:00,102837.24166866456
2022-05-17 11:15:00,103127.95013834578
2022-05-17 11:30:00,103258.1133365419
2022-05-17 11:45:00,103080.93787757226
2022-05-17 12:00:00,103009.93976946529
2022-05-17 12:15:00,103171.76428614152
2022-05-17 12:30:00,103224.2133389773
2022-05-17 12:45:00,103291.05390021314
2022-05-17 13:00:00,103442.0048327649
2022-05-17 13:15:00,103253.63597837299
2022-05-17 13:30:00,103374.8444602313
2022-05-17 13:45:00,103492.21520651624
2022-05-17 14:00:00,103725.03783129944
2022-05-17 14:15:00,103751.58216901509
2022-05-17 14:30:00,103839.53027590436
2022-05-17 14:45:00,103931.63592966474
2022-05-17 15:00:00,103927.15857149585
2022-05-17 15:15:00,104147.18874436787
2022-05-18 09:15:00,104694.38587486795
2022-05-18 09:30:00,104805.68020649509
2022-05-18 09:45:00,104778.81605748166
2022-05-18 10:00:00,104515.29154811165
2022-05-18 10:15:00,104456.12645802251
2022-05-18 10:30:00,104692.78681837906
2022-05-18 10:45:00,104482.35098444039
2022-05-18 11:00:00,104467.63966474256
2022-05-18 11:15:00,104571.89814781855
2022-05-18 11:30:00,104582.77173194304
2022-05-18 11:45:00,104588.84814660084
2022-05-18 12:00:00,104469.87834382699
2022-05-18 12:15:00,103916.92460996688
2022-05-18 12:30:00,103836.65197422431
2022-05-18 12:45:00,103833.13404994874
2022-05-18 13:00:00,103833.13404994874
2022-05-18 13:15:00,103833.13404994874
2022-05-18 13:30:00,103833.13404994874
2022-05-18 13:45:00,103833.13404994874
2022-05-18 14:00:00,103833.13404994874
2022-05-18 14:15:00,103833.13404994874
2022-05-18 14:30:00,103833.13404994874
2022-05-18 14:45:00,103833.13404994874
2022-05-18 15:00:00,103833.13404994874
2022-05-18 15:15:00,103833.13404994874
2022-05-19 09:15:00,103833.13404994874
2022-05-19 09:30:00,103833.13404994874
2022-05-19 09:45:00,103833.13404994874
2022-05-19 10:00:00,103833.13404994874
2022-05-19 10:15:00,103833.13404994874
2022-05-19 10:30:00,103833.13404994874
2022-05-19 10:45:00,103833.13404994874
2022-05-19 11:00:00,103833.13404994874
2022-05-19 11:15:00,103833.13404994874
2022-05-19 11:30:00,103833.13404994874
2022-05-19 11:45:00,103833.13404994874
2022-05-19 12:00:00,103833.13404994874
2022-05-19 12:15:00,103833.13404994874
2022-05-19 12:30:00,103833.13404994874
2022-05-19 12:45:00,103833.13404994874
2022-05-19 13:00:00,103833.13404994874
2022-05-19 13:15:00,103833.13404994874
2022-05-19 13:30:00,103833.13404994874
2022-05-19 13:45:00,103833.13404994874
2022-05-19 14:00:00,103833.13404994874
2022-05-19 14:15:00,103833.13404994874
2022-05-19 14:30:00,103833.13404994874
2022-05-19 14:45:00,103833.13404994874
2022-05-19 15:00:00,103833.13404994874
2022-05-19 15:15:00,103833.13404994874
2022-05-20 09:15:00,103833.13404994874
2022-05-20 09:30:00,103855.04432887679
2022-05-20 09:45:00,104185.953982687
2022-05-20 10:00:00,104138.58911500433
2022-05-20 10:15:00,104140.84458489397
2022-05-20 10:30:00,104206.25321169384
2022-05-20 10:45:00,104230.74117049576
2022-05-20 11:00:00,104265.53984879323
2022-05-20 11:15:00,104259.74006907699
2022-05-20 11:30:00,104331.91510554579
2022-05-20 11:45:00,104216.24172120514
2022-05-20 12:00:00,104072.53606823595
2022-05-20 12:15:00,104014.86048105774
2022-05-20 12:30:00,104238.15200013317
2022-05-20 12:45:00,104235.89653024351
2022-05-20 13:00:00,104440.49987023325
2022-05-20 13:15:00,104428.2558908323
2022-05-20 13:30:00,104363.81389398513
2022-05-20 13:45:00,104397.96815231412
2022-05-20 14:00:00,104512.03048673361
2022-05-20 14:15:00,104320.63775609752
2022-05-20 14:30:00,104547.15137501532
2022-05-20 14:45:00,104708.25636713323
2022-05-20 15:00:00,104908.02655735944
2022-05-20 15:15:00,104903.1934075959
2022-05-23 09:15:00,104877.73881884127
2022-05-23 09:30:00,104866.78367937726
2022-05-23 09:45:00,105114.56315725461
2022-05-23 10:00:00,105260.8464900977
2022-05-23 10:15:00,105239.58063113812
2022-05-23 10:30:00,105240.54726109082
2022-05-23 10:45:00,105327.54395683449
2022-05-23 11:00:00,105283.40118899419
2022-05-23 11:15:00,105497.99303849525
2022-05-23 11:30:00,105464.16099015049
2022-05-23 11:45:00,105463.19436019778
2022-05-23 12:00:00,105540.52475641436
2022-05-23 12:15:00,105590.14509398669
2022-05-23 12:30:00,105391.01932372895
2022-05-23 12:45:00,105415.18507254664
2022-05-23 13:00:00,105375.87545446986
2022-05-23 13:15:00,105573.39017480644
2022-05-23 13:30:00,105506.37049808538
2022-05-23 13:45:00,105272.7682595144
2022-05-23 14:00:00,104837.4625708118
2022-05-23 14:15:00,104839.07362073298
2022-05-23 14:30:00,104714.70056681795
2022-05-23 14:45:00,104724.68907632926
2022-05-23 15:00:00,104724.68907632926
2022-05-23 15:15:00,104724.68907632926
2022-05-24 09:15:00,104724.68907632926
2022-05-24 09:30:00,104724.68907632926
2022-05-24 09:45:00,104724.68907632926
2022-05-24 10:00:00,104724.68907632926
2022-05-24 10:15:00,104724.68907632926
2022-05-24 10:30:00,104724.68907632926
2022-05-24 10:45:00,104724.68907632926
2022-05-24 11:00:00,104724.68907632926
2022-05-24 11:15:00,104724.68907632926
2022-05-24 11:30:00,104724.68907632926
2022-05-24 11:45:00,104724.68907632926
2022-05-24 12:00:00,104724.68907632926
2022-05-24 12:15:00,104724.68907632926
2022-05-24 12:30:00,104724.68907632926
2022-05-24 12:45:00,104724.68907632926
2022-05-24 13:00:00,104724.68907632926
2022-05-24 13:15:00,104724.68907632926
2022-05-24 13:30:00,104724.68907632926
2022-05-24 13:45:00,104724.68907632926
2022-05-24 14:00:00,104724.68907632926
2022-05-24 14:15:00,104724.68907632926
2022-05-24 14:30:00,104724.68907632926
2022-05-24 14:45:00,104724.68907632926
2022-05-24 15:00:00,104724.68907632926
2022-05-24 15:15:00,104724.68907632926
2022-05-25 09:15:00,104724.68907632926
2022-05-25 09:30:00,104724.68907632926
2022-05-25 09:45:00,104724.68907632926
2022-05-25 10:00:00,104724.68907632926
2022-05-25 10:15:00,104724.68907632926
2022-05-25 10:30:00,104724.68907632926
2022-05-25 10:45:00,104724.68907632926
2022-05-25 11:00:00,104724.68907632926
2022-05-25 11:15:00,104724.68907632926
2022-05-25 11:30:00,104724.68907632926
2022-05-25 11:45:00,104724.68907632926
2022-05-25 12:00:00,104724.68907632926
2022-05-25 12:15:00,104724.68907632926
2022-05-25 12:30:00,104724.68907632926
2022-05-25 12:45:00,104724.68907632926
2022-05-25 13:00:00,104724.68907632926
2022-05-25 13:15:00,104724.68907632926
2022-05-25 13:30:00,104724.68907632926
2022-05-25 13:45:00,104724.68907632926
2022-05-25 14:00:00,104724.68907632926
2022-05-25 14:15:00,104724.68907632926
2022-05-25 14:30:00,104724.68907632926
2022-05-25 14:45:00,104724.68907632926
2022-05-25 15:00:00,104724.68907632926
2022-05-25 15:15:00,104724.68907632926
2022-05-26 09:15:00,104724.68907632926
2022-05-26 09:30:00,104724.68907632926
2022-05-26 09:45:00,104724.68907632926
2022-05-26 10:00:00,104724.68907632926
2022-05-26 10:15:00,104724.68907632926
2022-05-26 10:30:00,104724.68907632926
2022-05-26 10:45:00,104724.68907632926
2022-05-26 11:00:00,104724.68907632926
2022-05-26 11:15:00,104724.68907632926
2022-05-26 11:30:00,104724.68907632926
2022-05-26 11:45:00,104724.68907632926
2022-05-26 12:00:00,104724.68907632926
2022-05-26 12:15:00,104724.68907632926
2022-05-26 12:30:00,104724.68907632926
2022-05-26 12:45:00,104724.68907632926
2022-05-26 13:00:00,104724.68907632926
2022-05-26 13:15:00,104939.72482960329
2022-05-26 13:30:00,105028.21155409729
2022-05-26 13:45:00,104693.78378652438
2022-05-26 14:00:00,104639.45554023578
2022-05-26 14:15:00,104982.99223533012
2022-05-26 14:30:00,105037.97111929882
2022-05-26 14:45:00,105289.11726381854
2022-05-26 15:00:00,105222.75222044803
2022-05-26 15:15:00,105413.38906071818
2022-05-27 09:15:00,106153.81474067533
2022-05-27 09:30:00,106179.51492903937
2022-05-27 09:45:00,106130.39178419161
2022-05-27 10:00:00,105925.11559611913
2022-05-27 10:15:00,105819.06165426233
2022-05-27 10:30:00,105935.2004801607
2022-05-27 10:45:00,105700.64559648359
2022-05-27 11:00:00,105750.09406017141
2022-05-27 11:15:00,105877.94436431164
2022-05-27 11:30:00,105775.79424853547
2022-05-27 11:45:00,105748.14214713109
2022-05-27 12:00:00,105647.29330671513
2022-05-27 12:15:00,105646.64266903502
2022-05-27 12:30:00,105646.64266903502
2022-05-27 12:45:00,105646.64266903502
2022-05-27 13:00:00,105646.64266903502
2022-05-27 13:15:00,105845.73712925136
2022-05-27 13:30:00,105849.29816837718
2022-05-27 13:45:00,105916.95791176775
2022-05-27 14:00:00,105795.55885066024
2022-05-27 14:15:00,105787.46557991974
2022-05-27 14:30:00,105595.49319795506
2022-05-27 14:45:00,105783.58080996432
2022-05-27 15:00:00,105834.40655021465
2022-05-27 15:15:00,105899.47644696829
2022-05-30 09:15:00,107432.98938687844
2022-05-30 09:30:00,107456.29800661108
2022-05-30 09:45:00,107536.90698318648
2022-05-30 10:00:00,107660.2484292717
2022-05-30 10:15:00,107683.55704900436
2022-05-30 10:30:00,107719.49117109219
2022-05-30 10:45:00,107814.66803500049
2022-05-30 11:00:00,108041.60334656415
2022-05-30 11:15:00,108028.97784420897
2022-05-30 11:30:00,108084.98327773325
2022-05-30 11:45:00,107963.58421662574
2022-05-30 12:00:00,107909.84489890879
2022-05-30 12:15:00,107817.90534329672
2022-05-30 12:30:00,107897.54312738325
2022-05-30 12:45:00,107813.69684251165
2022-05-30 13:00:00,107932.5060569822
2022-05-30 13:15:00,107871.64466101363
2022-05-30 13:30:00,107871.96839184324
2022-05-30 13:45:00,107878.44300843563
2022-05-30 14:00:00,107658.306044294
2022-05-30 14:15:00,107782.94241369772
2022-05-30 14:30:00,107668.98916167146
2022-05-30 14:45:00,107884.91762502803
2022-05-30 15:00:00,107871.96839184323
2022-05-30 15:15:00,107920.20428545662
2022-05-31 09:15:00,107115.08571219156
2022-05-31 09:30:00,107116.38063551005
2022-05-31 09:45:00,107116.38063551005
2022-05-31 10:00:00,107116.38063551005
2022-05-31 10:15:00,107116.38063551005
2022-05-31 10:30:00,107116.38063551005
2022-05-31 10:45:00,107116.38063551005
2022-05-31 11:00:00,107076.50602780737
2022-05-31 11:15:00,107017.65882450422
2022-05-31 11:30:00,106952.70180227887
2022-05-31 11:45:00,107125.38457918487
2022-05-31 12:00:00,107137.28264761227
2022-05-31 12:15:00,107145.00031361925
2022-05-31 12:30:00,106986.78816047632
2022-05-31 12:45:00,106969.74498137762
2022-05-31 13:00:00,106886.13693296876
2022-05-31 13:15:00,106897.39186256226
2022-05-31 13:30:00,107118.63162142875
2022-05-31 13:45:00,107282.31045465995
2022-05-31 14:00:00,107220.24755718723
2022-05-31 14:15:00,107247.25938821163
2022-05-31 14:30:00,107099.0158869944
2022-05-31 14:45:00,107000.61564540552
2022-05-31 15:00:00,106483.21045352146
2022-05-31 15:15:00,106621.16373339608
2022-06-01 09:15:00,106891.2820436401
2022-06-01 09:30:00,106583.86168102907
2022-06-01 09:45:00,106451.69665065968
2022-06-01 10:00:00,106457.16333074794
2022-06-01 10:15:00,106457.16333074794
2022-06-01 10:30:00,106457.16333074794
2022-06-01 10:45:00,106457.16333074794
2022-06-01 11:00:00,106457.16333074794
2022-06-01 11:15:00,106457.16333074794
2022-06-01 11:30:00,106457.16333074794
2022-06-01 11:45:00,106457.16333074794
2022-06-01 12:00:00,106457.16333074794
2022-06-01 12:15:00,106457.16333074794
2022-06-01 12:30:00,106457.16333074794
2022-06-01 12:45:00,106457.16333074794
2022-06-01 13:00:00,106457.16333074794
2022-06-01 13:15:00,106457.16333074794
2022-06-01 13:30:00,106457.16333074794
2022-06-01 13:45:00,106457.16333074794
2022-06-01 14:00:00,106457.16333074794
2022-06-01 14:15:00,106457.16333074794
2022-06-01 14:30:00,106457.16333074794
2022-06-01 14:45:00,106457.16333074794
2022-06-01 15:00:00,106457.16333074794
2022-06-01 15:15:00,106457.16333074794
2022-06-02 09:15:00,106457.16333074794
2022-06-02 09:30:00,106457.16333074794
2022-06-02 09:45:00,106457.16333074794
2022-06-02 10:00:00,106457.16333074794
2022-06-02 10:15:00,106520.8977991853
2022-06-02 10:30:00,106553.73070716823
2022-06-02 10:45:00,106332.59141516575
2022-06-02 11:00:00,106336.77600147731
2022-06-02 11:15:00,106448.15037561538
2022-06-02 11:30:00,106524.76049424215
2022-06-02 11:45:00,106561.13420602711
2022-06-02 12:00:00,106546.32720830933
2022-06-02 12:15:00,106709.52607445963
2022-06-02 12:30:00,106717.57335582799
2022-06-02 12:45:00,106782.5953892843
2022-06-02 13:00:00,106703.41014061966
2022-06-02 13:15:00,106682.80910031666
2022-06-02 13:30:00,106896.86678471498
2022-06-02 13:45:00,106934.20617026415
2022-06-02 14:00:00,107033.67056797705
2022-06-02 14:15:00,106940.64399535884
2022-06-02 14:30:00,106988.92768356898
2022-06-02 14:45:00,107078.41345238514
2022-06-02 15:00:00,107071.65373603572
2022-06-02 15:15:00,107108.67123033018
2022-06-03 09:15:00,108028.95832761552
2022-06-03 09:30:00,107925.30934359107
2022-06-03 09:45:00,107979.70896564117
2022-06-03 10:00:00,107863.18433142734
2022-06-03 10:15:00,107734.42782953363
2022-06-03 10:30:00,107645.58584322696
2022-06-03 10:45:00,107774.6642363754
2022-06-03 11:00:00,107722.51785310847
2022-06-03 11:15:00,107757.92589112924
2022-06-03 11:30:00,107873.16296032412
2022-06-03 11:45:00,107865.75946146522
2022-06-03 12:00:00,107879.60078541879
2022-06-03 12:15:00,107754.06319607241
2022-06-03 12:30:00,107708.0327466454
2022-06-03 12:45:00,107568.65383334544
2022-06-03 13:00:00,107630.45695425445
2022-06-03 13:15:00,107464.68295806629
2022-06-03 13:30:00,107464.0391755568
2022-06-03 13:45:00,107464.0391755568
2022-06-03 14:00:00,107464.0391755568
2022-06-03 14:15:00,107464.0391755568
2022-06-03 14:30:00,107464.0391755568
2022-06-03 14:45:00,107464.0391755568
2022-06-03 15:00:00,107464.0391755568
2022-06-03 15:15:00,107464.0391755568
2022-06-06 09:15:00,107464.0391755568
2022-06-06 09:30:00,107464.0391755568
2022-06-06 09:45:00,107464.0391755568
2022-06-06 10:00:00,107464.0391755568
2022-06-06 10:15:00,107464.0391755568
2022-06-06 10:30:00,107464.0391755568
2022-06-06 10:45:00,107464.0391755568
2022-06-06 11:00:00,107464.0391755568
2022-06-06 11:15:00,107464.0391755568
2022-06-06 11:30:00,107464.0391755568
2022-06-06 11:45:00,107464.0391755568
2022-06-06 12:00:00,107464.0391755568
2022-06-06 12:15:00,107464.0391755568
2022-06-06 12:30:00,107464.0391755568
2022-06-06 12:45:00,107464.0391755568
2022-06-06 13:00:00,107396.27411414974
2022-06-06 13:15:00,107514.94403029798
2022-06-06 13:30:00,107585.62720439721
2022-06-06 13:45:00,107653.39226580429
2022-06-06 14:00:00,107681.60068849525
2022-06-06 14:15:00,107536.3435233739
2022-06-06 14:30:00,107558.71572068053
2022-06-06 14:45:00,107609.9448101653
2022-06-06 15:00:00,107472.46927888975
2022-06-06 15:15:00,107410.21620812349
2022-06-07 09:15:00,106576.2844476501
2022-06-07 09:30:00,106574.98750867581
2022-06-07 09:45:00,106574.98750867581
2022-06-07 10:00:00,106574.98750867581
2022-06-07 10:15:00,106574.98750867581
2022-06-07 10:30:00,106574.98750867581
2022-06-07 10:45:00,106574.98750867581
2022-06-07 11:00:00,106574.98750867581
2022-06-07 11:15:00,106574.98750867581
2022-06-07 11:30:00,106574.98750867581
2022-06-07 11:45:00,106574.98750867581
2022-06-07 12:00:00,106574.98750867581
2022-06-07 12:15:00,106574.98750867581
2022-06-07 12:30:00,106574.98750867581
2022-06-07 12:45:00,106574.98750867581
2022-06-07 13:00:00,106574.98750867581
2022-06-07 13:15:00,106574.98750867581
2022-06-07 13:30:00,106574.98750867581
2022-06-07 13:45:00,106574.98750867581
2022-06-07 14:00:00,106574.98750867581
2022-06-07 14:15:00,106574.98750867581
2022-06-07 14:30:00,106574.98750867581
2022-06-07 14:45:00,106574.98750867581
2022-06-07 15:00:00,106574.98750867581
2022-06-07 15:15:00,106574.98750867581
2022-06-08 09:15:00,106574.98750867581
2022-06-08 09:30:00,106574.98750867581
2022-06-08 09:45:00,106574.98750867581
2022-06-08 10:00:00,106574.98750867581
2022-06-08 10:15:00,106574.98750867581
2022-06-08 10:30:00,106574.98750867581
2022-06-08 10:45:00,106574.98750867581
2022-06-08 11:00:00,106574.98750867581
2022-06-08 11:15:00,106574.98750867581
2022-06-08 11:30:00,106574.98750867581
2022-06-08 11:45:00,106574.98750867581
2022-06-08 12:00:00,106643.59502945901
2022-06-08 12:15:00,106614.46919516426
2022-06-08 12:30:00,106573.36940677054
2022-06-08 12:45:00,106402.82146595574
2022-06-08 13:00:00,106155.25187445038
2022-06-08 13:15:00,106014.15338831136
2022-06-08 13:30:00,106016.09511059769
2022-06-08 13:45:00,106016.09511059769
2022-06-08 14:00:00,106016.09511059769
2022-06-08 14:15:00,106016.09511059769
2022-06-08 14:30:00,106016.09511059769
2022-06-08 14:45:00,106016.09511059769
2022-06-08 15:00:00,106016.09511059769
2022-06-08 15:15:00,106016.09511059769
2022-06-09 09:15:00,106016.09511059769
2022-06-09 09:30:00,106016.09511059769
2022-06-09 09:45:00,106016.09511059769
2022-06-09 10:00:00,106016.09511059769
2022-06-09 10:15:00,106016.09511059769
2022-06-09 10:30:00,106016.09511059769
2022-06-09 10:45:00,106016.09511059769
2022-06-09 11:00:00,105921.92560412294
2022-06-09 11:15:00,105808.98691766351
2022-06-09 11:30:00,105861.41117899999
2022-06-09 11:45:00,105796.3662621566
2022-06-09 12:00:00,105941.66560376198
2022-06-09 12:15:00,105999.59117647327
2022-06-09 12:30:00,106131.29904291735
2022-06-09 12:45:00,105966.25970167293
2022-06-09 13:00:00,105806.0744587004
2022-06-09 13:15:00,105941.34199721053
2022-06-09 13:30:00,105915.1298665423
2022-06-09 13:45:00,105978.23314407692
2022-06-09 14:00:00,106075.63871606629
2022-06-09 14:15:00,106232.26428697277
2022-06-09 14:30:00,106460.73051230329
2022-06-09 14:45:00,106479.8232988394
2022-06-09 15:00:00,106644.86264008384
2022-06-09 15:15:00,106672.36919695791
2022-06-10 09:15:00,105270.82922258611
2022-06-10 09:30:00,105272.77086189485
2022-06-10 09:45:00,105272.77086189485
2022-06-10 10:00:00,105272.77086189485
2022-06-10 10:15:00,105272.77086189485
2022-06-10 10:30:00,105272.77086189485
2022-06-10 10:45:00,105272.77086189485
2022-06-10 11:00:00,105272.77086189485
2022-06-10 11:15:00,105272.77086189485
2022-06-10 11:30:00,105272.77086189485
2022-06-10 11:45:00,105272.77086189485
2022-06-10 12:00:00,105272.77086189485
2022-06-10 12:15:00,105272.77086189485
2022-06-10 12:30:00,105272.77086189485
2022-06-10 12:45:00,105272.77086189485
2022-06-10 13:00:00,105272.77086189485
2022-06-10 13:15:00,105272.77086189485
2022-06-10 13:30:00,105272.77086189485
2022-06-10 13:45:00,105272.77086189485
2022-06-10 14:00:00,105272.77086189485
2022-06-10 14:15:00,105272.77086189485
2022-06-10 14:30:00,105272.77086189485
2022-06-10 14:45:00,105272.77086189485
2022-06-10 15:00:00,105272.77086189485
2022-06-10 15:15:00,105272.77086189485
2022-06-13 09:15:00,105272.77086189485
2022-06-13 09:30:00,105272.77086189485
2022-06-13 09:45:00,105272.77086189485
2022-06-13 10:00:00,105272.77086189485
2022-06-13 10:15:00,105272.77086189485
2022-06-13 10:30:00,105272.77086189485
2022-06-13 10:45:00,105272.77086189485
2022-06-13 11:00:00,105272.77086189485
2022-06-13 11:15:00,105272.77086189485
2022-06-13 11:30:00,105272.77086189485
2022-06-13 11:45:00,105272.77086189485
2022-06-13 12:00:00,105272.77086189485
2022-06-13 12:15:00,105272.77086189485
2022-06-13 12:30:00,105272.77086189485
2022-06-13 12:45:00,105272.77086189485
2022-06-13 13:00:00,105272.77086189485
2022-06-13 13:15:00,105272.77086189485
2022-06-13 13:30:00,105272.77086189485
2022-06-13 13:45:00,105272.77086189485
2022-06-13 14:00:00,105272.77086189485
2022-06-13 14:15:00,105272.77086189485
2022-06-13 14:30:00,105272.77086189485
2022-06-13 14:45:00,105272.77086189485
2022-06-13 15:00:00,105272.77086189485
2022-06-13 15:15:00,105272.77086189485
2022-06-14 09:15:00,105235.49546573342
2022-06-14 09:30:00,105720.07561583219
2022-06-14 09:45:00,105847.68508016867
2022-06-14 10:00:00,105836.26739125434
2022-06-14 10:15:00,106015.5922700851
2022-06-14 10:30:00,106190.55156197799
2022-06-14 10:45:00,106208.01390972931
2022-06-14 11:00:00,106447.11374817029
2022-06-14 11:15:00,106346.36943422044
2022-06-14 11:30:00,106340.32477538346
2022-06-14 11:45:00,106226.1478862403
2022-06-14 12:00:00,106271.14701313789
2022-06-14 12:15:00,105982.01083210182
2022-06-14 12:30:00,105911.82562671676
2022-06-14 12:45:00,105665.33787191947
2022-06-14 13:00:00,105671.38253075647
2022-06-14 13:15:00,105671.38253075647
2022-06-14 13:30:00,105671.38253075647
2022-06-14 13:45:00,105671.38253075647
2022-06-14 14:00:00,105671.38253075647
2022-06-14 14:15:00,105671.38253075647
2022-06-14 14:30:00,105671.38253075647
2022-06-14 14:45:00,105671.38253075647
2022-06-14 15:00:00,105671.38253075647
2022-06-14 15:15:00,105671.38253075647
2022-06-15 09:15:00,105671.38253075647
2022-06-15 09:30:00,105671.38253075647
2022-06-15 09:45:00,105671.38253075647
2022-06-15 10:00:00,105671.38253075647
2022-06-15 10:15:00,105671.38253075647
2022-06-15 10:30:00,105671.38253075647
2022-06-15 10:45:00,105671.38253075647
2022-06-15 11:00:00,105671.38253075647
2022-06-15 11:15:00,105671.38253075647
2022-06-15 11:30:00,105671.38253075647
2022-06-15 11:45:00,105671.38253075647
2022-06-15 12:00:00,105671.38253075647
2022-06-15 12:15:00,105671.38253075647
2022-06-15 12:30:00,105671.38253075647
2022-06-15 12:45:00,105507.21017034355
2022-06-15 13:00:00,105670.04234822247
2022-06-15 13:15:00,105494.47843627069
2022-06-15 13:30:00,105568.18847563975
2022-06-15 13:45:00,105655.30034034865
2022-06-15 14:00:00,105492.46816246973
2022-06-15 14:15:00,105441.87627181187
2022-06-15 14:30:00,105442.88140871236
2022-06-15 14:45:00,105406.02638902783
2022-06-15 15:00:00,105160.43793967545
2022-06-15 15:15:00,105156.08234643999
2022-06-16 09:15:00,105156.08234643999
2022-06-16 09:30:00,105156.08234643999
2022-06-16 09:45:00,105156.08234643999
2022-06-16 10:00:00,105156.08234643999
2022-06-16 10:15:00,105156.08234643999
2022-06-16 10:30:00,105156.08234643999
2022-06-16 10:45:00,105156.08234643999
2022-06-16 11:00:00,105156.08234643999
2022-06-16 11:15:00,105156.08234643999
2022-06-16 11:30:00,105156.08234643999
2022-06-16 11:45:00,105156.08234643999
2022-06-16 12:00:00,105156.08234643999
2022-06-16 12:15:00,105156.08234643999
2022-06-16 12:30:00,105156.08234643999
2022-06-16 12:45:00,105156.08234643999
2022-06-16 13:00:00,105156.08234643999
2022-06-16 13:15:00,105156.08234643999
2022-06-16 13:30:00,105156.08234643999
2022-06-16 13:45:00,105156.08234643999
2022-06-16 14:00:00,105156.08234643999
2022-06-16 14:15:00,105156.08234643999
2022-06-16 14:30:00,105156.08234643999
2022-06-16 14:45:00,105156.08234643999
2022-06-16 15:00:00,105156.08234643999
2022-06-16 15:15:00,105156.08234643999
2022-06-17 09:15:00,105156.08234643999
2022-06-17 09:30:00,105156.08234643999
2022-06-17 09:45:00,105156.08234643999
2022-06-17 10:00:00,105156.08234643999
2022-06-17 10:15:00,105156.08234643999
2022-06-17 10:30:00,105156.08234643999
2022-06-17 10:45:00,105156.08234643999
2022-06-17 11:00:00,105156.08234643999
2022-06-17 11:15:00,105156.08234643999
2022-06-17 11:30:00,105156.08234643999
2022-06-17 11:45:00,105156.08234643999
2022-06-17 12:00:00,105156.08234643999
2022-06-17 12:15:00,105156.08234643999
2022-06-17 12:30:00,105156.08234643999
2022-06-17 12:45:00,105156.08234643999
2022-06-17 13:00:00,105156.08234643999
2022-06-17 13:15:00,105156.08234643999
2022-06-17 13:30:00,105156.08234643999
2022-06-17 13:45:00,105156.08234643999
2022-06-17 14:00:00,105156.08234643999
2022-06-17 14:15:00,105156.08234643999
2022-06-17 14:30:00,105156.08234643999
2022-06-17 14:45:00,105156.08234643999
2022-06-17 15:00:00,104373.55248577578
2022-06-17 15:15:00,104821.05427153787
2022-06-20 09:15:00,104399.53425484982
2022-06-20 09:30:00,103943.48583452389
2022-06-20 09:45:00,104374.57808192342
2022-06-20 10:00:00,104603.96975361659
2022-06-20 10:15:00,104419.36244703789
2022-06-20 10:30:00,104642.60054184508
2022-06-20 10:45:00,104428.25094698423
2022-06-20 11:00:00,104582.09036913315
2022-06-20 11:15:00,104616.27690738847
2022-06-20 11:30:00,104732.51113745655
2022-06-20 11:45:00,104828.57530995399
2022-06-20 12:00:00,104817.29375232973
2022-06-20 12:15:00,105055.91578935184
2022-06-20 12:30:00,105042.58303943225
2022-06-20 12:45:00,104851.82215596759
2022-06-20 13:00:00,104740.71590663781
2022-06-20 13:15:00,104596.44871520037
2022-06-20 13:30:00,104583.45783066335
2022-06-20 13:45:00,104559.52725388463
2022-06-20 14:00:00,104619.69556121399
2022-06-20 14:15:00,104499.01708117271
2022-06-20 14:30:00,104429.61840851442
2022-06-20 14:45:00,104428.2509469842
2022-06-20 15:00:00,104428.2509469842
2022-06-20 15:15:00,104428.2509469842
2022-06-21 09:15:00,104428.2509469842
2022-06-21 09:30:00,104658.56112987989
2022-06-21 09:45:00,105122.2252425818
2022-06-21 10:00:00,105223.34527883114
2022-06-21 10:15:00,105351.85903727515
2022-06-21 10:30:00,105357.60833699502
2022-06-21 10:45:00,105346.78612575763
2022-06-21 11:00:00,105464.13947886307
2022-06-21 11:15:00,105345.77154345413
2022-06-21 11:30:00,105542.60051033414
2022-06-21 11:45:00,105554.43730387503
2022-06-21 12:00:00,105411.71939318196
2022-06-21 12:15:00,105623.09070641223
2022-06-21 12:30:00,105669.76149237347
2022-06-21 12:45:00,105793.5405334011
2022-06-21 13:00:00,106035.34931573652
2022-06-21 13:15:00,106135.1165755812
2022-06-21 13:30:00,106000.17712921501
2022-06-21 13:45:00,106204.44636632073
2022-06-21 14:00:00,106118.20687052277
2022-06-21 14:15:00,106143.90962221156
2022-06-21 14:30:00,105828.03633172026
2022-06-21 14:45:00,105769.52875221812
2022-06-21 15:00:00,105773.58708143215
2022-06-21 15:15:00,105747.54613564219
2022-06-22 09:15:00,104723.15620320308
2022-06-22 09:30:00,104725.18536781007
2022-06-22 09:45:00,104725.18536781007
2022-06-22 10:00:00,104725.18536781007
2022-06-22 10:15:00,104725.18536781007
2022-06-22 10:30:00,104725.18536781007
2022-06-22 10:45:00,104725.18536781007
2022-06-22 11:00:00,104725.18536781007
2022-06-22 11:15:00,104725.18536781007
2022-06-22 11:30:00,104725.18536781007
2022-06-22 11:45:00,104725.18536781007
2022-06-22 12:00:00,104725.18536781007
2022-06-22 12:15:00,104725.18536781007
2022-06-22 12:30:00,104725.18536781007
2022-06-22 12:45:00,104725.18536781007
2022-06-22 13:00:00,104725.18536781007
2022-06-22 13:15:00,104725.18536781007
2022-06-22 13:30:00,104725.18536781007
2022-06-22 13:45:00,104725.18536781007
2022-06-22 14:00:00,104725.18536781007
2022-06-22 14:15:00,104725.18536781007
2022-06-22 14:30:00,104725.18536781007
2022-06-22 14:45:00,104725.18536781007
2022-06-22 15:00:00,104725.18536781007
2022-06-22 15:15:00,104725.18536781007
2022-06-23 09:15:00,104725.18536781007
2022-06-23 09:30:00,104725.18536781007
2022-06-23 09:45:00,104838.01727295372
2022-06-23 10:00:00,105037.74658564082
2022-06-23 10:15:00,104995.30831684053
2022-06-23 10:30:00,104932.66134861154
2022-06-23 10:45:00,105135.42196621295
2022-06-23 11:00:00,105176.8498000418
2022-06-23 11:15:00,105224.00343204213
2022-06-23 11:30:00,104967.68976095463
2022-06-23 11:45:00,104556.44272758036
2022-06-23 12:00:00,104639.29839523809
2022-06-23 12:15:00,104138.12264940605
2022-06-23 12:30:00,104142.50120094893
2022-06-23 12:45:00,104142.50120094893
2022-06-23 13:00:00,104142.50120094893
2022-06-23 13:15:00,104142.50120094893
2022-06-23 13:30:00,104142.50120094893
2022-06-23 13:45:00,104142.50120094893
2022-06-23 14:00:00,104142.50120094893
2022-06-23 14:15:00,104142.50120094893
2022-06-23 14:30:00,104142.50120094893
2022-06-23 14:45:00,104127.13242496621
2022-06-23 15:00:00,103979.79263782759
2022-06-23 15:15:00,104090.38100413796
2022-06-24 09:15:00,104916.61976512166
2022-06-24 09:30:00,104793.00134960853
2022-06-24 09:45:00,104973.08331166685
2022-06-24 10:00:00,104831.42328956533
2022-06-24 10:15:00,104733.86497245767
2022-06-24 10:30:00,104762.59790146882
2022-06-24 10:45:00,104852.13772675939
2022-06-24 11:00:00,104784.31465014003
2022-06-24 11:15:00,104693.10430572089
2022-06-24 11:30:00,104688.42685216093
2022-06-24 11:45:00,104428.82817958338
2022-06-24 12:00:00,104438.85129435471
2022-06-24 12:15:00,104509.34720157976
2022-06-24 12:30:00,104695.77713632658
2022-06-24 12:45:00,104635.97255152429
2022-06-24 13:00:00,104776.63026214868
2022-06-24 13:15:00,104657.02109254409
2022-06-24 13:30:00,104490.63738733994
2022-06-24 13:45:00,104795.34007638851
2022-06-24 14:00:00,104958.38274333558
2022-06-24 14:15:00,105019.18963961498
2022-06-24 14:30:00,104933.32495640722
2022-06-24 14:45:00,104862.49494535645
2022-06-24 15:00:00,104973.75151931826
2022-06-24 15:15:00,104901.58509296465
2022-06-27 09:15:00,106257.71252152625
2022-06-27 09:30:00,106312.83965276858
2022-06-27 09:45:00,106080.97159772505
2022-06-27 10:00:00,106033.86295829975
2022-06-27 10:15:00,106180.53453778697
2022-06-27 10:30:00,106104.02476169911
2022-06-27 10:45:00,106006.46644459145
2022-06-27 11:00:00,106052.5727725396
2022-06-27 11:15:00,106071.95079443083
2022-06-27 11:30:00,105872.49081048126
2022-06-27 11:45:00,105862.46769570993
2022-06-27 12:00:00,105859.46076127852
2022-06-27 12:15:00,105859.46076127852
2022-06-27 12:30:00,105859.46076127852
2022-06-27 12:45:00,105859.46076127852
2022-06-27 13:00:00,105859.46076127852
2022-06-27 13:15:00,105859.46076127852
2022-06-27 13:30:00,105859.46076127852
2022-06-27 13:45:00,105859.46076127852
2022-06-27 14:00:00,105859.46076127852
2022-06-27 14:15:00,105859.46076127852
2022-06-27 14:30:00,105859.46076127852
2022-06-27 14:45:00,105859.46076127852
2022-06-27 15:00:00,105859.46076127852
2022-06-27 15:15:00,105859.46076127852
2022-06-28 09:15:00,105859.46076127852
2022-06-28 09:30:00,105859.46076127852
2022-06-28 09:45:00,105859.46076127852
2022-06-28 10:00:00,105859.46076127852
2022-06-28 10:15:00,105859.46076127852
2022-06-28 10:30:00,105859.46076127852
2022-06-28 10:45:00,105859.46076127852
2022-06-28 11:00:00,105859.46076127852
2022-06-28 11:15:00,105859.46076127852
2022-06-28 11:30:00,105859.46076127852
2022-06-28 11:45:00,105859.46076127852
2022-06-28 12:00:00,105823.6219548079
2022-06-28 12:15:00,105696.00900840318
2022-06-28 12:30:00,106029.61135648478
2022-06-28 12:45:00,105872.18856170731
2022-06-28 13:00:00,105587.48776264169
2022-06-28 13:15:00,105765.007084412
2022-06-28 13:30:00,105838.69435005251
2022-06-28 13:45:00,105830.99068137191
2022-06-28 14:00:00,105799.50612241642
2022-06-28 14:15:00,105954.58432237804
2022-06-28 14:30:00,106087.55634264751
2022-06-28 14:45:00,105994.44243424722
2022-06-28 15:00:00,106127.07951240015
2022-06-28 15:15:00,106397.71274257074
2022-06-29 09:15:00,105288.38445256447
2022-06-29 09:30:00,105452.84103178943
2022-06-29 09:45:00,105564.0418144833
2022-06-29 10:00:00,105537.24644515947
2022-06-29 10:15:00,105625.00127969499
2022-06-29 10:30:00,105604.90475270212
2022-06-29 10:45:00,105500.4028123392
2022-06-29 11:00:00,105497.72327540682
2022-06-29 11:15:00,105497.72327540682
2022-06-29 11:30:00,105497.72327540682
2022-06-29 11:45:00,105497.72327540682
2022-06-29 12:00:00,105497.72327540682
2022-06-29 12:15:00,105351.579589825
2022-06-29 12:30:00,105401.62879721605
2022-06-29 12:45:00,105591.81578530198
2022-06-29 13:00:00,105635.52542642348
2022-06-29 13:15:00,105581.13862105856
2022-06-29 13:30:00,105686.24195657972
2022-06-29 13:45:00,105657.54707767552
2022-06-29 14:00:00,105773.66123882272
2022-06-29 14:15:00,105810.69765229209
2022-06-29 14:30:00,105616.50672761489
2022-06-29 14:45:00,105704.25967124049
2022-06-29 15:00:00,105368.59632033798
2022-06-29 15:15:00,105325.8876633643
2022-06-30 09:15:00,105790.34430795307
2022-06-30 09:30:00,105968.85314764774
2022-06-30 09:45:00,105927.14547482188
2022-06-30 10:00:00,105677.90042201454
2022-06-30 10:15:00,105523.74886325016
2022-06-30 10:30:00,105638.52837886695
2022-06-30 10:45:00,105470.36304203307
2022-06-30 11:00:00,105271.83451938198
2022-06-30 11:15:00,105269.16522832113
2022-06-30 11:30:00,105269.16522832113
2022-06-30 11:45:00,105269.16522832113
2022-06-30 12:00:00,105269.16522832113
2022-06-30 12:15:00,105269.16522832113
2022-06-30 12:30:00,105269.16522832113
2022-06-30 12:45:00,105269.16522832113
2022-06-30 13:00:00,105269.16522832113
2022-06-30 13:15:00,105269.16522832113
2022-06-30 13:30:00,105269.16522832113
2022-06-30 13:45:00,105269.16522832113
2022-06-30 14:00:00,105269.16522832113
2022-06-30 14:15:00,105224.3207891526
2022-06-30 14:30:00,104984.15390382783
2022-06-30 14:45:00,105157.22022091525
2022-06-30 15:00:00,104825.70355209903
2022-06-30 15:15:00,104543.34967585276
2022-07-01 09:15:00,104233.7569550745
2022-07-01 09:30:00,104236.74658435241
2022-07-01 09:45:00,104236.74658435241
2022-07-01 10:00:00,104236.74658435241
2022-07-01 10:15:00,104236.74658435241
2022-07-01 10:30:00,104236.74658435241
2022-07-01 10:45:00,104236.74658435241
2022-07-01 11:00:00,104236.74658435241
2022-07-01 11:15:00,104236.74658435241
2022-07-01 11:30:00,104236.74658435241
2022-07-01 11:45:00,104236.74658435241
2022-07-01 12:00:00,104236.74658435241
2022-07-01 12:15:00,104236.74658435241
2022-07-01 12:30:00,104236.74658435241
2022-07-01 12:45:00,104236.74658435241
2022-07-01 13:00:00,104236.74658435241
2022-07-01 13:15:00,104155.99391139885
2022-07-01 13:30:00,104282.27381149084
2022-07-01 13:45:00,104123.09467426961
2022-07-01 14:00:00,104004.79034681502
2022-07-01 14:15:00,104004.45803128846
2022-07-01 14:30:00,104397.25498367986
2022-07-01 14:45:00,104371.66668813492
2022-07-01 15:00:00,104661.77814281994
2022-07-01 15:15:00,104772.43921316371
2022-07-04 09:15:00,104624.89111937201
2022-07-04 09:30:00,104456.40714740718
2022-07-04 09:45:00,104291.24633070793
2022-07-04 10:00:00,104168.28958588153
2022-07-04 10:15:00,104287.25854438925
2022-07-04 10:30:00,104366.68195523659
2022-07-04 10:45:00,104564.07737801195
2022-07-04 11:00:00,104573.38221275556
2022-07-04 11:15:00,104647.1562596514
2022-07-04 11:30:00,104768.11911131848
2022-07-04 11:45:00,104758.4819610483
2022-07-04 12:00:00,104766.4575336857
2022-07-04 12:15:00,104813.31402293034
2022-07-04 12:30:00,104783.40562554012
2022-07-04 12:45:00,104893.40206483078
2022-07-04 13:00:00,104859.17356559531
2022-07-04 13:15:00,104790.05193607128
2022-07-04 13:30:00,104745.18933998597
2022-07-04 13:45:00,104681.0524433603
2022-07-04 14:00:00,104843.88705137365
2022-07-04 14:15:00,104875.12471087009
2022-07-04 14:30:00,104938.9292919692
2022-07-04 14:45:00,105145.96186501476
2022-07-04 15:00:00,105284.86975511596
2022-07-04 15:15:00,105205.44634426861
2022-07-05 09:15:00,105821.89164603346
2022-07-05 09:30:00,106064.81429594726
2022-07-05 09:45:00,106124.96340625423
2022-07-05 10:00:00,106146.56391548048
2022-07-05 10:15:00,106217.01480711074
2022-07-05 10:30:00,106315.04788744531
2022-07-05 10:45:00,106350.60564878701
2022-07-05 11:00:00,106239.94457844323
2022-07-05 11:15:00,106418.06570067826
2022-07-05 11:30:00,106467.58071413537
2022-07-05 11:45:00,106420.72422489071
2022-07-05 12:00:00,106443.32168069665
2022-07-05 12:15:00,106476.55323335243
2022-07-05 12:30:00,106289.79190742692
2022-07-05 12:45:00,106205.71607920778
2022-07-05 13:00:00,106173.48147313166
2022-07-05 13:15:00,106148.89012416638
2022-07-05 13:30:00,105973.09521061728
2022-07-05 13:45:00,105967.11353113924
2022-07-05 14:00:00,105967.11353113924
2022-07-05 14:15:00,105967.11353113924
2022-07-05 14:30:00,105967.11353113924
2022-07-05 14:45:00,105967.11353113924
2022-07-05 15:00:00,105967.11353113924
2022-07-05 15:15:00,105967.11353113924
2022-07-06 09:15:00,105967.11353113924
2022-07-06 09:30:00,105967.11353113924
2022-07-06 09:45:00,105967.11353113924
2022-07-06 10:00:00,105967.11353113924
2022-07-06 10:15:00,105967.11353113924
2022-07-06 10:30:00,105967.11353113924
2022-07-06 10:45:00,105967.11353113924
2022-07-06 11:00:00,105798.67345987096
2022-07-06 11:15:00,105807.99425432849
2022-07-06 11:30:00,105656.53134439359
2022-07-06 11:45:00,105709.12725597539
2022-07-06 12:00:00,105745.74466277285
2022-07-06 12:15:00,105876.2357851783
2022-07-06 12:30:00,106009.05710619815
2022-07-06 12:45:00,106349.59898941443
2022-07-06 13:00:00,106523.36522894415
2022-07-06 13:15:00,106369.57212039486
2022-07-06 13:30:00,106410.51703890474
2022-07-06 13:45:00,106274.36686272151
2022-07-06 14:00:00,105981.42760834191
2022-07-06 14:15:00,106174.83409333571
2022-07-06 14:30:00,105984.75646350531
2022-07-06 14:45:00,106372.23520452558
2022-07-06 15:00:00,106485.08339456501
2022-07-06 15:15:00,106575.62825500962
2022-07-07 09:15:00,107045.66260408235
2022-07-07 09:30:00,107089.27060672293
2022-07-07 09:45:00,106992.7338069842
2022-07-07 10:00:00,107131.54706729816
2022-07-07 10:15:00,107186.140291978
2022-07-07 10:30:00,107359.24076047502
2022-07-07 10:45:00,107243.39660078855
2022-07-07 11:00:00,107146.85980104982
2022-07-07 11:15:00,107148.52422863152
2022-07-07 11:30:00,107218.76307257936
2022-07-07 11:45:00,107299.98713856642
2022-07-07 12:00:00,107167.16581754659
2022-07-07 12:15:00,107185.80740646165
2022-07-07 12:30:00,107132.54572384719
2022-07-07 12:45:00,107209.10939260547
2022-07-07 13:00:00,107250.05431111535
2022-07-07 13:15:00,107332.94280468412
2022-07-07 13:30:00,107401.85010656659
2022-07-07 13:45:00,107241.06640217414
2022-07-07 14:00:00,106923.49361958537
2022-07-07 14:15:00,107173.1577568407
2022-07-07 14:30:00,107308.9750475076
2022-07-07 14:45:00,107375.21926525937
2022-07-07 15:00:00,107371.5575245796
2022-07-07 15:15:00,107434.47288716795
2022-07-08 09:15:00,107775.34765590058
2022-07-08 09:30:00,108027.67487728664
2022-07-08 09:45:00,107872.88311218833
2022-07-08 10:00:00,107831.27242264578
2022-07-08 10:15:00,107860.56634808374
2022-07-08 10:30:00,107922.48305412306
2022-07-08 10:45:00,107951.11120852834
2022-07-08 11:00:00,107879.87370803147
2022-07-08 11:15:00,107767.3584035084
2022-07-08 11:30:00,107860.56634808372
2022-07-08 11:45:00,107710.10209469784
2022-07-08 12:00:00,107723.75040086778
2022-07-08 12:15:00,107842.59053020133
2022-07-08 12:30:00,107849.58112604449
2022-07-08 12:45:00,107820.95297163921
2022-07-08 13:00:00,107828.2764529987
2022-07-08 13:15:00,107867.22405841055
2022-07-08 13:30:00,107966.09105676367
2022-07-08 13:45:00,107786.33287793983
2022-07-08 14:00:00,107783.33690829275
2022-07-08 14:15:00,107629.54379974346
2022-07-08 14:30:00,107681.80682580892
2022-07-08 14:45:00,107778.01074003131
2022-07-08 15:00:00,108054.97148962655
2022-07-08 15:15:00,107971.41722502511
2022-07-11 09:15:00,107455.44467469741
2022-07-11 09:30:00,107555.31032959954
2022-07-11 09:45:00,107486.40302771705
2022-07-11 10:00:00,107638.53170868463
2022-07-11 10:15:00,107623.21897493297
2022-07-11 10:30:00,107535.33719861909
2022-07-11 10:45:00,107537.0016262008
2022-07-11 11:00:00,107537.0016262008
2022-07-11 11:15:00,107537.0016262008
2022-07-11 11:30:00,107537.0016262008
2022-07-11 11:45:00,107537.0016262008
2022-07-11 12:00:00,107537.0016262008
2022-07-11 12:15:00,107537.0016262008
2022-07-11 12:30:00,107537.0016262008
2022-07-11 12:45:00,107537.0016262008
2022-07-11 13:00:00,107537.0016262008
2022-07-11 13:15:00,107537.0016262008
2022-07-11 13:30:00,107537.0016262008
2022-07-11 13:45:00,107520.72977652756
2022-07-11 14:00:00,107670.4972092343
2022-07-11 14:15:00,107824.91374184765
2022-07-11 14:30:00,107846.8309271218
2022-07-11 14:45:00,107772.77740718034
2022-07-11 15:00:00,107713.33534408832
2022-07-11 15:15:00,107587.14548947956
2022-07-12 09:15:00,107198.28149014572
2022-07-12 09:30:00,107198.94564727524
2022-07-12 09:45:00,107198.94564727524
2022-07-12 10:00:00,107198.94564727524
2022-07-12 10:15:00,107198.94564727524
2022-07-12 10:30:00,107198.94564727524
2022-07-12 10:45:00,107198.94564727524
2022-07-12 11:00:00,107198.94564727524
2022-07-12 11:15:00,107198.94564727524
2022-07-12 11:30:00,107198.94564727524
2022-07-12 11:45:00,107198.94564727524
2022-07-12 12:00:00,107198.94564727524
2022-07-12 12:15:00,107198.94564727524
2022-07-12 12:30:00,107198.94564727524
2022-07-12 12:45:00,107198.94564727524
2022-07-12 13:00:00,107198.94564727524
2022-07-12 13:15:00,107198.94564727524
2022-07-12 13:30:00,107198.94564727524
2022-07-12 13:45:00,107198.94564727524
2022-07-12 14:00:00,107198.94564727524
2022-07-12 14:15:00,107198.94564727524
2022-07-12 14:30:00,107198.94564727524
2022-07-12 14:45:00,107198.94564727524
2022-07-12 15:00:00,107198.94564727524
2022-07-12 15:15:00,107198.94564727524
2022-07-13 09:15:00,107198.94564727524
2022-07-13 09:30:00,107198.94564727524
2022-07-13 09:45:00,107198.94564727524
2022-07-13 10:00:00,107198.94564727524
2022-07-13 10:15:00,107198.94564727524
2022-07-13 10:30:00,107198.94564727524
2022-07-13 10:45:00,107198.94564727524
2022-07-13 11:00:00,107198.94564727524
2022-07-13 11:15:00,107198.94564727524
2022-07-13 11:30:00,107198.94564727524
2022-07-13 11:45:00,107198.94564727524
2022-07-13 12:00:00,107198.94564727524
2022-07-13 12:15:00,107198.94564727524
2022-07-13 12:30:00,107198.94564727524
2022-07-13 12:45:00,107198.94564727524
2022-07-13 13:00:00,107198.94564727524
2022-07-13 13:15:00,107198.94564727524
2022-07-13 13:30:00,107198.94564727524
2022-07-13 13:45:00,107198.94564727524
2022-07-13 14:00:00,107198.94564727524
2022-07-13 14:15:00,107198.94564727524
2022-07-13 14:30:00,107198.94564727524
2022-07-13 14:45:00,107198.94564727524
2022-07-13 15:00:00,107198.94564727524
2022-07-13 15:15:00,107198.94564727524
2022-07-14 09:15:00,107198.94564727524
2022-07-14 09:30:00,107198.94564727524
2022-07-14 09:45:00,107198.94564727524
2022-07-14 10:00:00,107081.51195500443
2022-07-14 10:15:00,106906.69589037402
2022-07-14 10:30:00,106925.04490479134
2022-07-14 10:45:00,106986.43069847836
2022-07-14 11:00:00,106795.6009485383
2022-07-14 11:15:00,106637.46580610545
2022-07-14 11:30:00,106586.75580262487
2022-07-14 11:45:00,106518.36402161488
2022-07-14 12:00:00,106468.9884919101
2022-07-14 12:15:00,106461.98250458713
2022-07-14 12:30:00,106392.25624980134
2022-07-14 12:45:00,106389.92092069368
2022-07-14 13:00:00,106389.92092069368
2022-07-14 13:15:00,106389.92092069368
2022-07-14 13:30:00,106389.92092069368
2022-07-14 13:45:00,106389.92092069368
2022-07-14 14:00:00,106389.92092069368
2022-07-14 14:15:00,106389.92092069368
2022-07-14 14:30:00,106389.92092069368
2022-07-14 14:45:00,106389.92092069368
2022-07-14 15:00:00,106389.92092069368
2022-07-14 15:15:00,106389.92092069368
2022-07-15 09:15:00,106389.92092069368
2022-07-15 09:30:00,106351.98667453385
2022-07-15 09:45:00,106329.35922945605
2022-07-15 10:00:00,106415.21041813357
2022-07-15 10:15:00,106311.39037601194
2022-07-15 10:30:00,106364.96417979906
2022-07-15 10:45:00,106326.36442054872
2022-07-15 11:00:00,106125.37946721067
2022-07-15 11:15:00,106209.56687316186
2022-07-15 11:30:00,106251.16144131956
2022-07-15 11:45:00,106314.05242837401
2022-07-15 12:00:00,106145.01210338109
2022-07-15 12:15:00,106130.37081538957
2022-07-15 12:30:00,106123.05017139381
2022-07-15 12:45:00,106266.46824240159
2022-07-15 13:00:00,106345.66430017387
2022-07-15 13:15:00,106308.39556710456
2022-07-15 13:30:00,106157.65685210103
2022-07-15 13:45:00,106303.0714623804
2022-07-15 14:00:00,106430.5172192156
2022-07-15 14:15:00,106494.07371936057
2022-07-15 14:30:00,106600.88857038958
2022-07-15 14:45:00,106593.90068293909
2022-07-15 15:00:00,106836.48020443485
2022-07-15 15:15:00,106833.81815207275
2022-07-18 09:15:00,107629.43905179338
2022-07-18 09:30:00,107610.1391721682
2022-07-18 09:45:00,107639.7545046965
2022-07-18 10:00:00,107711.96267501827
2022-07-18 10:15:00,107716.28851010666
2022-07-18 10:30:00,107722.61088446662
2022-07-18 10:45:00,107894.97877491216
2022-07-18 11:00:00,107884.3305654638
2022-07-18 11:15:00,107891.31845291429
2022-07-18 11:30:00,107848.7256151208
2022-07-18 11:45:00,107827.76195276932
2022-07-18 12:00:00,107920.93378544258
2022-07-18 12:15:00,107945.55776979192
2022-07-18 12:30:00,107943.56123052035
2022-07-18 12:45:00,107987.15233794962
2022-07-18 13:00:00,107939.23539543194
2022-07-18 13:15:00,107846.72907584919
2022-07-18 13:30:00,107923.26308125937
2022-07-18 13:45:00,108045.05197682514
2022-07-18 14:00:00,108029.41241919783
2022-07-18 14:15:00,108062.02256063347
2022-07-18 14:30:00,108118.59117332795
2022-07-18 14:45:00,108181.14940383715
2022-07-18 15:00:00,108285.96771559457
2022-07-18 15:15:00,108354.84832046373
2022-07-19 09:15:00,108197.12171800972
2022-07-19 09:30:00,108242.70936471055
2022-07-19 09:45:00,108324.23471829966
2022-07-19 10:00:00,108444.69258768439
2022-07-19 10:15:00,108372.81717390788
2022-07-19 10:30:00,108503.92325274098
2022-07-19 10:45:00,108572.47110106488
2022-07-19 11:00:00,108633.03279230249
2022-07-19 11:15:00,108403.09801952667
2022-07-19 11:30:00,108268.99713178622
2022-07-19 11:45:00,108356.51210319005
2022-07-19 12:00:00,108509.5801140104
2022-07-19 12:15:00,108519.56281036825
2022-07-19 12:30:00,108577.79520578905
2022-07-19 12:45:00,108566.1487267049
2022-07-19 13:00:00,108293.28835959033
2022-07-19 13:15:00,108349.8569722848
2022-07-19 13:30:00,108457.33733640432
2022-07-19 13:45:00,108496.26985219994
2022-07-19 14:00:00,108467.32003276217
2022-07-19 14:15:00,108624.71387867095
2022-07-19 14:30:00,108711.23058043898
2022-07-19 14:45:00,108763.14060149978
2022-07-19 15:00:00,108815.0506225606
2022-07-19 15:15:00,108673.6290908244
2022-07-20 09:15:00,109999.33116714687
2022-07-20 09:30:00,110067.87901547077
2022-07-20 09:45:00,109964.39172989439
2022-07-20 10:00:00,110092.17024327486
2022-07-20 10:15:00,110076.53068564754
2022-07-20 10:30:00,110136.42686379462
2022-07-20 10:45:00,110181.34899740494
2022-07-20 11:00:00,110230.59696610368
2022-07-20 11:15:00,110214.95740847639
2022-07-20 11:30:00,110208.6350341164
2022-07-20 11:45:00,110156.72501305559
2022-07-20 12:00:00,110191.99720685332
2022-07-20 12:15:00,110287.16557879814
2022-07-20 12:30:00,110342.73592185683
2022-07-20 12:45:00,110349.0582962168
2022-07-20 13:00:00,110011.97591586676
2022-07-20 13:15:00,110150.73539524086
2022-07-20 13:30:00,110182.01451049544
2022-07-20 13:45:00,110203.9764424827
2022-07-20 14:00:00,110122.78384543885
2022-07-20 14:15:00,109993.67430587734
2022-07-20 14:30:00,109941.098771726
2022-07-20 14:45:00,109971.71237389007
2022-07-20 15:00:00,109917.47305701244
2022-07-20 15:15:00,109781.70838654567
2022-07-21 09:15:00,109966.38826916588
2022-07-21 09:30:00,109966.38826916588
2022-07-21 09:45:00,109966.38826916588
2022-07-21 10:00:00,109966.38826916588
2022-07-21 10:15:00,109966.38826916588
2022-07-21 10:30:00,109966.38826916588
2022-07-21 10:45:00,109966.38826916588
2022-07-21 11:00:00,109996.59407350917
2022-07-21 11:15:00,110070.28295883014
2022-07-21 11:30:00,110081.23671205355
2022-07-21 11:45:00,110019.49737570353
2022-07-21 12:00:00,110022.48476294627
2022-07-21 12:15:00,109978.66975005274
2022-07-21 12:30:00,110039.41329065515
2022-07-21 12:45:00,109984.31259262236
2022-07-21 13:00:00,109821.00209001913
2022-07-21 13:15:00,109796.10719632961
2022-07-21 13:30:00,109792.45594525516
2022-07-21 13:45:00,109737.02331530649
2022-07-21 14:00:00,109735.69558764304
2022-07-21 14:15:00,109735.69558764304
2022-07-21 14:30:00,109735.69558764304
2022-07-21 14:45:00,109735.69558764304
2022-07-21 15:00:00,109735.69558764304
2022-07-21 15:15:00,109728.42871678436
2022-07-22 09:15:00,110334.88212117217
2022-07-22 09:30:00,110046.18916069562
2022-07-22 09:45:00,109879.3814432578
2022-07-22 10:00:00,109855.26864449945
2022-07-22 10:15:00,109950.72890259755
2022-07-22 10:30:00,109811.99773165915
2022-07-22 10:45:00,109880.04206788131
2022-07-22 11:00:00,109916.37642217471
2022-07-22 11:15:00,109935.53453625669
2022-07-22 11:30:00,110019.43386344324
2022-07-22 11:45:00,110129.09755094693
2022-07-22 12:00:00,110195.4903256103
2022-07-22 12:15:00,110259.57091409138
2022-07-22 12:30:00,110279.05934048511
2022-07-22 12:45:00,110283.0230882262
2022-07-22 13:00:00,110194.82970098681
2022-07-22 13:15:00,110114.23349691783
2022-07-22 13:30:00,110328.60618724884
2022-07-22 13:45:00,110363.94960460694
2022-07-22 14:00:00,110507.96577253345
2022-07-22 14:15:00,110600.12290751397
2022-07-22 14:30:00,110442.56393480538
2022-07-22 14:45:00,110471.63141824008
2022-07-22 15:00:00,110516.22358032742
2022-07-22 15:15:00,110418.78144835879
2022-07-25 09:15:00,110175.01096228135
2022-07-25 09:30:00,109937.18609781555
2022-07-25 09:45:00,109938.50734706256
2022-07-25 10:00:00,109938.50734706256
2022-07-25 10:15:00,109938.50734706256
2022-07-25 10:30:00,109938.50734706256
2022-07-25 10:45:00,109938.50734706256
2022-07-25 11:00:00,109938.50734706256
2022-07-25 11:15:00,109938.50734706256
2022-07-25 11:30:00,109938.50734706256
2022-07-25 11:45:00,109938.50734706256
2022-07-25 12:00:00,109938.50734706256
2022-07-25 12:15:00,109938.50734706256
2022-07-25 12:30:00,109938.50734706256
2022-07-25 12:45:00,109938.50734706256
2022-07-25 13:00:00,109938.50734706256
2022-07-25 13:15:00,109938.50734706256
2022-07-25 13:30:00,109938.50734706256
2022-07-25 13:45:00,109938.50734706256
2022-07-25 14:00:00,109938.50734706256
2022-07-25 14:15:00,109938.50734706256
2022-07-25 14:30:00,109902.58533064483
2022-07-25 14:45:00,109842.60545002068
2022-07-25 15:00:00,109628.72115043242
2022-07-25 15:15:00,109480.0896880067
2022-07-26 09:15:00,109135.04059452613
2022-07-26 09:30:00,109124.82424123301
2022-07-26 09:45:00,109124.82424123301
2022-07-26 10:00:00,109124.82424123301
2022-07-26 10:15:00,109124.82424123301
2022-07-26 10:30:00,109124.82424123301
2022-07-26 10:45:00,109124.82424123301
2022-07-26 11:00:00,109124.82424123301
2022-07-26 11:15:00,109124.82424123301
2022-07-26 11:30:00,109124.82424123301
2022-07-26 11:45:00,109124.82424123301
2022-07-26 12:00:00,109124.82424123301
2022-07-26 12:15:00,109124.82424123301
2022-07-26 12:30:00,109124.82424123301
2022-07-26 12:45:00,109124.82424123301
2022-07-26 13:00:00,109124.82424123301
2022-07-26 13:15:00,109124.82424123301
2022-07-26 13:30:00,108949.9484096463
2022-07-26 13:45:00,108748.06727073355
2022-07-26 14:00:00,108936.4457559833
2022-07-26 14:15:00,108795.16189204599
2022-07-26 14:30:00,108599.20874742432
2022-07-26 14:45:00,108649.59669889847
2022-07-26 15:00:00,108565.94611279106
2022-07-26 15:15:00,108573.85010517918
2022-07-27 09:15:00,108573.85010517918
2022-07-27 09:30:00,108573.85010517918
2022-07-27 09:45:00,108573.85010517918
2022-07-27 10:00:00,108573.85010517918
2022-07-27 10:15:00,108573.85010517918
2022-07-27 10:30:00,108573.85010517918
2022-07-27 10:45:00,108573.85010517918
2022-07-27 11:00:00,108535.79879044606
2022-07-27 11:15:00,108532.84653326849
2022-07-27 11:30:00,108679.14727784583
2022-07-27 11:45:00,108678.81924927054
2022-07-27 12:00:00,108698.82899236295
2022-07-27 12:15:00,108542.03133337645
2022-07-27 12:30:00,108619.11804856853
2022-07-27 12:45:00,108878.58865161939
2022-07-27 13:00:00,108865.46750860797
2022-07-27 13:15:00,108887.1173945768
2022-07-27 13:30:00,108904.83093764221
2022-07-27 13:45:00,108819.87153664326
2022-07-27 14:00:00,108787.39670768999
2022-07-27 14:15:00,108899.91050901292
2022-07-27 14:30:00,108917.95208065363
2022-07-27 14:45:00,109016.03262466397
2022-07-27 15:00:00,109193.82411246873
2022-07-27 15:15:00,109185.95142666188
2022-07-28 09:15:00,110093.27846590162
2022-07-28 09:30:00,109948.28983562543
2022-07-28 09:45:00,110162.82052386217
2022-07-28 10:00:00,110348.48469747377
2022-07-28 10:15:00,110516.76335659523
2022-07-28 10:30:00,110482.32035619025
2022-07-28 10:45:00,110551.86241415079
2022-07-28 11:00:00,110723.42135902512
2022-07-28 11:15:00,110655.84747251631
2022-07-28 11:30:00,110788.04298835638
2022-07-28 11:45:00,110695.21090155057
2022-07-28 12:00:00,110827.07838881538
2022-07-28 12:15:00,110870.70618932835
2022-07-28 12:30:00,110907.77341833562
2022-07-28 12:45:00,110877.59478940934
2022-07-28 13:00:00,110962.22616183302
2022-07-28 13:15:00,110986.17224782889
2022-07-28 13:30:00,110952.05727599919
2022-07-28 13:45:00,111057.35444866582
2022-07-28 14:00:00,111008.80621952355
2022-07-28 14:15:00,111015.69481960457
2022-07-28 14:30:00,110763.11281663472
2022-07-28 14:45:00,110737.85461633772
2022-07-28 15:00:00,111111.80719216322
2022-07-28 15:15:00,111018.31904820685
2022-07-29 09:15:00,112192.66134772901
2022-07-29 09:30:00,112319.60840636452
2022-07-29 09:45:00,112428.18586478404
2022-07-29 10:00:00,112246.78606265114
2022-07-29 10:15:00,111899.40380142376
2022-07-29 10:30:00,111759.00757120157
2022-07-29 10:45:00,111953.52851634586
2022-07-29 11:00:00,112177.5720332659
2022-07-29 11:15:00,112129.67986127421
2022-07-29 11:30:00,112142.80100428563
2022-07-29 11:45:00,112193.97346203016
2022-07-29 12:00:00,112195.61360490658
2022-07-29 12:15:00,112215.29531942372
2022-07-29 12:30:00,112196.92571920773
2022-07-29 12:45:00,112283.8532916584
2022-07-29 13:00:00,112226.44829098343
2022-07-29 13:15:00,112262.85946284012
2022-07-29 13:30:00,112137.55254708107
2022-07-29 13:45:00,112205.45446216516
2022-07-29 14:00:00,112048.98483175397
2022-07-29 14:15:00,112154.61003299592
2022-07-29 14:30:00,112165.43497598034
2022-07-29 14:45:00,112263.51551999069
2022-07-29 15:00:00,112578.09492368951
2022-07-29 15:15:00,112565.95786640396
2022-08-01 09:15:00,112991.08289997399
2022-08-01 09:30:00,113038.97507196567
2022-08-01 09:45:00,113185.9318736936
2022-08-01 10:00:00,113320.42358956067
2022-08-01 10:15:00,113258.75421740698
2022-08-01 10:30:00,113392.91790469876
2022-08-01 10:45:00,113305.99033224808
2022-08-01 11:00:00,113274.82761759596
2022-08-01 11:15:00,113210.53401684
2022-08-01 11:30:00,113276.4677604724
2022-08-01 11:45:00,113281.06016052641
2022-08-01 12:00:00,113246.61716012143
2022-08-01 12:15:00,113385.37324746719
2022-08-01 12:30:00,113425.39273365204
2022-08-01 12:45:00,113465.74024841214
2022-08-01 13:00:00,113409.9753906136
2022-08-01 13:15:00,113460.49179120758
2022-08-01 13:30:00,113477.87730569772
2022-08-01 13:45:00,113552.6678208628
2022-08-01 14:00:00,113561.52459239551
2022-08-01 14:15:00,113563.82079242251
2022-08-01 14:30:00,113651.40442202376
2022-08-01 14:45:00,113681.25502237472
2022-08-01 15:00:00,113726.85099433942
2022-08-01 15:15:00,113709.79350842455
2022-08-02 09:15:00,113643.20370764162
2022-08-02 09:30:00,113543.48302075481
2022-08-02 09:45:00,113108.51712992621
2022-08-02 10:00:00,113014.37292881926
2022-08-02 10:15:00,113010.10855734056
2022-08-02 10:30:00,113010.10855734056
2022-08-02 10:45:00,113010.10855734056
2022-08-02 11:00:00,113010.10855734056
2022-08-02 11:15:00,113010.10855734056
2022-08-02 11:30:00,113010.10855734056
2022-08-02 11:45:00,113010.10855734056
2022-08-02 12:00:00,113010.10855734056
2022-08-02 12:15:00,113010.10855734056
2022-08-02 12:30:00,113010.10855734056
2022-08-02 12:45:00,113010.10855734056
2022-08-02 13:00:00,113010.10855734056
2022-08-02 13:15:00,113010.10855734056
2022-08-02 13:30:00,113010.10855734056
2022-08-02 13:45:00,113010.10855734056
2022-08-02 14:00:00,113058.40640419106
2022-08-02 14:15:00,113220.59579530395
2022-08-02 14:30:00,113457.84265111692
2022-08-02 14:45:00,113390.9436064929
2022-08-02 15:00:00,113335.46634997542
2022-08-02 15:15:00,112878.92116251684
2022-08-03 09:15:00,113288.47385033709
2022-08-03 09:30:00,112738.92267401099
2022-08-03 09:45:00,113026.7517342958
2022-08-03 10:00:00,112916.44989486692
2022-08-03 10:15:00,112644.9376747343
2022-08-03 10:30:00,112648.20104276475
2022-08-03 10:45:00,112648.20104276475
2022-08-03 11:00:00,112648.20104276475
2022-08-03 11:15:00,112648.20104276475
2022-08-03 11:30:00,112648.20104276475
2022-08-03 11:45:00,112648.20104276475
2022-08-03 12:00:00,112648.20104276475
2022-08-03 12:15:00,112648.20104276475
2022-08-03 12:30:00,112648.20104276475
2022-08-03 12:45:00,112648.20104276475
2022-08-03 13:00:00,112648.20104276475
2022-08-03 13:15:00,112648.20104276475
2022-08-03 13:30:00,112648.20104276475
2022-08-03 13:45:00,112648.20104276475
2022-08-03 14:00:00,112648.20104276475
2022-08-03 14:15:00,112648.20104276475
2022-08-03 14:30:00,112648.20104276475
2022-08-03 14:45:00,112648.52595263375
2022-08-03 15:00:00,113076.10734024252
2022-08-03 15:15:00,113022.49721185693
2022-08-04 09:15:00,113460.80062514277
2022-08-04 09:30:00,113484.84395544905
2022-08-04 09:45:00,113490.36742322211
2022-08-04 10:00:00,113291.52258339188
2022-08-04 10:15:00,113208.02074705796
2022-08-04 10:30:00,113173.58030094359
2022-08-04 10:45:00,113243.43592277938
2022-08-04 11:00:00,113050.76437046022
2022-08-04 11:15:00,113043.94126321115
2022-08-04 11:30:00,113043.94126321115
2022-08-04 11:45:00,113043.94126321115
2022-08-04 12:00:00,113043.94126321115
2022-08-04 12:15:00,113043.94126321115
2022-08-04 12:30:00,113043.94126321115
2022-08-04 12:45:00,113043.94126321115
2022-08-04 13:00:00,113043.94126321115
2022-08-04 13:15:00,113043.94126321115
2022-08-04 13:30:00,113043.94126321115
2022-08-04 13:45:00,113043.94126321115
2022-08-04 14:00:00,113043.94126321115
2022-08-04 14:15:00,113043.94126321115
2022-08-04 14:30:00,113043.94126321115
2022-08-04 14:45:00,113043.94126321115
2022-08-04 15:00:00,113043.94126321115
2022-08-04 15:15:00,112957.74625411951
2022-08-05 09:15:00,113492.48057467288
2022-08-05 09:30:00,113308.05578163531
2022-08-05 09:45:00,113508.41851975022
2022-08-05 10:00:00,113400.43081024673
2022-08-05 10:15:00,113494.4321597844
2022-08-05 10:30:00,113413.76664184203
2022-08-05 10:45:00,113483.0479133006
2022-08-05 11:00:00,113627.46521155223
2022-08-05 11:15:00,113529.56069179156
2022-08-05 11:30:00,113468.41102496428
2022-08-05 11:45:00,113378.96337402014
2022-08-05 12:00:00,113524.35646482752
2022-08-05 12:15:00,113525.00699319803
2022-08-05 12:30:00,113405.3097730255
2022-08-05 12:45:00,113277.15568403642
2022-08-05 13:00:00,113245.93032225229
2022-08-05 13:15:00,113251.13454921631
2022-08-05 13:30:00,113357.49593779353
2022-08-05 13:45:00,113303.82734722704
2022-08-05 14:00:00,113064.75817106722
2022-08-05 14:15:00,112967.82944386228
2022-08-05 14:30:00,112955.46940482274
2022-08-05 14:45:00,112955.46940482274
2022-08-05 15:00:00,112955.46940482274
2022-08-05 15:15:00,112955.46940482274
2022-08-08 09:15:00,112955.46940482274
2022-08-08 09:30:00,112955.46940482274
2022-08-08 09:45:00,112955.46940482274
2022-08-08 10:00:00,112955.46940482274
2022-08-08 10:15:00,112955.46940482274
2022-08-08 10:30:00,113006.27459447994
2022-08-08 10:45:00,113017.60059217422
2022-08-08 11:00:00,112984.91699882786
2022-08-08 11:15:00,113073.58338077739
2022-08-08 11:30:00,113052.87298499355
2022-08-08 11:45:00,113077.14298005271
2022-08-08 12:00:00,113279.71653881333
2022-08-08 12:15:00,113367.08852102638
2022-08-08 12:30:00,113374.53131951121
2022-08-08 12:45:00,113377.76731885243
2022-08-08 13:00:00,113391.35851608557
2022-08-08 13:15:00,113448.3121044911
2022-08-08 13:30:00,113495.88129480711
2022-08-08 13:45:00,113493.93969520238
2022-08-08 14:00:00,113430.83770804852
2022-08-08 14:15:00,113411.7453119353
2022-08-08 14:30:00,113233.11814829973
2022-08-08 14:45:00,113384.88651740312
2022-08-08 15:00:00,113408.50931259405
2022-08-08 15:15:00,113440.22210613804
2022-08-10 09:15:00,113433.75010745559
2022-08-10 09:30:00,113310.45853255497
2022-08-10 09:45:00,112945.43780686495
2022-08-10 10:00:00,113279.06933894512
2022-08-10 10:15:00,113407.21491285758
2022-08-10 10:30:00,113406.56771298934
2022-08-10 10:45:00,113357.38052300272
2022-08-10 11:00:00,113319.51933071042
2022-08-10 11:15:00,113333.43412787767
2022-08-10 11:30:00,113328.25652893171
2022-08-10 11:45:00,113247.032945467
2022-08-10 12:00:00,113318.22493097393
2022-08-10 12:15:00,113357.70412293686
2022-08-10 12:30:00,113386.18091713965
2022-08-10 12:45:00,113336.02292735067
2022-08-10 13:00:00,113249.29814500587
2022-08-10 13:15:00,113214.99655198891
2022-08-10 13:30:00,113260.30054276604
2022-08-10 13:45:00,113253.82854408359
2022-08-10 14:00:00,113462.2269016584
2022-08-10 14:15:00,113469.99330007736
2022-08-10 14:30:00,113435.36810712624
2022-08-10 14:45:00,113431.80850785089
2022-08-10 15:00:00,113503.64769322606
2022-08-10 15:15:00,113413.68691154002
2022-08-11 09:15:00,114385.45751370952
2022-08-11 09:30:00,114500.9826901912
2022-08-11 09:45:00,114502.92428979592
2022-08-11 10:00:00,114380.9271146318
2022-08-11 10:15:00,114461.82709816241
2022-08-11 10:30:00,114470.56429638372
2022-08-11 10:45:00,114450.17750053402
2022-08-11 11:00:00,114431.0851044208
2022-08-11 11:15:00,114369.92471687167
2022-08-11 11:30:00,114287.40673367046
2022-08-11 11:45:00,114325.26792596278
2022-08-11 12:00:00,114294.84953215529
2022-08-11 12:15:00,114442.7347020492
2022-08-11 12:30:00,114417.81750712178
2022-08-11 12:45:00,114346.30192168073
2022-08-11 13:00:00,114371.54271654229
2022-08-11 13:15:00,114195.82795231383
2022-08-11 13:30:00,114288.05393353871
2022-08-11 13:45:00,114315.236328005
2022-08-11 14:00:00,114194.20995264323
2022-08-11 14:15:00,114192.2683530385
2022-08-11 14:30:00,114192.2683530385
2022-08-11 14:45:00,114192.2683530385
2022-08-11 15:00:00,114192.2683530385
2022-08-11 15:15:00,114192.2683530385
2022-08-12 09:15:00,114192.2683530385
2022-08-12 09:30:00,114192.2683530385
2022-08-12 09:45:00,114192.2683530385
2022-08-12 10:00:00,114192.2683530385
2022-08-12 10:15:00,114192.2683530385
2022-08-12 10:30:00,114192.2683530385
2022-08-12 10:45:00,114192.2683530385
2022-08-12 11:00:00,114192.2683530385
2022-08-12 11:15:00,114192.2683530385
2022-08-12 11:30:00,114159.03277935964
2022-08-12 11:45:00,114076.10518289874
2022-08-12 12:00:00,114130.31466229731
2022-08-12 12:15:00,114163.22756050357
2022-08-12 12:30:00,114198.39918701812
2022-08-12 12:45:00,114273.58257213637
2022-08-12 13:00:00,114234.21616447788
2022-08-12 13:15:00,114245.83248149187
2022-08-12 13:30:00,114327.1467005897
2022-08-12 13:45:00,114271.96919477334
2022-08-12 14:00:00,114286.48959104081
2022-08-12 14:15:00,114158.38742841447
2022-08-12 14:30:00,114067.07026966574
2022-08-12 14:45:00,114036.41609976775
2022-08-12 15:00:00,114038.35215260342
2022-08-12 15:15:00,114038.35215260342
2022-08-16 09:15:00,114038.35215260342
2022-08-16 09:30:00,114129.95591145245
2022-08-16 09:45:00,114149.49377610207
2022-08-16 10:00:00,114129.95591145245
2022-08-16 10:15:00,114194.01448407416
2022-08-16 10:30:00,114154.29816904869
2022-08-16 10:45:00,114216.11469162864
2022-08-16 11:00:00,114222.52054889081
2022-08-16 11:15:00,114061.73353161033
2022-08-16 11:30:00,114057.56972438993
2022-08-16 11:45:00,113961.8021583205
2022-08-16 12:00:00,114009.52579492368
2022-08-16 12:15:00,114062.37411733659
2022-08-16 12:30:00,114005.68228056637
2022-08-16 12:45:00,114010.48667351299
2022-08-16 13:00:00,113877.56513532296
2022-08-16 13:15:00,113873.72162096566
2022-08-16 13:30:00,113873.72162096566
2022-08-16 13:45:00,113873.72162096566
2022-08-16 14:00:00,113873.72162096566
2022-08-16 14:15:00,113873.72162096566
2022-08-16 14:30:00,113873.72162096566
2022-08-16 14:45:00,113873.72162096566
2022-08-16 15:00:00,113873.72162096566
2022-08-16 15:15:00,113873.72162096566
2022-08-17 09:15:00,113873.72162096566
2022-08-17 09:30:00,113943.13934226365
2022-08-17 09:45:00,113919.25709869782
2022-08-17 10:00:00,114059.0478310364
2022-08-17 10:15:00,114043.44476524007
2022-08-17 10:30:00,114070.511307948
2022-08-17 10:45:00,114109.35975748172
2022-08-17 11:00:00,114201.38600268868
2022-08-17 11:15:00,114223.35766676925
2022-08-17 11:30:00,114127.51026259175
2022-08-17 11:45:00,114157.76110444179
2022-08-17 12:00:00,114195.65426423289
2022-08-17 12:15:00,114233.8658539382
2022-08-17 12:30:00,114210.93890011503
2022-08-17 12:45:00,114251.37949921981
2022-08-17 13:00:00,114219.53650779871
2022-08-17 13:15:00,114223.03923685501
2022-08-17 13:30:00,114266.02727527349
2022-08-17 13:45:00,114189.28566594866
2022-08-17 14:00:00,114151.07407624334
2022-08-17 14:15:00,114238.00544282292
2022-08-17 14:30:00,114244.37404110715
2022-08-17 14:45:00,114315.7023418904
2022-08-17 15:00:00,114298.1886966088
2022-08-17 15:15:00,114195.01740440447
2022-08-18 09:15:00,113837.73904065981
2022-08-18 09:30:00,114132.28671130491
2022-08-18 09:45:00,114253.92693853349
2022-08-18 10:00:00,114255.20065819036
2022-08-18 10:15:00,113989.63010973844
2022-08-18 10:30:00,114081.01949511697
2022-08-18 10:45:00,114129.1024121628
2022-08-18 11:00:00,114022.74682081638
2022-08-18 11:15:00,114023.0652507306
2022-08-18 11:30:00,114023.0652507306
2022-08-18 11:45:00,114023.0652507306
2022-08-18 12:00:00,114023.0652507306
2022-08-18 12:15:00,114023.0652507306
2022-08-18 12:30:00,114023.0652507306
2022-08-18 12:45:00,114023.0652507306
2022-08-18 13:00:00,114023.0652507306
2022-08-18 13:15:00,114023.0652507306
2022-08-18 13:30:00,113928.51559447948
2022-08-18 13:45:00,113927.24219843569
2022-08-18 14:00:00,114065.72401819745
2022-08-18 14:15:00,114066.99741424122
2022-08-18 14:30:00,114214.39300630946
2022-08-18 14:45:00,114267.55729113753
2022-08-18 15:00:00,114333.77388541441
2022-08-18 15:15:00,114379.29779397979
2022-08-19 09:15:00,114370.70237068422
2022-08-19 09:30:00,114328.04360321739
2022-08-19 09:45:00,114303.21238036355
2022-08-19 10:00:00,114368.79227661852
2022-08-19 10:15:00,114339.50416761143
2022-08-19 10:30:00,114342.36930870997
2022-08-19 10:45:00,114121.753444124
2022-08-19 11:00:00,113837.78612635967
2022-08-19 11:15:00,113590.11059584323
2022-08-19 11:30:00,113596.15922705123
2022-08-19 11:45:00,113596.15922705123
2022-08-19 12:00:00,113596.15922705123
2022-08-19 12:15:00,113596.15922705123
2022-08-19 12:30:00,113596.15922705123
2022-08-19 12:45:00,113596.15922705123
2022-08-19 13:00:00,113596.15922705123
2022-08-19 13:15:00,113596.15922705123
2022-08-19 13:30:00,113596.15922705123
2022-08-19 13:45:00,113596.15922705123
2022-08-19 14:00:00,113596.15922705123
2022-08-19 14:15:00,113596.15922705123
2022-08-19 14:30:00,113596.15922705123
2022-08-19 14:45:00,113596.15922705123
2022-08-19 15:00:00,113596.15922705123
2022-08-19 15:15:00,113596.15922705123
2022-08-22 09:15:00,113596.15922705123
2022-08-22 09:30:00,113596.15922705123
2022-08-22 09:45:00,113596.15922705123
2022-08-22 10:00:00,113596.15922705123
2022-08-22 10:15:00,113596.15922705123
2022-08-22 10:30:00,113596.15922705123
2022-08-22 10:45:00,113596.15922705123
2022-08-22 11:00:00,113596.15922705123
2022-08-22 11:15:00,113596.15922705123
2022-08-22 11:30:00,113596.15922705123
2022-08-22 11:45:00,113596.15922705123
2022-08-22 12:00:00,113596.15922705123
2022-08-22 12:15:00,113596.15922705123
2022-08-22 12:30:00,113596.15922705123
2022-08-22 12:45:00,113596.15922705123
2022-08-22 13:00:00,113596.15922705123
2022-08-22 13:15:00,113596.15922705123
2022-08-22 13:30:00,113596.15922705123
2022-08-22 13:45:00,113596.15922705123
2022-08-22 14:00:00,113596.15922705123
2022-08-22 14:15:00,113596.15922705123
2022-08-22 14:30:00,113596.15922705123
2022-08-22 14:45:00,113596.15922705123
2022-08-22 15:00:00,113596.15922705123
2022-08-22 15:15:00,113596.15922705123
2022-08-23 09:15:00,113596.15922705123
2022-08-23 09:30:00,113596.15922705123
2022-08-23 09:45:00,113596.15922705123
2022-08-23 10:00:00,113596.15922705123
2022-08-23 10:15:00,113596.15922705123
2022-08-23 10:30:00,113596.15922705123
2022-08-23 10:45:00,113596.15922705123
2022-08-23 11:00:00,113596.15922705123
2022-08-23 11:15:00,113596.15922705123
2022-08-23 11:30:00,113596.15922705123
2022-08-23 11:45:00,113596.15922705123
2022-08-23 12:00:00,113596.15922705123
2022-08-23 12:15:00,113596.15922705123
2022-08-23 12:30:00,113596.15922705123
2022-08-23 12:45:00,113596.15922705123
2022-08-23 13:00:00,113596.15922705123
2022-08-23 13:15:00,113596.15922705123
2022-08-23 13:30:00,113615.56653679743
2022-08-23 13:45:00,113629.79856394466
2022-08-23 14:00:00,113683.81557607155
2022-08-23 14:15:00,113686.72667253348
2022-08-23 14:30:00,113635.29730170607
2022-08-23 14:45:00,113580.63337925432
2022-08-23 15:00:00,113669.2600937619
2022-08-23 15:15:00,114007.27073850806
2022-08-24 09:15:00,113689.63776899542
2022-08-24 09:30:00,113332.21981450309
2022-08-24 09:45:00,113444.13530070611
2022-08-24 10:00:00,113628.50474329494
2022-08-24 10:15:00,113732.65730559951
2022-08-24 10:30:00,113695.78341708175
2022-08-24 10:45:00,113774.70647671627
2022-08-24 11:00:00,113949.04880926953
2022-08-24 11:15:00,113836.80986790407
2022-08-24 11:30:00,113914.43910688884
2022-08-24 11:45:00,113656.64534242696
2022-08-24 12:00:00,113638.5318533305
2022-08-24 12:15:00,113792.17305548783
2022-08-24 12:30:00,113735.8918572239
2022-08-24 12:45:00,113458.6907830158
2022-08-24 13:00:00,113491.68320958434
2022-08-24 13:15:00,113400.79230893966
2022-08-24 13:30:00,113400.79230893966
2022-08-24 13:45:00,113400.79230893966
2022-08-24 14:00:00,113400.79230893966
2022-08-24 14:15:00,113400.79230893966
2022-08-24 14:30:00,113400.79230893966
2022-08-24 14:45:00,113400.79230893966
2022-08-24 15:00:00,113400.79230893966
2022-08-24 15:15:00,113400.79230893966
2022-08-25 09:15:00,113400.79230893966
2022-08-25 09:30:00,113460.07402319794
2022-08-25 09:45:00,113477.69831662609
2022-08-25 10:00:00,113400.15142554225
2022-08-25 10:15:00,113335.10176070749
2022-08-25 10:30:00,113347.27854525784
2022-08-25 10:45:00,113444.05193826329
2022-08-25 11:00:00,113287.99683099955
2022-08-25 11:15:00,113101.49976235995
2022-08-25 11:30:00,113270.05209587271
2022-08-25 11:45:00,113375.79785644155
2022-08-25 12:00:00,113412.64865179131
2022-08-25 12:15:00,113409.44423480438
2022-08-25 12:30:00,113412.96909349001
2022-08-25 12:45:00,113592.41644475838
2022-08-25 13:00:00,113519.35573745628
2022-08-25 13:15:00,113463.27844018492
2022-08-25 13:30:00,113453.9856309228
2022-08-25 13:45:00,113401.75363403576
2022-08-25 14:00:00,113388.93596608801
2022-08-25 14:15:00,113207.5659646275
2022-08-25 14:30:00,113089.3229778096
2022-08-25 14:45:00,113095.73181178345
2022-08-25 15:00:00,113095.73181178345
2022-08-25 15:15:00,113095.73181178345
2022-08-26 09:15:00,113095.73181178345
2022-08-26 09:30:00,113095.73181178345
2022-08-26 09:45:00,113095.73181178345
2022-08-26 10:00:00,113095.73181178345
2022-08-26 10:15:00,113095.73181178345
2022-08-26 10:30:00,113095.73181178345
2022-08-26 10:45:00,113095.73181178345
2022-08-26 11:00:00,113095.73181178345
2022-08-26 11:15:00,113095.73181178345
2022-08-26 11:30:00,113095.73181178345
2022-08-26 11:45:00,113095.73181178345
2022-08-26 12:00:00,113095.73181178345
2022-08-26 12:15:00,113095.73181178345
2022-08-26 12:30:00,113095.73181178345
2022-08-26 12:45:00,113095.73181178345
2022-08-26 13:00:00,113095.73181178345
2022-08-26 13:15:00,113095.73181178345
2022-08-26 13:30:00,113095.73181178345
2022-08-26 13:45:00,113095.73181178345
2022-08-26 14:00:00,113095.73181178345
2022-08-26 14:15:00,113095.73181178345
2022-08-26 14:30:00,113095.73181178345
2022-08-26 14:45:00,113095.73181178345
2022-08-26 15:00:00,113095.73181178345
2022-08-26 15:15:00,113095.73181178345
2022-08-29 09:15:00,113095.73181178345
2022-08-29 09:30:00,113095.73181178345
2022-08-29 09:45:00,113095.73181178345
2022-08-29 10:00:00,113095.73181178345
2022-08-29 10:15:00,113095.73181178345
2022-08-29 10:30:00,113095.73181178345
2022-08-29 10:45:00,113095.73181178345
2022-08-29 11:00:00,113095.73181178345
2022-08-29 11:15:00,113095.73181178345
2022-08-29 11:30:00,113095.73181178345
2022-08-29 11:45:00,113095.73181178345
2022-08-29 12:00:00,113095.73181178345
2022-08-29 12:15:00,113095.73181178345
2022-08-29 12:30:00,113051.08237023387
2022-08-29 12:45:00,112925.28175389707
2022-08-29 13:00:00,112938.96990386117
2022-08-29 13:15:00,113016.8619953236
2022-08-29 13:30:00,113058.5782618809
2022-08-29 13:45:00,113167.1057365963
2022-08-29 14:00:00,113142.33670332792
2022-08-29 14:15:00,112929.51856221928
2022-08-29 14:30:00,112999.58885370223
2022-08-29 14:45:00,112795.24432923805
2022-08-29 15:00:00,112723.8704044252
2022-08-29 15:15:00,113019.14335365096
2022-08-30 09:15:00,113774.27296000428
2022-08-30 09:30:00,113830.65510152311
2022-08-30 09:45:00,113903.98447633082
2022-08-30 10:00:00,113943.09347622827
2022-08-30 10:15:00,113970.46977615649
2022-08-30 10:30:00,114185.24336725999
2022-08-30 10:45:00,114232.82598380189
2022-08-30 11:00:00,114346.2420835045
2022-08-30 11:15:00,114376.55155842501
2022-08-30 11:30:00,114417.94191664984
2022-08-30 11:45:00,114470.08724984643
2022-08-30 12:00:00,114602.40603283282
2022-08-30 12:15:00,114661.39544101147
2022-08-30 12:30:00,114719.08121586022
2022-08-30 12:45:00,114851.07409051411
2022-08-30 13:00:00,114950.80204025262
2022-08-30 13:15:00,114975.24516518852
2022-08-30 13:30:00,115163.29427302875
2022-08-30 13:45:00,115108.21576483983
2022-08-30 14:00:00,115128.747989786
2022-08-30 14:15:00,115306.69393931942
2022-08-30 14:30:00,115331.4629725878
2022-08-30 14:45:00,115392.08192242887
2022-08-30 15:00:00,115780.89056307601
2022-08-30 15:15:00,115659.65266339392
2022-09-01 09:15:00,114435.86687493617
2022-09-01 09:30:00,114913.32258201754
2022-09-01 09:45:00,114782.95924902604
2022-09-01 10:00:00,115115.71165648685
2022-09-01 10:15:00,115284.53217271087
2022-09-01 10:30:00,115086.37990656376
2022-09-01 10:45:00,115088.00944822613
2022-09-01 11:00:00,115088.00944822613
2022-09-01 11:15:00,115088.00944822613
2022-09-01 11:30:00,115088.00944822613
2022-09-01 11:45:00,115088.00944822613
2022-09-01 12:00:00,115088.00944822613
2022-09-01 12:15:00,115088.00944822613
2022-09-01 12:30:00,115088.00944822613
2022-09-01 12:45:00,115088.00944822613
2022-09-01 13:00:00,115088.00944822613
2022-09-01 13:15:00,115088.00944822613
2022-09-01 13:30:00,115088.00944822613
2022-09-01 13:45:00,115088.00944822613
2022-09-01 14:00:00,115088.00944822613
2022-09-01 14:15:00,115088.00944822613
2022-09-01 14:30:00,115088.00944822613
2022-09-01 14:45:00,115088.00944822613
2022-09-01 15:00:00,115088.00944822613
2022-09-01 15:15:00,115088.00944822613
2022-09-02 09:15:00,115088.00944822613
2022-09-02 09:30:00,115088.00944822613
2022-09-02 09:45:00,115088.00944822613
2022-09-02 10:00:00,115088.00944822613
2022-09-02 10:15:00,115088.00944822613
2022-09-02 10:30:00,115088.00944822613
2022-09-02 10:45:00,115088.00944822613
2022-09-02 11:00:00,115088.00944822613
2022-09-02 11:15:00,115088.00944822613
2022-09-02 11:30:00,115088.00944822613
2022-09-02 11:45:00,115088.00944822613
2022-09-02 12:00:00,115088.00944822613
2022-09-02 12:15:00,115088.00944822613
2022-09-02 12:30:00,115088.00944822613
2022-09-02 12:45:00,115088.00944822613
2022-09-02 13:00:00,115140.71651555985
2022-09-02 13:15:00,115143.99024645014
2022-09-02 13:30:00,115101.10437178731
2022-09-02 13:45:00,115184.91188257879
2022-09-02 14:00:00,115320.11696834787
2022-09-02 14:15:00,115287.70703253397
2022-09-02 14:30:00,115013.04101083844
2022-09-02 14:45:00,114877.50855198034
2022-09-02 15:00:00,114912.8648455955
2022-09-02 15:15:00,114762.9279708201
2022-09-05 09:15:00,115200.62579085221
2022-09-05 09:30:00,115482.82139359538
2022-09-05 09:45:00,115461.21476971946
2022-09-05 10:00:00,115550.58762302446
2022-09-05 10:15:00,115587.25340899573
2022-09-05 10:30:00,115497.22580951269
2022-09-05 10:45:00,115410.47194091995
2022-09-05 11:00:00,115453.68518867178
2022-09-05 11:15:00,115399.996002071
2022-09-05 11:30:00,115457.61366574015
2022-09-05 11:45:00,115509.33861380676
2022-09-05 12:00:00,115628.17504512437
2022-09-05 12:15:00,115671.38829287623
2022-09-05 12:30:00,115708.38145193654
2022-09-05 12:45:00,115609.18740596068
2022-09-05 13:00:00,115565.64678511981
2022-09-05 13:15:00,115593.47349768729
2022-09-05 13:30:00,115446.48298071316
2022-09-05 13:45:00,115597.0746016666
2022-09-05 14:00:00,115689.72118586188
2022-09-05 14:15:00,115720.49425623061
2022-09-05 14:30:00,115697.57813999856
2022-09-05 14:45:00,115588.89027444087
2022-09-05 15:00:00,115706.41721340237
2022-09-05 15:15:00,115588.23552826281
2022-09-06 09:15:00,116037.3914064109
2022-09-06 09:30:00,115735.55341832596
2022-09-06 09:45:00,115749.3030880652
2022-09-06 10:00:00,115504.75539056037
2022-09-06 10:15:00,115239.25581535764
2022-09-06 10:30:00,115271.01100499349
2022-09-06 10:45:00,115456.30417338402
2022-09-06 11:00:00,115676.95363538971
2022-09-06 11:15:00,115592.81875150918
2022-09-06 11:30:00,115710.01831738166
2022-09-06 11:45:00,115828.2000025212
2022-09-06 12:00:00,115776.14768136555
2022-09-06 12:15:00,115877.63333896462
2022-09-06 12:30:00,115945.39956839368
2022-09-06 12:45:00,115930.01303320928
2022-09-06 13:00:00,115848.49713404103
2022-09-06 13:15:00,115876.97859278657
2022-09-06 13:30:00,115848.82450713006
2022-09-06 13:45:00,115865.52053467055
2022-09-06 14:00:00,115870.43113100599
2022-09-06 14:15:00,115914.62649802493
2022-09-06 14:30:00,115504.10064438226
2022-09-06 14:45:00,115592.16400533111
2022-09-06 15:00:00,115582.67018574926
2022-09-06 15:15:00,115573.1763661674
2022-09-07 09:15:00,115038.57611178268
2022-09-07 09:30:00,115036.28450015945
2022-09-07 09:45:00,115036.28450015945
2022-09-07 10:00:00,115036.28450015945
2022-09-07 10:15:00,115036.28450015945
2022-09-07 10:30:00,115036.28450015945
2022-09-07 10:45:00,115036.28450015945
2022-09-07 11:00:00,115036.28450015945
2022-09-07 11:15:00,115036.28450015945
2022-09-07 11:30:00,115036.28450015945
2022-09-07 11:45:00,115036.28450015945
2022-09-07 12:00:00,115036.28450015945
2022-09-07 12:15:00,115065.99892261982
2022-09-07 12:30:00,115044.44780303318
2022-09-07 12:45:00,115079.06020721777
2022-09-07 13:00:00,115055.87642705637
2022-09-07 13:15:00,115251.79569602571
2022-09-07 13:30:00,115152.52993308126
2022-09-07 13:45:00,115179.95863073693
2022-09-07 14:00:00,115128.36655657503
2022-09-07 14:15:00,115168.20347459878
2022-09-07 14:30:00,115002.97822443463
2022-09-07 14:45:00,115043.14167457336
2022-09-07 15:00:00,115050.97844533212
2022-09-07 15:15:00,115131.95840983947
2022-09-08 09:15:00,116078.90154319134
2022-09-08 09:30:00,116069.10557974289
2022-09-08 09:45:00,116026.32987268458
2022-09-08 10:00:00,116049.51365284596
2022-09-08 10:15:00,116013.59512020157
2022-09-08 10:30:00,115871.5536501988
2022-09-08 10:45:00,115923.14572436073
2022-09-08 11:00:00,115893.75783401533
2022-09-08 11:15:00,115835.30858543946
2022-09-08 11:30:00,115835.63511755441
2022-09-08 11:45:00,115835.63511755441
2022-09-08 12:00:00,115835.63511755441
2022-09-08 12:15:00,115835.63511755441
2022-09-08 12:30:00,115835.63511755441
2022-09-08 12:45:00,115835.63511755441
2022-09-08 13:00:00,115835.63511755441
2022-09-08 13:15:00,115835.63511755441
2022-09-08 13:30:00,115835.63511755441
2022-09-08 13:45:00,115835.63511755441
2022-09-08 14:00:00,115835.63511755441
2022-09-08 14:15:00,115835.63511755441
2022-09-08 14:30:00,115835.63511755441
2022-09-08 14:45:00,115835.63511755441
2022-09-08 15:00:00,115841.81895457752
2022-09-08 15:15:00,115866.22883756364
2022-09-09 09:15:00,116464.10823816985
2022-09-09 09:30:00,116479.07963306799
2022-09-09 09:45:00,116491.1218420078
2022-09-09 10:00:00,116479.40509817447
2022-09-09 10:15:00,116539.94160798
2022-09-09 10:30:00,116482.98521434577
2022-09-09 10:45:00,116513.25346924854
2022-09-09 11:00:00,116408.77917006804
2022-09-09 11:15:00,116390.22765899858
2022-09-09 11:30:00,116246.37208193385
2022-09-09 11:45:00,116248.65033767921
2022-09-09 12:00:00,116248.65033767921
2022-09-09 12:15:00,116248.65033767921
2022-09-09 12:30:00,116248.65033767921
2022-09-09 12:45:00,116248.65033767921
2022-09-09 13:00:00,116248.65033767921
2022-09-09 13:15:00,116248.65033767921
2022-09-09 13:30:00,116248.65033767921
2022-09-09 13:45:00,116248.65033767921
2022-09-09 14:00:00,116248.65033767921
2022-09-09 14:15:00,116248.65033767921
2022-09-09 14:30:00,116248.65033767921
2022-09-09 14:45:00,116248.65033767921
2022-09-09 15:00:00,116248.65033767921
2022-09-09 15:15:00,116248.65033767921
2022-09-12 09:15:00,116248.65033767921
2022-09-12 09:30:00,116248.65033767921
2022-09-12 09:45:00,116282.67528133046
2022-09-12 10:00:00,116443.7266812798
2022-09-12 10:15:00,116351.0492157154
2022-09-12 10:30:00,116288.50812881356
2022-09-12 10:45:00,116259.34389139818
2022-09-12 11:00:00,116312.81165999304
2022-09-12 11:15:00,116357.20611028088
2022-09-12 11:30:00,116371.46418190617
2022-09-12 11:45:00,116392.52724226171
2022-09-12 12:00:00,116451.82785833962
2022-09-12 12:15:00,116374.7046527301
2022-09-12 12:30:00,116396.41580725042
2022-09-12 12:45:00,116353.64159237455
2022-09-12 13:00:00,116349.42898030343
2022-09-12 13:15:00,116338.08733241967
2022-09-12 13:30:00,116338.73542658446
2022-09-12 13:45:00,116283.64742257765
2022-09-12 14:00:00,116511.12847441755
2022-09-12 14:15:00,116344.56827406753
2022-09-12 14:30:00,116303.73834168601
2022-09-12 14:45:00,116365.95538150545
2022-09-12 15:00:00,116224.34680649971
2022-09-12 15:15:00,116213.65325278073
2022-09-13 09:15:00,116903.22544411312
2022-09-13 09:30:00,117019.23429960985
2022-09-13 09:45:00,117015.3457346211
2022-09-13 10:00:00,117038.02903038863
2022-09-13 10:15:00,116876.3295362745
2022-09-13 10:30:00,116949.56417689534
2022-09-13 10:45:00,116970.62723725087
2022-09-13 11:00:00,116992.3383917712
2022-09-13 11:15:00,116957.98940103756
2022-09-13 11:30:00,116993.3105330184
2022-09-13 11:45:00,117079.18300985255
2022-09-13 12:00:00,117116.77247141015
2022-09-13 12:15:00,117129.08626054107
2022-09-13 12:30:00,117057.7959024146
2022-09-13 12:45:00,117152.74169755577
2022-09-13 13:00:00,117093.44108147784
2022-09-13 13:15:00,117074.32230361667
2022-09-13 13:30:00,117074.64635069907
2022-09-13 13:45:00,117156.6302625445
2022-09-13 14:00:00,117188.06282953662
2022-09-13 14:15:00,117127.14197804671
2022-09-13 14:30:00,117162.13906294516
2022-09-13 14:45:00,117097.32964646656
2022-09-13 15:00:00,117110.61557684466
2022-09-13 15:15:00,117087.93228107716
2022-09-14 09:15:00,116118.05936347478
2022-09-14 09:30:00,116117.7353163924
2022-09-14 09:45:00,116117.7353163924
2022-09-14 10:00:00,116117.7353163924
2022-09-14 10:15:00,116117.7353163924
2022-09-14 10:30:00,116117.7353163924
2022-09-14 10:45:00,116117.7353163924
2022-09-14 11:00:00,116117.7353163924
2022-09-14 11:15:00,116117.7353163924
2022-09-14 11:30:00,116117.7353163924
2022-09-14 11:45:00,116197.84903986871
2022-09-14 12:00:00,116310.58972330921
2022-09-14 12:15:00,116404.59413271087
2022-09-14 12:30:00,116555.77648185173
2022-09-14 12:45:00,116416.54658339084
2022-09-14 13:00:00,116655.27255778204
2022-09-14 13:15:00,116591.63383389154
2022-09-14 13:30:00,116609.72402951522
2022-09-14 13:45:00,116429.1451124859
2022-09-14 14:00:00,116764.78284914685
2022-09-14 14:15:00,116841.66618054755
2022-09-14 14:30:00,116791.59510337483
2022-09-14 14:45:00,116716.0039288044
2022-09-14 15:00:00,116167.80639356509
2022-09-14 15:15:00,116298.31423342171
2022-09-15 09:15:00,116776.41226061925
2022-09-15 09:30:00,116503.44413022607
2022-09-15 09:45:00,116143.57845299765
2022-09-15 10:00:00,116110.30541461836
2022-09-15 10:15:00,116115.15100273184
2022-09-15 10:30:00,116115.15100273184
2022-09-15 10:45:00,116115.15100273184
2022-09-15 11:00:00,116115.15100273184
2022-09-15 11:15:00,116115.15100273184
2022-09-15 11:30:00,116115.15100273184
2022-09-15 11:45:00,116115.15100273184
2022-09-15 12:00:00,116115.15100273184
2022-09-15 12:15:00,116115.15100273184
2022-09-15 12:30:00,116115.15100273184
2022-09-15 12:45:00,116115.15100273184
2022-09-15 13:00:00,116115.15100273184
2022-09-15 13:15:00,116115.15100273184
2022-09-15 13:30:00,116115.15100273184
2022-09-15 13:45:00,116115.15100273184
2022-09-15 14:00:00,116115.15100273184
2022-09-15 14:15:00,116115.15100273184
2022-09-15 14:30:00,116115.15100273184
2022-09-15 14:45:00,116115.15100273184
2022-09-15 15:00:00,116115.15100273184
2022-09-15 15:15:00,116115.15100273184
2022-09-16 09:15:00,116115.15100273184
2022-09-16 09:30:00,116115.15100273184
2022-09-16 09:45:00,116115.15100273184
2022-09-16 10:00:00,116115.15100273184
2022-09-16 10:15:00,116115.15100273184
2022-09-16 10:30:00,116115.15100273184
2022-09-16 10:45:00,116115.15100273184
2022-09-16 11:00:00,116115.15100273184
2022-09-16 11:15:00,116115.15100273184
2022-09-16 11:30:00,116115.15100273184
2022-09-16 11:45:00,116115.15100273184
2022-09-16 12:00:00,116115.15100273184
2022-09-16 12:15:00,116115.15100273184
2022-09-16 12:30:00,116115.15100273184
2022-09-16 12:45:00,116115.15100273184
2022-09-16 13:00:00,116115.15100273184
2022-09-16 13:15:00,116115.15100273184
2022-09-16 13:30:00,116115.15100273184
2022-09-16 13:45:00,116115.15100273184
2022-09-16 14:00:00,116115.15100273184
2022-09-16 14:15:00,116115.15100273184
2022-09-16 14:30:00,116115.15100273184
2022-09-16 14:45:00,116115.15100273184
2022-09-16 15:00:00,116115.15100273184
2022-09-16 15:15:00,116115.15100273184
2022-09-19 09:15:00,116115.15100273184
2022-09-19 09:30:00,116115.15100273184
2022-09-19 09:45:00,116115.15100273184
2022-09-19 10:00:00,116115.15100273184
2022-09-19 10:15:00,116115.15100273184
2022-09-19 10:30:00,116115.15100273184
2022-09-19 10:45:00,116115.15100273184
2022-09-19 11:00:00,116115.15100273184
2022-09-19 11:15:00,116115.15100273184
2022-09-19 11:30:00,116115.15100273184
2022-09-19 11:45:00,116115.15100273184
2022-09-19 12:00:00,116115.15100273184
2022-09-19 12:15:00,116192.85766186498
2022-09-19 12:30:00,116106.91936511181
2022-09-19 12:45:00,116027.89564395946
2022-09-19 13:00:00,116016.04208578663
2022-09-19 13:15:00,115857.0068469675
2022-09-19 13:30:00,116083.2122487661
2022-09-19 13:45:00,116269.90578998854
2022-09-19 14:00:00,116262.0034178733
2022-09-19 14:15:00,115996.94468650813
2022-09-19 14:30:00,116150.0531462408
2022-09-19 14:45:00,116084.20004528051
2022-09-19 15:00:00,116038.43214011309
2022-09-19 15:15:00,116111.19981667421
2022-09-20 09:15:00,117293.26297891147
2022-09-20 09:30:00,117367.34771749181
2022-09-20 09:45:00,117446.37143864416
2022-09-20 10:00:00,117582.68735763198
2022-09-20 10:15:00,117602.11402241526
2022-09-20 10:30:00,117556.01685174306
2022-09-20 10:45:00,117675.540229986
2022-09-20 11:00:00,117691.01570871165
2022-09-20 11:15:00,117594.21165030001
2022-09-20 11:30:00,117668.95491988996
2022-09-20 11:45:00,117630.10159032338
2022-09-20 12:00:00,117763.78338527278
2022-09-20 12:15:00,117842.14857541554
2022-09-20 12:30:00,117946.19647493279
2022-09-20 12:45:00,117894.83105618377
2022-09-20 13:00:00,117964.30607769688
2022-09-20 13:15:00,117848.07535450195
2022-09-20 13:30:00,117672.247574938
2022-09-20 13:45:00,117839.51445137714
2022-09-20 14:00:00,117771.35649188324
2022-09-20 14:15:00,117740.0762689271
2022-09-20 14:30:00,117674.88169897642
2022-09-20 14:45:00,117640.30882097226
2022-09-20 15:00:00,117248.48287025852
2022-09-20 15:15:00,117244.86094970572
2022-09-21 09:15:00,117244.86094970572
2022-09-21 09:30:00,117244.86094970572
2022-09-21 09:45:00,117244.86094970572
2022-09-21 10:00:00,117244.86094970572
2022-09-21 10:15:00,117244.86094970572
2022-09-21 10:30:00,117244.86094970572
2022-09-21 10:45:00,117244.86094970572
2022-09-21 11:00:00,117244.86094970572
2022-09-21 11:15:00,117244.86094970572
2022-09-21 11:30:00,117244.86094970572
2022-09-21 11:45:00,117244.86094970572
2022-09-21 12:00:00,117244.86094970572
2022-09-21 12:15:00,117244.86094970572
2022-09-21 12:30:00,117244.86094970572
2022-09-21 12:45:00,117244.86094970572
2022-09-21 13:00:00,117244.86094970572
2022-09-21 13:15:00,117244.86094970572
2022-09-21 13:30:00,117244.86094970572
2022-09-21 13:45:00,117244.86094970572
2022-09-21 14:00:00,117244.86094970572
2022-09-21 14:15:00,117096.87319915004
2022-09-21 14:30:00,117005.9052277617
2022-09-21 14:45:00,116905.3790274956
2022-09-21 15:00:00,116786.72515177166
2022-09-21 15:15:00,116781.12205208471
2022-09-22 09:15:00,116416.26138423363
2022-09-22 09:30:00,116426.80839540911
2022-09-22 09:45:00,116426.80839540911
2022-09-22 10:00:00,116426.80839540911
2022-09-22 10:15:00,116426.80839540911
2022-09-22 10:30:00,116426.80839540911
2022-09-22 10:45:00,116426.80839540911
2022-09-22 11:00:00,116426.80839540911
2022-09-22 11:15:00,116426.80839540911
2022-09-22 11:30:00,116426.80839540911
2022-09-22 11:45:00,116426.80839540911
2022-09-22 12:00:00,116426.80839540911
2022-09-22 12:15:00,116426.80839540911
2022-09-22 12:30:00,116426.80839540911
2022-09-22 12:45:00,116426.80839540911
2022-09-22 13:00:00,116426.80839540911
2022-09-22 13:15:00,116426.80839540911
2022-09-22 13:30:00,116426.80839540911
2022-09-22 13:45:00,116560.29891829829
2022-09-22 14:00:00,116614.68394614203
2022-09-22 14:15:00,116628.52740777498
2022-09-22 14:30:00,116535.90805732596
2022-09-22 14:45:00,116382.31155444607
2022-09-22 15:00:00,116174.98923618117
2022-09-22 15:15:00,116258.37961220823
2022-09-23 09:15:00,115638.719901019
2022-09-23 09:30:00,115642.67517577125
2022-09-23 09:45:00,115642.67517577125
2022-09-23 10:00:00,115642.67517577125
2022-09-23 10:15:00,115642.67517577125
2022-09-23 10:30:00,115642.67517577125
2022-09-23 10:45:00,115642.67517577125
2022-09-23 11:00:00,115642.67517577125
2022-09-23 11:15:00,115642.67517577125
2022-09-23 11:30:00,115642.67517577125
2022-09-23 11:45:00,115642.67517577125
2022-09-23 12:00:00,115642.67517577125
2022-09-23 12:15:00,115642.67517577125
2022-09-23 12:30:00,115642.67517577125
2022-09-23 12:45:00,115642.67517577125
2022-09-23 13:00:00,115642.67517577125
2022-09-23 13:15:00,115642.67517577125
2022-09-23 13:30:00,115642.67517577125
2022-09-23 13:45:00,115642.67517577125
2022-09-23 14:00:00,115642.67517577125
2022-09-23 14:15:00,115642.67517577125
2022-09-23 14:30:00,115642.67517577125
2022-09-23 14:45:00,115642.67517577125
2022-09-23 15:00:00,115642.67517577125
2022-09-23 15:15:00,115642.67517577125
2022-09-26 09:15:00,115642.67517577125
2022-09-26 09:30:00,115642.67517577125
2022-09-26 09:45:00,115642.67517577125
2022-09-26 10:00:00,115642.67517577125
2022-09-26 10:15:00,115642.67517577125
2022-09-26 10:30:00,115642.67517577125
2022-09-26 10:45:00,115642.67517577125
2022-09-26 11:00:00,115642.67517577125
2022-09-26 11:15:00,115642.67517577125
2022-09-26 11:30:00,115642.67517577125
2022-09-26 11:45:00,115642.67517577125
2022-09-26 12:00:00,115642.67517577125
2022-09-26 12:15:00,115642.67517577125
2022-09-26 12:30:00,115642.67517577125
2022-09-26 12:45:00,115642.67517577125
2022-09-26 13:00:00,115642.67517577125
2022-09-26 13:15:00,115151.09053643739
2022-09-26 13:30:00,115292.60222150951
2022-09-26 13:45:00,115184.44686220438
2022-09-26 14:00:00,115031.14253670958
2022-09-26 14:15:00,115423.66899649297
2022-09-26 14:30:00,115138.96096343121
2022-09-26 14:45:00,114956.34350317148
2022-09-26 15:00:00,114702.29633520867
2022-09-26 15:15:00,114744.74984073029
2022-09-27 09:15:00,115541.59540071973
2022-09-27 09:30:00,115124.80979492399
2022-09-27 09:45:00,114951.62644700239
2022-09-27 10:00:00,114781.13855974884
2022-09-27 10:15:00,114663.54908810557
2022-09-27 10:30:00,114671.29853752619
2022-09-27 10:45:00,114671.29853752619
2022-09-27 11:00:00,114671.29853752619
2022-09-27 11:15:00,114671.29853752619
2022-09-27 11:30:00,114671.29853752619
2022-09-27 11:45:00,114671.29853752619
2022-09-27 12:00:00,114671.29853752619
2022-09-27 12:15:00,114671.29853752619
2022-09-27 12:30:00,114671.29853752619
2022-09-27 12:45:00,114671.29853752619
2022-09-27 13:00:00,114671.29853752619
2022-09-27 13:15:00,114671.29853752619
2022-09-27 13:30:00,114631.3952567915
2022-09-27 13:45:00,114596.85712304634
2022-09-27 14:00:00,114300.43275187437
2022-09-27 14:15:00,114202.18349762844
2022-09-27 14:30:00,113987.24229636007
2022-09-27 14:45:00,113982.88311443105
2022-09-27 15:00:00,113982.88311443105
2022-09-27 15:15:00,113982.88311443105
2022-09-28 09:15:00,113982.88311443105
2022-09-28 09:30:00,113982.88311443105
2022-09-28 09:45:00,113982.88311443105
2022-09-28 10:00:00,113982.88311443105
2022-09-28 10:15:00,113982.88311443105
2022-09-28 10:30:00,113982.88311443105
2022-09-28 10:45:00,113982.88311443105
2022-09-28 11:00:00,113982.88311443105
2022-09-28 11:15:00,113982.88311443105
2022-09-28 11:30:00,113982.88311443105
2022-09-28 11:45:00,114127.3710561446
2022-09-28 12:00:00,114129.04725036402
2022-09-28 12:15:00,113898.40292577255
2022-09-28 12:30:00,113897.73244808476
2022-09-28 12:45:00,113839.06565040525
2022-09-28 13:00:00,113747.88068486909
2022-09-28 13:15:00,113981.20692021163
2022-09-28 13:30:00,113698.60057481827
2022-09-28 13:45:00,113581.26697945922
2022-09-28 14:00:00,113598.02892165337
2022-09-28 14:15:00,113419.68185670764
2022-09-28 14:30:00,113420.01709555152
2022-09-28 14:45:00,113420.01709555152
2022-09-28 15:00:00,113420.01709555152
2022-09-28 15:15:00,113420.01709555152
2022-09-29 09:15:00,113420.01709555152
2022-09-29 09:30:00,113420.01709555152
2022-09-29 09:45:00,113420.01709555152
2022-09-29 10:00:00,113420.01709555152
2022-09-29 10:15:00,113420.01709555152
2022-09-29 10:30:00,113420.01709555152
2022-09-29 10:45:00,113420.01709555152
2022-09-29 11:00:00,113149.65991510094
2022-09-29 11:15:00,113211.81867352346
2022-09-29 11:30:00,113117.91216214321
2022-09-29 11:45:00,112822.82515307295
2022-09-29 12:00:00,112918.73678569261
2022-09-29 12:15:00,112952.15547301655
2022-09-29 12:30:00,112760.3322077772
2022-09-29 12:45:00,112764.3424502561
2022-09-29 13:00:00,112764.3424502561
2022-09-29 13:15:00,112764.3424502561
2022-09-29 13:30:00,112764.3424502561
2022-09-29 13:45:00,112764.3424502561
2022-09-29 14:00:00,112764.3424502561
2022-09-29 14:15:00,112764.3424502561
2022-09-29 14:30:00,112764.3424502561
2022-09-29 14:45:00,112764.3424502561
2022-09-29 15:00:00,112764.3424502561
2022-09-29 15:15:00,112764.3424502561
2022-09-30 09:15:00,112764.3424502561
2022-09-30 09:30:00,112764.3424502561
2022-09-30 09:45:00,112764.3424502561
2022-09-30 10:00:00,112764.3424502561
2022-09-30 10:15:00,112764.3424502561
2022-09-30 10:30:00,112764.3424502561
2022-09-30 10:45:00,112764.3424502561
2022-09-30 11:00:00,112764.3424502561
2022-09-30 11:15:00,112764.3424502561
2022-09-30 11:30:00,112764.3424502561
2022-09-30 11:45:00,112865.01392278659
2022-09-30 12:00:00,112926.48000337451
2022-09-30 12:15:00,113165.36709495675
2022-09-30 12:30:00,113545.12779826479
2022-09-30 12:45:00,113563.7337469833
2022-09-30 13:00:00,113442.79508031301
2022-09-30 13:15:00,113589.98142463973
2022-09-30 13:30:00,113803.94983490254
2022-09-30 13:45:00,113875.38338801822
2022-09-30 14:00:00,114045.49491915885
2022-09-30 14:15:00,114097.99027447177
2022-09-30 14:30:00,113887.34435505155
2022-09-30 14:45:00,113791.65661878497
2022-09-30 15:00:00,113403.58968837043
2022-09-30 15:15:00,113677.0306847156
2022-10-03 09:15:00,113226.83317554464
2022-10-03 09:30:00,113188.29228177061
2022-10-03 09:45:00,113188.29228177061
2022-10-03 10:00:00,113188.29228177061
2022-10-03 10:15:00,113188.29228177061
2022-10-03 10:30:00,113188.29228177061
2022-10-03 10:45:00,113188.29228177061
2022-10-03 11:00:00,113188.29228177061
2022-10-03 11:15:00,113188.29228177061
2022-10-03 11:30:00,113188.29228177061
2022-10-03 11:45:00,113044.61820949167
2022-10-03 12:00:00,112919.85735227025
2022-10-03 12:15:00,112865.10857184064
2022-10-03 12:30:00,112814.00971010633
2022-10-03 12:45:00,112969.62897084265
2022-10-03 13:00:00,112952.70662052804
2022-10-03 13:15:00,112895.96697535552
2022-10-03 13:30:00,112776.18327999134
2022-10-03 13:45:00,112511.0664583958
2022-10-03 14:00:00,112392.27819540308
2022-10-03 14:15:00,112400.90527595562
2022-10-03 14:30:00,112400.90527595562
2022-10-03 14:45:00,112400.90527595562
2022-10-03 15:00:00,112400.90527595562
2022-10-03 15:15:00,112400.90527595562
2022-10-04 09:15:00,112400.90527595562
2022-10-04 09:30:00,112179.56717811475
2022-10-04 09:45:00,112434.20392784318
2022-10-04 10:00:00,112453.13845538709
2022-10-04 10:15:00,112510.59495276172
2022-10-04 10:30:00,112649.01287825513
2022-10-04 10:45:00,112353.24249972442
2022-10-04 11:00:00,112425.0631214427
2022-10-04 11:15:00,112322.22904943698
2022-10-04 11:30:00,112422.4514624711
2022-10-04 11:45:00,112517.45055756207
2022-10-04 12:00:00,112543.89360464927
2022-10-04 12:15:00,112584.70077608012
2022-10-04 12:30:00,112664.68283208455
2022-10-04 12:45:00,112558.91064373581
2022-10-04 13:00:00,112601.02364465244
2022-10-04 13:15:00,112649.01287825507
2022-10-04 13:30:00,112634.97521128286
2022-10-04 13:45:00,112569.68373699352
2022-10-04 14:00:00,112685.90256122858
2022-10-04 14:15:00,112691.77879391461
2022-10-04 14:30:00,112548.79046522097
2022-10-04 14:45:00,112731.93305060256
2022-10-04 15:00:00,112782.86040054823
2022-10-04 15:15:00,112807.0182460353
2022-10-06 09:15:00,113571.9078673349
2022-10-06 09:30:00,113338.16438937906
2022-10-06 09:45:00,113593.45405385038
2022-10-06 10:00:00,113615.3266977373
2022-10-06 10:15:00,113672.45673774046
2022-10-06 10:30:00,113599.3302865364
2022-10-06 10:45:00,113607.81817819401
2022-10-06 11:00:00,113604.88006185101
2022-10-06 11:15:00,113334.89981566458
2022-10-06 11:30:00,113363.95452172334
2022-10-06 11:45:00,113379.29801818132
2022-10-06 12:00:00,113504.33119144541
2022-10-06 12:15:00,113407.6998094972
2022-10-06 12:30:00,113553.29979716241
2022-10-06 12:45:00,113662.3365592256
2022-10-06 13:00:00,113588.23073590719
2022-10-06 13:15:00,113633.93476790973
2022-10-06 13:30:00,113591.49530962165
2022-10-06 13:45:00,113432.18411235567
2022-10-06 14:00:00,113322.16797817811
2022-10-06 14:15:00,113304.86573749145
2022-10-06 14:30:00,113231.41282891594
2022-10-06 14:45:00,113344.3670794365
2022-10-06 15:00:00,113157.30700559754
2022-10-06 15:15:00,113166.7742693695
2022-10-07 09:15:00,113166.7742693695
2022-10-07 09:30:00,113166.7742693695
2022-10-07 09:45:00,113166.7742693695
2022-10-07 10:00:00,113166.7742693695
2022-10-07 10:15:00,113166.7742693695
2022-10-07 10:30:00,113166.7742693695
2022-10-07 10:45:00,113166.7742693695
2022-10-07 11:00:00,113166.7742693695
2022-10-07 11:15:00,113166.7742693695
2022-10-07 11:30:00,113166.7742693695
2022-10-07 11:45:00,113166.7742693695
2022-10-07 12:00:00,113166.7742693695
2022-10-07 12:15:00,113166.7742693695
2022-10-07 12:30:00,113166.7742693695
2022-10-07 12:45:00,113166.7742693695
2022-10-07 13:00:00,113166.7742693695
2022-10-07 13:15:00,113166.7742693695
2022-10-07 13:30:00,113166.7742693695
2022-10-07 13:45:00,113166.7742693695
2022-10-07 14:00:00,113166.7742693695
2022-10-07 14:15:00,113166.7742693695
2022-10-07 14:30:00,113166.7742693695
2022-10-07 14:45:00,113166.7742693695
2022-10-07 15:00:00,113058.3350529855
2022-10-07 15:15:00,113117.45402336353
2022-10-10 09:15:00,111849.8257137662
2022-10-10 09:30:00,111848.19259303753
2022-10-10 09:45:00,111848.19259303753
2022-10-10 10:00:00,111848.19259303753
2022-10-10 10:15:00,111848.19259303753
2022-10-10 10:30:00,111848.19259303753
2022-10-10 10:45:00,111848.19259303753
2022-10-10 11:00:00,111848.19259303753
2022-10-10 11:15:00,111848.19259303753
2022-10-10 11:30:00,111848.19259303753
2022-10-10 11:45:00,112006.17670738671
2022-10-10 12:00:00,112141.03325035694
2022-10-10 12:15:00,112153.41138715133
2022-10-10 12:30:00,112485.9923783895
2022-10-10 12:45:00,112511.72587330412
2022-10-10 13:00:00,112285.6620065859
2022-10-10 13:15:00,112113.99679367451
2022-10-10 13:30:00,112217.58225421686
2022-10-10 13:45:00,111873.27460706822
2022-10-10 14:00:00,111789.88505392718
2022-10-10 14:15:00,111794.77116055654
2022-10-10 14:30:00,111794.77116055654
2022-10-10 14:45:00,111794.77116055654
2022-10-10 15:00:00,111794.77116055654
2022-10-10 15:15:00,111794.77116055654
2022-10-11 09:15:00,111794.77116055654
2022-10-11 09:30:00,111794.77116055654
2022-10-11 09:45:00,111794.77116055654
2022-10-11 10:00:00,111794.77116055654
2022-10-11 10:15:00,111794.77116055654
2022-10-11 10:30:00,111794.77116055654
2022-10-11 10:45:00,111794.77116055654
2022-10-11 11:00:00,111794.77116055654
2022-10-11 11:15:00,111794.77116055654
2022-10-11 11:30:00,111794.77116055654
2022-10-11 11:45:00,111794.77116055654
2022-10-11 12:00:00,111794.77116055654
2022-10-11 12:15:00,111458.13681587411
2022-10-11 12:30:00,111213.45953638967
2022-10-11 12:45:00,111516.95034520568
2022-10-11 13:00:00,111288.51989702832
2022-10-11 13:15:00,111266.74914307684
2022-10-11 13:30:00,111341.15963046321
2022-10-11 13:45:00,111265.12445994612
2022-10-11 14:00:00,111358.05633502253
2022-10-11 14:15:00,111050.99122331895
2022-10-11 14:30:00,111049.36654018825
2022-10-11 14:45:00,111049.36654018825
2022-10-11 15:00:00,111049.36654018825
2022-10-11 15:15:00,111049.36654018825
2022-10-12 09:15:00,111049.36654018825
2022-10-12 09:30:00,111049.36654018825
2022-10-12 09:45:00,111049.36654018825
2022-10-12 10:00:00,111049.36654018825
2022-10-12 10:15:00,111049.36654018825
2022-10-12 10:30:00,111049.36654018825
2022-10-12 10:45:00,111049.36654018825
2022-10-12 11:00:00,111049.36654018825
2022-10-12 11:15:00,111049.36654018825
2022-10-12 11:30:00,111049.36654018825
2022-10-12 11:45:00,111049.36654018825
2022-10-12 12:00:00,111049.36654018825
2022-10-12 12:15:00,111078.59065585324
2022-10-12 12:30:00,110865.57932389507
2022-10-12 12:45:00,110784.07651242938
2022-10-12 13:00:00,110714.26334722969
2022-10-12 13:15:00,110660.03637705134
2022-10-12 13:30:00,110727.2518430808
2022-10-12 13:45:00,110960.07063121189
2022-10-12 14:00:00,110997.08784438751
2022-10-12 14:15:00,111016.57058816418
2022-10-12 14:30:00,111176.3290871328
2022-10-12 14:45:00,111198.73424247597
2022-10-12 15:00:00,111213.02158791215
2022-10-12 15:15:00,111240.29742919949
2022-10-13 09:15:00,110971.1108526853
2022-10-13 09:30:00,110807.78051735765
2022-10-13 09:45:00,110749.00757363139
2022-10-13 10:00:00,110590.87263664416
2022-10-13 10:15:00,110596.0680349846
2022-10-13 10:30:00,110596.0680349846
2022-10-13 10:45:00,110596.0680349846
2022-10-13 11:00:00,110596.0680349846
2022-10-13 11:15:00,110596.0680349846
2022-10-13 11:30:00,110596.0680349846
2022-10-13 11:45:00,110596.0680349846
2022-10-13 12:00:00,110596.0680349846
2022-10-13 12:15:00,110596.0680349846
2022-10-13 12:30:00,110596.0680349846
2022-10-13 12:45:00,110596.0680349846
2022-10-13 13:00:00,110596.0680349846
2022-10-13 13:15:00,110596.0680349846
2022-10-13 13:30:00,110596.0680349846
2022-10-13 13:45:00,110596.0680349846
2022-10-13 14:00:00,110596.0680349846
2022-10-13 14:15:00,110596.0680349846
2022-10-13 14:30:00,110596.0680349846
2022-10-13 14:45:00,110349.93699516114
2022-10-13 15:00:00,110226.87147524941
2022-10-13 15:15:00,110226.54761861807
2022-10-14 09:15:00,111998.69110534692
2022-10-14 09:30:00,111929.38578623874
2022-10-14 09:45:00,112028.16205879945
2022-10-14 10:00:00,112045.97417352351
2022-10-14 10:15:00,111851.98405134687
2022-10-14 10:30:00,111855.87033092302
2022-10-14 10:45:00,111961.44759274204
2022-10-14 11:00:00,112024.59963585464
2022-10-14 11:15:00,112087.10396570452
2022-10-14 11:30:00,112048.24116994292
2022-10-14 11:45:00,112096.17195138223
2022-10-14 12:00:00,112341.97913457433
2022-10-14 12:15:00,112257.77641042421
2022-10-14 12:30:00,112156.73314144404
2022-10-14 12:45:00,111940.07305507314
2022-10-14 13:00:00,111986.06069672438
2022-10-14 13:15:00,112060.22386530276
2022-10-14 13:30:00,112115.60334926302
2022-10-14 13:45:00,111692.32273209294
2022-10-14 14:00:00,111771.34375014153
2022-10-14 14:15:00,111602.93830184128
2022-10-14 14:30:00,111605.8530115234
2022-10-14 14:45:00,111605.8530115234
2022-10-14 15:00:00,111605.8530115234
2022-10-14 15:15:00,111605.8530115234
2022-10-17 09:15:00,111605.8530115234
2022-10-17 09:30:00,111605.8530115234
2022-10-17 09:45:00,111605.8530115234
2022-10-17 10:00:00,111605.8530115234
2022-10-17 10:15:00,111605.8530115234
2022-10-17 10:30:00,111605.8530115234
2022-10-17 10:45:00,111605.8530115234
2022-10-17 11:00:00,111605.8530115234
2022-10-17 11:15:00,111605.8530115234
2022-10-17 11:30:00,111605.8530115234
2022-10-17 11:45:00,111605.8530115234
2022-10-17 12:00:00,111605.8530115234
2022-10-17 12:15:00,111707.3008357412
2022-10-17 12:30:00,111696.31603948832
2022-10-17 12:45:00,111681.45425632266
2022-10-17 13:00:00,111774.17885998667
2022-10-17 13:15:00,111917.95045800233
2022-10-17 13:30:00,111897.59627671023
2022-10-17 13:45:00,111683.0696675363
2022-10-17 14:00:00,111736.05515534432
2022-10-17 14:15:00,111794.8561235215
2022-10-17 14:30:00,111897.91935895296
2022-10-17 14:45:00,111908.58107296313
2022-10-17 15:00:00,111773.85577774396
2022-10-17 15:15:00,111919.24278697328
2022-10-18 09:15:00,112939.85959176312
2022-10-18 09:30:00,113055.19995241838
2022-10-18 09:45:00,113163.10942149081
2022-10-18 10:00:00,113102.04687761448
2022-10-18 10:15:00,113193.47915230761
2022-10-18 10:30:00,113060.04618605936
2022-10-18 10:45:00,112909.81294318907
2022-10-18 11:00:00,112969.58315809447
2022-10-18 11:15:00,112876.212389945
2022-10-18 11:30:00,112876.212389945
2022-10-18 11:45:00,112876.212389945
2022-10-18 12:00:00,112876.212389945
2022-10-18 12:15:00,112876.212389945
2022-10-18 12:30:00,112876.212389945
2022-10-18 12:45:00,112876.212389945
2022-10-18 13:00:00,112876.212389945
2022-10-18 13:15:00,112876.212389945
2022-10-18 13:30:00,112876.212389945
2022-10-18 13:45:00,112876.212389945
2022-10-18 14:00:00,112876.212389945
2022-10-18 14:15:00,112876.212389945
2022-10-18 14:30:00,112876.212389945
2022-10-18 14:45:00,112876.212389945
2022-10-18 15:00:00,112876.212389945
2022-10-18 15:15:00,112876.212389945
2022-10-19 09:15:00,112876.212389945
2022-10-19 09:30:00,112959.78011537081
2022-10-19 09:45:00,112940.81666998572
2022-10-19 10:00:00,112953.03041447105
2022-10-19 10:15:00,113122.41576562256
2022-10-19 10:30:00,113151.66446952161
2022-10-19 10:45:00,113021.17025212591
2022-10-19 11:00:00,113005.09953569787
2022-10-19 11:15:00,112989.67164792697
2022-10-19 11:30:00,112953.03041447102
2022-10-19 11:45:00,112816.75073916125
2022-10-19 12:00:00,112800.0371940761
2022-10-19 12:15:00,112768.53858987713
2022-10-19 12:30:00,112689.79207937975
2022-10-19 12:45:00,112690.11349370831
2022-10-19 13:00:00,112690.11349370831
2022-10-19 13:15:00,112690.11349370831
2022-10-19 13:30:00,112690.11349370831
2022-10-19 13:45:00,112690.11349370831
2022-10-19 14:00:00,112690.11349370831
2022-10-19 14:15:00,112690.11349370831
2022-10-19 14:30:00,112690.11349370831
2022-10-19 14:45:00,112690.11349370831
2022-10-19 15:00:00,112690.11349370831
2022-10-19 15:15:00,112690.11349370831
2022-10-20 09:15:00,112690.11349370831
2022-10-20 09:30:00,112690.11349370831
2022-10-20 09:45:00,112690.11349370831
2022-10-20 10:00:00,112690.11349370831
2022-10-20 10:15:00,112690.11349370831
2022-10-20 10:30:00,112690.11349370831
2022-10-20 10:45:00,112690.11349370831
2022-10-20 11:00:00,112690.11349370831
2022-10-20 11:15:00,112690.11349370831
2022-10-20 11:30:00,112690.11349370831
2022-10-20 11:45:00,112690.11349370831
2022-10-20 12:00:00,112690.11349370831
2022-10-20 12:15:00,112690.11349370831
2022-10-20 12:30:00,112690.11349370831
2022-10-20 12:45:00,112690.11349370831
2022-10-20 13:00:00,112641.21234932206
2022-10-20 13:15:00,112692.04380203935
2022-10-20 13:30:00,112483.24878423222
2022-10-20 13:45:00,112505.12561198395
2022-10-20 14:00:00,112640.89063126688
2022-10-20 14:15:00,112622.87442017719
2022-10-20 14:30:00,112797.24560608085
2022-10-20 14:45:00,112801.42794079808
2022-10-20 15:00:00,113033.70837663286
2022-10-20 15:15:00,113021.16137248112
2022-10-21 09:15:00,113534.94510659206
2022-10-21 09:30:00,113499.23440246789
2022-10-21 09:45:00,113462.88026223338
2022-10-21 10:00:00,113565.1866037783
2022-10-21 10:15:00,113464.8105705644
2022-10-21 10:30:00,113524.0066927162
2022-10-21 10:45:00,113436.17766365402
2022-10-21 11:00:00,113466.41916084026
2022-10-21 11:15:00,113546.2052385231
2022-10-21 11:30:00,113683.25713002674
2022-10-21 11:45:00,113518.53748577826
2022-10-21 12:00:00,113596.71497318527
2022-10-21 12:15:00,113558.10880656455
2022-10-21 12:30:00,113440.3599983713
2022-10-21 12:45:00,113614.4094662198
2022-10-21 13:00:00,113577.7336079301
2022-10-21 13:15:00,113473.17523999893
2022-10-21 13:30:00,113244.75542082624
2022-10-21 13:45:00,113259.5544513642
2022-10-21 14:00:00,113065.55846409501
2022-10-21 14:15:00,113066.20190020534
2022-10-21 14:30:00,113066.20190020534
2022-10-21 14:45:00,113066.20190020534
2022-10-21 15:00:00,113066.20190020534
2022-10-21 15:15:00,113066.20190020534
2022-10-24 18:15:00,113066.20190020534
2022-10-24 18:30:00,113036.56429165069
2022-10-24 18:45:00,113028.59719257685
2022-10-24 19:00:00,113062.3776926499
2022-10-25 09:15:00,113070.98215964963
2022-10-25 09:30:00,113146.5102588696
2022-10-25 09:45:00,113175.8291834613
2022-10-25 10:00:00,113178.69733912789
2022-10-25 10:15:00,112904.94781495091
2022-10-25 10:30:00,112824.00208836074
2022-10-25 10:45:00,112780.97975336203
2022-10-25 11:00:00,112791.81500810245
2022-10-25 11:15:00,112791.81500810245
2022-10-25 11:30:00,112791.81500810245
2022-10-25 11:45:00,112791.81500810245
2022-10-25 12:00:00,112791.81500810245
2022-10-25 12:15:00,112791.81500810245
2022-10-25 12:30:00,112791.81500810245
2022-10-25 12:45:00,112791.81500810245
2022-10-25 13:00:00,112791.81500810245
2022-10-25 13:15:00,112791.81500810245
2022-10-25 13:30:00,112791.81500810245
2022-10-25 13:45:00,112791.81500810245
2022-10-25 14:00:00,112791.81500810245
2022-10-25 14:15:00,112704.23309068383
2022-10-25 14:30:00,112794.0443660004
2022-10-25 14:45:00,112708.69180647969
2022-10-25 15:00:00,112434.16230533477
2022-10-25 15:15:00,112376.51747968834
2022-10-27 09:15:00,113162.20689885833
2022-10-27 09:30:00,113223.67348090124
2022-10-27 09:45:00,113031.31174227996
2022-10-27 10:00:00,112941.81894666312
2022-10-27 10:15:00,112989.27242191901
2022-10-27 10:30:00,112894.3654714072
2022-10-27 10:45:00,112917.61448948558
2022-10-27 11:00:00,112969.52668053735
2022-10-27 11:15:00,112884.81108041607
2022-10-27 11:30:00,112885.44803981547
2022-10-27 11:45:00,112885.44803981547
2022-10-27 12:00:00,112885.44803981547
2022-10-27 12:15:00,112885.44803981547
2022-10-27 12:30:00,112885.44803981547
2022-10-27 12:45:00,112885.44803981547
2022-10-27 13:00:00,112885.44803981547
2022-10-27 13:15:00,112885.44803981547
2022-10-27 13:30:00,112885.44803981547
2022-10-27 13:45:00,112885.44803981547
2022-10-27 14:00:00,112885.44803981547
2022-10-27 14:15:00,112885.44803981547
2022-10-27 14:30:00,112885.44803981547
2022-10-27 14:45:00,112885.44803981547
2022-10-27 15:00:00,112885.44803981547
2022-10-27 15:15:00,112885.44803981547
2022-10-28 09:15:00,112885.44803981547
2022-10-28 09:30:00,112999.31227624981
2022-10-28 09:45:00,112909.2358329424
2022-10-28 10:00:00,113123.32597108498
2022-10-28 10:15:00,113010.73041695074
2022-10-28 10:30:00,112912.40753869267
2022-10-28 10:45:00,112868.32082876404
2022-10-28 11:00:00,112820.42807193512
2022-10-28 11:15:00,112777.92721488162
2022-10-28 11:30:00,112708.46685895092
2022-10-28 11:45:00,112754.4565923297
2022-10-28 12:00:00,112741.76976932866
2022-10-28 12:15:00,112668.18619592262
2022-10-28 12:30:00,112719.25065850181
2022-10-28 12:45:00,112553.37044776318
2022-10-28 13:00:00,112551.78459488806
2022-10-28 13:15:00,112551.78459488806
2022-10-28 13:30:00,112551.78459488806
2022-10-28 13:45:00,112551.78459488806
2022-10-28 14:00:00,112551.78459488806
2022-10-28 14:15:00,112551.78459488806
2022-10-28 14:30:00,112551.78459488806
2022-10-28 14:45:00,112551.78459488806
2022-10-28 15:00:00,112551.78459488806
2022-10-28 15:15:00,112551.78459488806
2022-10-31 09:15:00,112813.83691242816
2022-10-31 09:30:00,112825.46273466914
2022-10-31 09:45:00,112741.56828768688
2022-10-31 10:00:00,112853.4275503299
2022-10-31 10:15:00,112821.06377490227
2022-10-31 10:30:00,112783.67261688395
2022-10-31 10:45:00,112798.44055324415
2022-10-31 11:00:00,112904.64401047262
2022-10-31 11:15:00,112992.30899439793
2022-10-31 11:30:00,112939.20726578368
2022-10-31 11:45:00,113008.01956499385
2022-10-31 12:00:00,113002.36375957934
2022-10-31 12:15:00,113037.86964912614
2022-10-31 12:30:00,112967.17208144446
2022-10-31 12:45:00,112969.3715613279
2022-10-31 13:00:00,112933.8656717811
2022-10-31 13:15:00,112972.82788685901
2022-10-31 13:30:00,112909.04297023953
2022-10-31 13:45:00,112843.05857373662
2022-10-31 14:00:00,112844.62963079622
2022-10-31 14:15:00,112935.12251742877
2022-10-31 14:30:00,112959.00258473458
2022-10-31 14:45:00,112985.71055474767
2022-10-31 15:00:00,113228.91018757266
2022-10-31 15:15:00,113214.77067403632
2022-11-01 09:15:00,113869.9014678866
2022-11-01 09:30:00,113889.69678683746
2022-11-01 09:45:00,114002.18447230433
2022-11-01 10:00:00,114127.55482565986
2022-11-01 10:15:00,114100.21843282292
2022-11-01 10:30:00,114171.54442332845
2022-11-01 10:45:00,114164.0033494424
2022-11-01 11:00:00,114091.10630187728
2022-11-01 11:15:00,113985.53126747262
2022-11-01 11:30:00,113989.30180441563
2022-11-01 11:45:00,114061.88464056882
2022-11-01 12:00:00,113898.49470637116
2022-11-01 12:15:00,113939.02797850866
2022-11-01 12:30:00,113890.6394210732
2022-11-01 12:45:00,113847.59245764035
2022-11-01 13:00:00,113546.57792502233
2022-11-01 13:15:00,113541.23633101971
2022-11-01 13:30:00,113541.23633101971
2022-11-01 13:45:00,113541.23633101971
2022-11-01 14:00:00,113541.23633101971
2022-11-01 14:15:00,113541.23633101971
2022-11-01 14:30:00,113541.23633101971
2022-11-01 14:45:00,113541.23633101971
2022-11-01 15:00:00,113541.23633101971
2022-11-01 15:15:00,113541.23633101971
2022-11-02 09:15:00,113541.23633101971
2022-11-02 09:30:00,113541.23633101971
2022-11-02 09:45:00,113541.23633101971
2022-11-02 10:00:00,113541.23633101971
2022-11-02 10:15:00,113541.23633101971
2022-11-02 10:30:00,113541.23633101971
2022-11-02 10:45:00,113541.23633101971
2022-11-02 11:00:00,113541.23633101971
2022-11-02 11:15:00,113541.23633101971
2022-11-02 11:30:00,113541.23633101971
2022-11-02 11:45:00,113541.23633101971
2022-11-02 12:00:00,113541.23633101971
2022-11-02 12:15:00,113541.23633101971
2022-11-02 12:30:00,113541.23633101971
2022-11-02 12:45:00,113541.23633101971
2022-11-02 13:00:00,113541.23633101971
2022-11-02 13:15:00,113541.23633101971
2022-11-02 13:30:00,113541.23633101971
2022-11-02 13:45:00,113541.23633101971
2022-11-02 14:00:00,113541.23633101971
2022-11-02 14:15:00,113541.23633101971
2022-11-02 14:30:00,113541.23633101971
2022-11-02 14:45:00,113541.23633101971
2022-11-02 15:00:00,113541.23633101971
2022-11-02 15:15:00,113541.23633101971
2022-11-03 09:15:00,113541.23633101971
2022-11-03 09:30:00,113541.23633101971
2022-11-03 09:45:00,113541.23633101971
2022-11-03 10:00:00,113541.23633101971
2022-11-03 10:15:00,113541.23633101971
2022-11-03 10:30:00,113541.23633101971
2022-11-03 10:45:00,113541.23633101971
2022-11-03 11:00:00,113541.23633101971
2022-11-03 11:15:00,113541.23633101971
2022-11-03 11:30:00,113541.23633101971
2022-11-03 11:45:00,113541.23633101971
2022-11-03 12:00:00,113541.23633101971
2022-11-03 12:15:00,113541.23633101971
2022-11-03 12:30:00,113541.23633101971
2022-11-03 12:45:00,113541.23633101971
2022-11-03 13:00:00,113541.23633101971
2022-11-03 13:15:00,113541.23633101971
2022-11-03 13:30:00,113541.23633101971
2022-11-03 13:45:00,113541.23633101971
2022-11-03 14:00:00,113541.23633101971
2022-11-03 14:15:00,113541.23633101971
2022-11-03 14:30:00,113541.23633101971
2022-11-03 14:45:00,113541.23633101971
2022-11-03 15:00:00,113541.23633101971
2022-11-03 15:15:00,113541.23633101971
2022-11-04 09:15:00,113541.23633101971
2022-11-04 09:30:00,113396.8321552643
2022-11-04 09:45:00,113231.08127526681
2022-11-04 10:00:00,113225.43067708507
2022-11-04 10:15:00,113188.07394466139
2022-11-04 10:30:00,113157.62349890427
2022-11-04 10:45:00,113153.54251132856
2022-11-04 11:00:00,113153.54251132856
2022-11-04 11:15:00,113153.54251132856
2022-11-04 11:30:00,113153.54251132856
2022-11-04 11:45:00,113153.54251132856
2022-11-04 12:00:00,113153.54251132856
2022-11-04 12:15:00,113153.54251132856
2022-11-04 12:30:00,113153.54251132856
2022-11-04 12:45:00,113153.54251132856
2022-11-04 13:00:00,113153.54251132856
2022-11-04 13:15:00,113153.54251132856
2022-11-04 13:30:00,113152.60255732789
2022-11-04 13:45:00,113122.2107113055
2022-11-04 14:00:00,113149.15605932532
2022-11-04 14:15:00,113203.9867093657
2022-11-04 14:30:00,113239.70496139201
2022-11-04 14:45:00,113284.1961174248
2022-11-04 15:00:00,113572.13535963683
2022-11-04 15:15:00,113595.9475276544
2022-11-07 09:15:00,114045.87217598573
2022-11-07 09:30:00,113870.41409585651
2022-11-07 09:45:00,113741.64039776169
2022-11-07 10:00:00,113688.68965572269
2022-11-07 10:15:00,113684.30320371945
2022-11-07 10:30:00,113660.17771770169
2022-11-07 10:45:00,113533.28392760824
2022-11-07 11:00:00,113535.47715360984
2022-11-07 11:15:00,113535.47715360984
2022-11-07 11:30:00,113535.47715360984
2022-11-07 11:45:00,113535.47715360984
2022-11-07 12:00:00,113535.47715360984
2022-11-07 12:15:00,113535.47715360984
2022-11-07 12:30:00,113535.47715360984
2022-11-07 12:45:00,113535.47715360984
2022-11-07 13:00:00,113535.47715360984
2022-11-07 13:15:00,113535.47715360984
2022-11-07 13:30:00,113535.47715360984
2022-11-07 13:45:00,113535.47715360984
2022-11-07 14:00:00,113535.47715360984
2022-11-07 14:15:00,113535.47715360984
2022-11-07 14:30:00,113535.47715360984
2022-11-07 14:45:00,113523.60403183669
2022-11-07 15:00:00,113746.06883979705
2022-11-07 15:15:00,113752.94275240257
2022-11-09 09:15:00,113936.03878816773
2022-11-09 09:30:00,113940.4130961894
2022-11-09 09:45:00,113850.11488059876
2022-11-09 10:00:00,113875.42337700998
2022-11-09 10:15:00,113828.55579106328
2022-11-09 10:30:00,113791.37417287889
2022-11-09 10:45:00,113676.70481259594
2022-11-09 11:00:00,113665.76904254171
2022-11-09 11:15:00,113674.83010915805
2022-11-09 11:30:00,113615.15204971925
2022-11-09 11:45:00,113618.901456595
2022-11-09 12:00:00,113618.901456595
2022-11-09 12:15:00,113618.901456595
2022-11-09 12:30:00,113618.901456595
2022-11-09 12:45:00,113618.901456595
2022-11-09 13:00:00,113618.901456595
2022-11-09 13:15:00,113618.901456595
2022-11-09 13:30:00,113618.901456595
2022-11-09 13:45:00,113618.901456595
2022-11-09 14:00:00,113618.901456595
2022-11-09 14:15:00,113618.901456595
2022-11-09 14:30:00,113618.901456595
2022-11-09 14:45:00,113618.901456595
2022-11-09 15:00:00,113618.901456595
2022-11-09 15:15:00,113618.901456595
2022-11-10 09:15:00,113618.901456595
2022-11-10 09:30:00,113618.901456595
2022-11-10 09:45:00,113618.901456595
2022-11-10 10:00:00,113618.901456595
2022-11-10 10:15:00,113618.901456595
2022-11-10 10:30:00,113618.901456595
2022-11-10 10:45:00,113618.901456595
2022-11-10 11:00:00,113618.901456595
2022-11-10 11:15:00,113618.901456595
2022-11-10 11:30:00,113618.901456595
2022-11-10 11:45:00,113618.901456595
2022-11-10 12:00:00,113618.901456595
2022-11-10 12:15:00,113618.901456595
2022-11-10 12:30:00,113618.901456595
2022-11-10 12:45:00,113618.901456595
2022-11-10 13:00:00,113618.901456595
2022-11-10 13:15:00,113618.901456595
2022-11-10 13:30:00,113618.901456595
2022-11-10 13:45:00,113618.901456595
2022-11-10 14:00:00,113618.901456595
2022-11-10 14:15:00,113618.901456595
2022-11-10 14:30:00,113618.901456595
2022-11-10 14:45:00,113618.901456595
2022-11-10 15:00:00,113618.901456595
2022-11-10 15:15:00,113618.901456595
2022-11-11 09:15:00,113618.901456595
2022-11-11 09:30:00,113587.54597899613
2022-11-11 09:45:00,113585.99372762984
2022-11-11 10:00:00,113690.30501944393
2022-11-11 10:15:00,113614.86560304266
2022-11-11 10:30:00,113570.78166424026
2022-11-11 10:45:00,113692.78862162997
2022-11-11 11:00:00,113686.89006643809
2022-11-11 11:15:00,113705.51708283347
2022-11-11 11:30:00,113757.05182819402
2022-11-11 11:45:00,113786.54460415336
2022-11-11 12:00:00,113751.77417354866
2022-11-11 12:15:00,113861.98402055462
2022-11-11 12:30:00,113878.74833531048
2022-11-11 12:45:00,113761.08768174634
2022-11-11 13:00:00,113779.40424786847
2022-11-11 13:15:00,113767.29668721148
2022-11-11 13:30:00,113745.8756183568
2022-11-11 13:45:00,113876.88563367093
2022-11-11 14:00:00,113920.96957247333
2022-11-11 14:15:00,113871.29752875233
2022-11-11 14:30:00,113878.74833531049
2022-11-11 14:45:00,113877.50653421746
2022-11-11 15:00:00,113931.52488176405
2022-11-11 15:15:00,113968.15801400827
2022-11-14 09:15:00,114156.60132987483
2022-11-14 09:30:00,114151.63412550271
2022-11-14 09:45:00,114042.04517904327
2022-11-14 10:00:00,113942.70109160127
2022-11-14 10:15:00,113813.86422819992
2022-11-14 10:30:00,113916.93371892099
2022-11-14 10:45:00,113970.02071564781
2022-11-14 11:00:00,113909.48291236284
2022-11-14 11:15:00,113883.09463913606
2022-11-14 11:30:00,113890.54544569422
2022-11-14 11:45:00,113861.05266973488
2022-11-14 12:00:00,113852.36006208372
2022-11-14 12:15:00,113870.05572765933
2022-11-14 12:30:00,113798.03126426389
2022-11-14 12:45:00,113798.96261508364
2022-11-14 13:00:00,113798.96261508364
2022-11-14 13:15:00,113798.96261508364
2022-11-14 13:30:00,113798.96261508364
2022-11-14 13:45:00,113798.96261508364
2022-11-14 14:00:00,113798.96261508364
2022-11-14 14:15:00,113732.0686851305
2022-11-14 14:30:00,113628.63084899927
2022-11-14 14:45:00,113593.32571930176
2022-11-14 15:00:00,113536.6516953137
2022-11-14 15:15:00,113473.4740948024
2022-11-15 09:15:00,113538.20016591446
2022-11-15 09:30:00,113550.89762484073
2022-11-15 09:45:00,113373.13319987267
2022-11-15 10:00:00,113394.50209416325
2022-11-15 10:15:00,113346.49950553948
2022-11-15 10:30:00,113296.94844631494
2022-11-15 10:45:00,113299.42599927618
2022-11-15 11:00:00,113299.42599927618
2022-11-15 11:15:00,113299.42599927618
2022-11-15 11:30:00,113299.42599927618
2022-11-15 11:45:00,113299.42599927618
2022-11-15 12:00:00,113299.42599927618
2022-11-15 12:15:00,113299.42599927618
2022-11-15 12:30:00,113299.42599927618
2022-11-15 12:45:00,113299.42599927618
2022-11-15 13:00:00,113299.42599927618
2022-11-15 13:15:00,113299.42599927618
2022-11-15 13:30:00,113320.12131238045
2022-11-15 13:45:00,113175.87189119111
2022-11-15 14:00:00,113178.03408808261
2022-11-15 14:15:00,113292.93940860173
2022-11-15 14:30:00,113304.67704886982
2022-11-15 14:45:00,113410.31581128253
2022-11-15 15:00:00,113710.55229392924
2022-11-15 15:15:00,113802.90898972283
2022-11-16 09:15:00,113474.87283275698
2022-11-16 09:30:00,113456.95748708464
2022-11-16 09:45:00,113522.13227909952
2022-11-16 10:00:00,113657.11514218248
2022-11-16 10:15:00,113679.97265217821
2022-11-16 10:30:00,113766.15164256754
2022-11-16 10:45:00,113891.55906227391
2022-11-16 11:00:00,113800.74679283139
2022-11-16 11:15:00,113857.2727972803
2022-11-16 11:30:00,113767.0782983782
2022-11-16 11:45:00,113708.698982308
2022-11-16 12:00:00,113692.0191777165
2022-11-16 12:15:00,113764.91610148671
2022-11-16 12:30:00,113735.57200081651
2022-11-16 12:45:00,113771.09380689097
2022-11-16 13:00:00,113731.24760703354
2022-11-16 13:15:00,113775.41820067394
2022-11-16 13:30:00,113869.93709335905
2022-11-16 13:45:00,113825.14872917823
2022-11-16 14:00:00,113582.36490679106
2022-11-16 14:15:00,113553.02080612085
2022-11-16 14:30:00,113435.95328871027
2022-11-16 14:45:00,113668.23501191018
2022-11-16 15:00:00,113744.22078838249
2022-11-16 15:15:00,113678.11934055698
2022-11-17 09:15:00,113583.29156260169
2022-11-17 09:30:00,113589.16038273573
2022-11-17 09:45:00,113589.16038273573
2022-11-17 10:00:00,113589.16038273573
2022-11-17 10:15:00,113589.16038273573
2022-11-17 10:30:00,113589.16038273573
2022-11-17 10:45:00,113589.16038273573
2022-11-17 11:00:00,113589.16038273573
2022-11-17 11:15:00,113589.16038273573
2022-11-17 11:30:00,113589.16038273573
2022-11-17 11:45:00,113589.16038273573
2022-11-17 12:00:00,113589.16038273573
2022-11-17 12:15:00,113589.16038273573
2022-11-17 12:30:00,113589.16038273573
2022-11-17 12:45:00,113589.16038273573
2022-11-17 13:00:00,113589.16038273573
2022-11-17 13:15:00,113589.16038273573
2022-11-17 13:30:00,113562.92054734136
2022-11-17 13:45:00,113608.91743526794
2022-11-17 14:00:00,113632.99634304158
2022-11-17 14:15:00,113503.34068579884
2022-11-17 14:30:00,113578.66444857795
2022-11-17 14:45:00,113442.8347124189
2022-11-17 15:00:00,113128.5740955782
2022-11-17 15:15:00,113195.25414787444
2022-11-18 09:15:00,113147.40503627295
2022-11-18 09:30:00,113088.7512865679
2022-11-18 09:45:00,113096.46888521331
2022-11-18 10:00:00,113096.46888521331
2022-11-18 10:15:00,113096.46888521331
2022-11-18 10:30:00,113096.46888521331
2022-11-18 10:45:00,113096.46888521331
2022-11-18 11:00:00,113096.46888521331
2022-11-18 11:15:00,113096.46888521331
2022-11-18 11:30:00,113096.46888521331
2022-11-18 11:45:00,113096.46888521331
2022-11-18 12:00:00,113096.46888521331
2022-11-18 12:15:00,113096.46888521331
2022-11-18 12:30:00,113096.46888521331
2022-11-18 12:45:00,113096.46888521331
2022-11-18 13:00:00,113096.46888521331
2022-11-18 13:15:00,113096.46888521331
2022-11-18 13:30:00,113096.46888521331
2022-11-18 13:45:00,113096.46888521331
2022-11-18 14:00:00,113096.46888521331
2022-11-18 14:15:00,113096.46888521331
2022-11-18 14:30:00,113096.46888521331
2022-11-18 14:45:00,113096.46888521331
2022-11-18 15:00:00,113096.46888521331
2022-11-18 15:15:00,113096.46888521331
2022-11-21 09:15:00,113096.46888521331
2022-11-21 09:30:00,113096.46888521331
2022-11-21 09:45:00,113096.46888521331
2022-11-21 10:00:00,113096.46888521331
2022-11-21 10:15:00,113096.46888521331
2022-11-21 10:30:00,113096.46888521331
2022-11-21 10:45:00,113096.46888521331
2022-11-21 11:00:00,113096.46888521331
2022-11-21 11:15:00,113096.46888521331
2022-11-21 11:30:00,113096.46888521331
2022-11-21 11:45:00,113096.46888521331
2022-11-21 12:00:00,113096.46888521331
2022-11-21 12:15:00,113096.46888521331
2022-11-21 12:30:00,113096.46888521331
2022-11-21 12:45:00,113096.46888521331
2022-11-21 13:00:00,113096.46888521331
2022-11-21 13:15:00,113096.46888521331
2022-11-21 13:30:00,113096.46888521331
2022-11-21 13:45:00,113096.46888521331
2022-11-21 14:00:00,113096.46888521331
2022-11-21 14:15:00,113096.46888521331
2022-11-21 14:30:00,113096.46888521331
2022-11-21 14:45:00,113096.46888521331
2022-11-21 15:00:00,113096.46888521331
2022-11-21 15:15:00,113096.46888521331
2022-11-22 09:15:00,113096.46888521331
2022-11-22 09:30:00,113096.46888521331
2022-11-22 09:45:00,113096.46888521331
2022-11-22 10:00:00,113096.46888521331
2022-11-22 10:15:00,113135.91427984825
2022-11-22 10:30:00,113119.4528159455
2022-11-22 10:45:00,113071.93198618841
2022-11-22 11:00:00,113097.71125984748
2022-11-22 11:15:00,113066.34130033465
2022-11-22 11:30:00,113154.5498993608
2022-11-22 11:45:00,113172.25373789776
2022-11-22 12:00:00,113162.62533448293
2022-11-22 12:15:00,113181.57154765405
2022-11-22 12:30:00,113143.05793399473
2022-11-22 12:45:00,113109.82441253065
2022-11-22 13:00:00,113092.7417613108
2022-11-22 13:15:00,113139.33081009221
2022-11-22 13:30:00,113134.3613115555
2022-11-22 13:45:00,113184.67748423945
2022-11-22 14:00:00,113111.37738082334
2022-11-22 14:15:00,113157.96642960476
2022-11-22 14:30:00,113066.03070667606
2022-11-22 14:45:00,113185.91985887363
2022-11-22 15:00:00,113363.2688379016
2022-11-22 15:15:00,113376.00317790186
2022-11-23 09:15:00,113667.0294359565
2022-11-23 09:30:00,113536.89069302706
2022-11-23 09:45:00,113487.50630131875
2022-11-23 10:00:00,113491.54401887978
2022-11-23 10:15:00,113428.18291253706
2022-11-23 10:30:00,113430.97825546394
2022-11-23 10:45:00,113509.86904473384
2022-11-23 11:00:00,113487.81689497731
2022-11-23 11:15:00,113511.42201302656
2022-11-23 11:30:00,113509.24785741678
2022-11-23 11:45:00,113543.10256619794
2022-11-23 12:00:00,113554.2839379055
2022-11-23 12:15:00,113481.29442814793
2022-11-23 12:30:00,113489.05926961149
2022-11-23 12:45:00,113552.42037595424
2022-11-23 13:00:00,113514.83854327054
2022-11-23 13:15:00,113501.48301595321
2022-11-23 13:30:00,113528.1940705879
2022-11-23 13:45:00,113581.30558619871
2022-11-23 14:00:00,113612.364952053
2022-11-23 14:15:00,113635.65947644372
2022-11-23 14:30:00,113688.14980473746
2022-11-23 14:45:00,113739.08716473849
2022-11-23 15:00:00,113500.24064131902
2022-11-23 15:15:00,113392.15404814608
2022-11-24 09:15:00,113702.4371130304
2022-11-24 09:30:00,113943.45779205966
2022-11-24 09:45:00,113951.22263352323
2022-11-24 10:00:00,113999.36465059736
2022-11-24 10:15:00,114065.21050620846
2022-11-24 10:30:00,114105.89827547756
2022-11-24 10:45:00,114102.79233889213
2022-11-24 11:00:00,114081.05078279413
2022-11-24 11:15:00,114071.4223793793
2022-11-24 11:30:00,114135.71526669766
2022-11-24 11:45:00,114117.39024084363
2022-11-24 12:00:00,114201.2505286502
2022-11-24 12:15:00,114163.35810230798
2022-11-24 12:30:00,114182.92550279619
2022-11-24 12:45:00,114258.71035548064
2022-11-24 13:00:00,114178.88778523513
2022-11-24 13:15:00,114141.92713986852
2022-11-24 13:30:00,114162.7369149909
2022-11-24 13:45:00,114186.34203304016
2022-11-24 14:00:00,114308.09474718894
2022-11-24 14:15:00,114269.58113352962
2022-11-24 14:30:00,114251.56670133414
2022-11-24 14:45:00,114306.23118523769
2022-11-24 15:00:00,114812.49884866255
2022-11-24 15:15:00,114987.05248476363
2022-11-25 09:15:00,114787.34076232059
2022-11-25 09:30:00,114639.80877451273
2022-11-25 09:45:00,114692.92029012357
2022-11-25 10:00:00,114777.09117158869
2022-11-25 10:15:00,114829.89209354098
2022-11-25 10:30:00,114889.52607598122
2022-11-25 10:45:00,114782.68185744247
2022-11-25 11:00:00,114680.49654378186
2022-11-25 11:15:00,114734.22924670979
2022-11-25 11:30:00,114689.81435353815
2022-11-25 11:45:00,114625.83205987833
2022-11-25 12:00:00,114690.12494719669
2022-11-25 12:15:00,114752.86486622234
2022-11-25 12:30:00,114776.15939061304
2022-11-25 12:45:00,114851.94424329749
2022-11-25 13:00:00,114824.92259500427
2022-11-25 13:15:00,114823.99081402864
2022-11-25 13:30:00,114829.58149988242
2022-11-25 13:45:00,114925.86553403072
2022-11-25 14:00:00,114838.58871598018
2022-11-25 14:15:00,114895.73794915207
2022-11-25 14:30:00,114935.18334378701
2022-11-25 14:45:00,115005.37751061769
2022-11-25 15:00:00,115072.7763345215
2022-11-25 15:15:00,114909.71466378651
2022-11-28 09:15:00,115046.06527988681
2022-11-28 09:30:00,115157.56840330371
2022-11-28 09:45:00,115113.77469744917
2022-11-28 10:00:00,115166.57561940147
2022-11-28 10:15:00,115242.36047208593
2022-11-28 10:30:00,115163.46968281604
2022-11-28 10:45:00,115252.61006281782
2022-11-28 11:00:00,115324.66779159977
2022-11-28 11:15:00,115301.37326720906
2022-11-28 11:30:00,115415.98232721137
2022-11-28 11:45:00,115456.98069013901
2022-11-28 12:00:00,115500.46380233501
2022-11-28 12:15:00,115525.00070135991
2022-11-28 12:30:00,115412.25520330884
2022-11-28 12:45:00,115550.15878770189
2022-11-28 13:00:00,115583.39230916595
2022-11-28 13:15:00,115518.47823453051
2022-11-28 13:30:00,115612.27751941046
2022-11-28 13:45:00,115580.28637258054
2022-11-28 14:00:00,115429.95904184581
2022-11-28 14:15:00,115483.6917447737
2022-11-28 14:30:00,115533.6973237991
2022-11-28 14:45:00,115515.06170428653
2022-11-28 15:00:00,115321.56185501434
2022-11-28 15:15:00,115251.36768818366
2022-11-29 09:15:00,115245.46640867135
2022-11-29 09:30:00,115245.46640867135
2022-11-29 09:45:00,115245.46640867135
2022-11-29 10:00:00,115245.46640867135
2022-11-29 10:15:00,115294.02780233402
2022-11-29 10:30:00,115291.5533364149
2022-11-29 10:45:00,115359.29184095071
2022-11-29 11:00:00,115418.98833124938
2022-11-29 11:15:00,115349.08466903436
2022-11-29 11:30:00,115394.86228853802
2022-11-29 11:45:00,115329.90755816123
2022-11-29 12:00:00,115476.82897210875
2022-11-29 12:15:00,115460.74494363448
2022-11-29 12:30:00,115483.63375338631
2022-11-29 12:45:00,115418.36971476962
2022-11-29 13:00:00,115439.71198332202
2022-11-29 13:15:00,115433.52581852423
2022-11-29 13:30:00,115501.8829395398
2022-11-29 13:45:00,115453.94016235694
2022-11-29 14:00:00,115415.27663237076
2022-11-29 14:15:00,115315.67937912635
2022-11-29 14:30:00,115249.1781075501
2022-11-29 14:45:00,115273.30415026147
2022-11-29 15:00:00,115152.36462846467
2022-11-29 15:15:00,115157.3135603029
2022-11-30 09:15:00,115157.3135603029
2022-11-30 09:30:00,115157.3135603029
2022-11-30 09:45:00,115157.3135603029
2022-11-30 10:00:00,115157.3135603029
2022-11-30 10:15:00,115157.3135603029
2022-11-30 10:30:00,115157.3135603029
2022-11-30 10:45:00,115157.3135603029
2022-11-30 11:00:00,115157.3135603029
2022-11-30 11:15:00,115157.3135603029
2022-11-30 11:30:00,115157.3135603029
2022-11-30 11:45:00,115157.3135603029
2022-11-30 12:00:00,115157.3135603029
2022-11-30 12:15:00,115157.3135603029
2022-11-30 12:30:00,115157.3135603029
2022-11-30 12:45:00,115178.92247714908
2022-11-30 13:00:00,115266.28424097014
2022-11-30 13:15:00,115232.32737164041
2022-11-30 13:30:00,115207.32276786125
2022-11-30 13:45:00,115230.47517876788
2022-11-30 14:00:00,115244.05792649975
2022-11-30 14:15:00,115374.94622282527
2022-11-30 14:30:00,115383.89848837585
2022-11-30 14:45:00,115304.87159248121
2022-11-30 15:00:00,115855.89897205916
2022-11-30 15:15:00,115928.44319289997
2022-12-01 09:15:00,116410.3220385701
2022-12-01 09:30:00,116491.20112733728
2022-12-01 09:45:00,116335.30822723258
2022-12-01 10:00:00,116336.23432366886
2022-12-01 10:15:00,116280.66853749294
2022-12-01 10:30:00,116243.62468004233
2022-12-01 10:45:00,116340.86480585021
2022-12-01 11:00:00,116319.5645878161
2022-12-01 11:15:00,116285.91641729845
2022-12-01 11:30:00,116238.68549904892
2022-12-01 11:45:00,116202.56773803456
2022-12-01 12:00:00,116284.06422442592
2022-12-01 12:15:00,116355.68234883047
2022-12-01 12:30:00,116331.60384148755
2022-12-01 12:45:00,116338.08651654141
2022-12-01 13:00:00,116340.86480585021
2022-12-01 13:15:00,116169.84566395318
2022-12-01 13:30:00,116122.30604689155
2022-12-01 13:45:00,116025.99201751995
2022-12-01 14:00:00,116221.70706438406
2022-12-01 14:15:00,116285.91641729845
2022-12-01 14:30:00,116199.48074991367
2022-12-01 14:45:00,116267.39448857315
2022-12-01 15:00:00,116121.07125164322
2022-12-01 15:15:00,116076.61862270247
2022-12-02 09:15:00,115627.15315230163
2022-12-02 09:30:00,115628.0792487379
2022-12-02 09:45:00,115628.0792487379
2022-12-02 10:00:00,115628.0792487379
2022-12-02 10:15:00,115628.0792487379
2022-12-02 10:30:00,115628.0792487379
2022-12-02 10:45:00,115628.0792487379
2022-12-02 11:00:00,115628.0792487379
2022-12-02 11:15:00,115628.0792487379
2022-12-02 11:30:00,115628.0792487379
2022-12-02 11:45:00,115628.0792487379
2022-12-02 12:00:00,115628.0792487379
2022-12-02 12:15:00,115628.0792487379
2022-12-02 12:30:00,115628.0792487379
2022-12-02 12:45:00,115628.0792487379
2022-12-02 13:00:00,115628.0792487379
2022-12-02 13:15:00,115628.0792487379
2022-12-02 13:30:00,115628.0792487379
2022-12-02 13:45:00,115628.0792487379
2022-12-02 14:00:00,115617.5616995941
2022-12-02 14:15:00,115720.8811529478
2022-12-02 14:30:00,115599.00131875211
2022-12-02 14:45:00,115653.13576287455
2022-12-02 15:00:00,115658.39453744644
2022-12-02 15:15:00,115725.21190847758
2022-12-05 09:15:00,115407.21071671828
2022-12-05 09:30:00,115409.99477384458
2022-12-05 09:45:00,115089.209524959
2022-12-05 10:00:00,115054.56348072062
2022-12-05 10:15:00,115056.41951880482
2022-12-05 10:30:00,115056.41951880482
2022-12-05 10:45:00,115056.41951880482
2022-12-05 11:00:00,115056.41951880482
2022-12-05 11:15:00,115056.41951880482
2022-12-05 11:30:00,115056.41951880482
2022-12-05 11:45:00,115056.41951880482
2022-12-05 12:00:00,115056.41951880482
2022-12-05 12:15:00,115331.61734238183
2022-12-05 12:30:00,115237.62480465395
2022-12-05 12:45:00,115151.9529178069
2022-12-05 13:00:00,115119.90300330297
2022-12-05 13:15:00,115020.97970949758
2022-12-05 13:30:00,114897.40263530455
2022-12-05 13:45:00,114911.2703867726
2022-12-05 14:00:00,114944.55299029592
2022-12-05 14:15:00,115137.46882182917
2022-12-05 14:30:00,115034.53928871079
2022-12-05 14:45:00,115093.09201713142
2022-12-05 15:00:00,115355.65477825973
2022-12-05 15:15:00,115219.75081387289
2022-12-06 09:15:00,114693.70077485172
2022-12-06 09:30:00,114599.70823712386
2022-12-06 09:45:00,114824.98215541588
2022-12-06 10:00:00,114860.42196472311
2022-12-06 10:15:00,114828.68022247401
2022-12-06 10:30:00,114852.71765835196
2022-12-06 10:45:00,114847.78690227444
2022-12-06 11:00:00,114683.83926269665
2022-12-06 11:15:00,114684.45560720637
2022-12-06 11:30:00,114684.45560720637
2022-12-06 11:45:00,114684.45560720637
2022-12-06 12:00:00,114684.45560720637
2022-12-06 12:15:00,114684.45560720637
2022-12-06 12:30:00,114684.45560720637
2022-12-06 12:45:00,114684.45560720637
2022-12-06 13:00:00,114684.45560720637
2022-12-06 13:15:00,114684.45560720637
2022-12-06 13:30:00,114684.45560720637
2022-12-06 13:45:00,114684.45560720637
2022-12-06 14:00:00,114684.45560720637
2022-12-06 14:15:00,114684.45560720637
2022-12-06 14:30:00,114684.45560720637
2022-12-06 14:45:00,114684.45560720637
2022-12-06 15:00:00,114684.45560720637
2022-12-06 15:15:00,114684.45560720637
2022-12-07 09:15:00,114684.45560720637
2022-12-07 09:30:00,114684.45560720637
2022-12-07 09:45:00,114684.45560720637
2022-12-07 10:00:00,114765.01749219798
2022-12-07 10:15:00,114719.50925182103
2022-12-07 10:30:00,114552.54320773539
2022-12-07 10:45:00,114266.57926482627
2022-12-07 11:00:00,114294.25319478521
2022-12-07 11:15:00,114281.3386941377
2022-12-07 11:30:00,114257.04713339594
2022-12-07 11:45:00,114279.18627736311
2022-12-07 12:00:00,114351.13849525638
2022-12-07 12:15:00,114297.02058778108
2022-12-07 12:30:00,114215.84372656819
2022-12-07 12:45:00,114210.30894057639
2022-12-07 13:00:00,114210.30894057639
2022-12-07 13:15:00,114210.30894057639
2022-12-07 13:30:00,114210.30894057639
2022-12-07 13:45:00,114210.30894057639
2022-12-07 14:00:00,114210.30894057639
2022-12-07 14:15:00,114210.30894057639
2022-12-07 14:30:00,114210.30894057639
2022-12-07 14:45:00,114210.30894057639
2022-12-07 15:00:00,114210.30894057639
2022-12-07 15:15:00,114210.30894057639
2022-12-08 09:15:00,114210.30894057639
2022-12-08 09:30:00,114210.30894057639
2022-12-08 09:45:00,114210.30894057639
2022-12-08 10:00:00,114210.30894057639
2022-12-08 10:15:00,114210.30894057639
2022-12-08 10:30:00,114210.30894057639
2022-12-08 10:45:00,114210.30894057639
2022-12-08 11:00:00,114210.30894057639
2022-12-08 11:15:00,114210.30894057639
2022-12-08 11:30:00,114210.30894057639
2022-12-08 11:45:00,114210.30894057639
2022-12-08 12:00:00,114210.30894057639
2022-12-08 12:15:00,114210.30894057639
2022-12-08 12:30:00,114210.30894057639
2022-12-08 12:45:00,114210.30894057639
2022-12-08 13:00:00,114210.30894057639
2022-12-08 13:15:00,114210.30894057639
2022-12-08 13:30:00,114210.30894057639
2022-12-08 13:45:00,114210.30894057639
2022-12-08 14:00:00,114210.30894057639
2022-12-08 14:15:00,114210.30894057639
2022-12-08 14:30:00,114210.30894057639
2022-12-08 14:45:00,114210.30894057639
2022-12-08 15:00:00,114210.30894057639
2022-12-08 15:15:00,114218.28576343895
2022-12-09 09:15:00,114287.62276216719
2022-12-09 09:30:00,114288.54316480516
2022-12-09 09:45:00,114291.30437271911
2022-12-09 10:00:00,114197.73010452391
2022-12-09 10:15:00,114013.03597516818
2022-12-09 10:30:00,113937.86975973271
2022-12-09 10:45:00,113862.70354429723
2022-12-09 11:00:00,113862.08994253856
2022-12-09 11:15:00,113862.08994253856
2022-12-09 11:30:00,113862.08994253856
2022-12-09 11:45:00,113862.08994253856
2022-12-09 12:00:00,113862.08994253856
2022-12-09 12:15:00,113862.08994253856
2022-12-09 12:30:00,113862.08994253856
2022-12-09 12:45:00,113862.08994253856
2022-12-09 13:00:00,113862.08994253856
2022-12-09 13:15:00,113862.08994253856
2022-12-09 13:30:00,113862.08994253856
2022-12-09 13:45:00,113862.08994253856
2022-12-09 14:00:00,113862.08994253856
2022-12-09 14:15:00,113862.08994253856
2022-12-09 14:30:00,113862.08994253856
2022-12-09 14:45:00,113862.08994253856
2022-12-09 15:00:00,113862.08994253856
2022-12-09 15:15:00,113862.08994253856
2022-12-12 09:15:00,113862.08994253856
2022-12-12 09:30:00,113862.08994253856
2022-12-12 09:45:00,113862.08994253856
2022-12-12 10:00:00,113862.08994253856
2022-12-12 10:15:00,113862.08994253856
2022-12-12 10:30:00,113862.08994253856
2022-12-12 10:45:00,113856.86013726183
2022-12-12 11:00:00,113902.39020672982
2022-12-12 11:15:00,113836.24855175942
2022-12-12 11:30:00,113747.34186205501
2022-12-12 11:45:00,113757.80147260847
2022-12-12 12:00:00,113748.26476886855
2022-12-12 12:15:00,113846.09289110385
2022-12-12 12:30:00,113793.79483833656
2022-12-12 12:45:00,113738.42042952414
2022-12-12 13:00:00,113709.50268269987
2022-12-12 13:15:00,113528.61294724591
2022-12-12 13:30:00,113532.30457450009
2022-12-12 13:45:00,113565.22158418302
2022-12-12 14:00:00,113565.52921978751
2022-12-12 14:15:00,113446.7818764453
2022-12-12 14:30:00,113448.32005446787
2022-12-12 14:45:00,113448.32005446787
2022-12-12 15:00:00,113448.32005446787
2022-12-12 15:15:00,113448.32005446787
2022-12-13 09:15:00,113448.32005446787
2022-12-13 09:30:00,113399.35145017276
2022-12-13 09:45:00,113290.09025183931
2022-12-13 10:00:00,113395.06669729693
2022-12-13 10:15:00,113453.52296867424
2022-12-13 10:30:00,113422.61153721294
2022-12-13 10:45:00,113505.24605696094
2022-12-13 11:00:00,113563.39627456137
2022-12-13 11:15:00,113696.83572126555
2022-12-13 11:30:00,113795.38503740945
2022-12-13 11:45:00,113753.45566998176
2022-12-13 12:00:00,113769.37046637766
2022-12-13 12:15:00,113693.7751834971
2022-12-13 12:30:00,113788.65185431887
2022-12-13 12:45:00,113777.93997212932
2022-12-13 13:00:00,113850.1686634646
2022-12-13 13:15:00,113813.74826402012
2022-12-13 13:30:00,113778.55207968301
2022-12-13 13:45:00,113812.21799513588
2022-12-13 14:00:00,113704.7931194635
2022-12-13 14:15:00,113703.56890435613
2022-12-13 14:30:00,113678.16644087803
2022-12-13 14:45:00,113745.19221800697
2022-12-13 15:00:00,113887.81327801646
2022-12-13 15:15:00,113832.11149063078
2022-12-14 09:15:00,114308.63722117755
2022-12-14 09:30:00,114411.16523642042
2022-12-14 09:45:00,114276.19552083203
2022-12-14 10:00:00,114239.77512138753
2022-12-14 10:15:00,114270.99260662567
2022-12-14 10:30:00,114261.19888576663
2022-12-14 10:45:00,114265.48363864246
2022-12-14 11:00:00,114340.1607601925
2022-12-14 11:15:00,114380.55985873597
2022-12-14 11:30:00,114363.72690100952
2022-12-14 11:45:00,114364.03295478637
2022-12-14 12:00:00,114387.29304182653
2022-12-14 12:15:00,114347.19999705991
2022-12-14 12:30:00,114326.08228645765
2022-12-14 12:45:00,114295.17085499637
2022-12-14 13:00:00,114338.9365450851
2022-12-14 13:15:00,114304.65852207853
2022-12-14 13:30:00,114229.9814005285
2022-12-14 13:45:00,114229.06323919796
2022-12-14 14:00:00,114229.06323919796
2022-12-14 14:15:00,114229.06323919796
2022-12-14 14:30:00,114229.06323919796
2022-12-14 14:45:00,114229.06323919796
2022-12-14 15:00:00,114229.06323919796
2022-12-14 15:15:00,114229.06323919796
2022-12-15 09:15:00,114229.06323919796
2022-12-15 09:30:00,114229.06323919796
2022-12-15 09:45:00,114229.06323919796
2022-12-15 10:00:00,114229.06323919796
2022-12-15 10:15:00,114229.06323919796
2022-12-15 10:30:00,114229.06323919796
2022-12-15 10:45:00,114229.06323919796
2022-12-15 11:00:00,114229.06323919796
2022-12-15 11:15:00,114229.06323919796
2022-12-15 11:30:00,114229.06323919796
2022-12-15 11:45:00,114229.06323919796
2022-12-15 12:00:00,114229.06323919796
2022-12-15 12:15:00,114229.06323919796
2022-12-15 12:30:00,114229.06323919796
2022-12-15 12:45:00,114229.06323919796
2022-12-15 13:00:00,114229.06323919796
2022-12-15 13:15:00,114229.06323919796
2022-12-15 13:30:00,114229.06323919796
2022-12-15 13:45:00,114229.06323919796
2022-12-15 14:00:00,114229.06323919796
2022-12-15 14:15:00,114229.06323919796
2022-12-15 14:30:00,114229.06323919796
2022-12-15 14:45:00,114229.06323919796
2022-12-15 15:00:00,114229.06323919796
2022-12-15 15:15:00,114229.06323919796
2022-12-16 09:15:00,114229.06323919796
2022-12-16 09:30:00,114229.06323919796
2022-12-16 09:45:00,114229.06323919796
2022-12-16 10:00:00,114229.06323919796
2022-12-16 10:15:00,114229.06323919796
2022-12-16 10:30:00,114229.06323919796
2022-12-16 10:45:00,114229.06323919796
2022-12-16 11:00:00,114229.06323919796
2022-12-16 11:15:00,114229.06323919796
2022-12-16 11:30:00,114229.06323919796
2022-12-16 11:45:00,114229.06323919796
2022-12-16 12:00:00,114229.06323919796
2022-12-16 12:15:00,114229.06323919796
2022-12-16 12:30:00,114229.06323919796
2022-12-16 12:45:00,114229.06323919796
2022-12-16 13:00:00,114229.06323919796
2022-12-16 13:15:00,114229.06323919796
2022-12-16 13:30:00,114229.06323919796
2022-12-16 13:45:00,114229.06323919796
2022-12-16 14:00:00,114229.06323919796
2022-12-16 14:15:00,114229.06323919796
2022-12-16 14:30:00,114229.06323919796
2022-12-16 14:45:00,114229.06323919796
2022-12-16 15:00:00,114229.06323919796
2022-12-16 15:15:00,114229.06323919796
2022-12-19 09:15:00,114229.06323919796
2022-12-19 09:30:00,114229.06323919796
2022-12-19 09:45:00,114229.06323919796
2022-12-19 10:00:00,114229.06323919796
2022-12-19 10:15:00,114229.06323919796
2022-12-19 10:30:00,114229.06323919796
2022-12-19 10:45:00,114229.06323919796
2022-12-19 11:00:00,114229.06323919796
2022-12-19 11:15:00,114229.06323919796
2022-12-19 11:30:00,114351.3938244263
2022-12-19 11:45:00,114336.7639579995
2022-12-19 12:00:00,114394.03832869166
2022-12-19 12:15:00,114433.25882166564
2022-12-19 12:30:00,114272.6415647246
2022-12-19 12:45:00,114190.4652937315
2022-12-19 13:00:00,114131.63455427054
2022-12-19 13:15:00,114240.26909433339
2022-12-19 13:30:00,114337.69777926078
2022-12-19 13:45:00,114357.30802574778
2022-12-19 14:00:00,114342.98943307475
2022-12-19 14:15:00,114322.1340915727
2022-12-19 14:30:00,114499.24885746313
2022-12-19 14:45:00,114596.05499488303
2022-12-19 15:00:00,114665.15776821814
2022-12-19 15:15:00,114711.84883128239
2022-12-20 09:15:00,113895.68904891916
2022-12-20 09:30:00,113651.65042597
2022-12-20 09:45:00,113650.09405720119
2022-12-20 10:00:00,113650.09405720119
2022-12-20 10:15:00,113650.09405720119
2022-12-20 10:30:00,113650.09405720119
2022-12-20 10:45:00,113650.09405720119
2022-12-20 11:00:00,113650.09405720119
2022-12-20 11:15:00,113650.09405720119
2022-12-20 11:30:00,113650.09405720119
2022-12-20 11:45:00,113650.09405720119
2022-12-20 12:00:00,113650.09405720119
2022-12-20 12:15:00,113650.09405720119
2022-12-20 12:30:00,113650.09405720119
2022-12-20 12:45:00,113561.79074490022
2022-12-20 13:00:00,113556.81591040439
2022-12-20 13:15:00,113565.83279792809
2022-12-20 13:30:00,113648.22849426523
2022-12-20 13:45:00,113672.16988527641
2022-12-20 14:00:00,113792.18776748826
2022-12-20 14:15:00,113977.18942530188
2022-12-20 14:30:00,113996.46690897323
2022-12-20 14:45:00,114026.62684310418
2022-12-20 15:00:00,114418.70598680666
2022-12-20 15:15:00,114333.2010189096
2022-12-21 09:15:00,114753.26360665113
2022-12-21 09:30:00,114418.08413249468
2022-12-21 09:45:00,114290.2930713831
2022-12-21 10:00:00,114414.66393377881
2022-12-21 10:15:00,114113.0645924692
2022-12-21 10:30:00,114162.50201027152
2022-12-21 10:45:00,114105.29141356949
2022-12-21 11:00:00,114182.40134825482
2022-12-21 11:15:00,114175.87187797905
2022-12-21 11:30:00,114286.87287266723
2022-12-21 11:45:00,114220.02353412953
2022-12-21 12:00:00,113979.9877697058
2022-12-21 12:15:00,113980.29869686179
2022-12-21 12:30:00,113980.29869686179
2022-12-21 12:45:00,113980.29869686179
2022-12-21 13:00:00,113980.29869686179
2022-12-21 13:15:00,113980.29869686179
2022-12-21 13:30:00,113980.29869686179
2022-12-21 13:45:00,113980.29869686179
2022-12-21 14:00:00,113980.29869686179
2022-12-21 14:15:00,113980.29869686179
2022-12-21 14:30:00,113980.29869686179
2022-12-21 14:45:00,113980.29869686179
2022-12-21 15:00:00,113980.29869686179
2022-12-21 15:15:00,113980.29869686179
2022-12-22 09:15:00,113980.29869686179
2022-12-22 09:30:00,113980.29869686179
2022-12-22 09:45:00,113980.29869686179
2022-12-22 10:00:00,113980.29869686179
2022-12-22 10:15:00,113980.29869686179
2022-12-22 10:30:00,113980.29869686179
2022-12-22 10:45:00,113980.29869686179
2022-12-22 11:00:00,113980.29869686179
2022-12-22 11:15:00,113980.29869686179
2022-12-22 11:30:00,113980.29869686179
2022-12-22 11:45:00,113980.29869686179
2022-12-22 12:00:00,113980.29869686179
2022-12-22 12:15:00,113980.29869686179
2022-12-22 12:30:00,113980.29869686179
2022-12-22 12:45:00,113980.29869686179
2022-12-22 13:00:00,113980.29869686179
2022-12-22 13:15:00,113980.29869686179
2022-12-22 13:30:00,113980.29869686179
2022-12-22 13:45:00,113980.29869686179
2022-12-22 14:00:00,113980.29869686179
2022-12-22 14:15:00,113980.29869686179
2022-12-22 14:30:00,113980.29869686179
2022-12-22 14:45:00,113980.29869686179
2022-12-22 15:00:00,113980.29869686179
2022-12-22 15:15:00,113980.29869686179
2022-12-23 09:15:00,113980.29869686179
2022-12-23 09:30:00,113980.29869686179
2022-12-23 09:45:00,113980.29869686179
2022-12-23 10:00:00,113980.29869686179
2022-12-23 10:15:00,113980.29869686179
2022-12-23 10:30:00,113980.29869686179
2022-12-23 10:45:00,113980.29869686179
2022-12-23 11:00:00,113980.29869686179
2022-12-23 11:15:00,113980.29869686179
2022-12-23 11:30:00,113980.29869686179
2022-12-23 11:45:00,113980.29869686179
2022-12-23 12:00:00,113980.29869686179
2022-12-23 12:15:00,113980.29869686179
2022-12-23 12:30:00,113980.29869686179
2022-12-23 12:45:00,113980.29869686179
2022-12-23 13:00:00,113980.29869686179
2022-12-23 13:15:00,113980.29869686179
2022-12-23 13:30:00,113980.29869686179
2022-12-23 13:45:00,113980.29869686179
2022-12-23 14:00:00,113980.29869686179
2022-12-23 14:15:00,113980.29869686179
2022-12-23 14:30:00,113980.29869686179
2022-12-23 14:45:00,113980.29869686179
2022-12-23 15:00:00,113980.29869686179
2022-12-23 15:15:00,113980.29869686179
2022-12-26 09:15:00,113980.29869686179
2022-12-26 09:30:00,113980.29869686179
2022-12-26 09:45:00,113980.29869686179
2022-12-26 10:00:00,113980.29869686179
2022-12-26 10:15:00,113980.29869686179
2022-12-26 10:30:00,113980.29869686179
2022-12-26 10:45:00,113980.29869686179
2022-12-26 11:00:00,113925.08706028915
2022-12-26 11:15:00,114021.23146190702
2022-12-26 11:30:00,114213.20295688657
2022-12-26 11:45:00,114174.49134963448
2022-12-26 12:00:00,114232.55876051259
2022-12-26 12:15:00,114097.70275164266
2022-12-26 12:30:00,114100.55852594814
2022-12-26 12:45:00,114120.86625434268
2022-12-26 13:00:00,114170.68365056049
2022-12-26 13:15:00,114126.57780295362
2022-12-26 13:30:00,114252.54918065095
2022-12-26 13:45:00,114146.88553134815
2022-12-26 14:00:00,114301.73196035645
2022-12-26 14:15:00,114409.6167674524
2022-12-26 14:30:00,114633.31908804839
2022-12-26 14:45:00,114745.0115942183
2022-12-26 15:00:00,114198.28946884681
2022-12-26 15:15:00,114291.89540441535
2022-12-27 09:15:00,114629.82869723057
2022-12-27 09:30:00,114205.27025048243
2022-12-27 09:45:00,114244.93378250298
2022-12-27 10:00:00,114264.28958612902
2022-12-27 10:15:00,114445.78990865512
2022-12-27 10:30:00,114455.94377285239
2022-12-27 10:45:00,114539.39584422365
2022-12-27 11:00:00,114545.74200934694
2022-12-27 11:15:00,114511.15540942502
2022-12-27 11:30:00,114492.75153056746
2022-12-27 11:45:00,114577.15552670721
2022-12-27 12:00:00,114579.05937624419
2022-12-27 12:15:00,114536.85737817432
2022-12-27 12:30:00,114513.6938754743
2022-12-27 12:45:00,114408.66484268384
2022-12-27 13:00:00,114585.0882331113
2022-12-27 13:15:00,114634.90562932915
2022-12-27 13:30:00,114651.08835039353
2022-12-27 13:45:00,114881.13683611281
2022-12-27 14:00:00,115006.47359729781
2022-12-27 14:15:00,114779.28088588401
2022-12-27 14:30:00,115047.7236705992
2022-12-27 14:45:00,115014.72361195808
2022-12-27 15:00:00,115074.69487237319
2022-12-27 15:15:00,115094.05067599923
2022-12-28 09:15:00,114800.8578473032
2022-12-28 09:30:00,114970.61776435123
2022-12-28 09:45:00,115068.98332376222
2022-12-28 10:00:00,115135.30074930062
2022-12-28 10:15:00,114868.44450586625
2022-12-28 10:30:00,114960.46390015396
2022-12-28 10:45:00,115042.64673850058
2022-12-28 11:00:00,115118.4834117239
2022-12-28 11:15:00,115069.93524853073
2022-12-28 11:30:00,115029.63709999782
2022-12-28 11:45:00,115161.32002630612
2022-12-28 12:00:00,115131.49305022667
2022-12-28 12:15:00,115032.17556604715
2022-12-28 12:30:00,115086.75258610744
2022-12-28 12:45:00,115108.32954752663
2022-12-28 13:00:00,115055.02176049098
2022-12-28 13:15:00,115000.76204868685
2022-12-28 13:30:00,115092.46413471842
2022-12-28 13:45:00,115232.0797674308
2022-12-28 14:00:00,115272.06060770752
2022-12-28 14:15:00,115263.81059304725
2022-12-28 14:30:00,115230.17591789382
2022-12-28 14:45:00,114976.64662121836
2022-12-28 15:00:00,115028.68517522934
2022-12-28 15:15:00,114909.37727091149
2022-12-29 09:15:00,114520.99196536609
2022-12-29 09:30:00,114520.99196536609
2022-12-29 09:45:00,114520.99196536609
2022-12-29 10:00:00,114520.99196536609
2022-12-29 10:15:00,114520.99196536609
2022-12-29 10:30:00,114520.99196536609
2022-12-29 10:45:00,114520.99196536609
2022-12-29 11:00:00,114520.99196536609
2022-12-29 11:15:00,114520.99196536609
2022-12-29 11:30:00,114520.99196536609
2022-12-29 11:45:00,114520.99196536609
2022-12-29 12:00:00,114520.99196536609
2022-12-29 12:15:00,114520.99196536609
2022-12-29 12:30:00,114520.99196536609
2022-12-29 12:45:00,114520.99196536609
2022-12-29 13:00:00,114520.99196536609
2022-12-29 13:15:00,114520.99196536609
2022-12-29 13:30:00,114520.99196536609
2022-12-29 13:45:00,114713.42426002609
2022-12-29 14:00:00,114667.13906229899
2022-12-29 14:15:00,114609.75809799346
2022-12-29 14:30:00,114929.95021925638
2022-12-29 14:45:00,115015.22911095907
2022-12-29 15:00:00,115368.39151005504
2022-12-29 15:15:00,115461.912971216
2022-12-30 09:15:00,115727.57732529355
2022-12-30 09:30:00,115651.49206875582
2022-12-30 09:45:00,115694.2900255583
2022-12-30 10:00:00,115517.07478220585
2022-12-30 10:15:00,115620.10690043401
2022-12-30 10:30:00,115667.34316386786
2022-12-30 10:45:00,115564.94508944418
2022-12-30 11:00:00,115614.71752809593
2022-12-30 11:15:00,115524.68330785962
2022-12-30 11:30:00,115459.37679599808
2022-12-30 11:45:00,115345.24891119148
2022-12-30 12:00:00,115436.55121903674
2022-12-30 12:15:00,115426.72354006727
2022-12-30 12:30:00,115601.40260820181
2022-12-30 12:45:00,115506.6130594319
2022-12-30 13:00:00,115363.95320342366
2022-12-30 13:15:00,115502.80879660501
2022-12-30 13:30:00,115385.19367087378
2022-12-30 13:45:00,115207.97842752132
2022-12-30 14:00:00,115201.63798947651
2022-12-30 14:15:00,115201.63798947651
2022-12-30 14:30:00,115201.63798947651
2022-12-30 14:45:00,115201.63798947651
2022-12-30 15:00:00,115201.63798947651
2022-12-30 15:15:00,115201.63798947651
2023-01-02 09:15:00,115201.63798947651
2023-01-02 09:30:00,115201.63798947651
2023-01-02 09:45:00,115201.63798947651
2023-01-02 10:00:00,115201.63798947651
2023-01-02 10:15:00,115201.63798947651
2023-01-02 10:30:00,115201.63798947651
2023-01-02 10:45:00,115181.68186506779
2023-01-02 11:00:00,115216.52589181317
2023-01-02 11:15:00,115200.3709339585
2023-01-02 11:30:00,115215.89236405418
2023-01-02 11:45:00,115131.63317210622
2023-01-02 12:00:00,115251.68668243804
2023-01-02 12:15:00,115093.9382704453
2023-01-02 12:30:00,115111.36028381801
2023-01-02 12:45:00,115035.97048049617
2023-01-02 13:00:00,115190.23448981436
2023-01-02 13:15:00,115189.91772593487
2023-01-02 13:30:00,115120.86320020312
2023-01-02 13:45:00,115068.28039620552
2023-01-02 14:00:00,115112.62733933602
2023-01-02 14:15:00,114968.49977416192
2023-01-02 14:30:00,115027.73461962909
2023-01-02 14:45:00,115185.48303162181
2023-01-02 15:00:00,115258.02196002814
2023-01-02 15:15:00,115347.03261016864
2023-01-03 09:15:00,115055.6098410254
2023-01-03 09:30:00,115262.1398904617
2023-01-03 09:45:00,115361.60374862581
2023-01-03 10:00:00,115493.69428637877
2023-01-03 10:15:00,115422.73917736998
2023-01-03 10:30:00,115448.71381548929
2023-01-03 10:45:00,115469.30346765701
2023-01-03 11:00:00,115500.02956396883
2023-01-03 11:15:00,115533.6065351962
2023-01-03 11:30:00,115495.91163353529
2023-01-03 11:45:00,115418.93801081595
2023-01-03 12:00:00,115286.53070918347
2023-01-03 12:15:00,115143.67019952739
2023-01-03 12:30:00,115146.20431056344
2023-01-03 12:45:00,115146.20431056344
2023-01-03 13:00:00,115146.20431056344
2023-01-03 13:15:00,115146.20431056344
2023-01-03 13:30:00,115146.20431056344
2023-01-03 13:45:00,115146.20431056344
2023-01-03 14:00:00,115046.9901880917
2023-01-03 14:15:00,115189.17603239833
2023-01-03 14:30:00,115253.00167806484
2023-01-03 14:45:00,115212.55770457319
2023-01-03 15:00:00,115269.43204229584
2023-01-03 15:15:00,115229.30403734707
2023-01-04 09:15:00,115223.61660357482
2023-01-04 09:30:00,114784.10436039587
2023-01-04 09:45:00,114559.4507263914
2023-01-04 10:00:00,114568.9297826785
2023-01-04 10:15:00,114723.12243161547
2023-01-04 10:30:00,114645.39417006119
2023-01-04 10:45:00,114612.21747305631
2023-01-04 11:00:00,114360.70651290502
2023-01-04 11:15:00,114359.75860727631
2023-01-04 11:30:00,114359.75860727631
2023-01-04 11:45:00,114359.75860727631
2023-01-04 12:00:00,114359.75860727631
2023-01-04 12:15:00,114359.75860727631
2023-01-04 12:30:00,114359.75860727631
2023-01-04 12:45:00,114359.75860727631
2023-01-04 13:00:00,114359.75860727631
2023-01-04 13:15:00,114359.75860727631
2023-01-04 13:30:00,114359.75860727631
2023-01-04 13:45:00,114359.75860727631
2023-01-04 14:00:00,114428.25546099435
2023-01-04 14:15:00,114136.90709241484
2023-01-04 14:30:00,114071.56677573448
2023-01-04 14:45:00,113990.75942756943
2023-01-04 15:00:00,113968.97932200931
2023-01-04 15:15:00,113867.97013680298
2023-01-05 09:15:00,114107.55129796427
2023-01-05 09:30:00,113851.87179791075
2023-01-05 09:45:00,113870.49536643317
2023-01-05 10:00:00,114034.63529239348
2023-01-05 10:15:00,114035.266599801
2023-01-05 10:30:00,113968.66366830558
2023-01-05 10:45:00,113847.45264605798
2023-01-05 11:00:00,113848.08395346554
2023-01-05 11:15:00,113848.08395346554
2023-01-05 11:30:00,113848.08395346554
2023-01-05 11:45:00,113848.08395346554
2023-01-05 12:00:00,113848.08395346554
2023-01-05 12:15:00,113848.08395346554
2023-01-05 12:30:00,113848.08395346554
2023-01-05 12:45:00,113848.08395346554
2023-01-05 13:00:00,113848.08395346554
2023-01-05 13:15:00,113848.08395346554
2023-01-05 13:30:00,113848.08395346554
2023-01-05 13:45:00,113848.08395346554
2023-01-05 14:00:00,113848.08395346554
2023-01-05 14:15:00,113848.08395346554
2023-01-05 14:30:00,113848.08395346554
2023-01-05 14:45:00,113848.08395346554
2023-01-05 15:00:00,113848.08395346554
2023-01-05 15:15:00,113914.53483713036
2023-01-06 09:15:00,113852.51401237654
2023-01-06 09:30:00,114085.09210520338
2023-01-06 09:45:00,113731.63669066246
2023-01-06 10:00:00,113631.01106682717
2023-01-06 10:15:00,113569.9395404114
2023-01-06 10:30:00,113498.10929949755
2023-01-06 10:45:00,113499.37503061496
2023-01-06 11:00:00,113499.37503061496
2023-01-06 11:15:00,113499.37503061496
2023-01-06 11:30:00,113499.37503061496
2023-01-06 11:45:00,113499.37503061496
2023-01-06 12:00:00,113499.37503061496
2023-01-06 12:15:00,113499.37503061496
2023-01-06 12:30:00,113499.37503061496
2023-01-06 12:45:00,113499.37503061496
2023-01-06 13:00:00,113499.37503061496
2023-01-06 13:15:00,113499.37503061496
2023-01-06 13:30:00,113499.37503061496
2023-01-06 13:45:00,113499.37503061496
2023-01-06 14:00:00,113499.37503061496
2023-01-06 14:15:00,113499.37503061496
2023-01-06 14:30:00,113499.37503061496
2023-01-06 14:45:00,113499.37503061496
2023-01-06 15:00:00,113499.37503061496
2023-01-06 15:15:00,113499.37503061496
2023-01-09 09:15:00,113499.37503061496
2023-01-09 09:30:00,113728.69154928582
2023-01-09 09:45:00,113873.47323026232
2023-01-09 10:00:00,113930.56578855589
2023-01-09 10:15:00,114084.81032449816
2023-01-09 10:30:00,114078.81718301986
2023-01-09 10:45:00,114095.85032195825
2023-01-09 11:00:00,114217.9211510169
2023-01-09 11:15:00,114283.53027877967
2023-01-09 11:30:00,114375.95082894551
2023-01-09 11:45:00,114350.08569203905
2023-01-09 12:00:00,114375.63540044667
2023-01-09 12:15:00,114154.20459424729
2023-01-09 12:30:00,114177.54630316289
2023-01-09 12:45:00,114143.1645967872
2023-01-09 13:00:00,114029.6103371978
2023-01-09 13:15:00,114026.77148070808
2023-01-09 13:30:00,114026.77148070808
2023-01-09 13:45:00,114026.77148070808
2023-01-09 14:00:00,114026.77148070808
2023-01-09 14:15:00,114026.77148070808
2023-01-09 14:30:00,114026.77148070808
2023-01-09 14:45:00,114026.77148070808
2023-01-09 15:00:00,114026.77148070808
2023-01-09 15:15:00,114026.77148070808
2023-01-10 09:15:00,114026.77148070808
2023-01-10 09:30:00,114026.77148070808
2023-01-10 09:45:00,114026.77148070808
2023-01-10 10:00:00,114026.77148070808
2023-01-10 10:15:00,114026.77148070808
2023-01-10 10:30:00,114026.77148070808
2023-01-10 10:45:00,114026.77148070808
2023-01-10 11:00:00,114026.77148070808
2023-01-10 11:15:00,114026.77148070808
2023-01-10 11:30:00,114026.77148070808
2023-01-10 11:45:00,114026.77148070808
2023-01-10 12:00:00,114026.77148070808
2023-01-10 12:15:00,114026.77148070808
2023-01-10 12:30:00,114026.77148070808
2023-01-10 12:45:00,114026.77148070808
2023-01-10 13:00:00,114026.77148070808
2023-01-10 13:15:00,114026.77148070808
2023-01-10 13:30:00,114026.77148070808
2023-01-10 13:45:00,114026.77148070808
2023-01-10 14:00:00,114026.77148070808
2023-01-10 14:15:00,114026.77148070808
2023-01-10 14:30:00,114026.77148070808
2023-01-10 14:45:00,114026.77148070808
2023-01-10 15:00:00,114026.77148070808
2023-01-10 15:15:00,114026.77148070808
2023-01-11 09:15:00,114026.77148070808
2023-01-11 09:30:00,114026.77148070808
2023-01-11 09:45:00,114026.77148070808
2023-01-11 10:00:00,114026.77148070808
2023-01-11 10:15:00,114026.77148070808
2023-01-11 10:30:00,114026.77148070808
2023-01-11 10:45:00,114026.77148070808
2023-01-11 11:00:00,114026.77148070808
2023-01-11 11:15:00,114026.77148070808
2023-01-11 11:30:00,114026.77148070808
2023-01-11 11:45:00,114026.77148070808
2023-01-11 12:00:00,114026.77148070808
2023-01-11 12:15:00,114026.77148070808
2023-01-11 12:30:00,114026.77148070808
2023-01-11 12:45:00,114026.77148070808
2023-01-11 13:00:00,114026.77148070808
2023-01-11 13:15:00,114026.77148070808
2023-01-11 13:30:00,114026.77148070808
2023-01-11 13:45:00,114026.77148070808
2023-01-11 14:00:00,114026.77148070808
2023-01-11 14:15:00,114026.77148070808
2023-01-11 14:30:00,114026.77148070808
2023-01-11 14:45:00,114026.77148070808
2023-01-11 15:00:00,114026.77148070808
2023-01-11 15:15:00,114026.77148070808
2023-01-12 09:15:00,114026.77148070808
2023-01-12 09:30:00,114026.77148070808
2023-01-12 09:45:00,114026.77148070808
2023-01-12 10:00:00,114026.77148070808
2023-01-12 10:15:00,114026.77148070808
2023-01-12 10:30:00,114026.77148070808
2023-01-12 10:45:00,114026.77148070808
2023-01-12 11:00:00,114026.77148070808
2023-01-12 11:15:00,114026.77148070808
2023-01-12 11:30:00,114026.77148070808
2023-01-12 11:45:00,114026.77148070808
2023-01-12 12:00:00,114026.77148070808
2023-01-12 12:15:00,114026.77148070808
2023-01-12 12:30:00,114026.77148070808
2023-01-12 12:45:00,114026.77148070808
2023-01-12 13:00:00,114026.77148070808
2023-01-12 13:15:00,114026.77148070808
2023-01-12 13:30:00,114026.77148070808
2023-01-12 13:45:00,114026.77148070808
2023-01-12 14:00:00,114026.77148070808
2023-01-12 14:15:00,114026.77148070808
2023-01-12 14:30:00,114026.77148070808
2023-01-12 14:45:00,114026.77148070808
2023-01-12 15:00:00,114026.77148070808
2023-01-12 15:15:00,114026.77148070808
2023-01-13 09:15:00,114026.77148070808
2023-01-13 09:30:00,114026.77148070808
2023-01-13 09:45:00,114026.77148070808
2023-01-13 10:00:00,114026.77148070808
2023-01-13 10:15:00,114026.77148070808
2023-01-13 10:30:00,114026.77148070808
2023-01-13 10:45:00,114026.77148070808
2023-01-13 11:00:00,114026.77148070808
2023-01-13 11:15:00,114026.77148070808
2023-01-13 11:30:00,114026.77148070808
2023-01-13 11:45:00,114026.77148070808
2023-01-13 12:00:00,114026.77148070808
2023-01-13 12:15:00,114305.91147525782
2023-01-13 12:30:00,114270.46005718572
2023-01-13 12:45:00,114544.170555274
2023-01-13 13:00:00,114754.32400654828
2023-01-13 13:15:00,114770.29311378796
2023-01-13 13:30:00,114815.96476049349
2023-01-13 13:45:00,114860.67826076462
2023-01-13 14:00:00,114912.0987860764
2023-01-13 14:15:00,114770.93187807756
2023-01-13 14:30:00,114688.53128472077
2023-01-13 14:45:00,114673.20094177066
2023-01-13 15:00:00,114708.01359555317
2023-01-13 15:15:00,114661.38380241329
2023-01-16 09:15:00,114962.56116495382
2023-01-16 09:30:00,114893.89400382317
2023-01-16 09:45:00,114836.72459990508
2023-01-16 10:00:00,114803.18947470174
2023-01-16 10:15:00,114801.91194612255
2023-01-16 10:30:00,114828.42066414045
2023-01-16 10:45:00,114834.16954274673
2023-01-16 11:00:00,114699.70965978857
2023-01-16 11:15:00,114639.66581656733
2023-01-16 11:30:00,114591.75849484825
2023-01-16 11:45:00,114519.89751226966
2023-01-16 12:00:00,114432.06742245136
2023-01-16 12:15:00,114430.1511295826
2023-01-16 12:30:00,114430.1511295826
2023-01-16 12:45:00,114430.1511295826
2023-01-16 13:00:00,114430.1511295826
2023-01-16 13:15:00,114430.1511295826
2023-01-16 13:30:00,114430.1511295826
2023-01-16 13:45:00,114430.1511295826
2023-01-16 14:00:00,114430.1511295826
2023-01-16 14:15:00,114430.1511295826
2023-01-16 14:30:00,114430.1511295826
2023-01-16 14:45:00,114430.1511295826
2023-01-16 15:00:00,114430.1511295826
2023-01-16 15:15:00,114430.1511295826
2023-01-17 09:15:00,114430.1511295826
2023-01-17 09:30:00,114430.1511295826
2023-01-17 09:45:00,114696.42479254265
2023-01-17 10:00:00,114694.51373754533
2023-01-17 10:15:00,114732.73483749175
2023-01-17 10:30:00,114753.11942412982
2023-01-17 10:45:00,114587.81316686158
2023-01-17 11:00:00,114576.02832771142
2023-01-17 11:15:00,114588.1316760278
2023-01-17 11:30:00,114660.11474759356
2023-01-17 11:45:00,114727.0016724998
2023-01-17 12:00:00,114718.40192501186
2023-01-17 12:15:00,114590.36124019134
2023-01-17 12:30:00,114478.24601368186
2023-01-17 12:45:00,114412.63312544051
2023-01-17 13:00:00,114327.27266889349
2023-01-17 13:15:00,114332.0503063868
2023-01-17 13:30:00,114332.0503063868
2023-01-17 13:45:00,114332.0503063868
2023-01-17 14:00:00,114332.0503063868
2023-01-17 14:15:00,114332.0503063868
2023-01-17 14:30:00,114332.0503063868
2023-01-17 14:45:00,114332.0503063868
2023-01-17 15:00:00,114332.0503063868
2023-01-17 15:15:00,114323.81955866703
2023-01-18 09:15:00,114391.88151096509
2023-01-18 09:30:00,114537.18586494096
2023-01-18 09:45:00,114681.54051725686
2023-01-18 10:00:00,114716.99604589587
2023-01-18 10:15:00,114645.1352869579
2023-01-18 10:30:00,114732.82440689542
2023-01-18 10:45:00,114700.85111767631
2023-01-18 11:00:00,114858.81816045183
2023-01-18 11:15:00,114914.53399117025
2023-01-18 11:30:00,115042.7437152666
2023-01-18 11:45:00,114982.27937624832
2023-01-18 12:00:00,115065.53655510597
2023-01-18 12:15:00,115062.37088290606
2023-01-18 12:30:00,114967.71728412875
2023-01-18 12:45:00,114916.1168272702
2023-01-18 13:00:00,114890.47488245093
2023-01-18 13:15:00,114946.82384760934
2023-01-18 13:30:00,115078.51581112559
2023-01-18 13:45:00,114981.01310736836
2023-01-18 14:00:00,114912.6345878503
2023-01-18 14:15:00,114976.58116628851
2023-01-18 14:30:00,115078.51581112559
2023-01-18 14:45:00,115072.18446672577
2023-01-18 15:00:00,114945.2410115094
2023-01-18 15:15:00,115001.2734094478
2023-01-19 09:15:00,114483.68600476252
2023-01-19 09:30:00,114597.65020395929
2023-01-19 09:45:00,114585.93721681963
2023-01-19 10:00:00,114450.1298794435
2023-01-19 10:15:00,114446.0145055836
2023-01-19 10:30:00,114446.0145055836
2023-01-19 10:45:00,114446.0145055836
2023-01-19 11:00:00,114446.0145055836
2023-01-19 11:15:00,114446.0145055836
2023-01-19 11:30:00,114446.0145055836
2023-01-19 11:45:00,114335.31249001483
2023-01-19 12:00:00,114385.45955689641
2023-01-19 12:15:00,114401.54446514146
2023-01-19 12:30:00,114352.65895969086
2023-01-19 12:45:00,114250.47248378121
2023-01-19 13:00:00,114279.48839669385
2023-01-19 13:15:00,114295.5733049389
2023-01-19 13:30:00,114332.1585864374
2023-01-19 13:45:00,114285.48081349101
2023-01-19 14:00:00,114369.05925829364
2023-01-19 14:15:00,114146.39366572509
2023-01-19 14:30:00,114224.92586480381
2023-01-19 14:45:00,114124.31634068288
2023-01-19 15:00:00,114190.5483158095
2023-01-19 15:15:00,114102.23901564068
2023-01-20 09:15:00,114269.7112956037
2023-01-20 09:30:00,114269.7112956037
2023-01-20 09:45:00,114269.7112956037
2023-01-20 10:00:00,114269.7112956037
2023-01-20 10:15:00,114269.7112956037
2023-01-20 10:30:00,114269.7112956037
2023-01-20 10:45:00,114269.7112956037
2023-01-20 11:00:00,114269.7112956037
2023-01-20 11:15:00,114269.7112956037
2023-01-20 11:30:00,114269.7112956037
2023-01-20 11:45:00,114269.7112956037
2023-01-20 12:00:00,114269.7112956037
2023-01-20 12:15:00,114269.7112956037
2023-01-20 12:30:00,114269.7112956037
2023-01-20 12:45:00,114269.7112956037
2023-01-20 13:00:00,114269.7112956037
2023-01-20 13:15:00,114269.7112956037
2023-01-20 13:30:00,114269.7112956037
2023-01-20 13:45:00,114269.7112956037
2023-01-20 14:00:00,114269.7112956037
2023-01-20 14:15:00,114269.7112956037
2023-01-20 14:30:00,114269.7112956037
2023-01-20 14:45:00,114269.7112956037
2023-01-20 15:00:00,114269.7112956037
2023-01-20 15:15:00,114269.7112956037
2023-01-23 09:15:00,114269.7112956037
2023-01-23 09:30:00,114269.7112956037
2023-01-23 09:45:00,114450.63949424346
2023-01-23 10:00:00,114411.23875412156
2023-01-23 10:15:00,114420.06451990883
2023-01-23 10:30:00,114338.74139229725
2023-01-23 10:45:00,114407.14107714884
2023-01-23 11:00:00,114320.77465480164
2023-01-23 11:15:00,114323.29630216944
2023-01-23 11:30:00,114350.40401137329
2023-01-23 11:45:00,114258.67908836952
2023-01-23 12:00:00,114184.92090286133
2023-01-23 12:15:00,114173.57348970622
2023-01-23 12:30:00,114103.59777524973
2023-01-23 12:45:00,114099.50009827707
2023-01-23 13:00:00,114099.50009827707
2023-01-23 13:15:00,114099.50009827707
2023-01-23 13:30:00,114099.50009827707
2023-01-23 13:45:00,114099.50009827707
2023-01-23 14:00:00,114099.50009827707
2023-01-23 14:15:00,114099.50009827707
2023-01-23 14:30:00,114099.50009827707
2023-01-23 14:45:00,114099.50009827707
2023-01-23 15:00:00,114099.50009827707
2023-01-23 15:15:00,114099.50009827707
2023-01-24 09:15:00,114099.50009827707
2023-01-24 09:30:00,114197.1173492834
2023-01-24 09:45:00,114040.17643126678
2023-01-24 10:00:00,113842.43087456583
2023-01-24 10:15:00,113932.20107967136
2023-01-24 10:30:00,114052.73170470812
2023-01-24 10:45:00,114036.40984923439
2023-01-24 11:00:00,113965.78643612692
2023-01-24 11:15:00,113932.5149615074
2023-01-24 11:30:00,113891.08255915101
2023-01-24 11:45:00,113807.58999076618
2023-01-24 12:00:00,113810.10104545447
2023-01-24 12:15:00,113810.10104545447
2023-01-24 12:30:00,113810.10104545447
2023-01-24 12:45:00,113810.10104545447
2023-01-24 13:00:00,113810.10104545447
2023-01-24 13:15:00,113810.10104545447
2023-01-24 13:30:00,113810.10104545447
2023-01-24 13:45:00,113810.10104545447
2023-01-24 14:00:00,113810.10104545447
2023-01-24 14:15:00,113810.10104545447
2023-01-24 14:30:00,113810.10104545447
2023-01-24 14:45:00,113810.10104545447
2023-01-24 15:00:00,113810.10104545447
2023-01-24 15:15:00,113810.10104545447
2023-01-25 09:15:00,113810.10104545447
2023-01-25 09:30:00,113810.10104545447
2023-01-25 09:45:00,113810.10104545447
2023-01-25 10:00:00,113810.10104545447
2023-01-25 10:15:00,113810.10104545447
2023-01-25 10:30:00,113810.10104545447
2023-01-25 10:45:00,113810.10104545447
2023-01-25 11:00:00,113810.10104545447
2023-01-25 11:15:00,113810.10104545447
2023-01-25 11:30:00,113810.10104545447
2023-01-25 11:45:00,113810.10104545447
2023-01-25 12:00:00,113810.10104545447
2023-01-25 12:15:00,113810.10104545447
2023-01-25 12:30:00,113810.10104545447
2023-01-25 12:45:00,113810.10104545447
2023-01-25 13:00:00,113810.10104545447
2023-01-25 13:15:00,113810.10104545447
2023-01-25 13:30:00,113810.10104545447
2023-01-25 13:45:00,113810.10104545447
2023-01-25 14:00:00,113810.10104545447
2023-01-25 14:15:00,113810.10104545447
2023-01-25 14:30:00,113810.10104545447
2023-01-25 14:45:00,113810.10104545447
2023-01-25 15:00:00,113810.10104545447
2023-01-25 15:15:00,113810.10104545447
2023-01-27 09:15:00,113810.10104545447
2023-01-27 09:30:00,113810.10104545447
2023-01-27 09:45:00,113810.10104545447
2023-01-27 10:00:00,113810.10104545447
2023-01-27 10:15:00,113810.10104545447
2023-01-27 10:30:00,113810.10104545447
2023-01-27 10:45:00,113810.10104545447
2023-01-27 11:00:00,113810.10104545447
2023-01-27 11:15:00,113810.10104545447
2023-01-27 11:30:00,113810.10104545447
2023-01-27 11:45:00,113810.10104545447
2023-01-27 12:00:00,113810.10104545447
2023-01-27 12:15:00,113810.10104545447
2023-01-27 12:30:00,113810.10104545447
2023-01-27 12:45:00,113810.10104545447
2023-01-27 13:00:00,113810.10104545447
2023-01-27 13:15:00,113810.10104545447
2023-01-27 13:30:00,113810.10104545447
2023-01-27 13:45:00,113810.10104545447
2023-01-27 14:00:00,113810.10104545447
2023-01-27 14:15:00,113810.10104545447
2023-01-27 14:30:00,113810.10104545447
2023-01-27 14:45:00,113810.10104545447
2023-01-27 15:00:00,113810.10104545447
2023-01-27 15:15:00,113810.10104545447
2023-01-30 09:15:00,113810.10104545447
2023-01-30 09:30:00,113810.10104545447
2023-01-30 09:45:00,113810.10104545447
2023-01-30 10:00:00,113810.10104545447
2023-01-30 10:15:00,113810.10104545447
2023-01-30 10:30:00,113810.10104545447
2023-01-30 10:45:00,113810.10104545447
2023-01-30 11:00:00,113810.10104545447
2023-01-30 11:15:00,113810.10104545447
2023-01-30 11:30:00,113810.10104545447
2023-01-30 11:45:00,113810.10104545447
2023-01-30 12:00:00,113810.10104545447
2023-01-30 12:15:00,113810.10104545447
2023-01-30 12:30:00,113810.10104545447
2023-01-30 12:45:00,113810.10104545447
2023-01-30 13:00:00,113810.10104545447
2023-01-30 13:15:00,113810.10104545447
2023-01-30 13:30:00,113810.10104545447
2023-01-30 13:45:00,113810.10104545447
2023-01-30 14:00:00,113810.10104545447
2023-01-30 14:15:00,113810.10104545447
2023-01-30 14:30:00,113810.10104545447
2023-01-30 14:45:00,113810.10104545447
2023-01-30 15:00:00,113810.10104545447
2023-01-30 15:15:00,113890.35886531175
2023-01-31 09:15:00,113547.73210825043
2023-01-31 09:30:00,113316.62826552894
2023-01-31 09:45:00,113219.60977646455
2023-01-31 10:00:00,113219.28745590289
2023-01-31 10:15:00,113501.64026793082
2023-01-31 10:30:00,113593.5016280084
2023-01-31 10:45:00,113454.58146592617
2023-01-31 11:00:00,113363.04242641026
2023-01-31 11:15:00,113544.83122319538
2023-01-31 11:30:00,113541.9303381403
2023-01-31 11:45:00,113738.22356020083
2023-01-31 12:00:00,113517.75629601462
2023-01-31 12:15:00,113681.81746190757
2023-01-31 12:30:00,113723.07449380204
2023-01-31 12:45:00,113585.76593452819
2023-01-31 13:00:00,113752.08334435285
2023-01-31 13:15:00,113833.63044645682
2023-01-31 13:30:00,113847.49023060885
2023-01-31 13:45:00,113824.60547072988
2023-01-31 14:00:00,113627.02296642266
2023-01-31 14:15:00,113613.1631822706
2023-01-31 14:30:00,113681.49514134583
2023-01-31 14:45:00,113859.09377082919
2023-01-31 15:00:00,114004.78266470661
2023-01-31 15:15:00,113988.9889571845
2023-02-01 09:15:00,114638.14256839943
2023-02-01 09:30:00,114545.95888776018
2023-02-01 09:45:00,114489.8751100286
2023-02-01 10:00:00,114670.69694512869
2023-02-01 10:15:00,114794.1457202505
2023-02-01 10:30:00,114768.6823958781
2023-02-01 10:45:00,114818.31976237618
2023-02-01 11:00:00,114761.59134352126
2023-02-01 11:15:00,114634.91936278269
2023-02-01 11:30:00,114740.96282757401
2023-02-01 11:45:00,114780.28593609844
2023-02-01 12:00:00,114442.81630802396
2023-02-01 12:15:00,115120.01180810468
2023-02-01 12:30:00,115413.00119866793
2023-02-01 12:45:00,115832.01792884638
2023-02-01 13:00:00,115491.00277459345
2023-02-01 13:15:00,114799.30284923733
2023-02-01 13:30:00,114296.80509358486
2023-02-01 13:45:00,113881.9785307082
2023-02-01 14:00:00,113873.92051666632
2023-02-01 14:15:00,113873.92051666632
2023-02-01 14:30:00,113873.92051666632
2023-02-01 14:45:00,113873.92051666632
2023-02-01 15:00:00,113873.92051666632
2023-02-01 15:15:00,113873.92051666632
2023-02-02 09:15:00,113873.92051666632
2023-02-02 09:30:00,113873.92051666632
2023-02-02 09:45:00,113873.92051666632
2023-02-02 10:00:00,113873.92051666632
2023-02-02 10:15:00,113873.92051666632
2023-02-02 10:30:00,113873.92051666632
2023-02-02 10:45:00,113873.92051666632
2023-02-02 11:00:00,113873.92051666632
2023-02-02 11:15:00,113873.92051666632
2023-02-02 11:30:00,113873.92051666632
2023-02-02 11:45:00,113873.92051666632
2023-02-02 12:00:00,113873.92051666632
2023-02-02 12:15:00,113873.92051666632
2023-02-02 12:30:00,113873.92051666632
2023-02-02 12:45:00,113873.92051666632
2023-02-02 13:00:00,113873.92051666632
2023-02-02 13:15:00,113873.92051666632
2023-02-02 13:30:00,113873.92051666632
2023-02-02 13:45:00,113873.92051666632
2023-02-02 14:00:00,113873.92051666632
2023-02-02 14:15:00,113873.92051666632
2023-02-02 14:30:00,113873.92051666632
2023-02-02 14:45:00,113873.92051666632
2023-02-02 15:00:00,113873.92051666632
2023-02-02 15:15:00,113873.92051666632
2023-02-03 09:15:00,113873.92051666632
2023-02-03 09:30:00,113700.07752436731
2023-02-03 09:45:00,113858.78973770697
2023-02-03 10:00:00,113809.53422322223
2023-02-03 10:15:00,113596.09366045512
2023-02-03 10:30:00,113219.43384380726
2023-02-03 10:45:00,113545.22848863428
2023-02-03 11:00:00,113491.14400214124
2023-02-03 11:15:00,113347.88449922817
2023-02-03 11:30:00,113534.28281874879
2023-02-03 11:45:00,113668.5282405797
2023-02-03 12:00:00,113816.29478403385
2023-02-03 12:15:00,113893.88026763398
2023-02-03 12:30:00,113943.77964505315
2023-02-03 12:45:00,113846.87827341979
2023-02-03 13:00:00,114010.741390235
2023-02-03 13:15:00,113939.27260451208
2023-02-03 13:30:00,114187.80369720623
2023-02-03 13:45:00,114251.22419624867
2023-02-03 14:00:00,114271.50587868354
2023-02-03 14:15:00,114579.27236134624
2023-02-03 14:30:00,114800.76121079389
2023-02-03 14:45:00,114787.88395210508
2023-02-03 15:00:00,114957.21990386302
2023-02-03 15:15:00,114805.91211426943
2023-02-06 09:15:00,114295.97267019232
2023-02-06 09:30:00,114477.22008623742
2023-02-06 09:45:00,114426.03298294937
2023-02-06 10:00:00,114441.16376190874
2023-02-06 10:15:00,114072.55223194139
2023-02-06 10:30:00,114072.23030047416
2023-02-06 10:45:00,114072.23030047416
2023-02-06 11:00:00,114072.23030047416
2023-02-06 11:15:00,114072.23030047416
2023-02-06 11:30:00,114072.23030047416
2023-02-06 11:45:00,114072.23030047416
2023-02-06 12:00:00,114072.23030047416
2023-02-06 12:15:00,114072.23030047416
2023-02-06 12:30:00,114072.23030047416
2023-02-06 12:45:00,114072.23030047416
2023-02-06 13:00:00,114072.23030047416
2023-02-06 13:15:00,114072.23030047416
2023-02-06 13:30:00,114072.23030047416
2023-02-06 13:45:00,114072.23030047416
2023-02-06 14:00:00,114072.23030047416
2023-02-06 14:15:00,113967.61632848758
2023-02-06 14:30:00,113950.92943725044
2023-02-06 14:45:00,113966.33272146934
2023-02-06 15:00:00,113995.5347811343
2023-02-06 15:15:00,113992.00486183414
2023-02-07 09:15:00,114174.91886193336
2023-02-07 09:30:00,113921.72737758548
2023-02-07 09:45:00,113931.67533197685
2023-02-07 10:00:00,113925.25729688564
2023-02-07 10:15:00,113998.1019951708
2023-02-07 10:30:00,114047.84176712761
2023-02-07 10:45:00,113973.71346182421
2023-02-07 11:00:00,114032.11758115415
2023-02-07 11:15:00,113896.05523722069
2023-02-07 11:30:00,113834.76300209973
2023-02-07 11:45:00,113804.27733541654
2023-02-07 12:00:00,113803.6355319074
2023-02-07 12:15:00,113803.6355319074
2023-02-07 12:30:00,113803.6355319074
2023-02-07 12:45:00,113803.6355319074
2023-02-07 13:00:00,113803.6355319074
2023-02-07 13:15:00,113803.6355319074
2023-02-07 13:30:00,113803.6355319074
2023-02-07 13:45:00,113803.6355319074
2023-02-07 14:00:00,113803.6355319074
2023-02-07 14:15:00,113733.34298370981
2023-02-07 14:30:00,113969.25633040039
2023-02-07 14:45:00,114033.77140888311
2023-02-07 15:00:00,113751.95927501329
2023-02-07 15:15:00,113754.527039331
2023-02-08 09:15:00,114325.8546000238
2023-02-08 09:30:00,114518.43692385283
2023-02-08 09:45:00,114590.01335420928
2023-02-08 10:00:00,114661.58978456575
2023-02-08 10:15:00,114584.55685503413
2023-02-08 10:30:00,114344.79186186698
2023-02-08 10:45:00,114417.97314492203
2023-02-08 11:00:00,114526.78215788542
2023-02-08 11:15:00,114519.39983547197
2023-02-08 11:30:00,114742.79533111362
2023-02-08 11:45:00,114757.55997594053
2023-02-08 12:00:00,114597.71664716244
2023-02-08 12:15:00,114509.4497487408
2023-02-08 12:30:00,114555.66950645976
2023-02-08 12:45:00,114580.38423801781
2023-02-08 13:00:00,114598.03761770214
2023-02-08 13:15:00,114788.37314775317
2023-02-08 13:30:00,114700.42721987124
2023-02-08 13:45:00,114761.7325929568
2023-02-08 14:00:00,114814.69273200979
2023-02-08 14:15:00,114817.58146686722
2023-02-08 14:30:00,114833.30902331328
2023-02-08 14:45:00,114844.2220216636
2023-02-08 15:00:00,114722.5741871116
2023-02-08 15:15:00,114666.72531320118
2023-02-09 09:15:00,114366.93882910733
2023-02-09 09:30:00,114199.39220737609
2023-02-09 09:45:00,114200.03414845551
2023-02-09 10:00:00,114200.03414845551
2023-02-09 10:15:00,114200.03414845551
2023-02-09 10:30:00,114200.03414845551
2023-02-09 10:45:00,114200.03414845551
2023-02-09 11:00:00,114200.03414845551
2023-02-09 11:15:00,114200.03414845551
2023-02-09 11:30:00,114200.03414845551
2023-02-09 11:45:00,114200.03414845551
2023-02-09 12:00:00,114200.03414845551
2023-02-09 12:15:00,114200.03414845551
2023-02-09 12:30:00,114200.03414845551
2023-02-09 12:45:00,114200.03414845551
2023-02-09 13:00:00,114200.03414845551
2023-02-09 13:15:00,114200.03414845551
2023-02-09 13:30:00,114200.03414845551
2023-02-09 13:45:00,114200.03414845551
2023-02-09 14:00:00,114200.03414845551
2023-02-09 14:15:00,114135.2782631702
2023-02-09 14:30:00,114185.99839006855
2023-02-09 14:45:00,114106.2497628699
2023-02-09 15:00:00,114158.88385682102
2023-02-09 15:15:00,114181.53246694543
2023-02-10 09:15:00,113946.75250847264
2023-02-10 09:30:00,113636.68984592432
2023-02-10 09:45:00,113634.13788985396
2023-02-10 10:00:00,113634.13788985396
2023-02-10 10:15:00,113634.13788985396
2023-02-10 10:30:00,113634.13788985396
2023-02-10 10:45:00,113634.13788985396
2023-02-10 11:00:00,113634.13788985396
2023-02-10 11:15:00,113634.13788985396
2023-02-10 11:30:00,113634.13788985396
2023-02-10 11:45:00,113634.13788985396
2023-02-10 12:00:00,113634.13788985396
2023-02-10 12:15:00,113634.13788985396
2023-02-10 12:30:00,113634.13788985396
2023-02-10 12:45:00,113634.13788985396
2023-02-10 13:00:00,113634.13788985396
2023-02-10 13:15:00,113634.13788985396
2023-02-10 13:30:00,113634.13788985396
2023-02-10 13:45:00,113634.13788985396
2023-02-10 14:00:00,113634.13788985396
2023-02-10 14:15:00,113634.13788985396
2023-02-10 14:30:00,113634.13788985396
2023-02-10 14:45:00,113634.13788985396
2023-02-10 15:00:00,113634.13788985396
2023-02-10 15:15:00,113634.13788985396
2023-02-13 09:15:00,113634.13788985396
2023-02-13 09:30:00,113634.13788985396
2023-02-13 09:45:00,113634.13788985396
2023-02-13 10:00:00,113634.13788985396
2023-02-13 10:15:00,113634.13788985396
2023-02-13 10:30:00,113634.13788985396
2023-02-13 10:45:00,113634.13788985396
2023-02-13 11:00:00,113634.13788985396
2023-02-13 11:15:00,113634.13788985396
2023-02-13 11:30:00,113634.13788985396
2023-02-13 11:45:00,113634.13788985396
2023-02-13 12:00:00,113634.13788985396
2023-02-13 12:15:00,113634.13788985396
2023-02-13 12:30:00,113634.13788985396
2023-02-13 12:45:00,113634.13788985396
2023-02-13 13:00:00,113634.13788985396
2023-02-13 13:15:00,113634.13788985396
2023-02-13 13:30:00,113634.13788985396
2023-02-13 13:45:00,113634.13788985396
2023-02-13 14:00:00,113634.13788985396
2023-02-13 14:15:00,113634.13788985396
2023-02-13 14:30:00,113634.13788985396
2023-02-13 14:45:00,113659.99756976483
2023-02-13 15:00:00,113431.73002487252
2023-02-13 15:15:00,113428.5374717971
2023-02-14 09:15:00,113774.29096986477
2023-02-14 09:30:00,113741.40767318796
2023-02-14 09:45:00,113863.04394536134
2023-02-14 10:00:00,113891.45766773255
2023-02-14 10:15:00,113921.78692194901
2023-02-14 10:30:00,113965.52489908223
2023-02-14 10:45:00,113898.80053980602
2023-02-14 11:00:00,113994.57713206853
2023-02-14 11:15:00,113971.27149461798
2023-02-14 11:30:00,114107.27425563073
2023-02-14 11:45:00,114149.41595622625
2023-02-14 12:00:00,114276.47956862784
2023-02-14 12:15:00,114269.45595186194
2023-02-14 12:30:00,114412.16307433306
2023-02-14 12:45:00,114320.21754576106
2023-02-14 13:00:00,114399.39286203138
2023-02-14 13:15:00,114358.52818266605
2023-02-14 13:30:00,114325.64488598924
2023-02-14 13:45:00,114525.49870851035
2023-02-14 14:00:00,114560.93604764748
2023-02-14 14:15:00,114524.86019789526
2023-02-14 14:30:00,114568.91743033602
2023-02-14 14:45:00,114589.66902532622
2023-02-14 15:00:00,114452.06998777573
2023-02-14 15:15:00,114432.91466932323
2023-02-15 09:15:00,114112.06308524382
2023-02-15 09:30:00,114111.42457462873
2023-02-15 09:45:00,114111.42457462873
2023-02-15 10:00:00,114111.42457462873
2023-02-15 10:15:00,114111.42457462873
2023-02-15 10:30:00,114111.42457462873
2023-02-15 10:45:00,114111.42457462873
2023-02-15 11:00:00,114111.42457462873
2023-02-15 11:15:00,114070.08216006237
2023-02-15 11:30:00,114117.46692752691
2023-02-15 11:45:00,114067.21999290009
2023-02-15 12:00:00,113947.32699065766
2023-02-15 12:15:00,113953.6873621294
2023-02-15 12:30:00,114054.4992499566
2023-02-15 12:45:00,114114.60476036463
2023-02-15 13:00:00,114002.02618531468
2023-02-15 13:15:00,114027.46767120168
2023-02-15 13:30:00,113930.47200625752
2023-02-15 13:45:00,114011.8847610959
2023-02-15 14:00:00,114079.30469869645
2023-02-15 14:15:00,114083.43894015308
2023-02-15 14:30:00,114215.09862961825
2023-02-15 14:45:00,114296.51138445662
2023-02-15 15:00:00,114582.72810068527
2023-02-15 15:15:00,114634.24710960644
2023-02-16 09:15:00,115253.11125380751
2023-02-16 09:30:00,115324.02939571752
2023-02-16 09:45:00,115266.1500153246
2023-02-16 10:00:00,115177.74085186732
2023-02-16 10:15:00,115123.04165721027
2023-02-16 10:30:00,115182.8291490447
2023-02-16 10:45:00,115240.7085294376
2023-02-16 11:00:00,115213.67695068267
2023-02-16 11:15:00,115191.41565053155
2023-02-16 11:30:00,115145.62097593496
2023-02-16 11:45:00,115088.05961411566
2023-02-16 12:00:00,115055.30370103617
2023-02-16 12:15:00,115027.31806656047
2023-02-16 12:30:00,115037.49466091527
2023-02-16 12:45:00,115037.49466091527
2023-02-16 13:00:00,115037.49466091527
2023-02-16 13:15:00,115037.49466091527
2023-02-16 13:30:00,115037.49466091527
2023-02-16 13:45:00,115037.49466091527
2023-02-16 14:00:00,115037.49466091527
2023-02-16 14:15:00,115037.49466091527
2023-02-16 14:30:00,115037.49466091527
2023-02-16 14:45:00,115037.49466091527
2023-02-16 15:00:00,115037.49466091527
2023-02-16 15:15:00,115037.49466091527
2023-02-17 09:15:00,115037.49466091527
2023-02-17 09:30:00,115037.49466091527
2023-02-17 09:45:00,115037.49466091527
2023-02-17 10:00:00,115037.49466091527
2023-02-17 10:15:00,115037.49466091527
2023-02-17 10:30:00,115037.49466091527
2023-02-17 10:45:00,115037.49466091527
2023-02-17 11:00:00,115037.49466091527
2023-02-17 11:15:00,115037.49466091527
2023-02-17 11:30:00,115037.49466091527
2023-02-17 11:45:00,115037.49466091527
2023-02-17 12:00:00,115037.49466091527
2023-02-17 12:15:00,115037.49466091527
2023-02-17 12:30:00,115037.49466091527
2023-02-17 12:45:00,115037.49466091527
2023-02-17 13:00:00,115037.49466091527
2023-02-17 13:15:00,115037.49466091527
2023-02-17 13:30:00,115037.49466091527
2023-02-17 13:45:00,115037.49466091527
2023-02-17 14:00:00,115037.49466091527
2023-02-17 14:15:00,115037.49466091527
2023-02-17 14:30:00,115037.49466091527
2023-02-17 14:45:00,115037.49466091527
2023-02-17 15:00:00,115037.49466091527
2023-02-17 15:15:00,115037.49466091527
2023-02-20 09:15:00,115037.49466091527
2023-02-20 09:30:00,115037.49466091527
2023-02-20 09:45:00,115037.49466091527
2023-02-20 10:00:00,114820.11768377849
2023-02-20 10:15:00,114785.59310505677
2023-02-20 10:30:00,114824.9127641565
2023-02-20 10:45:00,114834.18325288735
2023-02-20 11:00:00,114856.56029465143
2023-02-20 11:15:00,114658.04396700152
2023-02-20 11:30:00,114687.13412129482
2023-02-20 11:45:00,114639.18331751465
2023-02-20 12:00:00,114548.07679033231
2023-02-20 12:15:00,114542.6423659039
2023-02-20 12:30:00,114542.6423659039
2023-02-20 12:45:00,114542.6423659039
2023-02-20 13:00:00,114542.6423659039
2023-02-20 13:15:00,114542.6423659039
2023-02-20 13:30:00,114542.6423659039
2023-02-20 13:45:00,114542.6423659039
2023-02-20 14:00:00,114542.6423659039
2023-02-20 14:15:00,114542.6423659039
2023-02-20 14:30:00,114542.6423659039
2023-02-20 14:45:00,114542.6423659039
2023-02-20 15:00:00,114542.6423659039
2023-02-20 15:15:00,114542.6423659039
2023-02-21 09:15:00,114542.6423659039
2023-02-21 09:30:00,114542.6423659039
2023-02-21 09:45:00,114542.6423659039
2023-02-21 10:00:00,114542.6423659039
2023-02-21 10:15:00,114542.6423659039
2023-02-21 10:30:00,114456.66162927826
2023-02-21 10:45:00,114417.34701736392
2023-02-21 11:00:00,114480.31432262508
2023-02-21 11:15:00,114479.67506064272
2023-02-21 11:30:00,114241.23034122738
2023-02-21 11:45:00,114376.11461950255
2023-02-21 12:00:00,114190.72864462198
2023-02-21 12:15:00,113981.05071441222
2023-02-21 12:30:00,113980.0918214387
2023-02-21 12:45:00,113980.0918214387
2023-02-21 13:00:00,113980.0918214387
2023-02-21 13:15:00,113980.0918214387
2023-02-21 13:30:00,113980.0918214387
2023-02-21 13:45:00,113980.0918214387
2023-02-21 14:00:00,113980.0918214387
2023-02-21 14:15:00,113980.0918214387
2023-02-21 14:30:00,113980.0918214387
2023-02-21 14:45:00,113980.0918214387
2023-02-21 15:00:00,113980.0918214387
2023-02-21 15:15:00,113980.0918214387
2023-02-22 09:15:00,113980.0918214387
2023-02-22 09:30:00,113980.0918214387
2023-02-22 09:45:00,113980.0918214387
2023-02-22 10:00:00,113980.0918214387
2023-02-22 10:15:00,113980.0918214387
2023-02-22 10:30:00,113980.0918214387
2023-02-22 10:45:00,113980.0918214387
2023-02-22 11:00:00,113980.0918214387
2023-02-22 11:15:00,113980.0918214387
2023-02-22 11:30:00,113980.0918214387
2023-02-22 11:45:00,113980.0918214387
2023-02-22 12:00:00,113980.0918214387
2023-02-22 12:15:00,113980.0918214387
2023-02-22 12:30:00,113980.0918214387
2023-02-22 12:45:00,113980.0918214387
2023-02-22 13:00:00,113980.0918214387
2023-02-22 13:15:00,113980.0918214387
2023-02-22 13:30:00,113980.0918214387
2023-02-22 13:45:00,113980.0918214387
2023-02-22 14:00:00,113980.0918214387
2023-02-22 14:15:00,113980.0918214387
2023-02-22 14:30:00,113980.0918214387
2023-02-22 14:45:00,113980.0918214387
2023-02-22 15:00:00,113980.0918214387
2023-02-22 15:15:00,113980.0918214387
2023-02-23 09:15:00,113980.0918214387
2023-02-23 09:30:00,113980.0918214387
2023-02-23 09:45:00,113980.0918214387
2023-02-23 10:00:00,113980.0918214387
2023-02-23 10:15:00,113980.0918214387
2023-02-23 10:30:00,113980.0918214387
2023-02-23 10:45:00,113980.0918214387
2023-02-23 11:00:00,113980.0918214387
2023-02-23 11:15:00,113980.0918214387
2023-02-23 11:30:00,113980.0918214387
2023-02-23 11:45:00,113980.0918214387
2023-02-23 12:00:00,113980.0918214387
2023-02-23 12:15:00,113980.0918214387
2023-02-23 12:30:00,113980.0918214387
2023-02-23 12:45:00,113980.0918214387
2023-02-23 13:00:00,113980.0918214387
2023-02-23 13:15:00,113980.0918214387
2023-02-23 13:30:00,113980.0918214387
2023-02-23 13:45:00,113980.0918214387
2023-02-23 14:00:00,113980.0918214387
2023-02-23 14:15:00,113980.0918214387
2023-02-23 14:30:00,113980.0918214387
2023-02-23 14:45:00,113980.0918214387
2023-02-23 15:00:00,113980.0918214387
2023-02-23 15:15:00,113980.0918214387
2023-02-24 09:15:00,113980.0918214387
2023-02-24 09:30:00,113980.0918214387
2023-02-24 09:45:00,113980.0918214387
2023-02-24 10:00:00,113980.0918214387
2023-02-24 10:15:00,113980.0918214387
2023-02-24 10:30:00,113980.0918214387
2023-02-24 10:45:00,113980.0918214387
2023-02-24 11:00:00,113980.0918214387
2023-02-24 11:15:00,113980.0918214387
2023-02-24 11:30:00,113980.0918214387
2023-02-24 11:45:00,113980.0918214387
2023-02-24 12:00:00,113980.0918214387
2023-02-24 12:15:00,113980.0918214387
2023-02-24 12:30:00,113980.0918214387
2023-02-24 12:45:00,113980.0918214387
2023-02-24 13:00:00,113980.0918214387
2023-02-24 13:15:00,113980.0918214387
2023-02-24 13:30:00,113980.0918214387
2023-02-24 13:45:00,113980.0918214387
2023-02-24 14:00:00,113980.0918214387
2023-02-24 14:15:00,113980.0918214387
2023-02-24 14:30:00,113980.0918214387
2023-02-24 14:45:00,113980.0918214387
2023-02-24 15:00:00,113980.0918214387
2023-02-24 15:15:00,113980.0918214387
2023-02-27 09:15:00,113980.0918214387
2023-02-27 09:30:00,113980.0918214387
2023-02-27 09:45:00,113980.0918214387
2023-02-27 10:00:00,113980.0918214387
2023-02-27 10:15:00,113980.0918214387
2023-02-27 10:30:00,113980.0918214387
2023-02-27 10:45:00,113980.0918214387
2023-02-27 11:00:00,113980.0918214387
2023-02-27 11:15:00,113980.0918214387
2023-02-27 11:30:00,113980.0918214387
2023-02-27 11:45:00,113980.0918214387
2023-02-27 12:00:00,113980.0918214387
2023-02-27 12:15:00,113980.0918214387
2023-02-27 12:30:00,113980.0918214387
2023-02-27 12:45:00,113980.0918214387
2023-02-27 13:00:00,113980.0918214387
2023-02-27 13:15:00,113980.0918214387
2023-02-27 13:30:00,113980.0918214387
2023-02-27 13:45:00,113980.0918214387
2023-02-27 14:00:00,113980.0918214387
2023-02-27 14:15:00,113980.0918214387
2023-02-27 14:30:00,113980.0918214387
2023-02-27 14:45:00,113980.0918214387
2023-02-27 15:00:00,114164.7628787602
2023-02-27 15:15:00,114190.01984397112
2023-02-28 09:15:00,114197.56413228088
2023-02-28 09:30:00,114290.06366720921
2023-02-28 09:45:00,114169.02704171788
2023-02-28 10:00:00,114020.10935073395
2023-02-28 10:15:00,114229.05333566073
2023-02-28 10:30:00,113907.92906369317
2023-02-28 10:45:00,113961.7231194671
2023-02-28 11:00:00,113984.68399693158
2023-02-28 11:15:00,113901.04080045382
2023-02-28 11:30:00,113789.84455101869
2023-02-28 11:45:00,113996.82046073426
2023-02-28 12:00:00,114049.95849143776
2023-02-28 12:15:00,114093.91217115548
2023-02-28 12:30:00,113850.52687003194
2023-02-28 12:45:00,113849.54283242635
2023-02-28 13:00:00,113811.16536580713
2023-02-28 13:15:00,113721.61794369566
2023-02-28 13:30:00,113724.2420439773
2023-02-28 13:45:00,113724.2420439773
2023-02-28 14:00:00,113724.2420439773
2023-02-28 14:15:00,113724.2420439773
2023-02-28 14:30:00,113724.2420439773
2023-02-28 14:45:00,113724.2420439773
2023-02-28 15:00:00,113724.2420439773
2023-02-28 15:15:00,113724.2420439773
2023-03-01 09:15:00,113724.2420439773
2023-03-01 09:30:00,113724.2420439773
2023-03-01 09:45:00,113724.2420439773
2023-03-01 10:00:00,113724.2420439773
2023-03-01 10:15:00,113724.2420439773
2023-03-01 10:30:00,113724.2420439773
2023-03-01 10:45:00,113724.2420439773
2023-03-01 11:00:00,113724.2420439773
2023-03-01 11:15:00,113703.36425691926
2023-03-01 11:30:00,113713.80315044826
2023-03-01 11:45:00,113701.73317980535
2023-03-01 12:00:00,113573.85673407481
2023-03-01 12:15:00,113636.16387982616
2023-03-01 12:30:00,113635.83766440337
2023-03-01 12:45:00,113666.82812956764
2023-03-01 13:00:00,113615.93852361366
2023-03-01 13:15:00,113660.95625195758
2023-03-01 13:30:00,113657.0416668842
2023-03-01 13:45:00,113678.24566936503
2023-03-01 14:00:00,113802.85996086775
2023-03-01 14:15:00,113821.4542399663
2023-03-01 14:30:00,113950.63554738797
2023-03-01 14:45:00,113856.35929020397
2023-03-01 15:00:00,113830.26205638141
2023-03-01 15:15:00,113900.39837227954
2023-03-02 09:15:00,113373.56046448668
2023-03-02 09:30:00,113445.65407292152
2023-03-02 09:45:00,113183.7030884276
2023-03-02 10:00:00,113175.22148743528
2023-03-02 10:15:00,113175.22148743528
2023-03-02 10:30:00,113175.22148743528
2023-03-02 10:45:00,113175.22148743528
2023-03-02 11:00:00,113175.22148743528
2023-03-02 11:15:00,113175.22148743528
2023-03-02 11:30:00,113175.22148743528
2023-03-02 11:45:00,113175.22148743528
2023-03-02 12:00:00,113175.22148743528
2023-03-02 12:15:00,113175.22148743528
2023-03-02 12:30:00,113175.22148743528
2023-03-02 12:45:00,113175.22148743528
2023-03-02 13:00:00,113175.22148743528
2023-03-02 13:15:00,113175.22148743528
2023-03-02 13:30:00,113175.22148743528
2023-03-02 13:45:00,113175.22148743528
2023-03-02 14:00:00,113175.22148743528
2023-03-02 14:15:00,113175.22148743528
2023-03-02 14:30:00,113175.22148743528
2023-03-02 14:45:00,113175.22148743528
2023-03-02 15:00:00,113175.22148743528
2023-03-02 15:15:00,113175.22148743528
2023-03-03 09:15:00,113175.22148743528
2023-03-03 09:30:00,113134.08276330888
2023-03-03 09:45:00,113283.41309261812
2023-03-03 10:00:00,113456.390090126
2023-03-03 10:15:00,113511.7816005639
2023-03-03 10:30:00,113577.21484681219
2023-03-03 10:45:00,113647.18307052323
2023-03-03 11:00:00,113684.43467111014
2023-03-03 11:15:00,113774.48636644195
2023-03-03 11:30:00,113861.29879215753
2023-03-03 11:45:00,113805.90728171958
2023-03-03 12:00:00,113831.49751168798
2023-03-03 12:15:00,113767.3599732862
2023-03-03 12:30:00,113634.87384598148
2023-03-03 12:45:00,113738.53047370155
2023-03-03 13:00:00,113773.8385125187
2023-03-03 13:15:00,113848.34171369251
2023-03-03 13:30:00,114043.02181762928
2023-03-03 13:45:00,114009.33341362026
2023-03-03 14:00:00,114085.4562496022
2023-03-03 14:15:00,114179.39506847352
2023-03-03 14:30:00,114175.18401797238
2023-03-03 14:45:00,114199.80246705592
2023-03-03 15:00:00,113969.814324302
2023-03-03 15:15:00,113972.40573999498
2023-03-06 09:15:00,114992.77566911449
2023-03-06 09:30:00,115081.53165659982
2023-03-06 09:45:00,115106.47403264495
2023-03-06 10:00:00,115157.00663865851
2023-03-06 10:15:00,115165.42873966075
2023-03-06 10:30:00,115214.01778390455
2023-03-06 10:45:00,115162.51339700613
2023-03-06 11:00:00,115184.216503435
2023-03-06 11:15:00,115076.34882521382
2023-03-06 11:30:00,115152.14773423412
2023-03-06 11:45:00,115219.84846921377
2023-03-06 12:00:00,115185.83613824312
2023-03-06 12:15:00,115055.61749966978
2023-03-06 12:30:00,115072.46170167428
2023-03-06 12:45:00,115056.58928055468
2023-03-06 13:00:00,115126.88143122735
2023-03-06 13:15:00,115021.60516869914
2023-03-06 13:30:00,114893.65401885717
2023-03-06 13:45:00,114891.06260316416
2023-03-06 14:00:00,114891.06260316416
2023-03-06 14:15:00,114891.06260316416
2023-03-06 14:30:00,114891.06260316416
2023-03-06 14:45:00,114891.06260316416
2023-03-06 15:00:00,114891.06260316416
2023-03-06 15:15:00,114891.06260316416
2023-03-08 09:15:00,114891.06260316416
2023-03-08 09:30:00,114891.06260316416
2023-03-08 09:45:00,114891.06260316416
2023-03-08 10:00:00,114891.06260316416
2023-03-08 10:15:00,114891.06260316416
2023-03-08 10:30:00,114891.06260316416
2023-03-08 10:45:00,114891.06260316416
2023-03-08 11:00:00,114891.06260316416
2023-03-08 11:15:00,114891.06260316416
2023-03-08 11:30:00,114891.06260316416
2023-03-08 11:45:00,114891.06260316416
2023-03-08 12:00:00,114891.06260316416
2023-03-08 12:15:00,114891.06260316416
2023-03-08 12:30:00,114891.06260316416
2023-03-08 12:45:00,114891.06260316416
2023-03-08 13:00:00,114891.06260316416
2023-03-08 13:15:00,114891.06260316416
2023-03-08 13:30:00,114891.06260316416
2023-03-08 13:45:00,114891.06260316416
2023-03-08 14:00:00,114959.2254426323
2023-03-08 14:15:00,114995.57895701531
2023-03-08 14:30:00,114906.64268075686
2023-03-08 14:45:00,114948.83872423715
2023-03-08 15:00:00,115270.50240953684
2023-03-08 15:15:00,115237.39474465232
2023-03-09 09:15:00,115122.16708745617
2023-03-09 09:30:00,115055.9517576871
2023-03-09 09:45:00,114864.12205232674
2023-03-09 10:00:00,114742.72728108345
2023-03-09 10:15:00,114923.19651319913
2023-03-09 10:30:00,114769.34324697104
2023-03-09 10:45:00,114866.71873192555
2023-03-09 11:00:00,114926.11777774777
2023-03-09 11:15:00,115002.39524096213
2023-03-09 11:30:00,114997.5264667144
2023-03-09 11:45:00,114879.70212991946
2023-03-09 12:00:00,114777.45787071723
2023-03-09 12:15:00,114674.88902656514
2023-03-09 12:30:00,114677.48570616393
2023-03-09 12:45:00,114677.48570616393
2023-03-09 13:00:00,114677.48570616393
2023-03-09 13:15:00,114677.48570616393
2023-03-09 13:30:00,114677.48570616393
2023-03-09 13:45:00,114677.48570616393
2023-03-09 14:00:00,114677.48570616393
2023-03-09 14:15:00,114677.48570616393
2023-03-09 14:30:00,114677.48570616393
2023-03-09 14:45:00,114677.48570616393
2023-03-09 15:00:00,114677.48570616393
2023-03-09 15:15:00,114677.48570616393
2023-03-10 09:15:00,114677.48570616393
2023-03-10 09:30:00,114677.48570616393
2023-03-10 09:45:00,114677.48570616393
2023-03-10 10:00:00,114677.48570616393
2023-03-10 10:15:00,114677.48570616393
2023-03-10 10:30:00,114677.48570616393
2023-03-10 10:45:00,114677.48570616393
2023-03-10 11:00:00,114677.48570616393
2023-03-10 11:15:00,114677.48570616393
2023-03-10 11:30:00,114677.48570616393
2023-03-10 11:45:00,114677.48570616393
2023-03-10 12:00:00,114677.48570616393
2023-03-10 12:15:00,114677.48570616393
2023-03-10 12:30:00,114677.48570616393
2023-03-10 12:45:00,114677.48570616393
2023-03-10 13:00:00,114677.48570616393
2023-03-10 13:15:00,114677.48570616393
2023-03-10 13:30:00,114677.48570616393
2023-03-10 13:45:00,114677.48570616393
2023-03-10 14:00:00,114677.48570616393
2023-03-10 14:15:00,114677.48570616393
2023-03-10 14:30:00,114677.48570616393
2023-03-10 14:45:00,114677.48570616393
2023-03-10 15:00:00,114677.48570616393
2023-03-10 15:15:00,114677.48570616393
2023-03-13 09:15:00,114677.48570616393
2023-03-13 09:30:00,114677.48570616393
2023-03-13 09:45:00,114677.48570616393
2023-03-13 10:00:00,114677.48570616393
2023-03-13 10:15:00,114677.48570616393
2023-03-13 10:30:00,114677.48570616393
2023-03-13 10:45:00,114677.48570616393
2023-03-13 11:00:00,114677.48570616393
2023-03-13 11:15:00,114677.48570616393
2023-03-13 11:30:00,114677.48570616393
2023-03-13 11:45:00,114677.48570616393
2023-03-13 12:00:00,114677.48570616393
2023-03-13 12:15:00,114677.48570616393
2023-03-13 12:30:00,114677.48570616393
2023-03-13 12:45:00,114677.48570616393
2023-03-13 13:00:00,114677.48570616393
2023-03-13 13:15:00,114677.48570616393
2023-03-13 13:30:00,114677.48570616393
2023-03-13 13:45:00,114677.48570616393
2023-03-13 14:00:00,114677.48570616393
2023-03-13 14:15:00,114677.48570616393
2023-03-13 14:30:00,114677.48570616393
2023-03-13 14:45:00,114677.48570616393
2023-03-13 15:00:00,114677.48570616393
2023-03-13 15:15:00,114677.48570616393
2023-03-14 09:15:00,114677.48570616393
2023-03-14 09:30:00,114677.48570616393
2023-03-14 09:45:00,114677.48570616393
2023-03-14 10:00:00,114677.48570616393
2023-03-14 10:15:00,114677.48570616393
2023-03-14 10:30:00,114677.48570616393
2023-03-14 10:45:00,114677.48570616393
2023-03-14 11:00:00,114677.48570616393
2023-03-14 11:15:00,114677.48570616393
2023-03-14 11:30:00,114677.48570616393
2023-03-14 11:45:00,114677.48570616393
2023-03-14 12:00:00,114677.48570616393
2023-03-14 12:15:00,114677.48570616393
2023-03-14 12:30:00,114677.48570616393
2023-03-14 12:45:00,114677.48570616393
2023-03-14 13:00:00,114677.48570616393
2023-03-14 13:15:00,114677.48570616393
2023-03-14 13:30:00,114677.48570616393
2023-03-14 13:45:00,114677.48570616393
2023-03-14 14:00:00,114677.48570616393
2023-03-14 14:15:00,114677.48570616393
2023-03-14 14:30:00,114677.48570616393
2023-03-14 14:45:00,114677.48570616393
2023-03-14 15:00:00,114677.48570616393
2023-03-14 15:15:00,114677.48570616393
2023-03-15 09:15:00,114677.48570616393
2023-03-15 09:30:00,114401.63826652775
2023-03-15 09:45:00,114353.60678973499
2023-03-15 10:00:00,114446.3342240988
2023-03-15 10:15:00,114403.63957806079
2023-03-15 10:30:00,114203.50842475763
2023-03-15 10:45:00,114175.15651137302
2023-03-15 11:00:00,114163.81574601917
2023-03-15 11:15:00,114379.9573915866
2023-03-15 11:30:00,114359.27717241195
2023-03-15 11:45:00,114233.8616496753
2023-03-15 12:00:00,114055.41137131331
2023-03-15 12:15:00,113996.70623301105
2023-03-15 12:30:00,113995.37202532236
2023-03-15 12:45:00,113995.37202532236
2023-03-15 13:00:00,113995.37202532236
2023-03-15 13:15:00,113995.37202532236
2023-03-15 13:30:00,113995.37202532236
2023-03-15 13:45:00,113995.37202532236
2023-03-15 14:00:00,113995.37202532236
2023-03-15 14:15:00,113995.37202532236
2023-03-15 14:30:00,113995.37202532236
2023-03-15 14:45:00,113995.37202532236
2023-03-15 15:00:00,113995.37202532236
2023-03-15 15:15:00,113995.37202532236
2023-03-16 09:15:00,113995.37202532236
2023-03-16 09:30:00,113995.37202532236
2023-03-16 09:45:00,113995.37202532236
2023-03-16 10:00:00,113995.37202532236
2023-03-16 10:15:00,113995.37202532236
2023-03-16 10:30:00,113995.37202532236
2023-03-16 10:45:00,113995.37202532236
2023-03-16 11:00:00,114083.80986628495
2023-03-16 11:15:00,114053.3256104986
2023-03-16 11:30:00,113853.33549286729
2023-03-16 11:45:00,113641.95565329381
2023-03-16 12:00:00,113424.21096910561
2023-03-16 12:15:00,113385.35191777354
2023-03-16 12:30:00,113386.69188506086
2023-03-16 12:45:00,113386.69188506086
2023-03-16 13:00:00,113386.69188506086
2023-03-16 13:15:00,113386.69188506086
2023-03-16 13:30:00,113386.69188506086
2023-03-16 13:45:00,113386.69188506086
2023-03-16 14:00:00,113386.69188506086
2023-03-16 14:15:00,113504.82243356413
2023-03-16 14:30:00,113346.42766993721
2023-03-16 14:45:00,112982.05316117362
2023-03-16 15:00:00,112985.38078225822
2023-03-16 15:15:00,113206.66758438405
2023-03-17 09:15:00,113842.57597365092
2023-03-17 09:30:00,113600.32515869211
2023-03-17 09:45:00,113513.14148627562
2023-03-17 10:00:00,113678.19149207172
2023-03-17 10:15:00,113589.6767712214
2023-03-17 10:30:00,113581.35771850991
2023-03-17 10:45:00,113537.4331201932
2023-03-17 11:00:00,113329.12404029729
2023-03-17 11:15:00,113297.84440210206
2023-03-17 11:30:00,113191.36052739488
2023-03-17 11:45:00,113192.69157582874
2023-03-17 12:00:00,113192.69157582874
2023-03-17 12:15:00,113192.69157582874
2023-03-17 12:30:00,113192.69157582874
2023-03-17 12:45:00,113192.69157582874
2023-03-17 13:00:00,113192.69157582874
2023-03-17 13:15:00,113192.69157582874
2023-03-17 13:30:00,113192.69157582874
2023-03-17 13:45:00,113192.69157582874
2023-03-17 14:00:00,113192.69157582874
2023-03-17 14:15:00,113192.69157582874
2023-03-17 14:30:00,113192.69157582874
2023-03-17 14:45:00,113350.8736317671
2023-03-17 15:00:00,113505.40788348048
2023-03-17 15:15:00,113570.73674096448
2023-03-20 09:15:00,112471.42119497764
2023-03-20 09:30:00,112433.61667846405
2023-03-20 09:45:00,112154.39384596905
2023-03-20 10:00:00,112151.07766030997
2023-03-20 10:15:00,112151.07766030997
2023-03-20 10:30:00,112151.07766030997
2023-03-20 10:45:00,112151.07766030997
2023-03-20 11:00:00,112151.07766030997
2023-03-20 11:15:00,112151.07766030997
2023-03-20 11:30:00,112151.07766030997
2023-03-20 11:45:00,112151.07766030997
2023-03-20 12:00:00,112151.07766030997
2023-03-20 12:15:00,112151.07766030997
2023-03-20 12:30:00,112151.07766030997
2023-03-20 12:45:00,112151.07766030997
2023-03-20 13:00:00,112151.07766030997
2023-03-20 13:15:00,112151.07766030997
2023-03-20 13:30:00,112151.07766030997
2023-03-20 13:45:00,112151.07766030997
2023-03-20 14:00:00,112151.07766030997
2023-03-20 14:15:00,112151.07766030997
2023-03-20 14:30:00,112151.07766030997
2023-03-20 14:45:00,112151.07766030997
2023-03-20 15:00:00,112151.07766030997
2023-03-20 15:15:00,112254.39676963455
2023-03-21 09:15:00,112736.66264414953
2023-03-21 09:30:00,112491.73363738012
2023-03-21 09:45:00,112492.39382338218
2023-03-21 10:00:00,112667.67320693281
2023-03-21 10:15:00,112757.7885962159
2023-03-21 10:30:00,112711.57557607073
2023-03-21 10:45:00,112619.14953578038
2023-03-21 11:00:00,112663.38199791934
2023-03-21 11:15:00,112663.38199791934
2023-03-21 11:30:00,112615.84860577
2023-03-21 11:45:00,112435.94792020487
2023-03-21 12:00:00,112435.94792020487
2023-03-21 12:15:00,112587.46060768083
2023-03-21 12:30:00,112565.67446961236
2023-03-21 12:45:00,112780.89510628847
2023-03-21 13:00:00,112876.95216959022
2023-03-21 13:15:00,112740.95385316301
2023-03-21 13:30:00,112699.6922280334
2023-03-21 13:45:00,112912.27212070118
2023-03-21 14:00:00,112815.22477839632
2023-03-21 14:15:00,112899.39849366074
2023-03-21 14:30:00,113046.95006512426
2023-03-21 14:45:00,113013.94076502055
2023-03-21 15:00:00,112919.534166724
2023-03-21 15:15:00,112937.68928178103
2023-03-22 09:15:00,113369.45092713734
2023-03-22 09:30:00,113345.02404506062
2023-03-22 09:45:00,113260.19014379411
2023-03-22 10:00:00,113161.16224348304
2023-03-22 10:15:00,113205.06461262096
2023-03-22 10:30:00,113105.04643330675
2023-03-22 10:45:00,113097.78438728394
2023-03-22 11:00:00,113088.87187625594
2023-03-22 11:15:00,113192.19098558051
2023-03-22 11:30:00,113213.64703064792
2023-03-22 11:45:00,113182.28819554941
2023-03-22 12:00:00,113145.97796543535
2023-03-22 12:15:00,113222.22944867487
2023-03-22 12:30:00,113109.66773532127
2023-03-22 12:45:00,113164.4631734934
2023-03-22 13:00:00,113120.56080435548
2023-03-22 13:15:00,113096.13392227874
2023-03-22 13:30:00,113173.70577752242
2023-03-22 13:45:00,113127.49275737726
2023-03-22 14:00:00,113169.41456850893
2023-03-22 14:15:00,113083.26029523829
2023-03-22 14:30:00,113013.94076502052
2023-03-22 14:45:00,113163.1428014892
2023-03-22 15:00:00,113289.56842088637
2023-03-22 15:15:00,113174.03587052342
2023-03-23 09:15:00,112627.40186080623
2023-03-23 09:30:00,112762.0798052293
2023-03-23 09:45:00,113057.51304115736
2023-03-23 10:00:00,113134.09461739795
2023-03-23 10:15:00,113343.04348705431
2023-03-23 10:30:00,113249.95726076189
2023-03-23 10:45:00,113160.8321504819
2023-03-23 11:00:00,113131.78396639065
2023-03-23 11:15:00,113190.87061357626
2023-03-23 11:30:00,113282.96656086558
2023-03-23 11:45:00,113340.40274304601
2023-03-23 12:00:00,113340.73283604704
2023-03-23 12:15:00,113299.47121091741
2023-03-23 12:30:00,113504.45896456136
2023-03-23 12:45:00,113456.595479411
2023-03-23 13:00:00,113398.16901822746
2023-03-23 13:15:00,113462.53715342966
2023-03-23 13:30:00,113384.96529818597
2023-03-23 13:45:00,113287.9179558811
2023-03-23 14:00:00,113086.56122524856
2023-03-23 14:15:00,112943.63095579956
2023-03-23 14:30:00,112934.38835177054
2023-03-23 14:45:00,112934.38835177054
2023-03-23 15:00:00,112934.38835177054
2023-03-23 15:15:00,112934.38835177054
2023-03-24 09:15:00,112934.38835177054
2023-03-24 09:30:00,112934.38835177054
2023-03-24 09:45:00,112934.38835177054
2023-03-24 10:00:00,112934.38835177054
2023-03-24 10:15:00,112934.38835177054
2023-03-24 10:30:00,112934.38835177054
2023-03-24 10:45:00,112934.38835177054
2023-03-24 11:00:00,112934.38835177054
2023-03-24 11:15:00,112934.38835177054
2023-03-24 11:30:00,112934.38835177054
2023-03-24 11:45:00,112934.38835177054
2023-03-24 12:00:00,112934.38835177054
2023-03-24 12:15:00,112934.38835177054
2023-03-24 12:30:00,112934.38835177054
2023-03-24 12:45:00,112934.38835177054
2023-03-24 13:00:00,112934.38835177054
2023-03-24 13:15:00,112934.38835177054
2023-03-24 13:30:00,112934.38835177054
2023-03-24 13:45:00,112934.38835177054
2023-03-24 14:00:00,112934.38835177054
2023-03-24 14:15:00,112934.38835177054
2023-03-24 14:30:00,112934.38835177054
2023-03-24 14:45:00,112934.38835177054
2023-03-24 15:00:00,112934.38835177054
2023-03-24 15:15:00,112934.38835177054
2023-03-27 09:15:00,112934.38835177054
2023-03-27 09:30:00,112934.38835177054
2023-03-27 09:45:00,112934.38835177054
2023-03-27 10:00:00,112934.38835177054
2023-03-27 10:15:00,112934.38835177054
2023-03-27 10:30:00,112934.38835177054
2023-03-27 10:45:00,112934.38835177054
2023-03-27 11:00:00,112934.38835177054
2023-03-27 11:15:00,112934.38835177054
2023-03-27 11:30:00,112934.38835177054
2023-03-27 11:45:00,112934.38835177054
2023-03-27 12:00:00,112934.38835177054
2023-03-27 12:15:00,112992.39674611503
2023-03-27 12:30:00,113044.43856275553
2023-03-27 12:45:00,112910.85351749366
2023-03-27 13:00:00,112770.63894144955
2023-03-27 13:15:00,112621.80597538859
2023-03-27 13:30:00,112814.39384461226
2023-03-27 13:45:00,112985.1042622546
2023-03-27 14:00:00,112966.21009952524
2023-03-27 14:15:00,113256.5835477868
2023-03-27 14:30:00,113121.34111982936
2023-03-27 14:45:00,113066.64749087598
2023-03-27 15:00:00,112585.67503262544
2023-03-27 15:15:00,112459.71394776313
2023-03-28 09:15:00,112912.5109001892
2023-03-28 09:30:00,112912.5109001892
2023-03-28 09:45:00,112912.5109001892
2023-03-28 10:00:00,112912.5109001892
2023-03-28 10:15:00,112912.5109001892
2023-03-28 10:30:00,112912.5109001892
2023-03-28 10:45:00,112912.5109001892
2023-03-28 11:00:00,112912.5109001892
2023-03-28 11:15:00,112912.5109001892
2023-03-28 11:30:00,112912.5109001892
2023-03-28 11:45:00,112912.5109001892
2023-03-28 12:00:00,112912.5109001892
2023-03-28 12:15:00,112912.5109001892
2023-03-28 12:30:00,112912.5109001892
2023-03-28 12:45:00,112912.5109001892
2023-03-28 13:00:00,112912.5109001892
2023-03-28 13:15:00,112912.5109001892
2023-03-28 13:30:00,112912.5109001892
2023-03-28 13:45:00,112912.5109001892
2023-03-28 14:00:00,112912.5109001892
2023-03-28 14:15:00,112912.5109001892
2023-03-28 14:30:00,112912.5109001892
2023-03-28 14:45:00,112912.5109001892
2023-03-28 15:00:00,112912.5109001892
2023-03-28 15:15:00,112912.5109001892
2023-03-29 09:15:00,112912.5109001892
2023-03-29 09:30:00,112912.5109001892
2023-03-29 09:45:00,112912.5109001892
2023-03-29 10:00:00,112855.14305980726
2023-03-29 10:15:00,113033.54709521467
2023-03-29 10:30:00,112946.66631960734
2023-03-29 10:45:00,112860.78036204129
2023-03-29 11:00:00,112598.14839913668
2023-03-29 11:15:00,112666.12763195921
2023-03-29 11:30:00,112537.46449861705
2023-03-29 11:45:00,112580.90488642071
2023-03-29 12:00:00,112427.7029080597
2023-03-29 12:15:00,112430.68736218361
2023-03-29 12:30:00,112430.68736218361
2023-03-29 12:45:00,112430.68736218361
2023-03-29 13:00:00,112430.68736218361
2023-03-29 13:15:00,112430.68736218361
2023-03-29 13:30:00,112430.68736218361
2023-03-29 13:45:00,112430.68736218361
2023-03-29 14:00:00,112562.10066864584
2023-03-29 14:15:00,112384.79176017796
2023-03-29 14:30:00,112316.11344926301
2023-03-29 14:45:00,112372.5749452556
2023-03-29 15:00:00,112888.98301386599
2023-03-29 15:15:00,113030.96221431514
2023-03-31 09:15:00,114044.95785287175
2023-03-31 09:30:00,114100.09861211597
2023-03-31 09:45:00,113989.81709362756
2023-03-31 10:00:00,113959.1099642281
2023-03-31 10:15:00,113954.81756979591
2023-03-31 10:30:00,113901.65791567427
2023-03-31 10:45:00,113909.58233616444
2023-03-31 11:00:00,113883.82796957134
2023-03-31 11:15:00,113972.97770008592
2023-03-31 11:30:00,114081.93848182596
2023-03-31 11:45:00,114092.83455999997
2023-03-31 12:00:00,114103.07026979979
2023-03-31 12:15:00,114174.05987002437
2023-03-31 12:30:00,114390.6606967561
2023-03-31 12:45:00,114319.67109653153
2023-03-31 13:00:00,114357.3120938599
2023-03-31 13:15:00,114412.4528531041
2023-03-31 13:30:00,114536.60210745034
2023-03-31 13:45:00,114606.60115511366
2023-03-31 14:00:00,114647.21381012583
2023-03-31 14:15:00,114645.56288919038
2023-03-31 14:30:00,114625.09146959074
2023-03-31 14:45:00,114679.24167627368
2023-03-31 15:00:00,114661.08154598367
2023-03-31 15:15:00,114628.72349564874
2023-04-03 09:15:00,114537.26247582454
2023-04-03 09:30:00,114627.40275890037
2023-04-03 09:45:00,114737.35409320168
2023-04-03 10:00:00,114692.11885957021
2023-04-03 10:15:00,114657.77970411273
2023-04-03 10:30:00,114493.67816312847
2023-04-03 10:45:00,114500.28184687028
2023-04-03 11:00:00,114404.19824842678
2023-04-03 11:15:00,114361.93467247914
2023-04-03 11:30:00,114364.57614597585
2023-04-03 11:45:00,114364.57614597585
2023-04-03 12:00:00,114364.57614597585
2023-04-03 12:15:00,114364.57614597585
2023-04-03 12:30:00,114364.57614597585
2023-04-03 12:45:00,114364.57614597585
2023-04-03 13:00:00,114364.57614597585
2023-04-03 13:15:00,114364.57614597585
2023-04-03 13:30:00,114364.57614597585
2023-04-03 13:45:00,114364.57614597585
2023-04-03 14:00:00,114364.57614597585
2023-04-03 14:15:00,114364.57614597585
2023-04-03 14:30:00,114451.14042339931
2023-04-03 14:45:00,114427.44221817312
2023-04-03 15:00:00,114568.31488257328
2023-04-03 15:15:00,114539.35040951904
2023-04-05 09:15:00,114975.46321402893
2023-04-05 09:30:00,114922.8005357485
2023-04-05 09:45:00,115023.18876622057
2023-04-05 10:00:00,115144.64206800485
2023-04-05 10:15:00,115205.86243150586
2023-04-05 10:30:00,115233.5103376031
2023-04-05 10:45:00,115118.63987060389
2023-04-05 11:00:00,115107.11990973004
2023-04-05 11:15:00,115168.99855670956
2023-04-05 11:30:00,115121.93128799643
2023-04-05 11:45:00,115227.2566445573
2023-04-05 12:00:00,115264.44966109285
2023-04-05 12:15:00,115252.2714167405
2023-04-05 12:30:00,115368.78759243598
2023-04-05 12:45:00,115431.65366463325
2023-04-05 13:00:00,115446.13590116039
2023-04-05 13:15:00,115464.8969802978
2023-04-05 13:30:00,115368.787592436
2023-04-05 13:45:00,115352.6596472126
2023-04-05 14:00:00,115441.85705855007
2023-04-05 14:15:00,115460.28899594821
2023-04-05 14:30:00,115483.32891769592
2023-04-05 14:45:00,115498.46943770157
2023-04-05 15:00:00,115545.5367064147
2023-04-05 15:15:00,115601.16166034843
2023-04-06 09:15:00,115409.93030984259
2023-04-06 09:30:00,115418.15885332391
2023-04-06 09:45:00,115382.94068722385
2023-04-06 10:00:00,115782.18961693742
2023-04-06 10:15:00,115742.0343247486
2023-04-06 10:30:00,115839.78942130666
2023-04-06 10:45:00,115923.39142307687
2023-04-06 11:00:00,115978.02895179282
2023-04-06 11:15:00,115904.95948567872
2023-04-06 11:30:00,115925.36627351238
2023-04-06 11:45:00,115843.73912217769
2023-04-06 12:00:00,115873.03273697119
2023-04-06 12:15:00,115950.38104569557
2023-04-06 12:30:00,116021.1465196349
2023-04-06 12:45:00,116072.49263095831
2023-04-06 13:00:00,115979.34551874979
2023-04-06 13:15:00,115968.48384135445
2023-04-06 13:30:00,115688.05507951112
2023-04-06 13:45:00,115648.88721254004
2023-04-06 14:00:00,115697.27104821018
2023-04-06 14:15:00,115738.41376561679
2023-04-06 14:30:00,115830.90259434682
2023-04-06 14:45:00,115895.08523350109
2023-04-06 15:00:00,115800.95069607478
2023-04-06 15:15:00,115871.05788653564
2023-04-10 09:15:00,116088.6205761817
2023-04-10 09:30:00,116192.95850752482
2023-04-10 09:45:00,116047.80700051434
2023-04-10 10:00:00,116055.37726051715
2023-04-10 10:15:00,115919.1125804665
2023-04-10 10:30:00,116050.11099268911
2023-04-10 10:45:00,116011.60140919652
2023-04-10 11:00:00,116121.20560836769
2023-04-10 11:15:00,116088.2914344424
2023-04-10 11:30:00,116168.60201882008
2023-04-10 11:45:00,116299.92957278191
2023-04-10 12:00:00,116332.51460496792
2023-04-10 12:15:00,116401.96351195025
2023-04-10 12:30:00,116368.06191280721
2023-04-10 12:45:00,116425.00343369794
2023-04-10 13:00:00,116302.23356495667
2023-04-10 13:15:00,116288.40961190806
2023-04-10 13:30:00,116252.53316232952
2023-04-10 13:45:00,116127.45930141349
2023-04-10 14:00:00,116032.33733876944
2023-04-10 14:15:00,116033.9830474657
2023-04-10 14:30:00,116033.9830474657
2023-04-10 14:45:00,116033.9830474657
2023-04-10 15:00:00,116033.9830474657
2023-04-10 15:15:00,116033.9830474657
2023-04-11 09:15:00,116033.9830474657
2023-04-11 09:30:00,116033.9830474657
2023-04-11 09:45:00,116033.9830474657
2023-04-11 10:00:00,116135.7729852062
2023-04-11 10:15:00,116013.03592201429
2023-04-11 10:30:00,115972.77816528735
2023-04-11 10:45:00,115956.7405223636
2023-04-11 11:00:00,115891.60805416308
2023-04-11 11:15:00,115895.20834135004
2023-04-11 11:30:00,115764.61610611383
2023-04-11 11:45:00,115808.14685119256
2023-04-11 12:00:00,115704.393120441
2023-04-11 12:15:00,115701.77472975956
2023-04-11 12:30:00,115701.77472975956
2023-04-11 12:45:00,115701.77472975956
2023-04-11 13:00:00,115701.77472975956
2023-04-11 13:15:00,115701.77472975956
2023-04-11 13:30:00,115701.77472975956
2023-04-11 13:45:00,115701.77472975956
2023-04-11 14:00:00,115701.77472975956
2023-04-11 14:15:00,115701.77472975956
2023-04-11 14:30:00,115701.77472975956
2023-04-11 14:45:00,115701.77472975956
2023-04-11 15:00:00,115701.77472975956
2023-04-11 15:15:00,115701.77472975956
2023-04-12 09:15:00,115701.77472975956
2023-04-12 09:30:00,115697.86684318686
2023-04-12 09:45:00,115684.1892401824
2023-04-12 10:00:00,115618.40648287516
2023-04-12 10:15:00,115557.18292656944
2023-04-12 10:30:00,115566.3013285724
2023-04-12 10:45:00,115635.34065802356
2023-04-12 11:00:00,115636.64328688112
2023-04-12 11:15:00,115686.79449789753
2023-04-12 11:30:00,115741.50490991543
2023-04-12 11:45:00,115703.72867304595
2023-04-12 12:00:00,115681.58398246727
2023-04-12 12:15:00,115774.72194578344
2023-04-12 12:30:00,115714.1497039065
2023-04-12 12:45:00,115756.81079899186
2023-04-12 13:00:00,115884.14276981921
2023-04-12 13:15:00,115936.24792412196
2023-04-12 13:30:00,115987.37610678155
2023-04-12 13:45:00,115988.02742121032
2023-04-12 14:00:00,115979.88599085053
2023-04-12 14:15:00,115948.94855548326
2023-04-12 14:30:00,115899.12300168128
2023-04-12 14:45:00,115792.9587497894
2023-04-12 15:00:00,116013.7543411473
2023-04-12 15:15:00,116050.55360637364
2023-04-13 09:15:00,115991.93530778305
2023-04-13 09:30:00,115926.1525504758
2023-04-13 09:45:00,115930.7117514773
2023-04-13 10:00:00,115884.46842703363
2023-04-13 10:15:00,115923.54729276069
2023-04-13 10:30:00,115884.794084248
2023-04-13 10:45:00,115671.16295160672
2023-04-13 11:00:00,115592.67956293818
2023-04-13 11:15:00,115588.12036193672
2023-04-13 11:30:00,115588.12036193672
2023-04-13 11:45:00,115588.12036193672
2023-04-13 12:00:00,115588.12036193672
2023-04-13 12:15:00,115588.12036193672
2023-04-13 12:30:00,115588.12036193672
2023-04-13 12:45:00,115588.12036193672
2023-04-13 13:00:00,115588.12036193672
2023-04-13 13:15:00,115588.12036193672
2023-04-13 13:30:00,115588.12036193672
2023-04-13 13:45:00,115588.12036193672
2023-04-13 14:00:00,115588.12036193672
2023-04-13 14:15:00,115588.12036193672
2023-04-13 14:30:00,115548.18783076126
2023-04-13 14:45:00,115705.32071766302
2023-04-13 15:00:00,115814.40470526424
2023-04-13 15:15:00,115759.86271146366
2023-04-17 09:15:00,114502.15030679965
2023-04-17 09:30:00,114516.11045997478
2023-04-17 09:45:00,114169.70386839593
2023-04-17 10:00:00,114171.97645147094
2023-04-17 10:15:00,114171.97645147094
2023-04-17 10:30:00,114171.97645147094
2023-04-17 10:45:00,114171.97645147094
2023-04-17 11:00:00,114171.97645147094
2023-04-17 11:15:00,114171.97645147094
2023-04-17 11:30:00,114171.97645147094
2023-04-17 11:45:00,114171.97645147094
2023-04-17 12:00:00,114171.97645147094
2023-04-17 12:15:00,114171.97645147094
2023-04-17 12:30:00,114144.85721715941
2023-04-17 12:45:00,114161.32246656284
2023-04-17 13:00:00,114102.56412555458
2023-04-17 13:15:00,114080.93330771087
2023-04-17 13:30:00,114164.87379486555
2023-04-17 13:45:00,114205.22979830528
2023-04-17 14:00:00,114212.00960688316
2023-04-17 14:15:00,114251.39706624036
2023-04-17 14:30:00,114209.10397463551
2023-04-17 14:45:00,114197.15859761735
2023-04-17 15:00:00,114361.16539559649
2023-04-17 15:15:00,114314.6752796339
2023-04-18 09:15:00,114542.92883508916
2023-04-18 09:30:00,114422.50652082493
2023-04-18 09:45:00,114176.81917188372
2023-04-18 10:00:00,114096.75286105924
2023-04-18 10:15:00,114089.97305248136
2023-04-18 10:30:00,114245.90864977258
2023-04-18 10:45:00,114161.64531459038
2023-04-18 11:00:00,114170.68505936087
2023-04-18 11:15:00,114199.09568578245
2023-04-18 11:30:00,114126.13203156338
2023-04-18 11:45:00,114127.42342367343
2023-04-18 12:00:00,114127.42342367343
2023-04-18 12:15:00,114127.42342367343
2023-04-18 12:30:00,114127.42342367343
2023-04-18 12:45:00,114127.42342367343
2023-04-18 13:00:00,114127.42342367343
2023-04-18 13:15:00,114127.42342367343
2023-04-18 13:30:00,114127.42342367343
2023-04-18 13:45:00,114127.42342367343
2023-04-18 14:00:00,114127.42342367343
2023-04-18 14:15:00,114127.42342367343
2023-04-18 14:30:00,114127.42342367343
2023-04-18 14:45:00,114127.42342367343
2023-04-18 15:00:00,114127.42342367343
2023-04-18 15:15:00,114127.42342367343
2023-04-19 09:15:00,114127.42342367343
2023-04-19 09:30:00,114127.42342367343
2023-04-19 09:45:00,114127.42342367343
2023-04-19 10:00:00,114127.42342367343
2023-04-19 10:15:00,114127.42342367343
2023-04-19 10:30:00,114127.42342367343
2023-04-19 10:45:00,114127.42342367343
2023-04-19 11:00:00,114127.42342367343
2023-04-19 11:15:00,114127.42342367343
2023-04-19 11:30:00,114127.42342367343
2023-04-19 11:45:00,114127.42342367343
2023-04-19 12:00:00,114127.42342367343
2023-04-19 12:15:00,114127.42342367343
2023-04-19 12:30:00,114127.42342367343
2023-04-19 12:45:00,114127.42342367343
2023-04-19 13:00:00,114127.42342367343
2023-04-19 13:15:00,114127.42342367343
2023-04-19 13:30:00,114127.42342367343
2023-04-19 13:45:00,114127.42342367343
2023-04-19 14:00:00,114127.42342367343
2023-04-19 14:15:00,114127.42342367343
2023-04-19 14:30:00,114127.42342367343
2023-04-19 14:45:00,114127.42342367343
2023-04-19 15:00:00,114127.42342367343
2023-04-19 15:15:00,114127.42342367343
2023-04-20 09:15:00,114127.42342367343
2023-04-20 09:30:00,114127.42342367343
2023-04-20 09:45:00,114127.42342367343
2023-04-20 10:00:00,114127.42342367343
2023-04-20 10:15:00,114127.42342367343
2023-04-20 10:30:00,114127.42342367343
2023-04-20 10:45:00,114127.42342367343
2023-04-20 11:00:00,114127.42342367343
2023-04-20 11:15:00,114127.42342367343
2023-04-20 11:30:00,114127.42342367343
2023-04-20 11:45:00,114127.42342367343
2023-04-20 12:00:00,114127.42342367343
2023-04-20 12:15:00,114127.42342367343
2023-04-20 12:30:00,114127.42342367343
2023-04-20 12:45:00,114127.42342367343
2023-04-20 13:00:00,114127.42342367343
2023-04-20 13:15:00,114127.42342367343
2023-04-20 13:30:00,114127.42342367343
2023-04-20 13:45:00,114127.42342367343
2023-04-20 14:00:00,114127.42342367343
2023-04-20 14:15:00,114127.42342367343
2023-04-20 14:30:00,114127.42342367343
2023-04-20 14:45:00,114127.42342367343
2023-04-20 15:00:00,114127.42342367343
2023-04-20 15:15:00,114127.42342367343
2023-04-21 09:15:00,114127.42342367343
2023-04-21 09:30:00,113877.33247004832
2023-04-21 09:45:00,113787.82963522385
2023-04-21 10:00:00,113850.51393109371
2023-04-21 10:15:00,113720.94484530084
2023-04-21 10:30:00,113720.62173037368
2023-04-21 10:45:00,113754.87191265309
2023-04-21 11:00:00,113796.23062333012
2023-04-21 11:15:00,113765.53470524952
2023-04-21 11:30:00,113783.30602624356
2023-04-21 11:45:00,113788.47586507817
2023-04-21 12:00:00,113706.40467357845
2023-04-21 12:15:00,113707.05090343278
2023-04-21 12:30:00,113707.05090343278
2023-04-21 12:45:00,113707.05090343278
2023-04-21 13:00:00,113707.05090343278
2023-04-21 13:15:00,113707.05090343278
2023-04-21 13:30:00,113707.05090343278
2023-04-21 13:45:00,113707.05090343278
2023-04-21 14:00:00,113707.05090343278
2023-04-21 14:15:00,113707.05090343278
2023-04-21 14:30:00,113614.8219191122
2023-04-21 14:45:00,113692.53934995578
2023-04-21 15:00:00,113722.20741484211
2023-04-21 15:15:00,113634.49313604775
2023-04-24 09:15:00,113883.44689792
2023-04-24 09:30:00,113686.73472856496
2023-04-24 09:45:00,113729.62443106368
2023-04-24 10:00:00,113726.39964140214
2023-04-24 10:15:00,113677.38283854644
2023-04-24 10:30:00,113727.04459933445
2023-04-24 10:45:00,113737.36392625143
2023-04-24 11:00:00,113762.19480664545
2023-04-24 11:15:00,113690.92695512502
2023-04-24 11:30:00,113668.67590646027
2023-04-24 11:45:00,113675.44796474953
2023-04-24 12:00:00,113753.48787455921
2023-04-24 12:15:00,113800.89228258414
2023-04-24 12:30:00,113877.64227652921
2023-04-24 12:45:00,113970.83869774823
2023-04-24 13:00:00,114073.70948795193
2023-04-24 13:15:00,114147.55717120162
2023-04-24 13:30:00,114229.14434963903
2023-04-24 13:45:00,114139.49519704773
2023-04-24 14:00:00,114265.58447281463
2023-04-24 14:15:00,114252.36283520225
2023-04-24 14:30:00,114200.76620061732
2023-04-24 14:45:00,114344.91429848895
2023-04-24 15:00:00,114467.13382666199
2023-04-24 15:15:00,114467.13382666199
2023-04-25 09:15:00,114342.65694572584
2023-04-25 09:30:00,114418.11702380629
2023-04-25 09:45:00,114395.54349617538
2023-04-25 10:00:00,114504.86386570217
2023-04-25 10:15:00,114537.43424128393
2023-04-25 10:30:00,114623.85860421367
2023-04-25 10:45:00,114577.7441120534
2023-04-25 11:00:00,114648.68948460768
2023-04-25 11:15:00,114687.70943951252
2023-04-25 11:30:00,114669.6506174078
2023-04-25 11:45:00,114703.18842988797
2023-04-25 12:00:00,114653.5266691
2023-04-25 12:15:00,114613.53927729667
2023-04-25 12:30:00,114481.3229011728
2023-04-25 12:45:00,114613.53927729666
2023-04-25 13:00:00,114657.39641669385
2023-04-25 13:15:00,114641.5949473522
2023-04-25 13:30:00,114721.56973095884
2023-04-25 13:45:00,114552.91323165935
2023-04-25 14:00:00,114745.7556534205
2023-04-25 14:15:00,114794.12749834386
2023-04-25 14:30:00,114767.36174415292
2023-04-25 14:45:00,114678.03507052777
2023-04-25 15:00:00,114650.62435840452
2023-04-25 15:15:00,114557.10545821933
2023-04-26 09:15:00,114398.76828583684
2023-04-26 09:30:00,114374.58236337516
2023-04-26 09:45:00,114372.32501061205
2023-04-26 10:00:00,114372.32501061205
2023-04-26 10:15:00,114372.32501061205
2023-04-26 10:30:00,114372.32501061205
2023-04-26 10:45:00,114372.32501061205
2023-04-26 11:00:00,114372.32501061205
2023-04-26 11:15:00,114372.32501061205
2023-04-26 11:30:00,114372.32501061205
2023-04-26 11:45:00,114372.32501061205
2023-04-26 12:00:00,114311.56510475514
2023-04-26 12:15:00,114392.57831256438
2023-04-26 12:30:00,114466.84041972287
2023-04-26 12:45:00,114352.39318964313
2023-04-26 13:00:00,114326.99619195689
2023-04-26 13:15:00,114339.21246932496
2023-04-26 13:30:00,114323.13842015647
2023-04-26 13:45:00,114336.31914047462
2023-04-26 14:00:00,114413.15309550006
2023-04-26 14:15:00,114326.03174900678
2023-04-26 14:30:00,114335.35469752451
2023-04-26 14:45:00,114353.35763259325
2023-04-26 15:00:00,114552.67584228268
2023-04-26 15:15:00,114562.64175276714
2023-04-27 09:15:00,114642.36903664291
2023-04-27 09:30:00,114664.55122449546
2023-04-27 09:45:00,114677.73194481364
2023-04-27 10:00:00,114658.12160482808
2023-04-27 10:15:00,114721.13187756861
2023-04-27 10:30:00,114675.48157793007
2023-04-27 10:45:00,114641.40459369286
2023-04-27 11:00:00,114622.11573469065
2023-04-27 11:15:00,114725.6326113358
2023-04-27 11:30:00,114745.88591328812
2023-04-27 11:45:00,114805.03841422821
2023-04-27 12:00:00,114758.10219065617
2023-04-27 12:15:00,114755.53034278922
2023-04-27 12:30:00,114770.96142999096
2023-04-27 12:45:00,114764.21032934019
2023-04-27 13:00:00,114781.57030244218
2023-04-27 13:15:00,114914.02046759063
2023-04-27 13:30:00,114950.34781871147
2023-04-27 13:45:00,115016.25142030233
2023-04-27 14:00:00,114989.889979666
2023-04-27 14:15:00,114931.38044069264
2023-04-27 14:30:00,115032.6469504542
2023-04-27 14:45:00,115011.10772456841
2023-04-27 15:00:00,115224.89257850949
2023-04-27 15:15:00,115239.35922276115
2023-04-28 09:15:00,115069.61726354176
2023-04-28 09:30:00,115165.74007756941
2023-04-28 09:45:00,115172.16969723681
2023-04-28 10:00:00,115020.75215406952
2023-04-28 10:15:00,115154.48824315144
2023-04-28 10:30:00,115137.44975103282
2023-04-28 10:45:00,115294.01098993405
2023-04-28 11:00:00,115387.24047511136
2023-04-28 11:15:00,115372.77383085972
2023-04-28 11:30:00,115434.1766986834
2023-04-28 11:45:00,115427.10411704927
2023-04-28 12:00:00,115501.04474322438
2023-04-28 12:15:00,115550.55281466334
2023-04-28 12:30:00,115543.80171401257
2023-04-28 12:45:00,115489.47142782302
2023-04-28 13:00:00,115561.48316809791
2023-04-28 13:15:00,115538.01505631191
2023-04-28 13:30:00,115597.48903823536
2023-04-28 13:45:00,115590.73793758456
2023-04-28 14:00:00,115616.1349352708
2023-04-28 14:15:00,115560.84020613116
2023-04-28 14:30:00,115748.58510041927
2023-04-28 14:45:00,115633.81638935614
2023-04-28 15:00:00,116144.97115291451
2023-04-28 15:15:00,116047.56241495341
2023-05-02 09:15:00,116768.6442606524
2023-05-02 09:30:00,116770.57314655263
2023-05-02 09:45:00,116772.50203245287
2023-05-02 10:00:00,116791.79089145508
2023-05-02 10:15:00,116697.27548234428
2023-05-02 10:30:00,116701.1332541447
2023-05-02 10:45:00,116729.42358068126
2023-05-02 11:00:00,116610.7970978177
2023-05-02 11:15:00,116710.77768364579
2023-05-02 11:30:00,116721.70803708039
2023-05-02 11:45:00,116733.28135248172
2023-05-02 12:00:00,116784.0753478542
2023-05-02 12:15:00,116701.77621611147
2023-05-02 12:30:00,116717.52878429658
2023-05-02 12:45:00,116823.29602782533
2023-05-02 13:00:00,116832.61897634306
2023-05-02 13:15:00,116813.33011734085
2023-05-02 13:30:00,116796.61310620562
2023-05-02 13:45:00,116832.94045732642
2023-05-02 14:00:00,116814.29456029097
2023-05-02 14:15:00,116814.29456029097
2023-05-02 14:30:00,116758.99983115132
2023-05-02 14:45:00,116695.66807742743
2023-05-02 15:00:00,116652.26814467247
2023-05-02 15:15:00,116607.9037689674
2023-05-03 09:15:00,116173.90444141784
2023-05-03 09:30:00,116182.58442796883
2023-05-03 09:45:00,116182.58442796883
2023-05-03 10:00:00,116182.58442796883
2023-05-03 10:15:00,116182.58442796883
2023-05-03 10:30:00,116182.58442796883
2023-05-03 10:45:00,116182.58442796883
2023-05-03 11:00:00,116182.58442796883
2023-05-03 11:15:00,116182.58442796883
2023-05-03 11:30:00,116182.58442796883
2023-05-03 11:45:00,116182.58442796883
2023-05-03 12:00:00,116182.58442796883
2023-05-03 12:15:00,116182.58442796883
2023-05-03 12:30:00,116182.58442796883
2023-05-03 12:45:00,116182.58442796883
2023-05-03 13:00:00,116182.58442796883
2023-05-03 13:15:00,116182.58442796883
2023-05-03 13:30:00,116182.58442796883
2023-05-03 13:45:00,116182.58442796883
2023-05-03 14:00:00,116182.58442796883
2023-05-03 14:15:00,116182.58442796883
2023-05-03 14:30:00,116182.58442796883
2023-05-03 14:45:00,116182.58442796883
2023-05-03 15:00:00,116182.58442796883
2023-05-03 15:15:00,116182.58442796883
2023-05-04 09:15:00,116182.58442796883
2023-05-04 09:30:00,116182.58442796883
2023-05-04 09:45:00,116182.58442796883
2023-05-04 10:00:00,116182.58442796883
2023-05-04 10:15:00,116218.15690199616
2023-05-04 10:30:00,116298.59555948143
2023-05-04 10:45:00,116308.20974165098
2023-05-04 11:00:00,116346.98694306822
2023-05-04 11:15:00,116319.42628751548
2023-05-04 11:30:00,116419.73425481783
2023-05-04 11:45:00,116434.15552807215
2023-05-04 12:00:00,116356.60112523775
2023-05-04 12:15:00,116436.07836450606
2023-05-04 12:30:00,116484.7902208318
2023-05-04 12:45:00,116439.92403737389
2023-05-04 13:00:00,116520.04222212016
2023-05-04 13:15:00,116536.06585906942
2023-05-04 13:30:00,116569.39502392386
2023-05-04 13:45:00,116523.567422249
2023-05-04 14:00:00,116528.0540405948
2023-05-04 14:15:00,116643.10375389045
2023-05-04 14:30:00,116737.64321189106
2023-05-04 14:45:00,116836.98976097644
2023-05-04 15:00:00,117056.83405992025
2023-05-04 15:15:00,116899.48194507854
2023-05-05 09:15:00,116457.22956527908
2023-05-05 09:30:00,116506.26189434381
2023-05-05 09:45:00,116563.30604188317
2023-05-05 10:00:00,116651.11557236509
2023-05-05 10:15:00,116663.93448192449
2023-05-05 10:30:00,116732.19517532834
2023-05-05 10:45:00,116719.05579302994
2023-05-05 11:00:00,116400.18541773975
2023-05-05 11:15:00,116220.72068390808
2023-05-05 11:30:00,116216.87501104023
2023-05-05 11:45:00,116216.87501104023
2023-05-05 12:00:00,116216.87501104023
2023-05-05 12:15:00,116216.87501104023
2023-05-05 12:30:00,116216.87501104023
2023-05-05 12:45:00,116216.87501104023
2023-05-05 13:00:00,116216.87501104023
2023-05-05 13:15:00,116216.87501104023
2023-05-05 13:30:00,116216.87501104023
2023-05-05 13:45:00,116216.87501104023
2023-05-05 14:00:00,116216.87501104023
2023-05-05 14:15:00,116216.87501104023
2023-05-05 14:30:00,116216.87501104023
2023-05-05 14:45:00,116216.87501104023
2023-05-05 15:00:00,116216.87501104023
2023-05-05 15:15:00,116216.87501104023
2023-05-08 09:15:00,116216.87501104023
2023-05-08 09:30:00,116216.87501104023
2023-05-08 09:45:00,116216.87501104023
2023-05-08 10:00:00,116107.42850337508
2023-05-08 10:15:00,116361.74006783316
2023-05-08 10:30:00,116431.30082197604
2023-05-08 10:45:00,116368.12178839673
2023-05-08 11:00:00,116361.420981805
2023-05-08 11:15:00,116366.52635825585
2023-05-08 11:30:00,116452.99867189219
2023-05-08 11:45:00,116520.3258238378
2023-05-08 12:00:00,116593.39652429064
2023-05-08 12:15:00,116535.96103921854
2023-05-08 12:30:00,116620.1997506576
2023-05-08 12:45:00,116563.0833516137
2023-05-08 13:00:00,116596.26829854422
2023-05-08 13:15:00,116658.17098801082
2023-05-08 13:30:00,116589.24840592431
2023-05-08 13:45:00,116677.63523572969
2023-05-08 14:00:00,116621.47609477032
2023-05-08 14:15:00,116604.56453527688
2023-05-08 14:30:00,116592.12018017792
2023-05-08 14:45:00,116563.72152367006
2023-05-08 15:00:00,116569.14598614907
2023-05-08 15:15:00,116592.4392662061
2023-05-09 09:15:00,116781.33819488763
2023-05-09 09:30:00,116875.14948717205
2023-05-09 09:45:00,116919.50244508884
2023-05-09 10:00:00,116984.59599483722
2023-05-09 10:15:00,116977.57610221728
2023-05-09 10:30:00,116995.76400582345
2023-05-09 10:45:00,117033.0970711203
2023-05-09 11:00:00,116980.44787647088
2023-05-09 11:15:00,116957.15459641388
2023-05-09 11:30:00,116977.57610221728
2023-05-09 11:45:00,116989.38228525988
2023-05-09 12:00:00,116965.76991917468
2023-05-09 12:15:00,116940.24303692041
2023-05-09 12:30:00,116955.24008024478
2023-05-09 12:45:00,116815.79948593088
2023-05-09 13:00:00,116739.85701122443
2023-05-09 13:15:00,116670.61534310975
2023-05-09 13:30:00,116671.89168722247
2023-05-09 13:45:00,116671.89168722247
2023-05-09 14:00:00,116671.89168722247
2023-05-09 14:15:00,116671.89168722247
2023-05-09 14:30:00,116671.89168722247
2023-05-09 14:45:00,116671.89168722247
2023-05-09 15:00:00,116671.89168722247
2023-05-09 15:15:00,116671.89168722247
2023-05-10 09:15:00,116671.89168722247
2023-05-10 09:30:00,116671.89168722247
2023-05-10 09:45:00,116671.89168722247
2023-05-10 10:00:00,116671.89168722247
2023-05-10 10:15:00,116671.89168722247
2023-05-10 10:30:00,116671.89168722247
2023-05-10 10:45:00,116671.89168722247
2023-05-10 11:00:00,116671.89168722247
2023-05-10 11:15:00,116671.89168722247
2023-05-10 11:30:00,116671.89168722247
2023-05-10 11:45:00,116671.89168722247
2023-05-10 12:00:00,116671.89168722247
2023-05-10 12:15:00,116671.89168722247
2023-05-10 12:30:00,116671.89168722247
2023-05-10 12:45:00,116671.89168722247
2023-05-10 13:00:00,116671.89168722247
2023-05-10 13:15:00,116671.89168722247
2023-05-10 13:30:00,116671.89168722247
2023-05-10 13:45:00,116671.89168722247
2023-05-10 14:00:00,116671.89168722247
2023-05-10 14:15:00,116666.46909335561
2023-05-10 14:30:00,116659.45161893965
2023-05-10 14:45:00,116663.91728447707
2023-05-10 15:00:00,116869.01892308844
2023-05-10 15:15:00,116816.06888885904
2023-05-11 09:15:00,116773.6450662536
2023-05-11 09:30:00,116822.12943494556
2023-05-11 09:45:00,116786.08513453642
2023-05-11 10:00:00,116893.26110743443
2023-05-11 10:15:00,116891.34725077555
2023-05-11 10:30:00,116954.82349662881
2023-05-11 10:45:00,116972.04820655884
2023-05-11 11:00:00,116914.63250679204
2023-05-11 11:15:00,116957.69428161714
2023-05-11 11:30:00,116915.90841123131
2023-05-11 11:45:00,116774.60199458303
2023-05-11 12:00:00,116793.10260895235
2023-05-11 12:15:00,116896.76984464239
2023-05-11 12:30:00,116821.49148272593
2023-05-11 12:45:00,116844.45776263264
2023-05-11 13:00:00,116874.4415169553
2023-05-11 13:15:00,116884.6487524694
2023-05-11 13:30:00,116877.95025416328
2023-05-11 13:45:00,116869.01892308847
2023-05-11 14:00:00,116884.0108002498
2023-05-11 14:15:00,116890.39032244611
2023-05-11 14:30:00,116858.49271146455
2023-05-11 14:45:00,116677.63325719917
2023-05-11 15:00:00,116743.02335971135
2023-05-11 15:15:00,116773.96404236346
2023-05-12 09:15:00,116319.42308587633
2023-05-12 09:30:00,116319.42308587633
2023-05-12 09:45:00,116319.42308587633
2023-05-12 10:00:00,116319.42308587633
2023-05-12 10:15:00,116319.42308587633
2023-05-12 10:30:00,116319.42308587633
2023-05-12 10:45:00,116319.42308587633
2023-05-12 11:00:00,116319.42308587633
2023-05-12 11:15:00,116227.81721038726
2023-05-12 11:30:00,116247.85599565048
2023-05-12 11:45:00,116310.19888313614
2023-05-12 12:00:00,116274.57437600149
2023-05-12 12:15:00,116362.68141596844
2023-05-12 12:30:00,116402.75898649491
2023-05-12 12:45:00,116462.87534228463
2023-05-12 13:00:00,116423.43392367127
2023-05-12 13:15:00,116389.39979631941
2023-05-12 13:30:00,116523.94592594402
2023-05-12 13:45:00,116618.7325609987
2023-05-12 14:00:00,116601.23838338794
2023-05-12 14:15:00,116549.71007842531
2023-05-12 14:30:00,116623.50370034708
2023-05-12 14:45:00,116602.51068721415
2023-05-12 15:00:00,116514.72172320378
2023-05-12 15:15:00,116493.41063411432
2023-05-15 09:15:00,116726.24223431574
2023-05-15 09:30:00,116827.70846445816
2023-05-15 09:45:00,116872.23909837646
2023-05-15 10:00:00,116946.66887221136
2023-05-15 10:15:00,116914.2251246423
2023-05-15 10:30:00,116950.1677077335
2023-05-15 10:45:00,116935.21813777523
2023-05-15 11:00:00,117038.27474770045
2023-05-15 11:15:00,117136.56021827729
2023-05-15 11:30:00,117147.3748008003
2023-05-15 11:45:00,117140.69520571256
2023-05-15 12:00:00,117179.18239645624
2023-05-15 12:15:00,117210.67191615562
2023-05-15 12:30:00,117255.52062603048
2023-05-15 12:45:00,117265.38098068381
2023-05-15 13:00:00,117266.9713604666
2023-05-15 13:15:00,117267.28943642316
2023-05-15 13:30:00,117336.94807090965
2023-05-15 13:45:00,117326.13348838664
2023-05-15 14:00:00,117382.11485674109
2023-05-15 14:15:00,117248.84103094271
2023-05-15 14:30:00,117275.55941129371
2023-05-15 14:45:00,117312.13814629804
2023-05-15 15:00:00,116988.33682252062
2023-05-15 15:15:00,116953.98461921219
2023-05-16 09:15:00,117257.74715772633
2023-05-16 09:30:00,117257.74715772633
2023-05-16 09:45:00,117257.74715772633
2023-05-16 10:00:00,117257.74715772633
2023-05-16 10:15:00,117257.74715772633
2023-05-16 10:30:00,117257.74715772633
2023-05-16 10:45:00,117257.74715772633
2023-05-16 11:00:00,117257.74715772633
2023-05-16 11:15:00,117257.74715772633
2023-05-16 11:30:00,117257.74715772633
2023-05-16 11:45:00,117257.74715772633
2023-05-16 12:00:00,117257.74715772633
2023-05-16 12:15:00,117257.74715772633
2023-05-16 12:30:00,117257.74715772633
2023-05-16 12:45:00,117257.74715772633
2023-05-16 13:00:00,117257.74715772633
2023-05-16 13:15:00,117257.74715772633
2023-05-16 13:30:00,117257.74715772633
2023-05-16 13:45:00,117257.74715772633
2023-05-16 14:00:00,117257.74715772633
2023-05-16 14:15:00,117257.74715772633
2023-05-16 14:30:00,117257.74715772633
2023-05-16 14:45:00,117257.74715772633
2023-05-16 15:00:00,117257.74715772633
2023-05-16 15:15:00,117257.74715772633
2023-05-17 09:15:00,117257.74715772633
2023-05-17 09:30:00,117257.74715772633
2023-05-17 09:45:00,117257.74715772633
2023-05-17 10:00:00,117257.74715772633
2023-05-17 10:15:00,117257.74715772633
2023-05-17 10:30:00,117257.74715772633
2023-05-17 10:45:00,117257.74715772633
2023-05-17 11:00:00,117257.74715772633
2023-05-17 11:15:00,117257.74715772633
2023-05-17 11:30:00,117257.74715772633
2023-05-17 11:45:00,117257.74715772633
2023-05-17 12:00:00,117257.74715772633
2023-05-17 12:15:00,117257.74715772633
2023-05-17 12:30:00,117257.74715772633
2023-05-17 12:45:00,117257.74715772633
2023-05-17 13:00:00,117257.74715772633
2023-05-17 13:15:00,117257.74715772633
2023-05-17 13:30:00,117257.74715772633
2023-05-17 13:45:00,117257.74715772633
2023-05-17 14:00:00,117257.74715772633
2023-05-17 14:15:00,117257.74715772633
2023-05-17 14:30:00,117257.74715772633
2023-05-17 14:45:00,117257.74715772633
2023-05-17 15:00:00,117257.74715772633
2023-05-17 15:15:00,117257.74715772633
2023-05-18 09:15:00,117169.9040334031
2023-05-18 09:30:00,117082.38150442413
2023-05-18 09:45:00,117001.91207301854
2023-05-18 10:00:00,116839.37023348617
2023-05-18 10:15:00,116924.96919039967
2023-05-18 10:30:00,116915.67192541658
2023-05-18 10:45:00,116915.03073472808
2023-05-18 11:00:00,116965.04360843032
2023-05-18 11:15:00,116956.70812947994
2023-05-18 11:30:00,116923.68680902269
2023-05-18 11:45:00,117002.87385905128
2023-05-18 12:00:00,116885.85655840175
2023-05-18 12:15:00,116754.09187191693
2023-05-18 12:30:00,116713.05566785352
2023-05-18 12:45:00,116608.54158562956
2023-05-18 13:00:00,116608.54158562956
2023-05-18 13:15:00,116608.54158562956
2023-05-18 13:30:00,116608.54158562956
2023-05-18 13:45:00,116608.54158562956
2023-05-18 14:00:00,116608.54158562956
2023-05-18 14:15:00,116608.54158562956
2023-05-18 14:30:00,116608.54158562956
2023-05-18 14:45:00,116608.54158562956
2023-05-18 15:00:00,116608.54158562956
2023-05-18 15:15:00,116608.54158562956
2023-05-19 09:15:00,116608.54158562956
2023-05-19 09:30:00,116608.54158562956
2023-05-19 09:45:00,116608.54158562956
2023-05-19 10:00:00,116608.54158562956
2023-05-19 10:15:00,116608.54158562956
2023-05-19 10:30:00,116608.54158562956
2023-05-19 10:45:00,116608.54158562956
2023-05-19 11:00:00,116608.54158562956
2023-05-19 11:15:00,116608.54158562956
2023-05-19 11:30:00,116608.54158562956
2023-05-19 11:45:00,116608.54158562956
2023-05-19 12:00:00,116513.79090248478
2023-05-19 12:15:00,116521.1782438825
2023-05-19 12:30:00,116380.17637981281
2023-05-19 12:45:00,116339.70659650351
2023-05-19 13:00:00,116406.19266908307
2023-05-19 13:15:00,116437.66916721252
2023-05-19 13:30:00,116432.20895835334
2023-05-19 13:45:00,116537.8800592165
2023-05-19 14:00:00,116685.94807592749
2023-05-19 14:15:00,116701.6863249922
2023-05-19 14:30:00,116800.61246197045
2023-05-19 14:45:00,116817.63546606088
2023-05-19 15:00:00,116940.00838225802
2023-05-19 15:15:00,116947.71691241217
2023-05-22 09:15:00,117238.71392573138
2023-05-22 09:30:00,117452.94682626548
2023-05-22 09:45:00,117398.66592643003
2023-05-22 10:00:00,117366.22586203128
2023-05-22 10:15:00,117381.00054482676
2023-05-22 10:30:00,117417.9372518154
2023-05-22 10:45:00,117575.31974246266
2023-05-22 11:00:00,117535.4923366662
2023-05-22 11:15:00,117538.38303547402
2023-05-22 11:30:00,117581.10114007826
2023-05-22 11:45:00,117553.47890702588
2023-05-22 12:00:00,117663.9678392354
2023-05-22 12:15:00,117548.33988692312
2023-05-22 12:30:00,117468.04269781738
2023-05-22 12:45:00,117538.383035474
2023-05-22 13:00:00,117527.1414289992
2023-05-22 13:15:00,117417.93725181538
2023-05-22 13:30:00,117310.01782965724
2023-05-22 13:45:00,117475.75122797152
2023-05-22 14:00:00,117576.6044974883
2023-05-22 14:15:00,117522.64478640925
2023-05-22 14:30:00,117499.84038470322
2023-05-22 14:45:00,117620.60735711825
2023-05-22 15:00:00,117616.75309204117
2023-05-22 15:15:00,117576.28330873187
2023-05-23 09:15:00,118066.73853978976
2023-05-23 09:30:00,118227.33291800125
2023-05-23 09:45:00,118180.11817080707
2023-05-23 10:00:00,118142.21789754916
2023-05-23 10:15:00,118158.91971288314
2023-05-23 10:30:00,118237.9321469632
2023-05-23 10:45:00,118205.49208256448
2023-05-23 11:00:00,118273.58409892613
2023-05-23 11:15:00,118187.50551220479
2023-05-23 11:30:00,118241.46522328383
2023-05-23 11:45:00,118200.99543997453
2023-05-23 12:00:00,118238.89571323246
2023-05-23 12:15:00,118241.78641204027
2023-05-23 12:30:00,118245.96186587376
2023-05-23 12:45:00,118296.38850063217
2023-05-23 13:00:00,118188.46907847402
2023-05-23 13:15:00,118173.69439567857
2023-05-23 13:30:00,118177.54866075567
2023-05-23 13:45:00,118194.25047608964
2023-05-23 14:00:00,118199.71068494882
2023-05-23 14:15:00,118221.23033162918
2023-05-23 14:30:00,118065.45378476405
2023-05-23 14:45:00,118028.83826653183
2023-05-23 15:00:00,117837.08857894733
2023-05-23 15:15:00,117839.33690024228
2023-05-24 09:15:00,117839.33690024228
2023-05-24 09:30:00,117839.33690024228
2023-05-24 09:45:00,117839.33690024228
2023-05-24 10:00:00,117839.33690024228
2023-05-24 10:15:00,117839.33690024228
2023-05-24 10:30:00,117839.33690024228
2023-05-24 10:45:00,117839.33690024228
2023-05-24 11:00:00,117798.94792021287
2023-05-24 11:15:00,117872.35328867899
2023-05-24 11:30:00,117716.88777031183
2023-05-24 11:45:00,117692.84671077052
2023-05-24 12:00:00,117583.5400267227
2023-05-24 12:15:00,117524.8798414419
2023-05-24 12:30:00,117535.45790764006
2023-05-24 12:45:00,117535.45790764006
2023-05-24 13:00:00,117535.45790764006
2023-05-24 13:15:00,117535.45790764006
2023-05-24 13:30:00,117535.45790764006
2023-05-24 13:45:00,117535.45790764006
2023-05-24 14:00:00,117535.45790764006
2023-05-24 14:15:00,117535.45790764006
2023-05-24 14:30:00,117535.45790764006
2023-05-24 14:45:00,117535.45790764006
2023-05-24 15:00:00,117535.45790764006
2023-05-24 15:15:00,117535.45790764006
2023-05-25 09:15:00,117535.45790764006
2023-05-25 09:30:00,117535.45790764006
2023-05-25 09:45:00,117535.45790764006
2023-05-25 10:00:00,117535.45790764006
2023-05-25 10:15:00,117535.45790764006
2023-05-25 10:30:00,117535.45790764006
2023-05-25 10:45:00,117535.45790764006
2023-05-25 11:00:00,117535.45790764006
2023-05-25 11:15:00,117535.45790764006
2023-05-25 11:30:00,117535.45790764006
2023-05-25 11:45:00,117535.45790764006
2023-05-25 12:00:00,117535.45790764006
2023-05-25 12:15:00,117535.45790764006
2023-05-25 12:30:00,117535.45790764006
2023-05-25 12:45:00,117535.45790764006
2023-05-25 13:00:00,117535.45790764006
2023-05-25 13:15:00,117535.45790764006
2023-05-25 13:30:00,117535.45790764006
2023-05-25 13:45:00,117535.45790764006
2023-05-25 14:00:00,117535.45790764006
2023-05-25 14:15:00,117535.45790764006
2023-05-25 14:30:00,117535.45790764006
2023-05-25 14:45:00,117535.45790764006
2023-05-25 15:00:00,117735.55188272543
2023-05-25 15:15:00,117781.80153346746
2023-05-26 09:15:00,117952.34712057874
2023-05-26 09:30:00,118071.82538499565
2023-05-26 09:45:00,118057.05119100862
2023-05-26 10:00:00,118054.80294409755
2023-05-26 10:15:00,118137.02454541672
2023-05-26 10:30:00,118136.3821891564
2023-05-26 10:45:00,118120.96563890907
2023-05-26 11:00:00,118282.51823837603
2023-05-26 11:15:00,118269.02875690961
2023-05-26 11:30:00,118387.5434869361
2023-05-26 11:45:00,118386.57995254564
2023-05-26 12:00:00,118409.06242165636
2023-05-26 12:15:00,118376.30225238076
2023-05-26 12:30:00,118415.80716238958
2023-05-26 12:45:00,118462.69916939194
2023-05-26 13:00:00,118415.48598425943
2023-05-26 13:15:00,118423.8366156434
2023-05-26 13:30:00,118525.9712610321
2023-05-26 13:45:00,118625.85765950968
2023-05-26 14:00:00,118746.94181457741
2023-05-26 14:15:00,118770.38781807857
2023-05-26 14:30:00,118728.31348302853
2023-05-26 14:45:00,118780.02316198318
2023-05-26 15:00:00,118868.02596964511
2023-05-26 15:15:00,118783.87729954503
2023-05-29 09:15:00,119664.54773242469
2023-05-29 09:30:00,119652.34296347886
2023-05-29 09:45:00,119497.5351047451
2023-05-29 10:00:00,119404.07226887056
2023-05-29 10:15:00,119527.40467084933
2023-05-29 10:30:00,119587.46498118795
2023-05-29 10:45:00,119604.80860021623
2023-05-29 11:00:00,119688.95727031633
2023-05-29 11:15:00,119683.49724210374
2023-05-29 11:30:00,119608.02038151777
2023-05-29 11:45:00,119642.38644144415
2023-05-29 12:00:00,119591.3191187498
2023-05-29 12:15:00,119554.06245565205
2023-05-29 12:30:00,119535.43412410318
2023-05-29 12:45:00,119442.29246635879
2023-05-29 13:00:00,119451.28545400305
2023-05-29 13:15:00,119503.95866734817
2023-05-29 13:30:00,119537.68237101425
2023-05-29 13:45:00,119577.50845915324
2023-05-29 14:00:00,119624.72164428573
2023-05-29 14:15:00,119429.12416302251
2023-05-29 14:30:00,119404.07226887059
2023-05-29 14:45:00,119494.96567970389
2023-05-29 15:00:00,119474.08910124395
2023-05-29 15:15:00,119485.33033579931
2023-05-30 09:15:00,119744.19990870269
2023-05-30 09:30:00,119728.14100219504
2023-05-30 09:45:00,119699.55614861142
2023-05-30 10:00:00,119817.10734424743
2023-05-30 10:15:00,119719.46919268089
2023-05-30 10:30:00,119655.87592291059
2023-05-30 10:45:00,119447.75249457141
2023-05-30 11:00:00,119522.5869988971
2023-05-30 11:15:00,119554.06245565209
2023-05-30 11:30:00,119548.6024274395
2023-05-30 11:45:00,119478.58559506614
2023-05-30 12:00:00,119480.19148571689
2023-05-30 12:15:00,119480.19148571689
2023-05-30 12:30:00,119480.19148571689
2023-05-30 12:45:00,119480.19148571689
2023-05-30 13:00:00,119480.19148571689
2023-05-30 13:15:00,119480.19148571689
2023-05-30 13:30:00,119480.19148571689
2023-05-30 13:45:00,119480.19148571689
2023-05-30 14:00:00,119480.19148571689
2023-05-30 14:15:00,119480.19148571689
2023-05-30 14:30:00,119480.19148571689
2023-05-30 14:45:00,119480.19148571689
2023-05-30 15:00:00,119480.19148571689
2023-05-30 15:15:00,119480.19148571689
2023-05-31 09:15:00,119480.19148571689
2023-05-31 09:30:00,119480.19148571689
2023-05-31 09:45:00,119480.19148571689
2023-05-31 10:00:00,119480.19148571689
2023-05-31 10:15:00,119480.19148571689
2023-05-31 10:30:00,119480.19148571689
2023-05-31 10:45:00,119480.19148571689
2023-05-31 11:00:00,119480.19148571689
2023-05-31 11:15:00,119480.19148571689
2023-05-31 11:30:00,119480.19148571689
2023-05-31 11:45:00,119480.19148571689
2023-05-31 12:00:00,119480.19148571689
2023-05-31 12:15:00,119480.19148571689
2023-05-31 12:30:00,119480.19148571689
2023-05-31 12:45:00,119480.19148571689
2023-05-31 13:00:00,119480.19148571689
2023-05-31 13:15:00,119480.19148571689
2023-05-31 13:30:00,119480.19148571689
2023-05-31 13:45:00,119480.19148571689
2023-05-31 14:00:00,119480.19148571689
2023-05-31 14:15:00,119480.19148571689
2023-05-31 14:30:00,119480.19148571689
2023-05-31 14:45:00,119522.08665596368
2023-05-31 15:00:00,119407.03607305522
2023-05-31 15:15:00,119377.3871833421
2023-06-01 09:15:00,119362.2404679452
2023-06-01 09:30:00,119662.91888210093
2023-06-01 09:45:00,119700.3022647827
2023-06-01 10:00:00,119622.31279401561
2023-06-01 10:15:00,119642.61583805831
2023-06-01 10:30:00,119675.80970371536
2023-06-01 10:45:00,119674.52062155394
2023-06-01 11:00:00,119684.83327884544
2023-06-01 11:15:00,119607.16607861873
2023-06-01 11:30:00,119621.99052347527
2023-06-01 11:45:00,119605.55472591691
2023-06-01 12:00:00,119480.51375625728
2023-06-01 12:15:00,119584.60714079354
2023-06-01 12:30:00,119575.58356566344
2023-06-01 12:45:00,119552.05781621719
2023-06-01 13:00:00,119567.52680215446
2023-06-01 13:15:00,119625.2132288789
2023-06-01 13:30:00,119563.33728512982
2023-06-01 13:45:00,119421.86051791183
2023-06-01 14:00:00,119394.78979252161
2023-06-01 14:15:00,119431.20636358229
2023-06-01 14:30:00,119320.02302715814
2023-06-01 14:45:00,119392.85616927946
2023-06-01 15:00:00,119184.34712966661
2023-06-01 15:15:00,119187.56983507022
2023-06-02 09:15:00,119187.56983507022
2023-06-02 09:30:00,119187.56983507022
2023-06-02 09:45:00,119187.56983507022
2023-06-02 10:00:00,119187.56983507022
2023-06-02 10:15:00,119187.56983507022
2023-06-02 10:30:00,119187.56983507022
2023-06-02 10:45:00,119187.56983507022
2023-06-02 11:00:00,119187.56983507022
2023-06-02 11:15:00,119187.56983507022
2023-06-02 11:30:00,119187.56983507022
2023-06-02 11:45:00,119187.56983507022
2023-06-02 12:00:00,119160.55936227791
2023-06-02 12:15:00,119112.32637514878
2023-06-02 12:30:00,119159.91625578285
2023-06-02 12:45:00,119197.53798574359
2023-06-02 13:00:00,119266.02882746694
2023-06-02 13:15:00,119322.30064578427
2023-06-02 13:30:00,119366.03188744803
2023-06-02 13:45:00,119324.55151851698
2023-06-02 14:00:00,119237.08903518946
2023-06-02 14:15:00,119112.6479283963
2023-06-02 14:30:00,119066.66581399985
2023-06-02 14:45:00,119165.70421423836
2023-06-02 15:00:00,119214.25875461503
2023-06-02 15:15:00,119140.94461417873
2023-06-05 09:15:00,119694.98085966878
2023-06-05 09:30:00,119651.89272450008
2023-06-05 09:45:00,119742.24918705533
2023-06-05 10:00:00,119735.49656885727
2023-06-05 10:15:00,119736.78278184739
2023-06-05 10:30:00,119714.59560776799
2023-06-05 10:45:00,119749.64491174849
2023-06-05 11:00:00,119820.38662620455
2023-06-05 11:15:00,119853.18505745237
2023-06-05 11:30:00,119782.76489624385
2023-06-05 11:45:00,119739.99831432267
2023-06-05 12:00:00,119784.37266248147
2023-06-05 12:15:00,119734.5319091147
2023-06-05 12:30:00,119689.19290121329
2023-06-05 12:45:00,119704.3059038471
2023-06-05 13:00:00,119659.93155568828
2023-06-05 13:15:00,119658.96689594572
2023-06-05 13:30:00,119658.96689594572
2023-06-05 13:45:00,119658.96689594572
2023-06-05 14:00:00,119658.96689594572
2023-06-05 14:15:00,119658.96689594572
2023-06-05 14:30:00,119658.96689594572
2023-06-05 14:45:00,119658.96689594572
2023-06-05 15:00:00,119658.96689594572
2023-06-05 15:15:00,119658.96689594572
2023-06-06 09:15:00,119658.96689594572
2023-06-06 09:30:00,119658.96689594572
2023-06-06 09:45:00,119658.96689594572
2023-06-06 10:00:00,119658.96689594572
2023-06-06 10:15:00,119658.96689594572
2023-06-06 10:30:00,119658.96689594572
2023-06-06 10:45:00,119658.96689594572
2023-06-06 11:00:00,119658.96689594572
2023-06-06 11:15:00,119658.96689594572
2023-06-06 11:30:00,119658.96689594572
2023-06-06 11:45:00,119658.96689594572
2023-06-06 12:00:00,119658.96689594572
2023-06-06 12:15:00,119658.96689594572
2023-06-06 12:30:00,119658.96689594572
2023-06-06 12:45:00,119658.96689594572
2023-06-06 13:00:00,119658.96689594572
2023-06-06 13:15:00,119658.96689594572
2023-06-06 13:30:00,119658.96689594572
2023-06-06 13:45:00,119658.96689594572
2023-06-06 14:00:00,119658.96689594572
2023-06-06 14:15:00,119658.96689594572
2023-06-06 14:30:00,119658.96689594572
2023-06-06 14:45:00,119658.96689594572
2023-06-06 15:00:00,119658.96689594572
2023-06-06 15:15:00,119709.12138546378
2023-06-07 09:15:00,119939.31763222617
2023-06-07 09:30:00,120001.36773784786
2023-06-07 09:45:00,119979.18402133025
2023-06-07 10:00:00,119992.68715312358
2023-06-07 10:15:00,120002.6537503996
2023-06-07 10:30:00,119896.55771488063
2023-06-07 10:45:00,119947.6767138125
2023-06-07 11:00:00,119995.25917822706
2023-06-07 11:15:00,119937.71011653649
2023-06-07 11:30:00,119945.7476949849
2023-06-07 11:45:00,120011.65583826184
2023-06-07 12:00:00,119970.18193346805
2023-06-07 12:15:00,119999.11721588232
2023-06-07 12:30:00,120044.1276551934
2023-06-07 12:45:00,120092.35312588383
2023-06-07 13:00:00,120130.61199929824
2023-06-07 13:15:00,120092.9961321597
2023-06-07 13:30:00,120048.30719598655
2023-06-07 13:45:00,120120.6454020222
2023-06-07 14:00:00,120149.90218757442
2023-06-07 14:15:00,120234.77901598958
2023-06-07 14:30:00,120338.62452954301
2023-06-07 14:45:00,120334.7664918878
2023-06-07 15:00:00,120415.4637795098
2023-06-07 15:15:00,120437.32599288944
2023-06-08 09:15:00,120538.27797820143
2023-06-08 09:30:00,120504.84165185606
2023-06-08 09:45:00,120556.92516020175
2023-06-08 10:00:00,120584.8959332022
2023-06-08 10:15:00,120686.49092479005
2023-06-08 10:30:00,120694.20700010052
2023-06-08 10:45:00,120701.92307541099
2023-06-08 11:00:00,120665.59322082419
2023-06-08 11:15:00,120656.9126360999
2023-06-08 11:30:00,120419.96482344088
2023-06-08 11:45:00,120228.02745009292
2023-06-08 12:00:00,120224.49091557562
2023-06-08 12:15:00,120224.49091557562
2023-06-08 12:30:00,120224.49091557562
2023-06-08 12:45:00,120224.49091557562
2023-06-08 13:00:00,120224.49091557562
2023-06-08 13:15:00,120224.49091557562
2023-06-08 13:30:00,120224.49091557562
2023-06-08 13:45:00,120224.49091557562
2023-06-08 14:00:00,120224.49091557562
2023-06-08 14:15:00,120224.49091557562
2023-06-08 14:30:00,120224.49091557562
2023-06-08 14:45:00,120224.49091557562
2023-06-08 15:00:00,120224.49091557562
2023-06-08 15:15:00,120224.49091557562
2023-06-09 09:15:00,120224.49091557562
2023-06-09 09:30:00,120224.49091557562
2023-06-09 09:45:00,120224.49091557562
2023-06-09 10:00:00,120224.49091557562
2023-06-09 10:15:00,120224.49091557562
2023-06-09 10:30:00,120224.49091557562
2023-06-09 10:45:00,120224.49091557562
2023-06-09 11:00:00,120224.49091557562
2023-06-09 11:15:00,120224.49091557562
2023-06-09 11:30:00,120224.49091557562
2023-06-09 11:45:00,120224.49091557562
2023-06-09 12:00:00,120224.49091557562
2023-06-09 12:15:00,120224.49091557562
2023-06-09 12:30:00,120224.49091557562
2023-06-09 12:45:00,120224.49091557562
2023-06-09 13:00:00,120224.49091557562
2023-06-09 13:15:00,120224.49091557562
2023-06-09 13:30:00,120224.49091557562
2023-06-09 13:45:00,120224.49091557562
2023-06-09 14:00:00,120224.49091557562
2023-06-09 14:15:00,120224.49091557562
2023-06-09 14:30:00,120224.49091557562
2023-06-09 14:45:00,120224.49091557562
2023-06-09 15:00:00,120224.49091557562
2023-06-09 15:15:00,120224.49091557562
2023-06-12 09:15:00,120224.49091557562
2023-06-12 09:30:00,120224.49091557562
2023-06-12 09:45:00,120224.49091557562
2023-06-12 10:00:00,120224.49091557562
2023-06-12 10:15:00,120224.49091557562
2023-06-12 10:30:00,120224.49091557562
2023-06-12 10:45:00,120224.49091557562
2023-06-12 11:00:00,120224.49091557562
2023-06-12 11:15:00,120168.6117585158
2023-06-12 11:30:00,120218.35389832627
2023-06-12 11:45:00,120259.37501362452
2023-06-12 12:00:00,120194.45183114462
2023-06-12 12:15:00,120053.30043440967
2023-06-12 12:30:00,120103.04257422016
2023-06-12 12:45:00,120096.2595551551
2023-06-12 13:00:00,120161.18273763501
2023-06-12 13:15:00,120188.96081571098
2023-06-12 13:30:00,120192.19082478959
2023-06-12 13:45:00,120243.54796913938
2023-06-12 14:00:00,120289.73709896341
2023-06-12 14:15:00,120153.75371675422
2023-06-12 14:30:00,120196.06683568395
2023-06-12 14:45:00,120292.96710804201
2023-06-12 15:00:00,120135.01966409833
2023-06-12 15:15:00,120252.59199455948
2023-06-13 09:15:00,120675.40018294854
2023-06-13 09:30:00,120785.22049162103
2023-06-13 09:45:00,120729.01833365337
2023-06-13 10:00:00,120792.97251340968
2023-06-13 10:15:00,120770.68545076731
2023-06-13 10:30:00,120811.70656606558
2023-06-13 10:45:00,120783.28248617386
2023-06-13 11:00:00,120850.78967591665
2023-06-13 11:15:00,120891.16478939918
2023-06-13 11:30:00,120865.97071858606
2023-06-13 11:45:00,120864.0327131389
2023-06-13 12:00:00,120863.3867113232
2023-06-13 12:15:00,120863.3867113232
2023-06-13 12:30:00,120864.35571404676
2023-06-13 12:45:00,120851.43567773236
2023-06-13 13:00:00,120883.73576851838
2023-06-13 13:15:00,120830.44061872143
2023-06-13 13:30:00,120865.64771767822
2023-06-13 13:45:00,120709.31527827385
2023-06-13 14:00:00,120769.39344713588
2023-06-13 14:15:00,120759.70341990006
2023-06-13 14:30:00,120748.07538721708
2023-06-13 14:45:00,120856.28069135027
2023-06-13 15:00:00,120927.34089107953
2023-06-13 15:15:00,120922.81887836951
2023-06-14 09:15:00,120920.23487110662
2023-06-14 09:30:00,120812.67556878914
2023-06-14 09:45:00,120820.42759057779
2023-06-14 10:00:00,120851.11267682452
2023-06-14 10:15:00,120864.35571404679
2023-06-14 10:30:00,120914.42085476514
2023-06-14 10:45:00,121050.40423697433
2023-06-14 11:00:00,120972.88401908785
2023-06-14 11:15:00,120974.17602271929
2023-06-14 11:30:00,120976.76002998216
2023-06-14 11:45:00,121061.70926874942
2023-06-14 12:00:00,121086.25733774679
2023-06-14 12:15:00,121065.58527964372
2023-06-14 12:30:00,121094.978362259
2023-06-14 12:45:00,121073.33730143239
2023-06-14 13:00:00,121174.43658559263
2023-06-14 13:15:00,121184.77261464419
2023-06-14 13:30:00,121203.50666730008
2023-06-14 13:45:00,121204.47567002366
2023-06-14 14:00:00,121229.02373902104
2023-06-14 14:15:00,121147.95051114811
2023-06-14 14:30:00,121175.40558831622
2023-06-14 14:45:00,121175.08258740837
2023-06-14 15:00:00,121178.63559739484
2023-06-14 15:15:00,121123.07944124288
2023-06-15 09:15:00,121122.11043851929
2023-06-15 09:30:00,121073.66030234024
2023-06-15 09:45:00,121268.10684887212
2023-06-15 10:00:00,121295.88492694813
2023-06-15 10:15:00,121371.79014029528
2023-06-15 10:30:00,121330.76902499702
2023-06-15 10:45:00,121302.02194419745
2023-06-15 11:00:00,121204.79867093152
2023-06-15 11:15:00,121053.63424605293
2023-06-15 11:30:00,120942.84493465684
2023-06-15 11:45:00,120941.87593193326
2023-06-15 12:00:00,120941.87593193326
2023-06-15 12:15:00,120941.87593193326
2023-06-15 12:30:00,120941.87593193326
2023-06-15 12:45:00,120941.87593193326
2023-06-15 13:00:00,120941.87593193326
2023-06-15 13:15:00,120941.87593193326
2023-06-15 13:30:00,120941.87593193326
2023-06-15 13:45:00,120941.87593193326
2023-06-15 14:00:00,120941.87593193326
2023-06-15 14:15:00,120941.87593193326
2023-06-15 14:30:00,120941.87593193326
2023-06-15 14:45:00,120941.87593193326
2023-06-15 15:00:00,120941.87593193326
2023-06-15 15:15:00,120941.87593193326
2023-06-16 09:15:00,120941.87593193326
2023-06-16 09:30:00,120941.87593193326
2023-06-16 09:45:00,120870.67053939488
2023-06-16 10:00:00,120920.61097307564
2023-06-16 10:15:00,121033.37969429028
2023-06-16 10:30:00,121000.83786331122
2023-06-16 10:45:00,120963.46308713722
2023-06-16 11:00:00,120902.89017402763
2023-06-16 11:15:00,120890.32451652085
2023-06-16 11:30:00,120934.46541596774
2023-06-16 11:45:00,120968.29603233215
2023-06-16 12:00:00,120921.57756211465
2023-06-16 12:15:00,120874.21469920449
2023-06-16 12:30:00,120826.52963994803
2023-06-16 12:45:00,120884.84717863331
2023-06-16 13:00:00,120916.42242057342
2023-06-16 13:15:00,120902.56797768132
2023-06-16 13:30:00,120938.97616481634
2023-06-16 13:45:00,120929.31027442652
2023-06-16 14:00:00,121080.42036085413
2023-06-16 14:15:00,121198.66641995634
2023-06-16 14:30:00,121299.8360727032
2023-06-16 14:45:00,121480.26602664661
2023-06-16 15:00:00,121294.03653846927
2023-06-16 15:15:00,121297.90289462518
2023-06-19 09:15:00,121497.9868256946
2023-06-19 09:30:00,121409.06063410817
2023-06-19 09:45:00,121391.01763871383
2023-06-19 10:00:00,121320.13444252178
2023-06-19 10:15:00,121173.21290859643
2023-06-19 10:30:00,121143.24864838795
2023-06-19 10:45:00,121063.98834719138
2023-06-19 11:00:00,121061.41077642077
2023-06-19 11:15:00,121061.41077642077
2023-06-19 11:30:00,121061.41077642077
2023-06-19 11:45:00,121061.41077642077
2023-06-19 12:00:00,121061.41077642077
2023-06-19 12:15:00,121061.41077642077
2023-06-19 12:30:00,121061.41077642077
2023-06-19 12:45:00,121061.41077642077
2023-06-19 13:00:00,121061.41077642077
2023-06-19 13:15:00,121061.41077642077
2023-06-19 13:30:00,121061.41077642077
2023-06-19 13:45:00,121061.41077642077
2023-06-19 14:00:00,121061.41077642077
2023-06-19 14:15:00,121061.41077642077
2023-06-19 14:30:00,121061.41077642077
2023-06-19 14:45:00,121061.41077642077
2023-06-19 15:00:00,121061.41077642077
2023-06-19 15:15:00,121061.41077642077
2023-06-20 09:15:00,121061.41077642077
2023-06-20 09:30:00,121061.41077642077
2023-06-20 09:45:00,121061.41077642077
2023-06-20 10:00:00,121061.41077642077
2023-06-20 10:15:00,121061.41077642077
2023-06-20 10:30:00,121061.41077642077
2023-06-20 10:45:00,121061.41077642077
2023-06-20 11:00:00,121061.41077642077
2023-06-20 11:15:00,121061.41077642077
2023-06-20 11:30:00,121061.41077642077
2023-06-20 11:45:00,121043.95050900895
2023-06-20 12:00:00,121040.0704495841
2023-06-20 12:15:00,121059.47074670835
2023-06-20 12:30:00,121103.12141523788
2023-06-20 12:45:00,121136.1019203491
2023-06-20 13:00:00,121209.49971113584
2023-06-20 13:15:00,121299.71109276357
2023-06-20 13:30:00,121242.80355453244
2023-06-20 13:45:00,121181.69261859109
2023-06-20 14:00:00,121268.02394079397
2023-06-20 14:15:00,121337.54167215584
2023-06-20 14:30:00,121301.00444590517
2023-06-20 14:45:00,121338.83502529746
2023-06-20 15:00:00,121707.1173323727
2023-06-20 15:15:00,121793.12531629017
2023-06-21 09:15:00,121936.36417672415
2023-06-21 09:30:00,121917.28721788533
2023-06-21 09:45:00,122045.00584061994
2023-06-21 10:00:00,122024.63552863947
2023-06-21 10:15:00,121915.99386474371
2023-06-21 10:30:00,121764.3482088892
2023-06-21 10:45:00,121701.62058152081
2023-06-21 11:00:00,121581.01540106512
2023-06-21 11:15:00,121585.21879877536
2023-06-21 11:30:00,121585.21879877536
2023-06-21 11:45:00,121585.21879877536
2023-06-21 12:00:00,121585.21879877536
2023-06-21 12:15:00,121585.21879877536
2023-06-21 12:30:00,121585.21879877536
2023-06-21 12:45:00,121585.21879877536
2023-06-21 13:00:00,121585.21879877536
2023-06-21 13:15:00,121559.4230799216
2023-06-21 13:30:00,121557.16595452192
2023-06-21 13:45:00,121601.01867657328
2023-06-21 14:00:00,121660.67127642258
2023-06-21 14:15:00,121529.75800323981
2023-06-21 14:30:00,121509.12142815681
2023-06-21 14:45:00,121543.94564860938
2023-06-21 15:00:00,121634.23066459749
2023-06-21 15:15:00,121640.35714782524
2023-06-22 09:15:00,121725.16057355695
2023-06-22 09:30:00,121642.93671971062
2023-06-22 09:45:00,121544.26809509503
2023-06-22 10:00:00,121644.54895213898
2023-06-22 10:15:00,121686.46699527634
2023-06-22 10:30:00,121682.2751909626
2023-06-22 10:45:00,121551.03947129416
2023-06-22 11:00:00,121577.15763663358
2023-06-22 11:15:00,121438.82809428034
2023-06-22 11:30:00,121467.20338501947
2023-06-22 11:45:00,121476.55433310397
2023-06-22 12:00:00,121316.29842972504
2023-06-22 12:15:00,121317.26576918205
2023-06-22 12:30:00,121317.26576918205
2023-06-22 12:45:00,121317.26576918205
2023-06-22 13:00:00,121317.26576918205
2023-06-22 13:15:00,121317.26576918205
2023-06-22 13:30:00,121317.26576918205
2023-06-22 13:45:00,121317.26576918205
2023-06-22 14:00:00,121317.26576918205
2023-06-22 14:15:00,121317.26576918205
2023-06-22 14:30:00,121317.26576918205
2023-06-22 14:45:00,121317.26576918205
2023-06-22 15:00:00,121317.26576918205
2023-06-22 15:15:00,121317.26576918205
2023-06-23 09:15:00,121317.26576918205
2023-06-23 09:30:00,121317.26576918205
2023-06-23 09:45:00,121317.26576918205
2023-06-23 10:00:00,121317.26576918205
2023-06-23 10:15:00,121317.26576918205
2023-06-23 10:30:00,121317.26576918205
2023-06-23 10:45:00,121317.26576918205
2023-06-23 11:00:00,121317.26576918205
2023-06-23 11:15:00,121317.26576918205
2023-06-23 11:30:00,121317.26576918205
2023-06-23 11:45:00,121317.26576918205
2023-06-23 12:00:00,121317.26576918205
2023-06-23 12:15:00,121317.26576918205
2023-06-23 12:30:00,121317.26576918205
2023-06-23 12:45:00,121238.63267995752
2023-06-23 13:00:00,121140.26042018688
2023-06-23 13:15:00,121088.16195366361
2023-06-23 13:30:00,121082.98446630727
2023-06-23 13:45:00,121058.71499432439
2023-06-23 14:00:00,120956.45961903647
2023-06-23 14:15:00,120967.13818670895
2023-06-23 14:30:00,120967.13818670895
2023-06-23 14:45:00,121042.211753376
2023-06-23 15:00:00,120809.22482234029
2023-06-23 15:15:00,120817.31464633458
2023-06-26 09:15:00,120817.31464633458
2023-06-26 09:30:00,120817.31464633458
2023-06-26 09:45:00,120817.31464633458
2023-06-26 10:00:00,120817.31464633458
2023-06-26 10:15:00,120817.31464633458
2023-06-26 10:30:00,120817.31464633458
2023-06-26 10:45:00,120817.31464633458
2023-06-26 11:00:00,120817.31464633458
2023-06-26 11:15:00,120817.31464633458
2023-06-26 11:30:00,120817.31464633458
2023-06-26 11:45:00,120817.31464633458
2023-06-26 12:00:00,120817.31464633458
2023-06-26 12:15:00,120817.31464633458
2023-06-26 12:30:00,120817.31464633458
2023-06-26 12:45:00,120817.31464633458
2023-06-26 13:00:00,120817.31464633458
2023-06-26 13:15:00,120817.31464633458
2023-06-26 13:30:00,120817.31464633458
2023-06-26 13:45:00,120817.31464633458
2023-06-26 14:00:00,120817.31464633458
2023-06-26 14:15:00,120817.31464633458
2023-06-26 14:30:00,120817.31464633458
2023-06-26 14:45:00,120817.31464633458
2023-06-26 15:00:00,120817.31464633458
2023-06-26 15:15:00,120817.31464633458
2023-06-27 09:15:00,120817.31464633458
2023-06-27 09:30:00,120777.99081496919
2023-06-27 09:45:00,120751.88236955449
2023-06-27 10:00:00,120748.01445171528
2023-06-27 10:15:00,120771.22195875057
2023-06-27 10:30:00,120701.27711115805
2023-06-27 10:45:00,120681.29286898875
2023-06-27 11:00:00,120693.86360196622
2023-06-27 11:15:00,120779.2801209156
2023-06-27 11:30:00,120782.50338578162
2023-06-27 11:45:00,120825.69513498622
2023-06-27 12:00:00,120876.30039338264
2023-06-27 12:15:00,120843.74541823589
2023-06-27 12:30:00,120852.77055986073
2023-06-27 12:45:00,120766.38706145153
2023-06-27 13:00:00,120826.9844409326
2023-06-27 13:15:00,120837.29888850384
2023-06-27 13:30:00,120869.85386365058
2023-06-27 13:45:00,120924.32703988624
2023-06-27 14:00:00,121036.17433073695
2023-06-27 14:15:00,121058.41485831242
2023-06-27 14:30:00,121015.86776208103
2023-06-27 14:45:00,121177.35333186835
2023-06-27 15:00:00,121354.63289949916
2023-06-27 15:15:00,121314.66441516057
2023-06-28 09:15:00,121652.78489960548
2023-06-28 09:30:00,121646.98302284666
2023-06-28 09:45:00,121768.82243478199
2023-06-28 10:00:00,121763.98753748297
2023-06-28 10:15:00,121831.35377318268
2023-06-28 10:30:00,121970.59881539449
2023-06-28 10:45:00,121951.58155268503
2023-06-28 11:00:00,122094.04985976286
2023-06-28 11:15:00,122183.97894952468
2023-06-28 11:30:00,122205.89715061356
2023-06-28 11:45:00,122300.33881118779
2023-06-28 12:00:00,122204.28551818055
2023-06-28 12:15:00,122314.19885011166
2023-06-28 12:30:00,122232.65024900147
2023-06-28 12:45:00,122359.32455823584
2023-06-28 13:00:00,122451.18760691726
2023-06-28 13:15:00,122449.25364799763
2023-06-28 13:30:00,122536.60412586662
2023-06-28 13:45:00,122427.65777339532
2023-06-28 14:00:00,122352.23337553057
2023-06-28 14:15:00,122478.90768476496
2023-06-28 14:30:00,122340.95194849953
2023-06-28 14:45:00,122359.32455823582
2023-06-28 15:00:00,122309.68627929919
2023-06-28 15:15:00,122431.84801772115
2023-06-30 09:15:00,123047.8139336165
2023-06-30 09:30:00,123147.73514446295
2023-06-30 09:45:00,122987.538880622
2023-06-30 10:00:00,123065.54189037957
2023-06-30 10:15:00,123038.78879199164
2023-06-30 10:30:00,123062.96327848674
2023-06-30 10:45:00,123142.90024716391
2023-06-30 11:00:00,123101.64245687891
2023-06-30 11:15:00,123107.12200715115
2023-06-30 11:30:00,123238.95354017112
2023-06-30 11:45:00,123140.9662882443
2023-06-30 12:00:00,123246.68937584956
2023-06-30 12:15:00,123277.95504504992
2023-06-30 12:30:00,123327.91565047314
2023-06-30 12:45:00,123348.5445456156
2023-06-30 13:00:00,123421.39033158757
2023-06-30 13:15:00,123487.14493485425
2023-06-30 13:30:00,123445.88714456928
2023-06-30 13:45:00,123470.70628403759
2023-06-30 14:00:00,123417.20008726175
2023-06-30 14:15:00,123482.63236404187
2023-06-30 14:30:00,123561.92467974583
2023-06-30 14:45:00,123575.14006569648
2023-06-30 15:00:00,123736.30330899722
2023-06-30 15:15:00,123665.06915545829
2023-07-03 09:15:00,124319.06959677264
2023-07-03 09:30:00,124456.38068006486
2023-07-03 09:45:00,124483.77843142599
2023-07-03 10:00:00,124572.74054172798
2023-07-03 10:15:00,124626.89139147702
2023-07-03 10:30:00,124485.39006385898
2023-07-03 10:45:00,124409.96566599424
2023-07-03 11:00:00,124205.93299997551
2023-07-03 11:15:00,124222.37165079219
2023-07-03 11:30:00,124351.94689840598
2023-07-03 11:45:00,124416.08986923969
2023-07-03 12:00:00,124439.29737627498
2023-07-03 12:15:00,124447.35553844002
2023-07-03 12:30:00,124541.79719901427
2023-07-03 12:45:00,124547.59907577309
2023-07-03 13:00:00,124542.44185198746
2023-07-03 13:15:00,124432.20619356977
2023-07-03 13:30:00,124546.95442279988
2023-07-03 13:45:00,124574.9968271342
2023-07-03 14:00:00,124447.67786492662
2023-07-03 14:15:00,124549.5330346927
2023-07-03 14:30:00,124498.28312332305
2023-07-03 14:45:00,124527.93716009038
2023-07-03 15:00:00,124522.45760981817
2023-07-03 15:15:00,124615.60996444599
2023-07-04 09:15:00,124926.97735050299
2023-07-04 09:30:00,124728.4242347565
2023-07-04 09:45:00,124472.17467790836
2023-07-04 10:00:00,124581.44335686625
2023-07-04 10:15:00,124590.46849849109
2023-07-04 10:30:00,124701.99346285517
2023-07-04 10:45:00,124646.23098067312
2023-07-04 11:00:00,124680.71991473947
2023-07-04 11:15:00,124710.05162502019
2023-07-04 11:30:00,124732.6144790823
2023-07-04 11:45:00,124737.77170286793
2023-07-04 12:00:00,124914.40661752553
2023-07-04 12:15:00,124969.20212024778
2023-07-04 12:30:00,125053.32933325076
2023-07-04 12:45:00,125067.51169866124
2023-07-04 13:00:00,125014.0055018854
2023-07-04 13:15:00,125272.18901765316
2023-07-04 13:30:00,125196.11996681523
2023-07-04 13:45:00,125164.20964464168
2023-07-04 14:00:00,124890.87678400365
2023-07-04 14:15:00,124831.24638398238
2023-07-04 14:30:00,125005.30268674716
2023-07-04 14:45:00,124983.38448565829
2023-07-04 15:00:00,124997.88917755535
2023-07-04 15:15:00,124969.52444673442
2023-07-05 09:15:00,125087.17361434393
2023-07-05 09:30:00,124925.04339158341
2023-07-05 09:45:00,124896.35633427589
2023-07-05 10:00:00,124992.0873007965
2023-07-05 10:15:00,124877.98372453958
2023-07-05 10:30:00,124913.11731157915
2023-07-05 10:45:00,124926.65502401644
2023-07-05 11:00:00,124895.06702832947
2023-07-05 11:15:00,124889.58747805726
2023-07-05 11:30:00,124889.58747805726
2023-07-05 11:45:00,124889.58747805726
2023-07-05 12:00:00,124889.58747805726
2023-07-05 12:15:00,124889.58747805726
2023-07-05 12:30:00,124889.58747805726
2023-07-05 12:45:00,124889.58747805726
2023-07-05 13:00:00,124889.58747805726
2023-07-05 13:15:00,124889.58747805726
2023-07-05 13:30:00,124889.58747805726
2023-07-05 13:45:00,124889.58747805726
2023-07-05 14:00:00,124889.58747805726
2023-07-05 14:15:00,124889.58747805726
2023-07-05 14:30:00,124889.58747805726
2023-07-05 14:45:00,124889.58747805726
2023-07-05 15:00:00,124889.58747805726
2023-07-05 15:15:00,124889.58747805726
2023-07-06 09:15:00,124889.58747805726
2023-07-06 09:30:00,124889.58747805726
2023-07-06 09:45:00,124889.58747805726
2023-07-06 10:00:00,125046.13744871906
2023-07-06 10:15:00,125096.92778827669
2023-07-06 10:30:00,124990.20378363664
2023-07-06 10:45:00,125088.56988429886
2023-07-06 11:00:00,125096.60633043139
2023-07-06 11:15:00,125086.96259507234
2023-07-06 11:30:00,125131.32377772393
2023-07-06 11:45:00,125127.46628358032
2023-07-06 12:00:00,125048.38765363618
2023-07-06 12:15:00,125031.6718456805
2023-07-06 12:30:00,124971.23777076384
2023-07-06 12:45:00,125114.60796976826
2023-07-06 13:00:00,125048.38765363616
2023-07-06 13:15:00,125091.14154706126
2023-07-06 13:30:00,125040.67266534895
2023-07-06 13:45:00,125061.88888313883
2023-07-06 14:00:00,125098.53507750318
2023-07-06 14:15:00,125158.96915241986
2023-07-06 14:30:00,125284.6591699327
2023-07-06 14:45:00,125302.66080926958
2023-07-06 15:00:00,125403.59857269425
2023-07-06 15:15:00,125280.1587600985
2023-07-07 09:15:00,125273.08668750187
2023-07-07 09:30:00,125312.62600247393
2023-07-07 09:45:00,125508.0723724172
2023-07-07 10:00:00,125346.37907623057
2023-07-07 10:15:00,125183.07849081747
2023-07-07 10:30:00,125019.45644755905
2023-07-07 10:45:00,124889.90893590257
2023-07-07 11:00:00,124885.72998391367
2023-07-07 11:15:00,124885.72998391367
2023-07-07 11:30:00,124885.72998391367
2023-07-07 11:45:00,124885.72998391367
2023-07-07 12:00:00,124885.72998391367
2023-07-07 12:15:00,124885.72998391367
2023-07-07 12:30:00,124885.72998391367
2023-07-07 12:45:00,124885.72998391367
2023-07-07 13:00:00,124885.72998391367
2023-07-07 13:15:00,124885.72998391367
2023-07-07 13:30:00,124885.72998391367
2023-07-07 13:45:00,124885.72998391367
2023-07-07 14:00:00,124885.72998391367
2023-07-07 14:15:00,124885.72998391367
2023-07-07 14:30:00,124885.72998391367
2023-07-07 14:45:00,124885.72998391367
2023-07-07 15:00:00,124885.72998391367
2023-07-07 15:15:00,124885.72998391367
2023-07-10 09:15:00,124885.72998391367
2023-07-10 09:30:00,124885.72998391367
2023-07-10 09:45:00,124885.72998391367
2023-07-10 10:00:00,124885.72998391367
2023-07-10 10:15:00,124885.72998391367
2023-07-10 10:30:00,124904.69267768782
2023-07-10 10:45:00,124844.59058047143
2023-07-10 11:00:00,124638.25076008138
2023-07-10 11:15:00,124496.51265915927
2023-07-10 11:30:00,124434.80355399591
2023-07-10 11:45:00,124436.08916035345
2023-07-10 12:00:00,124436.08916035345
2023-07-10 12:15:00,124436.08916035345
2023-07-10 12:30:00,124436.08916035345
2023-07-10 12:45:00,124436.08916035345
2023-07-10 13:00:00,124436.08916035345
2023-07-10 13:15:00,124436.08916035345
2023-07-10 13:30:00,124436.08916035345
2023-07-10 13:45:00,124436.08916035345
2023-07-10 14:00:00,124436.08916035345
2023-07-10 14:15:00,124436.08916035345
2023-07-10 14:30:00,124436.08916035345
2023-07-10 14:45:00,124436.08916035345
2023-07-10 15:00:00,124436.08916035345
2023-07-10 15:15:00,124436.08916035345
2023-07-11 09:15:00,124436.08916035345
2023-07-11 09:30:00,124436.08916035345
2023-07-11 09:45:00,124475.39617103108
2023-07-11 10:00:00,124460.37641898355
2023-07-11 10:15:00,124474.43746345356
2023-07-11 10:30:00,124593.31720306393
2023-07-11 10:45:00,124555.92760754129
2023-07-11 11:00:00,124635.50033647403
2023-07-11 11:15:00,124596.83246418143
2023-07-11 11:30:00,124629.10895262402
2023-07-11 11:45:00,124702.92943609174
2023-07-11 12:00:00,124589.48237275392
2023-07-11 12:15:00,124500.96170643118
2023-07-11 12:30:00,124534.51647164377
2023-07-11 12:45:00,124590.76064952395
2023-07-11 13:00:00,124546.66010095883
2023-07-11 13:15:00,124469.96349475862
2023-07-11 13:30:00,124433.852176006
2023-07-11 13:45:00,124413.08017849344
2023-07-11 14:00:00,124413.08017849344
2023-07-11 14:15:00,124413.08017849344
2023-07-11 14:30:00,124413.08017849344
2023-07-11 14:45:00,124413.08017849344
2023-07-11 15:00:00,124413.08017849344
2023-07-11 15:15:00,124413.08017849344
2023-07-12 09:15:00,124413.08017849344
2023-07-12 09:30:00,124413.08017849344
2023-07-12 09:45:00,124413.08017849344
2023-07-12 10:00:00,124413.08017849344
2023-07-12 10:15:00,124413.08017849344
2023-07-12 10:30:00,124413.08017849344
2023-07-12 10:45:00,124413.08017849344
2023-07-12 11:00:00,124413.08017849344
2023-07-12 11:15:00,124413.08017849344
2023-07-12 11:30:00,124413.08017849344
2023-07-12 11:45:00,124413.08017849344
2023-07-12 12:00:00,124413.08017849344
2023-07-12 12:15:00,124413.08017849344
2023-07-12 12:30:00,124413.08017849344
2023-07-12 12:45:00,124413.08017849344
2023-07-12 13:00:00,124413.08017849344
2023-07-12 13:15:00,124413.08017849344
2023-07-12 13:30:00,124413.08017849344
2023-07-12 13:45:00,124413.08017849344
2023-07-12 14:00:00,124413.08017849344
2023-07-12 14:15:00,124413.08017849344
2023-07-12 14:30:00,124413.08017849344
2023-07-12 14:45:00,124413.08017849344
2023-07-12 15:00:00,124413.08017849344
2023-07-12 15:15:00,124413.08017849344
2023-07-13 09:15:00,124413.08017849344
2023-07-13 09:30:00,124413.08017849344
2023-07-13 09:45:00,124542.12517756452
2023-07-13 10:00:00,124650.45925085875
2023-07-13 10:15:00,124668.93976924423
2023-07-13 10:30:00,124581.63525135416
2023-07-13 10:45:00,124577.49306619882
2023-07-13 11:00:00,124607.44425116842
2023-07-13 11:15:00,124618.59628812518
2023-07-13 11:30:00,124609.35602893242
2023-07-13 11:45:00,124578.13032545349
2023-07-13 12:00:00,124576.85580694414
2023-07-13 12:15:00,124471.38940029593
2023-07-13 12:30:00,124496.8797704828
2023-07-13 12:45:00,124531.2917702351
2023-07-13 13:00:00,124558.37528855866
2023-07-13 13:15:00,124429.64891911492
2023-07-13 13:30:00,124368.47203066641
2023-07-13 13:45:00,124209.79447625307
2023-07-13 14:00:00,124207.56406886173
2023-07-13 14:15:00,124207.56406886173
2023-07-13 14:30:00,124207.56406886173
2023-07-13 14:45:00,124207.56406886173
2023-07-13 15:00:00,124207.56406886173
2023-07-13 15:15:00,124207.56406886173
2023-07-14 09:15:00,124207.56406886173
2023-07-14 09:30:00,124207.56406886173
2023-07-14 09:45:00,124207.56406886173
2023-07-14 10:00:00,124207.56406886173
2023-07-14 10:15:00,124207.56406886173
2023-07-14 10:30:00,124207.56406886173
2023-07-14 10:45:00,124207.56406886173
2023-07-14 11:00:00,124207.56406886173
2023-07-14 11:15:00,124337.04960365803
2023-07-14 11:30:00,124152.70812801206
2023-07-14 11:45:00,124197.67724231325
2023-07-14 12:00:00,124288.89119047024
2023-07-14 12:15:00,124200.5476113112
2023-07-14 12:30:00,124332.26565532811
2023-07-14 12:45:00,124249.02495438763
2023-07-14 13:00:00,124391.58661461905
2023-07-14 13:15:00,124349.80679920445
2023-07-14 13:30:00,124376.27797996331
2023-07-14 13:45:00,124355.2286073117
2023-07-14 14:00:00,124460.47547056979
2023-07-14 14:15:00,124432.72857025628
2023-07-14 14:30:00,124396.68949283761
2023-07-14 14:45:00,124433.68535992228
2023-07-14 15:00:00,124806.51439976682
2023-07-14 15:15:00,124939.82709322705
2023-07-17 09:15:00,124833.94237019165
2023-07-17 09:30:00,124935.99993456312
2023-07-17 09:45:00,125034.86820004799
2023-07-17 10:00:00,125227.18292291049
2023-07-17 10:15:00,125042.84144726451
2023-07-17 10:30:00,125116.51425154516
2023-07-17 10:45:00,125184.44631782993
2023-07-17 11:00:00,125149.04510018858
2023-07-17 11:15:00,125174.55949128144
2023-07-17 11:30:00,125131.50395631223
2023-07-17 11:45:00,125129.90930686891
2023-07-17 12:00:00,125204.8578307042
2023-07-17 12:15:00,125206.45248014752
2023-07-17 12:30:00,125179.02450972267
2023-07-17 12:45:00,125274.70347632092
2023-07-17 13:00:00,125319.67259062213
2023-07-17 13:15:00,125327.32690794997
2023-07-17 13:30:00,125410.2486790018
2023-07-17 13:45:00,125413.11904799975
2023-07-17 14:00:00,125328.60262750462
2023-07-17 14:15:00,125391.11288568215
2023-07-17 14:30:00,125477.86181539792
2023-07-17 14:45:00,125485.19720283711
2023-07-17 15:00:00,125850.69085524247
2023-07-17 15:15:00,125780.20734984841
2023-07-18 09:15:00,126229.57956297157
2023-07-18 09:30:00,125973.47886237691
2023-07-18 09:45:00,126075.5364267484
2023-07-18 10:00:00,126064.05495075657
2023-07-18 10:15:00,126142.51170336716
2023-07-18 10:30:00,126102.9643971732
2023-07-18 10:45:00,126253.4993046211
2023-07-18 11:00:00,126340.56716422553
2023-07-18 11:15:00,126260.19683228299
2023-07-18 11:30:00,125706.8534754564
2023-07-18 11:45:00,125803.48923172065
2023-07-18 12:00:00,125676.8740659223
2023-07-18 12:15:00,125823.5818147063
2023-07-18 12:30:00,125970.2895634903
2023-07-18 12:45:00,125823.5818147063
2023-07-18 13:00:00,125772.55303252056
2023-07-18 13:15:00,125774.14768196388
2023-07-18 13:30:00,125774.14768196388
2023-07-18 13:45:00,125774.14768196388
2023-07-18 14:00:00,125774.14768196388
2023-07-18 14:15:00,125774.14768196388
2023-07-18 14:30:00,125774.14768196388
2023-07-18 14:45:00,125774.14768196388
2023-07-18 15:00:00,125774.14768196388
2023-07-18 15:15:00,125774.14768196388
2023-07-19 09:15:00,125774.14768196388
2023-07-19 09:30:00,125674.84036262636
2023-07-19 09:45:00,125870.28224349505
2023-07-19 10:00:00,125807.14436314949
2023-07-19 10:15:00,125751.30382575841
2023-07-19 10:30:00,125514.29881762706
2023-07-19 10:45:00,125439.73900917877
2023-07-19 11:00:00,125299.50311413986
2023-07-19 11:15:00,125296.64763211418
2023-07-19 11:30:00,125296.64763211418
2023-07-19 11:45:00,125296.64763211418
2023-07-19 12:00:00,125296.64763211418
2023-07-19 12:15:00,125296.64763211418
2023-07-19 12:30:00,125296.64763211418
2023-07-19 12:45:00,125296.64763211418
2023-07-19 13:00:00,125296.64763211418
2023-07-19 13:15:00,125296.64763211418
2023-07-19 13:30:00,125296.64763211418
2023-07-19 13:45:00,125296.64763211418
2023-07-19 14:00:00,125296.64763211418
2023-07-19 14:15:00,125296.64763211418
2023-07-19 14:30:00,125296.64763211418
2023-07-19 14:45:00,125296.64763211418
2023-07-19 15:00:00,125488.04454978913
2023-07-19 15:15:00,125576.30858289875
2023-07-20 09:15:00,125362.45020876934
2023-07-20 09:30:00,125162.82796901248
2023-07-20 09:45:00,125025.52836195307
2023-07-20 10:00:00,125197.94376713134
2023-07-20 10:15:00,125478.87015208237
2023-07-20 10:30:00,125466.84852750112
2023-07-20 10:45:00,125471.27754708368
2023-07-20 11:00:00,125472.85933979173
2023-07-20 11:15:00,125490.8917766636
2023-07-20 11:30:00,125538.66191644693
2023-07-20 11:45:00,125593.39194414573
2023-07-20 12:00:00,125658.56180371772
2023-07-20 12:15:00,125739.54959037025
2023-07-20 12:30:00,125792.38146681937
2023-07-20 12:45:00,125866.72572409807
2023-07-20 13:00:00,125906.2705417995
2023-07-20 13:15:00,125989.15647970172
2023-07-20 13:30:00,125939.4881886687
2023-07-20 13:45:00,126094.50387405835
2023-07-20 14:00:00,126178.0225290438
2023-07-20 14:15:00,126293.493396732
2023-07-20 14:30:00,126226.42538591038
2023-07-20 14:45:00,126265.65384507018
2023-07-20 15:00:00,126461.4797823277
2023-07-20 15:15:00,126353.28516109657
2023-07-21 09:15:00,125569.66505352485
2023-07-21 09:30:00,125428.56914396612
2023-07-21 09:45:00,125711.07732162521
2023-07-21 10:00:00,125554.47984352752
2023-07-21 10:15:00,125344.10141335586
2023-07-21 10:30:00,125348.2140743968
2023-07-21 10:45:00,125348.2140743968
2023-07-21 11:00:00,125348.2140743968
2023-07-21 11:15:00,125348.2140743968
2023-07-21 11:30:00,125348.2140743968
2023-07-21 11:45:00,125348.2140743968
2023-07-21 12:00:00,125348.2140743968
2023-07-21 12:15:00,125348.2140743968
2023-07-21 12:30:00,125348.2140743968
2023-07-21 12:45:00,125348.2140743968
2023-07-21 13:00:00,125348.2140743968
2023-07-21 13:15:00,125348.2140743968
2023-07-21 13:30:00,125348.2140743968
2023-07-21 13:45:00,125348.2140743968
2023-07-21 14:00:00,125348.2140743968
2023-07-21 14:15:00,125348.2140743968
2023-07-21 14:30:00,125348.2140743968
2023-07-21 14:45:00,125348.2140743968
2023-07-21 15:00:00,125348.2140743968
2023-07-21 15:15:00,125348.2140743968
2023-07-24 09:15:00,125348.2140743968
2023-07-24 09:30:00,125348.2140743968
2023-07-24 09:45:00,125348.2140743968
2023-07-24 10:00:00,125348.2140743968
2023-07-24 10:15:00,125348.2140743968
2023-07-24 10:30:00,125348.2140743968
2023-07-24 10:45:00,125348.2140743968
2023-07-24 11:00:00,125348.2140743968
2023-07-24 11:15:00,125348.2140743968
2023-07-24 11:30:00,125348.2140743968
2023-07-24 11:45:00,125348.2140743968
2023-07-24 12:00:00,125348.2140743968
2023-07-24 12:15:00,125348.2140743968
2023-07-24 12:30:00,125348.2140743968
2023-07-24 12:45:00,125348.2140743968
2023-07-24 13:00:00,125348.2140743968
2023-07-24 13:15:00,125348.2140743968
2023-07-24 13:30:00,125348.2140743968
2023-07-24 13:45:00,125348.2140743968
2023-07-24 14:00:00,125279.38848179
2023-07-24 14:15:00,125052.2957430504
2023-07-24 14:30:00,125196.29030085455
2023-07-24 14:45:00,124975.22376607596
2023-07-24 15:00:00,124785.55692562027
2023-07-24 15:15:00,124782.70240795454
2023-07-25 09:15:00,124782.70240795454
2023-07-25 09:30:00,124782.70240795454
2023-07-25 09:45:00,124782.70240795454
2023-07-25 10:00:00,124782.70240795454
2023-07-25 10:15:00,124782.70240795454
2023-07-25 10:30:00,124782.70240795454
2023-07-25 10:45:00,124782.70240795454
2023-07-25 11:00:00,124782.70240795454
2023-07-25 11:15:00,124782.70240795454
2023-07-25 11:30:00,124782.70240795454
2023-07-25 11:45:00,124782.70240795454
2023-07-25 12:00:00,124782.70240795454
2023-07-25 12:15:00,124782.70240795454
2023-07-25 12:30:00,124782.70240795454
2023-07-25 12:45:00,124782.70240795454
2023-07-25 13:00:00,124782.70240795454
2023-07-25 13:15:00,124782.70240795454
2023-07-25 13:30:00,124782.70240795454
2023-07-25 13:45:00,124782.70240795454
2023-07-25 14:00:00,124782.70240795454
2023-07-25 14:15:00,124782.70240795454
2023-07-25 14:30:00,124782.70240795454
2023-07-25 14:45:00,124782.70240795454
2023-07-25 15:00:00,124782.70240795454
2023-07-25 15:15:00,124782.70240795454
2023-07-26 09:15:00,124782.70240795454
2023-07-26 09:30:00,124843.03014011118
2023-07-26 09:45:00,125053.07172065649
2023-07-26 10:00:00,125176.56985297712
2023-07-26 10:15:00,125200.57460503944
2023-07-26 10:30:00,125133.6139808656
2023-07-26 10:45:00,125080.23499272703
2023-07-26 11:00:00,125105.18730079182
2023-07-26 11:15:00,125060.02046467454
2023-07-26 11:30:00,125051.49246065241
2023-07-26 11:45:00,125116.55797282133
2023-07-26 12:00:00,125155.72362092302
2023-07-26 12:15:00,125171.20036896318
2023-07-26 12:30:00,125054.96683266143
2023-07-26 12:45:00,125037.59497261632
2023-07-26 13:00:00,125020.22311257121
2023-07-26 13:15:00,125112.76774881146
2023-07-26 13:30:00,125080.55084472783
2023-07-26 13:45:00,125076.12891671633
2023-07-26 14:00:00,125031.2779325999
2023-07-26 14:15:00,125221.73668909435
2023-07-26 14:30:00,125026.54015258761
2023-07-26 14:45:00,124847.76792012349
2023-07-26 15:00:00,124980.7416124687
2023-07-26 15:15:00,124907.46394827844
2023-07-27 09:15:00,125357.86890144779
2023-07-27 09:30:00,125428.93560163229
2023-07-27 09:45:00,125174.04303697053
2023-07-27 10:00:00,125119.40064082868
2023-07-27 10:15:00,125174.35888897133
2023-07-27 10:30:00,125087.81544074668
2023-07-27 10:45:00,125047.70223664252
2023-07-27 11:00:00,124954.84174840145
2023-07-27 11:15:00,124957.68441640884
2023-07-27 11:30:00,124957.68441640884
2023-07-27 11:45:00,124957.68441640884
2023-07-27 12:00:00,124957.68441640884
2023-07-27 12:15:00,124957.68441640884
2023-07-27 12:30:00,124957.68441640884
2023-07-27 12:45:00,124957.68441640884
2023-07-27 13:00:00,124957.68441640884
2023-07-27 13:15:00,124957.68441640884
2023-07-27 13:30:00,124957.68441640884
2023-07-27 13:45:00,124957.68441640884
2023-07-27 14:00:00,124957.68441640884
2023-07-27 14:15:00,124957.68441640884
2023-07-27 14:30:00,124957.68441640884
2023-07-27 14:45:00,124957.68441640884
2023-07-27 15:00:00,124957.68441640884
2023-07-27 15:15:00,124957.68441640884
2023-07-28 09:15:00,124957.68441640884
2023-07-28 09:30:00,124957.68441640884
2023-07-28 09:45:00,124957.68441640884
2023-07-28 10:00:00,124957.68441640884
2023-07-28 10:15:00,124957.68441640884
2023-07-28 10:30:00,124957.68441640884
2023-07-28 10:45:00,124957.68441640884
2023-07-28 11:00:00,124957.68441640884
2023-07-28 11:15:00,124957.68441640884
2023-07-28 11:30:00,124957.68441640884
2023-07-28 11:45:00,124957.68441640884
2023-07-28 12:00:00,124957.68441640884
2023-07-28 12:15:00,124957.68441640884
2023-07-28 12:30:00,124957.68441640884
2023-07-28 12:45:00,124957.68441640884
2023-07-28 13:00:00,124957.68441640884
2023-07-28 13:15:00,124957.68441640884
2023-07-28 13:30:00,124957.68441640884
2023-07-28 13:45:00,124957.68441640884
2023-07-28 14:00:00,124957.68441640884
2023-07-28 14:15:00,124957.68441640884
2023-07-28 14:30:00,124957.68441640884
2023-07-28 14:45:00,124957.68441640884
2023-07-28 15:00:00,124957.68441640884
2023-07-28 15:15:00,124957.68441640884
2023-07-31 09:15:00,124957.68441640884
2023-07-31 09:30:00,124957.68441640884
2023-07-31 09:45:00,124957.68441640884
2023-07-31 10:00:00,125054.30568807674
2023-07-31 10:15:00,125075.91834094981
2023-07-31 10:30:00,125130.26780626301
2023-07-31 10:45:00,125170.6326138348
2023-07-31 11:00:00,125184.93510470667
2023-07-31 11:15:00,125323.51034959879
2023-07-31 11:30:00,125287.9130389843
2023-07-31 11:45:00,125218.30758340776
2023-07-31 12:00:00,125274.56404750387
2023-07-31 12:15:00,125148.38429470074
2023-07-31 12:30:00,125122.32197800085
2023-07-31 12:45:00,125215.76491836386
2023-07-31 13:00:00,125229.74957610526
2023-07-31 13:15:00,125282.19204263554
2023-07-31 13:30:00,125307.61869307444
2023-07-31 13:45:00,125244.36990010763
2023-07-31 14:00:00,125249.13739706493
2023-07-31 14:15:00,125327.32434716461
2023-07-31 14:30:00,125378.8133143034
2023-07-31 14:45:00,125357.83632769132
2023-07-31 15:00:00,125607.65316825369
2023-07-31 15:15:00,125496.41157258343
2023-08-01 09:15:00,125668.04146304612
2023-08-01 09:30:00,125643.56831199866
2023-08-01 09:45:00,125726.84059218613
2023-08-01 10:00:00,125731.92592227392
2023-08-01 10:15:00,125571.42019137826
2023-08-01 10:30:00,125447.78310361902
2023-08-01 10:45:00,125513.89239476023
2023-08-01 11:00:00,125419.49595500575
2023-08-01 11:15:00,125483.06258110305
2023-08-01 11:30:00,125531.37321693699
2023-08-01 11:45:00,125466.21742518726
2023-08-01 12:00:00,125407.73612917775
2023-08-01 12:15:00,125405.51129726435
2023-08-01 12:30:00,125405.51129726435
2023-08-01 12:45:00,125405.51129726435
2023-08-01 13:00:00,125405.51129726435
2023-08-01 13:15:00,125405.51129726435
2023-08-01 13:30:00,125405.51129726435
2023-08-01 13:45:00,125405.51129726435
2023-08-01 14:00:00,125405.51129726435
2023-08-01 14:15:00,125405.51129726435
2023-08-01 14:30:00,125405.51129726435
2023-08-01 14:45:00,125405.51129726435
2023-08-01 15:00:00,125405.51129726435
2023-08-01 15:15:00,125405.51129726435
2023-08-02 09:15:00,125405.51129726435
2023-08-02 09:30:00,125405.51129726435
2023-08-02 09:45:00,125405.51129726435
2023-08-02 10:00:00,125405.51129726435
2023-08-02 10:15:00,125405.51129726435
2023-08-02 10:30:00,125405.51129726435
2023-08-02 10:45:00,125405.51129726435
2023-08-02 11:00:00,125405.51129726435
2023-08-02 11:15:00,125405.51129726435
2023-08-02 11:30:00,125405.51129726435
2023-08-02 11:45:00,125405.51129726435
2023-08-02 12:00:00,125405.51129726435
2023-08-02 12:15:00,125405.51129726435
2023-08-02 12:30:00,125405.51129726435
2023-08-02 12:45:00,125405.51129726435
2023-08-02 13:00:00,125405.51129726435
2023-08-02 13:15:00,125405.51129726435
2023-08-02 13:30:00,125405.51129726435
2023-08-02 13:45:00,125405.51129726435
2023-08-02 14:00:00,125405.51129726435
2023-08-02 14:15:00,125405.51129726435
2023-08-02 14:30:00,125405.51129726435
2023-08-02 14:45:00,125405.51129726435
2023-08-02 15:00:00,125405.51129726435
2023-08-02 15:15:00,125405.51129726435
2023-08-03 09:15:00,125405.51129726435
2023-08-03 09:30:00,125405.51129726435
2023-08-03 09:45:00,125405.51129726435
2023-08-03 10:00:00,125405.51129726435
2023-08-03 10:15:00,125405.51129726435
2023-08-03 10:30:00,125405.51129726435
2023-08-03 10:45:00,125405.51129726435
2023-08-03 11:00:00,125405.51129726435
2023-08-03 11:15:00,125405.51129726435
2023-08-03 11:30:00,125405.51129726435
2023-08-03 11:45:00,125405.51129726435
2023-08-03 12:00:00,125405.51129726435
2023-08-03 12:15:00,125405.51129726435
2023-08-03 12:30:00,125405.51129726435
2023-08-03 12:45:00,125405.51129726435
2023-08-03 13:00:00,125405.51129726435
2023-08-03 13:15:00,125405.51129726435
2023-08-03 13:30:00,125405.51129726435
2023-08-03 13:45:00,125405.51129726435
2023-08-03 14:00:00,125405.51129726435
2023-08-03 14:15:00,125405.51129726435
2023-08-03 14:30:00,125405.51129726435
2023-08-03 14:45:00,125405.51129726435
2023-08-03 15:00:00,125405.51129726435
2023-08-03 15:15:00,125405.51129726435
2023-08-04 09:15:00,125405.51129726435
2023-08-04 09:30:00,125159.93242428855
2023-08-04 09:45:00,125246.51265604541
2023-08-04 10:00:00,125386.19972140779
2023-08-04 10:15:00,125334.70218579033
2023-08-04 10:30:00,125312.4938735553
2023-08-04 10:45:00,125332.12730900946
2023-08-04 11:00:00,125342.74867573059
2023-08-04 11:15:00,125637.57206714059
2023-08-04 11:30:00,125595.40845985379
2023-08-04 11:45:00,125634.9971903597
2023-08-04 12:00:00,125690.3570411485
2023-08-04 12:15:00,125730.58949084966
2023-08-04 12:30:00,125660.42409857085
2023-08-04 12:45:00,125580.9247779614
2023-08-04 13:00:00,125617.61677208882
2023-08-04 13:15:00,125569.98155164268
2023-08-04 13:30:00,125492.73524821649
2023-08-04 13:45:00,125285.45766735618
2023-08-04 14:00:00,125412.27034881421
2023-08-04 14:15:00,125406.79873565484
2023-08-04 14:30:00,125568.05039405705
2023-08-04 14:45:00,125569.98155164269
2023-08-04 15:00:00,125724.1522988975
2023-08-04 15:15:00,125589.93684669447
2023-08-07 09:15:00,125869.95469661446
2023-08-07 09:30:00,125894.41602603275
2023-08-07 09:45:00,125814.27298622808
2023-08-07 10:00:00,125945.91356165022
2023-08-07 10:15:00,126056.63326322776
2023-08-07 10:30:00,126003.20457002465
2023-08-07 10:45:00,125795.92698916435
2023-08-07 11:00:00,125771.14380014845
2023-08-07 11:15:00,125855.14915512444
2023-08-07 11:30:00,125832.94084288941
2023-08-07 11:45:00,125815.88228421613
2023-08-07 12:00:00,125752.1540838895
2023-08-07 12:15:00,125918.55549585343
2023-08-07 12:30:00,125994.83622048682
2023-08-07 12:45:00,125998.0548164629
2023-08-07 13:00:00,126069.50764713212
2023-08-07 13:15:00,126224.96583277735
2023-08-07 13:30:00,126265.84200167369
2023-08-07 13:45:00,126113.28055240694
2023-08-07 14:00:00,126076.91041787712
2023-08-07 14:15:00,126155.44415969377
2023-08-07 14:30:00,126146.75395055831
2023-08-07 14:45:00,126106.19964125956
2023-08-07 15:00:00,126157.69717687703
2023-08-07 15:15:00,126155.76601929138
2023-08-08 09:15:00,126184.73338307619
2023-08-08 09:30:00,126122.93634033522
2023-08-08 09:45:00,126085.92248661017
2023-08-08 10:00:00,126107.8089392476
2023-08-08 10:15:00,126184.73338307618
2023-08-08 10:30:00,126161.23763245069
2023-08-08 10:45:00,126112.3149736141
2023-08-08 11:00:00,125916.94619786533
2023-08-08 11:15:00,125805.58277709255
2023-08-08 11:30:00,125801.72046192124
2023-08-08 11:45:00,125801.72046192124
2023-08-08 12:00:00,125801.72046192124
2023-08-08 12:15:00,125801.72046192124
2023-08-08 12:30:00,125801.72046192124
2023-08-08 12:45:00,125801.72046192124
2023-08-08 13:00:00,125801.72046192124
2023-08-08 13:15:00,125801.72046192124
2023-08-08 13:30:00,125801.72046192124
2023-08-08 13:45:00,125801.72046192124
2023-08-08 14:00:00,125801.72046192124
2023-08-08 14:15:00,125801.72046192124
2023-08-08 14:30:00,125633.50630173516
2023-08-08 14:45:00,125580.21708305023
2023-08-08 15:00:00,125631.58018539712
2023-08-08 15:15:00,125652.12542633589
2023-08-09 09:15:00,125350.04618065819
2023-08-09 09:30:00,125231.26900648099
2023-08-09 09:45:00,125241.22060756071
2023-08-09 10:00:00,125241.22060756071
2023-08-09 10:15:00,125241.22060756071
2023-08-09 10:30:00,125241.22060756071
2023-08-09 10:45:00,125241.22060756071
2023-08-09 11:00:00,125241.22060756071
2023-08-09 11:15:00,125241.22060756071
2023-08-09 11:30:00,125241.22060756071
2023-08-09 11:45:00,125241.22060756071
2023-08-09 12:00:00,125241.22060756071
2023-08-09 12:15:00,125241.22060756071
2023-08-09 12:30:00,125241.22060756071
2023-08-09 12:45:00,125241.22060756071
2023-08-09 13:00:00,125241.22060756071
2023-08-09 13:15:00,125241.22060756071
2023-08-09 13:30:00,125241.22060756071
2023-08-09 13:45:00,125241.22060756071
2023-08-09 14:00:00,125293.51191935447
2023-08-09 14:15:00,125333.29181298897
2023-08-09 14:30:00,125590.25709364413
2023-08-09 14:45:00,125739.75250036738
2023-08-09 15:00:00,126006.02114324353
2023-08-09 15:15:00,125954.37144263745
2023-08-10 09:15:00,125659.55110191072
2023-08-10 09:30:00,125694.51891163783
2023-08-10 09:45:00,125643.19001662557
2023-08-10 10:00:00,125869.99957146101
2023-08-10 10:15:00,125368.25962271608
2023-08-10 10:30:00,125152.03665247692
2023-08-10 10:45:00,125409.00193313208
2023-08-10 11:00:00,125336.17906333342
2023-08-10 11:15:00,125352.21934302474
2023-08-10 11:30:00,125401.30259888024
2023-08-10 11:45:00,125596.03159433302
2023-08-10 12:00:00,125441.08249251475
2023-08-10 12:15:00,125501.39394415416
2023-08-10 12:30:00,125535.3993370998
2023-08-10 12:45:00,125496.90266584061
2023-08-10 13:00:00,125659.55110191074
2023-08-10 13:15:00,125393.92407022223
2023-08-10 13:30:00,125409.32273872591
2023-08-10 13:45:00,125202.72393630153
2023-08-10 14:00:00,125203.68635308302
2023-08-10 14:15:00,125203.68635308302
2023-08-10 14:30:00,125203.68635308302
2023-08-10 14:45:00,125203.68635308302
2023-08-10 15:00:00,125203.68635308302
2023-08-10 15:15:00,125203.68635308302
2023-08-11 09:15:00,125203.68635308302
2023-08-11 09:30:00,125203.68635308302
2023-08-11 09:45:00,125203.68635308302
2023-08-11 10:00:00,125203.68635308302
2023-08-11 10:15:00,125203.68635308302
2023-08-11 10:30:00,125203.68635308302
2023-08-11 10:45:00,125203.68635308302
2023-08-11 11:00:00,125203.68635308302
2023-08-11 11:15:00,125203.68635308302
2023-08-11 11:30:00,125203.68635308302
2023-08-11 11:45:00,125203.68635308302
2023-08-11 12:00:00,125203.68635308302
2023-08-11 12:15:00,125203.68635308302
2023-08-11 12:30:00,125203.68635308302
2023-08-11 12:45:00,125203.68635308302
2023-08-11 13:00:00,125203.68635308302
2023-08-11 13:15:00,125203.68635308302
2023-08-11 13:30:00,125203.68635308302
2023-08-11 13:45:00,125203.68635308302
2023-08-11 14:00:00,125203.68635308302
2023-08-11 14:15:00,125203.68635308302
2023-08-11 14:30:00,125203.68635308302
2023-08-11 14:45:00,125203.68635308302
2023-08-11 15:00:00,125203.68635308302
2023-08-11 15:15:00,125203.68635308302
2023-08-14 09:15:00,125203.68635308302
2023-08-14 09:30:00,125203.68635308302
2023-08-14 09:45:00,125203.68635308302
2023-08-14 10:00:00,125203.68635308302
2023-08-14 10:15:00,125203.68635308302
2023-08-14 10:30:00,125203.68635308302
2023-08-14 10:45:00,125203.68635308302
2023-08-14 11:00:00,125203.68635308302
2023-08-14 11:15:00,125203.68635308302
2023-08-14 11:30:00,125203.68635308302
2023-08-14 11:45:00,125213.71359385671
2023-08-14 12:00:00,125366.38642112016
2023-08-14 12:15:00,125334.6874019002
2023-08-14 12:30:00,125274.20049787847
2023-08-14 12:45:00,125198.51100300632
2023-08-14 13:00:00,125257.38061012911
2023-08-14 13:15:00,125325.95399864572
2023-08-14 13:30:00,125415.87570622886
2023-08-14 13:45:00,125526.8222734987
2023-08-14 14:00:00,125698.57920417009
2023-08-14 14:15:00,125640.67997518672
2023-08-14 14:30:00,125715.72255129926
2023-08-14 14:45:00,125880.36337561514
2023-08-14 15:00:00,125702.46071672764
2023-08-14 15:15:00,125590.54377131842
2023-08-16 09:15:00,125271.9362822199
2023-08-16 09:30:00,125294.57843880558
2023-08-16 09:45:00,125314.3094609731
2023-08-16 10:00:00,125359.59377414448
2023-08-16 10:15:00,125435.93018777622
2023-08-16 10:30:00,125504.50357629283
2023-08-16 10:45:00,125368.97409615855
2023-08-16 11:00:00,125369.62101491814
2023-08-16 11:15:00,125369.62101491814
2023-08-16 11:30:00,125369.62101491814
2023-08-16 11:45:00,125369.62101491814
2023-08-16 12:00:00,125369.62101491814
2023-08-16 12:15:00,125369.62101491814
2023-08-16 12:30:00,125369.62101491814
2023-08-16 12:45:00,125369.62101491814
2023-08-16 13:00:00,125369.62101491814
2023-08-16 13:15:00,125337.35109138733
2023-08-16 13:30:00,125336.06029444608
2023-08-16 13:45:00,125404.7952315667
2023-08-16 14:00:00,125355.09954932927
2023-08-16 14:15:00,125442.87374133308
2023-08-16 14:30:00,125452.23201915702
2023-08-16 14:45:00,125405.76332927264
2023-08-16 15:00:00,125605.83685516368
2023-08-16 15:15:00,125510.64058074779
2023-08-17 09:15:00,125285.39651450269
2023-08-17 09:30:00,125241.83211773609
2023-08-17 09:45:00,125099.52175496522
2023-08-17 10:00:00,125202.78551026383
2023-08-17 10:15:00,125126.3057914958
2023-08-17 10:30:00,125216.98427661738
2023-08-17 10:45:00,125251.19039556004
2023-08-17 11:00:00,125210.20759267591
2023-08-17 11:15:00,124988.1905187839
2023-08-17 11:30:00,124987.222421078
2023-08-17 11:45:00,124987.222421078
2023-08-17 12:00:00,124987.222421078
2023-08-17 12:15:00,124987.222421078
2023-08-17 12:30:00,124987.222421078
2023-08-17 12:45:00,124987.222421078
2023-08-17 13:00:00,124987.222421078
2023-08-17 13:15:00,124987.222421078
2023-08-17 13:30:00,124987.222421078
2023-08-17 13:45:00,124987.222421078
2023-08-17 14:00:00,124987.222421078
2023-08-17 14:15:00,124987.222421078
2023-08-17 14:30:00,124987.222421078
2023-08-17 14:45:00,124987.222421078
2023-08-17 15:00:00,124987.222421078
2023-08-17 15:15:00,124987.222421078
2023-08-18 09:15:00,124987.222421078
2023-08-18 09:30:00,124987.222421078
2023-08-18 09:45:00,124987.222421078
2023-08-18 10:00:00,124987.222421078
2023-08-18 10:15:00,124987.222421078
2023-08-18 10:30:00,124987.222421078
2023-08-18 10:45:00,124987.222421078
2023-08-18 11:00:00,124987.222421078
2023-08-18 11:15:00,124987.222421078
2023-08-18 11:30:00,124987.222421078
2023-08-18 11:45:00,124987.222421078
2023-08-18 12:00:00,124984.63267653224
2023-08-18 12:15:00,124913.41470152419
2023-08-18 12:30:00,124934.4563759584
2023-08-18 12:45:00,124894.96277163575
2023-08-18 13:00:00,124751.55566741497
2023-08-18 13:15:00,124794.28645241982
2023-08-18 13:30:00,124719.50757866135
2023-08-18 13:45:00,124984.30895846404
2023-08-18 14:00:00,125303.49497372743
2023-08-18 14:15:00,125357.87960918814
2023-08-18 14:30:00,125269.18085849629
2023-08-18 14:45:00,125196.66801121534
2023-08-18 15:00:00,125061.0301406318
2023-08-18 15:15:00,124835.39864708354
2023-08-21 09:15:00,125360.46935373388
2023-08-21 09:30:00,125294.10714974909
2023-08-21 09:45:00,125108.61669665993
2023-08-21 10:00:00,124980.1006235772
2023-08-21 10:15:00,125205.084680989
2023-08-21 10:30:00,125248.46290213027
2023-08-21 10:45:00,125353.99499236948
2023-08-21 11:00:00,125436.86681783343
2023-08-21 11:15:00,125409.67450010308
2023-08-21 11:30:00,125430.06873840083
2023-08-21 11:45:00,125462.11682715447
2023-08-21 12:00:00,125429.74502033263
2023-08-21 12:15:00,125461.14567294985
2023-08-21 12:30:00,125579.6264859178
2023-08-21 12:45:00,125572.50468841699
2023-08-21 13:00:00,125623.6521431955
2023-08-21 13:15:00,125532.03992988967
2023-08-21 13:30:00,125585.45341114572
2023-08-21 13:45:00,125659.26113069954
2023-08-21 14:00:00,125533.98223829901
2023-08-21 14:15:00,125575.74186909916
2023-08-21 14:30:00,125612.32201080785
2023-08-21 14:45:00,125717.20666491064
2023-08-21 15:00:00,125588.36687375969
2023-08-21 15:15:00,125477.00785829253
2023-08-22 09:15:00,125785.51117730472
2023-08-22 09:30:00,125860.93748719963
2023-08-22 09:45:00,125575.09443296272
2023-08-22 10:00:00,125606.4950855799
2023-08-22 10:15:00,125684.18742195233
2023-08-22 10:30:00,125727.2419250254
2023-08-22 10:45:00,125666.70664626856
2023-08-22 11:00:00,125699.40217115861
2023-08-22 11:15:00,125736.95346707194
2023-08-22 11:30:00,125766.73552934804
2023-08-22 11:45:00,125789.39579412331
2023-08-22 12:00:00,125808.49516014822
2023-08-22 12:15:00,125768.67783775736
2023-08-22 12:30:00,125757.34770536973
2023-08-22 12:45:00,125814.9695215126
2023-08-22 13:00:00,125758.96629571082
2023-08-22 13:15:00,125749.25475366427
2023-08-22 13:30:00,125728.5367972983
2023-08-22 13:45:00,125661.20343910885
2023-08-22 14:00:00,125692.92780979426
2023-08-22 14:15:00,125651.8156151305
2023-08-22 14:30:00,125614.9117553536
2023-08-22 14:45:00,125613.94060114895
2023-08-22 15:00:00,125613.94060114895
2023-08-22 15:15:00,125613.94060114895
2023-08-23 09:15:00,125613.94060114895
2023-08-23 09:30:00,125613.94060114895
2023-08-23 09:45:00,125613.94060114895
2023-08-23 10:00:00,125613.94060114895
2023-08-23 10:15:00,125613.94060114895
2023-08-23 10:30:00,125613.94060114895
2023-08-23 10:45:00,125613.94060114895
2023-08-23 11:00:00,125613.94060114895
2023-08-23 11:15:00,125613.94060114895
2023-08-23 11:30:00,125662.12541942959
2023-08-23 11:45:00,125611.03010876957
2023-08-23 12:00:00,125616.52770548618
2023-08-23 12:15:00,125749.7635788528
2023-08-23 12:30:00,125788.57014391104
2023-08-23 12:45:00,125783.71932327877
2023-08-23 13:00:00,125729.7135202394
2023-08-23 13:15:00,125763.3458766232
2023-08-23 13:30:00,125818.96861987334
2023-08-23 13:45:00,125895.61158586334
2023-08-23 14:00:00,125869.74054249117
2023-08-23 14:15:00,125798.59517321772
2023-08-23 14:30:00,125853.89452842574
2023-08-23 14:45:00,125843.2227230347
2023-08-23 15:00:00,125751.05713102139
2023-08-23 15:15:00,125743.29581800973
2023-08-24 09:15:00,126459.9237194186
2023-08-24 09:30:00,126557.58690814851
2023-08-24 09:45:00,126579.25390697269
2023-08-24 10:00:00,126522.98438763824
2023-08-24 10:15:00,126386.19124580795
2023-08-24 10:30:00,126282.06029623498
2023-08-24 10:45:00,126112.28157410517
2023-08-24 11:00:00,126037.57893636805
2023-08-24 11:15:00,126039.19587657881
2023-08-24 11:30:00,126039.19587657881
2023-08-24 11:45:00,126039.19587657881
2023-08-24 12:00:00,126039.19587657881
2023-08-24 12:15:00,126039.19587657881
2023-08-24 12:30:00,126039.19587657881
2023-08-24 12:45:00,126039.19587657881
2023-08-24 13:00:00,126039.19587657881
2023-08-24 13:15:00,126039.19587657881
2023-08-24 13:30:00,126039.19587657881
2023-08-24 13:45:00,126039.19587657881
2023-08-24 14:00:00,126039.19587657881
2023-08-24 14:15:00,126039.19587657881
2023-08-24 14:30:00,126039.19587657881
2023-08-24 14:45:00,126039.19587657881
2023-08-24 15:00:00,126039.19587657881
2023-08-24 15:15:00,126039.19587657881
2023-08-25 09:15:00,126039.19587657881
2023-08-25 09:30:00,126039.19587657881
2023-08-25 09:45:00,126039.19587657881
2023-08-25 10:00:00,126039.19587657881
2023-08-25 10:15:00,126039.19587657881
2023-08-25 10:30:00,126039.19587657881
2023-08-25 10:45:00,126039.19587657881
2023-08-25 11:00:00,126039.19587657881
2023-08-25 11:15:00,126039.19587657881
2023-08-25 11:30:00,126039.19587657881
2023-08-25 11:45:00,126039.19587657881
2023-08-25 12:00:00,126039.19587657881
2023-08-25 12:15:00,126039.19587657881
2023-08-25 12:30:00,126039.19587657881
2023-08-25 12:45:00,126039.19587657881
2023-08-25 13:00:00,126039.19587657881
2023-08-25 13:15:00,126039.19587657881
2023-08-25 13:30:00,126039.19587657881
2023-08-25 13:45:00,126039.19587657881
2023-08-25 14:00:00,126039.19587657881
2023-08-25 14:15:00,126039.19587657881
2023-08-25 14:30:00,126039.19587657881
2023-08-25 14:45:00,126039.19587657881
2023-08-25 15:00:00,126039.19587657881
2023-08-25 15:15:00,126039.19587657881
2023-08-28 09:15:00,126039.19587657881
2023-08-28 09:30:00,126039.19587657881
2023-08-28 09:45:00,126039.19587657881
2023-08-28 10:00:00,126039.19587657881
2023-08-28 10:15:00,126039.19587657881
2023-08-28 10:30:00,126060.41206872372
2023-08-28 10:45:00,126045.72393570033
2023-08-28 11:00:00,126099.58042345272
2023-08-28 11:15:00,126124.38704811443
2023-08-28 11:30:00,126129.28309245555
2023-08-28 11:45:00,126061.06487463586
2023-08-28 12:00:00,126094.03157319945
2023-08-28 12:15:00,126139.07518113778
2023-08-28 12:30:00,126234.05844135565
2023-08-28 12:45:00,126259.84427488556
2023-08-28 13:00:00,126210.23102556216
2023-08-28 13:15:00,126315.00637446226
2023-08-28 13:30:00,126318.9232099352
2023-08-28 13:45:00,126263.43470740243
2023-08-28 14:00:00,126225.57196449769
2023-08-28 14:15:00,126157.02734372191
2023-08-28 14:30:00,126120.14380968545
2023-08-28 14:45:00,126200.11253392385
2023-08-28 15:00:00,125997.08989524512
2023-08-28 15:15:00,126008.84040166387
2023-08-29 09:15:00,126142.99201661075
2023-08-29 09:30:00,126314.35356855018
2023-08-29 09:45:00,126243.1977241258
2023-08-29 10:00:00,126254.29542463235
2023-08-29 10:15:00,126112.96294465182
2023-08-29 10:30:00,126226.22477040988
2023-08-29 10:45:00,126266.37233400712
2023-08-29 11:00:00,126163.88180579955
2023-08-29 11:15:00,126201.0917427921
2023-08-29 11:30:00,126254.62182758842
2023-08-29 11:45:00,126187.05641568087
2023-08-29 12:00:00,126283.01888476695
2023-08-29 12:15:00,126357.76516170814
2023-08-29 12:30:00,126266.6987369632
2023-08-29 12:45:00,126338.18098434362
2023-08-29 13:00:00,126335.89616365111
2023-08-29 13:15:00,126392.03747209602
2023-08-29 13:30:00,126370.49487699507
2023-08-29 13:45:00,126283.34528772303
2023-08-29 14:00:00,126189.01483341731
2023-08-29 14:15:00,126120.79661559762
2023-08-29 14:30:00,126144.95043434718
2023-08-29 14:45:00,126082.93387269291
2023-08-29 15:00:00,126261.80269262208
2023-08-29 15:15:00,126337.20177547542
2023-08-30 09:15:00,126866.95377318529
2023-08-30 09:30:00,126791.88109328802
2023-08-30 09:45:00,126842.79995443576
2023-08-30 10:00:00,126909.059754519
2023-08-30 10:15:00,126886.5379505498
2023-08-30 10:30:00,126926.35911119099
2023-08-30 10:45:00,126930.92875257604
2023-08-30 11:00:00,126955.73537723774
2023-08-30 11:15:00,126959.65221271064
2023-08-30 11:30:00,126926.03270823492
2023-08-30 11:45:00,126950.83933289662
2023-08-30 12:00:00,126958.02019793027
2023-08-30 12:15:00,126932.88717031249
2023-08-30 12:30:00,126891.10759193487
2023-08-30 12:45:00,126893.3924126274
2023-08-30 13:00:00,126931.25515553211
2023-08-30 13:15:00,126911.34457521154
2023-08-30 13:30:00,126857.48808745913
2023-08-30 13:45:00,126867.60657909745
2023-08-30 14:00:00,126728.23251685336
2023-08-30 14:15:00,126723.01006955616
2023-08-30 14:30:00,126723.01006955616
2023-08-30 14:45:00,126723.01006955616
2023-08-30 15:00:00,126723.01006955616
2023-08-30 15:15:00,126723.01006955616
2023-08-31 09:15:00,126723.01006955616
2023-08-31 09:30:00,126723.01006955616
2023-08-31 09:45:00,126723.01006955616
2023-08-31 10:00:00,126723.01006955616
2023-08-31 10:15:00,126723.01006955616
2023-08-31 10:30:00,126723.01006955616
2023-08-31 10:45:00,126723.01006955616
2023-08-31 11:00:00,126723.01006955616
2023-08-31 11:15:00,126723.01006955616
2023-08-31 11:30:00,126723.01006955616
2023-08-31 11:45:00,126723.01006955616
2023-08-31 12:00:00,126723.01006955616
2023-08-31 12:15:00,126723.01006955616
2023-08-31 12:30:00,126723.01006955616
2023-08-31 12:45:00,126723.01006955616
2023-08-31 13:00:00,126723.01006955616
2023-08-31 13:15:00,126723.01006955616
2023-08-31 13:30:00,126723.01006955616
2023-08-31 13:45:00,126723.01006955616
2023-08-31 14:00:00,126723.01006955616
2023-08-31 14:15:00,126723.01006955616
2023-08-31 14:30:00,126723.01006955616
2023-08-31 14:45:00,126723.01006955616
2023-08-31 15:00:00,126723.01006955616
2023-08-31 15:15:00,126723.01006955616
2023-09-01 09:15:00,126723.01006955616
2023-09-01 09:30:00,126723.01006955616
2023-09-01 09:45:00,126723.01006955616
2023-09-01 10:00:00,126723.01006955616
2023-09-01 10:15:00,126723.01006955616
2023-09-01 10:30:00,126562.43734633281
2023-09-01 10:45:00,126719.73307520464
2023-09-01 11:00:00,126679.09834524608
2023-09-01 11:15:00,126766.26639499588
2023-09-01 11:30:00,126687.29083112482
2023-09-01 11:45:00,126723.33776899127
2023-09-01 12:00:00,126713.50678593678
2023-09-01 12:15:00,126740.70583905422
2023-09-01 12:30:00,126929.13301426529
2023-09-01 12:45:00,127006.4700809606
2023-09-01 13:00:00,127089.37803805347
2023-09-01 13:15:00,127112.64469794909
2023-09-01 13:30:00,127153.93482677793
2023-09-01 13:45:00,127255.52165167432
2023-09-01 14:00:00,127382.99673194757
2023-09-01 14:15:00,127395.77700991841
2023-09-01 14:30:00,127408.55728788924
2023-09-01 14:45:00,127407.90188901895
2023-09-01 15:00:00,127377.75354098518
2023-09-01 15:15:00,127300.41647428984
2023-09-04 09:15:00,127901.0895389192
2023-09-04 09:30:00,127597.96756140575
2023-09-04 09:45:00,127710.04076822694
2023-09-04 10:00:00,127535.70466872733
2023-09-04 10:15:00,127511.45491052624
2023-09-04 10:30:00,127435.42864157152
2023-09-04 10:45:00,127424.28686077642
2023-09-04 11:00:00,127626.14971282861
2023-09-04 11:15:00,127565.52531732593
2023-09-04 11:30:00,127611.07553881175
2023-09-04 11:45:00,127677.92622358228
2023-09-04 12:00:00,127738.87831852013
2023-09-04 12:15:00,127836.53275019473
2023-09-04 12:30:00,127835.87735132442
2023-09-04 12:45:00,127801.4689106337
2023-09-04 13:00:00,127886.99846320777
2023-09-04 13:15:00,127883.72146885627
2023-09-04 13:30:00,127880.77217393994
2023-09-04 13:45:00,127811.29989368819
2023-09-04 14:00:00,127855.53931743339
2023-09-04 14:15:00,127841.44824172196
2023-09-04 14:30:00,128006.28105760223
2023-09-04 14:45:00,127951.55525193225
2023-09-04 15:00:00,128002.34866438044
2023-09-04 15:15:00,128034.79090846026
2023-09-05 09:15:00,128131.78994126455
2023-09-05 09:30:00,128251.07253565906
2023-09-05 09:45:00,128294.98425996909
2023-09-05 10:00:00,128332.01429614102
2023-09-05 10:15:00,128208.4716090896
2023-09-05 10:30:00,128290.39646787703
2023-09-05 10:45:00,128223.54578310649
2023-09-05 11:00:00,128313.3354283375
2023-09-05 11:15:00,128303.83214471815
2023-09-05 11:30:00,128295.63965883941
2023-09-05 11:45:00,128335.61898992765
2023-09-05 12:00:00,128252.38333339963
2023-09-05 12:15:00,128216.33639553317
2023-09-05 12:30:00,128039.37870055235
2023-09-05 12:45:00,128125.23595256158
2023-09-05 13:00:00,128167.50917969587
2023-09-05 13:15:00,128030.85851523845
2023-09-05 13:30:00,128042.98339433901
2023-09-05 13:45:00,128042.98339433901
2023-09-05 14:00:00,128042.98339433901
2023-09-05 14:15:00,128042.98339433901
2023-09-05 14:30:00,128042.98339433901
2023-09-05 14:45:00,128042.98339433901
2023-09-05 15:00:00,128042.98339433901
2023-09-05 15:15:00,128042.98339433901
2023-09-06 09:15:00,128042.98339433901
2023-09-06 09:30:00,128042.98339433901
2023-09-06 09:45:00,128042.98339433901
2023-09-06 10:00:00,128042.98339433901
2023-09-06 10:15:00,128042.98339433901
2023-09-06 10:30:00,128073.07121759222
2023-09-06 10:45:00,127967.43679464885
2023-09-06 11:00:00,128009.95219707189
2023-09-06 11:15:00,127983.78887250386
2023-09-06 11:30:00,127838.58242115134
2023-09-06 11:45:00,127834.33088090902
2023-09-06 12:00:00,127886.65753004506
2023-09-06 12:15:00,127843.48804450785
2023-09-06 12:30:00,127622.08091035095
2023-09-06 12:45:00,127621.42682723676
2023-09-06 13:00:00,127621.42682723676
2023-09-06 13:15:00,127621.42682723676
2023-09-06 13:30:00,127621.42682723676
2023-09-06 13:45:00,127621.42682723676
2023-09-06 14:00:00,127621.42682723676
2023-09-06 14:15:00,127621.42682723676
2023-09-06 14:30:00,127621.42682723676
2023-09-06 14:45:00,127621.42682723676
2023-09-06 15:00:00,127621.42682723676
2023-09-06 15:15:00,127646.8014672891
2023-09-07 09:15:00,127323.76278046919
2023-09-07 09:30:00,127288.62866347366
2023-09-07 09:45:00,127437.29802890841
2023-09-07 10:00:00,127474.38404129258
2023-09-07 10:15:00,127484.79415003199
2023-09-07 10:30:00,127589.22055332422
2023-09-07 10:45:00,127650.70525806639
2023-09-07 11:00:00,127771.07214036585
2023-09-07 11:15:00,127700.47859047673
2023-09-07 11:30:00,127518.95231933323
2023-09-07 11:45:00,127635.0900949573
2023-09-07 12:00:00,127613.94456158037
2023-09-07 12:15:00,127548.55606606095
2023-09-07 12:30:00,127622.72809082929
2023-09-07 12:45:00,127629.23440879142
2023-09-07 13:00:00,127643.22299240998
2023-09-07 13:15:00,127757.73418854353
2023-09-07 13:30:00,127862.16059183575
2023-09-07 13:45:00,127824.42394765539
2023-09-07 14:00:00,127996.19074185568
2023-09-07 14:15:00,128084.02603434448
2023-09-07 14:30:00,128351.76101848624
2023-09-07 14:45:00,128370.62934057643
2023-09-07 15:00:00,128258.39535572963
2023-09-07 15:15:00,128325.73574663769
2023-09-08 09:15:00,128702.45155664517
2023-09-08 09:30:00,128671.2212304269
2023-09-08 09:45:00,128666.0161760572
2023-09-08 10:00:00,128680.655391472
2023-09-08 10:15:00,128536.54044861077
2023-09-08 10:30:00,128448.70515612199
2023-09-08 10:45:00,128516.04554703007
2023-09-08 11:00:00,128478.95953464591
2023-09-08 11:15:00,128664.0642806686
2023-09-08 11:30:00,128883.32719599248
2023-09-08 11:45:00,128950.99290279864
2023-09-08 12:00:00,128955.54732537213
2023-09-08 12:15:00,128853.72344926477
2023-09-08 12:30:00,129002.0674988014
2023-09-08 12:45:00,128953.59542998351
2023-09-08 13:00:00,128892.76135703757
2023-09-08 13:15:00,128940.25747816113
2023-09-08 13:30:00,129018.33329370675
2023-09-08 13:45:00,129001.41686700519
2023-09-08 14:00:00,129090.87873898451
2023-09-08 14:15:00,129214.82409616317
2023-09-08 14:30:00,128934.72710789333
2023-09-08 14:45:00,128959.77643204757
2023-09-08 15:00:00,128937.3296350782
2023-09-08 15:15:00,128958.47516845513
2023-09-11 09:15:00,129433.76169558894
2023-09-11 09:30:00,129457.83507204885
2023-09-11 09:45:00,129653.34992681094
2023-09-11 10:00:00,129664.41066734657
2023-09-11 10:15:00,129632.85502523024
2023-09-11 10:30:00,129748.3421690581
2023-09-11 10:45:00,129670.26635351252
2023-09-11 11:00:00,129667.33851042954
2023-09-11 11:15:00,129744.43837828083
2023-09-11 11:30:00,129739.23332391113
2023-09-11 11:45:00,129714.50931565503
2023-09-11 12:00:00,129731.42574235657
2023-09-11 12:15:00,129781.84970656311
2023-09-11 12:30:00,129810.15218969839
2023-09-11 12:45:00,129735.98016493006
2023-09-11 13:00:00,129795.18765838546
2023-09-11 13:15:00,129770.13833423126
2023-09-11 13:30:00,129700.19541613833
2023-09-11 13:45:00,129781.19907476688
2023-09-11 14:00:00,129765.58391165776
2023-09-11 14:15:00,129872.28752623675
2023-09-11 14:30:00,129901.56595706634
2023-09-11 14:45:00,129921.08491095275
2023-09-11 15:00:00,130112.69597493757
2023-09-11 15:15:00,130126.35924265803
2023-09-12 09:15:00,130487.7852054545
2023-09-12 09:30:00,130366.44237546073
2023-09-12 09:45:00,129938.00133765425
2023-09-12 10:00:00,129929.54312430348
2023-09-12 10:15:00,129810.15218969835
2023-09-12 10:30:00,129902.54190476063
2023-09-12 10:45:00,130077.23654204392
2023-09-12 11:00:00,130136.11871960122
2023-09-12 11:15:00,130235.99070031993
2023-09-12 11:30:00,130366.76769135884
2023-09-12 11:45:00,130350.8272123516
2023-09-12 12:00:00,130191.42242227936
2023-09-12 12:15:00,129984.84682698164
2023-09-12 12:30:00,129846.26225438822
2023-09-12 12:45:00,129862.85336519165
2023-09-12 13:00:00,130032.99357990143
2023-09-12 13:15:00,130115.2985021224
2023-09-12 13:30:00,130124.08203137129
2023-09-12 13:45:00,130022.9087870601
2023-09-12 14:00:00,130199.23000383393
2023-09-12 14:15:00,130122.45545188077
2023-09-12 14:30:00,130175.48194327214
2023-09-12 14:45:00,130156.61362118198
2023-09-12 15:00:00,130029.41510502226
2023-09-12 15:15:00,130032.99357990145
2023-09-13 09:15:00,130208.01353308282
2023-09-13 09:30:00,129947.11018280129
2023-09-13 09:45:00,130017.05310089423
2023-09-13 10:00:00,129983.87087928735
2023-09-13 10:15:00,130043.07837274276
2023-09-13 10:30:00,129934.74817867324
2023-09-13 10:45:00,129994.93161982298
2023-09-13 11:00:00,130171.25283659679
2023-09-13 11:15:00,130303.98172302429
2023-09-13 11:30:00,130268.52229013067
2023-09-13 11:45:00,130281.53492605493
2023-09-13 12:00:00,130407.10686272412
2023-09-13 12:15:00,130506.97884344285
2023-09-13 12:30:00,130509.2560547296
2023-09-13 12:45:00,130547.9686466043
2023-09-13 13:00:00,130675.49247866211
2023-09-13 13:15:00,130501.44847317506
2023-09-13 13:30:00,130554.14964866833
2023-09-13 13:45:00,130607.82677185592
2023-09-13 14:00:00,130646.8646796287
2023-09-13 14:15:00,130688.17979868826
2023-09-13 14:30:00,130689.48106228068
2023-09-13 14:45:00,130697.93927563145
2023-09-13 15:00:00,130566.51165279638
2023-09-13 15:15:00,130538.5344855592
2023-09-14 09:15:00,131090.27024874807
2023-09-14 09:30:00,131142.97142424135
2023-09-14 09:45:00,131045.05133891125
2023-09-14 10:00:00,130854.74153851887
2023-09-14 10:15:00,130725.59112697051
2023-09-14 10:30:00,130660.20263145107
2023-09-14 10:45:00,130666.05831761702
2023-09-14 11:00:00,130760.72524396604
2023-09-14 11:15:00,130747.71260804177
2023-09-14 11:30:00,130642.3102570552
2023-09-14 11:45:00,130635.15330729686
2023-09-14 12:00:00,130635.15330729686
2023-09-14 12:15:00,130635.15330729686
2023-09-14 12:30:00,130635.15330729686
2023-09-14 12:45:00,130635.15330729686
2023-09-14 13:00:00,130635.15330729686
2023-09-14 13:15:00,130635.15330729686
2023-09-14 13:30:00,130635.15330729686
2023-09-14 13:45:00,130635.15330729686
2023-09-14 14:00:00,130635.15330729686
2023-09-14 14:15:00,130635.15330729686
2023-09-14 14:30:00,130635.15330729686
2023-09-14 14:45:00,130635.15330729686
2023-09-14 15:00:00,130635.15330729686
2023-09-14 15:15:00,130635.15330729686
2023-09-15 09:15:00,130635.15330729686
2023-09-15 09:30:00,130626.08045405953
2023-09-15 09:45:00,130586.22470590979
2023-09-15 10:00:00,130654.59513566256
2023-09-15 10:15:00,130582.01230976389
2023-09-15 10:30:00,130594.00143725607
2023-09-15 10:45:00,130698.6632799582
2023-09-15 11:00:00,130794.25226942297
2023-09-15 11:15:00,130794.25226942297
2023-09-15 11:30:00,130740.1391804717
2023-09-15 11:45:00,130785.17941618561
2023-09-15 12:00:00,130835.08010899095
2023-09-15 12:15:00,130710.00434650484
2023-09-15 12:30:00,130562.24645092536
2023-09-15 12:45:00,130596.26965056536
2023-09-15 13:00:00,130712.27255981414
2023-09-15 13:15:00,130752.45233843663
2023-09-15 13:30:00,130666.58426315471
2023-09-15 13:45:00,130713.89271217796
2023-09-15 14:00:00,130788.41972091323
2023-09-15 14:15:00,130809.15767117
2023-09-15 14:30:00,130880.7684056504
2023-09-15 14:45:00,130889.1931979422
2023-09-15 15:00:00,130819.20261582562
2023-09-15 15:15:00,130707.41210272274
2023-09-18 09:15:00,130590.76113252842
2023-09-18 09:30:00,130738.19499763512
2023-09-18 09:45:00,130763.46937451056
2023-09-18 10:00:00,130761.52519167398
2023-09-18 10:15:00,130786.15150760389
2023-09-18 10:30:00,130765.08952687436
2023-09-18 10:45:00,130770.27401443856
2023-09-18 11:00:00,130745.32366803587
2023-09-18 11:15:00,130797.16854367778
2023-09-18 11:30:00,130828.27546906294
2023-09-18 11:45:00,130823.09098149872
2023-09-18 12:00:00,130744.02754614483
2023-09-18 12:15:00,130746.29575945417
2023-09-18 12:30:00,130739.49111952618
2023-09-18 12:45:00,130674.36099450102
2023-09-18 13:00:00,130675.65711639206
2023-09-18 13:15:00,130675.65711639206
2023-09-18 13:30:00,130675.65711639206
2023-09-18 13:45:00,130675.65711639206
2023-09-18 14:00:00,130675.65711639206
2023-09-18 14:15:00,130675.65711639206
2023-09-18 14:30:00,130675.65711639206
2023-09-18 14:45:00,130675.65711639206
2023-09-18 15:00:00,130675.65711639206
2023-09-18 15:15:00,130675.65711639206
2023-09-20 09:15:00,130675.65711639206
2023-09-20 09:30:00,130675.65711639206
2023-09-20 09:45:00,130675.65711639206
2023-09-20 10:00:00,130675.65711639206
2023-09-20 10:15:00,130675.65711639206
2023-09-20 10:30:00,130675.65711639206
2023-09-20 10:45:00,130675.65711639206
2023-09-20 11:00:00,130675.65711639206
2023-09-20 11:15:00,130675.65711639206
2023-09-20 11:30:00,130675.65711639206
2023-09-20 11:45:00,130675.65711639206
2023-09-20 12:00:00,130675.65711639206
2023-09-20 12:15:00,130675.65711639206
2023-09-20 12:30:00,130675.65711639206
2023-09-20 12:45:00,130675.65711639206
2023-09-20 13:00:00,130675.65711639206
2023-09-20 13:15:00,130675.65711639206
2023-09-20 13:30:00,130675.65711639206
2023-09-20 13:45:00,130675.65711639206
2023-09-20 14:00:00,130675.65711639206
2023-09-20 14:15:00,130675.65711639206
2023-09-20 14:30:00,130675.65711639206
2023-09-20 14:45:00,130675.65711639206
2023-09-20 15:00:00,130675.65711639206
2023-09-20 15:15:00,130675.65711639206
2023-09-21 09:15:00,130675.65711639206
2023-09-21 09:30:00,130675.65711639206
2023-09-21 09:45:00,130675.65711639206
2023-09-21 10:00:00,130675.65711639206
2023-09-21 10:15:00,130675.65711639206
2023-09-21 10:30:00,130675.65711639206
2023-09-21 10:45:00,130675.65711639206
2023-09-21 11:00:00,130675.65711639206
2023-09-21 11:15:00,130675.65711639206
2023-09-21 11:30:00,130675.65711639206
2023-09-21 11:45:00,130675.65711639206
2023-09-21 12:00:00,130675.65711639206
2023-09-21 12:15:00,130675.65711639206
2023-09-21 12:30:00,130675.65711639206
2023-09-21 12:45:00,130675.65711639206
2023-09-21 13:00:00,130675.65711639206
2023-09-21 13:15:00,130675.65711639206
2023-09-21 13:30:00,130675.65711639206
2023-09-21 13:45:00,130675.65711639206
2023-09-21 14:00:00,130675.65711639206
2023-09-21 14:15:00,130675.65711639206
2023-09-21 14:30:00,130675.65711639206
2023-09-21 14:45:00,130675.65711639206
2023-09-21 15:00:00,130675.65711639206
2023-09-21 15:15:00,130675.65711639206
2023-09-22 09:15:00,130675.65711639206
2023-09-22 09:30:00,130675.65711639206
2023-09-22 09:45:00,130675.65711639206
2023-09-22 10:00:00,130675.65711639206
2023-09-22 10:15:00,130675.65711639206
2023-09-22 10:30:00,130675.65711639206
2023-09-22 10:45:00,130675.65711639206
2023-09-22 11:00:00,130675.65711639206
2023-09-22 11:15:00,130675.65711639206
2023-09-22 11:30:00,130675.65711639206
2023-09-22 11:45:00,130675.65711639206
2023-09-22 12:00:00,130749.0206512956
2023-09-22 12:15:00,130739.10666009242
2023-09-22 12:30:00,130790.98988072241
2023-09-22 12:45:00,130637.65348344654
2023-09-22 13:00:00,130660.7861295873
2023-09-22 13:15:00,130460.52350728301
2023-09-22 13:30:00,130263.89601508656
2023-09-22 13:45:00,130258.2780867381
2023-09-22 14:00:00,130258.2780867381
2023-09-22 14:15:00,130258.2780867381
2023-09-22 14:30:00,130258.2780867381
2023-09-22 14:45:00,130258.2780867381
2023-09-22 15:00:00,130258.2780867381
2023-09-22 15:15:00,130258.2780867381
2023-09-25 09:15:00,130258.2780867381
2023-09-25 09:30:00,130258.2780867381
2023-09-25 09:45:00,130258.2780867381
2023-09-25 10:00:00,130258.2780867381
2023-09-25 10:15:00,130258.2780867381
2023-09-25 10:30:00,130258.2780867381
2023-09-25 10:45:00,130258.2780867381
2023-09-25 11:00:00,130258.2780867381
2023-09-25 11:15:00,130258.2780867381
2023-09-25 11:30:00,130258.2780867381
2023-09-25 11:45:00,130258.2780867381
2023-09-25 12:00:00,130258.2780867381
2023-09-25 12:15:00,130258.2780867381
2023-09-25 12:30:00,130502.87126305678
2023-09-25 12:45:00,130571.0528521253
2023-09-25 13:00:00,130501.54734870592
2023-09-25 13:15:00,130471.09731863649
2023-09-25 13:30:00,130519.75117103003
2023-09-25 13:45:00,130261.25689402748
2023-09-25 14:00:00,129992.50228080586
2023-09-25 14:15:00,130059.02897693586
2023-09-25 14:30:00,130147.4002598548
2023-09-25 14:45:00,130414.16900155012
2023-09-25 15:00:00,130271.84820883424
2023-09-25 15:15:00,130239.08132865082
2023-09-26 09:15:00,130171.89267534543
2023-09-26 09:30:00,130174.2095254594
2023-09-26 09:45:00,130174.2095254594
2023-09-26 10:00:00,130174.2095254594
2023-09-26 10:15:00,130174.2095254594
2023-09-26 10:30:00,130174.2095254594
2023-09-26 10:45:00,130174.2095254594
2023-09-26 11:00:00,130174.2095254594
2023-09-26 11:15:00,130174.2095254594
2023-09-26 11:30:00,130174.2095254594
2023-09-26 11:45:00,130174.2095254594
2023-09-26 12:00:00,130174.2095254594
2023-09-26 12:15:00,130174.2095254594
2023-09-26 12:30:00,130174.2095254594
2023-09-26 12:45:00,130174.2095254594
2023-09-26 13:00:00,130174.2095254594
2023-09-26 13:15:00,130174.2095254594
2023-09-26 13:30:00,130174.2095254594
2023-09-26 13:45:00,130174.2095254594
2023-09-26 14:00:00,130174.2095254594
2023-09-26 14:15:00,130174.2095254594
2023-09-26 14:30:00,130174.2095254594
2023-09-26 14:45:00,130174.2095254594
2023-09-26 15:00:00,130174.2095254594
2023-09-26 15:15:00,130174.2095254594
2023-09-27 09:15:00,130174.2095254594
2023-09-27 09:30:00,130174.2095254594
2023-09-27 09:45:00,130174.2095254594
2023-09-27 10:00:00,130174.2095254594
2023-09-27 10:15:00,130174.2095254594
2023-09-27 10:30:00,130174.2095254594
2023-09-27 10:45:00,130174.2095254594
2023-09-27 11:00:00,130174.2095254594
2023-09-27 11:15:00,130174.2095254594
2023-09-27 11:30:00,130174.2095254594
2023-09-27 11:45:00,130086.43346955065
2023-09-27 12:00:00,130166.25999586767
2023-09-27 12:15:00,130185.80258944734
2023-09-27 12:30:00,130212.63225181946
2023-09-27 12:45:00,130302.06445972649
2023-09-27 13:00:00,130397.4588148273
2023-09-27 13:15:00,130485.89733153538
2023-09-27 13:30:00,130391.82789803317
2023-09-27 13:45:00,130496.82793472399
2023-09-27 14:00:00,130455.75536516668
2023-09-27 14:15:00,130514.05191550608
2023-09-27 14:30:00,130618.3894913976
2023-09-27 14:45:00,130675.0298897387
2023-09-27 15:00:00,130566.71754905129
2023-09-27 15:15:00,130691.59140972148
2023-09-28 09:15:00,130718.75230249323
2023-09-28 09:30:00,130418.32633000558
2023-09-28 09:45:00,130377.58499084793
2023-09-28 10:00:00,130718.08984169392
2023-09-28 10:15:00,130592.55352022444
2023-09-28 10:30:00,130425.94462919765
2023-09-28 10:45:00,130451.7806003708
2023-09-28 11:00:00,130233.49976699773
2023-09-28 11:15:00,130229.19377180222
2023-09-28 11:30:00,130229.19377180222
2023-09-28 11:45:00,130229.19377180222
2023-09-28 12:00:00,130229.19377180222
2023-09-28 12:15:00,130229.19377180222
2023-09-28 12:30:00,130229.19377180222
2023-09-28 12:45:00,130229.19377180222
2023-09-28 13:00:00,130229.19377180222
2023-09-28 13:15:00,130229.19377180222
2023-09-28 13:30:00,130229.19377180222
2023-09-28 13:45:00,130229.19377180222
2023-09-28 14:00:00,130229.19377180222
2023-09-28 14:15:00,130229.19377180222
2023-09-28 14:30:00,130229.19377180222
2023-09-28 14:45:00,130229.19377180222
2023-09-28 15:00:00,130229.19377180222
2023-09-28 15:15:00,130229.19377180222
2023-09-29 09:15:00,130229.19377180222
2023-09-29 09:30:00,130229.19377180222
2023-09-29 09:45:00,130229.19377180222
2023-09-29 10:00:00,130322.96206323277
2023-09-29 10:15:00,130239.83414529788
2023-09-29 10:30:00,130270.42521909789
2023-09-29 10:45:00,130242.49423867179
2023-09-29 11:00:00,130399.10723606111
2023-09-29 11:15:00,130437.67858998288
2023-09-29 11:30:00,130788.81091533981
2023-09-29 11:45:00,130768.86021503544
2023-09-29 12:00:00,130795.79366044635
2023-09-29 12:15:00,130855.64576135947
2023-09-29 12:30:00,130834.36501436816
2023-09-29 12:45:00,130735.27653618978
2023-09-29 13:00:00,130794.13110208766
2023-09-29 13:15:00,130858.97087807686
2023-09-29 13:30:00,130857.64083138992
2023-09-29 13:45:00,131011.26122373357
2023-09-29 14:00:00,131079.75862811191
2023-09-29 14:15:00,131107.0245851946
2023-09-29 14:30:00,131056.15029941843
2023-09-29 14:45:00,130907.51758215086
2023-09-29 15:00:00,130502.85087764384
2023-09-29 15:15:00,130598.61423910483
2023-10-03 09:15:00,129884.37916820831
2023-10-03 09:30:00,129880.72153981919
2023-10-03 09:45:00,129880.72153981919
2023-10-03 10:00:00,129880.72153981919
2023-10-03 10:15:00,129880.72153981919
2023-10-03 10:30:00,129880.72153981919
2023-10-03 10:45:00,129880.72153981919
2023-10-03 11:00:00,129880.72153981919
2023-10-03 11:15:00,129880.72153981919
2023-10-03 11:30:00,129880.72153981919
2023-10-03 11:45:00,129880.72153981919
2023-10-03 12:00:00,129880.72153981919
2023-10-03 12:15:00,129880.72153981919
2023-10-03 12:30:00,129880.72153981919
2023-10-03 12:45:00,129880.72153981919
2023-10-03 13:00:00,129880.72153981919
2023-10-03 13:15:00,129880.72153981919
2023-10-03 13:30:00,129880.72153981919
2023-10-03 13:45:00,129880.72153981919
2023-10-03 14:00:00,129623.38536566347
2023-10-03 14:15:00,129699.75610121936
2023-10-03 14:30:00,129662.89892014673
2023-10-03 14:45:00,129698.42791451405
2023-10-03 15:00:00,129688.46651422414
2023-10-03 15:15:00,129650.61319312252
2023-10-04 09:15:00,128813.52352209468
2023-10-04 09:30:00,128808.21077527337
2023-10-04 09:45:00,128808.21077527337
2023-10-04 10:00:00,128808.21077527337
2023-10-04 10:15:00,128808.21077527337
2023-10-04 10:30:00,128808.21077527337
2023-10-04 10:45:00,128808.21077527337
2023-10-04 11:00:00,128808.21077527337
2023-10-04 11:15:00,128808.21077527337
2023-10-04 11:30:00,128808.21077527337
2023-10-04 11:45:00,128808.21077527337
2023-10-04 12:00:00,128808.21077527337
2023-10-04 12:15:00,128808.21077527337
2023-10-04 12:30:00,128808.21077527337
2023-10-04 12:45:00,128808.21077527337
2023-10-04 13:00:00,128808.21077527337
2023-10-04 13:15:00,128808.21077527337
2023-10-04 13:30:00,128808.21077527337
2023-10-04 13:45:00,128808.21077527337
2023-10-04 14:00:00,128808.21077527337
2023-10-04 14:15:00,128808.21077527337
2023-10-04 14:30:00,128808.21077527337
2023-10-04 14:45:00,128742.20834984485
2023-10-04 15:00:00,128983.66445895025
2023-10-04 15:15:00,128994.27791429556
2023-10-05 09:15:00,129500.4070660742
2023-10-05 09:30:00,129641.69869035842
2023-10-05 09:45:00,129590.62143650919
2023-10-05 10:00:00,129517.6539310103
2023-10-05 10:15:00,129336.89351966076
2023-10-05 10:30:00,129315.66660897018
2023-10-05 10:45:00,129758.44669915663
2023-10-05 11:00:00,129826.10747698288
2023-10-05 11:15:00,129799.57383861965
2023-10-05 11:30:00,129724.61631024352
2023-10-05 11:45:00,129727.93301503891
2023-10-05 12:00:00,129714.99786633684
2023-10-05 12:15:00,129575.0329239708
2023-10-05 12:30:00,129561.76610478917
2023-10-05 12:45:00,129639.04532652209
2023-10-05 13:00:00,129546.17759225077
2023-10-05 13:15:00,129642.03036083795
2023-10-05 13:30:00,129744.18486853641
2023-10-05 13:45:00,129720.30459400949
2023-10-05 14:00:00,129693.77095564625
2023-10-05 14:15:00,129662.925601049
2023-10-05 14:30:00,129769.39182498146
2023-10-05 14:45:00,129751.14994860673
2023-10-05 15:00:00,129618.15008631104
2023-10-05 15:15:00,129660.60390769222
2023-10-06 09:15:00,130093.43388349244
2023-10-06 09:30:00,129963.08738503308
2023-10-06 09:45:00,130048.99003923404
2023-10-06 10:00:00,130037.71324292966
2023-10-06 10:15:00,130012.5062864846
2023-10-06 10:30:00,130283.14939778957
2023-10-06 10:45:00,130356.11690328848
2023-10-06 11:00:00,130296.4162169712
2023-10-06 11:15:00,130057.94514218165
2023-10-06 11:30:00,130158.4412974824
2023-10-06 11:45:00,130175.68816241848
2023-10-06 12:00:00,130179.00486721388
2023-10-06 12:15:00,130227.42875722678
2023-10-06 12:30:00,130269.21923764885
2023-10-06 12:45:00,130267.89255573071
2023-10-06 13:00:00,130335.8850040365
2023-10-06 13:15:00,130391.93731507883
2023-10-06 13:30:00,130367.0620291133
2023-10-06 13:45:00,130397.90738371057
2023-10-06 14:00:00,130444.67292132575
2023-10-06 14:15:00,130402.88244090366
2023-10-06 14:30:00,130441.68788700986
2023-10-06 14:45:00,130503.04692572485
2023-10-06 15:00:00,130415.81758960574
2023-10-06 15:15:00,130345.8351184227
2023-10-09 09:15:00,129401.56926317114
2023-10-09 09:30:00,129397.25754693714
2023-10-09 09:45:00,129397.25754693714
2023-10-09 10:00:00,129397.25754693714
2023-10-09 10:15:00,129397.25754693714
2023-10-09 10:30:00,129397.25754693714
2023-10-09 10:45:00,129397.25754693714
2023-10-09 11:00:00,129397.25754693714
2023-10-09 11:15:00,129397.25754693714
2023-10-09 11:30:00,129397.25754693714
2023-10-09 11:45:00,129397.25754693714
2023-10-09 12:00:00,129397.25754693714
2023-10-09 12:15:00,129397.25754693714
2023-10-09 12:30:00,129397.25754693714
2023-10-09 12:45:00,129397.25754693714
2023-10-09 13:00:00,129397.25754693714
2023-10-09 13:15:00,129397.25754693714
2023-10-09 13:30:00,129397.25754693714
2023-10-09 13:45:00,129397.25754693714
2023-10-09 14:00:00,129397.25754693714
2023-10-09 14:15:00,129397.25754693714
2023-10-09 14:30:00,129397.25754693714
2023-10-09 14:45:00,129397.25754693714
2023-10-09 15:00:00,129397.25754693714
2023-10-09 15:15:00,129397.25754693714
2023-10-10 09:15:00,129397.25754693714
2023-10-10 09:30:00,129397.25754693714
2023-10-10 09:45:00,129397.25754693714
2023-10-10 10:00:00,129397.25754693714
2023-10-10 10:15:00,129357.02320929385
2023-10-10 10:30:00,129421.99177089817
2023-10-10 10:45:00,129348.44867832071
2023-10-10 11:00:00,129427.92798464882
2023-10-10 11:15:00,129464.20484645833
2023-10-10 11:30:00,129421.33219159256
2023-10-10 11:45:00,129426.60882603758
2023-10-10 12:00:00,129623.49324876737
2023-10-10 12:15:00,129713.52582398547
2023-10-10 12:30:00,129748.15373753091
2023-10-10 12:45:00,129741.55794447464
2023-10-10 13:00:00,129782.12207177073
2023-10-10 13:15:00,129873.80359525296
2023-10-10 13:30:00,129942.0700533854
2023-10-10 13:45:00,129931.84657414818
2023-10-10 14:00:00,129911.0698260209
2023-10-10 14:15:00,130033.42178721477
2023-10-10 14:30:00,129925.5805707447
2023-10-10 14:45:00,129954.27227053948
2023-10-10 15:00:00,129859.95242983477
2023-10-10 15:15:00,129881.05896761485
2023-10-11 09:15:00,130600.3302004015
2023-10-11 09:30:00,130656.06465172702
2023-10-11 09:45:00,130636.93685186381
2023-10-11 10:00:00,130665.2987620058
2023-10-11 10:15:00,130715.75657888627
2023-10-11 10:30:00,130812.71473681352
2023-10-11 10:45:00,130753.02280965424
2023-10-11 11:00:00,130651.77738624043
2023-10-11 11:15:00,130703.55436173218
2023-10-11 11:30:00,130683.76698256336
2023-10-11 11:45:00,130701.9054134681
2023-10-11 12:00:00,130661.67107582482
2023-10-11 12:15:00,130594.39398665086
2023-10-11 12:30:00,130520.5211044206
2023-10-11 12:45:00,130506.99972865524
2023-10-11 13:00:00,130694.65004110622
2023-10-11 13:15:00,130642.87306561448
2023-10-11 13:30:00,130653.75612415734
2023-10-11 13:45:00,130553.50006970197
2023-10-11 14:00:00,130617.80905200062
2023-10-11 14:15:00,130627.37295193222
2023-10-11 14:30:00,130730.9269029157
2023-10-11 14:45:00,130749.06533382044
2023-10-11 15:00:00,130661.67107582482
2023-10-11 15:15:00,130652.76675519887
2023-10-12 09:15:00,130736.20353736074
2023-10-12 09:30:00,130684.75635152178
2023-10-12 09:45:00,130464.12707378944
2023-10-12 10:00:00,130563.39375928637
2023-10-12 10:15:00,130522.17005268465
2023-10-12 10:30:00,130685.74572048023
2023-10-12 10:45:00,130685.74572048023
2023-10-12 11:00:00,130757.96965444644
2023-10-12 11:15:00,130634.95811394692
2023-10-12 11:30:00,130720.7034236785
2023-10-12 11:45:00,130791.60819903342
2023-10-12 12:00:00,130727.62900638756
2023-10-12 12:15:00,130694.32025145339
2023-10-12 12:30:00,130672.22434471488
2023-10-12 12:45:00,130646.5007517954
2023-10-12 13:00:00,130611.87283824997
2023-10-12 13:15:00,130647.16033110104
2023-10-12 13:30:00,130680.46908603523
2023-10-12 13:45:00,130616.81968304218
2023-10-12 14:00:00,130616.81968304218
2023-10-12 14:15:00,130594.39398665087
2023-10-12 14:30:00,130552.18091109072
2023-10-12 14:45:00,130557.78733518855
2023-10-12 15:00:00,130591.42587977556
2023-10-12 15:15:00,130483.91445295831
2023-10-13 09:15:00,130096.08182124939
2023-10-13 09:30:00,130098.72013847192
2023-10-13 09:45:00,130098.72013847192
2023-10-13 10:00:00,130098.72013847192
2023-10-13 10:15:00,130098.72013847192
2023-10-13 10:30:00,130098.72013847192
2023-10-13 10:45:00,130098.72013847192
2023-10-13 11:00:00,130098.72013847192
2023-10-13 11:15:00,130098.72013847192
2023-10-13 11:30:00,130098.72013847192
2023-10-13 11:45:00,130098.72013847192
2023-10-13 12:00:00,130098.72013847192
2023-10-13 12:15:00,130098.72013847192
2023-10-13 12:30:00,130098.72013847192
2023-10-13 12:45:00,130098.72013847192
2023-10-13 13:00:00,130098.72013847192
2023-10-13 13:15:00,130007.46833310692
2023-10-13 13:30:00,130123.4273059895
2023-10-13 13:45:00,130124.08616378998
2023-10-13 14:00:00,130299.67176761504
2023-10-13 14:15:00,130446.26762821946
2023-10-13 14:30:00,130311.86063692372
2023-10-13 14:45:00,130201.83138424534
2023-10-13 15:00:00,130161.31162951647
2023-10-13 15:15:00,129998.90318170079
2023-10-16 09:15:00,129938.61769295784
2023-10-16 09:30:00,129926.42882364916
2023-10-16 09:45:00,129926.42882364916
2023-10-16 10:00:00,129926.42882364916
2023-10-16 10:15:00,129926.42882364916
2023-10-16 10:30:00,129926.42882364916
2023-10-16 10:45:00,129926.42882364916
2023-10-16 11:00:00,129926.42882364916
2023-10-16 11:15:00,129926.42882364916
2023-10-16 11:30:00,129926.42882364916
2023-10-16 11:45:00,129926.42882364916
2023-10-16 12:00:00,129926.42882364916
2023-10-16 12:15:00,129926.42882364916
2023-10-16 12:30:00,129926.42882364916
2023-10-16 12:45:00,129926.42882364916
2023-10-16 13:00:00,129926.42882364916
2023-10-16 13:15:00,129926.42882364916
2023-10-16 13:30:00,129926.42882364916
2023-10-16 13:45:00,129959.95966682269
2023-10-16 14:00:00,129877.44749391523
2023-10-16 14:15:00,129944.50918026234
2023-10-16 14:30:00,129900.13012312088
2023-10-16 14:45:00,129845.23158576808
2023-10-16 15:00:00,129721.29895952859
2023-10-16 15:15:00,129724.58629709462
2023-10-17 09:15:00,130295.9255660714
2023-10-17 09:30:00,130356.08384352984
2023-10-17 09:45:00,130384.68368035431
2023-10-17 10:00:00,130318.93692903362
2023-10-17 10:15:00,130294.28189728835
2023-10-17 10:30:00,130394.87442680904
2023-10-17 10:45:00,130379.75267400526
2023-10-17 11:00:00,130405.72264077695
2023-10-17 11:15:00,130377.45153770906
2023-10-17 11:30:00,130373.1779988732
2023-10-17 11:45:00,130367.91825876756
2023-10-17 12:00:00,130399.8054331581
2023-10-17 12:15:00,130354.44017474681
2023-10-17 12:30:00,130461.93611315612
2023-10-17 12:45:00,130462.59358066935
2023-10-17 13:00:00,130452.07410045802
2023-10-17 13:15:00,130447.4718278656
2023-10-17 13:30:00,130348.52296712794
2023-10-17 13:45:00,130292.96696226197
2023-10-17 14:00:00,130062.19586512634
2023-10-17 14:15:00,130057.5935925339
2023-10-17 14:30:00,130057.5935925339
2023-10-17 14:45:00,130057.5935925339
2023-10-17 15:00:00,130057.5935925339
2023-10-17 15:15:00,130057.5935925339
2023-10-18 09:15:00,130057.5935925339
2023-10-18 09:30:00,130057.5935925339
2023-10-18 09:45:00,130057.5935925339
2023-10-18 10:00:00,130057.5935925339
2023-10-18 10:15:00,130057.5935925339
2023-10-18 10:30:00,130057.5935925339
2023-10-18 10:45:00,130057.5935925339
2023-10-18 11:00:00,130057.5935925339
2023-10-18 11:15:00,130057.5935925339
2023-10-18 11:30:00,130057.5935925339
2023-10-18 11:45:00,130057.5935925339
2023-10-18 12:00:00,130057.5935925339
2023-10-18 12:15:00,130057.5935925339
2023-10-18 12:30:00,130057.5935925339
2023-10-18 12:45:00,130057.5935925339
2023-10-18 13:00:00,130057.5935925339
2023-10-18 13:15:00,130057.5935925339
2023-10-18 13:30:00,130057.5935925339
2023-10-18 13:45:00,130057.5935925339
2023-10-18 14:00:00,130057.5935925339
2023-10-18 14:15:00,130057.5935925339
2023-10-18 14:30:00,130057.5935925339
2023-10-18 14:45:00,130057.5935925339
2023-10-18 15:00:00,130057.5935925339
2023-10-18 15:15:00,130057.5935925339
2023-10-19 09:15:00,130057.5935925339
2023-10-19 09:30:00,130057.5935925339
2023-10-19 09:45:00,130057.5935925339
2023-10-19 10:00:00,130057.5935925339
2023-10-19 10:15:00,130057.5935925339
2023-10-19 10:30:00,130057.5935925339
2023-10-19 10:45:00,130057.5935925339
2023-10-19 11:00:00,130057.5935925339
2023-10-19 11:15:00,130057.5935925339
2023-10-19 11:30:00,130057.5935925339
2023-10-19 11:45:00,130057.5935925339
2023-10-19 12:00:00,130057.5935925339
2023-10-19 12:15:00,129978.21354456531
2023-10-19 12:30:00,129957.70703217344
2023-10-19 12:45:00,130000.37380795654
2023-10-19 13:00:00,129943.1540233792
2023-10-19 13:15:00,129938.19277038117
2023-10-19 13:30:00,129996.73555575799
2023-10-19 13:45:00,130026.83382394609
2023-10-19 14:00:00,130035.4333291427
2023-10-19 14:15:00,129927.60876398535
2023-10-19 14:30:00,129946.13077517804
2023-10-19 14:45:00,129927.27801378549
2023-10-19 15:00:00,129800.26993703574
2023-10-19 15:15:00,129732.79689626247
2023-10-20 09:15:00,129499.94875555461
2023-10-20 09:30:00,129502.26400695369
2023-10-20 09:45:00,129502.26400695369
2023-10-20 10:00:00,129502.26400695369
2023-10-20 10:15:00,129502.26400695369
2023-10-20 10:30:00,129502.26400695369
2023-10-20 10:45:00,129502.26400695369
2023-10-20 11:00:00,129502.26400695369
2023-10-20 11:15:00,129502.26400695369
2023-10-20 11:30:00,129502.26400695369
2023-10-20 11:45:00,129502.26400695369
2023-10-20 12:00:00,129502.26400695369
2023-10-20 12:15:00,129502.26400695369
2023-10-20 12:30:00,129502.26400695369
2023-10-20 12:45:00,129502.26400695369
2023-10-20 13:00:00,129502.26400695369
2023-10-20 13:15:00,129502.26400695369
2023-10-20 13:30:00,129502.26400695369
2023-10-20 13:45:00,129502.26400695369
2023-10-20 14:00:00,129502.26400695369
2023-10-20 14:15:00,129502.26400695369
2023-10-20 14:30:00,129502.26400695369
2023-10-20 14:45:00,129502.26400695369
2023-10-20 15:00:00,129502.26400695369
2023-10-20 15:15:00,129502.26400695369
2023-10-23 09:15:00,129502.26400695369
2023-10-23 09:30:00,129502.26400695369
2023-10-23 09:45:00,129502.26400695369
2023-10-23 10:00:00,129502.26400695369
2023-10-23 10:15:00,129502.26400695369
2023-10-23 10:30:00,129502.26400695369
2023-10-23 10:45:00,129502.26400695369
2023-10-23 11:00:00,129502.26400695369
2023-10-23 11:15:00,129502.26400695369
2023-10-23 11:30:00,129502.26400695369
2023-10-23 11:45:00,129502.26400695369
2023-10-23 12:00:00,129502.26400695369
2023-10-23 12:15:00,129502.26400695369
2023-10-23 12:30:00,129502.26400695369
2023-10-23 12:45:00,129502.26400695369
2023-10-23 13:00:00,129502.26400695369
2023-10-23 13:15:00,129502.26400695369
2023-10-23 13:30:00,129502.26400695369
2023-10-23 13:45:00,129502.26400695369
2023-10-23 14:00:00,129502.26400695369
2023-10-23 14:15:00,129502.26400695369
2023-10-23 14:30:00,129502.26400695369
2023-10-23 14:45:00,129502.26400695369
2023-10-23 15:00:00,129502.26400695369
2023-10-23 15:15:00,129502.26400695369
2023-10-25 09:15:00,129502.26400695369
2023-10-25 09:30:00,129502.26400695369
2023-10-25 09:45:00,129502.26400695369
2023-10-25 10:00:00,129502.26400695369
2023-10-25 10:15:00,129502.26400695369
2023-10-25 10:30:00,129502.26400695369
2023-10-25 10:45:00,129502.26400695369
2023-10-25 11:00:00,129502.26400695369
2023-10-25 11:15:00,129502.26400695369
2023-10-25 11:30:00,129502.26400695369
2023-10-25 11:45:00,129502.26400695369
2023-10-25 12:00:00,129502.26400695369
2023-10-25 12:15:00,129502.26400695369
2023-10-25 12:30:00,129502.26400695369
2023-10-25 12:45:00,129502.26400695369
2023-10-25 13:00:00,129502.26400695369
2023-10-25 13:15:00,129502.26400695369
2023-10-25 13:30:00,129502.26400695369
2023-10-25 13:45:00,129502.26400695369
2023-10-25 14:00:00,129502.26400695369
2023-10-25 14:15:00,129502.26400695369
2023-10-25 14:30:00,129502.26400695369
2023-10-25 14:45:00,129502.26400695369
2023-10-25 15:00:00,129502.26400695369
2023-10-25 15:15:00,129502.26400695369
2023-10-26 09:15:00,129502.26400695369
2023-10-26 09:30:00,129502.26400695369
2023-10-26 09:45:00,129502.26400695369
2023-10-26 10:00:00,129502.26400695369
2023-10-26 10:15:00,129502.26400695369
2023-10-26 10:30:00,129502.26400695369
2023-10-26 10:45:00,129502.26400695369
2023-10-26 11:00:00,129502.26400695369
2023-10-26 11:15:00,129502.26400695369
2023-10-26 11:30:00,129502.26400695369
2023-10-26 11:45:00,129502.26400695369
2023-10-26 12:00:00,129502.26400695369
2023-10-26 12:15:00,129502.26400695369
2023-10-26 12:30:00,129502.26400695369
2023-10-26 12:45:00,129502.26400695369
2023-10-26 13:00:00,129502.26400695369
2023-10-26 13:15:00,129502.26400695369
2023-10-26 13:30:00,129502.26400695369
2023-10-26 13:45:00,129502.26400695369
2023-10-26 14:00:00,129502.26400695369
2023-10-26 14:15:00,129502.26400695369
2023-10-26 14:30:00,129502.26400695369
2023-10-26 14:45:00,129502.26400695369
2023-10-26 15:00:00,129502.26400695369
2023-10-26 15:15:00,129502.26400695369
2023-10-27 09:15:00,129502.26400695369
2023-10-27 09:30:00,129502.26400695369
2023-10-27 09:45:00,129587.160272741
2023-10-27 10:00:00,129507.03729097385
2023-10-27 10:15:00,129501.9230580951
2023-10-27 10:30:00,129563.9757503573
2023-10-27 10:45:00,129623.98274946802
2023-10-27 11:00:00,129636.93880609421
2023-10-27 11:15:00,129767.86316779032
2023-10-27 11:30:00,129703.76478237659
2023-10-27 11:45:00,129910.37979067826
2023-10-27 12:00:00,129893.33234774908
2023-10-27 12:15:00,129720.13032758862
2023-10-27 12:30:00,129772.97740066907
2023-10-27 12:45:00,129693.87726547765
2023-10-27 13:00:00,129752.17952029544
2023-10-27 13:15:00,129851.3956381433
2023-10-27 13:30:00,129924.35869388016
2023-10-27 13:45:00,130059.37444187928
2023-10-27 14:00:00,129964.9316080516
2023-10-27 14:15:00,129954.70314229409
2023-10-27 14:30:00,130007.20926651597
2023-10-27 14:45:00,130014.36919254622
2023-10-27 15:00:00,129811.84557054755
2023-10-27 15:15:00,129973.11438065761
2023-10-30 09:15:00,129652.9634024476
2023-10-30 09:30:00,129195.75098308698
2023-10-30 09:45:00,129300.08133381356
2023-10-30 10:00:00,129634.8931129427
2023-10-30 10:15:00,129960.49927289005
2023-10-30 10:30:00,130001.0721870615
2023-10-30 10:45:00,130154.4991734241
2023-10-30 11:00:00,130076.08093594987
2023-10-30 11:15:00,130272.46747849406
2023-10-30 11:30:00,130314.7451369584
2023-10-30 11:45:00,130339.63440363502
2023-10-30 12:00:00,130302.4709780494
2023-10-30 12:15:00,130272.12652963545
2023-10-30 12:30:00,130328.72404016035
2023-10-30 12:45:00,130357.70469313997
2023-10-30 13:00:00,130432.37249316975
2023-10-30 13:15:00,130412.59745937191
2023-10-30 13:30:00,130396.57286301847
2023-10-30 13:45:00,130375.77498264489
2023-10-30 14:00:00,130376.11593150347
2023-10-30 14:15:00,130324.97360271594
2023-10-30 14:30:00,130428.28110686678
2023-10-30 14:45:00,130445.66949865453
2023-10-30 15:00:00,130504.31270233092
2023-10-30 15:15:00,130575.57101377487
2023-10-31 09:15:00,130648.87501837035
2023-10-31 09:30:00,130685.01559738023
2023-10-31 09:45:00,130407.1422776346
2023-10-31 10:00:00,130265.3075524638
2023-10-31 10:15:00,130266.33039903957
2023-10-31 10:30:00,130013.34634597054
2023-10-31 10:45:00,130009.9368573847
2023-10-31 11:00:00,130009.9368573847
2023-10-31 11:15:00,130009.9368573847
2023-10-31 11:30:00,130009.9368573847
2023-10-31 11:45:00,130009.9368573847
2023-10-31 12:00:00,130009.9368573847
2023-10-31 12:15:00,130009.9368573847
2023-10-31 12:30:00,130009.9368573847
2023-10-31 12:45:00,130009.9368573847
2023-10-31 13:00:00,130009.9368573847
2023-10-31 13:15:00,130009.9368573847
2023-10-31 13:30:00,130009.9368573847
2023-10-31 13:45:00,130009.9368573847
2023-10-31 14:00:00,130009.9368573847
2023-10-31 14:15:00,130009.9368573847
2023-10-31 14:30:00,129978.6836521095
2023-10-31 14:45:00,129879.14898748297
2023-10-31 15:00:00,129708.95490223423
2023-10-31 15:15:00,129677.361988206
2023-11-01 09:15:00,129569.33460475471
2023-11-01 09:30:00,129573.4111097906
2023-11-01 09:45:00,129573.4111097906
2023-11-01 10:00:00,129573.4111097906
2023-11-01 10:15:00,129573.4111097906
2023-11-01 10:30:00,129573.4111097906
2023-11-01 10:45:00,129573.4111097906
2023-11-01 11:00:00,129573.4111097906
2023-11-01 11:15:00,129573.4111097906
2023-11-01 11:30:00,129573.4111097906
2023-11-01 11:45:00,129573.4111097906
2023-11-01 12:00:00,129573.4111097906
2023-11-01 12:15:00,129573.4111097906
2023-11-01 12:30:00,129573.4111097906
2023-11-01 12:45:00,129573.4111097906
2023-11-01 13:00:00,129573.4111097906
2023-11-01 13:15:00,129573.4111097906
2023-11-01 13:30:00,129573.4111097906
2023-11-01 13:45:00,129573.4111097906
2023-11-01 14:00:00,129573.4111097906
2023-11-01 14:15:00,129573.4111097906
2023-11-01 14:30:00,129573.4111097906
2023-11-01 14:45:00,129573.4111097906
2023-11-01 15:00:00,129573.4111097906
2023-11-01 15:15:00,129573.4111097906
2023-11-02 09:15:00,129573.4111097906
2023-11-02 09:30:00,129573.4111097906
2023-11-02 09:45:00,129573.4111097906
2023-11-02 10:00:00,129573.4111097906
2023-11-02 10:15:00,129573.4111097906
2023-11-02 10:30:00,129573.4111097906
2023-11-02 10:45:00,129573.4111097906
2023-11-02 11:00:00,129573.4111097906
2023-11-02 11:15:00,129487.0414806827
2023-11-02 11:30:00,129327.85039958189
2023-11-02 11:45:00,129225.9003667918
2023-11-02 12:00:00,129244.19040589701
2023-11-02 12:15:00,129346.81784754283
2023-11-02 12:30:00,129374.25290620065
2023-11-02 12:45:00,129394.57517187309
2023-11-02 13:00:00,129471.4610770005
2023-11-02 13:15:00,129374.25290620065
2023-11-02 13:30:00,129469.09014600539
2023-11-02 13:45:00,129603.2170994435
2023-11-02 14:00:00,129559.8629326756
2023-11-02 14:15:00,129478.57386998582
2023-11-02 14:30:00,129463.67087515935
2023-11-02 14:45:00,129605.58803043861
2023-11-02 15:00:00,129523.6215588931
2023-11-02 15:15:00,129688.90931969562
2023-11-03 09:15:00,130391.38230310644
2023-11-03 09:30:00,130402.5595492263
2023-11-03 09:45:00,130407.64011564442
2023-11-03 10:00:00,130502.13865102128
2023-11-03 10:15:00,130462.84893738787
2023-11-03 10:30:00,130437.78480972521
2023-11-03 10:45:00,130539.7348425153
2023-11-03 11:00:00,130526.52536982822
2023-11-03 11:15:00,130427.96238131687
2023-11-03 11:30:00,130407.30141121657
2023-11-03 11:45:00,130339.56052564176
2023-11-03 12:00:00,130371.7374462898
2023-11-03 12:15:00,130384.60821454902
2023-11-03 12:30:00,130414.75290862983
2023-11-03 12:45:00,130421.18829275946
2023-11-03 13:00:00,130427.62367688907
2023-11-03 13:15:00,130463.18764181585
2023-11-03 13:30:00,130460.13930196498
2023-11-03 13:45:00,130411.704568779
2023-11-03 14:00:00,130434.39776544657
2023-11-03 14:15:00,130521.4448034102
2023-11-03 14:30:00,130321.94789539237
2023-11-03 14:45:00,130340.57663892546
2023-11-03 15:00:00,130251.1586699667
2023-11-03 15:15:00,130238.96531056323
2023-11-06 09:15:00,131019.00160795722
2023-11-06 09:30:00,131007.48565740949
2023-11-06 09:45:00,131062.69447915297
2023-11-06 10:00:00,131111.4679167668
2023-11-06 10:15:00,131169.0476695054
2023-11-06 10:30:00,131055.24298173972
2023-11-06 10:45:00,131023.40476551956
2023-11-06 11:00:00,130957.01869765625
2023-11-06 11:15:00,131008.840475121
2023-11-06 11:30:00,131028.14662750982
2023-11-06 11:45:00,131016.29197253422
2023-11-06 12:00:00,131056.59779945124
2023-11-06 12:15:00,131043.72703119201
2023-11-06 12:30:00,131112.82273447834
2023-11-06 12:45:00,131100.96807950275
2023-11-06 13:00:00,131117.90330089646
2023-11-06 13:15:00,131119.59682303583
2023-11-06 13:30:00,131166.33803408244
2023-11-06 13:45:00,131135.85463557378
2023-11-06 14:00:00,131241.1917126426
2023-11-06 14:15:00,131259.14304731996
2023-11-06 14:30:00,131282.51365284325
2023-11-06 14:45:00,131316.38409563067
2023-11-06 15:00:00,131529.0904763356
2023-11-06 15:15:00,131497.5909645433
2023-11-07 09:15:00,131215.7888805521
2023-11-07 09:30:00,131188.69252632218
2023-11-07 09:45:00,131138.9029754247
2023-11-07 10:00:00,131188.3538218943
2023-11-07 10:15:00,131218.49851597508
2023-11-07 10:30:00,131370.23809966265
2023-11-07 10:45:00,131288.9490369729
2023-11-07 11:00:00,131374.30255279716
2023-11-07 11:15:00,131349.23842513448
2023-11-07 11:30:00,131112.14532562264
2023-11-07 11:45:00,131044.06573561997
2023-11-07 12:00:00,131095.21010422896
2023-11-07 12:15:00,131101.64548835857
2023-11-07 12:30:00,131169.72507836125
2023-11-07 12:45:00,131192.75697945667
2023-11-07 13:00:00,131192.4182750288
2023-11-07 13:15:00,131114.85496104564
2023-11-07 13:30:00,131114.1775521899
2023-11-07 13:45:00,131114.1775521899
2023-11-07 14:00:00,131114.1775521899
2023-11-07 14:15:00,131114.1775521899
2023-11-07 14:30:00,131114.1775521899
2023-11-07 14:45:00,131114.1775521899
2023-11-07 15:00:00,131100.6606615064
2023-11-07 15:15:00,131230.0848898009
2023-11-08 09:15:00,131347.68183874732
2023-11-08 09:30:00,131285.16621933613
2023-11-08 09:45:00,131411.21122495976
2023-11-08 10:00:00,131297.66934321838
2023-11-08 10:15:00,131281.78699666527
2023-11-08 10:30:00,131339.2337820701
2023-11-08 10:45:00,131307.4690889639
2023-11-08 11:00:00,131169.25888172514
2023-11-08 11:15:00,131332.81325899545
2023-11-08 11:30:00,131373.70185331302
2023-11-08 11:45:00,131326.73065818785
2023-11-08 12:00:00,131381.474065456
2023-11-08 12:15:00,131355.79197315735
2023-11-08 12:30:00,131321.32390191444
2023-11-08 12:45:00,131367.28133023833
2023-11-08 13:00:00,131438.58292859377
2023-11-08 13:15:00,131470.3476217
2023-11-08 13:30:00,131481.1611342468
2023-11-08 13:45:00,131530.15986297445
2023-11-08 14:00:00,131393.63926707115
2023-11-08 14:15:00,131321.6618241815
2023-11-08 14:30:00,131278.7456962614
2023-11-08 14:45:00,131339.23378207005
2023-11-08 15:00:00,131447.03098527095
2023-11-08 15:15:00,131360.1849626295
2023-11-09 09:15:00,131389.92212213317
2023-11-09 09:30:00,131299.35895455375
2023-11-09 09:45:00,131367.28133023833
2023-11-09 10:00:00,131435.8795504571
2023-11-09 10:15:00,131283.13868573355
2023-11-09 10:30:00,131275.02855132343
2023-11-09 10:45:00,131311.1862339018
2023-11-09 11:00:00,131328.08234725616
2023-11-09 11:15:00,131469.3338548987
2023-11-09 11:30:00,131454.80319741394
2023-11-09 11:45:00,131484.87827918472
2023-11-09 12:00:00,131420.335126171
2023-11-09 12:15:00,131365.92964116993
2023-11-09 12:30:00,131373.02600877878
2023-11-09 12:45:00,131356.8057399586
2023-11-09 13:00:00,131321.9997464486
2023-11-09 13:15:00,131340.58547113842
2023-11-09 13:30:00,131251.71191489443
2023-11-09 13:45:00,131255.4290598324
2023-11-09 14:00:00,131255.4290598324
2023-11-09 14:15:00,131255.4290598324
2023-11-09 14:30:00,131255.4290598324
2023-11-09 14:45:00,131255.4290598324
2023-11-09 15:00:00,131255.4290598324
2023-11-09 15:15:00,131255.4290598324
2023-11-10 09:15:00,131255.4290598324
2023-11-10 09:30:00,131255.4290598324
2023-11-10 09:45:00,131255.4290598324
2023-11-10 10:00:00,131255.4290598324
2023-11-10 10:15:00,131255.4290598324
2023-11-10 10:30:00,131255.4290598324
2023-11-10 10:45:00,131255.4290598324
2023-11-10 11:00:00,131255.4290598324
2023-11-10 11:15:00,131255.4290598324
2023-11-10 11:30:00,131279.14210458833
2023-11-10 11:45:00,131256.10657539684
2023-11-10 12:00:00,131336.73092756709
2023-11-10 12:15:00,131295.06372035306
2023-11-10 12:30:00,131415.6614908262
2023-11-10 12:45:00,131426.16298207524
2023-11-10 13:00:00,131380.43068147448
2023-11-10 13:15:00,131426.5017398575
2023-11-10 13:30:00,131498.65714747205
2023-11-10 13:45:00,131380.09192369226
2023-11-10 14:00:00,131382.12447038564
2023-11-10 14:15:00,131267.28558221034
2023-11-10 14:30:00,131292.35365809524
2023-11-10 14:45:00,131431.58310659093
2023-11-10 15:00:00,131610.1084578251
2023-11-10 15:15:00,131732.40001720938
2023-11-12 18:15:00,132390.26763029612
2023-11-12 18:30:00,132360.1181876778
2023-11-12 18:45:00,132308.28824699693
2023-11-12 19:00:00,132266.62103978288
2023-11-13 09:15:00,131767.6308265611
2023-11-13 09:30:00,131741.88523511175
2023-11-13 09:45:00,131865.53182562496
2023-11-13 10:00:00,131908.55406396792
2023-11-13 10:15:00,131623.99752689642
2023-11-13 10:30:00,131623.6587691142
2023-11-13 10:45:00,131623.6587691142
2023-11-13 11:00:00,131623.6587691142
2023-11-13 11:15:00,131623.6587691142
2023-11-13 11:30:00,131623.6587691142
2023-11-13 11:45:00,131623.6587691142
2023-11-13 12:00:00,131623.6587691142
2023-11-13 12:15:00,131623.6587691142
2023-11-13 12:30:00,131615.19696774505
2023-11-13 12:45:00,131615.8739118546
2023-11-13 13:00:00,131598.9503091163
2023-11-13 13:15:00,131653.10583787883
2023-11-13 13:30:00,131625.35112938803
2023-11-13 13:45:00,131641.25931596206
2023-11-13 14:00:00,131701.84581376513
2023-11-13 14:15:00,131694.39942856028
2023-11-13 14:30:00,131672.06027294573
2023-11-13 14:45:00,131653.4443099336
2023-11-13 15:00:00,131607.41211048546
2023-11-13 15:15:00,131598.9503091163
2023-11-15 09:15:00,132874.98995558344
2023-11-15 09:30:00,132842.15816627114
2023-11-15 09:45:00,132906.46785667664
2023-11-15 10:00:00,132887.51342160976
2023-11-15 10:15:00,132875.66689969297
2023-11-15 10:30:00,132895.2982788694
2023-11-15 10:45:00,132820.15748271137
2023-11-15 11:00:00,132841.48122216162
2023-11-15 11:15:00,132805.9416564112
2023-11-15 11:30:00,132798.83374326112
2023-11-15 11:45:00,132836.06566928537
2023-11-15 12:00:00,132895.2982788694
2023-11-15 12:15:00,132936.9303416056
2023-11-15 12:30:00,132925.0838196888
2023-11-15 12:45:00,132925.76076379835
2023-11-15 13:00:00,133030.34862872097
2023-11-15 13:15:00,133163.02967418917
2023-11-15 13:30:00,133100.07387200271
2023-11-15 13:45:00,133068.5959709095
2023-11-15 14:00:00,133080.4424928263
2023-11-15 14:15:00,133078.4116604977
2023-11-15 14:30:00,133147.4599596699
2023-11-15 14:45:00,132994.132118861
2023-11-15 15:00:00,133205.0002089801
2023-11-15 15:15:00,133200.9385443229
2023-11-16 09:15:00,132967.05435447974
2023-11-16 09:30:00,133334.9734780102
2023-11-16 09:45:00,133319.40376349096
2023-11-16 10:00:00,133451.0693927949
2023-11-16 10:15:00,133426.360932797
2023-11-16 10:30:00,133480.17798950477
2023-11-16 10:45:00,133450.3924486854
2023-11-16 11:00:00,134004.47120233704
2023-11-16 11:15:00,133944.90012069826
2023-11-16 11:30:00,133955.05428234124
2023-11-16 11:45:00,134026.4718858968
2023-11-16 12:00:00,134041.3646563065
2023-11-16 12:15:00,134067.76547657824
2023-11-16 12:30:00,134103.9819864382
2023-11-16 12:45:00,134098.56643356194
2023-11-16 13:00:00,134059.64214726386
2023-11-16 13:15:00,134035.61063137546
2023-11-16 13:30:00,134079.9504705498
2023-11-16 13:45:00,134122.59794945028
2023-11-16 14:00:00,134154.0758505435
2023-11-16 14:15:00,134350.05117025293
2023-11-16 14:30:00,134432.97682367056
2023-11-16 14:45:00,134343.95867326716
2023-11-16 15:00:00,133565.47294730577
2023-11-16 15:15:00,133771.9409007129
2023-11-17 09:15:00,133776.6795094796
2023-11-17 09:30:00,133894.46778453814
2023-11-17 09:45:00,133987.88607165348
2023-11-17 10:00:00,133890.7445919357
2023-11-17 10:15:00,133927.2995738504
2023-11-17 10:30:00,134031.88743877306
2023-11-17 10:45:00,133965.54691603896
2023-11-17 11:00:00,133801.04949742276
2023-11-17 11:15:00,133805.11116207996
2023-11-17 11:30:00,133805.11116207996
2023-11-17 11:45:00,133805.11116207996
2023-11-17 12:00:00,133805.11116207996
2023-11-17 12:15:00,133805.11116207996
2023-11-17 12:30:00,133805.11116207996
2023-11-17 12:45:00,133805.11116207996
2023-11-17 13:00:00,133805.11116207996
2023-11-17 13:15:00,133805.11116207996
2023-11-17 13:30:00,133805.11116207996
2023-11-17 13:45:00,133805.11116207996
2023-11-17 14:00:00,133805.11116207996
2023-11-17 14:15:00,133805.11116207996
2023-11-17 14:30:00,133805.11116207996
2023-11-17 14:45:00,133805.11116207996
2023-11-17 15:00:00,133805.11116207996
2023-11-17 15:15:00,133805.11116207996
2023-11-20 09:15:00,133805.11116207996
2023-11-20 09:30:00,133805.11116207996
2023-11-20 09:45:00,133805.11116207996
2023-11-20 10:00:00,133805.11116207996
2023-11-20 10:15:00,133805.11116207996
2023-11-20 10:30:00,133805.11116207996
2023-11-20 10:45:00,133805.11116207996
2023-11-20 11:00:00,133805.11116207996
2023-11-20 11:15:00,133805.11116207996
2023-11-20 11:30:00,133805.11116207996
2023-11-20 11:45:00,133805.11116207996
2023-11-20 12:00:00,133805.11116207996
2023-11-20 12:15:00,133805.11116207996
2023-11-20 12:30:00,133805.11116207996
2023-11-20 12:45:00,133805.11116207996
2023-11-20 13:00:00,133805.11116207996
2023-11-20 13:15:00,133805.11116207996
2023-11-20 13:30:00,133805.11116207996
2023-11-20 13:45:00,133805.11116207996
2023-11-20 14:00:00,133805.11116207996
2023-11-20 14:15:00,133805.11116207996
2023-11-20 14:30:00,133805.11116207996
2023-11-20 14:45:00,133805.11116207996
2023-11-20 15:00:00,133805.11116207996
2023-11-20 15:15:00,133805.11116207996
2023-11-21 09:15:00,133805.11116207996
2023-11-21 09:30:00,133883.25570689622
2023-11-21 09:45:00,133768.91433829063
2023-11-21 10:00:00,133738.46841173884
2023-11-21 10:15:00,133806.80260244393
2023-11-21 10:30:00,133821.68727764703
2023-11-21 10:45:00,133790.22648687684
2023-11-21 11:00:00,133806.46431437114
2023-11-21 11:15:00,133836.23366477733
2023-11-21 11:30:00,133834.54222441334
2023-11-21 11:45:00,133860.25211794596
2023-11-21 12:00:00,133946.85386458217
2023-11-21 12:15:00,134076.75648453648
2023-11-21 12:30:00,133982.03582415314
2023-11-21 12:45:00,134021.61552867043
2023-11-21 13:00:00,133798.6836886968
2023-11-21 13:15:00,133905.92100777366
2023-11-21 13:30:00,133969.5191654596
2023-11-21 13:45:00,133955.31106640212
2023-11-21 14:00:00,133926.8948682871
2023-11-21 14:15:00,133861.94355830998
2023-11-21 14:30:00,133887.9917399154
2023-11-21 14:45:00,133850.10347576207
2023-11-21 15:00:00,133851.45662805325
2023-11-21 15:15:00,133832.17420790376
2023-11-22 09:15:00,133889.00660413376
2023-11-22 09:30:00,133996.58221128338
2023-11-22 09:45:00,134022.9686809616
2023-11-22 10:00:00,134070.66729922607
2023-11-22 10:15:00,134007.40742961294
2023-11-22 10:30:00,134036.8384919463
2023-11-22 10:45:00,133966.81286087722
2023-11-22 11:00:00,133954.63449025652
2023-11-22 11:15:00,133918.77595453995
2023-11-22 11:30:00,133889.00660413376
2023-11-22 11:45:00,133755.72110345148
2023-11-22 12:00:00,133661.67701921373
2023-11-22 12:15:00,133658.29413848577
2023-11-22 12:30:00,133658.29413848577
2023-11-22 12:45:00,133658.29413848577
2023-11-22 13:00:00,133658.29413848577
2023-11-22 13:15:00,133658.29413848577
2023-11-22 13:30:00,133658.29413848577
2023-11-22 13:45:00,133658.29413848577
2023-11-22 14:00:00,133658.29413848577
2023-11-22 14:15:00,133658.29413848577
2023-11-22 14:30:00,133658.29413848577
2023-11-22 14:45:00,133658.29413848577
2023-11-22 15:00:00,133687.30994890077
2023-11-22 15:15:00,133679.2125134361
2023-11-23 09:15:00,134004.79689774415
2023-11-23 09:30:00,134063.84069800726
2023-11-23 09:45:00,133905.94070644648
2023-11-23 10:00:00,133854.31955535928
2023-11-23 10:15:00,133828.00289009916
2023-11-23 10:30:00,133628.26614863763
2023-11-23 10:45:00,133647.83495101056
2023-11-23 11:00:00,133668.41593281654
2023-11-23 11:15:00,133695.74477750974
2023-11-23 11:30:00,133617.13217487372
2023-11-23 11:45:00,133616.79478172935
2023-11-23 12:00:00,133616.79478172935
2023-11-23 12:15:00,133616.79478172935
2023-11-23 12:30:00,133616.79478172935
2023-11-23 12:45:00,133616.79478172935
2023-11-23 13:00:00,133616.79478172935
2023-11-23 13:15:00,133616.79478172935
2023-11-23 13:30:00,133616.79478172935
2023-11-23 13:45:00,133616.79478172935
2023-11-23 14:00:00,133616.79478172935
2023-11-23 14:15:00,133616.79478172935
2023-11-23 14:30:00,133616.79478172935
2023-11-23 14:45:00,133616.79478172935
2023-11-23 15:00:00,133616.79478172935
2023-11-23 15:15:00,133616.79478172935
2023-11-24 09:15:00,133616.79478172935
2023-11-24 09:30:00,133616.79478172935
2023-11-24 09:45:00,133616.79478172935
2023-11-24 10:00:00,133616.79478172935
2023-11-24 10:15:00,133616.79478172935
2023-11-24 10:30:00,133616.79478172935
2023-11-24 10:45:00,133616.79478172935
2023-11-24 11:00:00,133616.79478172935
2023-11-24 11:15:00,133616.79478172935
2023-11-24 11:30:00,133616.79478172935
2023-11-24 11:45:00,133616.79478172935
2023-11-24 12:00:00,133616.79478172935
2023-11-24 12:15:00,133616.79478172935
2023-11-24 12:30:00,133616.79478172935
2023-11-24 12:45:00,133616.79478172935
2023-11-24 13:00:00,133616.79478172935
2023-11-24 13:15:00,133616.79478172935
2023-11-24 13:30:00,133616.79478172935
2023-11-24 13:45:00,133616.79478172935
2023-11-24 14:00:00,133616.79478172935
2023-11-24 14:15:00,133616.79478172935
2023-11-24 14:30:00,133616.79478172935
2023-11-24 14:45:00,133616.79478172935
2023-11-24 15:00:00,133616.79478172935
2023-11-24 15:15:00,133616.79478172935
2023-11-28 09:15:00,133616.79478172935
2023-11-28 09:30:00,133616.79478172935
2023-11-28 09:45:00,133616.79478172935
2023-11-28 10:00:00,133616.79478172935
2023-11-28 10:15:00,133616.79478172935
2023-11-28 10:30:00,133616.79478172935
2023-11-28 10:45:00,133630.95417442152
2023-11-28 11:00:00,133651.1818782675
2023-11-28 11:15:00,133613.76062615245
2023-11-28 11:30:00,133646.12495230598
2023-11-28 11:45:00,133703.09965147215
2023-11-28 12:00:00,133738.16100480518
2023-11-28 12:15:00,133732.76695044624
2023-11-28 12:30:00,133740.85803198462
2023-11-28 12:45:00,133693.66005634403
2023-11-28 13:00:00,133680.51204884416
2023-11-28 13:15:00,133659.61008820334
2023-11-28 13:30:00,133675.79225128013
2023-11-28 13:45:00,133625.56012006264
2023-11-28 14:00:00,133658.59870301106
2023-11-28 14:15:00,133977.52216698253
2023-11-28 14:30:00,134015.61767589243
2023-11-28 14:45:00,133957.9687199314
2023-11-28 15:00:00,134151.1432916604
2023-11-28 15:15:00,134234.07687742886
2023-11-29 09:15:00,134750.89471069336
2023-11-29 09:30:00,134891.47725242286
2023-11-29 09:45:00,134860.7985682565
2023-11-29 10:00:00,134947.1034379993
2023-11-29 10:15:00,134920.4702946021
2023-11-29 10:30:00,134861.47282505137
2023-11-29 10:45:00,134898.556948769
2023-11-29 11:00:00,134902.26536114074
2023-11-29 11:15:00,134965.98262825556
2023-11-29 11:30:00,135044.5335448574
2023-11-29 11:45:00,135020.26030024223
2023-11-29 12:00:00,135059.70432274186
2023-11-29 12:15:00,135091.0572637031
2023-11-29 12:30:00,135094.09141927998
2023-11-29 12:45:00,135101.84537242097
2023-11-29 13:00:00,135145.33493568978
2023-11-29 13:15:00,135139.6037529334
2023-11-29 13:30:00,135232.9883190223
2023-11-29 13:45:00,135267.37541556044
2023-11-29 14:00:00,135289.625889791
2023-11-29 14:15:00,135350.30900132892
2023-11-29 14:30:00,135409.9807276745
2023-11-29 14:45:00,135406.27231530275
2023-11-29 15:00:00,135538.42664709644
2023-11-29 15:15:00,135499.99400978908
2023-11-30 09:15:00,135605.51519818555
2023-11-30 09:30:00,135677.9978036336
2023-11-30 09:45:00,135168.93392351005
2023-11-30 10:00:00,135170.6195654972
2023-11-30 10:15:00,135164.88838274087
2023-11-30 10:30:00,135516.17617286585
2023-11-30 10:45:00,135367.16542120057
2023-11-30 11:00:00,135295.01994414994
2023-11-30 11:15:00,135294.68281575252
2023-11-30 11:30:00,135256.5873068426
2023-11-30 11:45:00,135257.26156363747
2023-11-30 12:00:00,135257.26156363747
2023-11-30 12:15:00,135257.26156363747
2023-11-30 12:30:00,135257.26156363747
2023-11-30 12:45:00,135257.26156363747
2023-11-30 13:00:00,135257.26156363747
2023-11-30 13:15:00,135257.26156363747
2023-11-30 13:30:00,135257.26156363747
2023-11-30 13:45:00,135257.26156363747
2023-11-30 14:00:00,135257.26156363747
2023-11-30 14:15:00,135257.26156363747
2023-11-30 14:30:00,135257.26156363747
2023-11-30 14:45:00,135257.26156363747
2023-11-30 15:00:00,135257.26156363747
2023-11-30 15:15:00,135216.28123276582
2023-12-01 09:15:00,135881.707752903
2023-12-01 09:30:00,135837.36837851728
2023-12-01 09:45:00,136071.15780709652
2023-12-01 10:00:00,136099.3737726147
2023-12-01 10:15:00,136114.15356407658
2023-12-01 10:30:00,136116.16899018502
2023-12-01 10:45:00,136130.27697294412
2023-12-01 11:00:00,136129.2692598899
2023-12-01 11:15:00,136242.13312196266
2023-12-01 11:30:00,136211.90173033605
2023-12-01 11:45:00,136253.21796555907
2023-12-01 12:00:00,136164.53921678764
2023-12-01 12:15:00,136211.2299216332
2023-12-01 12:30:00,136224.66609568946
2023-12-01 12:45:00,136225.3379043923
2023-12-01 13:00:00,136224.66609568946
2023-12-01 13:15:00,136191.41156490016
2023-12-01 13:30:00,136209.88630422755
2023-12-01 13:45:00,136223.99428698665
2023-12-01 14:00:00,136187.04480833188
2023-12-01 14:15:00,136156.81341670523
2023-12-01 14:30:00,136042.94184157826
2023-12-01 14:45:00,136151.7748514341
2023-12-01 15:00:00,136157.82112975942
2023-12-01 15:15:00,136079.89132023303
2023-12-04 09:15:00,138153.09297711682
2023-12-04 09:30:00,138190.378360123
2023-12-04 09:45:00,138112.44855059657
2023-12-04 10:00:00,138027.80065404202
2023-12-04 10:15:00,138040.56501939546
2023-12-04 10:30:00,138027.12884533918
2023-12-04 10:45:00,138090.6147677551
2023-12-04 11:00:00,138212.21214296442
2023-12-04 11:15:00,138148.7262205485
2023-12-04 11:30:00,138219.60203869536
2023-12-04 11:45:00,138214.89937777567
2023-12-04 12:00:00,138276.03396973177
2023-12-04 12:15:00,138244.7948650509
2023-12-04 12:30:00,138267.97226529798
2023-12-04 12:45:00,138300.55498738444
2023-12-04 13:00:00,138307.60897876398
2023-12-04 13:15:00,138450.70423246338
2023-12-04 13:30:00,138496.38722425472
2023-12-04 13:45:00,138470.52258919636
2023-12-04 14:00:00,138672.06520004055
2023-12-04 14:15:00,138714.05324396642
2023-12-04 14:30:00,138857.4844020172
2023-12-04 14:45:00,138939.7809681119
2023-12-04 15:00:00,138918.61899397324
2023-12-04 15:15:00,138975.72273371244
2023-12-05 09:15:00,139398.62631213383
2023-12-05 09:30:00,139581.69418365063
2023-12-05 09:45:00,139571.61705310844
2023-12-05 10:00:00,139782.9008901434
2023-12-05 10:15:00,139917.59853505762
2023-12-05 10:30:00,140003.2541446664
2023-12-05 10:45:00,140023.40840575082
2023-12-05 11:00:00,139886.02352602535
2023-12-05 11:15:00,139726.13305475563
2023-12-05 11:30:00,139336.81991147494
2023-12-05 11:45:00,139486.96915655385
2023-12-05 12:00:00,139579.67875754216
2023-12-05 12:15:00,139600.5048273294
2023-12-05 12:30:00,139595.8021664097
2023-12-05 12:45:00,139785.25222060326
2023-12-05 13:00:00,139749.6463593541
2023-12-05 13:15:00,139757.70806378787
2023-12-05 13:30:00,139863.85383883247
2023-12-05 13:45:00,139774.50328135822
2023-12-05 14:00:00,139822.87350796085
2023-12-05 14:15:00,139798.68839465952
2023-12-05 14:30:00,139859.15117791278
2023-12-05 14:45:00,139983.43578793335
2023-12-05 15:00:00,140124.17971117288
2023-12-05 15:15:00,140117.12571979334
2023-12-06 09:15:00,140635.09022966286
2023-12-06 09:30:00,140609.89740330735
2023-12-06 09:45:00,140600.49208146796
2023-12-06 10:00:00,140399.957183678
2023-12-06 10:15:00,140401.30080108365
2023-12-06 10:30:00,140434.55533187295
2023-12-06 10:45:00,140672.71151702048
2023-12-06 11:00:00,140589.07133352014
2023-12-06 11:15:00,140590.07904657436
2023-12-06 11:30:00,140669.68837785782
2023-12-06 11:45:00,140609.56149895597
2023-12-06 12:00:00,140612.92054247003
2023-12-06 12:15:00,140511.14152399372
2023-12-06 12:30:00,140382.49015740486
2023-12-06 12:45:00,140437.24256668417
2023-12-06 13:00:00,140229.3177731633
2023-12-06 13:15:00,140231.66910362314
2023-12-06 13:30:00,140231.66910362314
2023-12-06 13:45:00,140231.66910362314
2023-12-06 14:00:00,140231.66910362314
2023-12-06 14:15:00,140231.66910362314
2023-12-06 14:30:00,140324.09355533592
2023-12-06 14:45:00,140336.48378980465
2023-12-06 15:00:00,140239.7060124677
2023-12-06 15:15:00,140216.59989953955
2023-12-07 09:15:00,139652.6767956108
2023-12-07 09:30:00,139835.51647182522
2023-12-07 09:45:00,139812.410358897
2023-12-07 10:00:00,139776.5791402982
2023-12-07 10:15:00,139814.41958610812
2023-12-07 10:30:00,139983.1946718445
2023-12-07 10:45:00,140036.77406414176
2023-12-07 11:00:00,140156.99282560876
2023-12-07 11:15:00,140014.67256481914
2023-12-07 11:30:00,140013.3330800117
2023-12-07 11:45:00,140013.3330800117
2023-12-07 12:00:00,140013.3330800117
2023-12-07 12:15:00,140013.3330800117
2023-12-07 12:30:00,140013.3330800117
2023-12-07 12:45:00,140013.3330800117
2023-12-07 13:00:00,140013.3330800117
2023-12-07 13:15:00,140013.3330800117
2023-12-07 13:30:00,140013.3330800117
2023-12-07 13:45:00,140013.3330800117
2023-12-07 14:00:00,140013.3330800117
2023-12-07 14:15:00,140013.3330800117
2023-12-07 14:30:00,140013.3330800117
2023-12-07 14:45:00,140013.3330800117
2023-12-07 15:00:00,140013.3330800117
2023-12-07 15:15:00,140013.3330800117
2023-12-08 09:15:00,140013.3330800117
2023-12-08 09:30:00,140013.3330800117
2023-12-08 09:45:00,140135.49944289823
2023-12-08 10:00:00,140137.8359580354
2023-12-08 10:15:00,140171.21474570932
2023-12-08 10:30:00,140145.51307920043
2023-12-08 10:45:00,140041.03747378106
2023-12-08 11:00:00,139895.83974739953
2023-12-08 11:15:00,139976.95020144715
2023-12-08 11:30:00,140027.6859587115
2023-12-08 11:45:00,140021.01020117672
2023-12-08 12:00:00,139974.27989843325
2023-12-08 12:15:00,139901.18035342736
2023-12-08 12:30:00,139708.25096067216
2023-12-08 12:45:00,139716.2618697139
2023-12-08 13:00:00,139716.2618697139
2023-12-08 13:15:00,139716.2618697139
2023-12-08 13:30:00,139716.2618697139
2023-12-08 13:45:00,139716.2618697139
2023-12-08 14:00:00,139716.2618697139
2023-12-08 14:15:00,139716.2618697139
2023-12-08 14:30:00,139716.2618697139
2023-12-08 14:45:00,139716.2618697139
2023-12-08 15:00:00,139716.2618697139
2023-12-08 15:15:00,139677.6329164419
2023-12-11 09:15:00,139703.60755743514
2023-12-11 09:30:00,139723.255042289
2023-12-11 09:45:00,139897.08533201294
2023-12-11 10:00:00,139938.04534281
2023-12-11 10:15:00,140000.65088776802
2023-12-11 10:30:00,139644.33209465575
2023-12-11 10:45:00,139721.59000119971
2023-12-11 11:00:00,139924.7250140955
2023-12-11 11:15:00,139821.4924665583
2023-12-11 11:30:00,139853.79426369088
2023-12-11 11:45:00,139776.86936536478
2023-12-11 12:00:00,139765.8800941753
2023-12-11 12:15:00,139647.32916861647
2023-12-11 12:30:00,139682.62803970985
2023-12-11 12:45:00,139727.9171573391
2023-12-11 13:00:00,139744.5675682322
2023-12-11 13:15:00,139751.2277325894
2023-12-11 13:30:00,139806.50709675447
2023-12-11 13:45:00,139730.24821486408
2023-12-11 14:00:00,139812.83425289384
2023-12-11 14:15:00,139758.8869216002
2023-12-11 14:30:00,139826.82059804405
2023-12-11 14:45:00,139835.81181992634
2023-12-11 15:00:00,139867.11459240536
2023-12-11 15:15:00,139815.49831863676
2023-12-12 09:15:00,140095.89123807653
2023-12-12 09:30:00,140006.97804390738
2023-12-12 09:45:00,140055.59724371522
2023-12-12 10:00:00,139889.09313478426
2023-12-12 10:15:00,139819.49441725112
2023-12-12 10:30:00,139875.4397978519
2023-12-12 10:45:00,139887.09508547708
2023-12-12 11:00:00,139968.68209885326
2023-12-12 11:15:00,139858.78938695882
2023-12-12 11:30:00,139865.1165430982
2023-12-12 11:45:00,139908.0746032024
2023-12-12 12:00:00,139950.6996550887
2023-12-12 12:15:00,139932.3842031063
2023-12-12 12:30:00,139775.2043242755
2023-12-12 12:45:00,139597.71094415506
2023-12-12 13:00:00,139628.34770019838
2023-12-12 13:15:00,139658.65144802383
2023-12-12 13:30:00,139663.64657129176
2023-12-12 13:45:00,139549.4247525651
2023-12-12 14:00:00,139537.76946493992
2023-12-12 14:15:00,139537.76946493992
2023-12-12 14:30:00,139537.76946493992
2023-12-12 14:45:00,139537.76946493992
2023-12-12 15:00:00,139537.76946493992
2023-12-12 15:15:00,139537.76946493992
2023-12-13 09:15:00,139537.76946493992
2023-12-13 09:30:00,139537.76946493992
2023-12-13 09:45:00,139537.76946493992
2023-12-13 10:00:00,139537.76946493992
2023-12-13 10:15:00,139537.76946493992
2023-12-13 10:30:00,139537.76946493992
2023-12-13 10:45:00,139537.76946493992
2023-12-13 11:00:00,139537.76946493992
2023-12-13 11:15:00,139537.76946493992
2023-12-13 11:30:00,139537.76946493992
2023-12-13 11:45:00,139537.76946493992
2023-12-13 12:00:00,139537.76946493992
2023-12-13 12:15:00,139537.76946493992
2023-12-13 12:30:00,139537.76946493992
2023-12-13 12:45:00,139537.76946493992
2023-12-13 13:00:00,139537.76946493992
2023-12-13 13:15:00,139537.76946493992
2023-12-13 13:30:00,139537.76946493992
2023-12-13 13:45:00,139568.52637951705
2023-12-13 14:00:00,139638.0637516045
2023-12-13 14:15:00,139588.91955113888
2023-12-13 14:30:00,139449.17617838626
2023-12-13 14:45:00,139613.3244942272
2023-12-13 15:00:00,139905.18086842107
2023-12-13 15:15:00,139993.77415497476
2023-12-14 09:15:00,141274.8665099699
2023-12-14 09:30:00,141330.0283676354
2023-12-14 09:45:00,141649.96714209532
2023-12-14 10:00:00,141535.6316552977
2023-12-14 10:15:00,141521.59045516467
2023-12-14 10:30:00,141358.44508219033
2023-12-14 10:45:00,141488.49334056536
2023-12-14 11:00:00,141509.55514076492
2023-12-14 11:15:00,141465.4256546325
2023-12-14 11:30:00,141612.18962745162
2023-12-14 11:45:00,141478.79822618776
2023-12-14 12:00:00,141458.40505456598
2023-12-14 12:15:00,141517.2443694092
2023-12-14 12:30:00,141497.85414065406
2023-12-14 12:45:00,141549.33854114186
2023-12-14 13:00:00,141603.16314165186
2023-12-14 13:15:00,141736.22022862683
2023-12-14 13:30:00,141794.0566006034
2023-12-14 13:45:00,141744.24377156
2023-12-14 14:00:00,141715.82705700505
2023-12-14 14:15:00,141706.1319426275
2023-12-14 14:30:00,141711.14665696071
2023-12-14 14:45:00,141556.02482691954
2023-12-14 15:00:00,141567.05719845265
2023-12-14 15:15:00,141717.49862844948
2023-12-15 09:15:00,142108.31203215235
2023-12-15 09:30:00,142053.81880306458
2023-12-15 09:45:00,142335.64574859198
2023-12-15 10:00:00,142596.4108939198
2023-12-15 10:15:00,142702.38852349532
2023-12-15 10:30:00,142522.5274360769
2023-12-15 10:45:00,142506.48035021056
2023-12-15 11:00:00,142500.4626930107
2023-12-15 11:15:00,142511.1607502549
2023-12-15 11:30:00,142611.45503691945
2023-12-15 11:45:00,142522.52743607687
2023-12-15 12:00:00,142492.1048357886
2023-12-15 12:15:00,142599.41972251967
2023-12-15 12:30:00,142638.86880860772
2023-12-15 12:45:00,142610.45209405277
2023-12-15 13:00:00,142561.9765221649
2023-12-15 13:15:00,142567.9941793648
2023-12-15 13:30:00,142668.62278031823
2023-12-15 13:45:00,142831.09952471478
2023-12-15 14:00:00,142622.8217227414
2023-12-15 14:15:00,142727.4620951614
2023-12-15 14:30:00,142805.35732447088
2023-12-15 14:45:00,143096.21075579806
2023-12-15 15:00:00,143476.99473083447
2023-12-15 15:15:00,143412.1377587914
2023-12-18 09:15:00,143501.73398821172
2023-12-18 09:30:00,143328.22487228207
2023-12-18 09:45:00,143304.15424348257
2023-12-18 10:00:00,143485.68690234542
2023-12-18 10:15:00,143581.6351032545
2023-12-18 10:30:00,143452.25547345725
2023-12-18 10:45:00,143505.07713110055
2023-12-18 11:00:00,143554.2213315662
2023-12-18 11:15:00,143578.62627465453
2023-12-18 11:30:00,143599.6880748541
2023-12-18 11:45:00,143417.82110170237
2023-12-18 12:00:00,143489.69867381197
2023-12-18 12:15:00,143277.40910037202
2023-12-18 12:30:00,143416.14953025797
2023-12-18 12:45:00,143314.18367214903
2023-12-18 13:00:00,143204.19427110688
2023-12-18 13:15:00,143198.8452424848
2023-12-18 13:30:00,143198.8452424848
2023-12-18 13:45:00,143198.8452424848
2023-12-18 14:00:00,143198.8452424848
2023-12-18 14:15:00,143198.8452424848
2023-12-18 14:30:00,143198.8452424848
2023-12-18 14:45:00,143198.8452424848
2023-12-18 15:00:00,143198.8452424848
2023-12-18 15:15:00,143198.8452424848
2023-12-19 09:15:00,143198.8452424848
2023-12-19 09:30:00,143198.8452424848
2023-12-19 09:45:00,143198.8452424848
2023-12-19 10:00:00,143198.8452424848
2023-12-19 10:15:00,143198.8452424848
2023-12-19 10:30:00,143198.8452424848
2023-12-19 10:45:00,143198.8452424848
2023-12-19 11:00:00,143198.8452424848
2023-12-19 11:15:00,143198.8452424848
2023-12-19 11:30:00,143198.8452424848
2023-12-19 11:45:00,143198.8452424848
2023-12-19 12:00:00,143147.42494690025
2023-12-19 12:15:00,143232.90284085897
2023-12-19 12:30:00,143370.80272447207
2023-12-19 12:45:00,143383.49084935657
2023-12-19 13:00:00,143321.71971505048
2023-12-19 13:15:00,143278.64687004784
2023-12-19 13:30:00,143360.45188575055
2023-12-19 13:45:00,143408.19930307902
2023-12-19 14:00:00,143449.60265796527
2023-12-19 14:15:00,143488.66872668863
2023-12-19 14:30:00,143503.36023971275
2023-12-19 14:45:00,143120.3792070149
2023-12-19 15:00:00,143267.29433725646
2023-12-19 15:15:00,143215.54014364866
2023-12-20 09:15:00,144004.8750706737
2023-12-20 09:30:00,144110.0529480057
2023-12-20 09:45:00,144037.26317893146
2023-12-20 10:00:00,143949.7818968331
2023-12-20 10:15:00,143926.40903520375
2023-12-20 10:30:00,144041.93775125733
2023-12-20 10:45:00,144100.36990533065
2023-12-20 11:00:00,144010.55133706934
2023-12-20 11:15:00,143891.01584473645
2023-12-20 11:30:00,143717.38887263282
2023-12-20 11:45:00,143741.76342833196
2023-12-20 12:00:00,143767.80747414753
2023-12-20 12:15:00,143637.92114309306
2023-12-20 12:30:00,143637.92114309306
2023-12-20 12:45:00,143637.92114309306
2023-12-20 13:00:00,143637.92114309306
2023-12-20 13:15:00,143637.92114309306
2023-12-20 13:30:00,143637.92114309306
2023-12-20 13:45:00,143637.92114309306
2023-12-20 14:00:00,143637.92114309306
2023-12-20 14:15:00,143637.92114309306
2023-12-20 14:30:00,143637.92114309306
2023-12-20 14:45:00,143637.92114309306
2023-12-20 15:00:00,143637.92114309306
2023-12-20 15:15:00,143637.92114309306
2023-12-21 09:15:00,143637.92114309306
2023-12-21 09:30:00,143637.92114309306
2023-12-21 09:45:00,143637.92114309306
2023-12-21 10:00:00,143637.92114309306
2023-12-21 10:15:00,143637.92114309306
2023-12-21 10:30:00,143637.92114309306
2023-12-21 10:45:00,143637.92114309306
2023-12-21 11:00:00,143639.9578718747
2023-12-21 11:15:00,143536.76361360386
2023-12-21 11:30:00,143629.7742279664
2023-12-21 11:45:00,143686.46317905598
2023-12-21 12:00:00,143793.3914400932
2023-12-21 12:15:00,144002.49559501043
2023-12-21 12:30:00,144269.64652020505
2023-12-21 12:45:00,144213.29702391243
2023-12-21 13:00:00,144274.05943256532
2023-12-21 13:15:00,144225.17794180548
2023-12-21 13:30:00,143981.4493976
2023-12-21 13:45:00,144078.1940147289
2023-12-21 14:00:00,144043.2301706437
2023-12-21 14:15:00,144221.78339383606
2023-12-21 14:30:00,144336.17966040605
2023-12-21 14:45:00,144219.74666505438
2023-12-21 15:00:00,144319.20692055885
2023-12-21 15:15:00,144492.3288670001
2023-12-22 09:15:00,144305.62872868113
2023-12-22 09:30:00,144409.50189654584
2023-12-22 09:45:00,144884.39915746992
2023-12-22 10:00:00,144951.61120726474
2023-12-22 10:15:00,144972.65740467524
2023-12-22 10:30:00,144919.70245635204
2023-12-22 10:45:00,145137.6324359898
2023-12-22 11:00:00,145075.51220814913
2023-12-22 11:15:00,145126.43042769068
2023-12-22 11:30:00,145184.47719796802
2023-12-22 11:45:00,145174.29355405972
2023-12-22 12:00:00,145034.43817771896
2023-12-22 12:15:00,144892.20661779962
2023-12-22 12:30:00,144731.98395364225
2023-12-22 12:45:00,144962.47376076694
2023-12-22 13:00:00,144800.2143678279
2023-12-22 13:15:00,144853.50877094804
2023-12-22 13:30:00,144440.3922830677
2023-12-22 13:45:00,144441.75010225546
2023-12-22 14:00:00,144441.75010225546
2023-12-22 14:15:00,144441.75010225546
2023-12-22 14:30:00,144441.75010225546
2023-12-22 14:45:00,144441.75010225546
2023-12-22 15:00:00,144441.75010225546
2023-12-22 15:15:00,144441.75010225546
2023-12-26 09:15:00,144441.75010225546
2023-12-26 09:30:00,144441.75010225546
2023-12-26 09:45:00,144441.75010225546
2023-12-26 10:00:00,144561.91822842282
2023-12-26 10:15:00,144772.55000013192
2023-12-26 10:30:00,144829.5961049698
2023-12-26 10:45:00,144803.94223533856
2023-12-26 11:00:00,144854.23732185242
2023-12-26 11:15:00,144809.68060091394
2023-12-26 11:30:00,144836.00957237757
2023-12-26 11:45:00,144901.15689920424
2023-12-26 12:00:00,144905.88261203104
2023-12-26 12:15:00,144829.93365588592
2023-12-26 12:30:00,144737.44470484697
2023-12-26 12:45:00,144761.41081989722
2023-12-26 13:00:00,144733.7316447688
2023-12-26 13:15:00,144781.66387486926
2023-12-26 13:30:00,144824.1952903105
2023-12-26 13:45:00,144756.68510707043
2023-12-26 14:00:00,144674.9977853499
2023-12-26 14:15:00,144855.92507643337
2023-12-26 14:30:00,144733.39409385258
2023-12-26 14:45:00,144716.85409895875
2023-12-26 15:00:00,144731.70633927156
2023-12-26 15:15:00,144837.35977604234
2023-12-27 09:15:00,145386.21756578426
2023-12-27 09:30:00,145524.95099234264
2023-12-27 09:45:00,145563.4317967895
2023-12-27 10:00:00,145549.5922092253
2023-12-27 10:15:00,145661.99666432003
2023-12-27 10:30:00,145562.0815931247
2023-12-27 10:45:00,145683.59992295684
2023-12-27 11:00:00,145674.48604821943
2023-12-27 11:15:00,145739.9709259623
2023-12-27 11:30:00,145690.35094128083
2023-12-27 11:45:00,145769.00030475555
2023-12-27 12:00:00,145707.90358892325
2023-12-27 12:15:00,145424.69837023108
2023-12-27 12:30:00,145525.96364509122
2023-12-27 12:45:00,145646.13177125857
2023-12-27 13:00:00,145376.0910382982
2023-12-27 13:15:00,145371.7028763876
2023-12-27 13:30:00,145371.7028763876
2023-12-27 13:45:00,145371.7028763876
2023-12-27 14:00:00,145371.7028763876
2023-12-27 14:15:00,145371.7028763876
2023-12-27 14:30:00,145371.7028763876
2023-12-27 14:45:00,145371.7028763876
2023-12-27 15:00:00,145371.7028763876
2023-12-27 15:15:00,145241.88454958494
2023-12-28 09:15:00,145798.7280185576
2023-12-28 09:30:00,145851.39333459898
2023-12-28 09:45:00,145851.39333459898
2023-12-28 10:00:00,145566.93353840092
2023-12-28 10:15:00,145662.8716300432
2023-12-28 10:30:00,145587.73130651916
2023-12-28 10:45:00,145538.08502133365
2023-12-28 11:00:00,145770.21494936323
2023-12-28 11:15:00,145799.7343621762
2023-12-28 11:30:00,145791.68361322721
2023-12-28 11:45:00,145810.80414198106
2023-12-28 12:00:00,145776.5884589478
2023-12-28 12:15:00,146029.85160296853
2023-12-28 12:30:00,146020.459062528
2023-12-28 12:45:00,145934.91985494486
2023-12-28 13:00:00,146035.8896646803
2023-12-28 13:15:00,145948.00232198703
2023-12-28 13:30:00,145940.28702091088
2023-12-28 13:45:00,145925.86276237728
2023-12-28 14:00:00,145928.2108974874
2023-12-28 14:15:00,145937.26799005503
2023-12-28 14:30:00,145951.69224858866
2023-12-28 14:45:00,146019.11727103655
2023-12-28 15:00:00,146129.8150690853
2023-12-28 15:15:00,146078.8269924083
2023-12-29 09:15:00,145803.75973665074
2023-12-29 09:30:00,145804.43063239648
2023-12-29 09:45:00,145749.75262911787
2023-12-29 10:00:00,145472.33723825015
2023-12-29 10:15:00,145654.14998534846
2023-12-29 10:30:00,145680.98581517846
2023-12-29 10:45:00,145655.82722471282
2023-12-29 11:00:00,145718.89142481334
2023-12-29 11:15:00,145789.00003024423
2023-12-29 11:30:00,145805.4369760151
2023-12-29 11:45:00,145891.64707934397
2023-12-29 12:00:00,145838.6463154297
2023-12-29 12:15:00,145827.24108775196
2023-12-29 12:30:00,145664.8843172804
2023-12-29 12:45:00,145660.18804706013
2023-12-29 13:00:00,145844.34892926854
2023-12-29 13:15:00,145702.45447904235
2023-12-29 13:30:00,145738.34740144
2023-12-29 13:45:00,145697.7582088221
2023-12-29 14:00:00,145532.0469596218
2023-12-29 14:15:00,145536.74322984205
2023-12-29 14:30:00,145536.74322984205
2023-12-29 14:45:00,145536.74322984205
2023-12-29 15:00:00,145536.74322984205
2023-12-29 15:15:00,145536.74322984205
2024-01-01 09:15:00,145536.74322984205
2024-01-01 09:30:00,145536.74322984205
2024-01-01 09:45:00,145536.74322984205
2024-01-01 10:00:00,145536.74322984205
2024-01-01 10:15:00,145536.74322984205
2024-01-01 10:30:00,145536.74322984205
2024-01-01 10:45:00,145536.74322984205
2024-01-01 11:00:00,145536.74322984205
2024-01-01 11:15:00,145536.74322984205
2024-01-01 11:30:00,145536.74322984205
2024-01-01 11:45:00,145536.74322984205
2024-01-01 12:00:00,145536.74322984205
2024-01-01 12:15:00,145536.74322984205
2024-01-01 12:30:00,145536.74322984205
2024-01-01 12:45:00,145536.74322984205
2024-01-01 13:00:00,145536.74322984205
2024-01-01 13:15:00,145536.74322984205
2024-01-01 13:30:00,145462.81661890418
2024-01-01 13:45:00,145611.00435033167
2024-01-01 14:00:00,145796.99166110752
2024-01-01 14:15:00,145807.69596676368
2024-01-01 14:30:00,145961.90487012276
2024-01-01 14:45:00,145999.03543036757
2024-01-01 15:00:00,145353.43199548026
2024-01-01 15:15:00,145106.56394628502
2024-01-02 09:15:00,145390.56255572508
2024-01-02 09:30:00,145424.01351090058
2024-01-02 09:45:00,144754.32538828687
2024-01-02 10:00:00,144749.30774501053
2024-01-02 10:15:00,144749.30774501053
2024-01-02 10:30:00,144749.30774501053
2024-01-02 10:45:00,144749.30774501053
2024-01-02 11:00:00,144749.30774501053
2024-01-02 11:15:00,144749.30774501053
2024-01-02 11:30:00,144749.30774501053
2024-01-02 11:45:00,144749.30774501053
2024-01-02 12:00:00,144749.30774501053
2024-01-02 12:15:00,144749.30774501053
2024-01-02 12:30:00,144749.30774501053
2024-01-02 12:45:00,144749.30774501053
2024-01-02 13:00:00,144749.30774501053
2024-01-02 13:15:00,144749.30774501053
2024-01-02 13:30:00,144749.30774501053
2024-01-02 13:45:00,144749.30774501053
2024-01-02 14:00:00,144749.30774501053
2024-01-02 14:15:00,144676.80813789813
2024-01-02 14:30:00,144800.7590790903
2024-01-02 14:45:00,144740.6211561399
2024-01-02 15:00:00,144738.95065828017
2024-01-02 15:15:00,144741.9575544277
2024-01-03 09:15:00,144493.72157247138
2024-01-03 09:30:00,144070.75151438697
2024-01-03 09:45:00,144252.16758195398
2024-01-03 10:00:00,144240.1399973639
2024-01-03 10:15:00,144074.09251010642
2024-01-03 10:30:00,144070.75151438694
2024-01-03 10:45:00,144070.75151438694
2024-01-03 11:00:00,144070.75151438694
2024-01-03 11:15:00,144070.75151438694
2024-01-03 11:30:00,144070.75151438694
2024-01-03 11:45:00,144070.75151438694
2024-01-03 12:00:00,144070.75151438694
2024-01-03 12:15:00,144070.75151438694
2024-01-03 12:30:00,144070.75151438694
2024-01-03 12:45:00,144070.75151438694
2024-01-03 13:00:00,144070.75151438694
2024-01-03 13:15:00,144070.75151438694
2024-01-03 13:30:00,144070.75151438694
2024-01-03 13:45:00,144070.75151438694
2024-01-03 14:00:00,144070.75151438694
2024-01-03 14:15:00,144070.75151438694
2024-01-03 14:30:00,144070.75151438694
2024-01-03 14:45:00,144070.75151438694
2024-01-03 15:00:00,144070.75151438694
2024-01-03 15:15:00,144070.75151438694
2024-01-04 09:15:00,144070.75151438694
2024-01-04 09:30:00,144070.75151438694
2024-01-04 09:45:00,144070.75151438694
2024-01-04 10:00:00,144070.75151438694
2024-01-04 10:15:00,144106.38415330526
2024-01-04 10:30:00,144106.71716862227
2024-01-04 10:45:00,144096.39369379546
2024-01-04 11:00:00,144200.6274880145
2024-01-04 11:15:00,144176.65038519097
2024-01-04 11:30:00,144137.0215624687
2024-01-04 11:45:00,144155.00438958633
2024-01-04 12:00:00,144143.01583817453
2024-01-04 12:15:00,144299.86605247855
2024-01-04 12:30:00,144309.85651198836
2024-01-04 12:45:00,144256.90707658636
2024-01-04 13:00:00,144318.5149102302
2024-01-04 13:15:00,144259.90421443933
2024-01-04 13:30:00,144301.53112906354
2024-01-04 13:45:00,144266.2315054622
2024-01-04 14:00:00,144226.93569805697
2024-01-04 14:15:00,144188.9719519197
2024-01-04 14:30:00,144160.33263465826
2024-01-04 14:45:00,144197.63035016155
2024-01-04 15:00:00,144207.28779435437
2024-01-04 15:15:00,144326.1742625211
2024-01-05 09:15:00,144681.50160575335
2024-01-05 09:30:00,144712.47203023374
2024-01-05 09:45:00,144800.38807392007
2024-01-05 10:00:00,144721.46344379257
2024-01-05 10:15:00,144751.434822322
2024-01-05 10:30:00,144564.61322948855
2024-01-05 10:45:00,144452.05405234467
2024-01-05 11:00:00,144483.02447682509
2024-01-05 11:15:00,144436.73534776297
2024-01-05 11:30:00,144414.42332152437
2024-01-05 11:45:00,144406.09793859953
2024-01-05 12:00:00,144466.70672629238
2024-01-05 12:15:00,144524.6513914493
2024-01-05 12:30:00,144461.04546590347
2024-01-05 12:45:00,144385.7840042629
2024-01-05 13:00:00,144383.78591236097
2024-01-05 13:15:00,144383.78591236097
2024-01-05 13:30:00,144383.78591236097
2024-01-05 13:45:00,144383.78591236097
2024-01-05 14:00:00,144383.78591236097
2024-01-05 14:15:00,144383.78591236097
2024-01-05 14:30:00,144383.78591236097
2024-01-05 14:45:00,144383.78591236097
2024-01-05 15:00:00,144383.78591236097
2024-01-05 15:15:00,144383.78591236097
2024-01-08 09:15:00,144383.78591236097
2024-01-08 09:30:00,144028.5389778
2024-01-08 09:45:00,144063.43226884666
2024-01-08 10:00:00,144178.41397077194
2024-01-08 10:15:00,144216.2981153369
2024-01-08 10:30:00,144083.37129230192
2024-01-08 10:45:00,143792.5938669129
2024-01-08 11:00:00,143693.89570080946
2024-01-08 11:15:00,143748.72801531138
2024-01-08 11:30:00,143822.5024020958
2024-01-08 11:45:00,143275.84084236444
2024-01-08 12:00:00,143276.17315942203
2024-01-08 12:15:00,143276.17315942203
2024-01-08 12:30:00,143276.17315942203
2024-01-08 12:45:00,143276.17315942203
2024-01-08 13:00:00,143276.17315942203
2024-01-08 13:15:00,143276.17315942203
2024-01-08 13:30:00,143276.17315942203
2024-01-08 13:45:00,143276.17315942203
2024-01-08 14:00:00,143276.17315942203
2024-01-08 14:15:00,143276.17315942203
2024-01-08 14:30:00,143276.17315942203
2024-01-08 14:45:00,143276.17315942203
2024-01-08 15:00:00,143276.17315942203
2024-01-08 15:15:00,143276.17315942203
2024-01-09 09:15:00,143276.17315942203
2024-01-09 09:30:00,143276.17315942203
2024-01-09 09:45:00,143276.17315942203
2024-01-09 10:00:00,143276.17315942203
2024-01-09 10:15:00,143469.35020516693
2024-01-09 10:30:00,143611.25594596248
2024-01-09 10:45:00,143427.67159598225
2024-01-09 11:00:00,143532.19890155655
2024-01-09 11:15:00,143472.32724868014
2024-01-09 11:30:00,143527.56794498052
2024-01-09 11:45:00,143555.35368443694
2024-01-09 12:00:00,143496.14359678567
2024-01-09 12:15:00,143596.37072839646
2024-01-09 12:30:00,143586.44725001915
2024-01-09 12:45:00,143660.5425552364
2024-01-09 13:00:00,143614.5637720882
2024-01-09 13:15:00,143630.4413374919
2024-01-09 13:30:00,143569.24655416518
2024-01-09 13:45:00,143414.44029147914
2024-01-09 14:00:00,143264.59576798178
2024-01-09 14:15:00,142629.16236922142
2024-01-09 14:30:00,142642.7244563371
2024-01-09 14:45:00,142642.7244563371
2024-01-09 15:00:00,142642.7244563371
2024-01-09 15:15:00,142642.7244563371
2024-01-10 09:15:00,142642.7244563371
2024-01-10 09:30:00,142642.7244563371
2024-01-10 09:45:00,142642.7244563371
2024-01-10 10:00:00,142642.7244563371
2024-01-10 10:15:00,142642.7244563371
2024-01-10 10:30:00,142642.7244563371
2024-01-10 10:45:00,142642.7244563371
2024-01-10 11:00:00,142642.7244563371
2024-01-10 11:15:00,142642.7244563371
2024-01-10 11:30:00,142642.7244563371
2024-01-10 11:45:00,142642.7244563371
2024-01-10 12:00:00,142642.7244563371
2024-01-10 12:15:00,142642.7244563371
2024-01-10 12:30:00,142642.7244563371
2024-01-10 12:45:00,142642.7244563371
2024-01-10 13:00:00,142642.7244563371
2024-01-10 13:15:00,142642.7244563371
2024-01-10 13:30:00,142642.7244563371
2024-01-10 13:45:00,142642.7244563371
2024-01-10 14:00:00,142642.7244563371
2024-01-10 14:15:00,142642.7244563371
2024-01-10 14:30:00,142642.7244563371
2024-01-10 14:45:00,142642.7244563371
2024-01-10 15:00:00,142673.4257978935
2024-01-10 15:15:00,142780.3853104125
2024-01-11 09:15:00,143303.95872663212
2024-01-11 09:30:00,143161.67616522565
2024-01-11 09:45:00,143105.22531139615
2024-01-11 10:00:00,143089.04933573742
2024-01-11 10:15:00,143015.10201844032
2024-01-11 10:30:00,143036.22982338234
2024-01-11 10:45:00,142994.3043354505
2024-01-11 11:00:00,142974.82714026954
2024-01-11 11:15:00,142972.1861646518
2024-01-11 11:30:00,143032.5984819079
2024-01-11 11:45:00,143025.6659209113
2024-01-11 12:00:00,142990.01275007165
2024-01-11 12:15:00,143053.72628684994
2024-01-11 12:30:00,143082.77701864525
2024-01-11 12:45:00,143093.01079916404
2024-01-11 13:00:00,143099.61323820843
2024-01-11 13:15:00,143031.9382380035
2024-01-11 13:30:00,143036.8900672868
2024-01-11 13:45:00,143045.4732380445
2024-01-11 14:00:00,142654.2787246648
2024-01-11 14:15:00,142961.29214022862
2024-01-11 14:30:00,142925.96909134116
2024-01-11 14:45:00,142977.13799393512
2024-01-11 15:00:00,142920.3570181534
2024-01-11 15:15:00,143070.89262836534
2024-01-12 09:15:00,143493.77884915812
2024-01-12 09:30:00,143529.76214195
2024-01-12 09:45:00,143635.07104470787
2024-01-12 10:00:00,143962.88214326152
2024-01-12 10:15:00,144049.7042166952
2024-01-12 10:30:00,144069.84165578053
2024-01-12 10:45:00,144172.83970487292
2024-01-12 11:00:00,144079.4151923949
2024-01-12 11:15:00,144202.55068057266
2024-01-12 11:30:00,144172.83970487292
2024-01-12 11:45:00,144160.95531459304
2024-01-12 12:00:00,144115.06836323458
2024-01-12 12:15:00,144119.35994861345
2024-01-12 12:30:00,144121.34068032674
2024-01-12 12:45:00,144255.04007097552
2024-01-12 13:00:00,144217.73629037474
2024-01-12 13:15:00,144307.8595833306
2024-01-12 13:30:00,144503.29177904435
2024-01-12 13:45:00,144547.5281206417
2024-01-12 14:00:00,144455.42409597256
2024-01-12 14:15:00,144535.97385231403
2024-01-12 14:30:00,144691.13116985702
2024-01-12 14:45:00,144623.45616965208
2024-01-12 15:00:00,144438.58787640935
2024-01-12 15:15:00,144647.88519411633
2024-01-15 09:15:00,145723.75263639865
2024-01-15 09:30:00,145536.24336753815
2024-01-15 09:45:00,145139.76690292291
2024-01-15 10:00:00,145321.33397664348
2024-01-15 10:15:00,145420.70068426145
2024-01-15 10:30:00,145459.65507462333
2024-01-15 10:45:00,145556.05068467133
2024-01-15 11:00:00,145531.6216602071
2024-01-15 11:15:00,145631.3184897773
2024-01-15 11:30:00,145602.92800188647
2024-01-15 11:45:00,145586.7520262277
2024-01-15 12:00:00,145597.64605065092
2024-01-15 12:15:00,145663.67044109473
2024-01-15 12:30:00,145640.23178248716
2024-01-15 12:45:00,145655.41739228924
2024-01-15 13:00:00,145648.81495324487
2024-01-15 13:15:00,145637.92092882167
2024-01-15 13:30:00,145598.9665384598
2024-01-15 13:45:00,145676.2150752791
2024-01-15 14:00:00,145720.45141687646
2024-01-15 14:15:00,145676.5451972313
2024-01-15 14:30:00,145718.80080711536
2024-01-15 14:45:00,145885.84251493824
2024-01-15 15:00:00,145827.41092939547
2024-01-15 15:15:00,145978.60678351182
2024-01-16 09:15:00,145651.45592886262
2024-01-16 09:30:00,145726.7237339686
2024-01-16 09:45:00,145778.2227585148
2024-01-16 10:00:00,145918.19446625575
2024-01-16 10:15:00,145875.27861246726
2024-01-16 10:30:00,145921.1655638257
2024-01-16 10:45:00,146004.68641773713
2024-01-16 11:00:00,146037.69861295907
2024-01-16 11:15:00,145974.64532008523
2024-01-16 11:30:00,145830.0519050132
2024-01-16 11:45:00,145958.4693444265
2024-01-16 12:00:00,145767.3287340916
2024-01-16 12:15:00,145801.33129517018
2024-01-16 12:30:00,145709.88751440545
2024-01-16 12:45:00,145622.07507511514
2024-01-16 13:00:00,145616.46300192742
2024-01-16 13:15:00,145616.46300192742
2024-01-16 13:30:00,145616.46300192742
2024-01-16 13:45:00,145616.46300192742
2024-01-16 14:00:00,145616.46300192742
2024-01-16 14:15:00,145616.46300192742
2024-01-16 14:30:00,145616.46300192742
2024-01-16 14:45:00,145616.46300192742
2024-01-16 15:00:00,145616.46300192742
2024-01-16 15:15:00,145616.46300192742
2024-01-17 09:15:00,145616.46300192742
2024-01-17 09:30:00,145616.46300192742
2024-01-17 09:45:00,145616.46300192742
2024-01-17 10:00:00,145616.46300192742
2024-01-17 10:15:00,145616.46300192742
2024-01-17 10:30:00,145616.46300192742
2024-01-17 10:45:00,145616.46300192742
2024-01-17 11:00:00,145616.46300192742
2024-01-17 11:15:00,145616.46300192742
2024-01-17 11:30:00,145616.46300192742
2024-01-17 11:45:00,145616.46300192742
2024-01-17 12:00:00,145616.46300192742
2024-01-17 12:15:00,145616.46300192742
2024-01-17 12:30:00,145616.46300192742
2024-01-17 12:45:00,145616.46300192742
2024-01-17 13:00:00,145616.46300192742
2024-01-17 13:15:00,145616.46300192742
2024-01-17 13:30:00,145616.46300192742
2024-01-17 13:45:00,145616.46300192742
2024-01-17 14:00:00,145616.46300192742
2024-01-17 14:15:00,145616.46300192742
2024-01-17 14:30:00,145616.46300192742
2024-01-17 14:45:00,145616.46300192742
2024-01-17 15:00:00,145616.46300192742
2024-01-17 15:15:00,145616.46300192742
2024-01-18 09:15:00,145616.46300192742
2024-01-18 09:30:00,145616.46300192742
2024-01-18 09:45:00,145616.46300192742
2024-01-18 10:00:00,145616.46300192742
2024-01-18 10:15:00,145616.46300192742
2024-01-18 10:30:00,145616.46300192742
2024-01-18 10:45:00,145616.46300192742
2024-01-18 11:00:00,145616.46300192742
2024-01-18 11:15:00,145616.46300192742
2024-01-18 11:30:00,145616.46300192742
2024-01-18 11:45:00,145616.46300192742
2024-01-18 12:00:00,145690.92704292177
2024-01-18 12:15:00,145665.54157440097
2024-01-18 12:30:00,145215.37259929877
2024-01-18 12:45:00,145159.86304146663
2024-01-18 13:00:00,145221.8035846574
2024-01-18 13:15:00,145198.44895361827
2024-01-18 13:30:00,145128.38506050088
2024-01-18 13:45:00,145214.35718055797
2024-01-18 14:00:00,145234.32708246098
2024-01-18 14:15:00,145064.07520691483
2024-01-18 14:30:00,145064.07520691483
2024-01-18 14:45:00,145064.07520691483
2024-01-18 15:00:00,145064.07520691483
2024-01-18 15:15:00,145064.07520691483
2024-01-19 09:15:00,145064.07520691483
2024-01-19 09:30:00,144949.52846131433
2024-01-19 09:45:00,144962.59080949685
2024-01-19 10:00:00,144951.8729853471
2024-01-19 10:15:00,145095.55881535474
2024-01-19 10:30:00,144994.07441793673
2024-01-19 10:45:00,144851.05845193844
2024-01-19 11:00:00,144602.87383647068
2024-01-19 11:15:00,144673.8794214628
2024-01-19 11:30:00,144683.25751759385
2024-01-19 11:45:00,144661.15200528497
2024-01-19 12:00:00,144612.92179661107
2024-01-19 12:15:00,144628.9985328357
2024-01-19 12:30:00,144719.43017409928
2024-01-19 12:45:00,144760.29187867025
2024-01-19 13:00:00,144875.8434202848
2024-01-19 13:15:00,144627.658804817
2024-01-19 13:30:00,144763.64119871703
2024-01-19 13:45:00,144728.13840622094
2024-01-19 14:00:00,144616.94098066722
2024-01-19 14:15:00,144618.28070868592
2024-01-19 14:30:00,144618.28070868592
2024-01-19 14:45:00,144618.28070868592
2024-01-19 15:00:00,144618.28070868592
2024-01-19 15:15:00,144618.28070868592
2024-01-20 09:15:00,144618.28070868592
2024-01-20 09:30:00,144618.28070868592
2024-01-20 09:45:00,144618.28070868592
2024-01-20 10:00:00,144618.28070868592
2024-01-20 10:15:00,144618.28070868592
2024-01-20 10:30:00,144618.28070868592
2024-01-20 10:45:00,144541.23563073706
2024-01-20 11:00:00,144523.22509303474
2024-01-20 11:15:00,144461.85585345642
2024-01-20 11:30:00,144442.84473032618
2024-01-20 11:45:00,144407.15718339747
2024-01-20 12:00:00,144404.82248406566
2024-01-20 12:15:00,144375.4719781804
2024-01-20 12:30:00,144046.27937239886
2024-01-20 12:45:00,144059.28698296164
2024-01-20 13:00:00,144059.28698296164
2024-01-20 13:15:00,144059.28698296164
2024-01-20 13:30:00,144059.28698296164
2024-01-20 13:45:00,144059.28698296164
2024-01-20 14:00:00,144059.28698296164
2024-01-20 14:15:00,144059.28698296164
2024-01-20 14:30:00,144059.28698296164
2024-01-20 14:45:00,144059.28698296164
2024-01-20 15:00:00,144059.28698296164
2024-01-20 15:15:00,144059.28698296164
2024-01-23 09:15:00,144059.28698296164
2024-01-23 09:30:00,144059.28698296164
2024-01-23 09:45:00,144059.28698296164
2024-01-23 10:00:00,144059.28698296164
2024-01-23 10:15:00,144059.28698296164
2024-01-23 10:30:00,144059.28698296164
2024-01-23 10:45:00,144059.28698296164
2024-01-23 11:00:00,144059.28698296164
2024-01-23 11:15:00,144059.28698296164
2024-01-23 11:30:00,144059.28698296164
2024-01-23 11:45:00,144059.28698296164
2024-01-23 12:00:00,144059.28698296164
2024-01-23 12:15:00,144059.28698296164
2024-01-23 12:30:00,144059.28698296164
2024-01-23 12:45:00,144059.28698296164
2024-01-23 13:00:00,144059.28698296164
2024-01-23 13:15:00,144059.28698296164
2024-01-23 13:30:00,144059.28698296164
2024-01-23 13:45:00,144059.28698296164
2024-01-23 14:00:00,144059.28698296164
2024-01-23 14:15:00,144059.28698296164
2024-01-23 14:30:00,144059.28698296164
2024-01-23 14:45:00,144059.28698296164
2024-01-23 15:00:00,144059.28698296164
2024-01-23 15:15:00,144059.28698296164
2024-01-24 09:15:00,144059.28698296164
2024-01-24 09:30:00,144059.28698296164
2024-01-24 09:45:00,144059.28698296164
2024-01-24 10:00:00,144059.28698296164
2024-01-24 10:15:00,144059.28698296164
2024-01-24 10:30:00,144059.28698296164
2024-01-24 10:45:00,144059.28698296164
2024-01-24 11:00:00,144059.28698296164
2024-01-24 11:15:00,144059.28698296164
2024-01-24 11:30:00,144059.28698296164
2024-01-24 11:45:00,144059.28698296164
2024-01-24 12:00:00,144059.28698296164
2024-01-24 12:15:00,144059.28698296164
2024-01-24 12:30:00,144059.28698296164
2024-01-24 12:45:00,144059.28698296164
2024-01-24 13:00:00,144059.28698296164
2024-01-24 13:15:00,144059.28698296164
2024-01-24 13:30:00,144059.28698296164
2024-01-24 13:45:00,144059.28698296164
2024-01-24 14:00:00,144059.28698296164
2024-01-24 14:15:00,144256.4009900609
2024-01-24 14:30:00,144662.442343726
2024-01-24 14:45:00,144703.28274588185
2024-01-24 15:00:00,144838.6298637702
2024-01-24 15:15:00,144870.0195943528
2024-01-25 09:15:00,144716.78370527222
2024-01-25 09:30:00,144365.08371315335
2024-01-25 09:45:00,144282.3903368874
2024-01-25 10:00:00,144250.66308232004
2024-01-25 10:15:00,143897.27547027735
2024-01-25 10:30:00,143903.01337801825
2024-01-25 10:45:00,143903.01337801825
2024-01-25 11:00:00,143903.01337801825
2024-01-25 11:15:00,143903.01337801825
2024-01-25 11:30:00,143903.01337801825
2024-01-25 11:45:00,143903.01337801825
2024-01-25 12:00:00,143903.01337801825
2024-01-25 12:15:00,143903.01337801825
2024-01-25 12:30:00,143903.01337801825
2024-01-25 12:45:00,143903.01337801825
2024-01-25 13:00:00,143903.01337801825
2024-01-25 13:15:00,143903.01337801825
2024-01-25 13:30:00,143903.01337801825
2024-01-25 13:45:00,143903.01337801825
2024-01-25 14:00:00,143903.01337801825
2024-01-25 14:15:00,143903.01337801825
2024-01-25 14:30:00,143903.01337801825
2024-01-25 14:45:00,143903.01337801825
2024-01-25 15:00:00,143903.01337801825
2024-01-25 15:15:00,143903.01337801825
2024-01-29 09:15:00,143903.01337801825
2024-01-29 09:30:00,143836.89344872913
2024-01-29 09:45:00,144132.0955572725
2024-01-29 10:00:00,144084.34227500815
2024-01-29 10:15:00,144152.799777555
2024-01-29 10:30:00,144275.0214650288
2024-01-29 10:45:00,144449.67158128243
2024-01-29 11:00:00,144493.417595105
2024-01-29 11:15:00,144483.39942400058
2024-01-29 11:30:00,144508.44485176163
2024-01-29 11:45:00,144624.65563657283
2024-01-29 12:00:00,144676.41618727896
2024-01-29 12:15:00,144637.34531997176
2024-01-29 12:30:00,144811.66149718856
2024-01-29 12:45:00,144936.88863599373
2024-01-29 13:00:00,144963.26981990202
2024-01-29 13:15:00,144806.9863506732
2024-01-29 13:30:00,144917.18623282175
2024-01-29 13:45:00,145118.55147202045
2024-01-29 14:00:00,145069.79637264565
2024-01-29 14:15:00,145028.38793208075
2024-01-29 14:30:00,145125.23025275674
2024-01-29 14:45:00,144943.56741673005
2024-01-29 15:00:00,145207.04531677614
2024-01-29 15:15:00,145228.75135416904
2024-01-30 09:15:00,144947.24074613504
2024-01-30 09:30:00,145341.28880957532
2024-01-30 09:45:00,145203.705926408
2024-01-30 10:00:00,145349.97122453246
2024-01-30 10:15:00,145158.29021740134
2024-01-30 10:30:00,145044.75094488464
2024-01-30 10:45:00,144965.94133219658
2024-01-30 11:00:00,144805.31665548915
2024-01-30 11:15:00,144917.18623282175
2024-01-30 11:30:00,145051.09578658408
2024-01-30 11:45:00,145138.25387519246
2024-01-30 12:00:00,144999.00129684113
2024-01-30 12:15:00,145000.00311395156
2024-01-30 12:30:00,144816.6705827408
2024-01-30 12:45:00,144926.87046488933
2024-01-30 13:00:00,144768.2494224028
2024-01-30 13:15:00,144865.09174307878
2024-01-30 13:30:00,144843.38570568588
2024-01-30 13:45:00,144655.04408892294
2024-01-30 14:00:00,144652.0386375916
2024-01-30 14:15:00,144652.0386375916
2024-01-30 14:30:00,144652.0386375916
2024-01-30 14:45:00,144652.0386375916
2024-01-30 15:00:00,144652.0386375916
2024-01-30 15:15:00,144652.0386375916
2024-01-31 09:15:00,144652.0386375916
2024-01-31 09:30:00,144652.0386375916
2024-01-31 09:45:00,144652.0386375916
2024-01-31 10:00:00,144652.0386375916
2024-01-31 10:15:00,144652.0386375916
2024-01-31 10:30:00,144652.0386375916
2024-01-31 10:45:00,144840.37022361124
2024-01-31 11:00:00,144899.57926575243
2024-01-31 11:15:00,144945.07321903604
2024-01-31 11:30:00,145182.91293068786
2024-01-31 11:45:00,145291.63009846117
2024-01-31 12:00:00,145291.63009846117
2024-01-31 12:15:00,145028.36729526852
2024-01-31 12:30:00,144973.5069398383
2024-01-31 12:45:00,144961.12990843024
2024-01-31 13:00:00,145130.72869015665
2024-01-31 13:15:00,145172.5429854541
2024-01-31 13:30:00,145048.7726713737
2024-01-31 13:45:00,145084.5657081483
2024-01-31 14:00:00,145084.2311937859
2024-01-31 14:15:00,145008.96546225052
2024-01-31 14:30:00,145178.89875833932
2024-01-31 14:45:00,145079.21347835023
2024-01-31 15:00:00,145364.21971509757
2024-01-31 15:15:00,145234.76265685668
2024-02-01 09:15:00,145282.9327250393
2024-02-01 09:30:00,145440.48898972003
2024-02-01 09:45:00,145559.91061708954
2024-02-01 10:00:00,145752.25637545774
2024-02-01 10:15:00,145803.1025585394
2024-02-01 10:30:00,145756.939576531
2024-02-01 10:45:00,145828.8601644426
2024-02-01 11:00:00,145736.19968606348
2024-02-01 11:15:00,145502.03963239785
2024-02-01 11:30:00,145500.36706058597
2024-02-01 11:45:00,145374.5896603313
2024-02-01 12:00:00,145436.80933173388
2024-02-01 12:15:00,145290.96106973643
2024-02-01 12:30:00,145336.7895373824
2024-02-01 12:45:00,145451.86247804094
2024-02-01 13:00:00,145380.9454332165
2024-02-01 13:15:00,145242.79100155376
2024-02-01 13:30:00,145236.76974303092
2024-02-01 13:45:00,145236.76974303092
2024-02-01 14:00:00,145236.76974303092
2024-02-01 14:15:00,145236.76974303092
2024-02-01 14:30:00,145236.76974303092
2024-02-01 14:45:00,145236.76974303092
2024-02-01 15:00:00,145236.76974303092
2024-02-01 15:15:00,145236.76974303092
2024-02-02 09:15:00,145236.76974303092
2024-02-02 09:30:00,145236.76974303092
2024-02-02 09:45:00,145236.76974303092
2024-02-02 10:00:00,145236.76974303092
2024-02-02 10:15:00,145236.76974303092
2024-02-02 10:30:00,145236.76974303092
2024-02-02 10:45:00,145236.76974303092
2024-02-02 11:00:00,145236.76974303092
2024-02-02 11:15:00,145606.0238848764
2024-02-02 11:30:00,145911.53379651063
2024-02-02 11:45:00,145855.71630995258
2024-02-02 12:00:00,145712.0440812381
2024-02-02 12:15:00,144926.96617858452
2024-02-02 12:30:00,144907.80988142258
2024-02-02 12:45:00,144899.55285678382
2024-02-02 13:00:00,144899.55285678382
2024-02-02 13:15:00,144899.55285678382
2024-02-02 13:30:00,144899.55285678382
2024-02-02 13:45:00,144899.55285678382
2024-02-02 14:00:00,144899.55285678382
2024-02-02 14:15:00,144899.55285678382
2024-02-02 14:30:00,144899.55285678382
2024-02-02 14:45:00,144899.55285678382
2024-02-02 15:00:00,144899.55285678382
2024-02-02 15:15:00,144899.55285678382
2024-02-05 09:15:00,144899.55285678382
2024-02-05 09:30:00,144899.55285678382
2024-02-05 09:45:00,144899.55285678382
2024-02-05 10:00:00,144899.55285678382
2024-02-05 10:15:00,144899.55285678382
2024-02-05 10:30:00,144899.55285678382
2024-02-05 10:45:00,144899.55285678382
2024-02-05 11:00:00,144899.55285678382
2024-02-05 11:15:00,144899.55285678382
2024-02-05 11:30:00,144899.55285678382
2024-02-05 11:45:00,144899.55285678382
2024-02-05 12:00:00,144899.55285678382
2024-02-05 12:15:00,144899.55285678382
2024-02-05 12:30:00,144899.55285678382
2024-02-05 12:45:00,144899.55285678382
2024-02-05 13:00:00,144933.57823550416
2024-02-05 13:15:00,144730.74733711287
2024-02-05 13:30:00,144841.082060342
2024-02-05 13:45:00,144965.6215533282
2024-02-05 14:00:00,144764.77271583324
2024-02-05 14:15:00,144619.75192691828
2024-02-05 14:30:00,143875.15771686297
2024-02-05 14:45:00,143607.5794958582
2024-02-05 15:00:00,143550.76041683002
2024-02-05 15:15:00,143550.76041683002
2024-02-06 09:15:00,143550.76041683002
2024-02-06 09:30:00,143550.76041683002
2024-02-06 09:45:00,143550.76041683002
2024-02-06 10:00:00,143550.76041683002
2024-02-06 10:15:00,143550.76041683002
2024-02-06 10:30:00,143550.76041683002
2024-02-06 10:45:00,143550.76041683002
2024-02-06 11:00:00,143550.76041683002
2024-02-06 11:15:00,143550.76041683002
2024-02-06 11:30:00,143550.76041683002
2024-02-06 11:45:00,143734.5452977377
2024-02-06 12:00:00,143733.88892316303
2024-02-06 12:15:00,143599.9885099303
2024-02-06 12:30:00,143738.81173247306
2024-02-06 12:45:00,143589.1583294482
2024-02-06 13:00:00,143781.80426711394
2024-02-06 13:15:00,143848.0980991556
2024-02-06 13:30:00,143862.8665270857
2024-02-06 13:45:00,143860.24102878702
2024-02-06 14:00:00,143843.83166442026
2024-02-06 14:15:00,143822.49949074347
2024-02-06 14:30:00,143991.51594372108
2024-02-06 14:45:00,143829.06323649018
2024-02-06 15:00:00,143873.69670756778
2024-02-06 15:15:00,144000.70518776646
2024-02-07 09:15:00,144336.44078271033
2024-02-07 09:30:00,144195.3202491562
2024-02-07 09:45:00,144460.49557732302
2024-02-07 10:00:00,144466.73113578238
2024-02-07 10:15:00,144385.01250123593
2024-02-07 10:30:00,144152.65590180267
2024-02-07 10:45:00,144216.98061012034
2024-02-07 11:00:00,144161.1887712734
2024-02-07 11:15:00,143958.69721498762
2024-02-07 11:30:00,143719.4486825203
2024-02-07 11:45:00,143717.4795587963
2024-02-07 12:00:00,143717.4795587963
2024-02-07 12:15:00,143717.4795587963
2024-02-07 12:30:00,143717.4795587963
2024-02-07 12:45:00,143717.4795587963
2024-02-07 13:00:00,143717.4795587963
2024-02-07 13:15:00,143717.4795587963
2024-02-07 13:30:00,143717.4795587963
2024-02-07 13:45:00,143717.4795587963
2024-02-07 14:00:00,143717.4795587963
2024-02-07 14:15:00,143717.4795587963
2024-02-07 14:30:00,143717.4795587963
2024-02-07 14:45:00,143717.4795587963
2024-02-07 15:00:00,143717.4795587963
2024-02-07 15:15:00,143717.4795587963
2024-02-08 09:15:00,143644.67286277522
2024-02-08 09:30:00,143488.28538567162
2024-02-08 09:45:00,143428.21169926858
2024-02-08 10:00:00,143260.39716225138
2024-02-08 10:15:00,143379.23858535304
2024-02-08 10:30:00,142854.57329160467
2024-02-08 10:45:00,142535.2685888754
2024-02-08 11:00:00,142548.65457334567
2024-02-08 11:15:00,142548.65457334567
2024-02-08 11:30:00,142548.65457334567
2024-02-08 11:45:00,142548.65457334567
2024-02-08 12:00:00,142548.65457334567
2024-02-08 12:15:00,142548.65457334567
2024-02-08 12:30:00,142548.65457334567
2024-02-08 12:45:00,142548.65457334567
2024-02-08 13:00:00,142548.65457334567
2024-02-08 13:15:00,142548.65457334567
2024-02-08 13:30:00,142548.65457334567
2024-02-08 13:45:00,142548.65457334567
2024-02-08 14:00:00,142548.65457334567
2024-02-08 14:15:00,142548.65457334567
2024-02-08 14:30:00,142548.65457334567
2024-02-08 14:45:00,142548.65457334567
2024-02-08 15:00:00,142548.65457334567
2024-02-08 15:15:00,142548.65457334567
2024-02-09 09:15:00,142548.65457334567
2024-02-09 09:30:00,142548.65457334567
2024-02-09 09:45:00,142548.65457334567
2024-02-09 10:00:00,142548.65457334567
2024-02-09 10:15:00,142548.65457334567
2024-02-09 10:30:00,142548.65457334567
2024-02-09 10:45:00,142548.65457334567
2024-02-09 11:00:00,142548.65457334567
2024-02-09 11:15:00,142548.65457334567
2024-02-09 11:30:00,142548.65457334567
2024-02-09 11:45:00,142548.65457334567
2024-02-09 12:00:00,142548.65457334567
2024-02-09 12:15:00,142548.65457334567
2024-02-09 12:30:00,142548.65457334567
2024-02-09 12:45:00,142491.33442640267
2024-02-09 13:00:00,142503.12599948808
2024-02-09 13:15:00,142444.4956777578
2024-02-09 13:30:00,142406.50060892702
2024-02-09 13:45:00,142429.1011240074
2024-02-09 14:00:00,142552.5850977075
2024-02-09 14:15:00,142608.59506986325
2024-02-09 14:30:00,142581.4089430274
2024-02-09 14:45:00,142564.04912709608
2024-02-09 15:00:00,142696.37678061024
2024-02-09 15:15:00,142717.33957720656
2024-02-12 09:15:00,142815.60268625172
2024-02-12 09:30:00,142446.4609399387
2024-02-12 09:45:00,142303.97943182322
2024-02-12 10:00:00,142090.09339780154
2024-02-12 10:15:00,141904.04857800933
2024-02-12 10:30:00,141905.3587527966
2024-02-12 10:45:00,141905.3587527966
2024-02-12 11:00:00,141905.3587527966
2024-02-12 11:15:00,141905.3587527966
2024-02-12 11:30:00,141905.3587527966
2024-02-12 11:45:00,141905.3587527966
2024-02-12 12:00:00,141905.3587527966
2024-02-12 12:15:00,141905.3587527966
2024-02-12 12:30:00,141905.3587527966
2024-02-12 12:45:00,141905.3587527966
2024-02-12 13:00:00,141905.3587527966
2024-02-12 13:15:00,141905.3587527966
2024-02-12 13:30:00,141905.3587527966
2024-02-12 13:45:00,141905.3587527966
2024-02-12 14:00:00,141905.3587527966
2024-02-12 14:15:00,141905.3587527966
2024-02-12 14:30:00,141905.3587527966
2024-02-12 14:45:00,141905.3587527966
2024-02-12 15:00:00,141905.3587527966
2024-02-12 15:15:00,141905.3587527966
2024-02-13 09:15:00,141905.3587527966
2024-02-13 09:30:00,141905.3587527966
2024-02-13 09:45:00,141905.3587527966
2024-02-13 10:00:00,141905.3587527966
2024-02-13 10:15:00,141905.3587527966
2024-02-13 10:30:00,141905.3587527966
2024-02-13 10:45:00,141905.3587527966
2024-02-13 11:00:00,142138.50813425722
2024-02-13 11:15:00,141904.0525937968
2024-02-13 11:30:00,141743.72157657388
2024-02-13 11:45:00,141873.68439705193
2024-02-13 12:00:00,141371.46626163673
2024-02-13 12:15:00,141317.91374264576
2024-02-13 12:30:00,141336.85304814254
2024-02-13 12:45:00,141636.28999884202
2024-02-13 13:00:00,141627.14688584357
2024-02-13 13:15:00,141794.33523781534
2024-02-13 13:30:00,141940.95158554058
2024-02-13 13:45:00,141948.78853953927
2024-02-13 14:00:00,141903.072974547
2024-02-13 14:15:00,141992.54486603188
2024-02-13 14:30:00,141816.86648056153
2024-02-13 14:45:00,141935.40040979153
2024-02-13 15:00:00,142070.26132651878
2024-02-13 15:15:00,141901.11373604732
2024-02-14 09:15:00,140828.75719722832
2024-02-14 09:30:00,140826.14487922876
2024-02-14 09:45:00,140826.14487922876
2024-02-14 10:00:00,140826.14487922876
2024-02-14 10:15:00,140826.14487922876
2024-02-14 10:30:00,140826.14487922876
2024-02-14 10:45:00,140826.14487922876
2024-02-14 11:00:00,140826.14487922876
2024-02-14 11:15:00,140826.14487922876
2024-02-14 11:30:00,140826.14487922876
2024-02-14 11:45:00,140826.14487922876
2024-02-14 12:00:00,140826.14487922876
2024-02-14 12:15:00,140826.14487922876
2024-02-14 12:30:00,140826.14487922876
2024-02-14 12:45:00,140826.14487922876
2024-02-14 13:00:00,140826.14487922876
2024-02-14 13:15:00,140711.5459757497
2024-02-14 13:30:00,140646.6174185378
2024-02-14 13:45:00,140631.359207593
2024-02-14 14:00:00,141018.00876578997
2024-02-14 14:15:00,141237.1426463802
2024-02-14 14:30:00,141644.24470009896
2024-02-14 14:45:00,141797.15145233306
2024-02-14 15:00:00,141636.7779160196
2024-02-14 15:15:00,141860.45679561468
2024-02-15 09:15:00,142039.98425630564
2024-02-15 09:30:00,141699.10933094306
2024-02-15 09:45:00,141598.47006726457
2024-02-15 10:00:00,142098.41995779637
2024-02-15 10:15:00,142005.57212098333
2024-02-15 10:30:00,141934.47535083626
2024-02-15 10:45:00,141853.63929710744
2024-02-15 11:00:00,141989.01533889427
2024-02-15 11:15:00,141948.43499063683
2024-02-15 11:30:00,141920.84035382178
2024-02-15 11:45:00,141942.59142048776
2024-02-15 12:00:00,141919.8664254636
2024-02-15 12:15:00,141920.1910682497
2024-02-15 12:30:00,141870.52072198255
2024-02-15 12:45:00,141921.4896393939
2024-02-15 13:00:00,141941.94213491565
2024-02-15 13:15:00,141989.33998168036
2024-02-15 13:30:00,142478.90130305826
2024-02-15 13:45:00,142526.623792609
2024-02-15 14:00:00,142289.30991599942
2024-02-15 14:15:00,142144.19459063077
2024-02-15 14:30:00,142206.52600555422
2024-02-15 14:45:00,142263.0138503286
2024-02-15 15:00:00,142257.1702801795
2024-02-15 15:15:00,142369.17204137007
2024-02-16 09:15:00,142878.86121548366
2024-02-16 09:30:00,142804.518017476
2024-02-16 09:45:00,142882.75692891638
2024-02-16 10:00:00,143081.1136711988
2024-02-16 10:15:00,143104.16330900902
2024-02-16 10:30:00,143052.2204632395
2024-02-16 10:45:00,143064.2322463237
2024-02-16 11:00:00,143067.80331697036
2024-02-16 11:15:00,143084.68474184544
2024-02-16 11:30:00,143021.37939856382
2024-02-16 11:45:00,143113.9025925908
2024-02-16 12:00:00,143150.58722741556
2024-02-16 12:15:00,143006.44583040508
2024-02-16 12:30:00,143144.09437169437
2024-02-16 12:45:00,143235.96828014925
2024-02-16 13:00:00,143201.23150204087
2024-02-16 13:15:00,143107.08509408357
2024-02-16 13:30:00,143213.24328512506
2024-02-16 13:45:00,143204.8025726875
2024-02-16 14:00:00,143137.2768731871
2024-02-16 14:15:00,143190.19364731485
2024-02-16 14:30:00,143126.56366124717
2024-02-16 14:45:00,143134.3550881126
2024-02-16 15:00:00,143079.1658144825
2024-02-16 15:15:00,143060.33653289103
2024-02-19 09:15:00,143315.18111994784
2024-02-19 09:30:00,143245.70756373106
2024-02-19 09:45:00,143007.4197587633
2024-02-19 10:00:00,143265.83541646678
2024-02-19 10:15:00,143443.73966322743
2024-02-19 10:30:00,143401.53610103967
2024-02-19 10:45:00,143581.71284730276
2024-02-19 11:00:00,143655.73140252434
2024-02-19 11:15:00,143628.46140849532
2024-02-19 11:30:00,143732.3471000344
2024-02-19 11:45:00,143807.3395836142
2024-02-19 12:00:00,143817.40350998205
2024-02-19 12:15:00,143750.2024532677
2024-02-19 12:30:00,143889.14956570123
2024-02-19 12:45:00,143864.80135674676
2024-02-19 13:00:00,143914.79634579993
2024-02-19 13:15:00,143770.97959157554
2024-02-19 13:30:00,143851.16635973228
2024-02-19 13:45:00,143893.69456470606
2024-02-19 14:00:00,143865.4506423189
2024-02-19 14:15:00,144025.4995358463
2024-02-19 14:30:00,143891.74670798972
2024-02-19 14:45:00,143680.40425426493
2024-02-19 15:00:00,143607.3596274015
2024-02-19 15:15:00,143602.16534282456
2024-02-20 09:15:00,143446.33680551595
2024-02-20 09:30:00,143410.30145626335
2024-02-20 09:45:00,143410.30145626335
2024-02-20 10:00:00,143410.30145626335
2024-02-20 10:15:00,143410.30145626335
2024-02-20 10:30:00,143410.30145626335
2024-02-20 10:45:00,143410.30145626335
2024-02-20 11:00:00,143410.30145626335
2024-02-20 11:15:00,143410.30145626335
2024-02-20 11:30:00,143410.30145626335
2024-02-20 11:45:00,143410.30145626335
2024-02-20 12:00:00,143410.30145626335
2024-02-20 12:15:00,143413.53734317917
2024-02-20 12:30:00,143427.12806822563
2024-02-20 12:45:00,143356.5857334607
2024-02-20 13:00:00,143317.75509047083
2024-02-20 13:15:00,143458.83976000067
2024-02-20 13:30:00,143435.21778551518
2024-02-20 13:45:00,143223.91436991197
2024-02-20 14:00:00,143180.22989654835
2024-02-20 14:15:00,143340.08271018998
2024-02-20 14:30:00,143283.4546891631
2024-02-20 14:45:00,143268.89319804191
2024-02-20 15:00:00,143678.88007027665
2024-02-20 15:15:00,143726.12401924768
2024-02-21 09:15:00,143720.2994227992
2024-02-21 09:30:00,143885.65324419775
2024-02-21 09:45:00,143941.95767653306
2024-02-21 10:00:00,143763.33671877967
2024-02-21 10:15:00,143607.69055812858
2024-02-21 10:30:00,143509.3195958876
2024-02-21 10:45:00,143688.26414233257
2024-02-21 11:00:00,143725.15325317296
2024-02-21 11:15:00,143601.54237298857
2024-02-21 11:30:00,143755.8941788733
2024-02-21 11:45:00,143755.8941788733
2024-02-21 12:00:00,143746.18651812582
2024-02-21 12:15:00,143751.6875258827
2024-02-21 12:30:00,143735.184502612
2024-02-21 12:45:00,143873.03328522603
2024-02-21 13:00:00,143805.07965999376
2024-02-21 13:15:00,143628.40023438985
2024-02-21 13:30:00,143699.91333522953
2024-02-21 13:45:00,143360.14520906817
2024-02-21 14:00:00,143106.77526355928
2024-02-21 14:15:00,143109.6875617835
2024-02-21 14:30:00,143109.6875617835
2024-02-21 14:45:00,143109.6875617835
2024-02-21 15:00:00,143109.6875617835
2024-02-21 15:15:00,143109.6875617835
2024-02-22 09:15:00,143109.6875617835
2024-02-22 09:30:00,143109.6875617835
2024-02-22 09:45:00,143109.6875617835
2024-02-22 10:00:00,143109.6875617835
2024-02-22 10:15:00,143109.6875617835
2024-02-22 10:30:00,143109.6875617835
2024-02-22 10:45:00,143109.6875617835
2024-02-22 11:00:00,143109.6875617835
2024-02-22 11:15:00,143109.6875617835
2024-02-22 11:30:00,143109.6875617835
2024-02-22 11:45:00,143109.6875617835
2024-02-22 12:00:00,143109.6875617835
2024-02-22 12:15:00,143109.6875617835
2024-02-22 12:30:00,143109.6875617835
2024-02-22 12:45:00,143109.6875617835
2024-02-22 13:00:00,143109.6875617835
2024-02-22 13:15:00,143109.6875617835
2024-02-22 13:30:00,143109.6875617835
2024-02-22 13:45:00,143556.585397191
2024-02-22 14:00:00,143378.15127963555
2024-02-22 14:15:00,143530.90908519304
2024-02-22 14:30:00,143715.84353489985
2024-02-22 14:45:00,144186.46758265988
2024-02-22 15:00:00,144350.92598608986
2024-02-22 15:15:00,144417.22937403395
2024-02-23 09:15:00,144518.30953898793
2024-02-23 09:30:00,144675.61757705137
2024-02-23 09:45:00,144656.76661381233
2024-02-23 10:00:00,144762.0719946647
2024-02-23 10:15:00,144488.08299448396
2024-02-23 10:30:00,144486.78292805367
2024-02-23 10:45:00,144507.5839909381
2024-02-23 11:00:00,144545.93595063125
2024-02-23 11:15:00,144623.61491984027
2024-02-23 11:30:00,144662.9419293561
2024-02-23 11:45:00,144529.68512025278
2024-02-23 12:00:00,144534.23535275875
2024-02-23 12:15:00,144671.71737776045
2024-02-23 12:30:00,144721.4449187185
2024-02-23 12:45:00,144689.9183077843
2024-02-23 13:00:00,144648.3161820155
2024-02-23 13:15:00,144509.20907397592
2024-02-23 13:30:00,144523.8348213165
2024-02-23 13:45:00,144551.13621635232
2024-02-23 14:00:00,144385.70276309966
2024-02-23 14:15:00,144545.2859174161
2024-02-23 14:30:00,144608.01412267695
2024-02-23 14:45:00,144584.612926932
2024-02-23 15:00:00,144393.50316168135
2024-02-23 15:15:00,144269.9968508051
2024-02-26 09:15:00,144107.16353041297
2024-02-26 09:30:00,144107.16353041297
2024-02-26 09:45:00,144107.16353041297
2024-02-26 10:00:00,144107.16353041297
2024-02-26 10:15:00,144107.16353041297
2024-02-26 10:30:00,144107.16353041297
2024-02-26 10:45:00,144107.16353041297
2024-02-26 11:00:00,144107.16353041297
2024-02-26 11:15:00,144107.16353041297
2024-02-26 11:30:00,144107.16353041297
2024-02-26 11:45:00,144107.16353041297
2024-02-26 12:00:00,144107.16353041297
2024-02-26 12:15:00,144107.16353041297
2024-02-26 12:30:00,144107.16353041297
2024-02-26 12:45:00,144107.16353041297
2024-02-26 13:00:00,144107.16353041297
2024-02-26 13:15:00,144107.16353041297
2024-02-26 13:30:00,144107.16353041297
2024-02-26 13:45:00,144107.16353041297
2024-02-26 14:00:00,144077.24763103147
2024-02-26 14:15:00,144117.24388781327
2024-02-26 14:30:00,144004.08374667456
2024-02-26 14:45:00,143845.39941082487
2024-02-26 15:00:00,143898.07740756188
2024-02-26 15:15:00,143837.92043597953
2024-02-27 09:15:00,143892.2242968133
2024-02-27 09:30:00,143909.4584562396
2024-02-27 09:45:00,143989.45096980318
2024-02-27 10:00:00,143785.24243924252
2024-02-27 10:15:00,143790.12003153298
2024-02-27 10:30:00,143954.33230531187
2024-02-27 10:45:00,144033.024127598
2024-02-27 11:00:00,144019.69204200406
2024-02-27 11:15:00,144132.20183750408
2024-02-27 11:30:00,144076.27211257344
2024-02-27 11:45:00,143960.5105888798
2024-02-27 12:00:00,143884.42014914862
2024-02-27 12:15:00,143937.7484915243
2024-02-27 12:30:00,144123.7473442006
2024-02-27 12:45:00,144409.2490796023
2024-02-27 13:00:00,144415.42736317022
2024-02-27 13:15:00,144320.80207273527
2024-02-27 13:30:00,144171.2225758278
2024-02-27 13:45:00,144019.69204200408
2024-02-27 14:00:00,144136.75425697517
2024-02-27 14:15:00,144080.82453204456
2024-02-27 14:30:00,144240.8095591717
2024-02-27 14:45:00,144304.21825894772
2024-02-27 15:00:00,144402.09527757633
2024-02-27 15:15:00,144339.01175061968
2024-02-28 09:15:00,144372.17937819482
2024-02-28 09:30:00,144438.5146333451
2024-02-28 09:45:00,144219.34815309368
2024-02-28 10:00:00,144502.57367875983
2024-02-28 10:15:00,144490.86745726274
2024-02-28 10:30:00,144381.93456277577
2024-02-28 10:45:00,143491.93655617622
2024-02-28 11:00:00,143479.5799890404
2024-02-28 11:15:00,143483.8072356921
2024-02-28 11:30:00,143483.8072356921
2024-02-28 11:45:00,143483.8072356921
2024-02-28 12:00:00,143483.8072356921
2024-02-28 12:15:00,143483.8072356921
2024-02-28 12:30:00,143483.8072356921
2024-02-28 12:45:00,143483.8072356921
2024-02-28 13:00:00,143483.8072356921
2024-02-28 13:15:00,143483.8072356921
2024-02-28 13:30:00,143483.8072356921
2024-02-28 13:45:00,143483.8072356921
2024-02-28 14:00:00,143483.8072356921
2024-02-28 14:15:00,143483.8072356921
2024-02-28 14:30:00,143483.8072356921
2024-02-28 14:45:00,143483.8072356921
2024-02-28 15:00:00,143483.8072356921
2024-02-28 15:15:00,143483.8072356921
2024-02-29 09:15:00,143483.8072356921
2024-02-29 09:30:00,143483.8072356921
2024-02-29 09:45:00,143483.8072356921
2024-02-29 10:00:00,143483.8072356921
2024-02-29 10:15:00,143483.8072356921
2024-02-29 10:30:00,143483.8072356921
2024-02-29 10:45:00,143483.8072356921
2024-02-29 11:00:00,143483.8072356921
2024-02-29 11:15:00,143483.8072356921
2024-02-29 11:30:00,143483.8072356921
2024-02-29 11:45:00,143483.8072356921
2024-02-29 12:00:00,143483.8072356921
2024-02-29 12:15:00,143483.8072356921
2024-02-29 12:30:00,143483.8072356921
2024-02-29 12:45:00,143483.8072356921
2024-02-29 13:00:00,143483.8072356921
2024-02-29 13:15:00,143489.03219111968
2024-02-29 13:30:00,143382.90028399692
2024-02-29 13:45:00,143515.4835279718
2024-02-29 14:00:00,143440.37479370032
2024-02-29 14:15:00,143316.60866200947
2024-02-29 14:30:00,143578.18299310282
2024-02-29 14:45:00,143279.05429487373
2024-02-29 15:00:00,143664.72131737214
2024-02-29 15:15:00,143960.9109781732
2024-03-01 09:15:00,144467.07853522024
2024-03-01 09:30:00,144743.34805345364
2024-03-01 09:45:00,144839.03004972122
2024-03-01 10:00:00,144972.59297283881
2024-03-01 10:15:00,144992.83967512066
2024-03-01 10:30:00,144853.39867714705
2024-03-01 10:45:00,144812.57871286906
2024-03-01 11:00:00,145049.33450568139
2024-03-01 11:15:00,145245.92345364415
2024-03-01 11:30:00,145509.45714302285
2024-03-01 11:45:00,145540.80687558834
2024-03-01 12:00:00,145557.13486129954
2024-03-01 12:15:00,145588.48459386503
2024-03-01 12:30:00,145683.51347070417
2024-03-01 12:45:00,145641.71382728353
2024-03-01 13:00:00,145569.54413044002
2024-03-01 13:15:00,145738.702062408
2024-03-01 13:30:00,145741.3145401218
2024-03-01 13:45:00,145773.64395182996
2024-03-01 14:00:00,145839.282454389
2024-03-01 14:15:00,145848.75268610148
2024-03-01 14:30:00,145853.65108181484
2024-03-01 14:45:00,145912.10527066092
2024-03-01 15:00:00,145835.69029753254
2024-03-01 15:15:00,145815.77015496488
2024-03-02 09:15:00,146202.74341632018
2024-03-02 09:30:00,146309.5284428714
2024-03-02 09:45:00,146262.17728430894
2024-03-02 11:30:00,146254.33985116755
2024-03-02 11:45:00,146148.534503759
2024-03-02 12:00:00,146139.0642720465
2024-03-02 12:15:00,146125.02220433488
2024-03-04 09:15:00,146174.9858406111
2024-03-04 09:30:00,146271.97407573563
2024-03-04 09:45:00,146127.63468204867
2024-03-04 10:00:00,146268.7084785934
2024-03-04 10:15:00,146393.78084914113
2024-03-04 10:30:00,146458.43967255746
2024-03-04 10:45:00,146146.24858575943
2024-03-04 11:00:00,146328.46890629636
2024-03-04 11:15:00,146251.4008137395
2024-03-04 11:30:00,146354.59368343427
2024-03-04 11:45:00,146279.811508877
2024-03-04 12:00:00,146320.30491344078
2024-03-04 12:15:00,146388.55589371355
2024-03-04 12:30:00,146379.7387814295
2024-03-04 12:45:00,146302.0175694442
2024-03-04 13:00:00,146309.85500258557
2024-03-04 13:15:00,146306.58940544332
2024-03-04 13:30:00,146350.67496686353
2024-03-04 13:45:00,146276.87247144894
2024-03-04 14:00:00,146482.9316511242
2024-03-04 14:15:00,146469.86926255524
2024-03-04 14:30:00,146350.02184743504
2024-03-04 14:45:00,146356.87960143376
2024-03-04 15:00:00,146327.81578686784
2024-03-04 15:15:00,146283.40366573338
2024-03-05 09:15:00,146077.34448605808
2024-03-05 09:30:00,146135.1455554757
2024-03-05 09:45:00,145953.57835436723
2024-03-05 10:00:00,145952.92523493877
2024-03-05 10:15:00,145952.92523493877
2024-03-05 10:30:00,145952.92523493877
2024-03-05 10:45:00,145952.92523493877
2024-03-05 11:00:00,145952.92523493877
2024-03-05 11:15:00,145952.92523493877
2024-03-05 11:30:00,145952.92523493877
2024-03-05 11:45:00,145952.92523493877
2024-03-05 12:00:00,145952.92523493877
2024-03-05 12:15:00,145952.92523493877
2024-03-05 12:30:00,145952.92523493877
2024-03-05 12:45:00,145952.92523493877
2024-03-05 13:00:00,145874.7469871597
2024-03-05 13:15:00,145925.23710551704
2024-03-05 13:30:00,145818.71924291807
2024-03-05 13:45:00,145733.04891306016
2024-03-05 14:00:00,145639.88650112343
2024-03-05 14:15:00,145583.20727148358
2024-03-05 14:30:00,145759.4340716856
2024-03-05 14:45:00,145737.93505354633
2024-03-05 15:00:00,145630.76570554922
2024-03-05 15:15:00,145662.36274735993
2024-03-06 09:15:00,145461.37950202794
2024-03-06 09:30:00,145465.28841441686
2024-03-06 09:45:00,145465.28841441686
2024-03-06 10:00:00,145465.28841441686
2024-03-06 10:15:00,145465.28841441686
2024-03-06 10:30:00,145465.28841441686
2024-03-06 10:45:00,145465.28841441686
2024-03-06 11:00:00,145465.28841441686
2024-03-06 11:15:00,145465.28841441686
2024-03-06 11:30:00,145465.28841441686
2024-03-06 11:45:00,145465.28841441686
2024-03-06 12:00:00,145465.28841441686
2024-03-06 12:15:00,145465.28841441686
2024-03-06 12:30:00,145465.28841441686
2024-03-06 12:45:00,145465.28841441686
2024-03-06 13:00:00,145465.28841441686
2024-03-06 13:15:00,145465.28841441686
2024-03-06 13:30:00,145465.28841441686
2024-03-06 13:45:00,145813.18940763516
2024-03-06 14:00:00,145958.4739048031
2024-03-06 14:15:00,146025.90415348866
2024-03-06 14:30:00,146356.5403970435
2024-03-06 14:45:00,146159.13590089156
2024-03-06 15:00:00,146413.54664593228
2024-03-06 15:15:00,146457.52289507506
2024-03-07 09:15:00,146475.76489471947
2024-03-07 09:30:00,146413.87239592595
2024-03-07 09:45:00,146404.09989611644
2024-03-07 10:00:00,146502.47639419878
2024-03-07 10:15:00,146477.39364468772
2024-03-07 10:30:00,146221.35414967875
2024-03-07 10:45:00,146325.26839765313
2024-03-07 11:00:00,146578.7018927129
2024-03-07 11:15:00,146554.92214317646
2024-03-07 11:30:00,146462.08339498617
2024-03-07 11:45:00,146523.65014378604
2024-03-07 12:00:00,146500.1961442432
2024-03-07 12:15:00,146455.24264511952
2024-03-07 12:30:00,146563.71739300498
2024-03-07 12:45:00,146593.03489243347
2024-03-07 13:00:00,146647.1093913794
2024-03-07 13:15:00,146599.87564230015
2024-03-07 13:30:00,146649.7153913286
2024-03-07 13:45:00,146672.84364087775
2024-03-07 14:00:00,146582.28514264303
2024-03-07 14:15:00,146691.73714050945
2024-03-07 14:30:00,146505.73389413525
2024-03-07 14:45:00,146593.03489243347
2024-03-07 15:00:00,146592.38339244618
2024-03-07 15:15:00,146479.9996446369
2024-03-11 09:15:00,146515.50639394476
2024-03-11 09:30:00,146418.43289583703
2024-03-11 09:45:00,146362.40389692923
2024-03-11 10:00:00,146142.5226512154
2024-03-11 10:15:00,146136.98490132333
2024-03-11 10:30:00,146136.98490132333
2024-03-11 10:45:00,146136.98490132333
2024-03-11 11:00:00,146136.98490132333
2024-03-11 11:15:00,146136.98490132333
2024-03-11 11:30:00,146136.98490132333
2024-03-11 11:45:00,146136.98490132333
2024-03-11 12:00:00,146136.98490132333
2024-03-11 12:15:00,146136.98490132333
2024-03-11 12:30:00,146136.98490132333
2024-03-11 12:45:00,146136.98490132333
2024-03-11 13:00:00,146136.98490132333
2024-03-11 13:15:00,146136.98490132333
2024-03-11 13:30:00,146136.98490132333
2024-03-11 13:45:00,146136.98490132333
2024-03-11 14:00:00,146136.98490132333
2024-03-11 14:15:00,146136.98490132333
2024-03-11 14:30:00,146136.98490132333
2024-03-11 14:45:00,146136.98490132333
2024-03-11 15:00:00,146136.98490132333
2024-03-11 15:15:00,146136.98490132333
2024-03-12 09:15:00,146136.98490132333
2024-03-12 09:30:00,146136.98490132333
2024-03-12 09:45:00,146136.98490132333
2024-03-12 10:00:00,146136.98490132333
2024-03-12 10:15:00,146136.98490132333
2024-03-12 10:30:00,146136.98490132333
2024-03-12 10:45:00,146136.98490132333
2024-03-12 11:00:00,146136.98490132333
2024-03-12 11:15:00,146136.98490132333
2024-03-12 11:30:00,146136.98490132333
2024-03-12 11:45:00,146136.98490132333
2024-03-12 12:00:00,146136.98490132333
2024-03-12 12:15:00,146136.98490132333
2024-03-12 12:30:00,146136.98490132333
2024-03-12 12:45:00,146136.98490132333
2024-03-12 13:00:00,146136.98490132333
2024-03-12 13:15:00,146136.98490132333
2024-03-12 13:30:00,146136.98490132333
2024-03-12 13:45:00,146136.98490132333
2024-03-12 14:00:00,146136.98490132333
2024-03-12 14:15:00,146136.98490132333
2024-03-12 14:30:00,146136.98490132333
2024-03-12 14:45:00,146136.98490132333
2024-03-12 15:00:00,146136.98490132333
2024-03-12 15:15:00,146136.98490132333
2024-03-13 09:15:00,146136.98490132333
2024-03-13 09:30:00,146136.98490132333
2024-03-13 09:45:00,146136.98490132333
2024-03-13 10:00:00,146136.98490132333
2024-03-13 10:15:00,146136.98490132333
2024-03-13 10:30:00,146136.98490132333
2024-03-13 10:45:00,146136.98490132333
2024-03-13 11:00:00,146136.98490132333
2024-03-13 11:15:00,146136.98490132333
2024-03-13 11:30:00,146136.98490132333
2024-03-13 11:45:00,146136.98490132333
2024-03-13 12:00:00,146136.98490132333
2024-03-13 12:15:00,146136.98490132333
2024-03-13 12:30:00,146136.98490132333
2024-03-13 12:45:00,146136.98490132333
2024-03-13 13:00:00,146136.98490132333
2024-03-13 13:15:00,146136.98490132333
2024-03-13 13:30:00,146136.98490132333
2024-03-13 13:45:00,146136.98490132333
2024-03-13 14:00:00,146136.98490132333
2024-03-13 14:15:00,146136.98490132333
2024-03-13 14:30:00,146136.98490132333
2024-03-13 14:45:00,146136.98490132333
2024-03-13 15:00:00,146136.98490132333
2024-03-13 15:15:00,146136.98490132333
2024-03-14 09:15:00,146136.98490132333
2024-03-14 09:30:00,146136.98490132333
2024-03-14 09:45:00,146136.98490132333
2024-03-14 10:00:00,146136.98490132333
2024-03-14 10:15:00,146136.98490132333
2024-03-14 10:30:00,146136.98490132333
2024-03-14 10:45:00,146136.98490132333
2024-03-14 11:00:00,146136.98490132333
2024-03-14 11:15:00,146136.98490132333
2024-03-14 11:30:00,146136.98490132333
2024-03-14 11:45:00,146170.27493489574
2024-03-14 12:00:00,146183.4591066076
2024-03-14 12:15:00,146352.21650451925
2024-03-14 12:30:00,145969.2163162901
2024-03-14 12:45:00,146065.7903740794
2024-03-14 13:00:00,146063.48314402983
2024-03-14 13:15:00,146117.20864375558
2024-03-14 13:30:00,145789.5819767162
2024-03-14 13:45:00,145725.63874391376
2024-03-14 14:00:00,145698.28158761168
2024-03-14 14:15:00,145873.63107137923
2024-03-14 14:30:00,145763.87284187812
2024-03-14 14:45:00,145862.09492113136
2024-03-14 15:00:00,145976.79721502442
2024-03-14 15:15:00,146034.80757055656
2024-03-15 09:15:00,145730.2532040129
2024-03-15 09:30:00,145727.94597396333
2024-03-15 09:45:00,145727.94597396333
2024-03-15 10:00:00,145727.94597396333
2024-03-15 10:15:00,145727.94597396333
2024-03-15 10:30:00,145727.94597396333
2024-03-15 10:45:00,145727.94597396333
2024-03-15 11:00:00,145727.94597396333
2024-03-15 11:15:00,145727.94597396333
2024-03-15 11:30:00,145727.94597396333
2024-03-15 11:45:00,145727.94597396333
2024-03-15 12:00:00,145727.94597396333
2024-03-15 12:15:00,145727.94597396333
2024-03-15 12:30:00,145727.94597396333
2024-03-15 12:45:00,145727.94597396333
2024-03-15 13:00:00,145727.94597396333
2024-03-15 13:15:00,145727.94597396333
2024-03-15 13:30:00,145727.94597396333
2024-03-15 13:45:00,145660.10381030527
2024-03-15 14:00:00,145682.27661501302
2024-03-15 14:15:00,145561.1535325796
2024-03-15 14:30:00,145681.28380286193
2024-03-15 14:45:00,145931.14152755382
2024-03-15 15:00:00,145673.3413056532
2024-03-15 15:15:00,145588.29039804282
2024-03-18 09:15:00,145817.63000494544
2024-03-18 09:30:00,145373.51203602293
2024-03-18 09:45:00,145703.12567018598
2024-03-18 10:00:00,145461.54138008654
2024-03-18 10:15:00,145787.18376564523
2024-03-18 10:30:00,145616.42007565714
2024-03-18 10:45:00,145628.66475885396
2024-03-18 11:00:00,145279.52581905274
2024-03-18 11:15:00,145411.56983514817
2024-03-18 11:30:00,145532.6929175816
2024-03-18 11:45:00,145522.76479607064
2024-03-18 12:00:00,145838.14812273465
2024-03-18 12:15:00,146167.76175689773
2024-03-18 12:30:00,145976.47994912037
2024-03-18 12:45:00,146000.96931551403
2024-03-18 13:00:00,146086.0202231244
2024-03-18 13:15:00,146060.20710719595
2024-03-18 13:30:00,146029.76086789573
2024-03-18 13:45:00,146129.7039577725
2024-03-18 14:00:00,146025.45868190768
2024-03-18 14:15:00,146322.30951508463
2024-03-18 14:30:00,146309.07201973672
2024-03-18 14:45:00,146190.9273737566
2024-03-18 15:00:00,145984.42244632912
2024-03-18 15:15:00,145953.31433226154
2024-03-19 09:15:00,145199.10803481415
2024-03-19 09:30:00,145198.11522266307
2024-03-19 09:45:00,145198.11522266307
2024-03-19 10:00:00,145198.11522266307
2024-03-19 10:15:00,145198.11522266307
2024-03-19 10:30:00,145198.11522266307
2024-03-19 10:45:00,145198.11522266307
2024-03-19 11:00:00,145198.11522266307
2024-03-19 11:15:00,145198.11522266307
2024-03-19 11:30:00,145198.11522266307
2024-03-19 11:45:00,145198.11522266307
2024-03-19 12:00:00,145198.11522266307
2024-03-19 12:15:00,145198.11522266307
2024-03-19 12:30:00,145198.11522266307
2024-03-19 12:45:00,145198.11522266307
2024-03-19 13:00:00,145198.11522266307
2024-03-19 13:15:00,145198.11522266307
2024-03-19 13:30:00,145198.11522266307
2024-03-19 13:45:00,145198.11522266307
2024-03-19 14:00:00,145198.11522266307
2024-03-19 14:15:00,145198.11522266307
2024-03-19 14:30:00,145198.11522266307
2024-03-19 14:45:00,145198.11522266307
2024-03-19 15:00:00,145198.11522266307
2024-03-19 15:15:00,145198.11522266307
2024-03-20 09:15:00,145198.11522266307
2024-03-20 09:30:00,145198.11522266307
2024-03-20 09:45:00,145198.11522266307
2024-03-20 10:00:00,145198.11522266307
2024-03-20 10:15:00,145198.11522266307
2024-03-20 10:30:00,145198.11522266307
2024-03-20 10:45:00,145198.11522266307
2024-03-20 11:00:00,145198.11522266307
2024-03-20 11:15:00,145198.11522266307
2024-03-20 11:30:00,145198.11522266307
2024-03-20 11:45:00,145198.11522266307
2024-03-20 12:00:00,145198.11522266307
2024-03-20 12:15:00,145198.11522266307
2024-03-20 12:30:00,145262.5275999325
2024-03-20 12:45:00,145199.11129035283
2024-03-20 13:00:00,145481.99451423707
2024-03-20 13:15:00,145486.97485268573
2024-03-20 13:30:00,145418.5782046574
2024-03-20 13:45:00,145152.29610893535
2024-03-20 14:00:00,145129.38655207146
2024-03-20 14:15:00,145039.076414869
2024-03-20 14:30:00,145090.20788960863
2024-03-20 14:45:00,145022.14326414352
2024-03-20 15:00:00,145042.39664050145
2024-03-20 15:15:00,145127.72643925523
2024-03-21 09:15:00,146057.72163890285
2024-03-21 09:30:00,146149.3598663583
2024-03-21 09:45:00,146126.45030949445
2024-03-21 10:00:00,146542.14255867645
2024-03-21 10:15:00,146426.59870666743
2024-03-21 10:30:00,146432.57511280582
2024-03-21 10:45:00,146476.07006859084
2024-03-21 11:00:00,146580.98919857605
2024-03-21 11:15:00,146492.00715162655
2024-03-21 11:30:00,146282.83293678256
2024-03-21 11:45:00,146164.30088170432
2024-03-21 12:00:00,145772.84627963917
2024-03-21 12:15:00,145769.5260540067
2024-03-21 12:30:00,145769.5260540067
2024-03-21 12:45:00,145769.5260540067
2024-03-21 13:00:00,145769.5260540067
2024-03-21 13:15:00,145769.5260540067
2024-03-21 13:30:00,145769.5260540067
2024-03-21 13:45:00,145769.5260540067
2024-03-21 14:00:00,145769.5260540067
2024-03-21 14:15:00,145769.5260540067
2024-03-21 14:30:00,145769.5260540067
2024-03-21 14:45:00,145769.5260540067
2024-03-21 15:00:00,145769.5260540067
2024-03-21 15:15:00,145769.5260540067
2024-03-22 09:15:00,145769.5260540067
2024-03-22 09:30:00,145769.5260540067
2024-03-22 09:45:00,145769.5260540067
2024-03-22 10:00:00,145769.5260540067
2024-03-22 10:15:00,145769.5260540067
2024-03-22 10:30:00,145769.5260540067
2024-03-22 10:45:00,145769.5260540067
2024-03-22 11:00:00,145769.5260540067
2024-03-22 11:15:00,145769.5260540067
2024-03-22 11:30:00,145769.5260540067
2024-03-22 11:45:00,145850.04365457443
2024-03-22 12:00:00,145700.8880994244
2024-03-22 12:15:00,145763.58623101402
2024-03-22 12:30:00,145743.12684070584
2024-03-22 12:45:00,145832.55417576258
2024-03-22 13:00:00,145899.87216967982
2024-03-22 13:15:00,145903.50206150868
2024-03-22 13:30:00,145802.85506079905
2024-03-22 13:45:00,145811.7647952881
2024-03-22 14:00:00,145888.65250402695
2024-03-22 14:15:00,146120.6355909085
2024-03-22 14:30:00,146197.19330948105
2024-03-22 14:45:00,146057.9374593189
2024-03-22 15:00:00,145721.34748973258
2024-03-22 15:15:00,145728.93726355658
2024-03-26 09:15:00,145624.33038085184
2024-03-26 09:30:00,145625.65034151688
2024-03-26 09:45:00,145625.65034151688
2024-03-26 10:00:00,145625.65034151688
2024-03-26 10:15:00,145625.65034151688
2024-03-26 10:30:00,145625.65034151688
2024-03-26 10:45:00,145625.65034151688
2024-03-26 11:00:00,145625.65034151688
2024-03-26 11:15:00,145625.65034151688
2024-03-26 11:30:00,145625.65034151688
2024-03-26 11:45:00,145625.65034151688
2024-03-26 12:00:00,145625.65034151688
2024-03-26 12:15:00,145625.65034151688
2024-03-26 12:30:00,145625.65034151688
2024-03-26 12:45:00,145625.65034151688
2024-03-26 13:00:00,145625.65034151688
2024-03-26 13:15:00,145625.65034151688
2024-03-26 13:30:00,145625.65034151688
2024-03-26 13:45:00,145625.65034151688
2024-03-26 14:00:00,145625.65034151688
2024-03-26 14:15:00,145625.65034151688
2024-03-26 14:30:00,145625.65034151688
2024-03-26 14:45:00,145625.65034151688
2024-03-26 15:00:00,145625.65034151688
2024-03-26 15:15:00,145625.65034151688
2024-03-27 09:15:00,145625.65034151688
2024-03-27 09:30:00,145625.65034151688
2024-03-27 09:45:00,145758.34801187433
2024-03-27 10:00:00,145845.27651057005
2024-03-27 10:15:00,145799.5073389083
2024-03-27 10:30:00,145922.32677077764
2024-03-27 10:45:00,145862.72806523246
2024-03-27 11:00:00,145916.07055306848
2024-03-27 11:15:00,145985.21822248554
2024-03-27 11:30:00,146002.34050253165
2024-03-27 11:45:00,146016.49931103134
2024-03-27 12:00:00,145969.08376628824
2024-03-27 12:15:00,145918.3754753824
2024-03-27 12:30:00,145928.5829884868
2024-03-27 12:45:00,145995.75501020622
2024-03-27 13:00:00,145932.2050092658
2024-03-27 13:15:00,145980.60837785772
2024-03-27 13:30:00,146067.53687655344
2024-03-27 13:45:00,146048.76822342596
2024-03-27 14:00:00,146127.46485671488
2024-03-27 14:15:00,146034.93868954259
2024-03-27 14:30:00,145989.4987924971
2024-03-27 14:45:00,145897.63117455732
2024-03-27 15:00:00,145645.73609310953
2024-03-27 15:15:00,145656.60215544648
2024-03-28 09:15:00,145656.60215544648
2024-03-28 09:30:00,145656.60215544648
2024-03-28 09:45:00,145656.60215544648
2024-03-28 10:00:00,145693.50518954324
2024-03-28 10:15:00,145556.9966209375
2024-03-28 10:30:00,146015.18207967875
2024-03-28 10:45:00,145956.07191001932
2024-03-28 11:00:00,146092.25390310207
2024-03-28 11:15:00,146104.66377297533
2024-03-28 11:30:00,146040.00181942523
2024-03-28 11:45:00,145853.52719580353
2024-03-28 12:00:00,145876.06090688915
2024-03-28 12:15:00,146004.40508742037
2024-03-28 12:30:00,146398.90831918048
2024-03-28 12:45:00,146330.6540348776
2024-03-28 13:00:00,146362.33186060668
2024-03-28 13:15:00,146390.74393110594
2024-03-28 13:30:00,146412.9510666686
2024-03-28 13:45:00,146519.74126268312
2024-03-28 14:00:00,146749.6504308612
2024-03-28 14:15:00,146875.70858273155
2024-03-28 14:30:00,146979.88617456224
2024-03-28 14:45:00,146436.13792880022
2024-03-28 15:00:00,145449.55327387704
2024-03-28 15:15:00,145934.19134997964
2024-04-01 09:15:00,146918.81655176496
2024-04-01 09:30:00,146845.3370590944
2024-04-01 09:45:00,147097.45336283513
2024-04-01 10:00:00,146982.8253542691
2024-04-01 10:15:00,146959.3119166145
2024-04-01 10:30:00,146907.38640846065
2024-04-01 10:45:00,146809.08717604363
2024-04-01 11:00:00,146824.7628011467
2024-04-01 11:15:00,146839.7852752038
2024-04-01 11:30:00,146745.07837353952
2024-04-01 11:45:00,146743.11892040164
2024-04-01 12:00:00,146743.11892040164
2024-04-01 12:15:00,146743.11892040164
2024-04-01 12:30:00,146743.11892040164
2024-04-01 12:45:00,146743.11892040164
2024-04-01 13:00:00,146743.11892040164
2024-04-01 13:15:00,146743.11892040164
2024-04-01 13:30:00,146743.11892040164
2024-04-01 13:45:00,146743.11892040164
2024-04-01 14:00:00,146743.11892040164
2024-04-01 14:15:00,146743.11892040164
2024-04-01 14:30:00,146743.11892040164
2024-04-01 14:45:00,146743.11892040164
2024-04-01 15:00:00,146743.11892040164
2024-04-01 15:15:00,146743.11892040164
2024-04-02 09:15:00,146743.11892040164
2024-04-02 09:30:00,146743.11892040164
2024-04-02 09:45:00,146743.11892040164
2024-04-02 10:00:00,146743.11892040164
2024-04-02 10:15:00,146743.11892040164
2024-04-02 10:30:00,146743.11892040164
2024-04-02 10:45:00,146743.11892040164
2024-04-02 11:00:00,146743.11892040164
2024-04-02 11:15:00,146743.11892040164
2024-04-02 11:30:00,146743.11892040164
2024-04-02 11:45:00,146743.11892040164
2024-04-02 12:00:00,146743.11892040164
2024-04-02 12:15:00,146743.11892040164
2024-04-02 12:30:00,146743.11892040164
2024-04-02 12:45:00,146743.11892040164
2024-04-02 13:00:00,146743.11892040164
2024-04-02 13:15:00,146743.11892040164
2024-04-02 13:30:00,146743.11892040164
2024-04-02 13:45:00,146743.11892040164
2024-04-02 14:00:00,146743.11892040164
2024-04-02 14:15:00,146743.11892040164
2024-04-02 14:30:00,146743.11892040164
2024-04-02 14:45:00,146743.11892040164
2024-04-02 15:00:00,146743.11892040164
2024-04-02 15:15:00,146743.11892040164
2024-04-03 09:15:00,146600.5429528635
2024-04-03 09:30:00,146634.63008073467
2024-04-03 09:45:00,146790.31648206944
2024-04-03 10:00:00,147155.44206330503
2024-04-03 10:15:00,147187.89038695165
2024-04-03 10:30:00,147205.26171173216
2024-04-03 10:45:00,147129.54895655674
2024-04-03 11:00:00,147149.54236809656
2024-04-03 11:15:00,147219.68318890844
2024-04-03 11:30:00,147180.67964836353
2024-04-03 11:45:00,147187.56262610672
2024-04-03 12:00:00,147354.72065701353
2024-04-03 12:15:00,147386.1856981254
2024-04-03 12:30:00,147509.7515366585
2024-04-03 12:45:00,147510.4070583483
2024-04-03 13:00:00,147396.01852347286
2024-04-03 13:15:00,147433.71102063812
2024-04-03 13:30:00,147466.15934428474
2024-04-03 13:45:00,147322.92785505677
2024-04-03 14:00:00,147459.2763665415
2024-04-03 14:15:00,147329.48307195507
2024-04-03 14:30:00,147155.76982414996
2024-04-03 14:45:00,147135.12089092028
2024-04-03 15:00:00,147038.10368082536
2024-04-03 15:15:00,147038.43144167025
2024-04-04 09:15:00,147038.43144167025
2024-04-04 09:30:00,147038.43144167025
2024-04-04 09:45:00,147038.43144167025
2024-04-04 10:00:00,147038.43144167025
2024-04-04 10:15:00,147038.43144167025
2024-04-04 10:30:00,147038.43144167025
2024-04-04 10:45:00,147038.43144167025
2024-04-04 11:00:00,147038.43144167025
2024-04-04 11:15:00,147038.43144167025
2024-04-04 11:30:00,147038.43144167025
2024-04-04 11:45:00,147038.43144167025
2024-04-04 12:00:00,147038.43144167025
2024-04-04 12:15:00,147038.43144167025
2024-04-04 12:30:00,147038.43144167025
2024-04-04 12:45:00,147038.43144167025
2024-04-04 13:00:00,147038.43144167025
2024-04-04 13:15:00,147038.43144167025
2024-04-04 13:30:00,147009.736180458
2024-04-04 13:45:00,146847.02100608408
2024-04-04 14:00:00,146934.73720228966
2024-04-04 14:15:00,147110.49567721464
2024-04-04 14:30:00,147152.2342389779
2024-04-04 14:45:00,146832.99945799174
2024-04-04 15:00:00,146784.4131634392
2024-04-04 15:15:00,147005.82319029272
2024-04-05 09:15:00,146538.22086553875
2024-04-05 09:30:00,146547.0250934107
2024-04-05 09:45:00,146653.98015792904
2024-04-05 10:00:00,146571.48128194385
2024-04-05 10:15:00,146693.11005958208
2024-04-05 10:30:00,146683.32758416882
2024-04-05 10:45:00,146778.869760705
2024-04-05 11:00:00,146831.0429629091
2024-04-05 11:15:00,146653.98015792904
2024-04-05 11:30:00,146658.5453131219
2024-04-05 11:45:00,146658.5453131219
2024-04-05 12:00:00,146658.5453131219
2024-04-05 12:15:00,146658.5453131219
2024-04-05 12:30:00,146658.5453131219
2024-04-05 12:45:00,146658.5453131219
2024-04-05 13:00:00,146658.5453131219
2024-04-05 13:15:00,146658.5453131219
2024-04-05 13:30:00,146658.5453131219
2024-04-05 13:45:00,146658.5453131219
2024-04-05 14:00:00,146658.5453131219
2024-04-05 14:15:00,146658.5453131219
2024-04-05 14:30:00,146658.5453131219
2024-04-05 14:45:00,146658.5453131219
2024-04-05 15:00:00,146658.5453131219
2024-04-05 15:15:00,146658.5453131219
2024-04-08 09:15:00,146658.5453131219
2024-04-08 09:30:00,146807.90532650313
2024-04-08 09:45:00,146708.22375235523
2024-04-08 10:00:00,146932.9131637896
2024-04-08 10:15:00,146858.233157099
2024-04-08 10:30:00,146891.02742090658
2024-04-08 10:45:00,146952.71960034664
2024-04-08 11:00:00,146917.3277710889
2024-04-08 11:15:00,146944.9269039963
2024-04-08 11:30:00,147093.63752601502
2024-04-08 11:45:00,147062.791436295
2024-04-08 12:00:00,147111.82048416577
2024-04-08 12:15:00,147153.70622704877
2024-04-08 12:30:00,147237.80240849603
2024-04-08 12:45:00,147289.10432613565
2024-04-08 13:00:00,147380.99320393326
2024-04-08 13:15:00,147020.90569341197
2024-04-08 13:30:00,147218.97005898273
2024-04-08 13:45:00,147125.13300709755
2024-04-08 14:00:00,147157.9272709052
2024-04-08 14:15:00,147208.5797971823
2024-04-08 14:30:00,147185.52640381258
2024-04-08 14:45:00,147249.81614870275
2024-04-08 15:00:00,147227.73684237685
2024-04-08 15:15:00,147158.5766622677
2024-04-09 09:15:00,147446.58173154847
2024-04-09 09:30:00,147606.65670241142
2024-04-09 09:45:00,147673.5440127517
2024-04-09 10:00:00,147730.3657569728
2024-04-09 10:15:00,147749.1981064861
2024-04-09 10:30:00,147802.44819821333
2024-04-09 10:45:00,147716.72853835975
2024-04-09 11:00:00,147604.38383264258
2024-04-09 11:15:00,147666.07601208266
2024-04-09 11:30:00,147685.2330572772
2024-04-09 11:45:00,147712.18279882206
2024-04-09 12:00:00,147544.96452297134
2024-04-09 12:15:00,147497.88364918812
2024-04-09 12:30:00,147330.99006901865
2024-04-09 12:45:00,147328.7171992498
2024-04-09 13:00:00,147328.7171992498
2024-04-09 13:15:00,147328.7171992498
2024-04-09 13:30:00,147328.7171992498
2024-04-09 13:45:00,147328.7171992498
2024-04-09 14:00:00,147328.7171992498
2024-04-09 14:15:00,147328.7171992498
2024-04-09 14:30:00,147328.7171992498
2024-04-09 14:45:00,147328.7171992498
2024-04-09 15:00:00,147328.7171992498
2024-04-09 15:15:00,147328.7171992498
2024-04-10 09:15:00,147328.7171992498
2024-04-10 09:30:00,147328.7171992498
2024-04-10 09:45:00,147328.7171992498
2024-04-10 10:00:00,147328.7171992498
2024-04-10 10:15:00,147328.7171992498
2024-04-10 10:30:00,147328.7171992498
2024-04-10 10:45:00,147328.7171992498
2024-04-10 11:00:00,147328.7171992498
2024-04-10 11:15:00,147168.44751622796
2024-04-10 11:30:00,147200.8907719004
2024-04-10 11:45:00,147239.82267870734
2024-04-10 12:00:00,147330.6637945902
2024-04-10 12:15:00,147300.16713425808
2024-04-10 12:30:00,147307.95351561948
2024-04-10 12:45:00,147283.62107386516
2024-04-10 13:00:00,147389.0616548006
2024-04-10 13:15:00,147474.0629846624
2024-04-10 13:30:00,147571.39275167973
2024-04-10 13:45:00,147537.32733322366
2024-04-10 14:00:00,147430.58902206132
2024-04-10 14:15:00,147572.36604934992
2024-04-10 14:30:00,147573.98821213355
2024-04-10 14:45:00,147578.85470048443
2024-04-10 15:00:00,147629.79061189017
2024-04-10 15:15:00,147519.80797516057
2024-04-12 09:15:00,147410.79863610116
2024-04-12 09:30:00,146906.63044295137
2024-04-12 09:45:00,146972.49025196643
2024-04-12 10:00:00,146914.09239175604
2024-04-12 10:15:00,146955.61975901676
2024-04-12 10:30:00,147066.2512608598
2024-04-12 10:45:00,147028.9415168365
2024-04-12 11:00:00,147018.88410757802
2024-04-12 11:15:00,147107.4541955638
2024-04-12 11:30:00,147172.66513946542
2024-04-12 11:45:00,147230.08970200564
2024-04-12 12:00:00,147214.19250672613
2024-04-12 12:15:00,146820.00695030592
2024-04-12 12:30:00,146827.14446655387
2024-04-12 12:45:00,146827.14446655387
2024-04-12 13:00:00,146827.14446655387
2024-04-12 13:15:00,146827.14446655387
2024-04-12 13:30:00,146827.14446655387
2024-04-12 13:45:00,146827.14446655387
2024-04-12 14:00:00,146827.14446655387
2024-04-12 14:15:00,146827.14446655387
2024-04-12 14:30:00,146827.14446655387
2024-04-12 14:45:00,146827.14446655387
2024-04-12 15:00:00,146827.14446655387
2024-04-12 15:15:00,146827.14446655387
2024-04-15 09:15:00,146827.14446655387
2024-04-15 09:30:00,146827.14446655387
2024-04-15 09:45:00,146827.14446655387
2024-04-15 10:00:00,146827.14446655387
2024-04-15 10:15:00,146827.14446655387
2024-04-15 10:30:00,146827.14446655387
2024-04-15 10:45:00,146827.14446655387
2024-04-15 11:00:00,146827.14446655387
2024-04-15 11:15:00,146827.14446655387
2024-04-15 11:30:00,146827.14446655387
2024-04-15 11:45:00,146827.14446655387
2024-04-15 12:00:00,146827.14446655387
2024-04-15 12:15:00,146827.14446655387
2024-04-15 12:30:00,146827.14446655387
2024-04-15 12:45:00,146827.14446655387
2024-04-15 13:00:00,146827.14446655387
2024-04-15 13:15:00,146827.14446655387
2024-04-15 13:30:00,146827.14446655387
2024-04-15 13:45:00,146827.14446655387
2024-04-15 14:00:00,146827.14446655387
2024-04-15 14:15:00,146827.14446655387
2024-04-15 14:30:00,146827.14446655387
2024-04-15 14:45:00,146827.14446655387
2024-04-15 15:00:00,146827.14446655387
2024-04-15 15:15:00,146827.14446655387
2024-04-16 09:15:00,146827.14446655387
2024-04-16 09:30:00,146827.14446655387
2024-04-16 09:45:00,146827.14446655387
2024-04-16 10:00:00,146827.14446655387
2024-04-16 10:15:00,146827.14446655387
2024-04-16 10:30:00,146827.14446655387
2024-04-16 10:45:00,146827.14446655387
2024-04-16 11:00:00,146827.14446655387
2024-04-16 11:15:00,146827.14446655387
2024-04-16 11:30:00,146827.14446655387
2024-04-16 11:45:00,146827.14446655387
2024-04-16 12:00:00,146827.14446655387
2024-04-16 12:15:00,146827.14446655387
2024-04-16 12:30:00,146827.14446655387
2024-04-16 12:45:00,146827.14446655387
2024-04-16 13:00:00,146827.14446655387
2024-04-16 13:15:00,146827.14446655387
2024-04-16 13:30:00,146827.14446655387
2024-04-16 13:45:00,146827.14446655387
2024-04-16 14:00:00,146827.14446655387
2024-04-16 14:15:00,146827.14446655387
2024-04-16 14:30:00,146827.14446655387
2024-04-16 14:45:00,146827.14446655387
2024-04-16 15:00:00,146827.14446655387
2024-04-16 15:15:00,146827.14446655387
2024-04-18 09:15:00,146827.14446655387
2024-04-18 09:30:00,146391.93402506938
2024-04-18 09:45:00,146436.7738887375
2024-04-18 10:00:00,146244.8856486284
2024-04-18 10:15:00,146232.68656807163
2024-04-18 10:30:00,146330.60891740565
2024-04-18 10:45:00,146346.76445652134
2024-04-18 11:00:00,146936.27678180492
2024-04-18 11:15:00,146890.44780349708
2024-04-18 11:30:00,146933.30943788573
2024-04-18 11:45:00,147068.48843864986
2024-04-18 12:00:00,147000.56923338788
2024-04-18 12:15:00,147134.42941463235
2024-04-18 12:30:00,147112.99859743804
2024-04-18 12:45:00,147039.80411409747
2024-04-18 13:00:00,146991.99690651015
2024-04-18 13:15:00,145951.4483055063
2024-04-18 13:30:00,145692.629974775
2024-04-18 13:45:00,145997.60698869405
2024-04-18 14:00:00,145979.14351541892
2024-04-18 14:15:00,145978.4841056591
2024-04-18 14:30:00,145435.13046356328
2024-04-18 14:45:00,145436.77898796287
2024-04-18 15:00:00,145436.77898796287
2024-04-18 15:15:00,145436.77898796287
2024-04-19 09:15:00,145436.77898796287
2024-04-19 09:30:00,145436.77898796287
2024-04-19 09:45:00,145436.77898796287
2024-04-19 10:00:00,145436.77898796287
2024-04-19 10:15:00,145436.77898796287
2024-04-19 10:30:00,145436.77898796287
2024-04-19 10:45:00,145436.77898796287
2024-04-19 11:00:00,145436.77898796287
2024-04-19 11:15:00,145436.77898796287
2024-04-19 11:30:00,145436.77898796287
2024-04-19 11:45:00,145436.77898796287
2024-04-19 12:00:00,145436.77898796287
2024-04-19 12:15:00,145663.8789095612
2024-04-19 12:30:00,146038.84242974763
2024-04-19 12:45:00,146166.48253166786
2024-04-19 13:00:00,146172.11858811628
2024-04-19 13:15:00,146168.80326079368
2024-04-19 13:30:00,146069.34344111558
2024-04-19 13:45:00,146816.2866868981
2024-04-19 14:00:00,146867.67426039846
2024-04-19 14:15:00,146753.6270005009
2024-04-19 14:30:00,146605.76340191282
2024-04-19 14:45:00,146838.4993799596
2024-04-19 15:00:00,146950.55744346356
2024-04-19 15:15:00,146867.01119493396
2024-04-22 09:15:00,147508.85856458996
2024-04-22 09:30:00,147321.87410359512
2024-04-22 09:45:00,147381.21846266973
2024-04-22 10:00:00,147505.87476999962
2024-04-22 10:15:00,147455.1502619638
2024-04-22 10:30:00,147544.99563240635
2024-04-22 10:45:00,147724.68637329145
2024-04-22 11:00:00,147755.51891739166
2024-04-22 11:15:00,147743.91527176255
2024-04-22 11:30:00,147775.74241405955
2024-04-22 11:45:00,147912.66543248307
2024-04-22 12:00:00,147775.4108813273
2024-04-22 12:15:00,147761.8180393046
2024-04-22 12:30:00,147814.2002110017
2024-04-22 12:45:00,147689.87543640408
2024-04-22 13:00:00,147689.87543640408
2024-04-22 13:15:00,147707.4466712139
2024-04-22 13:30:00,147768.44869394982
2024-04-22 13:45:00,147797.29204165647
2024-04-22 14:00:00,147812.8740800727
2024-04-22 14:15:00,147742.92067356576
2024-04-22 14:30:00,147962.39534232212
2024-04-22 14:45:00,147917.96995619923
2024-04-22 15:00:00,148177.89161829132
2024-04-22 15:15:00,148331.05974059558
2024-04-23 09:15:00,148520.69646344846
2024-04-23 09:30:00,148517.71266885815
2024-04-23 09:45:00,148475.2764791288
2024-04-23 10:00:00,148643.69510711706
2024-04-23 10:15:00,148531.3055108808
2024-04-23 10:30:00,148374.82206125392
2024-04-23 10:45:00,148404.66000715736
2024-04-23 11:00:00,148403.33387622834
2024-04-23 11:15:00,148525.00638896786
2024-04-23 11:30:00,148463.67283349967
2024-04-23 11:45:00,148545.89295110025
2024-04-23 12:00:00,148664.58166924946
2024-04-23 12:15:00,148596.94899186832
2024-04-23 12:30:00,148547.55061476154
2024-04-23 12:45:00,148571.7525042165
2024-04-23 13:00:00,148410.29606360575
2024-04-23 13:15:00,148446.10159868986
2024-04-23 13:30:00,148444.44393502854
2024-04-23 13:45:00,148453.06378606733
2024-04-23 14:00:00,148503.12522863864
2024-04-23 14:15:00,148503.12522863864
2024-04-23 14:30:00,148483.233264703
2024-04-23 14:45:00,148602.58504831675
2024-04-23 15:00:00,148377.47432311196
2024-04-23 15:15:00,148268.06852146605
2024-04-24 09:15:00,148589.32373902632
2024-04-24 09:30:00,148633.0860596847
2024-04-24 09:45:00,148758.73696521134
2024-04-24 10:00:00,148759.40003067587
2024-04-24 10:15:00,148911.2420220511
2024-04-24 10:30:00,149010.37030899693
2024-04-24 10:45:00,148964.28725921275
2024-04-24 11:00:00,148919.5303403576
2024-04-24 11:15:00,148936.1069769706
2024-04-24 11:30:00,148872.12115964433
2024-04-24 11:45:00,148898.64377822517
2024-04-24 12:00:00,148924.17179860923
2024-04-24 12:15:00,148912.56815298012
2024-04-24 12:30:00,148898.97531095747
2024-04-24 12:45:00,148825.0435116634
2024-04-24 13:00:00,148850.9030647797
2024-04-24 13:15:00,148849.57693385068
2024-04-24 13:30:00,148838.96788641834
2024-04-24 13:45:00,148836.9786900248
2024-04-24 14:00:00,148854.21839210234
2024-04-24 14:15:00,148739.83959947253
2024-04-24 14:30:00,148733.87201029185
2024-04-24 14:45:00,148733.87201029185
2024-04-24 15:00:00,148733.87201029185
2024-04-24 15:15:00,148733.87201029185
2024-04-25 09:15:00,148733.87201029185
2024-04-25 09:30:00,148733.87201029185
2024-04-25 09:45:00,148733.87201029185
2024-04-25 10:00:00,148733.87201029185
2024-04-25 10:15:00,148733.87201029185
2024-04-25 10:30:00,148733.87201029185
2024-04-25 10:45:00,148733.87201029185
2024-04-25 11:00:00,148733.87201029185
2024-04-25 11:15:00,148733.87201029185
2024-04-25 11:30:00,148733.87201029185
2024-04-25 11:45:00,148733.87201029185
2024-04-25 12:00:00,148733.87201029185
2024-04-25 12:15:00,148733.87201029185
2024-04-25 12:30:00,148733.87201029185
2024-04-25 12:45:00,148733.87201029185
2024-04-25 13:00:00,148733.87201029185
2024-04-25 13:15:00,148733.87201029185
2024-04-25 13:30:00,148733.87201029185
2024-04-25 13:45:00,148808.61597336736
2024-04-25 14:00:00,149337.44604840173
2024-04-25 14:15:00,149434.6793455
2024-04-25 14:30:00,149495.53283756148
2024-04-25 14:45:00,149465.43681703106
2024-04-25 15:00:00,149291.14447835495
2024-04-25 15:15:00,149218.38486828143
2024-04-26 09:15:00,149517.69144608386
2024-04-26 09:30:00,149441.624581007
2024-04-26 09:45:00,149382.42471644716
2024-04-26 10:00:00,149078.8187071404
2024-04-26 10:15:00,149008.0434500689
2024-04-26 10:30:00,149059.30590262066
2024-04-26 10:45:00,149157.20065071958
2024-04-26 11:00:00,148931.64585949166
2024-04-26 11:15:00,148941.56762450168
2024-04-26 11:30:00,148941.56762450168
2024-04-26 11:45:00,148941.56762450168
2024-04-26 12:00:00,148941.56762450168
2024-04-26 12:15:00,148941.56762450168
2024-04-26 12:30:00,148941.56762450168
2024-04-26 12:45:00,148941.56762450168
2024-04-26 13:00:00,148941.56762450168
2024-04-26 13:15:00,148941.56762450168
2024-04-26 13:30:00,148941.56762450168
2024-04-26 13:45:00,148941.56762450168
2024-04-26 14:00:00,148941.56762450168
2024-04-26 14:15:00,148941.56762450168
2024-04-26 14:30:00,148941.56762450168
2024-04-26 14:45:00,148941.56762450168
2024-04-26 15:00:00,148941.56762450168
2024-04-26 15:15:00,148941.56762450168
2024-04-29 09:15:00,148941.56762450168
2024-04-29 09:30:00,148941.56762450168
2024-04-29 09:45:00,148941.56762450168
2024-04-29 10:00:00,148941.56762450168
2024-04-29 10:15:00,148941.56762450168
2024-04-29 10:30:00,148941.56762450168
2024-04-29 10:45:00,148941.56762450168
2024-04-29 11:00:00,148941.56762450168
2024-04-29 11:15:00,148951.48104665906
2024-04-29 11:30:00,148964.6989428689
2024-04-29 11:45:00,149060.19824298512
2024-04-29 12:00:00,149089.27761464682
2024-04-29 12:15:00,149164.619623043
2024-04-29 12:30:00,149169.24588671644
2024-04-29 12:45:00,149183.7855725473
2024-04-29 13:00:00,149202.29062724108
2024-04-29 13:15:00,149356.60956549115
2024-04-29 13:30:00,149490.11031721067
2024-04-29 13:45:00,149499.03239715233
2024-04-29 14:00:00,149435.91694275028
2024-04-29 14:15:00,149452.43931301258
2024-04-29 14:30:00,149417.0814406512
2024-04-29 14:45:00,149546.94727091308
2024-04-29 15:00:00,149712.83186834675
2024-04-29 15:15:00,149581.31380105868
2024-04-30 09:15:00,149884.6645190749
2024-04-30 09:30:00,150063.4365653132
2024-04-30 09:45:00,150335.72522723625
2024-04-30 10:00:00,150203.21581773245
2024-04-30 10:15:00,150244.191295983
2024-04-30 10:30:00,150305.3240659536
2024-04-30 10:45:00,150321.8464362159
2024-04-30 11:00:00,150249.80890187217
2024-04-30 11:15:00,150216.76416134753
2024-04-30 11:30:00,150255.0960603561
2024-04-30 11:45:00,150317.55061994767
2024-04-30 12:00:00,150322.17688362114
2024-04-30 12:15:00,150333.0816479943
2024-04-30 12:30:00,150301.02824968536
2024-04-30 12:45:00,150272.9402202394
2024-04-30 13:00:00,150120.27351901558
2024-04-30 13:15:00,150241.87816414624
2024-04-30 13:30:00,150284.50587942306
2024-04-30 13:45:00,150280.21006315487
2024-04-30 14:00:00,150472.8609004135
2024-04-30 14:15:00,150508.5492201801
2024-04-30 14:30:00,150311.60256665325
2024-04-30 14:45:00,149983.1378458383
2024-04-30 15:00:00,149385.68893715276
2024-04-30 15:15:00,149281.26755709492
2024-05-02 09:15:00,149149.74948980685
2024-05-02 09:30:00,149149.74948980685
2024-05-02 09:45:00,149149.74948980685
2024-05-02 10:00:00,149149.74948980685
2024-05-02 10:15:00,149149.74948980685
2024-05-02 10:30:00,149149.74948980685
2024-05-02 10:45:00,149149.74948980685
2024-05-02 11:00:00,149149.74948980685
2024-05-02 11:15:00,149149.74948980685
2024-05-02 11:30:00,149149.74948980685
2024-05-02 11:45:00,149149.74948980685
2024-05-02 12:00:00,149149.74948980685
2024-05-02 12:15:00,149173.41127293382
2024-05-02 12:30:00,149098.8109289085
2024-05-02 12:45:00,149065.94734123212
2024-05-02 13:00:00,149098.15365715497
2024-05-02 13:15:00,149202.98850184254
2024-05-02 13:30:00,149154.02175620478
2024-05-02 13:45:00,149153.36448445122
2024-05-02 14:00:00,149066.27597710883
2024-05-02 14:15:00,148876.98171209297
2024-05-02 14:30:00,148932.19253938927
2024-05-02 14:45:00,148987.07473080882
2024-05-02 15:00:00,148817.169982522
2024-05-02 15:15:00,148916.41801730462
2024-05-03 09:15:00,149800.77716167562
2024-05-03 09:30:00,149659.46373466725
2024-05-03 09:45:00,149645.6610278432
2024-05-03 10:00:00,149078.43550454912
2024-05-03 10:15:00,148819.47043365933
2024-05-03 10:30:00,148822.75679242695
2024-05-03 10:45:00,148822.75679242695
2024-05-03 11:00:00,148822.75679242695
2024-05-03 11:15:00,148822.75679242695
2024-05-03 11:30:00,148822.75679242695
2024-05-03 11:45:00,148822.75679242695
2024-05-03 12:00:00,148822.75679242695
2024-05-03 12:15:00,148822.75679242695
2024-05-03 12:30:00,148822.75679242695
2024-05-03 12:45:00,148822.75679242695
2024-05-03 13:00:00,148822.75679242695
2024-05-03 13:15:00,148822.75679242695
2024-05-03 13:30:00,148822.75679242695
2024-05-03 13:45:00,148822.75679242695
2024-05-03 14:00:00,148822.75679242695
2024-05-03 14:15:00,148822.75679242695
2024-05-03 14:30:00,148822.75679242695
2024-05-03 14:45:00,148822.75679242695
2024-05-03 15:00:00,148822.75679242695
2024-05-03 15:15:00,148822.75679242695
2024-05-06 09:15:00,148822.75679242695
2024-05-06 09:30:00,148347.47532466386
2024-05-06 09:45:00,148033.69726827656
2024-05-06 10:00:00,148097.63943522942
2024-05-06 10:15:00,148291.4435288804
2024-05-06 10:30:00,148394.27835408296
2024-05-06 10:45:00,148457.8909222371
2024-05-06 11:00:00,148280.5667685224
2024-05-06 11:15:00,148233.10454150586
2024-05-06 11:30:00,148276.61158293768
2024-05-06 11:45:00,148449.65095226892
2024-05-06 12:00:00,148457.56132343833
2024-05-06 12:15:00,148249.58448144214
2024-05-06 12:30:00,148212.6694159848
2024-05-06 12:45:00,148114.11937516567
2024-05-06 13:00:00,147919.98568271598
2024-05-06 13:15:00,147794.07894160258
2024-05-06 13:30:00,147815.17326472106
2024-05-06 13:45:00,147815.17326472106
2024-05-06 14:00:00,147815.17326472106
2024-05-06 14:15:00,147815.17326472106
2024-05-06 14:30:00,147815.17326472106
2024-05-06 14:45:00,147815.17326472106
2024-05-06 15:00:00,147815.17326472106
2024-05-06 15:15:00,147815.17326472106
2024-05-07 09:15:00,147815.17326472106
2024-05-07 09:30:00,147815.17326472106
2024-05-07 09:45:00,147815.17326472106
2024-05-07 10:00:00,147815.17326472106
2024-05-07 10:15:00,147815.17326472106
2024-05-07 10:30:00,147815.17326472106
2024-05-07 10:45:00,147815.17326472106
2024-05-07 11:00:00,147815.17326472106
2024-05-07 11:15:00,147815.17326472106
2024-05-07 11:30:00,147815.17326472106
2024-05-07 11:45:00,147815.17326472106
2024-05-07 12:00:00,147815.17326472106
2024-05-07 12:15:00,147815.17326472106
2024-05-07 12:30:00,147815.17326472106
2024-05-07 12:45:00,147815.17326472106
2024-05-07 13:00:00,147815.17326472106
2024-05-07 13:15:00,147815.17326472106
2024-05-07 13:30:00,147815.17326472106
2024-05-07 13:45:00,147815.17326472106
2024-05-07 14:00:00,147815.17326472106
2024-05-07 14:15:00,147815.17326472106
2024-05-07 14:30:00,147815.17326472106
2024-05-07 14:45:00,147815.17326472106
2024-05-07 15:00:00,147815.17326472106
2024-05-07 15:15:00,147815.17326472106
2024-05-08 09:15:00,147815.17326472106
2024-05-08 09:30:00,147815.17326472106
2024-05-08 09:45:00,147815.17326472106
2024-05-08 10:00:00,147815.17326472106
2024-05-08 10:15:00,147815.17326472106
2024-05-08 10:30:00,147815.17326472106
2024-05-08 10:45:00,147815.17326472106
2024-05-08 11:00:00,147815.17326472106
2024-05-08 11:15:00,147815.17326472106
2024-05-08 11:30:00,147815.17326472106
2024-05-08 11:45:00,147815.17326472106
2024-05-08 12:00:00,147970.88501134937
2024-05-08 12:15:00,147933.11663025228
2024-05-08 12:30:00,147891.04132850378
2024-05-08 12:45:00,148008.32209085787
2024-05-08 13:00:00,148004.346471795
2024-05-08 13:15:00,148121.95853573765
2024-05-08 13:30:00,147855.2607569381
2024-05-08 13:45:00,147750.23815336116
2024-05-08 14:00:00,147596.51421626427
2024-05-08 14:15:00,147526.94088266438
2024-05-08 14:30:00,147522.63396201294
2024-05-08 14:45:00,147522.63396201294
2024-05-08 15:00:00,147522.63396201294
2024-05-08 15:15:00,147522.63396201294
2024-05-09 09:15:00,147522.63396201294
2024-05-09 09:30:00,147522.63396201294
2024-05-09 09:45:00,147522.63396201294
2024-05-09 10:00:00,147522.63396201294
2024-05-09 10:15:00,147522.63396201294
2024-05-09 10:30:00,147522.63396201294
2024-05-09 10:45:00,147522.63396201294
2024-05-09 11:00:00,147522.63396201294
2024-05-09 11:15:00,147522.63396201294
2024-05-09 11:30:00,147522.63396201294
2024-05-09 11:45:00,147522.63396201294
2024-05-09 12:00:00,147522.63396201294
2024-05-09 12:15:00,147522.63396201294
2024-05-09 12:30:00,147522.63396201294
2024-05-09 12:45:00,147522.63396201294
2024-05-09 13:00:00,147522.63396201294
2024-05-09 13:15:00,147522.63396201294
2024-05-09 13:30:00,147522.63396201294
2024-05-09 13:45:00,147522.63396201294
2024-05-09 14:00:00,147522.63396201294
2024-05-09 14:15:00,147522.63396201294
2024-05-09 14:30:00,147522.63396201294
2024-05-09 14:45:00,147522.63396201294
2024-05-09 15:00:00,147522.63396201294
2024-05-09 15:15:00,147522.63396201294
2024-05-10 09:15:00,147522.63396201294
2024-05-10 09:30:00,147522.63396201294
2024-05-10 09:45:00,147522.63396201294
2024-05-10 10:00:00,147522.63396201294
2024-05-10 10:15:00,147522.63396201294
2024-05-10 10:30:00,147522.63396201294
2024-05-10 10:45:00,147522.63396201294
2024-05-10 11:00:00,147522.63396201294
2024-05-10 11:15:00,147522.63396201294
2024-05-10 11:30:00,147404.01520957748
2024-05-10 11:45:00,147215.56175500393
2024-05-10 12:00:00,147236.27826951377
2024-05-10 12:15:00,147142.05154222704
2024-05-10 12:30:00,147185.82353256238
2024-05-10 12:45:00,146985.0069967491
2024-05-10 13:00:00,146970.30495419374
2024-05-10 13:15:00,147130.6908729797
2024-05-10 13:30:00,147254.65582270804
2024-05-10 13:45:00,147421.0562134485
2024-05-10 14:00:00,147201.19384977937
2024-05-10 14:15:00,147143.05395421945
2024-05-10 14:30:00,147225.25173759725
2024-05-10 14:45:00,147269.6920025942
2024-05-10 15:00:00,147385.30351905245
2024-05-10 15:15:00,147381.29387108283
2024-05-13 09:15:00,146698.3171669192
2024-05-13 09:30:00,146067.46588636105
2024-05-13 09:45:00,146087.1799888785
2024-05-13 10:00:00,146259.2607142426
2024-05-13 10:15:00,146177.0629308648
2024-05-13 10:30:00,145903.40445693623
2024-05-13 10:45:00,145902.73618227465
2024-05-13 11:00:00,145902.73618227465
2024-05-13 11:15:00,145902.73618227465
2024-05-13 11:30:00,145902.73618227465
2024-05-13 11:45:00,145961.86071395891
2024-05-13 12:00:00,146053.53695409858
2024-05-13 12:15:00,146307.30741593443
2024-05-13 12:30:00,146299.66772925615
2024-05-13 12:45:00,146281.3989132863
2024-05-13 13:00:00,146344.50936845492
2024-05-13 13:15:00,145975.14712557336
2024-05-13 13:30:00,146007.3666737384
2024-05-13 13:45:00,146828.13475122067
2024-05-13 14:00:00,146835.11011731825
2024-05-13 14:15:00,146815.51266018694
2024-05-13 14:30:00,146957.34510417114
2024-05-13 14:45:00,146946.05165429885
2024-05-13 15:00:00,146804.55137060504
2024-05-13 15:15:00,146943.72653226633
2024-05-14 09:15:00,147013.48019324214
2024-05-14 09:30:00,147105.1564333818
2024-05-14 09:45:00,147091.20570118664
2024-05-14 10:00:00,146808.8694543797
2024-05-14 10:15:00,147061.97559563487
2024-05-14 10:30:00,147181.88546045523
2024-05-14 10:45:00,147103.82779222037
2024-05-14 11:00:00,147338.99727779604
2024-05-14 11:15:00,147229.38438197688
2024-05-14 11:30:00,147324.7143853105
2024-05-14 11:45:00,147352.61584970084
2024-05-14 12:00:00,147381.51379496226
2024-05-14 12:15:00,147379.85299351046
2024-05-14 12:30:00,147443.62776925982
2024-05-14 12:45:00,147636.94505824998
2024-05-14 13:00:00,147615.02247908615
2024-05-14 13:15:00,147683.77965919088
2024-05-14 13:30:00,147754.5298010378
2024-05-14 13:45:00,147867.79646005094
2024-05-14 14:00:00,147816.97593562567
2024-05-14 14:15:00,147855.1743690172
2024-05-14 14:30:00,147724.30321461495
2024-05-14 14:45:00,147723.30673374384
2024-05-14 15:00:00,147625.65160837767
2024-05-14 15:15:00,147637.27721854032
2024-05-15 09:15:00,147983.3882410966
2024-05-15 09:30:00,148034.20876552185
2024-05-15 09:45:00,147807.34328720524
2024-05-15 10:00:00,147410.07957993334
2024-05-15 10:15:00,147272.2330594335
2024-05-15 10:30:00,147247.98535823714
2024-05-15 10:45:00,147434.65944142008
2024-05-15 11:00:00,147680.79021657765
2024-05-15 11:15:00,147331.02543082743
2024-05-15 11:30:00,147323.38574414913
2024-05-15 11:45:00,147323.38574414913
2024-05-15 12:00:00,147323.38574414913
2024-05-15 12:15:00,147323.38574414913
2024-05-15 12:30:00,147323.38574414913
2024-05-15 12:45:00,147323.38574414913
2024-05-15 13:00:00,147323.38574414913
2024-05-15 13:15:00,147323.38574414913
2024-05-15 13:30:00,147323.38574414913
2024-05-15 13:45:00,147323.38574414913
2024-05-15 14:00:00,147323.38574414913
2024-05-15 14:15:00,147323.38574414913
2024-05-15 14:30:00,147323.38574414913
2024-05-15 14:45:00,147323.38574414913
2024-05-15 15:00:00,147323.38574414913
2024-05-15 15:15:00,147323.38574414913
2024-05-16 09:15:00,147323.38574414913
2024-05-16 09:30:00,146850.5975204616
2024-05-16 09:45:00,146865.12453292127
2024-05-16 10:00:00,146884.27377661812
2024-05-16 10:15:00,146498.9777870627
2024-05-16 10:30:00,146691.4607021534
2024-05-16 10:45:00,146347.43463435845
2024-05-16 11:00:00,146241.45347527764
2024-05-16 11:15:00,146192.5898879133
2024-05-16 11:30:00,146474.54599338057
2024-05-16 11:45:00,146359.32037182542
2024-05-16 12:00:00,147181.7473726673
2024-05-16 12:15:00,146460.01898092087
2024-05-16 12:30:00,146424.69192789393
2024-05-16 12:45:00,146202.1645097617
2024-05-16 13:00:00,146204.1454660062
2024-05-16 13:15:00,146204.1454660062
2024-05-16 13:30:00,146204.1454660062
2024-05-16 13:45:00,146204.1454660062
2024-05-16 14:00:00,146204.1454660062
2024-05-16 14:15:00,146204.1454660062
2024-05-16 14:30:00,146204.1454660062
2024-05-16 14:45:00,146204.1454660062
2024-05-16 15:00:00,146478.75328576457
2024-05-16 15:15:00,146407.48601825585
2024-05-17 09:15:00,146304.8349999176
2024-05-17 09:30:00,146191.06890316054
2024-05-17 09:45:00,146503.5987551713
2024-05-17 10:00:00,146403.8899634733
2024-05-17 10:15:00,146651.03700125584
2024-05-17 10:30:00,146836.7241936639
2024-05-17 10:45:00,146841.627904731
2024-05-17 11:00:00,146910.60677374172
2024-05-17 11:15:00,146844.57013137126
2024-05-17 11:30:00,147003.45036994576
2024-05-17 11:45:00,146986.12392417528
2024-05-17 12:00:00,146837.37802180616
2024-05-17 12:15:00,146963.56685326656
2024-05-17 12:30:00,146943.62509492695
2024-05-17 12:45:00,146877.26153848536
2024-05-17 13:00:00,146945.25966528268
2024-05-17 13:15:00,147004.10419808805
2024-05-17 13:30:00,146949.83646227868
2024-05-17 13:45:00,146933.49075872163
2024-05-17 14:00:00,146994.29677595382
2024-05-17 14:15:00,146912.89517223975
2024-05-17 14:30:00,146963.5668532666
2024-05-17 14:45:00,146872.03091334712
2024-05-17 15:00:00,146943.95200899814
2024-05-17 15:15:00,146886.08821840616
2024-05-18 09:15:00,147190.1183045672
2024-05-18 09:30:00,147173.1187728679
2024-05-18 09:45:00,146995.27751816722
2024-05-18 11:30:00,147084.19814551756
2024-05-18 11:45:00,147068.83318417394
2024-05-18 12:00:00,147155.4654130263
2024-05-18 12:15:00,147155.79232709744
2024-05-21 09:15:00,146915.51048480885
2024-05-21 09:30:00,146938.0675557176
2024-05-21 09:45:00,146860.26200678604
2024-05-21 10:00:00,146887.0689606196
2024-05-21 10:15:00,146977.2972442545
2024-05-21 10:30:00,146837.05110773502
2024-05-21 10:45:00,146834.4357951659
2024-05-21 11:00:00,146834.4357951659
2024-05-21 11:15:00,146834.4357951659
2024-05-21 11:30:00,146834.4357951659
2024-05-21 11:45:00,146973.99117866828
2024-05-21 12:00:00,147030.72631121366
2024-05-21 12:15:00,146930.29860532878
2024-05-21 12:30:00,147078.0055883348
2024-05-21 12:45:00,147264.51418497824
2024-05-21 13:00:00,147209.73543631373
2024-05-21 13:15:00,147081.59229211643
2024-05-21 13:30:00,147003.98906484173
2024-05-21 13:45:00,147008.8800245439
2024-05-21 14:00:00,146960.29649150217
2024-05-21 14:15:00,146996.8156572785
2024-05-21 14:30:00,147035.94333489597
2024-05-21 14:45:00,146834.76185914603
2024-05-21 15:00:00,146894.10550353254
2024-05-21 15:15:00,146778.02672660066
2024-05-22 09:15:00,147105.06889868688
2024-05-22 09:30:00,146770.20119107715
2024-05-22 09:45:00,147082.89654803695
2024-05-22 10:00:00,147109.63379440893
2024-05-22 10:15:00,147018.9880079284
2024-05-22 10:30:00,147031.37843917395
2024-05-22 10:45:00,147092.3524034612
2024-05-22 11:00:00,147030.72631121366
2024-05-22 11:15:00,147062.68058126795
2024-05-22 11:30:00,146984.09916205282
2024-05-22 11:45:00,147072.78856465247
2024-05-22 12:00:00,147147.783280086
2024-05-22 12:15:00,147164.41254307344
2024-05-22 12:30:00,147127.56731331698
2024-05-22 12:45:00,147121.3720976942
2024-05-22 13:00:00,147153.3263677485
2024-05-22 13:15:00,147194.736493227
2024-05-22 13:30:00,147235.1684267651
2024-05-22 13:45:00,147268.1008887598
2024-05-22 14:00:00,147229.62533910258
2024-05-22 14:15:00,147206.1487325321
2024-05-22 14:30:00,147310.48920617875
2024-05-22 14:45:00,147070.1800528113
2024-05-22 15:00:00,147367.2243387241
2024-05-22 15:15:00,147514.60525774996
2024-05-23 09:15:00,147285.70834368764
2024-05-23 09:30:00,147904.5777780043
2024-05-23 09:45:00,147923.16342487265
2024-05-23 10:00:00,147866.7543563074
2024-05-23 10:15:00,148023.26506677739
2024-05-23 10:30:00,147775.13037788647
2024-05-23 10:45:00,147998.81026826648
2024-05-23 11:00:00,148012.17889145244
2024-05-23 11:15:00,148097.60765425063
2024-05-23 11:30:00,148181.08003316796
2024-05-23 11:45:00,148426.93227419787
2024-05-23 12:00:00,148416.82429081333
2024-05-23 12:15:00,148661.69833990282
2024-05-23 12:30:00,148885.37823028283
2024-05-23 12:45:00,148959.3947537759
2024-05-23 13:00:00,148883.0957824218
2024-05-23 13:15:00,149009.28254273822
2024-05-23 13:30:00,148903.96387715114
2024-05-23 13:45:00,149062.75703548215
2024-05-23 14:00:00,149434.46997284834
2024-05-23 14:15:00,149519.57267166636
2024-05-23 14:30:00,149521.52905554723
2024-05-23 14:45:00,149470.98913862463
2024-05-23 15:00:00,149850.20154753418
2024-05-23 15:15:00,149669.88816651356
2024-05-24 09:15:00,149898.45901659576
2024-05-24 09:30:00,149808.79142205568
2024-05-24 09:45:00,149634.67325665784
2024-05-24 10:00:00,149465.77211494235
2024-05-24 10:15:00,149568.48226868827
2024-05-24 10:30:00,149659.78018312907
2024-05-24 10:45:00,149841.39782007027
2024-05-24 11:00:00,149725.64510711853
2024-05-24 11:15:00,149828.0291968843
2024-05-24 11:30:00,149832.92015658648
2024-05-24 11:45:00,149812.05206185713
2024-05-24 12:00:00,149789.87971120724
2024-05-24 12:15:00,149782.05417568373
2024-05-24 12:30:00,149887.69890525096
2024-05-24 12:45:00,150006.06013004386
2024-05-24 13:00:00,149932.36967053093
2024-05-24 13:15:00,150076.81601373552
2024-05-24 13:30:00,150039.97078397902
2024-05-24 13:45:00,149986.82235521526
2024-05-24 14:00:00,150027.58035273346
2024-05-24 14:15:00,149886.39464933035
2024-05-24 14:30:00,149924.87019898754
2024-05-24 14:45:00,149813.03025379757
2024-05-24 15:00:00,149717.81957159497
2024-05-24 15:15:00,149676.40944611645
2024-05-27 09:15:00,149910.19731988097
2024-05-27 09:30:00,149973.45373202927
2024-05-27 09:45:00,149684.56104562012
2024-05-27 10:00:00,149669.2360385533
2024-05-27 10:15:00,149887.698905251
2024-05-27 10:30:00,149979.32288367194
2024-05-27 10:45:00,150008.9947058652
2024-05-27 11:00:00,149916.39253550378
2024-05-27 11:15:00,149992.6915068579
2024-05-27 11:30:00,150112.03092359126
2024-05-27 11:45:00,150435.4863918959
2024-05-27 12:00:00,150432.22575209444
2024-05-27 12:15:00,150558.41251241084
2024-05-27 12:30:00,150645.7976590899
2024-05-27 12:45:00,150418.20500094813
2024-05-27 13:00:00,150477.54864533464
2024-05-27 13:15:00,150528.41462623738
2024-05-27 13:30:00,150465.81034204937
2024-05-27 13:45:00,150453.41991080384
2024-05-27 14:00:00,150434.50819995537
2024-05-27 14:15:00,150363.10018830342
2024-05-27 14:30:00,150105.18358000813
2024-05-27 14:45:00,149502.29128071858
2024-05-27 15:00:00,149494.13968121493
2024-05-27 15:15:00,149494.13968121493
2024-05-28 09:15:00,149494.13968121493
2024-05-28 09:30:00,149494.13968121493
2024-05-28 09:45:00,149494.13968121493
2024-05-28 10:00:00,149494.13968121493
2024-05-28 10:15:00,149494.13968121493
2024-05-28 10:30:00,149494.13968121493
2024-05-28 10:45:00,149494.13968121493
2024-05-28 11:00:00,149494.13968121493
2024-05-28 11:15:00,149494.13968121493
2024-05-28 11:30:00,149494.13968121493
2024-05-28 11:45:00,149494.13968121493
2024-05-28 12:00:00,149494.13968121493
2024-05-28 12:15:00,149494.13968121493
2024-05-28 12:30:00,149494.13968121493
2024-05-28 12:45:00,149494.13968121493
2024-05-28 13:00:00,149494.13968121493
2024-05-28 13:15:00,149494.13968121493
2024-05-28 13:30:00,149494.13968121493
2024-05-28 13:45:00,149494.13968121493
2024-05-28 14:00:00,149494.13968121493
2024-05-28 14:15:00,149494.13968121493
2024-05-28 14:30:00,149494.13968121493
2024-05-28 14:45:00,149494.13968121493
2024-05-28 15:00:00,149494.13968121493
2024-05-28 15:15:00,149494.13968121493
2024-05-29 09:15:00,149494.13968121493
2024-05-29 09:30:00,149494.13968121493
2024-05-29 09:45:00,149494.13968121493
2024-05-29 10:00:00,149494.13968121493
2024-05-29 10:15:00,149494.13968121493
2024-05-29 10:30:00,149494.13968121493
2024-05-29 10:45:00,149494.13968121493
2024-05-29 11:00:00,149494.13968121493
2024-05-29 11:15:00,149494.13968121493
2024-05-29 11:30:00,149494.13968121493
2024-05-29 11:45:00,149494.13968121493
2024-05-29 12:00:00,149494.13968121493
2024-05-29 12:15:00,149494.13968121493
2024-05-29 12:30:00,149494.13968121493
2024-05-29 12:45:00,149494.13968121493
2024-05-29 13:00:00,149494.13968121493
2024-05-29 13:15:00,149494.13968121493
2024-05-29 13:30:00,149494.13968121493
2024-05-29 13:45:00,149494.13968121493
2024-05-29 14:00:00,149494.13968121493
2024-05-29 14:15:00,149494.13968121493
2024-05-29 14:30:00,149494.13968121493
2024-05-29 14:45:00,149494.13968121493
2024-05-29 15:00:00,149494.13968121493
2024-05-29 15:15:00,149494.13968121493
2024-05-30 09:15:00,149494.13968121493
2024-05-30 09:30:00,149494.13968121493
2024-05-30 09:45:00,149494.13968121493
2024-05-30 10:00:00,149494.13968121493
2024-05-30 10:15:00,149494.13968121493
2024-05-30 10:30:00,149494.13968121493
2024-05-30 10:45:00,149494.13968121493
2024-05-30 11:00:00,149494.13968121493
2024-05-30 11:15:00,149494.13968121493
2024-05-30 11:30:00,149494.13968121493
2024-05-30 11:45:00,149494.13968121493
2024-05-30 12:00:00,149494.13968121493
2024-05-30 12:15:00,149494.13968121493
2024-05-30 12:30:00,149494.13968121493
2024-05-30 12:45:00,149494.13968121493
2024-05-30 13:00:00,149494.13968121493
2024-05-30 13:15:00,149494.13968121493
2024-05-30 13:30:00,149494.13968121493
2024-05-30 13:45:00,149494.13968121493
2024-05-30 14:00:00,149494.13968121493
2024-05-30 14:15:00,149494.13968121493
2024-05-30 14:30:00,149494.13968121493
2024-05-30 14:45:00,149494.13968121493
2024-05-30 15:00:00,149494.13968121493
2024-05-30 15:15:00,149494.13968121493
2024-05-31 09:15:00,149494.13968121493
2024-05-31 09:30:00,149494.13968121493
2024-05-31 09:45:00,149494.13968121493
2024-05-31 10:00:00,149494.13968121493
2024-05-31 10:15:00,149494.13968121493
2024-05-31 10:30:00,149494.13968121493
2024-05-31 10:45:00,149494.13968121493
2024-05-31 11:00:00,149494.13968121493
2024-05-31 11:15:00,149494.13968121493
2024-05-31 11:30:00,149494.13968121493
2024-05-31 11:45:00,149494.13968121493
2024-05-31 12:00:00,149494.13968121493
2024-05-31 12:15:00,149494.13968121493
2024-05-31 12:30:00,149494.13968121493
2024-05-31 12:45:00,149494.13968121493
2024-05-31 13:00:00,149494.13968121493
2024-05-31 13:15:00,149494.13968121493
2024-05-31 13:30:00,149613.125414795
2024-05-31 13:45:00,149824.25051866827
2024-05-31 14:00:00,149846.4567697821
2024-05-31 14:15:00,149301.24358945002
2024-05-31 14:30:00,149188.22371437814
2024-05-31 14:45:00,149266.11131156844
2024-05-31 15:00:00,149302.56933578517
2024-05-31 15:15:00,149480.88221786337
2024-06-03 09:15:00,153342.1184189993
2024-06-03 09:30:00,153161.48548083458
2024-06-03 09:45:00,153542.3061156076
2024-06-03 10:00:00,153767.35155599995
2024-06-03 10:15:00,153806.461072887
2024-06-03 10:30:00,153429.94911370327
2024-06-03 10:45:00,153418.0173966869
2024-06-03 11:00:00,153622.84520546818
2024-06-03 11:15:00,153719.95612451824
2024-06-03 11:30:00,153813.42124114657
2024-06-03 11:45:00,153970.19074527852
2024-06-03 12:00:00,153930.08691864013
2024-06-03 12:15:00,153960.91052093243
2024-06-03 12:30:00,153877.38850181774
2024-06-03 12:45:00,153971.84792819747
2024-06-03 13:00:00,153972.84223794885
2024-06-03 13:15:00,154008.637388998
2024-06-03 13:30:00,153811.76405822762
2024-06-03 13:45:00,154042.77535712824
2024-06-03 14:00:00,154058.0214399825
2024-06-03 14:15:00,153932.07553814285
2024-06-03 14:30:00,154203.19066368183
2024-06-03 14:45:00,154080.55912768008
2024-06-03 15:00:00,154215.45381728202
2024-06-03 15:15:00,154488.88899890753
2024-06-04 09:15:00,149009.9108323
2024-06-04 09:30:00,149704.27047533687
2024-06-04 09:45:00,151026.37100806914
2024-06-04 10:00:00,151359.79621136037
2024-06-04 10:15:00,150705.5403949619
2024-06-04 10:30:00,149504.08277872863
2024-06-04 10:45:00,149493.4768080474
2024-06-04 11:00:00,149493.4768080474
2024-06-04 11:15:00,149493.4768080474
2024-06-04 11:30:00,149493.4768080474
2024-06-04 11:45:00,149493.4768080474
2024-06-04 12:00:00,149493.4768080474
2024-06-04 12:15:00,149493.4768080474
2024-06-04 12:30:00,149493.4768080474
2024-06-04 12:45:00,149493.4768080474
2024-06-04 13:00:00,149493.4768080474
2024-06-04 13:15:00,149493.4768080474
2024-06-04 13:30:00,149493.4768080474
2024-06-04 13:45:00,149493.4768080474
2024-06-04 14:00:00,148280.27122822707
2024-06-04 14:15:00,147263.32937655496
2024-06-04 14:30:00,147801.03822079665
2024-06-04 14:45:00,146531.37321233095
2024-06-04 15:00:00,147531.84773064815
2024-06-04 15:15:00,147846.0713365019
2024-06-05 09:15:00,147921.35057469574
2024-06-05 09:30:00,147415.90426110855
2024-06-05 09:45:00,146920.20392032323
2024-06-05 10:00:00,148295.39428947133
2024-06-05 10:15:00,147612.16798925673
2024-06-05 10:30:00,148219.10684719455
2024-06-05 10:45:00,149331.8280867472
2024-06-05 11:00:00,150233.498604935
2024-06-05 11:15:00,150735.24817021802
2024-06-05 11:30:00,150270.13001994896
2024-06-05 11:45:00,149673.60927086833
2024-06-05 12:00:00,149964.3081147865
2024-06-05 12:15:00,150094.0303734598
2024-06-05 12:30:00,149902.13552967104
2024-06-05 12:45:00,150283.23667302734
2024-06-05 13:00:00,150408.25397931354
2024-06-05 13:15:00,150537.97623798685
2024-06-05 13:30:00,150749.0269593517
2024-06-05 13:45:00,151135.1691231228
2024-06-05 14:00:00,151063.58663323315
2024-06-05 14:15:00,151486.36021201816
2024-06-05 14:30:00,151748.82934161363
2024-06-05 14:45:00,152003.90497460077
2024-06-05 15:00:00,152143.7092741036
2024-06-05 15:15:00,151721.27176334625
2024-06-06 09:15:00,152689.14768298127
2024-06-06 09:30:00,152795.345179719
2024-06-06 09:45:00,152912.29685334157
2024-06-06 10:00:00,153158.63471760976
2024-06-06 10:15:00,153593.1706773626
2024-06-06 10:30:00,153669.4581196394
2024-06-06 10:45:00,153822.03300419296
2024-06-06 11:00:00,153897.98437844208
2024-06-06 11:15:00,153786.0737252343
2024-06-06 11:30:00,153223.8319149741
2024-06-06 11:45:00,153098.14247263258
2024-06-06 12:00:00,152714.3527850551
2024-06-06 12:15:00,153028.91245893645
2024-06-06 12:30:00,152707.63142450206
2024-06-06 12:45:00,152873.98509818935
2024-06-06 13:00:00,152570.1796011928
2024-06-06 13:15:00,152574.2124175246
2024-06-06 13:30:00,152574.2124175246
2024-06-06 13:45:00,152574.2124175246
2024-06-06 14:00:00,152574.2124175246
2024-06-06 14:15:00,152574.2124175246
2024-06-06 14:30:00,152574.2124175246
2024-06-06 14:45:00,152574.2124175246
2024-06-06 15:00:00,152574.2124175246
2024-06-06 15:15:00,152574.2124175246
2024-06-07 09:15:00,152574.2124175246
2024-06-07 09:30:00,152728.98844373433
2024-06-07 09:45:00,152972.3030139694
2024-06-07 10:00:00,152980.29145403183
2024-06-07 10:15:00,153044.19897453132
2024-06-07 10:30:00,153336.7755918181
2024-06-07 10:45:00,153450.94371437712
2024-06-07 11:00:00,153616.7038456727
2024-06-07 11:15:00,153398.02029896347
2024-06-07 11:30:00,153991.49482526878
2024-06-07 11:45:00,154329.6721212453
2024-06-07 12:00:00,154374.93994826576
2024-06-07 12:15:00,154508.74631931158
2024-06-07 12:30:00,154562.00258639452
2024-06-07 12:45:00,154551.01848130868
2024-06-07 13:00:00,154498.09506589503
2024-06-07 13:15:00,154300.3811743497
2024-06-07 13:30:00,154617.25596349308
2024-06-07 13:45:00,154449.1658705126
2024-06-07 14:00:00,154734.08689940622
2024-06-07 14:15:00,154842.92939525694
2024-06-07 14:30:00,154697.47321578674
2024-06-07 14:45:00,155169.45688280909
2024-06-07 15:00:00,155027.32922003153
2024-06-07 15:15:00,154909.49972911057
2024-06-10 09:15:00,155772.25125585386
2024-06-10 09:30:00,155273.63945529002
2024-06-10 09:45:00,154883.53729890764
2024-06-10 10:00:00,155210.39763812904
2024-06-10 10:15:00,155446.05661997097
2024-06-10 10:30:00,155294.27625878464
2024-06-10 10:45:00,155441.3966966012
2024-06-10 11:00:00,155359.18233429195
2024-06-10 11:15:00,155552.5691541368
2024-06-10 11:30:00,155388.80613285684
2024-06-10 11:45:00,155324.89861235736
2024-06-10 12:00:00,155163.132701093
2024-06-10 12:15:00,155181.77239457204
2024-06-10 12:30:00,155334.55131076614
2024-06-10 12:45:00,155356.51952093784
2024-06-10 13:00:00,155331.22279407346
2024-06-10 13:15:00,155310.25313890955
2024-06-10 13:30:00,155497.31577703828
2024-06-10 13:45:00,155563.88611089194
2024-06-10 14:00:00,155529.93524062657
2024-06-10 14:15:00,154855.5777586891
2024-06-10 14:30:00,155091.90244386953
2024-06-10 14:45:00,155004.69530652123
2024-06-10 15:00:00,154856.90916536615
2024-06-10 15:15:00,154853.24779700418
2024-06-11 09:15:00,154853.24779700418
2024-06-11 09:30:00,154853.24779700418
2024-06-11 09:45:00,154853.24779700418
2024-06-11 10:00:00,154853.24779700418
2024-06-11 10:15:00,154853.24779700418
2024-06-11 10:30:00,154853.24779700418
2024-06-11 10:45:00,154853.24779700418
2024-06-11 11:00:00,154853.24779700418
2024-06-11 11:15:00,154853.24779700418
2024-06-11 11:30:00,154853.24779700418
2024-06-11 11:45:00,154853.24779700418
2024-06-11 12:00:00,154853.24779700418
2024-06-11 12:15:00,154853.24779700418
2024-06-11 12:30:00,154853.24779700418
2024-06-11 12:45:00,154853.24779700418
2024-06-11 13:00:00,154853.24779700418
2024-06-11 13:15:00,154853.24779700418
2024-06-11 13:30:00,155026.64900627377
2024-06-11 13:45:00,154994.82010361625
2024-06-11 14:00:00,154703.055162589
2024-06-11 14:15:00,154799.20497270027
2024-06-11 14:30:00,154721.29047140322
2024-06-11 14:45:00,154682.16744522002
2024-06-11 15:00:00,154265.07619997882
2024-06-11 15:15:00,154249.49329971938
2024-06-12 09:15:00,154877.11947399733
2024-06-12 09:30:00,154986.19977581318
2024-06-12 09:45:00,155196.4031537805
2024-06-12 10:00:00,155223.2587903978
2024-06-12 10:15:00,155197.72935805793
2024-06-12 10:30:00,155405.61187853987
2024-06-12 10:45:00,155330.68133686695
2024-06-12 11:00:00,155250.7775291538
2024-06-12 11:15:00,155030.95917017534
2024-06-12 11:30:00,155185.46196849205
2024-06-12 11:45:00,155398.3177550142
2024-06-12 12:00:00,155253.761488778
2024-06-12 12:15:00,155260.06095909563
2024-06-12 12:30:00,155248.12512059908
2024-06-12 12:45:00,155189.44058132428
2024-06-12 13:00:00,155243.4834056282
2024-06-12 13:15:00,155133.74000167366
2024-06-12 13:30:00,155168.22131288596
2024-06-12 13:45:00,154940.11417717376
2024-06-12 14:00:00,154852.5846948656
2024-06-12 14:15:00,154865.18363550087
2024-06-12 14:30:00,155024.32814878848
2024-06-12 14:45:00,154993.493899339
2024-06-12 15:00:00,154670.23160672357
2024-06-12 15:15:00,154675.2048727638
2024-06-13 09:15:00,154675.2048727638
2024-06-13 09:30:00,154675.2048727638
2024-06-13 09:45:00,154675.2048727638
2024-06-13 10:00:00,154675.2048727638
2024-06-13 10:15:00,154675.2048727638
2024-06-13 10:30:00,154675.2048727638
2024-06-13 10:45:00,154675.2048727638
2024-06-13 11:00:00,154675.2048727638
2024-06-13 11:15:00,154675.2048727638
2024-06-13 11:30:00,154675.2048727638
2024-06-13 11:45:00,154675.2048727638
2024-06-13 12:00:00,154675.2048727638
2024-06-13 12:15:00,154675.2048727638
2024-06-13 12:30:00,154675.2048727638
2024-06-13 12:45:00,154675.2048727638
2024-06-13 13:00:00,154675.2048727638
2024-06-13 13:15:00,154675.2048727638
2024-06-13 13:30:00,154675.2048727638
2024-06-13 13:45:00,154675.2048727638
2024-06-13 14:00:00,154675.2048727638
2024-06-13 14:15:00,154675.2048727638
2024-06-13 14:30:00,154675.2048727638
2024-06-13 14:45:00,154675.2048727638
2024-06-13 15:00:00,154675.2048727638
2024-06-13 15:15:00,154675.2048727638
2024-06-14 09:15:00,154675.2048727638
2024-06-14 09:30:00,154675.2048727638
2024-06-14 09:45:00,154675.2048727638
2024-06-14 10:00:00,154675.2048727638
2024-06-14 10:15:00,154675.2048727638
2024-06-14 10:30:00,154675.2048727638
2024-06-14 10:45:00,154675.2048727638
2024-06-14 11:00:00,154675.2048727638
2024-06-14 11:15:00,154675.2048727638
2024-06-14 11:30:00,154675.2048727638
2024-06-14 11:45:00,154675.2048727638
2024-06-14 12:00:00,154675.2048727638
2024-06-14 12:15:00,154675.2048727638
2024-06-14 12:30:00,154675.2048727638
2024-06-14 12:45:00,154675.2048727638
2024-06-14 13:00:00,154769.54778515952
2024-06-14 13:15:00,154744.47764060678
2024-06-14 13:30:00,154661.02044887212
2024-06-14 13:45:00,154596.36586555198
2024-06-14 14:00:00,154685.10098245562
2024-06-14 14:15:00,154696.97631408588
2024-06-14 14:30:00,154745.467251576
2024-06-14 14:45:00,154811.44131618837
2024-06-14 15:00:00,154853.66471754032
2024-06-14 15:15:00,154736.56075285334
2024-06-18 09:15:00,155146.25969409625
2024-06-18 09:30:00,155393.33256606964
2024-06-18 09:45:00,155451.38974292856
2024-06-18 10:00:00,155318.4520027346
2024-06-18 10:15:00,155269.96106524448
2024-06-18 10:30:00,155278.86756396716
2024-06-18 10:45:00,155291.07276592046
2024-06-18 11:00:00,155306.2468007813
2024-06-18 11:15:00,155332.9662969493
2024-06-18 11:30:00,155317.79226208848
2024-06-18 11:45:00,155304.597449166
2024-06-18 12:00:00,155261.71430716795
2024-06-18 12:15:00,155205.6363522474
2024-06-18 12:30:00,155220.15064646213
2024-06-18 12:45:00,155228.72727486174
2024-06-18 13:00:00,155252.4779381222
2024-06-18 13:15:00,155279.19743429022
2024-06-18 13:30:00,155290.41302527432
2024-06-18 13:45:00,155298.00004270475
2024-06-18 14:00:00,155299.64939432006
2024-06-18 14:15:00,155300.63900528927
2024-06-18 14:30:00,155266.99223233692
2024-06-18 14:45:00,155283.81561881307
2024-06-18 15:00:00,155406.85724931516
2024-06-18 15:15:00,155450.07026163625
2024-06-19 09:15:00,155410.48582286882
2024-06-19 09:30:00,155568.82357793854
2024-06-19 09:45:00,155532.86771272478
2024-06-19 10:00:00,155190.7921877096
2024-06-19 10:15:00,154691.6983889169
2024-06-19 10:30:00,154782.0828574359
2024-06-19 10:45:00,155086.55316562206
2024-06-19 11:00:00,155063.13237268466
2024-06-19 11:15:00,155043.01028297786
2024-06-19 11:30:00,155316.80265111927
2024-06-19 11:45:00,155272.92989815204
2024-06-19 12:00:00,155410.81569319192
2024-06-19 12:15:00,155389.3741221929
2024-06-19 12:30:00,155430.60791257565
2024-06-19 12:45:00,155309.21563368887
2024-06-19 13:00:00,155382.77671573166
2024-06-19 13:15:00,155303.6078381968
2024-06-19 13:30:00,155295.69095044333
2024-06-19 13:45:00,155382.4468454086
2024-06-19 14:00:00,155439.18454097523
2024-06-19 14:15:00,155595.54307410656
2024-06-19 14:30:00,155774.33278920612
2024-06-19 14:45:00,155418.40271062232
2024-06-19 15:00:00,155111.62331017473
2024-06-19 15:15:00,155180.23633737164
2024-06-20 09:15:00,155037.73235780888
2024-06-20 09:30:00,155091.83109079103
2024-06-20 09:45:00,155026.18689650172
2024-06-20 10:00:00,154955.59464736647
2024-06-20 10:15:00,155200.02855675537
2024-06-20 10:30:00,155249.50910521467
2024-06-20 10:45:00,155281.8363968747
2024-06-20 11:00:00,155261.05456652184
2024-06-20 11:15:00,155252.4779381222
2024-06-20 11:30:00,155385.74554863924
2024-06-20 11:45:00,155434.89622677548
2024-06-20 12:00:00,155412.46504480726
2024-06-20 12:15:00,155369.25203248617
2024-06-20 12:30:00,155291.40263624355
2024-06-20 12:45:00,155376.8390499166
2024-06-20 13:00:00,155385.4156783162
2024-06-20 13:15:00,155745.30420077674
2024-06-20 13:30:00,155780.27045502127
2024-06-20 13:45:00,155277.54808267494
2024-06-20 14:00:00,155453.03909454387
2024-06-20 14:15:00,155590.26514893761
2024-06-20 14:30:00,155563.87552309266
2024-06-20 14:45:00,155420.38193256073
2024-06-20 15:00:00,155480.08846103493
2024-06-20 15:15:00,155561.2365605082
2024-06-21 09:15:00,155762.78732789904
2024-06-21 09:30:00,155629.8495877051
2024-06-21 09:45:00,155762.457457576
2024-06-21 10:00:00,155598.18203669114
2024-06-21 10:15:00,155756.8496620839
2024-06-21 10:30:00,155343.8520176104
2024-06-21 10:45:00,155263.03378846022
2024-06-21 11:00:00,155230.70649680012
2024-06-21 11:15:00,155190.79218770962
2024-06-21 11:30:00,155356.38708988667
2024-06-21 11:45:00,155279.8571749363
2024-06-21 12:00:00,155298.32991302776
2024-06-21 12:15:00,155250.4987161838
2024-06-21 12:30:00,154777.13480258995
2024-06-21 12:45:00,154779.11402452833
2024-06-21 13:00:00,154779.11402452833
2024-06-21 13:15:00,154779.11402452833
2024-06-21 13:30:00,154779.11402452833
2024-06-21 13:45:00,154779.11402452833
2024-06-21 14:00:00,154779.11402452833
2024-06-21 14:15:00,154779.11402452833
2024-06-21 14:30:00,154779.11402452833
2024-06-21 14:45:00,154779.11402452833
2024-06-21 15:00:00,154779.11402452833
2024-06-21 15:15:00,154779.11402452833
2024-06-24 09:15:00,154779.11402452833
2024-06-24 09:30:00,154779.11402452833
2024-06-24 09:45:00,154779.11402452833
2024-06-24 10:00:00,154779.11402452833
2024-06-24 10:15:00,154779.11402452833
2024-06-24 10:30:00,154779.11402452833
2024-06-24 10:45:00,154779.11402452833
2024-06-24 11:00:00,154779.11402452833
2024-06-24 11:15:00,154944.77928966322
2024-06-24 11:30:00,154809.0852752784
2024-06-24 11:45:00,155026.78853622105
2024-06-24 12:00:00,155024.81240979797
2024-06-24 12:15:00,155093.6474802019
2024-06-24 12:30:00,154942.14445443245
2024-06-24 12:45:00,154959.60023783633
2024-06-24 13:00:00,155103.52811231732
2024-06-24 13:15:00,155003.07501914407
2024-06-24 13:30:00,155035.02239631722
2024-06-24 13:45:00,155031.39949787493
2024-06-24 14:00:00,154927.98221506705
2024-06-24 14:15:00,154982.98440050942
2024-06-24 14:30:00,154927.6528606632
2024-06-24 14:45:00,154884.83678816314
2024-06-24 15:00:00,155099.24650506733
2024-06-24 15:15:00,155117.03164287505
2024-06-25 09:15:00,155314.3149307792
2024-06-25 09:30:00,155457.25474204865
2024-06-25 09:45:00,155288.954641683
2024-06-25 10:00:00,155421.35511202936
2024-06-25 10:15:00,155426.95413689475
2024-06-25 10:30:00,155390.3957980678
2024-06-25 10:45:00,155480.3095503179
2024-06-25 11:00:00,155331.44135977922
2024-06-25 11:15:00,155279.0740095676
2024-06-25 11:30:00,155332.10006858688
2024-06-25 11:45:00,155378.8683939331
2024-06-25 12:00:00,155379.19774833694
2024-06-25 12:15:00,155602.50003414496
2024-06-25 12:30:00,155748.7333894529
2024-06-25 12:45:00,155819.21523187606
2024-06-25 13:00:00,155932.84250120315
2024-06-25 13:15:00,155980.5988897609
2024-06-25 13:30:00,155939.10023487624
2024-06-25 13:45:00,155977.6347001263
2024-06-25 14:00:00,156082.6987549534
2024-06-25 14:15:00,156066.23103476106
2024-06-25 14:30:00,156050.09266897256
2024-06-25 14:45:00,156014.52239335713
2024-06-25 15:00:00,156322.46876095378
2024-06-25 15:15:00,156258.2446522037
2024-06-26 09:15:00,156086.98036220344
2024-06-26 09:30:00,156121.89192901115
2024-06-26 09:45:00,156129.13772589577
2024-06-26 10:00:00,156069.52457879952
2024-06-26 10:15:00,156323.78617856916
2024-06-26 10:30:00,156278.33527083835
2024-06-26 10:45:00,156537.53718666566
2024-06-26 11:00:00,156604.39613064655
2024-06-26 11:15:00,156815.84165791608
2024-06-26 11:30:00,156808.26650662764
2024-06-26 11:45:00,156946.26600183937
2024-06-26 12:00:00,156962.40436762787
2024-06-26 12:15:00,157005.54979453178
2024-06-26 12:30:00,157063.84552401263
2024-06-26 12:45:00,156971.95564533942
2024-06-26 13:00:00,156958.78146918555
2024-06-26 13:15:00,157082.9480794357
2024-06-26 13:30:00,157063.1868152049
2024-06-26 13:45:00,157113.24868458963
2024-06-26 14:00:00,157248.2839901668
2024-06-26 14:15:00,157203.16243683978
2024-06-26 14:30:00,157252.89495182064
2024-06-26 14:45:00,157260.4701031091
2024-06-26 15:00:00,157268.0452543976
2024-06-26 15:15:00,157037.82652610878
2024-06-27 09:15:00,156902.46186612782
2024-06-27 09:30:00,157150.46573222434
2024-06-27 09:45:00,157520.98943655184
2024-06-27 10:00:00,157734.08173584065
2024-06-27 10:15:00,157897.77087455243
2024-06-27 10:30:00,157108.308368532
2024-06-27 10:45:00,157360.92319628235
2024-06-27 11:00:00,157576.32097639807
2024-06-27 11:15:00,157550.96068730188
2024-06-27 11:30:00,157744.29172235986
2024-06-27 11:45:00,157785.13166843686
2024-06-27 12:00:00,158130.62443807203
2024-06-27 12:15:00,157964.95917293715
2024-06-27 12:30:00,158035.1116609565
2024-06-27 12:45:00,157761.74750576375
2024-06-27 13:00:00,157838.81643626385
2024-06-27 13:15:00,157794.0242373407
2024-06-27 13:30:00,157792.7068197253
2024-06-27 13:45:00,157898.4295833601
2024-06-27 14:00:00,157789.41327568682
2024-06-27 14:15:00,157717.9433700521
2024-06-27 14:30:00,157966.93529936016
2024-06-27 14:45:00,158286.07971668756
2024-06-27 15:00:00,158390.48506270692
2024-06-27 15:15:00,158327.90772597605
2024-06-28 09:15:00,158989.91007770784
2024-06-28 09:30:00,159114.07668795803
2024-06-28 09:45:00,158983.65234403475
2024-06-28 10:00:00,158967.18462384242
2024-06-28 10:15:00,159018.23455643866
2024-06-28 10:30:00,159004.4016714771
2024-06-28 10:45:00,158976.73590155397
2024-06-28 11:00:00,159063.68546416948
2024-06-28 11:15:00,158837.089634323
2024-06-28 11:30:00,159015.59972120787
2024-06-28 11:45:00,158807.11838357293
2024-06-28 12:00:00,158820.62191413066
2024-06-28 12:15:00,158437.582742457
2024-06-28 12:30:00,158397.4015051877
2024-06-28 12:45:00,158320.00322028375
2024-06-28 13:00:00,158490.27944707245
2024-06-28 13:15:00,158499.830724784
2024-06-28 13:30:00,158617.41024695724
2024-06-28 13:45:00,158679.9875836881
2024-06-28 14:00:00,158862.12056901533
2024-06-28 14:15:00,158725.76784582282
2024-06-28 14:30:00,158559.1145174764
2024-06-28 14:45:00,158505.75910405323
2024-06-28 15:00:00,158016.9971687448
2024-06-28 15:15:00,158012.0568526871
2024-07-01 09:15:00,158012.0568526871
2024-07-01 09:30:00,158012.0568526871
2024-07-01 09:45:00,158012.0568526871
2024-07-01 10:00:00,158012.0568526871
2024-07-01 10:15:00,158012.0568526871
2024-07-01 10:30:00,158012.0568526871
2024-07-01 10:45:00,158012.0568526871
2024-07-01 11:00:00,158012.0568526871
2024-07-01 11:15:00,158012.0568526871
2024-07-01 11:30:00,158012.0568526871
2024-07-01 11:45:00,158012.0568526871
2024-07-01 12:00:00,158012.0568526871
2024-07-01 12:15:00,158012.0568526871
2024-07-01 12:30:00,158012.0568526871
2024-07-01 12:45:00,158012.0568526871
2024-07-01 13:00:00,158012.0568526871
2024-07-01 13:15:00,158012.0568526871
2024-07-01 13:30:00,158012.0568526871
2024-07-01 13:45:00,158056.89986809864
2024-07-01 14:00:00,158040.8611253602
2024-07-01 14:15:00,157970.4870500793
2024-07-01 14:30:00,158071.6293257156
2024-07-01 14:45:00,158026.78631030404
2024-07-01 15:00:00,158079.15771516424
2024-07-01 15:15:00,157920.40689418174
2024-07-02 09:15:00,158062.46432986503
2024-07-02 09:30:00,157713.53984498393
2024-07-02 09:45:00,157938.08224332205
2024-07-02 10:00:00,157965.2499095933
2024-07-02 10:15:00,158017.94863573386
2024-07-02 10:30:00,158055.26326169676
2024-07-02 10:45:00,158177.35409927712
2024-07-02 11:00:00,158308.609932708
2024-07-02 11:15:00,158298.46297301634
2024-07-02 11:30:00,157968.52312239705
2024-07-02 11:45:00,158156.40553733305
2024-07-02 12:00:00,158017.6213144535
2024-07-02 12:15:00,158097.8150281457
2024-07-02 12:30:00,157833.33943360165
2024-07-02 12:45:00,157573.77365826326
2024-07-02 13:00:00,157797.98873532104
2024-07-02 13:15:00,157852.65138914384
2024-07-02 13:30:00,157912.5511834527
2024-07-02 13:45:00,157890.2933363871
2024-07-02 14:00:00,157822.8651526296
2024-07-02 14:15:00,157923.02546442475
2024-07-02 14:30:00,158058.8637957809
2024-07-02 14:45:00,157980.96133105137
2024-07-02 15:00:00,157932.84510283606
2024-07-02 15:15:00,157885.3835171815
2024-07-03 09:15:00,158624.47496827116
2024-07-03 09:30:00,158969.14427650737
2024-07-03 09:45:00,158902.37073531063
2024-07-03 10:00:00,158867.6746795907
2024-07-03 10:15:00,158943.61321663804
2024-07-03 10:30:00,158961.61588705875
2024-07-03 10:45:00,158928.22911646037
2024-07-03 11:00:00,158871.2752136749
2024-07-03 11:15:00,158784.86239565557
2024-07-03 11:30:00,158820.5404152166
2024-07-03 11:45:00,158801.55578095478
2024-07-03 12:00:00,158765.55044011338
2024-07-03 12:15:00,158873.8937839179
2024-07-03 12:30:00,158914.80894396495
2024-07-03 12:45:00,158961.94320833913
2024-07-03 13:00:00,158920.04608445097
2024-07-03 13:15:00,158961.61588705875
2024-07-03 13:30:00,158988.4562320496
2024-07-03 13:45:00,158895.16966714236
2024-07-03 14:00:00,158846.07147508592
2024-07-03 14:15:00,158767.5143677956
2024-07-03 14:30:00,158795.00935534723
2024-07-03 14:45:00,158738.71009512251
2024-07-03 15:00:00,158736.41884615988
2024-07-03 15:15:00,158736.41884615988
2024-07-04 09:15:00,158736.41884615988
2024-07-04 09:30:00,158932.5389493215
2024-07-04 09:45:00,158973.91312390874
2024-07-04 10:00:00,158818.51563352984
2024-07-04 10:15:00,158621.7439685637
2024-07-04 10:30:00,158549.09482735934
2024-07-04 10:45:00,158495.01519758388
2024-07-04 11:00:00,158554.63310269776
2024-07-04 11:15:00,158639.3361372858
2024-07-04 11:30:00,158514.2362708173
2024-07-04 11:45:00,158525.3128214942
2024-07-04 12:00:00,158536.06359126884
2024-07-04 12:15:00,158634.12364284965
2024-07-04 12:30:00,158661.16345773736
2024-07-04 12:45:00,158648.45800254916
2024-07-04 13:00:00,158603.17445713477
2024-07-04 13:15:00,158611.97054149583
2024-07-04 13:30:00,158568.31590059277
2024-07-04 13:45:00,158499.9019111178
2024-07-04 14:00:00,158501.5308156291
2024-07-04 14:15:00,158501.5308156291
2024-07-04 14:30:00,158501.5308156291
2024-07-04 14:45:00,158501.5308156291
2024-07-04 15:00:00,158501.5308156291
2024-07-04 15:15:00,158501.5308156291
2024-07-05 09:15:00,158501.5308156291
2024-07-05 09:30:00,158501.5308156291
2024-07-05 09:45:00,158501.5308156291
2024-07-05 10:00:00,158501.5308156291
2024-07-05 10:15:00,158501.5308156291
2024-07-05 10:30:00,158501.5308156291
2024-07-05 10:45:00,158501.5308156291
2024-07-05 11:00:00,158501.5308156291
2024-07-05 11:15:00,158501.5308156291
2024-07-05 11:30:00,158501.5308156291
2024-07-05 11:45:00,158508.05997435682
2024-07-05 12:00:00,158482.92271325516
2024-07-05 12:15:00,158520.46537593944
2024-07-05 12:30:00,158531.56494577654
2024-07-05 12:45:00,158499.57206801084
2024-07-05 13:00:00,158354.95120219234
2024-07-05 13:15:00,158365.72431409304
2024-07-05 13:30:00,158364.0920244111
2024-07-05 13:45:00,158321.32603474468
2024-07-05 14:00:00,158326.22290379045
2024-07-05 14:15:00,158326.22290379045
2024-07-05 14:30:00,158326.22290379045
2024-07-05 14:45:00,158326.22290379045
2024-07-05 15:00:00,158326.22290379045
2024-07-05 15:15:00,158326.22290379045
2024-07-08 09:15:00,158326.22290379045
2024-07-08 09:30:00,158326.22290379045
2024-07-08 09:45:00,158326.22290379045
2024-07-08 10:00:00,158326.22290379045
2024-07-08 10:15:00,158450.9743703702
2024-07-08 10:30:00,158333.06306253243
2024-07-08 10:45:00,158269.54730278556
2024-07-08 11:00:00,158105.70921482312
2024-07-08 11:15:00,158226.87774110946
2024-07-08 11:30:00,158111.24648618567
2024-07-08 11:45:00,158199.19138429672
2024-07-08 12:00:00,157992.35801281332
2024-07-08 12:15:00,158119.06381046216
2024-07-08 12:30:00,158232.74073431682
2024-07-08 12:45:00,158283.22762026943
2024-07-08 13:00:00,158288.11344794225
2024-07-08 13:15:00,158199.5171061415
2024-07-08 13:30:00,158193.32839108922
2024-07-08 13:45:00,158276.0617396826
2024-07-08 14:00:00,158228.50635033366
2024-07-08 14:15:00,158351.6292076891
2024-07-08 14:30:00,158282.90189842455
2024-07-08 14:45:00,158268.57013725088
2024-07-08 15:00:00,158375.73262420844
2024-07-08 15:15:00,158503.08986554702
2024-07-09 09:15:00,158699.1744161502
2024-07-09 09:30:00,158783.8620958127
2024-07-09 09:45:00,158767.25028172505
2024-07-09 10:00:00,158710.90040256502
2024-07-09 10:15:00,158667.57939719918
2024-07-09 10:30:00,158809.91984340115
2024-07-09 10:45:00,158793.95947300323
2024-07-09 11:00:00,158840.86341866245
2024-07-09 11:15:00,158844.44635895584
2024-07-09 11:30:00,158945.42013086114
2024-07-09 11:45:00,158878.32143082086
2024-07-09 12:00:00,158875.38993421715
2024-07-09 12:15:00,158947.0487400854
2024-07-09 12:30:00,158848.02929924923
2024-07-09 12:45:00,158995.255573124
2024-07-09 13:00:00,159102.0923382367
2024-07-09 13:15:00,159060.0742202503
2024-07-09 13:30:00,159078.31464356222
2024-07-09 13:45:00,159132.71019165314
2024-07-09 14:00:00,159160.07082662106
2024-07-09 14:15:00,159038.250856645
2024-07-09 14:30:00,159118.70415232435
2024-07-09 14:45:00,159057.79416733634
2024-07-09 15:00:00,159174.07686594984
2024-07-09 15:15:00,159064.63432607832
2024-07-10 09:15:00,159003.7243410903
2024-07-10 09:30:00,158954.54034251708
2024-07-10 09:45:00,158751.28991132713
2024-07-10 10:00:00,158501.13553447791
2024-07-10 10:15:00,158492.99248835654
2024-07-10 10:30:00,158492.99248835654
2024-07-10 10:45:00,158492.99248835654
2024-07-10 11:00:00,158492.99248835654
2024-07-10 11:15:00,158492.99248835654
2024-07-10 11:30:00,158492.99248835654
2024-07-10 11:45:00,158492.99248835654
2024-07-10 12:00:00,158492.99248835654
2024-07-10 12:15:00,158492.99248835654
2024-07-10 12:30:00,158492.99248835654
2024-07-10 12:45:00,158574.60576976146
2024-07-10 13:00:00,158521.72036341106
2024-07-10 13:15:00,158516.1706602755
2024-07-10 13:30:00,158446.96259764413
2024-07-10 13:45:00,158397.66817567556
2024-07-10 14:00:00,158253.04944102603
2024-07-10 14:15:00,158410.72630070033
2024-07-10 14:30:00,158682.98820746713
2024-07-10 14:45:00,158617.04467609196
2024-07-10 15:00:00,158857.64062967364
2024-07-10 15:15:00,158737.17942631998
2024-07-11 09:15:00,158962.10562987192
2024-07-11 09:30:00,158913.4641141546
2024-07-11 09:45:00,158926.848692305
2024-07-11 10:00:00,158565.465082244
2024-07-11 10:15:00,158308.8729255069
2024-07-11 10:30:00,158354.57636309369
2024-07-11 10:45:00,158272.31017543754
2024-07-11 11:00:00,158256.31397228217
2024-07-11 11:15:00,158256.31397228217
2024-07-11 11:30:00,158256.31397228217
2024-07-11 11:45:00,158256.31397228217
2024-07-11 12:00:00,158256.31397228217
2024-07-11 12:15:00,158256.31397228217
2024-07-11 12:30:00,158256.31397228217
2024-07-11 12:45:00,158256.31397228217
2024-07-11 13:00:00,158256.31397228217
2024-07-11 13:15:00,158256.31397228217
2024-07-11 13:30:00,158256.31397228217
2024-07-11 13:45:00,158256.31397228217
2024-07-11 14:00:00,158208.7995221484
2024-07-11 14:15:00,158245.24896334694
2024-07-11 14:30:00,158208.14863926987
2024-07-11 14:45:00,158368.59126883117
2024-07-11 15:00:00,158351.01743111046
2024-07-11 15:15:00,158415.1293946471
2024-07-12 09:15:00,159039.32607517167
2024-07-12 09:30:00,158951.13144512882
2024-07-12 09:45:00,158695.98535673926
2024-07-12 10:00:00,158573.9448170121
2024-07-12 10:15:00,158684.2694649254
2024-07-12 10:30:00,158699.8906540105
2024-07-12 10:45:00,159641.0672963864
2024-07-12 11:00:00,159715.2679445405
2024-07-12 11:15:00,159419.76711768113
2024-07-12 11:30:00,159463.05082910435
2024-07-12 11:45:00,159428.5540365415
2024-07-12 12:00:00,159573.05003557846
2024-07-12 12:15:00,159474.76672091818
2024-07-12 12:30:00,159394.3826854179
2024-07-12 12:45:00,159497.8730631065
2024-07-12 13:00:00,159586.7185760279
2024-07-12 13:15:00,159765.71136762772
2024-07-12 13:30:00,159731.86545794338
2024-07-12 13:45:00,159812.9003763222
2024-07-12 14:00:00,159952.18931233085
2024-07-12 14:15:00,159886.12470015854
2024-07-12 14:30:00,159859.43850213822
2024-07-12 14:45:00,159627.07331449768
2024-07-12 15:00:00,159408.70210874587
2024-07-12 15:15:00,159547.01472043665
2024-07-15 09:15:00,159908.25471802906
2024-07-15 09:30:00,159741.95414256083
2024-07-15 09:45:00,159698.34498969835
2024-07-15 10:00:00,159869.85262819493
2024-07-15 10:15:00,159792.72300708736
2024-07-15 10:30:00,160019.8811316995
2024-07-15 10:45:00,159980.50271754756
2024-07-15 11:00:00,159993.52037511845
2024-07-15 11:15:00,159992.8694922399
2024-07-15 11:30:00,160100.91605007835
2024-07-15 11:45:00,160062.5139602442
2024-07-15 12:00:00,160110.028410378
2024-07-15 12:15:00,159966.83417709812
2024-07-15 12:30:00,160040.05850093442
2024-07-15 12:45:00,160041.6857081308
2024-07-15 13:00:00,160213.51878806663
2024-07-15 13:15:00,160291.29929205275
2024-07-15 13:30:00,160195.9449503459
2024-07-15 13:45:00,160201.1520133743
2024-07-15 14:00:00,160081.06412228275
2024-07-15 14:15:00,160210.91525655246
2024-07-15 14:30:00,160071.95176198313
2024-07-15 14:45:00,160042.98747388786
2024-07-15 15:00:00,160016.30127586753
2024-07-15 15:15:00,160041.36026669148
2024-07-16 09:15:00,160263.6367697146
2024-07-16 09:30:00,160336.8610935509
2024-07-16 09:45:00,160324.16887741926
2024-07-16 10:00:00,160341.09183226145
2024-07-16 10:15:00,160391.20981390937
2024-07-16 10:30:00,160489.49312856965
2024-07-16 10:45:00,160481.68253402712
2024-07-16 11:00:00,160468.99031789548
2024-07-16 11:15:00,160484.61150698058
2024-07-16 11:30:00,160461.17972335295
2024-07-16 11:45:00,160380.4702464134
2024-07-16 12:00:00,160380.79568785266
2024-07-16 12:15:00,160323.19255310146
2024-07-16 12:30:00,160418.54689480827
2024-07-16 12:45:00,160458.25075039951
2024-07-16 13:00:00,160461.50516479227
2024-07-16 13:15:00,160330.0268233262
2024-07-16 13:30:00,160262.6604453968
2024-07-16 13:45:00,160256.47705805063
2024-07-16 14:00:00,160280.55972455675
2024-07-16 14:15:00,160178.04567118594
2024-07-16 14:30:00,160224.58379700192
2024-07-16 14:45:00,160189.11068012123
2024-07-16 15:00:00,160145.17608581946
2024-07-16 15:15:00,160140.61990566965
2024-07-18 09:15:00,160140.61990566965
2024-07-18 09:30:00,160140.61990566965
2024-07-18 09:45:00,160140.61990566965
2024-07-18 10:00:00,160140.61990566965
2024-07-18 10:15:00,160140.61990566965
2024-07-18 10:30:00,160140.61990566965
2024-07-18 10:45:00,160140.61990566965
2024-07-18 11:00:00,160140.61990566965
2024-07-18 11:15:00,160140.61990566965
2024-07-18 11:30:00,160140.61990566965
2024-07-18 11:45:00,160140.61990566965
2024-07-18 12:00:00,160140.61990566965
2024-07-18 12:15:00,160140.61990566965
2024-07-18 12:30:00,160140.61990566965
2024-07-18 12:45:00,159945.69689970862
2024-07-18 13:00:00,160561.9784702221
2024-07-18 13:15:00,160691.9271408628
2024-07-18 13:30:00,160573.6738505798
2024-07-18 13:45:00,160863.45938610853
2024-07-18 14:00:00,161265.65052174145
2024-07-18 14:15:00,161130.17903259853
2024-07-18 14:30:00,161272.1479552735
2024-07-18 14:45:00,161136.67646613056
2024-07-18 15:00:00,161147.39723145842
2024-07-18 15:15:00,161002.17959201743
2024-07-19 09:15:00,160936.8803850205
2024-07-19 09:30:00,160796.53582072855
2024-07-19 09:45:00,160610.70922171234
2024-07-19 10:00:00,160394.66955677222
2024-07-19 10:15:00,160388.8218665934
2024-07-19 10:30:00,160388.8218665934
2024-07-19 10:45:00,160388.8218665934
2024-07-19 11:00:00,160388.8218665934
2024-07-19 11:15:00,160388.8218665934
2024-07-19 11:30:00,160388.8218665934
2024-07-19 11:45:00,160388.8218665934
2024-07-19 12:00:00,160388.8218665934
2024-07-19 12:15:00,160388.8218665934
2024-07-19 12:30:00,160388.8218665934
2024-07-19 12:45:00,160388.8218665934
2024-07-19 13:00:00,160388.8218665934
2024-07-19 13:15:00,160388.8218665934
2024-07-19 13:30:00,160388.8218665934
2024-07-19 13:45:00,160388.8218665934
2024-07-19 14:00:00,160388.8218665934
2024-07-19 14:15:00,160388.8218665934
2024-07-19 14:30:00,160388.8218665934
2024-07-19 14:45:00,160388.8218665934
2024-07-19 15:00:00,160388.8218665934
2024-07-19 15:15:00,160388.8218665934
2024-07-22 09:15:00,160388.8218665934
2024-07-22 09:30:00,160388.8218665934
2024-07-22 09:45:00,160388.8218665934
2024-07-22 10:00:00,160388.8218665934
2024-07-22 10:15:00,160388.8218665934
2024-07-22 10:30:00,160388.8218665934
2024-07-22 10:45:00,160388.8218665934
2024-07-22 11:00:00,160388.8218665934
2024-07-22 11:15:00,160388.8218665934
2024-07-22 11:30:00,160388.8218665934
2024-07-22 11:45:00,160388.8218665934
2024-07-22 12:00:00,160388.8218665934
2024-07-22 12:15:00,160388.8218665934
2024-07-22 12:30:00,160388.8218665934
2024-07-22 12:45:00,160388.8218665934
2024-07-22 13:00:00,160388.8218665934
2024-07-22 13:15:00,160388.8218665934
2024-07-22 13:30:00,160388.8218665934
2024-07-22 13:45:00,160388.8218665934
2024-07-22 14:00:00,160388.8218665934
2024-07-22 14:15:00,160388.8218665934
2024-07-22 14:30:00,160388.8218665934
2024-07-22 14:45:00,160388.8218665934
2024-07-22 15:00:00,160388.8218665934
2024-07-22 15:15:00,160388.8218665934
2024-07-23 09:15:00,160388.8218665934
2024-07-23 09:30:00,160388.8218665934
2024-07-23 09:45:00,160388.8218665934
2024-07-23 10:00:00,160388.8218665934
2024-07-23 10:15:00,160388.8218665934
2024-07-23 10:30:00,160388.8218665934
2024-07-23 10:45:00,160388.8218665934
2024-07-23 11:00:00,160388.8218665934
2024-07-23 11:15:00,160388.8218665934
2024-07-23 11:30:00,160388.8218665934
2024-07-23 11:45:00,160388.8218665934
2024-07-23 12:00:00,160388.8218665934
2024-07-23 12:15:00,160388.8218665934
2024-07-23 12:30:00,160388.8218665934
2024-07-23 12:45:00,160388.8218665934
2024-07-23 13:00:00,160388.8218665934
2024-07-23 13:15:00,160388.8218665934
2024-07-23 13:30:00,160388.8218665934
2024-07-23 13:45:00,160388.8218665934
2024-07-23 14:00:00,160388.8218665934
2024-07-23 14:15:00,160388.8218665934
2024-07-23 14:30:00,160388.8218665934
2024-07-23 14:45:00,160099.16855051683
2024-07-23 15:00:00,159934.72654376004
2024-07-23 15:15:00,160037.70712453217
2024-07-24 09:15:00,159860.51514110834
2024-07-24 09:30:00,159597.66946828036
2024-07-24 09:45:00,159949.76497777752
2024-07-24 10:00:00,159807.22677708973
2024-07-24 10:15:00,159542.41956938992
2024-07-24 10:30:00,159792.84218802952
2024-07-24 10:45:00,159901.05352845992
2024-07-24 11:00:00,159747.39996349832
2024-07-24 11:15:00,159592.43870862212
2024-07-24 11:30:00,159463.30432955865
2024-07-24 11:45:00,159544.0541817832
2024-07-24 12:00:00,159406.419818275
2024-07-24 12:15:00,159406.419818275
2024-07-24 12:30:00,159406.419818275
2024-07-24 12:45:00,159406.419818275
2024-07-24 13:00:00,159406.419818275
2024-07-24 13:15:00,159406.419818275
2024-07-24 13:30:00,159406.419818275
2024-07-24 13:45:00,159406.419818275
2024-07-24 14:00:00,159406.419818275
2024-07-24 14:15:00,159406.419818275
2024-07-24 14:30:00,159406.419818275
2024-07-24 14:45:00,159406.419818275
2024-07-24 15:00:00,159406.419818275
2024-07-24 15:15:00,159406.419818275
2024-07-25 09:15:00,159519.90116101495
2024-07-25 09:30:00,159777.12553789222
2024-07-25 09:45:00,159693.9058865496
2024-07-25 10:00:00,159827.4520464117
2024-07-25 10:15:00,159720.54933223635
2024-07-25 10:30:00,159977.77370911362
2024-07-25 10:45:00,159993.56241766876
2024-07-25 11:00:00,160019.8769319273
2024-07-25 11:15:00,160051.45434903755
2024-07-25 11:30:00,160108.35948612168
2024-07-25 11:45:00,160243.55030312497
2024-07-25 12:00:00,160274.798788807
2024-07-25 12:15:00,160323.15170875707
2024-07-25 12:30:00,160245.19496026612
2024-07-25 12:45:00,160244.8660288379
2024-07-25 13:00:00,160244.8660288379
2024-07-25 13:15:00,160244.8660288379
2024-07-25 13:30:00,160244.8660288379
2024-07-25 13:45:00,160244.8660288379
2024-07-25 14:00:00,160244.8660288379
2024-07-25 14:15:00,160244.8660288379
2024-07-25 14:30:00,160244.8660288379
2024-07-25 14:45:00,160244.8660288379
2024-07-25 15:00:00,160244.8660288379
2024-07-25 15:15:00,160244.8660288379
2024-07-26 09:15:00,160598.1830813984
2024-07-26 09:30:00,160922.3030887612
2024-07-26 09:45:00,161068.28831474952
2024-07-26 10:00:00,161264.1381572552
2024-07-26 10:15:00,161343.85593234544
2024-07-26 10:30:00,161397.00111573894
2024-07-26 10:45:00,161490.8253283966
2024-07-26 11:00:00,161697.82909828116
2024-07-26 11:15:00,161663.38314608167
2024-07-26 11:30:00,161638.450837823
2024-07-26 11:45:00,161738.83618423296
2024-07-26 12:00:00,161659.77452251795
2024-07-26 12:15:00,161737.5239574825
2024-07-26 12:30:00,162182.36882588736
2024-07-26 12:45:00,162167.2782182571
2024-07-26 13:00:00,162555.6973363923
2024-07-26 13:15:00,162609.498633161
2024-07-26 13:30:00,162686.92001143793
2024-07-26 13:45:00,162651.161832488
2024-07-26 14:00:00,162701.6825623806
2024-07-26 14:15:00,162608.51446309817
2024-07-26 14:30:00,162725.63070057644
2024-07-26 14:45:00,162902.12519851283
2024-07-26 15:00:00,163037.94066718512
2024-07-26 15:15:00,163055.6557283163
2024-07-29 09:15:00,163492.6272362184
2024-07-29 09:30:00,163467.36687127213
2024-07-29 09:45:00,163416.84614137953
2024-07-29 10:00:00,163230.18188612707
2024-07-29 10:15:00,163391.25771974566
2024-07-29 10:30:00,163205.577634556
2024-07-29 10:45:00,163564.4716508059
2024-07-29 11:00:00,163622.53768451363
2024-07-29 11:15:00,163745.23088568132
2024-07-29 11:30:00,163948.62603200212
2024-07-29 11:45:00,163889.24777154395
2024-07-29 12:00:00,163415.20585794144
2024-07-29 12:15:00,163165.55471866706
2024-07-29 12:30:00,163200.32872755415
2024-07-29 12:45:00,163256.09836444855
2024-07-29 13:00:00,162932.9625271486
2024-07-29 13:15:00,162934.93086727426
2024-07-29 13:30:00,162934.93086727426
2024-07-29 13:45:00,162934.93086727426
2024-07-29 14:00:00,162934.93086727426
2024-07-29 14:15:00,162934.93086727426
2024-07-29 14:30:00,162934.93086727426
2024-07-29 14:45:00,162934.93086727426
2024-07-29 15:00:00,162934.93086727426
2024-07-29 15:15:00,162934.93086727426
2024-07-30 09:15:00,162934.93086727426
2024-07-30 09:30:00,162934.93086727426
2024-07-30 09:45:00,162934.93086727426
2024-07-30 10:00:00,162934.93086727426
2024-07-30 10:15:00,162934.93086727426
2024-07-30 10:30:00,162934.93086727426
2024-07-30 10:45:00,162934.93086727426
2024-07-30 11:00:00,162895.7209307169
2024-07-30 11:15:00,162955.51608396688
2024-07-30 11:30:00,163047.986184348
2024-07-30 11:45:00,162954.535835553
2024-07-30 12:00:00,162958.45682920874
2024-07-30 12:15:00,163054.19442430296
2024-07-30 12:30:00,162968.9128122907
2024-07-30 12:45:00,162903.88966749975
2024-07-30 13:00:00,162962.7045723358
2024-07-30 13:15:00,162651.3123261761
2024-07-30 13:30:00,162837.23277535223
2024-07-30 13:45:00,162796.3890914383
2024-07-30 14:00:00,162911.73165481118
2024-07-30 14:15:00,163057.78866848734
2024-07-30 14:30:00,163138.1690384299
2024-07-30 14:45:00,162810.766068176
2024-07-30 15:00:00,162378.1497681598
2024-07-30 15:15:00,162335.01883794673
2024-07-31 09:15:00,162896.70117913088
2024-07-31 09:30:00,162611.77564014742
2024-07-31 09:45:00,162813.0533144752
2024-07-31 10:00:00,162983.2897890284
2024-07-31 10:15:00,162951.26834083992
2024-07-31 10:30:00,163023.80672347103
2024-07-31 10:45:00,162944.07985247107
2024-07-31 11:00:00,162871.54146983995
2024-07-31 11:15:00,162732.67294453265
2024-07-31 11:30:00,162903.56291802847
2024-07-31 11:45:00,162939.83210934405
2024-07-31 12:00:00,162958.45682920876
2024-07-31 12:15:00,163015.31123721693
2024-07-31 12:30:00,162941.13910722928
2024-07-31 12:45:00,162945.060100885
2024-07-31 13:00:00,162963.35807127843
2024-07-31 13:15:00,162996.6865173522
2024-07-31 13:30:00,162946.69384824156
2024-07-31 13:45:00,162945.3868503563
2024-07-31 14:00:00,162893.10693494647
2024-07-31 14:15:00,163105.82084077012
2024-07-31 14:30:00,163047.98618434803
2024-07-31 14:45:00,163053.5409253603
2024-07-31 15:00:00,163020.53922875787
2024-07-31 15:15:00,163239.46137453645
2024-08-01 09:15:00,163723.70409101984
2024-08-01 09:30:00,163672.40442402396
2024-08-01 09:45:00,163724.6843394338
2024-08-01 10:00:00,163616.85701390106
2024-08-01 10:15:00,163516.2181767372
2024-08-01 10:30:00,163506.08894312652
2024-08-01 10:45:00,163468.83950339706
2024-08-01 11:00:00,163593.33105196667
2024-08-01 11:15:00,163525.6939114052
2024-08-01 11:30:00,163364.60642204873
2024-08-01 11:45:00,163373.75540724545
2024-08-01 12:00:00,163312.98000558154
2024-08-01 12:15:00,163233.90663352422
2024-08-01 12:30:00,163224.75764832748
2024-08-01 12:45:00,163224.75764832748
2024-08-01 13:00:00,163224.75764832748
2024-08-01 13:15:00,163224.75764832748
2024-08-01 13:30:00,163224.75764832748
2024-08-01 13:45:00,163224.75764832748
2024-08-01 14:00:00,163224.75764832748
2024-08-01 14:15:00,163224.75764832748
2024-08-01 14:30:00,163224.75764832748
2024-08-01 14:45:00,163224.75764832748
2024-08-01 15:00:00,163224.75764832748
2024-08-01 15:15:00,163224.75764832748
2024-08-02 09:15:00,163224.75764832748
2024-08-02 09:30:00,163224.75764832748
2024-08-02 09:45:00,163224.75764832748
2024-08-02 10:00:00,163224.75764832748
2024-08-02 10:15:00,163224.75764832748
2024-08-02 10:30:00,163224.75764832748
2024-08-02 10:45:00,163224.75764832748
2024-08-02 11:00:00,163224.75764832748
2024-08-02 11:15:00,163224.75764832748
2024-08-02 11:30:00,163224.75764832748
2024-08-02 11:45:00,163224.75764832748
2024-08-02 12:00:00,163224.75764832748
2024-08-02 12:15:00,163224.75764832748
2024-08-02 12:30:00,163224.75764832748
2024-08-02 12:45:00,163224.75764832748
2024-08-02 13:00:00,163224.75764832748
2024-08-02 13:15:00,163224.75764832748
2024-08-02 13:30:00,163224.75764832748
2024-08-02 13:45:00,163224.75764832748
2024-08-02 14:00:00,163224.75764832748
2024-08-02 14:15:00,163224.75764832748
2024-08-02 14:30:00,163224.75764832748
2024-08-02 14:45:00,163224.75764832748
2024-08-02 15:00:00,163224.75764832748
2024-08-02 15:15:00,163224.75764832748
2024-08-05 09:15:00,163224.75764832748
2024-08-05 09:30:00,163224.75764832748
2024-08-05 09:45:00,163224.75764832748
2024-08-05 10:00:00,163224.75764832748
2024-08-05 10:15:00,163224.75764832748
2024-08-05 10:30:00,163224.75764832748
2024-08-05 10:45:00,163224.75764832748
2024-08-05 11:00:00,163224.75764832748
2024-08-05 11:15:00,163224.75764832748
2024-08-05 11:30:00,163224.75764832748
2024-08-05 11:45:00,163224.75764832748
2024-08-05 12:00:00,163224.75764832748
2024-08-05 12:15:00,163224.75764832748
2024-08-05 12:30:00,163224.75764832748
2024-08-05 12:45:00,163224.75764832748
2024-08-05 13:00:00,163224.75764832748
2024-08-05 13:15:00,163224.75764832748
2024-08-05 13:30:00,163224.75764832748
2024-08-05 13:45:00,163224.75764832748
2024-08-05 14:00:00,163224.75764832748
2024-08-05 14:15:00,163224.75764832748
2024-08-05 14:30:00,163224.75764832748
2024-08-05 14:45:00,163224.75764832748
2024-08-05 15:00:00,162826.30499678443
2024-08-05 15:15:00,162846.2784092237
2024-08-06 09:15:00,164654.3800336004
2024-08-06 09:30:00,164284.36410485228
2024-08-06 09:45:00,164797.24071240344
2024-08-06 10:00:00,164410.63669535826
2024-08-06 10:15:00,164057.88591973565
2024-08-06 10:30:00,163551.10289564056
2024-08-06 10:45:00,164243.74021514528
2024-08-06 11:00:00,164024.37121072735
2024-08-06 11:15:00,164041.63636385283
2024-08-06 11:30:00,164108.66578186944
2024-08-06 11:45:00,164058.22445214988
2024-08-06 12:00:00,164090.38503150127
2024-08-06 12:15:00,163803.64807665255
2024-08-06 12:30:00,163806.35633596632
2024-08-06 12:45:00,163806.35633596632
2024-08-06 13:00:00,163806.35633596632
2024-08-06 13:15:00,163806.35633596632
2024-08-06 13:30:00,163806.35633596632
2024-08-06 13:45:00,163806.35633596632
2024-08-06 14:00:00,163806.35633596632
2024-08-06 14:15:00,163806.35633596632
2024-08-06 14:30:00,163806.35633596632
2024-08-06 14:45:00,163806.35633596632
2024-08-06 15:00:00,163806.35633596632
2024-08-06 15:15:00,163806.35633596632
2024-08-07 09:15:00,163806.35633596632
2024-08-07 09:30:00,163607.21977927798
2024-08-07 09:45:00,163564.69231123946
2024-08-07 10:00:00,163410.4458597029
2024-08-07 10:15:00,163821.5447174087
2024-08-07 10:30:00,164054.7707524454
2024-08-07 10:45:00,164036.5446947146
2024-08-07 11:00:00,163687.54944112856
2024-08-07 11:15:00,163510.68917722232
2024-08-07 11:30:00,163661.8979524704
2024-08-07 11:45:00,163528.2401957779
2024-08-07 12:00:00,163521.82732361337
2024-08-07 12:15:00,163767.20406380395
2024-08-07 12:30:00,163574.4803792801
2024-08-07 12:45:00,163498.20095248084
2024-08-07 13:00:00,163576.50549680577
2024-08-07 13:15:00,163328.42859991433
2024-08-07 13:30:00,163502.58870711972
2024-08-07 13:45:00,163560.30455660057
2024-08-07 14:00:00,163669.99842257297
2024-08-07 14:15:00,163922.12555451566
2024-08-07 14:30:00,163821.8822369963
2024-08-07 14:45:00,163839.09573596425
2024-08-07 15:00:00,164097.97325965913
2024-08-07 15:15:00,164137.46305140917
2024-08-08 09:15:00,163500.90110918166
2024-08-08 09:30:00,163565.70487000226
2024-08-08 09:45:00,163395.93251743575
2024-08-08 10:00:00,163097.22768240323
2024-08-08 10:15:00,163612.2825730921
2024-08-08 10:30:00,163337.20410919207
2024-08-08 10:45:00,163017.9105793155
2024-08-08 11:00:00,163267.33755455734
2024-08-08 11:15:00,163340.24178548055
2024-08-08 11:30:00,163304.80222878177
2024-08-08 11:45:00,163532.29043082913
2024-08-08 12:00:00,164082.44735862917
2024-08-08 12:15:00,164152.98895243913
2024-08-08 12:30:00,164068.9465751249
2024-08-08 12:45:00,163516.08949062403
2024-08-08 13:00:00,163091.82736900152
2024-08-08 13:15:00,162765.78344737279
2024-08-08 13:30:00,162775.2339958258
2024-08-08 13:45:00,162775.2339958258
2024-08-08 14:00:00,162775.2339958258
2024-08-08 14:15:00,162775.2339958258
2024-08-08 14:30:00,162775.2339958258
2024-08-08 14:45:00,162775.2339958258
2024-08-08 15:00:00,162775.2339958258
2024-08-08 15:15:00,162775.2339958258
2024-08-09 09:15:00,162775.2339958258
2024-08-09 09:30:00,162775.2339958258
2024-08-09 09:45:00,162775.2339958258
2024-08-09 10:00:00,162775.2339958258
2024-08-09 10:15:00,162775.2339958258
2024-08-09 10:30:00,162775.2339958258
2024-08-09 10:45:00,162775.2339958258
2024-08-09 11:00:00,162775.2339958258
2024-08-09 11:15:00,162775.2339958258
2024-08-09 11:30:00,162775.2339958258
2024-08-09 11:45:00,162775.2339958258
2024-08-09 12:00:00,162647.66327222282
2024-08-09 12:15:00,162667.03264910495
2024-08-09 12:30:00,162665.02892046195
2024-08-09 12:45:00,162594.89841795768
2024-08-09 13:00:00,162645.325588806
2024-08-09 13:15:00,162776.90376969494
2024-08-09 13:30:00,162710.112814929
2024-08-09 13:45:00,162734.4915134186
2024-08-09 14:00:00,162879.42788526072
2024-08-09 14:15:00,162738.83292547837
2024-08-09 14:30:00,162745.17806618114
2024-08-09 14:45:00,162818.98207119756
2024-08-09 15:00:00,162776.56981492115
2024-08-09 15:15:00,162732.1538300018
2024-08-12 09:15:00,162133.03896575104
2024-08-12 09:30:00,162129.69941801272
2024-08-12 09:45:00,161790.4013678016
2024-08-12 10:00:00,161788.06368438478
2024-08-12 10:15:00,161788.06368438478
2024-08-12 10:30:00,161788.06368438478
2024-08-12 10:45:00,161788.06368438478
2024-08-12 11:00:00,161788.06368438478
2024-08-12 11:15:00,161892.67952321257
2024-08-12 11:30:00,161663.9151414721
2024-08-12 11:45:00,161679.4750921838
2024-08-12 12:00:00,161479.84423518012
2024-08-12 12:15:00,161502.35650429496
2024-08-12 12:30:00,161738.07320443855
2024-08-12 12:45:00,161577.17669282368
2024-08-12 13:00:00,161589.4260157244
2024-08-12 13:15:00,161659.9423880988
2024-08-12 13:30:00,161688.7448500546
2024-08-12 13:45:00,161715.89199810484
2024-08-12 14:00:00,161792.36750053905
2024-08-12 14:15:00,161610.94509649597
2024-08-12 14:30:00,161643.0581862627
2024-08-12 14:45:00,161220.95314035946
2024-08-12 15:00:00,161199.10299680682
2024-08-12 15:15:00,161214.00082195635
2024-08-13 09:15:00,161214.00082195635
2024-08-13 09:30:00,161214.00082195635
2024-08-13 09:45:00,161214.00082195635
2024-08-13 10:00:00,161214.00082195635
2024-08-13 10:15:00,161214.00082195635
2024-08-13 10:30:00,161214.00082195635
2024-08-13 10:45:00,161214.00082195635
2024-08-13 11:00:00,161214.00082195635
2024-08-13 11:15:00,161214.00082195635
2024-08-13 11:30:00,161214.00082195635
2024-08-13 11:45:00,161214.00082195635
2024-08-13 12:00:00,161214.00082195635
2024-08-13 12:15:00,161214.00082195635
2024-08-13 12:30:00,161214.00082195635
2024-08-13 12:45:00,161214.00082195635
2024-08-13 13:00:00,161214.00082195635
2024-08-13 13:15:00,161214.00082195635
2024-08-13 13:30:00,161214.00082195635
2024-08-13 13:45:00,161214.00082195635
2024-08-13 14:00:00,161214.00082195635
2024-08-13 14:15:00,161214.00082195635
2024-08-13 14:30:00,161214.00082195635
2024-08-13 14:45:00,161214.00082195635
2024-08-13 15:00:00,161214.00082195635
2024-08-13 15:15:00,161214.00082195635
2024-08-14 09:15:00,161214.00082195635
2024-08-14 09:30:00,161214.00082195635
2024-08-14 09:45:00,161214.00082195635
2024-08-14 10:00:00,161214.00082195635
2024-08-14 10:15:00,161214.00082195635
2024-08-14 10:30:00,161214.00082195635
2024-08-14 10:45:00,161214.00082195635
2024-08-14 11:00:00,161214.00082195635
2024-08-14 11:15:00,161214.00082195635
2024-08-14 11:30:00,161214.00082195635
2024-08-14 11:45:00,161214.00082195635
2024-08-14 12:00:00,161214.00082195635
2024-08-14 12:15:00,161214.00082195635
2024-08-14 12:30:00,161214.00082195635
2024-08-14 12:45:00,161214.00082195635
2024-08-14 13:00:00,161214.00082195635
2024-08-14 13:15:00,161214.00082195635
2024-08-14 13:30:00,161214.00082195635
2024-08-14 13:45:00,161214.00082195635
2024-08-14 14:00:00,161214.00082195635
2024-08-14 14:15:00,161214.00082195635
2024-08-14 14:30:00,161214.00082195635
2024-08-14 14:45:00,161214.00082195635
2024-08-14 15:00:00,161214.00082195635
2024-08-14 15:15:00,161214.00082195635
2024-08-16 09:15:00,161214.00082195635
2024-08-16 09:30:00,160883.77567233518
2024-08-16 09:45:00,160651.06445578535
2024-08-16 10:00:00,160617.0172181367
2024-08-16 10:15:00,160246.46427246573
2024-08-16 10:30:00,160372.73655190045
2024-08-16 10:45:00,160365.13377067796
2024-08-16 11:00:00,160216.0531475757
2024-08-16 11:15:00,160213.07814622778
2024-08-16 11:30:00,160213.07814622778
2024-08-16 11:45:00,160213.07814622778
2024-08-16 12:00:00,160441.0613741692
2024-08-16 12:15:00,160372.07509482093
2024-08-16 12:30:00,160536.32814088822
2024-08-16 12:45:00,160492.63683063432
2024-08-16 13:00:00,160592.17417655108
2024-08-16 13:15:00,160560.9660977983
2024-08-16 13:30:00,160744.60100330153
2024-08-16 13:45:00,160848.40892841606
2024-08-16 14:00:00,161073.1070954361
2024-08-16 14:15:00,161008.39139528558
2024-08-16 14:30:00,160843.481337034
2024-08-16 14:45:00,161057.66730910575
2024-08-16 15:00:00,161325.0712681033
2024-08-16 15:15:00,161225.53392218653
2024-08-19 09:15:00,161500.82202739533
2024-08-19 09:30:00,161729.46226752104
2024-08-19 09:45:00,161528.08803304253
2024-08-19 10:00:00,161496.5514481976
2024-08-19 10:15:00,161349.05221282915
2024-08-19 10:30:00,161397.67111446508
2024-08-19 10:45:00,161312.91654269432
2024-08-19 11:00:00,161256.7420009393
2024-08-19 11:15:00,161530.05906959527
2024-08-19 11:30:00,161513.63376498854
2024-08-19 11:45:00,161584.91958698176
2024-08-19 12:00:00,161427.8936749414
2024-08-19 12:15:00,161339.85404224935
2024-08-19 12:30:00,161430.52172367854
2024-08-19 12:45:00,161458.44474150997
2024-08-19 13:00:00,161562.2526666245
2024-08-19 13:15:00,161380.91730376618
2024-08-19 13:30:00,161344.78163363138
2024-08-19 13:45:00,161424.6086140201
2024-08-19 14:00:00,161443.33346127177
2024-08-19 14:15:00,161513.30525889643
2024-08-19 14:30:00,161534.9866609773
2024-08-19 14:45:00,161479.46913140654
2024-08-19 15:00:00,161437.42035161334
2024-08-19 15:15:00,161487.02477152567
2024-08-20 09:15:00,161775.12461432768
2024-08-20 09:30:00,162083.26332874992
2024-08-20 09:45:00,162253.1009783835
2024-08-20 10:00:00,162430.4942681362
2024-08-20 10:15:00,162406.8418295025
2024-08-20 10:30:00,162310.58954450703
2024-08-20 10:45:00,162186.7427477723
2024-08-20 11:00:00,162331.28542831156
2024-08-20 11:15:00,162344.09716590482
2024-08-20 11:30:00,162318.4736907183
2024-08-20 11:45:00,162360.52247051153
2024-08-20 12:00:00,162346.39670854973
2024-08-20 12:15:00,162399.2861893834
2024-08-20 12:30:00,162304.01942266437
2024-08-20 12:45:00,162475.1710966665
2024-08-20 13:00:00,162460.05981642831
2024-08-20 13:15:00,162355.92338522166
2024-08-20 13:30:00,162366.43558016996
2024-08-20 13:45:00,162421.95310974072
2024-08-20 14:00:00,162409.79838433175
2024-08-20 14:15:00,162381.21835431602
2024-08-20 14:30:00,162443.30600572945
2024-08-20 14:45:00,162418.9965549115
2024-08-20 15:00:00,162269.52628299023
2024-08-20 15:15:00,162103.63070646225
2024-08-21 09:15:00,162134.18177303078
2024-08-21 09:30:00,162181.48665029817
2024-08-21 09:45:00,162218.60783870937
2024-08-21 10:00:00,162365.7785679857
2024-08-21 10:15:00,162552.69853441027
2024-08-21 10:30:00,162430.4942681362
2024-08-21 10:45:00,162443.96301791372
2024-08-21 11:00:00,162239.30372251384
2024-08-21 11:15:00,162531.67414451364
2024-08-21 11:30:00,162298.43481909807
2024-08-21 11:45:00,162387.78847615866
2024-08-21 12:00:00,162439.69243871592
2024-08-21 12:15:00,162445.2770422822
2024-08-21 12:30:00,162457.4317676912
2024-08-21 12:45:00,162432.46530468896
2024-08-21 13:00:00,162464.65890171812
2024-08-21 13:15:00,162377.93329339457
2024-08-21 13:30:00,162441.00646308443
2024-08-21 13:45:00,162443.6345118215
2024-08-21 14:00:00,162543.82886992255
2024-08-21 14:15:00,162547.1139308439
2024-08-21 14:30:00,162521.4904556574
2024-08-21 14:45:00,162620.69929548205
2024-08-21 15:00:00,162722.53618404377
2024-08-21 15:15:00,162820.10249340776
2024-08-22 09:15:00,163115.42947023673
2024-08-22 09:30:00,163141.7099576075
2024-08-22 09:45:00,162999.79532580537
2024-08-22 10:00:00,163029.3608740975
2024-08-22 10:15:00,162997.1672770683
2024-08-22 10:30:00,163097.36163516936
2024-08-22 10:45:00,163110.50187885476
2024-08-22 11:00:00,163097.69014126153
2024-08-22 11:15:00,163099.3326717222
2024-08-22 11:30:00,163226.46452937828
2024-08-22 11:45:00,163200.84105419178
2024-08-22 12:00:00,163153.53617692442
2024-08-22 12:15:00,163132.84029311992
2024-08-22 12:30:00,163101.63221436713
2024-08-22 12:45:00,163115.75797632895
2024-08-22 13:00:00,162992.5681917785
2024-08-22 13:15:00,163011.9500512144
2024-08-22 13:30:00,163045.78617870426
2024-08-22 13:45:00,163111.8159032233
2024-08-22 14:00:00,163149.26559772663
2024-08-22 14:15:00,163002.42337454247
2024-08-22 14:30:00,162979.42794809304
2024-08-22 14:45:00,163005.0514232795
2024-08-22 15:00:00,163008.664990293
2024-08-22 15:15:00,163010.6360268458
2024-08-23 09:15:00,163133.82581139627
2024-08-23 09:30:00,162837.18481019873
2024-08-23 09:45:00,163085.20690976034
2024-08-23 10:00:00,162948.87688152448
2024-08-23 10:15:00,163056.62687974464
2024-08-23 10:30:00,163136.12535404117
2024-08-23 10:45:00,163181.78770084787
2024-08-23 11:00:00,163158.46376830633
2024-08-23 11:15:00,163253.40202893323
2024-08-23 11:30:00,163218.25187707483
2024-08-23 11:45:00,163167.33343279397
2024-08-23 12:00:00,163197.8844993625
2024-08-23 12:15:00,163198.8700176389
2024-08-23 12:30:00,163166.67642060973
2024-08-23 12:45:00,163178.8311460187
2024-08-23 13:00:00,163196.570474994
2024-08-23 13:15:00,163090.13450114237
2024-08-23 13:30:00,163198.21300545466
2024-08-23 13:45:00,163179.81666429513
2024-08-23 14:00:00,163144.3380063446
2024-08-23 14:15:00,163219.89440753555
2024-08-23 14:30:00,163151.23663427943
2024-08-23 14:45:00,163099.6611778143
2024-08-23 15:00:00,163088.1634645896
2024-08-23 15:15:00,163148.28007945023
2024-08-26 09:15:00,163722.5087285015
2024-08-26 09:30:00,164140.69698378883
2024-08-26 09:45:00,164129.52777665626
2024-08-26 10:00:00,164307.90658468535
2024-08-26 10:15:00,164269.47137190562
2024-08-26 10:30:00,164299.36542628988
2024-08-26 10:45:00,164158.43631276413
2024-08-26 11:00:00,164137.08341677536
2024-08-26 11:15:00,164199.49957428096
2024-08-26 11:30:00,164304.621523764
2024-08-26 11:45:00,164271.44240845842
2024-08-26 12:00:00,164259.94469523372
2024-08-26 12:15:00,164301.00795675055
2024-08-26 12:30:00,164359.1535350584
2024-08-26 12:45:00,164402.18783312803
2024-08-26 13:00:00,164427.4828022224
2024-08-26 13:15:00,164405.14438795726
2024-08-26 13:30:00,164331.88752941124
2024-08-26 13:45:00,164436.6809728022
2024-08-26 14:00:00,164317.1047552652
2024-08-26 14:15:00,164406.45841232582
2024-08-26 14:30:00,164383.13447978426
2024-08-26 14:45:00,164373.60780311236
2024-08-26 15:00:00,164304.95002985623
2024-08-26 15:15:00,164328.2739623978
2024-08-27 09:15:00,164270.78539627424
2024-08-27 09:30:00,164233.33570177088
2024-08-27 09:45:00,164437.66649107856
2024-08-27 10:00:00,164342.0712182674
2024-08-27 10:15:00,164210.99728750568
2024-08-27 10:30:00,164296.73737755284
2024-08-27 10:45:00,164422.22670474823
2024-08-27 11:00:00,164501.7251790448
2024-08-27 11:15:00,164705.7274622604
2024-08-27 11:30:00,164673.86237132334
2024-08-27 11:45:00,164527.67716032345
2024-08-27 12:00:00,164552.64362332568
2024-08-27 12:15:00,164539.50337964031
2024-08-27 12:30:00,164593.04987265827
2024-08-27 12:45:00,164539.17487354818
2024-08-27 13:00:00,164641.01176210993
2024-08-27 13:15:00,164567.75490356394
2024-08-27 13:30:00,164676.49042006047
2024-08-27 13:45:00,164636.74118291217
2024-08-27 14:00:00,164598.96298231668
2024-08-27 14:15:00,164561.51328781332
2024-08-27 14:30:00,164530.63371515265
2024-08-27 14:45:00,164358.4965228741
2024-08-27 15:00:00,164414.6710646291
2024-08-27 15:15:00,164233.66420786295
2024-08-28 09:15:00,164455.40582005383
2024-08-28 09:30:00,164455.40582005383
2024-08-28 09:45:00,164455.40582005383
2024-08-28 10:00:00,164455.40582005383
2024-08-28 10:15:00,164455.40582005383
2024-08-28 10:30:00,164455.40582005383
2024-08-28 10:45:00,164455.40582005383
2024-08-28 11:00:00,164455.40582005383
2024-08-28 11:15:00,164455.40582005383
2024-08-28 11:30:00,164455.40582005383
2024-08-28 11:45:00,164397.1003804366
2024-08-28 12:00:00,164347.96658300638
2024-08-28 12:15:00,164439.68300487613
2024-08-28 12:30:00,164427.23577619382
2024-08-28 12:45:00,164421.99483780123
2024-08-28 13:00:00,164446.2341778668
2024-08-28 13:15:00,164476.69713227355
2024-08-28 13:30:00,164443.28615002098
2024-08-28 13:45:00,164491.43727150263
2024-08-28 14:00:00,164573.9820511854
2024-08-28 14:15:00,164530.41675079727
2024-08-28 14:30:00,164362.05160493637
2024-08-28 14:45:00,164172.72270550524
2024-08-28 15:00:00,164109.83144479454
2024-08-28 15:15:00,164073.14487604663
2024-08-29 09:15:00,164010.5811739855
2024-08-29 09:30:00,164010.5811739855
2024-08-29 09:45:00,164010.5811739855
2024-08-29 10:00:00,164010.5811739855
2024-08-29 10:15:00,164010.5811739855
2024-08-29 10:30:00,164010.5811739855
2024-08-29 10:45:00,164010.5811739855
2024-08-29 11:00:00,164010.5811739855
2024-08-29 11:15:00,164010.5811739855
2024-08-29 11:30:00,164010.5811739855
2024-08-29 11:45:00,164010.5811739855
2024-08-29 12:00:00,164010.5811739855
2024-08-29 12:15:00,164010.5811739855
2024-08-29 12:30:00,164135.49452772734
2024-08-29 12:45:00,163973.40069793703
2024-08-29 13:00:00,164073.2009231198
2024-08-29 13:15:00,164040.58647044568
2024-08-29 13:30:00,164005.0367170309
2024-08-29 13:45:00,163976.66214320442
2024-08-29 14:00:00,163574.85208625937
2024-08-29 14:15:00,163302.1952619038
2024-08-29 14:30:00,163232.0741886545
2024-08-29 14:45:00,164205.61560097666
2024-08-29 15:00:00,163920.56528460493
2024-08-29 15:15:00,164094.72646188468
2024-08-30 09:15:00,164722.55467586132
2024-08-30 09:30:00,164526.86795981665
2024-08-30 09:45:00,164542.19675257348
2024-08-30 10:00:00,164499.79796409715
2024-08-30 10:15:00,164498.16724146344
2024-08-30 10:30:00,164539.26145183283
2024-08-30 10:45:00,164537.95687372587
2024-08-30 11:00:00,164631.88649742727
2024-08-30 11:15:00,164568.94060376624
2024-08-30 11:30:00,164540.56602993974
2024-08-30 11:45:00,164639.06167701556
2024-08-30 12:00:00,164678.85130927796
2024-08-30 12:15:00,164717.01021890668
2024-08-30 12:30:00,164640.69239964924
2024-08-30 12:45:00,164630.90806384702
2024-08-30 13:00:00,164652.43360261194
2024-08-30 13:15:00,164608.40409150187
2024-08-30 13:30:00,164652.75974713865
2024-08-30 13:45:00,164625.3636068924
2024-08-30 14:00:00,164678.1990202245
2024-08-30 14:15:00,164672.98070779667
2024-08-30 14:30:00,164623.73288425873
2024-08-30 14:45:00,164603.18577907406
2024-08-30 15:00:00,164653.4120361922
2024-08-30 15:15:00,164683.41733265235
2024-09-02 09:15:00,165084.57510054388
2024-09-02 09:30:00,165097.29473708678
2024-09-02 09:45:00,165009.5618593934
2024-09-02 10:00:00,165063.04956177893
2024-09-02 10:15:00,164995.5376447435
2024-09-02 10:30:00,165072.5077530544
2024-09-02 10:45:00,165124.0385882795
2024-09-02 11:00:00,165129.58304523412
2024-09-02 11:15:00,165095.3378699263
2024-09-02 11:30:00,165017.38932803518
2024-09-02 11:45:00,164949.22512194628
2024-09-02 12:00:00,165032.39197626524
2024-09-02 12:15:00,164964.55391470308
2024-09-02 12:30:00,164877.79947058996
2024-09-02 12:45:00,164878.1256151167
2024-09-02 13:00:00,164878.1256151167
2024-09-02 13:15:00,164878.1256151167
2024-09-02 13:30:00,164878.1256151167
2024-09-02 13:45:00,164878.1256151167
2024-09-02 14:00:00,164878.1256151167
2024-09-02 14:15:00,164878.1256151167
2024-09-02 14:30:00,164878.1256151167
2024-09-02 14:45:00,164878.1256151167
2024-09-02 15:00:00,164878.1256151167
2024-09-02 15:15:00,164878.1256151167
2024-09-03 09:15:00,164878.1256151167
2024-09-03 09:30:00,164878.1256151167
2024-09-03 09:45:00,164878.1256151167
2024-09-03 10:00:00,164878.1256151167
2024-09-03 10:15:00,164878.1256151167
2024-09-03 10:30:00,164878.1256151167
2024-09-03 10:45:00,164878.1256151167
2024-09-03 11:00:00,164878.1256151167
2024-09-03 11:15:00,164878.1256151167
2024-09-03 11:30:00,164878.1256151167
2024-09-03 11:45:00,164878.1256151167
2024-09-03 12:00:00,164878.1256151167
2024-09-03 12:15:00,164878.1256151167
2024-09-03 12:30:00,164878.1256151167
2024-09-03 12:45:00,164878.1256151167
2024-09-03 13:00:00,164878.1256151167
2024-09-03 13:15:00,164878.1256151167
2024-09-03 13:30:00,164878.1256151167
2024-09-03 13:45:00,164878.1256151167
2024-09-03 14:00:00,164878.1256151167
2024-09-03 14:15:00,164878.1256151167
2024-09-03 14:30:00,164878.1256151167
2024-09-03 14:45:00,164878.1256151167
2024-09-03 15:00:00,164721.7213426471
2024-09-03 15:15:00,164673.17084973466
2024-09-04 09:15:00,163603.43079448942
2024-09-04 09:30:00,163608.6442702384
2024-09-04 09:45:00,163608.6442702384
2024-09-04 10:00:00,163608.6442702384
2024-09-04 10:15:00,163608.6442702384
2024-09-04 10:30:00,163608.6442702384
2024-09-04 10:45:00,163608.6442702384
2024-09-04 11:00:00,163608.6442702384
2024-09-04 11:15:00,163608.6442702384
2024-09-04 11:30:00,163608.6442702384
2024-09-04 11:45:00,163608.6442702384
2024-09-04 12:00:00,163608.6442702384
2024-09-04 12:15:00,163608.6442702384
2024-09-04 12:30:00,163608.6442702384
2024-09-04 12:45:00,163608.6442702384
2024-09-04 13:00:00,163608.6442702384
2024-09-04 13:15:00,163608.6442702384
2024-09-04 13:30:00,163573.54265164363
2024-09-04 13:45:00,163659.99663818258
2024-09-04 14:00:00,163571.2675467347
2024-09-04 14:15:00,163521.54025372543
2024-09-04 14:30:00,163678.84750742794
2024-09-04 14:45:00,163612.21943509526
2024-09-04 15:00:00,163873.20646964712
2024-09-04 15:15:00,163848.83034562296
2024-09-05 09:15:00,163918.70856782552
2024-09-05 09:30:00,163865.4061099594
2024-09-05 09:45:00,163877.43166447798
2024-09-05 10:00:00,163853.05554045382
2024-09-05 10:15:00,163647.971083664
2024-09-05 10:30:00,163623.59495963983
2024-09-05 10:45:00,163648.29609865096
2024-09-05 11:00:00,163765.95152394084
2024-09-05 11:15:00,163636.2705441324
2024-09-05 11:30:00,163653.49633844278
2024-09-05 11:45:00,163652.5212934818
2024-09-05 12:00:00,163735.4001151639
2024-09-05 12:15:00,163691.52309192045
2024-09-05 12:30:00,163710.37396116578
2024-09-05 12:45:00,163719.79939578846
2024-09-05 13:00:00,163630.74528935357
2024-09-05 13:15:00,163617.41967488703
2024-09-05 13:30:00,163627.17012449668
2024-09-05 13:45:00,163645.04594878107
2024-09-05 14:00:00,163635.9455291454
2024-09-05 14:15:00,163463.68758604143
2024-09-05 14:30:00,163467.91278087228
2024-09-05 14:45:00,163467.91278087228
2024-09-05 15:00:00,163467.91278087228
2024-09-05 15:15:00,163467.91278087228
2024-09-06 09:15:00,163467.91278087228
2024-09-06 09:30:00,163467.91278087228
2024-09-06 09:45:00,163467.91278087228
2024-09-06 10:00:00,163467.91278087228
2024-09-06 10:15:00,163467.91278087228
2024-09-06 10:30:00,163467.91278087228
2024-09-06 10:45:00,163467.91278087228
2024-09-06 11:00:00,163467.91278087228
2024-09-06 11:15:00,163467.91278087228
2024-09-06 11:30:00,163467.91278087228
2024-09-06 11:45:00,163467.91278087228
2024-09-06 12:00:00,163467.91278087228
2024-09-06 12:15:00,163467.91278087228
2024-09-06 12:30:00,163467.91278087228
2024-09-06 12:45:00,163467.91278087228
2024-09-06 13:00:00,163467.91278087228
2024-09-06 13:15:00,163467.91278087228
2024-09-06 13:30:00,163467.91278087228
2024-09-06 13:45:00,163467.91278087228
2024-09-06 14:00:00,163467.91278087228
2024-09-06 14:15:00,163467.91278087228
2024-09-06 14:30:00,163467.91278087228
2024-09-06 14:45:00,163467.91278087228
2024-09-06 15:00:00,163467.91278087228
2024-09-06 15:15:00,163467.91278087228
2024-09-09 09:15:00,163467.91278087228
2024-09-09 09:30:00,163467.91278087228
2024-09-09 09:45:00,163467.91278087228
2024-09-09 10:00:00,163467.91278087228
2024-09-09 10:15:00,163467.91278087228
2024-09-09 10:30:00,163467.91278087228
2024-09-09 10:45:00,163467.91278087228
2024-09-09 11:00:00,163467.91278087228
2024-09-09 11:15:00,163467.91278087228
2024-09-09 11:30:00,163467.91278087228
2024-09-09 11:45:00,163467.91278087228
2024-09-09 12:00:00,163467.91278087228
2024-09-09 12:15:00,163467.91278087228
2024-09-09 12:30:00,163467.91278087228
2024-09-09 12:45:00,163467.91278087228
2024-09-09 13:00:00,163467.91278087228
2024-09-09 13:15:00,163467.91278087228
2024-09-09 13:30:00,163328.53633305506
2024-09-09 13:45:00,163257.0444139394
2024-09-09 14:00:00,163273.44164309438
2024-09-09 14:15:00,163115.0444094574
2024-09-09 14:30:00,163327.2245547227
2024-09-09 14:45:00,163477.42317378218
2024-09-09 15:00:00,163582.36544037398
2024-09-09 15:15:00,163593.51555619936
2024-09-10 09:15:00,163941.79270345086
2024-09-10 09:30:00,163756.83195858283
2024-09-10 09:45:00,163454.7949975483
2024-09-10 10:00:00,163415.1137029933
2024-09-10 10:15:00,163545.63564706684
2024-09-10 10:30:00,163682.06059363618
2024-09-10 10:45:00,163772.90124315472
2024-09-10 11:00:00,163851.27999851547
2024-09-10 11:15:00,163909.65413430717
2024-09-10 11:30:00,164008.037509237
2024-09-10 11:45:00,164133.31233998094
2024-09-10 12:00:00,164123.14605790487
2024-09-10 12:15:00,164226.44860158119
2024-09-10 12:30:00,164449.77886267184
2024-09-10 12:45:00,164412.3931801985
2024-09-10 13:00:00,164618.670322968
2024-09-10 13:15:00,164757.71882620215
2024-09-10 13:30:00,164789.52945076278
2024-09-10 13:45:00,164736.4024283007
2024-09-10 14:00:00,164720.00519914573
2024-09-10 14:15:00,164715.41397498234
2024-09-10 14:30:00,164431.4139660183
2024-09-10 14:45:00,164346.80426357867
2024-09-10 15:00:00,164253.99594656157
2024-09-10 15:15:00,164314.00980526872
2024-09-11 09:15:00,164006.06984173844
2024-09-11 09:30:00,163996.55944882857
2024-09-11 09:45:00,163996.55944882857
2024-09-11 10:00:00,163996.55944882857
2024-09-11 10:15:00,163996.55944882857
2024-09-11 10:30:00,163996.55944882857
2024-09-11 10:45:00,163996.55944882857
2024-09-11 11:00:00,163996.55944882857
2024-09-11 11:15:00,163996.55944882857
2024-09-11 11:30:00,163996.55944882857
2024-09-11 11:45:00,163996.55944882857
2024-09-11 12:00:00,163996.55944882857
2024-09-11 12:15:00,163996.55944882857
2024-09-11 12:30:00,163996.55944882857
2024-09-11 12:45:00,163996.55944882857
2024-09-11 13:00:00,163996.55944882857
2024-09-11 13:15:00,163996.55944882857
2024-09-11 13:30:00,163996.55944882857
2024-09-11 13:45:00,163996.55944882857
2024-09-11 14:00:00,163996.55944882857
2024-09-11 14:15:00,163996.55944882857
2024-09-11 14:30:00,163996.55944882857
2024-09-11 14:45:00,163996.55944882857
2024-09-11 15:00:00,163996.55944882857
2024-09-11 15:15:00,163996.55944882857
2024-09-12 09:15:00,163996.55944882857
2024-09-12 09:30:00,163996.55944882857
2024-09-12 09:45:00,163996.55944882857
2024-09-12 10:00:00,163996.55944882857
2024-09-12 10:15:00,163996.55944882857
2024-09-12 10:30:00,163996.55944882857
2024-09-12 10:45:00,163996.55944882857
2024-09-12 11:00:00,163996.55944882857
2024-09-12 11:15:00,163996.55944882857
2024-09-12 11:30:00,163996.55944882857
2024-09-12 11:45:00,163996.55944882857
2024-09-12 12:00:00,163996.55944882857
2024-09-12 12:15:00,163996.55944882857
2024-09-12 12:30:00,163996.55944882857
2024-09-12 12:45:00,163996.55944882857
2024-09-12 13:00:00,163996.55944882857
2024-09-12 13:15:00,163996.55944882857
2024-09-12 13:30:00,163996.55944882857
2024-09-12 13:45:00,163996.55944882857
2024-09-12 14:00:00,165267.9675156288
2024-09-12 14:15:00,165576.80361643483
2024-09-12 14:30:00,165619.42430975204
2024-09-12 14:45:00,166207.58987752916
2024-09-12 15:00:00,166646.5830186961
2024-09-12 15:15:00,165990.88004458562
2024-09-13 09:15:00,165997.10922283967
2024-09-13 09:30:00,166153.49438216502
2024-09-13 09:45:00,166066.94158958242
2024-09-13 10:00:00,166063.3352232248
2024-09-13 10:15:00,166237.42436285113
2024-09-13 10:30:00,166280.0450561683
2024-09-13 10:45:00,166338.7304723512
2024-09-13 11:00:00,166432.82384913604
2024-09-13 11:15:00,166311.19094743856
2024-09-13 11:30:00,166313.81375933503
2024-09-13 11:45:00,166340.3697297865
2024-09-13 12:00:00,166394.79307663767
2024-09-13 12:15:00,166453.15064133352
2024-09-13 12:30:00,166416.10342329627
2024-09-13 12:45:00,166441.02013631247
2024-09-13 13:00:00,166451.1835324112
2024-09-13 13:15:00,166243.32568961816
2024-09-13 13:30:00,166317.74797717968
2024-09-13 13:45:00,166385.94108648718
2024-09-13 14:00:00,166453.47849282055
2024-09-13 14:15:00,166352.50023480752
2024-09-13 14:30:00,166322.0100465114
2024-09-13 14:45:00,166331.84559112307
2024-09-13 15:00:00,166249.88271935927
2024-09-13 15:15:00,166178.41109518122
2024-09-16 09:15:00,166531.17929525266
2024-09-16 09:30:00,166777.06791054408
2024-09-16 09:45:00,166661.3363356136
2024-09-16 10:00:00,166609.86365214593
2024-09-16 10:15:00,166602.32306794365
2024-09-16 10:30:00,166558.0631171912
2024-09-16 10:45:00,166492.8206712672
2024-09-16 11:00:00,166444.6265026701
2024-09-16 11:15:00,166423.64400749854
2024-09-16 11:30:00,166327.91137327842
2024-09-16 11:45:00,166327.25567030432
2024-09-16 12:00:00,166327.25567030432
2024-09-16 12:15:00,166327.25567030432
2024-09-16 12:30:00,166327.25567030432
2024-09-16 12:45:00,166327.25567030432
2024-09-16 13:00:00,166327.25567030432
2024-09-16 13:15:00,166327.25567030432
2024-09-16 13:30:00,166327.25567030432
2024-09-16 13:45:00,166275.22297499687
2024-09-16 14:00:00,166276.2047239649
2024-09-16 14:15:00,166210.75479276056
2024-09-16 14:30:00,166175.4118299102
2024-09-16 14:45:00,166186.865567871
2024-09-16 15:00:00,166153.8133526128
2024-09-16 15:15:00,166093.5994159048
2024-09-17 09:15:00,166104.72590420957
2024-09-17 09:30:00,166177.0480781904
2024-09-17 09:45:00,166006.55100740306
2024-09-17 10:00:00,166072.0009386074
2024-09-17 10:15:00,166119.7793883866
2024-09-17 10:30:00,166261.47848944404
2024-09-17 10:45:00,166304.02094472686
2024-09-17 11:00:00,166251.9882494194
2024-09-17 11:15:00,166360.96238487464
2024-09-17 11:30:00,166291.58545779804
2024-09-17 11:45:00,166386.16060838834
2024-09-17 12:00:00,166324.96492271224
2024-09-17 12:15:00,166356.38088969034
2024-09-17 12:30:00,166420.1945726146
2024-09-17 12:45:00,166415.6130774303
2024-09-17 13:00:00,166411.03158224598
2024-09-17 13:15:00,166392.70560150876
2024-09-17 13:30:00,166484.66275485087
2024-09-17 13:45:00,166413.32232983812
2024-09-17 14:00:00,166414.3040788062
2024-09-17 14:15:00,166430.66656160727
2024-09-17 14:30:00,166390.74210357261
2024-09-17 14:45:00,166354.4173917542
2024-09-17 15:00:00,166363.5803821228
2024-09-17 15:15:00,166289.6219598619
2024-09-18 09:15:00,166269.0052315325
2024-09-18 09:30:00,166463.39152720943
2024-09-18 09:45:00,166450.62879062456
2024-09-18 10:00:00,166333.8006634248
2024-09-18 10:15:00,166401.21409256526
2024-09-18 10:30:00,166678.06730155964
2024-09-18 10:45:00,166658.75957185435
2024-09-18 11:00:00,166643.70608767736
2024-09-18 11:15:00,166616.54436622755
2024-09-18 11:30:00,166649.26933182974
2024-09-18 11:45:00,166655.15982563814
2024-09-18 12:00:00,166653.196327702
2024-09-18 12:15:00,166729.44549755505
2024-09-18 12:30:00,166742.2082341399
2024-09-18 12:45:00,166419.86732295845
2024-09-18 13:00:00,166075.27343516756
2024-09-18 13:15:00,165994.11552047415
2024-09-18 13:30:00,165996.4062680663
2024-09-18 13:45:00,165996.4062680663
2024-09-18 14:00:00,165996.4062680663
2024-09-18 14:15:00,165996.4062680663
2024-09-18 14:30:00,165996.4062680663
2024-09-18 14:45:00,165996.4062680663
2024-09-18 15:00:00,165996.4062680663
2024-09-18 15:15:00,165996.4062680663
2024-09-19 09:15:00,165996.4062680663
2024-09-19 09:30:00,166258.73260720508
2024-09-19 09:45:00,165741.54713907628
2024-09-19 10:00:00,165662.00511792654
2024-09-19 10:15:00,165658.7585048184
2024-09-19 10:30:00,165562.65875681708
2024-09-19 10:45:00,165654.213246467
2024-09-19 11:00:00,165614.92922785835
2024-09-19 11:15:00,165187.99960413622
2024-09-19 11:30:00,165081.8353554996
2024-09-19 11:45:00,165081.5106941888
2024-09-19 12:00:00,165081.5106941888
2024-09-19 12:15:00,165081.5106941888
2024-09-19 12:30:00,165081.5106941888
2024-09-19 12:45:00,165081.5106941888
2024-09-19 13:00:00,165081.5106941888
2024-09-19 13:15:00,165081.5106941888
2024-09-19 13:30:00,165081.5106941888
2024-09-19 13:45:00,165081.5106941888
2024-09-19 14:00:00,165081.5106941888
2024-09-19 14:15:00,165081.5106941888
2024-09-19 14:30:00,165081.5106941888
2024-09-19 14:45:00,165081.5106941888
2024-09-19 15:00:00,165081.5106941888
2024-09-19 15:15:00,165081.5106941888
2024-09-20 09:15:00,165081.5106941888
2024-09-20 09:30:00,164893.04151893206
2024-09-20 09:45:00,165704.88382540733
2024-09-20 10:00:00,165500.22314024883
2024-09-20 10:15:00,165685.77784372322
2024-09-20 10:30:00,166303.96969177318
2024-09-20 10:45:00,166248.27089771105
2024-09-20 11:00:00,166463.2941492067
2024-09-20 11:15:00,166414.39578930332
2024-09-20 11:30:00,166378.45063732137
2024-09-20 11:45:00,166452.2839224735
2024-09-20 12:00:00,166514.1354902983
2024-09-20 12:15:00,166492.11503683188
2024-09-20 12:30:00,166602.217304164
2024-09-20 12:45:00,166892.04533140585
2024-09-20 13:00:00,167006.03356111437
2024-09-20 13:15:00,166981.09863586564
2024-09-20 13:30:00,165489.21291351563
2024-09-20 13:45:00,166226.8981046407
2024-09-20 14:00:00,166286.15903088124
2024-09-20 14:15:00,166111.61455414005
2024-09-20 14:30:00,166091.53708186184
2024-09-20 14:45:00,166464.9133001969
2024-09-20 15:00:00,167050.0744680472
2024-09-20 15:15:00,167228.18107696678
2024-09-23 09:15:00,167692.22975075178
2024-09-23 09:30:00,167690.93442995963
2024-09-23 09:45:00,167770.92048887443
2024-09-23 10:00:00,167724.93660075337
2024-09-23 10:15:00,167691.25826015766
2024-09-23 10:30:00,167578.56535124127
2024-09-23 10:45:00,167643.97905124442
2024-09-23 11:00:00,167623.9015789662
2024-09-23 11:15:00,167539.70572747695
2024-09-23 11:30:00,167509.91334925767
2024-09-23 11:45:00,167614.18667302513
2024-09-23 12:00:00,167531.9338027241
2024-09-23 12:15:00,167529.01933094178
2024-09-23 12:30:00,167554.92574678463
2024-09-23 12:45:00,167566.2598037159
2024-09-23 13:00:00,167637.82627748174
2024-09-23 13:15:00,167704.85912847513
2024-09-23 13:30:00,167777.39709283513
2024-09-23 13:45:00,167783.22603639975
2024-09-23 14:00:00,167790.67413095458
2024-09-23 14:15:00,167935.7500596745
2024-09-23 14:30:00,167927.6543047236
2024-09-23 14:45:00,167900.12873789057
2024-09-23 15:00:00,167995.01098591503
2024-09-23 15:15:00,167939.3121918529
2024-09-24 09:15:00,167953.88455076452
2024-09-24 09:30:00,168104.14176265302
2024-09-24 09:45:00,168156.27842453675
2024-09-24 10:00:00,168107.70389483141
2024-09-24 10:15:00,168192.54740671674
2024-09-24 10:30:00,168076.29236562195
2024-09-24 10:45:00,168135.55329186248
2024-09-24 11:00:00,168061.0723463143
2024-09-24 11:15:00,167940.60751264505
2024-09-24 11:30:00,167889.1185111574
2024-09-24 11:45:00,167819.49501857974
2024-09-24 12:00:00,167817.87586758955
2024-09-24 12:15:00,167817.87586758955
2024-09-24 12:30:00,167817.87586758955
2024-09-24 12:45:00,167817.87586758955
2024-09-24 13:00:00,167817.87586758955
2024-09-24 13:15:00,167785.8823654542
2024-09-24 13:30:00,167838.23536894846
2024-09-24 13:45:00,167820.13803440722
2024-09-24 14:00:00,167874.75320471916
2024-09-24 14:15:00,167874.4300380309
2024-09-24 14:30:00,167911.59420717807
2024-09-24 14:45:00,167726.74286150694
2024-09-24 15:00:00,167685.70069210095
2024-09-24 15:15:00,167735.79152877757
2024-09-25 09:15:00,167653.38402327732
2024-09-25 09:30:00,167653.70718996556
2024-09-25 09:45:00,167653.70718996556
2024-09-25 10:00:00,167653.70718996556
2024-09-25 10:15:00,167653.70718996556
2024-09-25 10:30:00,167653.70718996556
2024-09-25 10:45:00,167653.70718996556
2024-09-25 11:00:00,167653.70718996556
2024-09-25 11:15:00,167653.70718996556
2024-09-25 11:30:00,167653.70718996556
2024-09-25 11:45:00,167653.70718996556
2024-09-25 12:00:00,167653.70718996556
2024-09-25 12:15:00,167653.70718996556
2024-09-25 12:30:00,167653.70718996556
2024-09-25 12:45:00,167653.70718996556
2024-09-25 13:00:00,167653.70718996556
2024-09-25 13:15:00,167653.70718996556
2024-09-25 13:30:00,167653.70718996556
2024-09-25 13:45:00,167653.70718996556
2024-09-25 14:00:00,167653.70718996556
2024-09-25 14:15:00,167585.5368896937
2024-09-25 14:30:00,167600.72174330876
2024-09-25 14:45:00,167541.92082079937
2024-09-25 15:00:00,168116.03752024547
2024-09-25 15:15:00,168089.86787890887
2024-09-26 09:15:00,168320.8715030529
2024-09-26 09:30:00,168203.91582201776
2024-09-26 09:45:00,168299.54809159346
2024-09-26 10:00:00,168413.2729527105
2024-09-26 10:15:00,168428.78088831741
2024-09-26 10:30:00,168428.4578063256
2024-09-26 10:45:00,168418.7653465713
2024-09-26 11:00:00,168476.27394111344
2024-09-26 11:15:00,168413.59603470232
2024-09-26 11:30:00,168460.11984152294
2024-09-26 11:45:00,168525.70548586035
2024-09-26 12:00:00,168620.36850946062
2024-09-26 12:15:00,168602.9220819029
2024-09-26 12:30:00,168611.32221368994
2024-09-26 12:45:00,168603.5682458865
2024-09-26 13:00:00,168595.81427808307
2024-09-26 13:15:00,168689.18497371612
2024-09-26 13:30:00,168601.95283592748
2024-09-26 13:45:00,168620.36850946062
2024-09-26 14:00:00,168566.0907348366
2024-09-26 14:15:00,168714.7084510691
2024-09-26 14:30:00,169229.701146014
2024-09-26 14:45:00,169379.61119021373
2024-09-26 15:00:00,169343.74908912284
2024-09-26 15:15:00,169195.77753687394
2024-09-27 09:15:00,169492.6898873472
2024-09-27 09:30:00,169558.92169566822
2024-09-27 09:45:00,169687.50832840853
2024-09-27 10:00:00,169697.20078816282
2024-09-27 10:15:00,169714.64721572056
2024-09-27 10:30:00,169724.33967547485
2024-09-27 10:45:00,169666.18491694907
2024-09-27 11:00:00,169559.89094164362
2024-09-27 11:15:00,169512.72097083938
2024-09-27 11:30:00,169438.7351947149
2024-09-27 11:45:00,169381.5496821646
2024-09-27 12:00:00,169387.36515801717
2024-09-27 12:15:00,169387.36515801717
2024-09-27 12:30:00,169387.36515801717
2024-09-27 12:45:00,169387.36515801717
2024-09-27 13:00:00,169387.36515801717
2024-09-27 13:15:00,169387.36515801717
2024-09-27 13:30:00,169387.36515801717
2024-09-27 13:45:00,169387.36515801717
2024-09-27 14:00:00,169387.36515801717
2024-09-27 14:15:00,169387.36515801717
2024-09-27 14:30:00,169387.36515801717
2024-09-27 14:45:00,169387.36515801717
2024-09-27 15:00:00,169387.36515801717
2024-09-27 15:15:00,169387.36515801717
2024-09-30 09:15:00,169387.36515801717
2024-09-30 09:30:00,169387.36515801717
2024-09-30 09:45:00,169387.36515801717
2024-09-30 10:00:00,169387.36515801717
2024-09-30 10:15:00,169387.36515801717
2024-09-30 10:30:00,169387.36515801717
2024-09-30 10:45:00,169387.36515801717
2024-09-30 11:00:00,169387.36515801717
2024-09-30 11:15:00,169387.36515801717
2024-09-30 11:30:00,169387.36515801717
2024-09-30 11:45:00,169387.36515801717
2024-09-30 12:00:00,169387.36515801717
2024-09-30 12:15:00,169387.36515801717
2024-09-30 12:30:00,169387.36515801717
2024-09-30 12:45:00,169387.36515801717
2024-09-30 13:00:00,169387.36515801717
2024-09-30 13:15:00,169387.36515801717
2024-09-30 13:30:00,169387.36515801717
2024-09-30 13:45:00,169387.36515801717
2024-09-30 14:00:00,169387.36515801717
2024-09-30 14:15:00,169387.36515801717
2024-09-30 14:30:00,169387.36515801717
2024-09-30 14:45:00,169387.36515801717
2024-09-30 15:00:00,169387.36515801717
2024-09-30 15:15:00,169387.36515801717
2024-10-01 09:15:00,169387.36515801717
2024-10-01 09:30:00,169387.36515801717
2024-10-01 09:45:00,169387.36515801717
2024-10-01 10:00:00,169387.36515801717
2024-10-01 10:15:00,169387.36515801717
2024-10-01 10:30:00,169387.36515801717
2024-10-01 10:45:00,169387.36515801717
2024-10-01 11:00:00,169387.36515801717
2024-10-01 11:15:00,169387.36515801717
2024-10-01 11:30:00,169387.36515801717
2024-10-01 11:45:00,169387.36515801717
2024-10-01 12:00:00,169387.36515801717
2024-10-01 12:15:00,169387.36515801717
2024-10-01 12:30:00,169387.36515801717
2024-10-01 12:45:00,169387.36515801717
2024-10-01 13:00:00,169387.36515801717
2024-10-01 13:15:00,169387.36515801717
2024-10-01 13:30:00,169387.36515801717
2024-10-01 13:45:00,169387.36515801717
2024-10-01 14:00:00,169387.36515801717
2024-10-01 14:15:00,169387.36515801717
2024-10-01 14:30:00,169387.36515801717
2024-10-01 14:45:00,169387.36515801717
2024-10-01 15:00:00,169387.36515801717
2024-10-01 15:15:00,169387.36515801717
2024-10-03 09:15:00,169387.36515801717
2024-10-03 09:30:00,169387.36515801717
2024-10-03 09:45:00,169387.36515801717
2024-10-03 10:00:00,169387.36515801717
2024-10-03 10:15:00,169387.36515801717
2024-10-03 10:30:00,169387.36515801717
2024-10-03 10:45:00,169387.36515801717
2024-10-03 11:00:00,169387.36515801717
2024-10-03 11:15:00,169387.36515801717
2024-10-03 11:30:00,169387.36515801717
2024-10-03 11:45:00,169387.36515801717
2024-10-03 12:00:00,169387.36515801717
2024-10-03 12:15:00,169387.36515801717
2024-10-03 12:30:00,169387.36515801717
2024-10-03 12:45:00,169387.36515801717
2024-10-03 13:00:00,169387.36515801717
2024-10-03 13:15:00,169387.36515801717
2024-10-03 13:30:00,169387.36515801717
2024-10-03 13:45:00,169387.36515801717
2024-10-03 14:00:00,169387.36515801717
2024-10-03 14:15:00,169387.36515801717
2024-10-03 14:30:00,169387.36515801717
2024-10-03 14:45:00,169387.36515801717
2024-10-03 15:00:00,169387.36515801717
2024-10-03 15:15:00,169387.36515801717
2024-10-04 09:15:00,169387.36515801717
2024-10-04 09:30:00,169387.36515801717
2024-10-04 09:45:00,169387.36515801717
2024-10-04 10:00:00,169387.36515801717
2024-10-04 10:15:00,169387.36515801717
2024-10-04 10:30:00,169387.36515801717
2024-10-04 10:45:00,169387.36515801717
2024-10-04 11:00:00,169387.36515801717
2024-10-04 11:15:00,169387.36515801717
2024-10-04 11:30:00,169387.36515801717
2024-10-04 11:45:00,169387.36515801717
2024-10-04 12:00:00,169707.20471993525
2024-10-04 12:15:00,169664.8926112232
2024-10-04 12:30:00,167936.4263120243
2024-10-04 12:45:00,167364.37992888544
2024-10-04 13:00:00,167345.38945489656
2024-10-04 13:15:00,167334.0618037453
2024-10-04 13:30:00,167334.0618037453
2024-10-04 13:45:00,167334.0618037453
2024-10-04 14:00:00,167334.0618037453
2024-10-04 14:15:00,167334.0618037453
2024-10-04 14:30:00,167334.0618037453
2024-10-04 14:45:00,167334.0618037453
2024-10-04 15:00:00,167334.0618037453
2024-10-04 15:15:00,167334.0618037453
2024-10-07 09:15:00,167334.0618037453
2024-10-07 09:30:00,167334.0618037453
2024-10-07 09:45:00,167334.0618037453
2024-10-07 10:00:00,167334.0618037453
2024-10-07 10:15:00,167334.0618037453
2024-10-07 10:30:00,167334.0618037453
2024-10-07 10:45:00,167334.0618037453
2024-10-07 11:00:00,167334.0618037453
2024-10-07 11:15:00,167334.0618037453
2024-10-07 11:30:00,167334.0618037453
2024-10-07 11:45:00,167334.0618037453
2024-10-07 12:00:00,167334.0618037453
2024-10-07 12:15:00,167334.0618037453
2024-10-07 12:30:00,167334.0618037453
2024-10-07 12:45:00,167334.0618037453
2024-10-07 13:00:00,167334.0618037453
2024-10-07 13:15:00,167334.0618037453
2024-10-07 13:30:00,167334.0618037453
2024-10-07 13:45:00,167334.0618037453
2024-10-07 14:00:00,167334.0618037453
2024-10-07 14:15:00,167334.0618037453
2024-10-07 14:30:00,167334.0618037453
2024-10-07 14:45:00,167334.0618037453
2024-10-07 15:00:00,167334.0618037453
2024-10-07 15:15:00,167334.0618037453
2024-10-08 09:15:00,167334.0618037453
2024-10-08 09:30:00,167334.0618037453
2024-10-08 09:45:00,167334.0618037453
2024-10-08 10:00:00,167334.0618037453
2024-10-08 10:15:00,167334.0618037453
2024-10-08 10:30:00,167334.0618037453
2024-10-08 10:45:00,167152.77285743953
2024-10-08 11:00:00,167443.1708917997
2024-10-08 11:15:00,167684.21804633216
2024-10-08 11:30:00,167596.25933534678
2024-10-08 11:45:00,167429.40636069127
2024-10-08 12:00:00,167392.1414106173
2024-10-08 12:15:00,167395.16289305573
2024-10-08 12:30:00,167292.76821042006
2024-10-08 12:45:00,167260.87478468107
2024-10-08 13:00:00,167693.28249364742
2024-10-08 13:15:00,167636.88148813008
2024-10-08 13:30:00,167823.87767904176
2024-10-08 13:45:00,167906.12914542123
2024-10-08 14:00:00,168103.532664732
2024-10-08 14:15:00,168086.41093091422
2024-10-08 14:30:00,167653.331781406
2024-10-08 14:45:00,167637.21720840104
2024-10-08 15:00:00,167933.65820763804
2024-10-08 15:15:00,168125.35448234284
2024-10-09 09:15:00,168232.44924877162
2024-10-09 09:30:00,168441.26725729418
2024-10-09 09:45:00,168376.80896527437
2024-10-09 10:00:00,169008.29879490612
2024-10-09 10:15:00,168649.7495455458
2024-10-09 10:30:00,169067.72128286186
2024-10-09 10:45:00,169206.37375475868
2024-10-09 11:00:00,169307.76127658153
2024-10-09 11:15:00,169286.61089951254
2024-10-09 11:30:00,168965.99804076809
2024-10-09 11:45:00,168681.9786915557
2024-10-09 12:00:00,168650.7567063586
2024-10-09 12:15:00,168777.99468904358
2024-10-09 12:30:00,168765.23731874797
2024-10-09 12:45:00,168803.50942963475
2024-10-09 13:00:00,168560.7836737476
2024-10-09 13:15:00,168551.71922643232
2024-10-09 13:30:00,168551.71922643232
2024-10-09 13:45:00,168551.71922643232
2024-10-09 14:00:00,168551.71922643232
2024-10-09 14:15:00,168551.71922643232
2024-10-09 14:30:00,168551.71922643232
2024-10-09 14:45:00,168551.71922643232
2024-10-09 15:00:00,168551.71922643232
2024-10-09 15:15:00,168551.71922643232
2024-10-10 09:15:00,168551.71922643232
2024-10-10 09:30:00,168551.71922643232
2024-10-10 09:45:00,168551.71922643232
2024-10-10 10:00:00,168551.71922643232
2024-10-10 10:15:00,168551.71922643232
2024-10-10 10:30:00,168551.71922643232
2024-10-10 10:45:00,168551.71922643232
2024-10-10 11:00:00,168551.71922643232
2024-10-10 11:15:00,168551.71922643232
2024-10-10 11:30:00,168551.71922643232
2024-10-10 11:45:00,168551.71922643232
2024-10-10 12:00:00,168551.71922643232
2024-10-10 12:15:00,168551.71922643232
2024-10-10 12:30:00,168551.71922643232
2024-10-10 12:45:00,168551.71922643232
2024-10-10 13:00:00,168551.71922643232
2024-10-10 13:15:00,168551.71922643232
2024-10-10 13:30:00,168551.71922643232
2024-10-10 13:45:00,168551.71922643232
2024-10-10 14:00:00,168551.71922643232
2024-10-10 14:15:00,168551.71922643232
2024-10-10 14:30:00,168551.71922643232
2024-10-10 14:45:00,168551.71922643232
2024-10-10 15:00:00,168551.71922643232
2024-10-10 15:15:00,168551.71922643232
2024-10-11 09:15:00,168551.71922643232
2024-10-11 09:30:00,168551.71922643232
2024-10-11 09:45:00,168551.71922643232
2024-10-11 10:00:00,168551.71922643232
2024-10-11 10:15:00,168551.71922643232
2024-10-11 10:30:00,168551.71922643232
2024-10-11 10:45:00,168551.71922643232
2024-10-11 11:00:00,168551.71922643232
2024-10-11 11:15:00,168551.71922643232
2024-10-11 11:30:00,168551.71922643232
2024-10-11 11:45:00,168551.71922643232
2024-10-11 12:00:00,168551.71922643232
2024-10-11 12:15:00,168551.71922643232
2024-10-11 12:30:00,168551.71922643232
2024-10-11 12:45:00,168551.71922643232
2024-10-11 13:00:00,168551.71922643232
2024-10-11 13:15:00,168551.71922643232
2024-10-11 13:30:00,168551.71922643232
2024-10-11 13:45:00,168551.71922643232
2024-10-11 14:00:00,168551.71922643232
2024-10-11 14:15:00,168551.71922643232
2024-10-11 14:30:00,168551.71922643232
2024-10-11 14:45:00,168551.71922643232
2024-10-11 15:00:00,168551.71922643232
2024-10-11 15:15:00,168551.71922643232
2024-10-14 09:15:00,168551.71922643232
2024-10-14 09:30:00,168894.66451405353
2024-10-14 09:45:00,168949.85884886203
2024-10-14 10:00:00,168949.52229804004
2024-10-14 10:15:00,168944.810586532
2024-10-14 10:30:00,168895.67416651954
2024-10-14 10:45:00,168878.8466254194
2024-10-14 11:00:00,168958.60917023412
2024-10-14 11:15:00,169036.01585929486
2024-10-14 11:30:00,169150.10658795395
2024-10-14 11:45:00,169228.1863786587
2024-10-14 12:00:00,169316.0261432015
2024-10-14 12:15:00,169088.1812367054
2024-10-14 12:30:00,169202.27196536446
2024-10-14 12:45:00,169007.40903942465
2024-10-14 13:00:00,168985.19668517244
2024-10-14 13:15:00,168978.4656687324
2024-10-14 13:30:00,169033.32345271888
2024-10-14 13:45:00,169146.40452891195
2024-10-14 14:00:00,169174.00169631618
2024-10-14 14:15:00,169098.2777613655
2024-10-14 14:30:00,169192.1754407044
2024-10-14 14:45:00,169089.86399081544
2024-10-14 15:00:00,169104.6722269836
2024-10-14 15:15:00,169233.23464098878
2024-10-15 09:15:00,169461.41609830692
2024-10-15 09:30:00,169335.88264169972
2024-10-15 09:45:00,168867.06734664936
2024-10-15 10:00:00,168647.6362107033
2024-10-15 10:15:00,168498.8807473779
2024-10-15 10:30:00,168502.91935724195
2024-10-15 10:45:00,168502.91935724195
2024-10-15 11:00:00,168502.91935724195
2024-10-15 11:15:00,168502.91935724195
2024-10-15 11:30:00,168502.91935724195
2024-10-15 11:45:00,168502.91935724195
2024-10-15 12:00:00,168502.91935724195
2024-10-15 12:15:00,168502.91935724195
2024-10-15 12:30:00,168502.91935724195
2024-10-15 12:45:00,168502.91935724195
2024-10-15 13:00:00,168502.91935724195
2024-10-15 13:15:00,168502.91935724195
2024-10-15 13:30:00,168502.91935724195
2024-10-15 13:45:00,168502.91935724195
2024-10-15 14:00:00,168502.91935724195
2024-10-15 14:15:00,168502.91935724195
2024-10-15 14:30:00,168502.91935724195
2024-10-15 14:45:00,168502.91935724195
2024-10-15 15:00:00,168502.91935724195
2024-10-15 15:15:00,168502.91935724195
2024-10-16 09:15:00,168502.91935724195
2024-10-16 09:30:00,168502.91935724195
2024-10-16 09:45:00,168502.91935724195
2024-10-16 10:00:00,168502.91935724195
2024-10-16 10:15:00,168502.91935724195
2024-10-16 10:30:00,168502.91935724195
2024-10-16 10:45:00,168502.91935724195
2024-10-16 11:00:00,168502.91935724195
2024-10-16 11:15:00,168502.91935724195
2024-10-16 11:30:00,168502.91935724195
2024-10-16 11:45:00,168502.91935724195
2024-10-16 12:00:00,168502.91935724195
2024-10-16 12:15:00,168502.91935724195
2024-10-16 12:30:00,168502.91935724195
2024-10-16 12:45:00,168502.91935724195
2024-10-16 13:00:00,168502.91935724195
2024-10-16 13:15:00,168502.91935724195
2024-10-16 13:30:00,168502.91935724195
2024-10-16 13:45:00,168502.91935724195
2024-10-16 14:00:00,168502.91935724195
2024-10-16 14:15:00,168502.91935724195
2024-10-16 14:30:00,168323.32174493573
2024-10-16 14:45:00,168161.88568893014
2024-10-16 15:00:00,167948.65556495608
2024-10-16 15:15:00,167892.82559558746
2024-10-17 09:15:00,167763.3404256663
2024-10-17 09:30:00,167154.9282895952
2024-10-17 09:45:00,167060.75725692528
2024-10-17 10:00:00,167061.7662322753
2024-10-17 10:15:00,167061.7662322753
2024-10-17 10:30:00,167061.7662322753
2024-10-17 10:45:00,167061.7662322753
2024-10-17 11:00:00,167061.7662322753
2024-10-17 11:15:00,167061.7662322753
2024-10-17 11:30:00,167061.7662322753
2024-10-17 11:45:00,167061.7662322753
2024-10-17 12:00:00,167061.7662322753
2024-10-17 12:15:00,167061.7662322753
2024-10-17 12:30:00,167061.7662322753
2024-10-17 12:45:00,167061.7662322753
2024-10-17 13:00:00,167061.7662322753
2024-10-17 13:15:00,167061.7662322753
2024-10-17 13:30:00,167061.7662322753
2024-10-17 13:45:00,167061.7662322753
2024-10-17 14:00:00,167061.7662322753
2024-10-17 14:15:00,167061.7662322753
2024-10-17 14:30:00,167061.7662322753
2024-10-17 14:45:00,167061.7662322753
2024-10-17 15:00:00,167061.7662322753
2024-10-17 15:15:00,167061.7662322753
2024-10-18 09:15:00,167061.7662322753
2024-10-18 09:30:00,167061.7662322753
2024-10-18 09:45:00,167061.7662322753
2024-10-18 10:00:00,167061.7662322753
2024-10-18 10:15:00,167061.7662322753
2024-10-18 10:30:00,167061.7662322753
2024-10-18 10:45:00,167061.7662322753
2024-10-18 11:00:00,167061.7662322753
2024-10-18 11:15:00,167061.7662322753
2024-10-18 11:30:00,167061.7662322753
2024-10-18 11:45:00,167061.7662322753
2024-10-18 12:00:00,167061.7662322753
2024-10-18 12:15:00,167061.7662322753
2024-10-18 12:30:00,167132.72040432645
2024-10-18 12:45:00,167078.58001712154
2024-10-18 13:00:00,166933.30891605
2024-10-18 13:15:00,167159.95873577736
2024-10-18 13:30:00,167250.41689825014
2024-10-18 13:45:00,167251.76200103786
2024-10-18 14:00:00,167270.25716436873
2024-10-18 14:15:00,167326.41520575518
2024-10-18 14:30:00,167212.7540201946
2024-10-18 14:45:00,167303.88473406126
2024-10-18 15:00:00,167080.93394700007
2024-10-18 15:15:00,167214.09912298233
2024-10-21 09:15:00,167416.5370925311
2024-10-21 09:30:00,166606.11266294215
2024-10-21 09:45:00,166412.41786151344
2024-10-21 10:00:00,166819.9840061864
2024-10-21 10:15:00,166815.9486978233
2024-10-21 10:30:00,166913.80492562844
2024-10-21 10:45:00,166946.0873925332
2024-10-21 11:00:00,166850.58509460653
2024-10-21 11:15:00,166779.6309225554
2024-10-21 11:30:00,166557.01641119114
2024-10-21 11:45:00,166559.0340653727
2024-10-21 12:00:00,166559.0340653727
2024-10-21 12:15:00,166559.0340653727
2024-10-21 12:30:00,166559.0340653727
2024-10-21 12:45:00,166559.0340653727
2024-10-21 13:00:00,166559.0340653727
2024-10-21 13:15:00,166559.0340653727
2024-10-21 13:30:00,166559.0340653727
2024-10-21 13:45:00,166559.0340653727
2024-10-21 14:00:00,166559.0340653727
2024-10-21 14:15:00,166559.0340653727
2024-10-21 14:30:00,166559.0340653727
2024-10-21 14:45:00,166559.0340653727
2024-10-21 15:00:00,166559.0340653727
2024-10-21 15:15:00,166559.0340653727
2024-10-22 09:15:00,166559.0340653727
2024-10-22 09:30:00,166559.0340653727
2024-10-22 09:45:00,166559.0340653727
2024-10-22 10:00:00,165882.9821103389
2024-10-22 10:15:00,165083.64615161213
2024-10-22 10:30:00,165286.99775552962
2024-10-22 10:45:00,165621.33861337087
2024-10-22 11:00:00,165694.3709851238
2024-10-22 11:15:00,165471.92376106905
2024-10-22 11:30:00,165469.57868491186
2024-10-22 11:45:00,165469.57868491186
2024-10-22 12:00:00,165469.57868491186
2024-10-22 12:15:00,165469.57868491186
2024-10-22 12:30:00,165469.57868491186
2024-10-22 12:45:00,165469.57868491186
2024-10-22 13:00:00,165469.57868491186
2024-10-22 13:15:00,165469.57868491186
2024-10-22 13:30:00,165469.57868491186
2024-10-22 13:45:00,165469.57868491186
2024-10-22 14:00:00,165469.57868491186
2024-10-22 14:15:00,165469.57868491186
2024-10-22 14:30:00,165469.57868491186
2024-10-22 14:45:00,165469.57868491186
2024-10-22 15:00:00,165469.57868491186
2024-10-22 15:15:00,165469.57868491186
2024-10-23 09:15:00,165469.57868491186
2024-10-23 09:30:00,165469.57868491186
2024-10-23 09:45:00,165469.57868491186
2024-10-23 10:00:00,165469.57868491186
2024-10-23 10:15:00,165469.57868491186
2024-10-23 10:30:00,165469.57868491186
2024-10-23 10:45:00,165469.57868491186
2024-10-23 11:00:00,165469.57868491186
2024-10-23 11:15:00,165469.57868491186
2024-10-23 11:30:00,165469.57868491186
2024-10-23 11:45:00,165466.2130331025
2024-10-23 12:00:00,165181.815455213
2024-10-23 12:15:00,165143.11045940558
2024-10-23 12:30:00,165297.2573122735
2024-10-23 12:45:00,165308.0273980634
2024-10-23 13:00:00,165234.65618861973
2024-10-23 13:15:00,165215.13540812553
2024-10-23 13:30:00,165211.76975631618
2024-10-23 13:45:00,165120.22402710206
2024-10-23 14:00:00,164818.6616249849
2024-10-23 14:15:00,164618.405342329
2024-10-23 14:30:00,164618.74190750995
2024-10-23 14:45:00,164618.74190750995
2024-10-23 15:00:00,164618.74190750995
2024-10-23 15:15:00,164618.74190750995
2024-10-24 09:15:00,164618.74190750995
2024-10-24 09:30:00,164618.74190750995
2024-10-24 09:45:00,164618.74190750995
2024-10-24 10:00:00,164618.74190750995
2024-10-24 10:15:00,164618.74190750995
2024-10-24 10:30:00,164618.74190750995
2024-10-24 10:45:00,164618.74190750995
2024-10-24 11:00:00,164618.74190750995
2024-10-24 11:15:00,164618.74190750995
2024-10-24 11:30:00,164618.74190750995
2024-10-24 11:45:00,164618.74190750995
2024-10-24 12:00:00,164618.74190750995
2024-10-24 12:15:00,164618.74190750995
2024-10-24 12:30:00,164618.74190750995
2024-10-24 12:45:00,164618.74190750995
2024-10-24 13:00:00,164618.74190750995
2024-10-24 13:15:00,164618.74190750995
2024-10-24 13:30:00,164618.74190750995
2024-10-24 13:45:00,164618.74190750995
2024-10-24 14:00:00,164618.74190750995
2024-10-24 14:15:00,164618.74190750995
2024-10-24 14:30:00,164618.74190750995
2024-10-24 14:45:00,164618.74190750995
2024-10-24 15:00:00,164618.74190750995
2024-10-24 15:15:00,164618.74190750995
2024-10-25 09:15:00,164618.74190750995
2024-10-25 09:30:00,164618.74190750995
2024-10-25 09:45:00,164618.74190750995
2024-10-25 10:00:00,164618.74190750995
2024-10-25 10:15:00,164618.74190750995
2024-10-25 10:30:00,164618.74190750995
2024-10-25 10:45:00,164618.74190750995
2024-10-25 11:00:00,164618.74190750995
2024-10-25 11:15:00,164618.74190750995
2024-10-25 11:30:00,164618.74190750995
2024-10-25 11:45:00,164618.74190750995
2024-10-25 12:00:00,164618.74190750995
2024-10-25 12:15:00,164618.74190750995
2024-10-25 12:30:00,164618.74190750995
2024-10-25 12:45:00,164618.74190750995
2024-10-25 13:00:00,164618.74190750995
2024-10-25 13:15:00,164618.74190750995
2024-10-25 13:30:00,164618.74190750995
2024-10-25 13:45:00,164618.74190750995
2024-10-25 14:00:00,164618.74190750995
2024-10-25 14:15:00,164618.74190750995
2024-10-25 14:30:00,164618.74190750995
2024-10-25 14:45:00,164618.74190750995
2024-10-25 15:00:00,164618.74190750995
2024-10-25 15:15:00,164618.74190750995
2024-10-28 09:15:00,164378.78279116345
2024-10-28 09:30:00,163924.65931496597
2024-10-28 09:45:00,164868.88316457835
2024-10-28 10:00:00,164895.01732576458
2024-10-28 10:15:00,165473.02351407873
2024-10-28 10:30:00,165760.8386918182
2024-10-28 10:45:00,165641.02883599035
2024-10-28 11:00:00,165625.076815526
2024-10-28 11:15:00,165666.48418779514
2024-10-28 11:30:00,165818.53748924242
2024-10-28 11:45:00,165755.74762145727
2024-10-28 12:00:00,166175.93062858167
2024-10-28 12:15:00,166166.76670193195
2024-10-28 12:30:00,165981.11233610232
2024-10-28 12:45:00,165821.93153614967
2024-10-28 13:00:00,165775.77249821034
2024-10-28 13:15:00,165876.57569135734
2024-10-28 13:30:00,165751.6747651685
2024-10-28 13:45:00,165739.79560099292
2024-10-28 14:00:00,165510.01862536834
2024-10-28 14:15:00,165450.96220918122
2024-10-28 14:30:00,165617.6099123299
2024-10-28 14:45:00,165604.3731293914
2024-10-28 15:00:00,165248.6770135058
2024-10-28 15:15:00,165410.23364629352
2024-10-29 09:15:00,164696.12617699645
2024-10-29 09:30:00,164686.28344096526
2024-10-29 09:45:00,164686.28344096526
2024-10-29 10:00:00,164686.28344096526
2024-10-29 10:15:00,164686.28344096526
2024-10-29 10:30:00,164686.28344096526
2024-10-29 10:45:00,164686.28344096526
2024-10-29 11:00:00,164686.28344096526
2024-10-29 11:15:00,164686.28344096526
2024-10-29 11:30:00,164686.28344096526
2024-10-29 11:45:00,164686.28344096526
2024-10-29 12:00:00,164686.28344096526
2024-10-29 12:15:00,164557.8214151146
2024-10-29 12:30:00,164756.44607777553
2024-10-29 12:45:00,164878.12910490058
2024-10-29 13:00:00,164887.61970311645
2024-10-29 13:15:00,164788.30737178598
2024-10-29 13:30:00,164731.3637824907
2024-10-29 13:45:00,164875.41750541033
2024-10-29 14:00:00,165526.20138307082
2024-10-29 14:15:00,165526.20138307082
2024-10-29 14:30:00,165638.39381198
2024-10-29 14:45:00,165712.96279796195
2024-10-29 15:00:00,165910.90956075033
2024-10-29 15:15:00,165773.6348365563
2024-10-30 09:15:00,165297.74912601706
2024-10-30 09:30:00,165414.6868540342
2024-10-30 09:45:00,165429.2617012943
2024-10-30 10:00:00,165531.28563211503
2024-10-30 10:15:00,165449.93764740747
2024-10-30 10:30:00,165428.922751358
2024-10-30 10:45:00,165705.16694942745
2024-10-30 11:00:00,165659.40870802946
2024-10-30 11:15:00,165704.82799949116
2024-10-30 11:30:00,165752.61994050688
2024-10-30 11:45:00,165725.84289554064
2024-10-30 12:00:00,165675.3393550347
2024-10-30 12:15:00,165672.62775554444
2024-10-30 12:30:00,165753.975740252
2024-10-30 12:45:00,165813.96987897385
2024-10-30 13:00:00,165604.83776828815
2024-10-30 13:15:00,165306.56182436043
2024-10-30 13:30:00,165198.09784475036
2024-10-30 13:45:00,165173.01554946555
2024-10-30 14:00:00,164893.04290209702
2024-10-30 14:15:00,164885.58600349884
2024-10-30 14:30:00,164885.58600349884
2024-10-30 14:45:00,164885.58600349884
2024-10-30 15:00:00,164885.58600349884
2024-10-30 15:15:00,164885.58600349884
2024-10-31 09:15:00,164885.58600349884
2024-10-31 09:30:00,164885.58600349884
2024-10-31 09:45:00,164885.58600349884
2024-10-31 10:00:00,164885.58600349884
2024-10-31 10:15:00,164885.58600349884
2024-10-31 10:30:00,164885.58600349884
2024-10-31 10:45:00,164885.58600349884
2024-10-31 11:00:00,164885.58600349884
2024-10-31 11:15:00,164885.58600349884
2024-10-31 11:30:00,164885.58600349884
2024-10-31 11:45:00,164885.58600349884
2024-10-31 12:00:00,164885.58600349884
2024-10-31 12:15:00,164885.58600349884
2024-10-31 12:30:00,164885.58600349884
2024-10-31 12:45:00,164885.58600349884
2024-10-31 13:00:00,164885.58600349884
2024-10-31 13:15:00,164885.58600349884
2024-10-31 13:30:00,164885.58600349884
2024-10-31 13:45:00,164885.58600349884
2024-10-31 14:00:00,164885.58600349884
2024-10-31 14:15:00,164885.58600349884
2024-10-31 14:30:00,164885.58600349884
2024-10-31 14:45:00,164885.58600349884
2024-10-31 15:00:00,164885.58600349884
2024-10-31 15:15:00,164885.58600349884
2024-11-01 18:00:00,164885.58600349884
2024-11-01 18:15:00,164885.58600349884
2024-11-01 18:30:00,164885.58600349884
2024-11-01 18:45:00,164885.58600349884
2024-11-04 09:15:00,164885.58600349884
2024-11-04 09:30:00,164885.58600349884
2024-11-04 09:45:00,164885.58600349884
2024-11-04 10:00:00,164885.58600349884
2024-11-04 10:15:00,164885.58600349884
2024-11-04 10:30:00,164885.58600349884
2024-11-04 10:45:00,164885.58600349884
2024-11-04 11:00:00,164885.58600349884
2024-11-04 11:15:00,164885.58600349884
2024-11-04 11:30:00,164885.58600349884
2024-11-04 11:45:00,164885.58600349884
2024-11-04 12:00:00,164885.58600349884
2024-11-04 12:15:00,164885.58600349884
2024-11-04 12:30:00,164885.58600349884
2024-11-04 12:45:00,164885.58600349884
2024-11-04 13:00:00,164885.58600349884
2024-11-04 13:15:00,164885.58600349884
2024-11-04 13:30:00,164885.58600349884
2024-11-04 13:45:00,164885.58600349884
2024-11-04 14:00:00,164885.58600349884
2024-11-04 14:15:00,164885.58600349884
2024-11-04 14:30:00,164885.58600349884
2024-11-04 14:45:00,165018.7836326107
2024-11-04 15:00:00,165186.39925374108
2024-11-04 15:15:00,165144.06512355825
2024-11-05 09:15:00,165094.15903513134
2024-11-05 09:30:00,164921.72489511833
2024-11-05 09:45:00,165196.72465134662
2024-11-05 10:00:00,164999.50955708028
2024-11-05 10:15:00,165363.9960925569
2024-11-05 10:30:00,164992.62595867657
2024-11-05 10:45:00,165085.89871704686
2024-11-05 11:00:00,165082.11273792482
2024-11-05 11:15:00,164734.8351984575
2024-11-05 11:30:00,164293.2523608593
2024-11-05 11:45:00,164263.65288772335
2024-11-05 12:00:00,164342.47008944588
2024-11-05 12:15:00,164375.85554170387
2024-11-05 12:30:00,164575.13571549134
2024-11-05 12:45:00,164647.06931881016
2024-11-05 13:00:00,164621.60000471643
2024-11-05 13:15:00,165543.6580108938
2024-11-05 13:30:00,165711.27363202418
2024-11-05 13:45:00,166066.1231297356
2024-11-05 14:00:00,166335.96018716114
2024-11-05 14:15:00,166535.58454086882
2024-11-05 14:30:00,166598.913646183
2024-11-05 14:45:00,166509.7710468549
2024-11-05 15:00:00,166636.08507756304
2024-11-05 15:15:00,166570.34671280757
2024-11-06 09:15:00,167579.82641871207
2024-11-06 09:30:00,167590.84017615803
2024-11-06 09:45:00,167655.54600115292
2024-11-06 10:00:00,167816.96638372002
2024-11-06 10:15:00,167442.15445063784
2024-11-06 10:30:00,167267.65523110374
2024-11-06 10:45:00,167692.717432533
2024-11-06 11:00:00,167746.75368000215
2024-11-06 11:15:00,167697.88013133578
2024-11-06 11:30:00,167903.01136376642
2024-11-06 11:45:00,168206.92223329036
2024-11-06 12:00:00,168119.84471348338
2024-11-06 12:15:00,168142.21640829547
2024-11-06 12:30:00,168111.58439539894
2024-11-06 12:45:00,168175.60186055346
2024-11-06 13:00:00,168353.88705920964
2024-11-06 13:15:00,168331.51536439758
2024-11-06 13:30:00,168409.6442062797
2024-11-06 13:45:00,168567.9669695651
2024-11-06 14:00:00,168542.84183539156
2024-11-06 14:15:00,168798.5675160895
2024-11-06 14:30:00,168447.50399750014
2024-11-06 14:45:00,168406.89076691825
2024-11-06 15:00:00,168453.01087622312
2024-11-06 15:15:00,168606.17094070572
2024-11-07 09:15:00,167641.09044450516
2024-11-07 09:30:00,167706.14044942026
2024-11-07 09:45:00,167132.39252247076
2024-11-07 10:00:00,167132.73670239095
2024-11-07 10:15:00,167132.73670239095
2024-11-07 10:30:00,167132.73670239095
2024-11-07 10:45:00,167132.73670239095
2024-11-07 11:00:00,167132.73670239095
2024-11-07 11:15:00,167132.73670239095
2024-11-07 11:30:00,167132.73670239095
2024-11-07 11:45:00,167132.73670239095
2024-11-07 12:00:00,167132.73670239095
2024-11-07 12:15:00,167132.73670239095
2024-11-07 12:30:00,167132.73670239095
2024-11-07 12:45:00,167132.73670239095
2024-11-07 13:00:00,167132.73670239095
2024-11-07 13:15:00,167132.73670239095
2024-11-07 13:30:00,167132.73670239095
2024-11-07 13:45:00,167132.73670239095
2024-11-07 14:00:00,167132.73670239095
2024-11-07 14:15:00,167132.73670239095
2024-11-07 14:30:00,167132.73670239095
2024-11-07 14:45:00,167132.73670239095
2024-11-07 15:00:00,167132.73670239095
2024-11-07 15:15:00,167132.73670239095
2024-11-08 09:15:00,167132.73670239095
2024-11-08 09:30:00,167132.73670239095
2024-11-08 09:45:00,167132.73670239095
2024-11-08 10:00:00,167132.73670239095
2024-11-08 10:15:00,167132.73670239095
2024-11-08 10:30:00,167132.73670239095
2024-11-08 10:45:00,167132.73670239095
2024-11-08 11:00:00,167132.73670239095
2024-11-08 11:15:00,167132.73670239095
2024-11-08 11:30:00,167132.73670239095
2024-11-08 11:45:00,167132.73670239095
2024-11-08 12:00:00,167132.73670239095
2024-11-08 12:15:00,167132.73670239095
2024-11-08 12:30:00,167132.73670239095
2024-11-08 12:45:00,167132.73670239095
2024-11-08 13:00:00,167132.73670239095
2024-11-08 13:15:00,167132.73670239095
2024-11-08 13:30:00,167132.73670239095
2024-11-08 13:45:00,167132.73670239095
2024-11-08 14:00:00,167132.73670239095
2024-11-08 14:15:00,167132.73670239095
2024-11-08 14:30:00,167132.73670239095
2024-11-08 14:45:00,167132.73670239095
2024-11-08 15:00:00,167132.73670239095
2024-11-08 15:15:00,167132.73670239095
2024-11-11 09:15:00,167132.73670239095
2024-11-11 09:30:00,167132.73670239095
2024-11-11 09:45:00,167132.73670239095
2024-11-11 10:00:00,167132.73670239095
2024-11-11 10:15:00,167132.73670239095
2024-11-11 10:30:00,167132.73670239095
2024-11-11 10:45:00,167319.60701220375
2024-11-11 11:00:00,167629.2187063217
2024-11-11 11:15:00,167640.59641891177
2024-11-11 11:30:00,167781.26632002546
2024-11-11 11:45:00,167479.58454680364
2024-11-11 12:00:00,167242.72125742835
2024-11-11 12:15:00,167073.08990608534
2024-11-11 12:30:00,167179.62666942884
2024-11-11 12:45:00,167102.05135631465
2024-11-11 13:00:00,167028.9581724026
2024-11-11 13:15:00,167032.750743266
2024-11-11 13:30:00,167032.750743266
2024-11-11 13:45:00,167032.750743266
2024-11-11 14:00:00,167032.750743266
2024-11-11 14:15:00,167032.750743266
2024-11-11 14:30:00,167032.750743266
2024-11-11 14:45:00,167032.750743266
2024-11-11 15:00:00,167032.750743266
2024-11-11 15:15:00,167032.750743266
2024-11-12 09:15:00,167032.750743266
2024-11-12 09:30:00,167032.750743266
2024-11-12 09:45:00,167032.750743266
2024-11-12 10:00:00,167032.750743266
2024-11-12 10:15:00,167032.750743266
2024-11-12 10:30:00,167032.750743266
2024-11-12 10:45:00,167032.750743266
2024-11-12 11:00:00,167032.750743266
2024-11-12 11:15:00,167032.750743266
2024-11-12 11:30:00,167032.750743266
2024-11-12 11:45:00,167032.750743266
2024-11-12 12:00:00,167032.750743266
2024-11-12 12:15:00,167032.750743266
2024-11-12 12:30:00,167032.750743266
2024-11-12 12:45:00,167032.750743266
2024-11-12 13:00:00,167032.750743266
2024-11-12 13:15:00,167032.750743266
2024-11-12 13:30:00,167032.750743266
2024-11-12 13:45:00,167032.750743266
2024-11-12 14:00:00,167032.750743266
2024-11-12 14:15:00,167032.750743266
2024-11-12 14:30:00,167032.750743266
2024-11-12 14:45:00,167032.750743266
2024-11-12 15:00:00,167032.750743266
2024-11-12 15:15:00,167032.750743266
2024-11-13 09:15:00,167032.750743266
2024-11-13 09:30:00,167032.750743266
2024-11-13 09:45:00,167032.750743266
2024-11-13 10:00:00,167032.750743266
2024-11-13 10:15:00,167032.750743266
2024-11-13 10:30:00,167032.750743266
2024-11-13 10:45:00,167032.750743266
2024-11-13 11:00:00,167032.750743266
2024-11-13 11:15:00,167032.750743266
2024-11-13 11:30:00,167032.750743266
2024-11-13 11:45:00,167032.750743266
2024-11-13 12:00:00,167032.750743266
2024-11-13 12:15:00,167032.750743266
2024-11-13 12:30:00,167032.750743266
2024-11-13 12:45:00,167032.750743266
2024-11-13 13:00:00,167032.750743266
2024-11-13 13:15:00,167032.750743266
2024-11-13 13:30:00,167032.750743266
2024-11-13 13:45:00,167032.750743266
2024-11-13 14:00:00,167032.750743266
2024-11-13 14:15:00,167032.750743266
2024-11-13 14:30:00,167032.750743266
2024-11-13 14:45:00,167032.750743266
2024-11-13 15:00:00,167032.750743266
2024-11-13 15:15:00,167032.750743266
2024-11-14 09:15:00,167032.750743266
2024-11-14 09:30:00,167032.750743266
2024-11-14 09:45:00,167032.750743266
2024-11-14 10:00:00,167032.750743266
2024-11-14 10:15:00,167032.750743266
2024-11-14 10:30:00,167032.750743266
2024-11-14 10:45:00,167032.750743266
2024-11-14 11:00:00,167032.750743266
2024-11-14 11:15:00,167032.750743266
2024-11-14 11:30:00,167032.750743266
2024-11-14 11:45:00,167032.750743266
2024-11-14 12:00:00,167032.750743266
2024-11-14 12:15:00,167032.750743266
2024-11-14 12:30:00,167032.750743266
2024-11-14 12:45:00,167032.750743266
2024-11-14 13:00:00,167032.750743266
2024-11-14 13:15:00,167032.750743266
2024-11-14 13:30:00,166776.1115768208
2024-11-14 13:45:00,166829.99162281482
2024-11-14 14:00:00,166947.67698643333
2024-11-14 14:15:00,166842.04373836613
2024-11-14 14:30:00,166862.95770358748
2024-11-14 14:45:00,166804.46949576502
2024-11-14 15:00:00,166887.41640867686
2024-11-14 15:15:00,167025.3067895431
2024-11-18 09:15:00,166406.39520858557
2024-11-18 09:30:00,165669.44379002275
2024-11-18 09:45:00,165935.2992801248
2024-11-18 10:00:00,166248.2998104716
2024-11-18 10:15:00,165937.0716500588
2024-11-18 10:30:00,165683.62274949485
2024-11-18 10:45:00,165682.20485354765
2024-11-18 11:00:00,165682.20485354765
2024-11-18 11:15:00,165682.20485354765
2024-11-18 11:30:00,165682.20485354765
2024-11-18 11:45:00,165682.20485354765
2024-11-18 12:00:00,165682.20485354765
2024-11-18 12:15:00,166139.85248798944
2024-11-18 12:30:00,166021.2945811487
2024-11-18 12:45:00,165701.2588028613
2024-11-18 13:00:00,165784.53161838042
2024-11-18 13:15:00,165554.82567387645
2024-11-18 13:30:00,165583.05374693376
2024-11-18 13:45:00,165786.29587294647
2024-11-18 14:00:00,165731.95683231112
2024-11-18 14:15:00,165439.09057434142
2024-11-18 14:30:00,165395.33706110256
2024-11-18 14:45:00,165487.43114945208
2024-11-18 15:00:00,165512.13071337724
2024-11-18 15:15:00,165595.05067798312
2024-11-19 09:15:00,166996.22165436583
2024-11-19 09:30:00,167269.6811121086
2024-11-19 09:45:00,167079.84732079814
2024-11-19 10:00:00,167193.81816576706
2024-11-19 10:15:00,167558.31315911972
2024-11-19 10:30:00,167341.66269840478
2024-11-19 10:45:00,167349.42541849555
2024-11-19 11:00:00,167507.1497767033
2024-11-19 11:15:00,167666.9912403904
2024-11-19 11:30:00,167759.4381796531
2024-11-19 11:45:00,167620.06206893257
2024-11-19 12:00:00,167599.596715966
2024-11-19 12:15:00,167578.07281025982
2024-11-19 12:30:00,167482.45021277815
2024-11-19 12:45:00,167616.18070888723
2024-11-19 13:00:00,167674.75396048118
2024-11-19 13:15:00,167567.48728286335
2024-11-19 13:30:00,167637.35176368023
2024-11-19 13:45:00,167720.9774301125
2024-11-19 14:00:00,167303.20194886418
2024-11-19 14:15:00,167246.39295183634
2024-11-19 14:30:00,167241.4530390513
2024-11-19 14:45:00,166412.95909481897
2024-11-19 15:00:00,166420.01611308331
2024-11-19 15:15:00,166420.01611308331
2024-11-21 09:15:00,166420.01611308331
2024-11-21 09:30:00,166420.01611308331
2024-11-21 09:45:00,166420.01611308331
2024-11-21 10:00:00,166420.01611308331
2024-11-21 10:15:00,166420.01611308331
2024-11-21 10:30:00,166420.01611308331
2024-11-21 10:45:00,166420.01611308331
2024-11-21 11:00:00,166420.01611308331
2024-11-21 11:15:00,166420.01611308331
2024-11-21 11:30:00,166420.01611308331
2024-11-21 11:45:00,166420.01611308331
2024-11-21 12:00:00,166420.01611308331
2024-11-21 12:15:00,166420.01611308331
2024-11-21 12:30:00,166420.01611308331
2024-11-21 12:45:00,166420.01611308331
2024-11-21 13:00:00,166420.01611308331
2024-11-21 13:15:00,166420.01611308331
2024-11-21 13:30:00,166420.01611308331
2024-11-21 13:45:00,166420.01611308331
2024-11-21 14:00:00,166420.01611308331
2024-11-21 14:15:00,166420.01611308331
2024-11-21 14:30:00,166420.01611308331
2024-11-21 14:45:00,166420.01611308331
2024-11-21 15:00:00,166420.01611308331
2024-11-21 15:15:00,166420.01611308331
2024-11-22 09:15:00,166420.01611308331
2024-11-22 09:30:00,166420.01611308331
2024-11-22 09:45:00,166420.01611308331
2024-11-22 10:00:00,166420.01611308331
2024-11-22 10:15:00,166245.31009031035
2024-11-22 10:30:00,166046.95698970748
2024-11-22 10:45:00,166108.72174523328
2024-11-22 11:00:00,166147.19236438937
2024-11-22 11:15:00,166057.19229205177
2024-11-22 11:30:00,166286.25129968743
2024-11-22 11:45:00,166481.4279271489
2024-11-22 12:00:00,166836.13409459704
2024-11-22 12:15:00,166846.72233840148
2024-11-22 12:30:00,167116.72255541422
2024-11-22 12:45:00,167113.54608227292
2024-11-22 13:00:00,167302.72270491192
2024-11-22 13:15:00,167298.84034885032
2024-11-22 13:30:00,167420.95809406132
2024-11-22 13:45:00,167992.37031804
2024-11-22 14:00:00,168317.42940283575
2024-11-22 14:15:00,168355.54708053166
2024-11-22 14:30:00,168378.48827544125
2024-11-22 14:45:00,168914.95929486532
2024-11-22 15:00:00,168847.9004174373
2024-11-22 15:15:00,168518.95897657995
2024-11-25 09:15:00,171612.84381623205
2024-11-25 09:30:00,171458.96133960778
2024-11-25 09:45:00,171221.43173692856
2024-11-25 10:00:00,171259.5494146245
2024-11-25 10:15:00,171642.84384034455
2024-11-25 10:30:00,171653.0791426888
2024-11-25 10:45:00,171614.60852353272
2024-11-25 11:00:00,171776.25571228022
2024-11-25 11:15:00,171677.43210343894
2024-11-25 11:30:00,171565.5496605722
2024-11-25 11:45:00,171390.84363779923
2024-11-25 12:00:00,171555.66729968807
2024-11-25 12:15:00,171407.07894496602
2024-11-25 12:30:00,171423.3142521328
2024-11-25 12:45:00,170527.19588481856
2024-11-25 13:00:00,170522.60764583663
2024-11-25 13:15:00,170522.60764583663
2024-11-25 13:30:00,170522.60764583663
2024-11-25 13:45:00,170522.60764583663
2024-11-25 14:00:00,170522.60764583663
2024-11-25 14:15:00,170522.60764583663
2024-11-25 14:30:00,170522.60764583663
2024-11-25 14:45:00,170522.60764583663
2024-11-25 15:00:00,170522.60764583663
2024-11-25 15:15:00,170522.60764583663
2024-11-26 09:15:00,170522.60764583663
2024-11-26 09:30:00,170205.15560642438
2024-11-26 09:45:00,169841.40117010337
2024-11-26 10:00:00,170031.17084228242
2024-11-26 10:15:00,169784.22472543575
2024-11-26 10:30:00,169808.42825109258
2024-11-26 10:45:00,169909.1008867957
2024-11-26 11:00:00,169853.3275450647
2024-11-26 11:15:00,169827.72091647124
2024-11-26 11:30:00,169945.93233888218
2024-11-26 11:45:00,169781.06774382832
2024-11-26 12:00:00,169687.0598470742
2024-11-26 12:15:00,169410.99934429248
2024-11-26 12:30:00,169400.47607226775
2024-11-26 12:45:00,169400.47607226775
2024-11-26 13:00:00,169400.47607226775
2024-11-26 13:15:00,169400.47607226775
2024-11-26 13:30:00,169400.47607226775
2024-11-26 13:45:00,169400.47607226775
2024-11-26 14:00:00,169400.47607226775
2024-11-26 14:15:00,169400.47607226775
2024-11-26 14:30:00,169400.47607226775
2024-11-26 14:45:00,169400.47607226775
2024-11-26 15:00:00,169400.47607226775
2024-11-26 15:15:00,169400.47607226775
2024-11-27 09:15:00,169400.47607226775
2024-11-27 09:30:00,169400.47607226775
2024-11-27 09:45:00,169400.47607226775
2024-11-27 10:00:00,169400.47607226775
2024-11-27 10:15:00,169400.47607226775
2024-11-27 10:30:00,169400.47607226775
2024-11-27 10:45:00,169400.47607226775
2024-11-27 11:00:00,169400.47607226775
2024-11-27 11:15:00,169400.47607226775
2024-11-27 11:30:00,169400.47607226775
2024-11-27 11:45:00,169400.47607226775
2024-11-27 12:00:00,169400.47607226775
2024-11-27 12:15:00,169400.47607226775
2024-11-27 12:30:00,169400.47607226775
2024-11-27 12:45:00,169511.36422022808
2024-11-27 13:00:00,169620.16013898162
2024-11-27 13:15:00,169631.66739961898
2024-11-27 13:30:00,169680.48608111095
2024-11-27 13:45:00,169543.44506806566
2024-11-27 14:00:00,169385.83046782014
2024-11-27 14:15:00,169513.80515430268
2024-11-27 14:30:00,169381.99471427436
2024-11-27 14:45:00,169418.60872539334
2024-11-27 15:00:00,169289.9366291752
2024-11-27 15:15:00,169283.65994155483
2024-11-28 09:15:00,169283.65994155483
2024-11-28 09:30:00,169283.65994155483
2024-11-28 09:45:00,169283.65994155483
2024-11-28 10:00:00,169283.65994155483
2024-11-28 10:15:00,169283.65994155483
2024-11-28 10:30:00,169283.65994155483
2024-11-28 10:45:00,169283.65994155483
2024-11-28 11:00:00,169283.65994155483
2024-11-28 11:15:00,169283.65994155483
2024-11-28 11:30:00,169283.65994155483
2024-11-28 11:45:00,169283.65994155483
2024-11-28 12:00:00,169283.65994155483
2024-11-28 12:15:00,169283.65994155483
2024-11-28 12:30:00,169283.65994155483
2024-11-28 12:45:00,169283.65994155483
2024-11-28 13:00:00,169283.65994155483
2024-11-28 13:15:00,169283.65994155483
2024-11-28 13:30:00,169283.65994155483
2024-11-28 13:45:00,169283.65994155483
2024-11-28 14:00:00,169283.65994155483
2024-11-28 14:15:00,169283.65994155483
2024-11-28 14:30:00,169283.65994155483
2024-11-28 14:45:00,169283.65994155483
2024-11-28 15:00:00,169283.65994155483
2024-11-28 15:15:00,169283.65994155483
2024-11-29 09:15:00,169283.65994155483
2024-11-29 09:30:00,169283.65994155483
2024-11-29 09:45:00,169283.65994155483
2024-11-29 10:00:00,168625.52161508767
2024-11-29 10:15:00,169103.20833199972
2024-11-29 10:30:00,169422.95592086052
2024-11-29 10:45:00,169758.18084075538
2024-11-29 11:00:00,169694.1609714785
2024-11-29 11:15:00,169772.25114169533
2024-11-29 11:30:00,169569.99056568326
2024-11-29 11:45:00,169419.79010314908
2024-11-29 12:00:00,169689.23636614953
2024-11-29 12:15:00,169613.96025612068
2024-11-29 12:30:00,169590.04074452273
2024-11-29 12:45:00,169726.17090611698
2024-11-29 13:00:00,169675.86958025658
2024-11-29 13:15:00,169807.07513652183
2024-11-29 13:30:00,169871.09500579868
2024-11-29 13:45:00,169863.0045827582
2024-11-29 14:00:00,169599.88995518073
2024-11-29 14:15:00,169835.56749592524
2024-11-29 14:30:00,169982.60214074794
2024-11-29 14:45:00,169902.0496678666
2024-11-29 15:00:00,169738.83417696293
2024-11-29 15:15:00,169713.507635271
2024-12-02 09:15:00,169087.02748591875
2024-12-02 09:30:00,169691.69866881403
2024-12-02 09:45:00,169801.0952586223
2024-12-02 10:00:00,169676.22133778007
2024-12-02 10:15:00,169998.0794717819
2024-12-02 10:30:00,169702.60315204252
2024-12-02 10:45:00,169635.06570753065
2024-12-02 11:00:00,169763.80896113138
2024-12-02 11:15:00,169880.24070140964
2024-12-02 11:30:00,169935.81839012253
2024-12-02 11:45:00,169860.54228009368
2024-12-02 12:00:00,169832.75343573722
2024-12-02 12:15:00,170155.66684230958
2024-12-02 12:30:00,170048.7325551658
2024-12-02 12:45:00,170154.25981221558
2024-12-02 13:00:00,169984.71268588892
2024-12-02 13:15:00,169881.29597398013
2024-12-02 13:30:00,170112.04890939567
2024-12-02 13:45:00,170436.0175885385
2024-12-02 14:00:00,170595.3637466837
2024-12-02 14:15:00,170698.07694354546
2024-12-02 14:30:00,170910.18673021556
2024-12-02 14:45:00,170688.9312479345
2024-12-02 15:00:00,170782.1469916618
2024-12-02 15:15:00,170780.03644652083
2024-12-03 09:15:00,170954.50817817645
2024-12-03 09:30:00,171077.9750689247
2024-12-03 09:45:00,171220.4368659419
2024-12-03 10:00:00,171214.10523051894
2024-12-03 10:15:00,171626.0132905366
2024-12-03 10:30:00,171710.0833386529
2024-12-03 10:45:00,171722.39485197538
2024-12-03 11:00:00,171775.51023802374
2024-12-03 11:15:00,171841.6406524416
2024-12-03 11:30:00,171812.09302046764
2024-12-03 11:45:00,171932.74585102787
2024-12-03 12:00:00,171796.61568943365
2024-12-03 12:15:00,171673.1487986854
2024-12-03 12:30:00,171922.19312532287
2024-12-03 12:45:00,171857.8214985225
2024-12-03 13:00:00,171743.14854586174
2024-12-03 13:15:00,171800.4850221921
2024-12-03 13:30:00,171991.8411149757
2024-12-03 13:45:00,172084.00158613248
2024-12-03 14:00:00,172092.09200917298
2024-12-03 14:15:00,172151.53903064434
2024-12-03 14:30:00,172047.41880368855
2024-12-03 14:45:00,172048.82583378252
2024-12-03 15:00:00,172089.27794898496
2024-12-03 15:15:00,171980.2331167002
2024-12-04 09:15:00,172475.85946731069
2024-12-04 09:30:00,172798.77287388302
2024-12-04 09:45:00,172681.28586103424
2024-12-04 10:00:00,172662.64271228877
2024-12-04 10:15:00,172594.40175272993
2024-12-04 10:30:00,172570.48224113198
2024-12-04 10:45:00,172600.38163062945
2024-12-04 11:00:00,172569.075211038
2024-12-04 11:15:00,172660.18040962433
2024-12-04 11:30:00,172648.22065382535
2024-12-04 11:45:00,171756.16357423118
2024-12-04 12:00:00,172007.31844600968
2024-12-04 12:15:00,172326.714277347
2024-12-04 12:30:00,171938.3739714038
2024-12-04 12:45:00,171942.9468192093
2024-12-04 13:00:00,171942.9468192093
2024-12-04 13:15:00,171942.9468192093
2024-12-04 13:30:00,171942.9468192093
2024-12-04 13:45:00,171942.9468192093
2024-12-04 14:00:00,171942.9468192093
2024-12-04 14:15:00,171942.9468192093
2024-12-04 14:30:00,171942.9468192093
2024-12-04 14:45:00,171942.9468192093
2024-12-04 15:00:00,171942.9468192093
2024-12-04 15:15:00,171942.9468192093
2024-12-05 09:15:00,171942.9468192093
2024-12-05 09:30:00,171942.9468192093
2024-12-05 09:45:00,171942.9468192093
2024-12-05 10:00:00,171942.9468192093
2024-12-05 10:15:00,171942.9468192093
2024-12-05 10:30:00,171942.9468192093
2024-12-05 10:45:00,171942.9468192093
2024-12-05 11:00:00,171942.9468192093
2024-12-05 11:15:00,171942.9468192093
2024-12-05 11:30:00,171942.9468192093
2024-12-05 11:45:00,171942.9468192093
2024-12-05 12:00:00,171942.9468192093
2024-12-05 12:15:00,171942.9468192093
2024-12-05 12:30:00,171857.0045172721
2024-12-05 12:45:00,171847.921184547
2024-12-05 13:00:00,172101.90514189797
2024-12-05 13:15:00,171748.0045245712
2024-12-05 13:30:00,172236.4083380192
2024-12-05 13:45:00,172336.67435694594
2024-12-05 14:00:00,172840.44996423635
2024-12-05 14:15:00,173475.5845370893
2024-12-05 14:30:00,173382.65505613282
2024-12-05 14:45:00,171341.7000645998
2024-12-05 15:00:00,172939.66790631018
2024-12-05 15:15:00,172594.15190380655
2024-12-06 09:15:00,172622.79933778563
2024-12-06 09:30:00,172762.8922771223
2024-12-06 09:45:00,172494.2352438308
2024-12-06 10:00:00,172239.90192752884
2024-12-06 10:15:00,172731.10061258456
2024-12-06 10:30:00,172753.11022649528
2024-12-06 10:45:00,172669.26407826386
2024-12-06 11:00:00,172634.6775421184
2024-12-06 11:15:00,172432.39870951016
2024-12-06 11:30:00,172498.42755124238
2024-12-06 11:45:00,172627.34100414815
2024-12-06 12:00:00,172596.5974164633
2024-12-06 12:15:00,172658.78330973492
2024-12-06 12:30:00,172658.78330973492
2024-12-06 12:45:00,172649.69997700985
2024-12-06 13:00:00,172639.56856743188
2024-12-06 13:15:00,172475.02050152773
2024-12-06 13:30:00,172492.13909012498
2024-12-06 13:45:00,172465.23845090074
2024-12-06 14:00:00,172533.36344633877
2024-12-06 14:15:00,172427.85704314758
2024-12-06 14:30:00,172443.9275548919
2024-12-06 14:45:00,172429.25447895142
2024-12-06 15:00:00,172484.80255215472
2024-12-06 15:15:00,172366.7192267288
2024-12-09 09:15:00,172323.04935785828
2024-12-09 09:30:00,172195.1839818054
2024-12-09 09:45:00,172089.67757861418
2024-12-09 10:00:00,172083.38911749684
2024-12-09 10:15:00,172083.38911749684
2024-12-09 10:30:00,172083.38911749684
2024-12-09 10:45:00,172083.38911749684
2024-12-09 11:00:00,172083.38911749684
2024-12-09 11:15:00,172083.38911749684
2024-12-09 11:30:00,172083.38911749684
2024-12-09 11:45:00,172013.33564646987
2024-12-09 12:00:00,171886.8211689436
2024-12-09 12:15:00,171904.94445498043
2024-12-09 12:30:00,171685.0253494182
2024-12-09 12:45:00,171749.850949473
2024-12-09 13:00:00,171825.8293409351
2024-12-09 13:15:00,171725.10569353815
2024-12-09 13:30:00,171757.86701829702
2024-12-09 13:45:00,171665.15943972406
2024-12-09 14:00:00,171582.2105536324
2024-12-09 14:15:00,171583.60465255834
2024-12-09 14:30:00,171583.60465255834
2024-12-09 14:45:00,171583.60465255834
2024-12-09 15:00:00,171583.60465255834
2024-12-09 15:15:00,171583.60465255834
2024-12-10 09:15:00,171583.60465255834
2024-12-10 09:30:00,171583.60465255834
2024-12-10 09:45:00,171583.60465255834
2024-12-10 10:00:00,171583.60465255834
2024-12-10 10:15:00,171583.60465255834
2024-12-10 10:30:00,171583.60465255834
2024-12-10 10:45:00,171583.60465255834
2024-12-10 11:00:00,171583.60465255834
2024-12-10 11:15:00,171583.60465255834
2024-12-10 11:30:00,171583.60465255834
2024-12-10 11:45:00,171389.09263995098
2024-12-10 12:00:00,171343.16135969304
2024-12-10 12:15:00,171138.9063482431
2024-12-10 12:30:00,170884.1965213583
2024-12-10 12:45:00,170886.63227106896
2024-12-10 13:00:00,170886.63227106896
2024-12-10 13:15:00,170886.63227106896
2024-12-10 13:30:00,170886.63227106896
2024-12-10 13:45:00,170886.63227106896
2024-12-10 14:00:00,170886.63227106896
2024-12-10 14:15:00,170886.63227106896
2024-12-10 14:30:00,170886.63227106896
2024-12-10 14:45:00,170886.63227106896
2024-12-10 15:00:00,170886.63227106896
2024-12-10 15:15:00,170886.63227106896
2024-12-11 09:15:00,170886.63227106896
2024-12-11 09:30:00,170886.63227106896
2024-12-11 09:45:00,170886.63227106896
2024-12-11 10:00:00,170886.63227106896
2024-12-11 10:15:00,170886.63227106896
2024-12-11 10:30:00,170977.4370551728
2024-12-11 10:45:00,170899.1092643046
2024-12-11 11:00:00,170886.63227106896
2024-12-11 11:15:00,170921.98375190326
2024-12-11 11:30:00,171085.91757969378
2024-12-11 11:45:00,171012.7885360071
2024-12-11 12:00:00,170946.93773837455
2024-12-11 12:15:00,170889.058353087
2024-12-11 12:30:00,170801.37281729205
2024-12-11 12:45:00,170769.8337510575
2024-12-11 13:00:00,170906.04092721324
2024-12-11 13:15:00,170920.25083617607
2024-12-11 13:30:00,170880.04719130564
2024-12-11 13:45:00,170846.77520934393
2024-12-11 14:00:00,170879.35402501476
2024-12-11 14:15:00,170829.09946892678
2024-12-11 14:30:00,170756.31700838555
2024-12-11 14:45:00,170772.95299936642
2024-12-11 15:00:00,170869.6496969426
2024-12-11 15:15:00,170723.39160956925
2024-12-12 09:15:00,170549.7534537066
2024-12-12 09:30:00,170549.7534537066
2024-12-12 09:45:00,170549.7534537066
2024-12-12 10:00:00,170549.7534537066
2024-12-12 10:15:00,170549.7534537066
2024-12-12 10:30:00,170549.7534537066
2024-12-12 10:45:00,170549.7534537066
2024-12-12 11:00:00,170549.7534537066
2024-12-12 11:15:00,170549.7534537066
2024-12-12 11:30:00,170549.7534537066
2024-12-12 11:45:00,170549.7534537066
2024-12-12 12:00:00,170549.7534537066
2024-12-12 12:15:00,170549.7534537066
2024-12-12 12:30:00,170549.7534537066
2024-12-12 12:45:00,170549.7534537066
2024-12-12 13:00:00,170549.7534537066
2024-12-12 13:15:00,170549.7534537066
2024-12-12 13:30:00,170549.7534537066
2024-12-12 13:45:00,170549.7534537066
2024-12-12 14:00:00,170549.7534537066
2024-12-12 14:15:00,170549.7534537066
2024-12-12 14:30:00,170549.7534537066
2024-12-12 14:45:00,170549.7534537066
2024-12-12 15:00:00,170549.7534537066
2024-12-12 15:15:00,170549.7534537066
2024-12-13 09:15:00,170549.7534537066
2024-12-13 09:30:00,170549.7534537066
2024-12-13 09:45:00,170549.7534537066
2024-12-13 10:00:00,170549.7534537066
2024-12-13 10:15:00,170549.7534537066
2024-12-13 10:30:00,170549.7534537066
2024-12-13 10:45:00,170549.7534537066
2024-12-13 11:00:00,170549.7534537066
2024-12-13 11:15:00,170549.7534537066
2024-12-13 11:30:00,170549.7534537066
2024-12-13 11:45:00,170549.7534537066
2024-12-13 12:00:00,170549.7534537066
2024-12-13 12:15:00,170711.20004953447
2024-12-13 12:30:00,170327.54738633058
2024-12-13 12:45:00,171061.86899961223
2024-12-13 13:00:00,171099.71347046221
2024-12-13 13:15:00,171264.63203609287
2024-12-13 13:30:00,171659.39500266552
2024-12-13 13:45:00,171778.48356689984
2024-12-13 14:00:00,171708.00257990402
2024-12-13 14:15:00,171927.08387445752
2024-12-13 14:30:00,171782.30273368285
2024-12-13 14:45:00,171828.82712903968
2024-12-13 15:00:00,172011.45274066433
2024-12-13 15:15:00,172079.8505457785
2024-12-16 09:15:00,171535.79287768758
2024-12-16 09:30:00,171837.50705354655
2024-12-16 09:45:00,171710.78015574618
2024-12-16 10:00:00,171693.42030673244
2024-12-16 10:15:00,171274.00635456023
2024-12-16 10:30:00,171350.38969022073
2024-12-16 10:45:00,171194.15104909698
2024-12-16 11:00:00,171192.76226117587
2024-12-16 11:15:00,171192.76226117587
2024-12-16 11:30:00,171192.76226117587
2024-12-16 11:45:00,171192.76226117587
2024-12-16 12:00:00,171192.76226117587
2024-12-16 12:15:00,171192.76226117587
2024-12-16 12:30:00,171192.76226117587
2024-12-16 12:45:00,171192.76226117587
2024-12-16 13:00:00,171192.76226117587
2024-12-16 13:15:00,171192.76226117587
2024-12-16 13:30:00,171192.76226117587
2024-12-16 13:45:00,171192.76226117587
2024-12-16 14:00:00,171192.76226117587
2024-12-16 14:15:00,171192.76226117587
2024-12-16 14:30:00,171192.76226117587
2024-12-16 14:45:00,171192.76226117587
2024-12-16 15:00:00,171192.76226117587
2024-12-16 15:15:00,171192.76226117587
2024-12-17 09:15:00,171192.76226117587
2024-12-17 09:30:00,171192.76226117587
2024-12-17 09:45:00,171192.76226117587
2024-12-17 10:00:00,171192.76226117587
2024-12-17 10:15:00,171192.76226117587
2024-12-17 10:30:00,171192.76226117587
2024-12-17 10:45:00,171192.76226117587
2024-12-17 11:00:00,171192.76226117587
2024-12-17 11:15:00,171192.76226117587
2024-12-17 11:30:00,171192.76226117587
2024-12-17 11:45:00,171192.76226117587
2024-12-17 12:00:00,171192.76226117587
2024-12-17 12:15:00,171192.76226117587
2024-12-17 12:30:00,171192.76226117587
2024-12-17 12:45:00,171192.76226117587
2024-12-17 13:00:00,171192.76226117587
2024-12-17 13:15:00,171192.76226117587
2024-12-17 13:30:00,171192.76226117587
2024-12-17 13:45:00,171192.76226117587
2024-12-17 14:00:00,171192.76226117587
2024-12-17 14:15:00,171192.76226117587
2024-12-17 14:30:00,171192.76226117587
2024-12-17 14:45:00,171192.76226117587
2024-12-17 15:00:00,171192.76226117587
2024-12-17 15:15:00,171192.76226117587
2024-12-18 09:15:00,171192.76226117587
2024-12-18 09:30:00,171192.76226117587
2024-12-18 09:45:00,171192.76226117587
2024-12-18 10:00:00,171192.76226117587
2024-12-18 10:15:00,171192.76226117587
2024-12-18 10:30:00,171192.76226117587
2024-12-18 10:45:00,171192.76226117587
2024-12-18 11:00:00,171192.76226117587
2024-12-18 11:15:00,171192.76226117587
2024-12-18 11:30:00,171192.76226117587
2024-12-18 11:45:00,171192.76226117587
2024-12-18 12:00:00,171192.76226117587
2024-12-18 12:15:00,171192.76226117587
2024-12-18 12:30:00,171192.76226117587
2024-12-18 12:45:00,171192.76226117587
2024-12-18 13:00:00,171192.76226117587
2024-12-18 13:15:00,171192.76226117587
2024-12-18 13:30:00,171192.76226117587
2024-12-18 13:45:00,171192.76226117587
2024-12-18 14:00:00,171192.76226117587
2024-12-18 14:15:00,171192.76226117587
2024-12-18 14:30:00,171192.76226117587
2024-12-18 14:45:00,171192.76226117587
2024-12-18 15:00:00,171192.76226117587
2024-12-18 15:15:00,171192.76226117587
2024-12-19 09:15:00,171192.76226117587
2024-12-19 09:30:00,171192.76226117587
2024-12-19 09:45:00,171192.76226117587
2024-12-19 10:00:00,171192.76226117587
2024-12-19 10:15:00,171192.76226117587
2024-12-19 10:30:00,171192.76226117587
2024-12-19 10:45:00,171192.76226117587
2024-12-19 11:00:00,171192.76226117587
2024-12-19 11:15:00,171192.76226117587
2024-12-19 11:30:00,171192.76226117587
2024-12-19 11:45:00,171192.76226117587
2024-12-19 12:00:00,171192.76226117587
2024-12-19 12:15:00,171192.76226117587
2024-12-19 12:30:00,171192.76226117587
2024-12-19 12:45:00,171192.76226117587
2024-12-19 13:00:00,171192.76226117587
2024-12-19 13:15:00,171192.76226117587
2024-12-19 13:30:00,171192.76226117587
2024-12-19 13:45:00,171192.76226117587
2024-12-19 14:00:00,171192.76226117587
2024-12-19 14:15:00,171192.76226117587
2024-12-19 14:30:00,171192.76226117587
2024-12-19 14:45:00,171192.76226117587
2024-12-19 15:00:00,171192.76226117587
2024-12-19 15:15:00,171192.76226117587
2024-12-20 09:15:00,171192.76226117587
2024-12-20 09:30:00,171192.76226117587
2024-12-20 09:45:00,171192.76226117587
2024-12-20 10:00:00,171192.76226117587
2024-12-20 10:15:00,171192.76226117587
2024-12-20 10:30:00,171192.76226117587
2024-12-20 10:45:00,171192.76226117587
2024-12-20 11:00:00,171192.76226117587
2024-12-20 11:15:00,171192.76226117587
2024-12-20 11:30:00,171192.76226117587
2024-12-20 11:45:00,171192.76226117587
2024-12-20 12:00:00,171192.76226117587
2024-12-20 12:15:00,171192.76226117587
2024-12-20 12:30:00,171192.76226117587
2024-12-20 12:45:00,171192.76226117587
2024-12-20 13:00:00,171192.76226117587
2024-12-20 13:15:00,171192.76226117587
2024-12-20 13:30:00,171192.76226117587
2024-12-20 13:45:00,171192.76226117587
2024-12-20 14:00:00,171192.76226117587
2024-12-20 14:15:00,171192.76226117587
2024-12-20 14:30:00,171192.76226117587
2024-12-20 14:45:00,171192.76226117587
2024-12-20 15:00:00,171192.76226117587
2024-12-20 15:15:00,171192.76226117587
2024-12-23 09:15:00,171192.76226117587
2024-12-23 09:30:00,171192.76226117587
2024-12-23 09:45:00,171192.76226117587
2024-12-23 10:00:00,171192.76226117587
2024-12-23 10:15:00,171192.76226117587
2024-12-23 10:30:00,171192.76226117587
2024-12-23 10:45:00,171192.76226117587
2024-12-23 11:00:00,171257.43014057117
2024-12-23 11:15:00,171461.49322666298
2024-12-23 11:30:00,171377.4249834491
2024-12-23 11:45:00,171068.09696034162
2024-12-23 12:00:00,170790.02507894186
2024-12-23 12:15:00,170615.78107057122
2024-12-23 12:30:00,170562.96896906506
2024-12-23 12:45:00,170556.14291512888
2024-12-23 13:00:00,170556.14291512888
2024-12-23 13:15:00,170556.14291512888
2024-12-23 13:30:00,170556.14291512888
2024-12-23 13:45:00,170556.14291512888
2024-12-23 14:00:00,170556.14291512888
2024-12-23 14:15:00,170556.14291512888
2024-12-23 14:30:00,170556.14291512888
2024-12-23 14:45:00,170556.14291512888
2024-12-23 15:00:00,170556.14291512888
2024-12-23 15:15:00,170452.42384405748
2024-12-24 09:15:00,170579.47073388196
2024-12-24 09:30:00,170397.15485808862
2024-12-24 09:45:00,170816.33781660552
2024-12-24 10:00:00,170866.22345978516
2024-12-24 10:15:00,171210.39850877295
2024-12-24 10:30:00,171030.23597009532
2024-12-24 10:45:00,171000.44813999522
2024-12-24 11:00:00,171033.82486528807
2024-12-24 11:15:00,171070.79048577373
2024-12-24 11:30:00,171014.80372076633
2024-12-24 11:45:00,170985.73366970482
2024-12-24 12:00:00,170783.3199808319
2024-12-24 12:15:00,170694.6742695702
2024-12-24 12:30:00,170854.02121612974
2024-12-24 12:45:00,170784.0377598705
2024-12-24 13:00:00,170726.25654726668
2024-12-24 13:15:00,170694.6742695702
2024-12-24 13:30:00,170490.10724358165
2024-12-24 13:45:00,170496.92614444796
2024-12-24 14:00:00,170496.92614444796
2024-12-24 14:15:00,170496.92614444796
2024-12-24 14:30:00,170496.92614444796
2024-12-24 14:45:00,170496.92614444796
2024-12-24 15:00:00,170496.92614444796
2024-12-24 15:15:00,170496.92614444796
2024-12-26 09:15:00,170496.92614444796
2024-12-26 09:30:00,170496.92614444796
2024-12-26 09:45:00,170496.92614444796
2024-12-26 10:00:00,170496.92614444796
2024-12-26 10:15:00,170496.92614444796
2024-12-26 10:30:00,170496.92614444796
2024-12-26 10:45:00,170496.92614444796
2024-12-26 11:00:00,170496.92614444796
2024-12-26 11:15:00,170496.92614444796
2024-12-26 11:30:00,170496.92614444796
2024-12-26 11:45:00,170496.92614444796
2024-12-26 12:00:00,170496.92614444796
2024-12-26 12:15:00,170496.92614444796
2024-12-26 12:30:00,170496.92614444796
2024-12-26 12:45:00,170496.92614444796
2024-12-26 13:00:00,170496.92614444796
2024-12-26 13:15:00,170496.92614444796
2024-12-26 13:30:00,170496.92614444796
2024-12-26 13:45:00,170496.92614444796
2024-12-26 14:00:00,170496.92614444796
2024-12-26 14:15:00,170496.92614444796
2024-12-26 14:30:00,170496.92614444796
2024-12-26 14:45:00,170496.92614444796
2024-12-26 15:00:00,170496.92614444796
2024-12-26 15:15:00,170496.92614444796
2024-12-27 09:15:00,170496.92614444796
2024-12-27 09:30:00,170550.53029226113
2024-12-27 09:45:00,170950.05987396205
2024-12-27 10:00:00,170996.8741630522
2024-12-27 10:15:00,170892.5247553092
2024-12-27 10:30:00,170913.96641443446
2024-12-27 10:45:00,170817.47894837073
2024-12-27 11:00:00,170843.9236612919
2024-12-27 11:15:00,170715.63106752568
2024-12-27 11:30:00,170618.42887949114
2024-12-27 11:45:00,170514.79419371902
2024-12-27 12:00:00,170521.58405244202
2024-12-27 12:15:00,170521.58405244202
2024-12-27 12:30:00,170521.58405244202
2024-12-27 12:45:00,170521.58405244202
2024-12-27 13:00:00,170521.58405244202
2024-12-27 13:15:00,170521.58405244202
2024-12-27 13:30:00,170521.58405244202
2024-12-27 13:45:00,170521.58405244202
2024-12-27 14:00:00,170521.58405244202
2024-12-27 14:15:00,170521.58405244202
2024-12-27 14:30:00,170521.58405244202
2024-12-27 14:45:00,170521.58405244202
2024-12-27 15:00:00,170521.58405244202
2024-12-27 15:15:00,170521.58405244202
2024-12-30 09:15:00,170521.58405244202
2024-12-30 09:30:00,170521.58405244202
2024-12-30 09:45:00,170521.58405244202
2024-12-30 10:00:00,170521.58405244202
2024-12-30 10:15:00,170521.58405244202
2024-12-30 10:30:00,170521.58405244202
2024-12-30 10:45:00,170521.58405244202
2024-12-30 11:00:00,170521.58405244202
2024-12-30 11:15:00,170521.58405244202
2024-12-30 11:30:00,170766.2122414466
2024-12-30 11:45:00,170924.6483346177
2024-12-30 12:00:00,170820.5740612254
2024-12-30 12:15:00,170198.63192572983
2024-12-30 12:30:00,170275.8829327839
2024-12-30 12:45:00,170203.99657899747
2024-12-30 13:00:00,170039.48054545638
2024-12-30 13:15:00,170040.19583255873
2024-12-30 13:30:00,170040.19583255873
2024-12-30 13:45:00,170040.19583255873
2024-12-30 14:00:00,170040.19583255873
2024-12-30 14:15:00,170040.19583255873
2024-12-30 14:30:00,170040.19583255873
2024-12-30 14:45:00,170040.19583255873
2024-12-30 15:00:00,170040.19583255873
2024-12-30 15:15:00,170040.19583255873
2024-12-31 09:15:00,170040.19583255873
2024-12-31 09:30:00,170040.19583255873
2024-12-31 09:45:00,170040.19583255873
2024-12-31 10:00:00,170040.19583255873
2024-12-31 10:15:00,170040.19583255873
2024-12-31 10:30:00,170040.19583255873
2024-12-31 10:45:00,170040.19583255873
2024-12-31 11:00:00,170040.19583255873
2024-12-31 11:15:00,170040.19583255873
2024-12-31 11:30:00,170040.19583255873
2024-12-31 11:45:00,169924.61726562656
2024-12-31 12:00:00,169865.20772187636
2024-12-31 12:15:00,170021.11276699047
2024-12-31 12:30:00,169921.37674505834
2024-12-31 12:45:00,169829.2019377853
2024-12-31 13:00:00,169894.73246483097
2024-12-31 13:15:00,170103.56601255888
2024-12-31 13:30:00,170231.0264882411
2024-12-31 13:45:00,170270.99290858215
2024-12-31 14:00:00,170526.27391778748
2024-12-31 14:15:00,170232.82677744568
2024-12-31 14:30:00,170296.19695744588
2024-12-31 14:45:00,170408.89506165078
2024-12-31 15:00:00,170291.15614767314
2024-12-31 15:15:00,170442.74049869634
2025-01-01 09:15:00,170241.46816562754
2025-01-01 09:30:00,170023.6331718769
2025-01-01 09:45:00,169890.0517128992
2025-01-01 10:00:00,170160.45515142276
2025-01-01 10:15:00,170330.76251017328
2025-01-01 10:30:00,170354.88638551428
2025-01-01 10:45:00,170951.14217006153
2025-01-01 11:00:00,171056.63911744818
2025-01-01 11:15:00,170976.34621892523
2025-01-01 11:30:00,170843.48487562936
2025-01-01 11:45:00,170606.20675846955
2025-01-01 12:00:00,170770.03307608367
2025-01-01 12:15:00,171019.5531598344
2025-01-01 12:30:00,171098.76588483466
2025-01-01 12:45:00,170911.17574972045
2025-01-01 13:00:00,170862.20788335666
2025-01-01 13:15:00,170988.22812767525
2025-01-01 13:30:00,171025.314085289
2025-01-01 13:45:00,171286.35601994887
2025-01-01 14:00:00,171309.0396639262
2025-01-01 14:15:00,171240.2686163124
2025-01-01 14:30:00,171153.49467665303
2025-01-01 14:45:00,170964.1042523343
2025-01-01 15:00:00,170955.10280631154
2025-01-01 15:15:00,171090.12449665286
2025-01-02 09:15:00,171144.13317278938
2025-01-02 09:30:00,171579.80316029073
2025-01-02 09:45:00,171625.89056392724
2025-01-02 10:00:00,171633.09172074543
2025-01-02 10:15:00,171952.8230834737
2025-01-02 10:30:00,171993.86967733747
2025-01-02 10:45:00,172343.48584086125
2025-01-02 11:00:00,172421.97845017968
2025-01-02 11:15:00,172591.56569324838
2025-01-02 11:30:00,172527.11533972545
2025-01-02 11:45:00,172376.97122006593
2025-01-02 12:00:00,172398.93474836144
2025-01-02 12:15:00,172940.10168324944
2025-01-02 12:30:00,173215.90598938664
2025-01-02 12:45:00,173222.02697268213
2025-01-02 13:00:00,173438.06167722825
2025-01-02 13:15:00,173546.79914518312
2025-01-02 13:30:00,173889.21415188874
2025-01-02 13:45:00,173719.26685097913
2025-01-02 14:00:00,173869.7710284796
2025-01-02 14:15:00,173956.90502597982
2025-01-02 14:30:00,174108.1293191621
2025-01-02 14:45:00,174326.68442859457
2025-01-02 15:00:00,174168.97909427588
2025-01-02 15:15:00,174037.19792450275
2025-01-03 09:15:00,173787.677840752
2025-01-03 09:30:00,173428.34011552366
2025-01-03 09:45:00,173246.510905864
2025-01-03 10:00:00,173244.71061665946
2025-01-03 10:15:00,173244.71061665946
2025-01-03 10:30:00,173244.71061665946
2025-01-03 10:45:00,173244.71061665946
2025-01-03 11:00:00,173244.71061665946
2025-01-03 11:15:00,173244.71061665946
2025-01-03 11:30:00,173244.71061665946
2025-01-03 11:45:00,173244.71061665946
2025-01-03 12:00:00,173091.10324473906
2025-01-03 12:15:00,172694.16456870173
2025-01-03 12:30:00,172820.4958652344
2025-01-03 12:45:00,172862.1277697736
2025-01-03 13:00:00,172975.17992434118
2025-01-03 13:15:00,172980.92225600177
2025-01-03 13:30:00,172853.87316801152
2025-01-03 13:45:00,172568.90995935546
2025-01-03 14:00:00,172496.77191786945
2025-01-03 14:15:00,172503.5909367164
2025-01-03 14:30:00,172503.5909367164
2025-01-03 14:45:00,172503.5909367164
2025-01-03 15:00:00,172503.5909367164
2025-01-03 15:15:00,172503.5909367164
2025-01-06 09:15:00,172503.5909367164
2025-01-06 09:30:00,172503.5909367164
2025-01-06 09:45:00,172503.5909367164
2025-01-06 10:00:00,172503.5909367164
2025-01-06 10:15:00,172503.5909367164
2025-01-06 10:30:00,172503.5909367164
2025-01-06 10:45:00,172503.5909367164
2025-01-06 11:00:00,172503.5909367164
2025-01-06 11:15:00,172503.5909367164
2025-01-06 11:30:00,172503.5909367164
2025-01-06 11:45:00,172503.5909367164
2025-01-06 12:00:00,172503.5909367164
2025-01-06 12:15:00,172503.5909367164
2025-01-06 12:30:00,172503.5909367164
2025-01-06 12:45:00,172503.5909367164
2025-01-06 13:00:00,172503.5909367164
2025-01-06 13:15:00,172503.5909367164
2025-01-06 13:30:00,172503.5909367164
2025-01-06 13:45:00,172503.5909367164
2025-01-06 14:00:00,172503.5909367164
2025-01-06 14:15:00,172503.5909367164
2025-01-06 14:30:00,172503.5909367164
2025-01-06 14:45:00,172503.5909367164
2025-01-06 15:00:00,172503.5909367164
2025-01-06 15:15:00,172503.5909367164
2025-01-07 09:15:00,172503.5909367164
2025-01-07 09:30:00,172503.5909367164
2025-01-07 09:45:00,171745.6362731239
2025-01-07 10:00:00,172232.68560958552
2025-01-07 10:15:00,172326.61396263356
2025-01-07 10:30:00,172207.66222595496
2025-01-07 10:45:00,172080.00670366568
2025-01-07 11:00:00,172129.32815545928
2025-01-07 11:15:00,172254.0824158783
2025-01-07 11:30:00,172222.168535306
2025-01-07 11:45:00,172177.5616340515
2025-01-07 12:00:00,172044.82890348937
2025-01-07 12:15:00,172047.7301653596
2025-01-07 12:30:00,172127.15220905657
2025-01-07 12:45:00,172095.23832848427
2025-01-07 13:00:00,172093.0623820816
2025-01-07 13:15:00,172123.16297398505
2025-01-07 13:30:00,172115.54716157576
2025-01-07 13:45:00,171821.0690817494
2025-01-07 14:00:00,172046.64219215827
2025-01-07 14:15:00,171977.374565007
2025-01-07 14:30:00,171877.28103048474
2025-01-07 14:45:00,172048.81813856092
2025-01-07 15:00:00,171932.04234828494
2025-01-07 15:15:00,171860.59877473098
2025-01-08 09:15:00,171455.14742836906
2025-01-08 09:30:00,171538.55870713762
2025-01-08 09:45:00,171682.5338274468
2025-01-08 10:00:00,171676.36864597263
2025-01-08 10:15:00,171229.93697569397
2025-01-08 10:30:00,171228.48634475886
2025-01-08 10:45:00,171228.48634475886
2025-01-08 11:00:00,171228.48634475886
2025-01-08 11:15:00,171228.48634475886
2025-01-08 11:30:00,171228.48634475886
2025-01-08 11:45:00,171228.48634475886
2025-01-08 12:00:00,171228.48634475886
2025-01-08 12:15:00,171228.48634475886
2025-01-08 12:30:00,171228.48634475886
2025-01-08 12:45:00,171228.48634475886
2025-01-08 13:00:00,171228.48634475886
2025-01-08 13:15:00,171228.48634475886
2025-01-08 13:30:00,171228.48634475886
2025-01-08 13:45:00,171228.48634475886
2025-01-08 14:00:00,171447.3491435516
2025-01-08 14:15:00,171186.1608117692
2025-01-08 14:30:00,171436.1346860928
2025-01-08 14:45:00,171312.77565404598
2025-01-08 15:00:00,171510.2948079978
2025-01-08 15:15:00,171293.24079266613
2025-01-09 09:15:00,170852.98289823506
2025-01-09 09:30:00,170805.95452824654
2025-01-09 09:45:00,170983.9388208185
2025-01-09 10:00:00,171032.05246088366
2025-01-09 10:15:00,170967.65976966862
2025-01-09 10:30:00,170877.9441099982
2025-01-09 10:45:00,170887.34978399592
2025-01-09 11:00:00,170887.34978399592
2025-01-09 11:15:00,170887.34978399592
2025-01-09 11:30:00,170887.34978399592
2025-01-09 11:45:00,170887.34978399592
2025-01-09 12:00:00,170887.34978399592
2025-01-09 12:15:00,170887.34978399592
2025-01-09 12:30:00,170887.34978399592
2025-01-09 12:45:00,170887.34978399592
2025-01-09 13:00:00,170887.34978399592
2025-01-09 13:15:00,170887.34978399592
2025-01-09 13:30:00,170887.34978399592
2025-01-09 13:45:00,170887.34978399592
2025-01-09 14:00:00,170887.34978399592
2025-01-09 14:15:00,170887.34978399592
2025-01-09 14:30:00,170887.34978399592
2025-01-09 14:45:00,170887.34978399592
2025-01-09 15:00:00,170887.34978399592
2025-01-09 15:15:00,170887.34978399592
2025-01-10 09:15:00,170887.34978399592
2025-01-10 09:30:00,170887.34978399592
2025-01-10 09:45:00,170887.34978399592
2025-01-10 10:00:00,170887.34978399592
2025-01-10 10:15:00,170887.34978399592
2025-01-10 10:30:00,170887.34978399592
2025-01-10 10:45:00,170887.34978399592
2025-01-10 11:00:00,170887.34978399592
2025-01-10 11:15:00,170887.34978399592
2025-01-10 11:30:00,170887.34978399592
2025-01-10 11:45:00,170887.34978399592
2025-01-10 12:00:00,170887.34978399592
2025-01-10 12:15:00,170887.34978399592
2025-01-10 12:30:00,170887.34978399592
2025-01-10 12:45:00,170887.34978399592
2025-01-10 13:00:00,170887.34978399592
2025-01-10 13:15:00,170887.34978399592
2025-01-10 13:30:00,170887.34978399592
2025-01-10 13:45:00,170887.34978399592
2025-01-10 14:00:00,170304.3210732349
2025-01-10 14:15:00,170249.10589315038
2025-01-10 14:30:00,170206.2414770321
2025-01-10 14:45:00,170066.02398023847
2025-01-10 15:00:00,170093.26831251703
2025-01-10 15:15:00,170275.98696766517
2025-01-13 09:15:00,168962.81015183893
2025-01-13 09:30:00,168958.08780091067
2025-01-13 09:45:00,168958.08780091067
2025-01-13 10:00:00,168958.08780091067
2025-01-13 10:15:00,168958.08780091067
2025-01-13 10:30:00,168958.08780091067
2025-01-13 10:45:00,168958.08780091067
2025-01-13 11:00:00,168958.08780091067
2025-01-13 11:15:00,168958.08780091067
2025-01-13 11:30:00,168958.08780091067
2025-01-13 11:45:00,168958.08780091067
2025-01-13 12:00:00,168958.08780091067
2025-01-13 12:15:00,168958.08780091067
2025-01-13 12:30:00,168958.08780091067
2025-01-13 12:45:00,168958.08780091067
2025-01-13 13:00:00,168958.08780091067
2025-01-13 13:15:00,168958.08780091067
2025-01-13 13:30:00,168958.08780091067
2025-01-13 13:45:00,168958.08780091067
2025-01-13 14:00:00,168958.08780091067
2025-01-13 14:15:00,168958.08780091067
2025-01-13 14:30:00,168958.08780091067
2025-01-13 14:45:00,168958.08780091067
2025-01-13 15:00:00,168958.08780091067
2025-01-13 15:15:00,168958.08780091067
2025-01-14 09:15:00,168958.08780091067
2025-01-14 09:30:00,168958.08780091067
2025-01-14 09:45:00,168958.08780091067
2025-01-14 10:00:00,168958.08780091067
2025-01-14 10:15:00,168958.08780091067
2025-01-14 10:30:00,168958.08780091067
2025-01-14 10:45:00,169172.69767116246
2025-01-14 11:00:00,169502.08192024168
2025-01-14 11:15:00,169279.82042473467
2025-01-14 11:30:00,169053.9152981538
2025-01-14 11:45:00,169037.5189583213
2025-01-14 12:00:00,168926.75257367518
2025-01-14 12:15:00,168863.3533929896
2025-01-14 12:30:00,168932.5823833934
2025-01-14 12:45:00,168779.5498782902
2025-01-14 13:00:00,168832.7468919689
2025-01-14 13:15:00,168829.8319871098
2025-01-14 13:30:00,168761.69608602815
2025-01-14 13:45:00,168755.86627630994
2025-01-14 14:00:00,168936.5903775746
2025-01-14 14:15:00,168941.32709797067
2025-01-14 14:30:00,168886.308268755
2025-01-14 14:45:00,168878.65664349985
2025-01-14 15:00:00,168878.65664349985
2025-01-14 15:15:00,168878.65664349985
2025-01-15 09:15:00,168878.65664349985
2025-01-15 09:30:00,168878.65664349985
2025-01-15 09:45:00,168878.65664349985
2025-01-15 10:00:00,168878.65664349985
2025-01-15 10:15:00,168878.65664349985
2025-01-15 10:30:00,169122.51083272498
2025-01-15 10:45:00,169197.37515907426
2025-01-15 11:00:00,169043.64889671624
2025-01-15 11:15:00,168970.23824660672
2025-01-15 11:30:00,168820.1461748482
2025-01-15 11:45:00,168927.7182165928
2025-01-15 12:00:00,168782.71401167352
2025-01-15 12:15:00,168792.8897453521
2025-01-15 12:30:00,169000.03860952248
2025-01-15 12:45:00,168996.76783798294
2025-01-15 13:00:00,168716.20832370303
2025-01-15 13:15:00,168434.92197130327
2025-01-15 13:30:00,168391.67510316946
2025-01-15 13:45:00,168378.22859795135
2025-01-15 14:00:00,168378.22859795135
2025-01-15 14:15:00,168378.22859795135
2025-01-15 14:30:00,168378.22859795135
2025-01-15 14:45:00,168378.22859795135
2025-01-15 15:00:00,168378.22859795135
2025-01-15 15:15:00,168378.22859795135
2025-01-16 09:15:00,168378.22859795135
2025-01-16 09:30:00,168221.0167383192
2025-01-16 09:45:00,168107.43477551156
2025-01-16 10:00:00,168086.88184890826
2025-01-16 10:15:00,168074.2616308185
2025-01-16 10:30:00,168117.17037232363
2025-01-16 10:45:00,167955.27100311528
2025-01-16 11:00:00,167953.82869247644
2025-01-16 11:15:00,167938.32385310906
2025-01-16 11:30:00,168079.6702957141
2025-01-16 11:45:00,168028.10769037603
2025-01-16 12:00:00,168021.2567148416
2025-01-16 12:15:00,168025.2230690984
2025-01-16 12:30:00,168098.7809116786
2025-01-16 12:45:00,168203.34843299357
2025-01-16 13:00:00,168158.99738084964
2025-01-16 13:15:00,168187.12243830677
2025-01-16 13:30:00,168218.49269470124
2025-01-16 13:45:00,168263.5649021646
2025-01-16 14:00:00,168269.6947223796
2025-01-16 14:15:00,168018.73267122367
2025-01-16 14:30:00,168054.79043719434
2025-01-16 14:45:00,168061.28083506908
2025-01-16 15:00:00,168098.7809116786
2025-01-16 15:15:00,168395.53632561726
2025-01-17 09:15:00,167457.31325506026
2025-01-17 09:30:00,167263.32247413803
2025-01-17 09:45:00,167495.5344869892
2025-01-17 10:00:00,167337.96204969735
2025-01-17 10:15:00,167767.04946474842
2025-01-17 10:30:00,167294.69273053255
2025-01-17 10:45:00,166642.0471664633
2025-01-17 11:00:00,166646.0135207201
2025-01-17 11:15:00,166646.0135207201
2025-01-17 11:30:00,166646.0135207201
2025-01-17 11:45:00,166646.0135207201
2025-01-17 12:00:00,166646.0135207201
2025-01-17 12:15:00,166646.0135207201
2025-01-17 12:30:00,166646.0135207201
2025-01-17 12:45:00,166646.0135207201
2025-01-17 13:00:00,166646.0135207201
2025-01-17 13:15:00,166646.0135207201
2025-01-17 13:30:00,166646.0135207201
2025-01-17 13:45:00,166646.0135207201
2025-01-17 14:00:00,166646.0135207201
2025-01-17 14:15:00,166646.0135207201
2025-01-17 14:30:00,166783.13380410944
2025-01-17 14:45:00,166857.0782501257
2025-01-17 15:00:00,166530.43045461708
2025-01-17 15:15:00,166576.73547178254
2025-01-20 09:15:00,166620.88676721943
2025-01-20 09:30:00,166643.50084537006
2025-01-20 09:45:00,166745.8026274799
2025-01-20 10:00:00,166755.85332888016
2025-01-20 10:15:00,166916.66455128443
2025-01-20 10:30:00,166995.99330162225
2025-01-20 10:45:00,167062.7586752097
2025-01-20 11:00:00,167079.98844903876
2025-01-20 11:15:00,167494.57988179973
2025-01-20 11:30:00,167789.99871224325
2025-01-20 11:45:00,167651.08366074672
2025-01-20 12:00:00,167580.72875094487
2025-01-20 12:15:00,167554.16618295843
2025-01-20 12:30:00,167543.75652793673
2025-01-20 12:45:00,167534.0647801579
2025-01-20 13:00:00,167700.97821412658
2025-01-20 13:15:00,167574.26758575893
2025-01-20 13:30:00,167572.47281765175
2025-01-20 13:45:00,167546.98711052965
2025-01-20 14:00:00,167702.77298223376
2025-01-20 14:15:00,167525.8088468648
2025-01-20 14:30:00,167657.903779554
2025-01-20 14:45:00,167680.87681132604
2025-01-20 15:00:00,167643.54563469646
2025-01-20 15:15:00,167538.3722236151
2025-01-21 09:15:00,168089.3660325225
2025-01-21 09:30:00,167560.2683945228
2025-01-21 09:45:00,167266.28537856508
2025-01-21 10:00:00,167031.17075652315
2025-01-21 10:15:00,166134.5046101709
2025-01-21 10:30:00,166130.91507395654
2025-01-21 10:45:00,166130.91507395654
2025-01-21 11:00:00,166130.91507395654
2025-01-21 11:15:00,166130.91507395654
2025-01-21 11:30:00,166130.91507395654
2025-01-21 11:45:00,166130.91507395654
2025-01-21 12:00:00,166130.91507395654
2025-01-21 12:15:00,166130.91507395654
2025-01-21 12:30:00,166130.91507395654
2025-01-21 12:45:00,166130.91507395654
2025-01-21 13:00:00,166130.91507395654
2025-01-21 13:15:00,166130.91507395654
2025-01-21 13:30:00,166130.91507395654
2025-01-21 13:45:00,166130.91507395654
2025-01-21 14:00:00,166130.91507395654
2025-01-21 14:15:00,166130.91507395654
2025-01-21 14:30:00,166130.91507395654
2025-01-21 14:45:00,166130.91507395654
2025-01-21 15:00:00,166130.91507395654
2025-01-21 15:15:00,166130.91507395654
2025-01-22 09:15:00,166130.91507395654
2025-01-22 09:30:00,166130.91507395654
2025-01-22 09:45:00,166130.91507395654
2025-01-22 10:00:00,166130.91507395654
2025-01-22 10:15:00,166130.91507395654
2025-01-22 10:30:00,166130.91507395654
2025-01-22 10:45:00,166130.91507395654
2025-01-22 11:00:00,166130.91507395654
2025-01-22 11:15:00,166130.91507395654
2025-01-22 11:30:00,166130.91507395654
2025-01-22 11:45:00,166130.91507395654
2025-01-22 12:00:00,166130.91507395654
2025-01-22 12:15:00,166130.91507395654
2025-01-22 12:30:00,166130.91507395654
2025-01-22 12:45:00,166130.91507395654
2025-01-22 13:00:00,166130.91507395654
2025-01-22 13:15:00,166130.91507395654
2025-01-22 13:30:00,166130.91507395654
2025-01-22 13:45:00,166130.91507395654
2025-01-22 14:00:00,166130.91507395654
2025-01-22 14:15:00,166130.91507395654
2025-01-22 14:30:00,166130.91507395654
2025-01-22 14:45:00,166130.91507395654
2025-01-22 15:00:00,166167.14089873128
2025-01-22 15:15:00,166149.2073221101
2025-01-23 09:15:00,165757.53800870385
2025-01-23 09:30:00,166408.88551158458
2025-01-23 09:45:00,166447.26336555387
2025-01-23 10:00:00,166549.8434238269
2025-01-23 10:15:00,166713.39764261196
2025-01-23 10:30:00,166677.88916090206
2025-01-23 10:45:00,166508.95486913068
2025-01-23 11:00:00,166593.960022315
2025-01-23 11:15:00,166604.36149675527
2025-01-23 11:30:00,166580.68917561532
2025-01-23 11:45:00,166549.84342382688
2025-01-23 12:00:00,166658.52089815118
2025-01-23 12:15:00,166796.96810966657
2025-01-23 12:30:00,166813.82567169046
2025-01-23 12:45:00,166750.69948198393
2025-01-23 13:00:00,166743.16737980305
2025-01-23 13:15:00,166727.027160844
2025-01-23 13:30:00,166796.96810966657
2025-01-23 13:45:00,166788.71866442086
2025-01-23 14:00:00,166710.16959882015
2025-01-23 14:15:00,166601.13345296346
2025-01-23 14:30:00,166641.6633361273
2025-01-23 14:45:00,166522.94305889518
2025-01-23 15:00:00,166432.5578327245
2025-01-23 15:15:00,166540.5179639839
2025-01-24 09:15:00,166678.60650396688
2025-01-24 09:30:00,166640.58732153
2025-01-24 09:45:00,166035.14977479944
2025-01-24 10:00:00,166110.47079660834
2025-01-24 10:15:00,166302.00139492238
2025-01-24 10:30:00,166520.43235816815
2025-01-24 10:45:00,166575.66777416132
2025-01-24 11:00:00,166991.72675177237
2025-01-24 11:15:00,166987.06402185085
2025-01-24 11:30:00,167296.95622586462
2025-01-24 11:45:00,167311.30308716153
2025-01-24 12:00:00,167146.67285377922
2025-01-24 12:15:00,167108.65367134236
2025-01-24 12:30:00,166520.79102970054
2025-01-24 12:45:00,166564.54895665622
2025-01-24 13:00:00,166541.95265011353
2025-01-24 13:15:00,166379.8331174582
2025-01-24 13:30:00,166107.2427528165
2025-01-24 13:45:00,166115.49219806222
2025-01-24 14:00:00,166115.49219806222
2025-01-24 14:15:00,166115.49219806222
2025-01-24 14:30:00,166115.49219806222
2025-01-24 14:45:00,166115.49219806222
2025-01-24 15:00:00,166115.49219806222
2025-01-24 15:15:00,166115.49219806222
2025-01-27 09:15:00,166115.49219806222
2025-01-27 09:30:00,166115.49219806222
2025-01-27 09:45:00,166115.49219806222
2025-01-27 10:00:00,166115.49219806222
2025-01-27 10:15:00,166115.49219806222
2025-01-27 10:30:00,166115.49219806222
2025-01-27 10:45:00,166115.49219806222
2025-01-27 11:00:00,166115.49219806222
2025-01-27 11:15:00,166115.49219806222
2025-01-27 11:30:00,166115.49219806222
2025-01-27 11:45:00,166115.49219806222
2025-01-27 12:00:00,166115.49219806222
2025-01-27 12:15:00,166115.49219806222
2025-01-27 12:30:00,166115.49219806222
2025-01-27 12:45:00,166115.49219806222
2025-01-27 13:00:00,166115.49219806222
2025-01-27 13:15:00,166115.49219806222
2025-01-27 13:30:00,166115.49219806222
2025-01-27 13:45:00,166115.49219806222
2025-01-27 14:00:00,166115.49219806222
2025-01-27 14:15:00,166115.49219806222
2025-01-27 14:30:00,166115.49219806222
2025-01-27 14:45:00,166115.49219806222
2025-01-27 15:00:00,166115.49219806222
2025-01-27 15:15:00,166115.49219806222
2025-01-28 09:15:00,166115.49219806222
2025-01-28 09:30:00,166115.49219806222
2025-01-28 09:45:00,166115.49219806222
2025-01-28 10:00:00,166115.49219806222
2025-01-28 10:15:00,166115.49219806222
2025-01-28 10:30:00,166115.49219806222
2025-01-28 10:45:00,166115.49219806222
2025-01-28 11:00:00,166115.49219806222
2025-01-28 11:15:00,166207.02066899376
2025-01-28 11:30:00,166468.22049513043
2025-01-28 11:45:00,166380.30975032266
2025-01-28 12:00:00,166651.6392096059
2025-01-28 12:15:00,166478.350128277
2025-01-28 12:30:00,166479.43544611413
2025-01-28 12:45:00,166740.99704486318
2025-01-28 13:00:00,166887.5149528761
2025-01-28 13:15:00,166604.6087699968
2025-01-28 13:30:00,166689.62533390554
2025-01-28 13:45:00,166832.52551579472
2025-01-28 14:00:00,166789.83634753415
2025-01-28 14:15:00,167258.33188056323
2025-01-28 14:30:00,167351.3074419443
2025-01-28 14:45:00,166325.68208585362
2025-01-28 15:00:00,166180.61126829017
2025-01-28 15:15:00,166243.92147545627
2025-01-29 09:15:00,166326.40563107838
2025-01-29 09:30:00,166708.07573713682
2025-01-29 09:45:00,166825.65183615955
2025-01-29 10:00:00,166901.2623121465
2025-01-29 10:15:00,167104.57852030272
2025-01-29 10:30:00,166951.54870526696
2025-01-29 10:45:00,167304.27700233518
2025-01-29 11:00:00,167033.30931566432
2025-01-29 11:15:00,166896.19749557317
2025-01-29 11:30:00,167086.12811707144
2025-01-29 11:45:00,167230.83716202248
2025-01-29 12:00:00,167290.5296430648
2025-01-29 12:15:00,167398.69965416574
2025-01-29 12:30:00,167379.5257057097
2025-01-29 12:45:00,167300.65927621137
2025-01-29 13:00:00,167231.56070724723
2025-01-29 13:15:00,167594.41863746202
2025-01-29 13:30:00,167483.35444546206
2025-01-29 13:45:00,167560.7737845109
2025-01-29 14:00:00,167674.73215740986
2025-01-29 14:15:00,167447.9007294491
2025-01-29 14:30:00,167463.45695178132
2025-01-29 14:45:00,167419.68246568364
2025-01-29 15:00:00,167568.37100937084
2025-01-29 15:15:00,167690.28837974212
2025-01-30 09:15:00,167641.44907707113
2025-01-30 09:30:00,167892.51927006122
2025-01-30 09:45:00,168083.17343678424
2025-01-30 10:00:00,168379.10343370916
2025-01-30 10:15:00,168589.65509411294
2025-01-30 10:30:00,168554.56315071232
2025-01-30 10:45:00,168201.4730810317
2025-01-30 11:00:00,168501.3825766928
2025-01-30 11:15:00,168339.67021895997
2025-01-30 11:30:00,168187.0021765366
2025-01-30 11:45:00,168346.90567120755
2025-01-30 12:00:00,168230.05311740955
2025-01-30 12:15:00,168391.76547514237
2025-01-30 12:30:00,168404.78928918796
2025-01-30 12:45:00,168310.00486474502
2025-01-30 13:00:00,168310.72840996977
2025-01-30 13:15:00,168033.2488162761
2025-01-30 13:30:00,168039.76072329888
2025-01-30 13:45:00,167802.43788957913
2025-01-30 14:00:00,167792.6700290449
2025-01-30 14:15:00,167792.6700290449
2025-01-30 14:30:00,167792.6700290449
2025-01-30 14:45:00,167792.6700290449
2025-01-30 15:00:00,167792.6700290449
2025-01-30 15:15:00,167792.6700290449
2025-01-31 09:15:00,167792.6700290449
2025-01-31 09:30:00,167966.03520245926
2025-01-31 09:45:00,168254.13790765608
2025-01-31 10:00:00,167899.49462760103
2025-01-31 10:15:00,168259.1734106183
2025-01-31 10:30:00,168427.86275985342
2025-01-31 10:45:00,168554.4696914755
2025-01-31 11:00:00,168493.68397714559
2025-01-31 11:15:00,168354.4882881179
2025-01-31 11:30:00,168328.95109452368
2025-01-31 11:45:00,168556.6277641736
2025-01-31 12:00:00,168647.626496277
2025-01-31 12:15:00,168580.36656385273
2025-01-31 12:30:00,168778.9092520783
2025-01-31 12:45:00,168911.27104422863
2025-01-31 13:00:00,169049.74737569026
2025-01-31 13:15:00,169210.88347048205
2025-01-31 13:30:00,169096.86529626558
2025-01-31 13:45:00,168918.10494110596
2025-01-31 14:00:00,168673.8830474372
2025-01-31 14:15:00,168649.78456897507
2025-01-31 14:30:00,168936.0888802568
2025-01-31 14:45:00,169006.94560051124
2025-01-31 15:00:00,169158.01068937848
2025-01-31 15:15:00,169292.53055422692
2025-02-01 09:15:00,169097.22497504856
2025-02-01 09:30:00,169472.36994573555
2025-02-01 09:45:00,169485.31838192418
2025-02-01 10:00:00,169451.14889753755
2025-02-01 10:15:00,169540.34923572582
2025-02-01 10:30:00,169636.74314957447
2025-02-01 10:45:00,169700.04661538548
2025-02-01 11:00:00,169645.73511914987
2025-02-01 11:15:00,169764.7887963286
2025-02-01 11:30:00,169964.41052090318
2025-02-01 11:45:00,168515.26470412654
2025-02-01 12:00:00,168668.1281869089
2025-02-01 12:15:00,168685.39276849374
2025-02-01 12:30:00,168462.391923023
2025-02-01 12:45:00,168464.5499957211
2025-02-01 13:00:00,168464.5499957211
2025-02-01 13:15:00,168464.5499957211
2025-02-01 13:30:00,168464.5499957211
2025-02-01 13:45:00,168464.5499957211
2025-02-01 14:00:00,168464.5499957211
2025-02-01 14:15:00,168558.0184589791
2025-02-01 14:30:00,168111.08879558468
2025-02-01 14:45:00,168357.831213917
2025-02-01 15:00:00,168180.20532205515
2025-02-01 15:15:00,168281.19423637982
2025-02-03 09:15:00,167133.78827362694
2025-02-03 09:30:00,167127.3421727126
2025-02-03 09:45:00,167127.3421727126
2025-02-03 10:00:00,167127.3421727126
2025-02-03 10:15:00,167127.3421727126
2025-02-03 10:30:00,167127.3421727126
2025-02-03 10:45:00,167127.3421727126
2025-02-03 11:00:00,167127.3421727126
2025-02-03 11:15:00,167127.3421727126
2025-02-03 11:30:00,167127.3421727126
2025-02-03 11:45:00,167127.3421727126
2025-02-03 12:00:00,167127.3421727126
2025-02-03 12:15:00,167127.3421727126
2025-02-03 12:30:00,167127.3421727126
2025-02-03 12:45:00,167127.3421727126
2025-02-03 13:00:00,167127.3421727126
2025-02-03 13:15:00,167127.3421727126
2025-02-03 13:30:00,167127.3421727126
2025-02-03 13:45:00,167127.3421727126
2025-02-03 14:00:00,167127.3421727126
2025-02-03 14:15:00,167127.3421727126
2025-02-03 14:30:00,167056.1611398034
2025-02-03 14:45:00,167079.0535322968
2025-02-03 15:00:00,167163.82692324897
2025-02-03 15:15:00,167112.31904013877
2025-02-04 09:15:00,168218.6654461096
2025-02-04 09:30:00,168633.9477536855
2025-02-04 09:45:00,168530.5742938324
2025-02-04 10:00:00,168206.50386259748
2025-02-04 10:15:00,168122.80355254342
2025-02-04 10:30:00,167824.1293692309
2025-02-04 10:45:00,167876.7103332392
2025-02-04 11:00:00,168162.50754577422
2025-02-04 11:15:00,168324.9004550244
2025-02-04 11:30:00,168403.59305422055
2025-02-04 11:45:00,168446.8739837784
2025-02-04 12:00:00,168583.8706451062
2025-02-04 12:15:00,168671.14789148732
2025-02-04 12:30:00,168765.93670415538
2025-02-04 12:45:00,168967.6759130036
2025-02-04 13:00:00,169117.90723874164
2025-02-04 13:15:00,169185.51133532374
2025-02-04 13:30:00,169336.1003546945
2025-02-04 13:45:00,169403.3467576439
2025-02-04 14:00:00,169200.53446789755
2025-02-04 14:15:00,169167.98434732098
2025-02-04 14:30:00,169555.00885791282
2025-02-04 14:45:00,169895.53319625236
2025-02-04 15:00:00,169861.55230114495
2025-02-04 15:15:00,169601.86672379778
2025-02-05 09:15:00,170005.3451414942
2025-02-05 09:30:00,170244.64218177696
2025-02-05 09:45:00,169934.164108585
2025-02-05 10:00:00,169878.72159551503
2025-02-05 10:15:00,170078.6723361997
2025-02-05 10:30:00,170040.75681113248
2025-02-05 10:45:00,169953.47956475132
2025-02-05 11:00:00,169783.57508921425
2025-02-05 11:15:00,169913.41787788787
2025-02-05 11:30:00,169861.9099947777
2025-02-05 11:45:00,169841.87915134596
2025-02-05 12:00:00,169779.64045925447
2025-02-05 12:15:00,169821.8483079142
2025-02-05 12:30:00,169778.92507198904
2025-02-05 12:45:00,169704.52479638543
2025-02-05 13:00:00,169946.68338572985
2025-02-05 13:15:00,169901.2562943757
2025-02-05 13:30:00,169798.59822178804
2025-02-05 13:45:00,170052.56070101185
2025-02-05 14:00:00,169855.11381575614
2025-02-05 14:15:00,169813.2636607291
2025-02-05 14:30:00,169798.2405281553
2025-02-05 14:45:00,169763.18655214974
2025-02-05 15:00:00,169517.0933328455
2025-02-05 15:15:00,169517.45102647823
2025-02-06 09:15:00,169517.45102647823
2025-02-06 09:30:00,169517.45102647823
2025-02-06 09:45:00,169517.45102647823
2025-02-06 10:00:00,169517.45102647823
2025-02-06 10:15:00,169517.45102647823
2025-02-06 10:30:00,169517.45102647823
2025-02-06 10:45:00,169517.45102647823
2025-02-06 11:00:00,169517.45102647823
2025-02-06 11:15:00,169517.45102647823
2025-02-06 11:30:00,169517.45102647823
2025-02-06 11:45:00,169517.45102647823
2025-02-06 12:00:00,169517.45102647823
2025-02-06 12:15:00,169517.45102647823
2025-02-06 12:30:00,169517.45102647823
2025-02-06 12:45:00,169517.45102647823
2025-02-06 13:00:00,169517.45102647823
2025-02-06 13:15:00,169517.45102647823
2025-02-06 13:30:00,169517.45102647823
2025-02-06 13:45:00,169517.45102647823
2025-02-06 14:00:00,169517.45102647823
2025-02-06 14:15:00,169517.45102647823
2025-02-06 14:30:00,169517.45102647823
2025-02-06 14:45:00,169517.45102647823
2025-02-06 15:00:00,169517.45102647823
2025-02-06 15:15:00,169517.45102647823
2025-02-07 09:15:00,169517.45102647823
2025-02-07 09:30:00,169517.45102647823
2025-02-07 09:45:00,169517.45102647823
2025-02-07 10:00:00,169517.45102647823
2025-02-07 10:15:00,169517.45102647823
2025-02-07 10:30:00,169517.45102647823
2025-02-07 10:45:00,169517.45102647823
2025-02-07 11:00:00,169517.45102647823
2025-02-07 11:15:00,169517.45102647823
2025-02-07 11:30:00,169529.26186951238
2025-02-07 11:45:00,169264.4126620789
2025-02-07 12:00:00,168744.01975990552
2025-02-07 12:15:00,168884.67616331275
2025-02-07 12:30:00,168810.58996609825
2025-02-07 12:45:00,168625.55342522915
2025-02-07 13:00:00,168613.74258219497
2025-02-07 13:15:00,168613.74258219497
2025-02-07 13:30:00,168613.74258219497
2025-02-07 13:45:00,168613.74258219497
2025-02-07 14:00:00,168613.74258219497
2025-02-07 14:15:00,168613.74258219497
2025-02-07 14:30:00,168613.74258219497
2025-02-07 14:45:00,168613.74258219497
2025-02-07 15:00:00,168613.74258219497
2025-02-07 15:15:00,168613.74258219497
2025-02-10 09:15:00,168613.74258219497
2025-02-10 09:30:00,168613.74258219497
2025-02-10 09:45:00,168613.74258219497
2025-02-10 10:00:00,168613.74258219497
2025-02-10 10:15:00,168613.74258219497
2025-02-10 10:30:00,168613.74258219497
2025-02-10 10:45:00,168613.74258219497
2025-02-10 11:00:00,168613.74258219497
2025-02-10 11:15:00,168613.74258219497
2025-02-10 11:30:00,168613.74258219497
2025-02-10 11:45:00,168613.74258219497
2025-02-10 12:00:00,168613.74258219497
2025-02-10 12:15:00,168613.74258219497
2025-02-10 12:30:00,168613.74258219497
2025-02-10 12:45:00,168613.74258219497
2025-02-10 13:00:00,168613.74258219497
2025-02-10 13:15:00,168613.74258219497
2025-02-10 13:30:00,168613.74258219497
2025-02-10 13:45:00,168613.74258219497
2025-02-10 14:00:00,168613.74258219497
2025-02-10 14:15:00,168613.74258219497
2025-02-10 14:30:00,168613.74258219497
2025-02-10 14:45:00,168613.74258219497
2025-02-10 15:00:00,168613.74258219497
2025-02-10 15:15:00,168613.74258219497
2025-02-11 09:15:00,168613.74258219497
2025-02-11 09:30:00,168613.74258219497
2025-02-11 09:45:00,168613.74258219497
2025-02-11 10:00:00,168613.74258219497
2025-02-11 10:15:00,168613.74258219497
2025-02-11 10:30:00,168613.74258219497
2025-02-11 10:45:00,168613.74258219497
2025-02-11 11:00:00,168613.74258219497
2025-02-11 11:15:00,168613.74258219497
2025-02-11 11:30:00,168613.74258219497
2025-02-11 11:45:00,168613.74258219497
2025-02-11 12:00:00,168613.74258219497
2025-02-11 12:15:00,168613.74258219497
2025-02-11 12:30:00,168613.74258219497
2025-02-11 12:45:00,168613.74258219497
2025-02-11 13:00:00,168613.74258219497
2025-02-11 13:15:00,168613.74258219497
2025-02-11 13:30:00,168613.74258219497
2025-02-11 13:45:00,168613.74258219497
2025-02-11 14:00:00,168613.74258219497
2025-02-11 14:15:00,168613.74258219497
2025-02-11 14:30:00,168613.74258219497
2025-02-11 14:45:00,168613.74258219497
2025-02-11 15:00:00,168613.74258219497
2025-02-11 15:15:00,168613.74258219497
2025-02-12 09:15:00,168613.74258219497
2025-02-12 09:30:00,168613.74258219497
2025-02-12 09:45:00,168613.74258219497
2025-02-12 10:00:00,168613.74258219497
2025-02-12 10:15:00,168613.74258219497
2025-02-12 10:30:00,168613.74258219497
2025-02-12 10:45:00,168613.74258219497
2025-02-12 11:00:00,168613.74258219497
2025-02-12 11:15:00,168613.74258219497
2025-02-12 11:30:00,168613.74258219497
2025-02-12 11:45:00,168613.74258219497
2025-02-12 12:00:00,168563.27103291938
2025-02-12 12:15:00,168361.38483581686
2025-02-12 12:30:00,168549.00733421103
2025-02-12 12:45:00,168785.63843842354
2025-02-12 13:00:00,168992.27920176214
2025-02-12 13:15:00,169122.11543359433
2025-02-12 13:30:00,168971.0665216318
2025-02-12 13:45:00,168248.00671787883
2025-02-12 14:00:00,168254.95569930083
2025-02-12 14:15:00,168225.69683015556
2025-02-12 14:30:00,168175.95675260856
2025-02-12 14:45:00,168163.5217332218
2025-02-12 15:00:00,168615.5712615165
2025-02-12 15:15:00,168661.28824455602
2025-02-13 09:15:00,168423.19419688624
2025-02-13 09:30:00,169113.3377728507
2025-02-13 09:45:00,169510.89265736233
2025-02-13 10:00:00,169494.43454346812
2025-02-13 10:15:00,169316.6869134105
2025-02-13 10:30:00,169631.95122845095
2025-02-13 10:45:00,169529.91092230676
2025-02-13 11:00:00,169564.6558294168
2025-02-13 11:15:00,169678.76541908344
2025-02-13 11:30:00,169865.656445749
2025-02-13 11:45:00,169853.95289809085
2025-02-13 12:00:00,169670.7192300685
2025-02-13 12:15:00,169665.59892796807
2025-02-13 12:30:00,169665.59892796807
2025-02-13 12:45:00,169629.75681326512
2025-02-13 13:00:00,169358.38080194255
2025-02-13 13:15:00,169343.3856315056
2025-02-13 13:30:00,168869.02621548763
2025-02-13 13:45:00,168875.97519690963
2025-02-13 14:00:00,168875.97519690963
2025-02-13 14:15:00,168875.97519690963
2025-02-13 14:30:00,168875.97519690963
2025-02-13 14:45:00,168875.97519690963
2025-02-13 15:00:00,168875.97519690963
2025-02-13 15:15:00,168875.97519690963
2025-02-14 09:15:00,168875.97519690963
2025-02-14 09:30:00,168875.97519690963
2025-02-14 09:45:00,168875.97519690963
2025-02-14 10:00:00,168875.97519690963
2025-02-14 10:15:00,168875.97519690963
2025-02-14 10:30:00,168875.97519690963
2025-02-14 10:45:00,168875.97519690963
2025-02-14 11:00:00,168875.97519690963
2025-02-14 11:15:00,168875.97519690963
2025-02-14 11:30:00,168875.97519690963
2025-02-14 11:45:00,168875.97519690963
2025-02-14 12:00:00,168875.97519690963
2025-02-14 12:15:00,168875.97519690963
2025-02-14 12:30:00,168875.97519690963
2025-02-14 12:45:00,168875.97519690963
2025-02-14 13:00:00,168875.97519690963
2025-02-14 13:15:00,168875.97519690963
2025-02-14 13:30:00,168875.97519690963
2025-02-14 13:45:00,168875.97519690963
2025-02-14 14:00:00,168875.97519690963
2025-02-14 14:15:00,168875.97519690963
2025-02-14 14:30:00,168875.97519690963
2025-02-14 14:45:00,168875.97519690963
2025-02-14 15:00:00,168875.97519690963
2025-02-14 15:15:00,168875.97519690963
2025-02-17 09:15:00,168875.97519690963
2025-02-17 09:30:00,168875.97519690963
2025-02-17 09:45:00,168875.97519690963
2025-02-17 10:00:00,168875.97519690963
2025-02-17 10:15:00,168875.97519690963
2025-02-17 10:30:00,168875.97519690963
2025-02-17 10:45:00,168875.97519690963
2025-02-17 11:00:00,168875.97519690963
2025-02-17 11:15:00,168875.97519690963
2025-02-17 11:30:00,168875.97519690963
2025-02-17 11:45:00,168875.97519690963
2025-02-17 12:00:00,168875.97519690963
2025-02-17 12:15:00,168875.97519690963
2025-02-17 12:30:00,168875.97519690963
2025-02-17 12:45:00,168875.97519690963
2025-02-17 13:00:00,168875.97519690963
2025-02-17 13:15:00,168875.97519690963
2025-02-17 13:30:00,168875.97519690963
2025-02-17 13:45:00,168589.94626036208
2025-02-17 14:00:00,168499.38883643583
2025-02-17 14:15:00,168712.53009031105
2025-02-17 14:30:00,168690.0747941342
2025-02-17 14:45:00,168885.91442636497
2025-02-17 15:00:00,169119.67037836974
2025-02-17 15:15:00,169066.29303499858
2025-02-18 09:15:00,168603.93480552148
2025-02-18 09:30:00,168778.79162001325
2025-02-18 09:45:00,168705.53581773143
2025-02-18 10:00:00,168557.91985433947
2025-02-18 10:15:00,168062.43086001129
2025-02-18 10:30:00,168167.71306831576
2025-02-18 10:45:00,168375.33252804913
2025-02-18 11:00:00,167963.40668506752
2025-02-18 11:15:00,167968.19223999046
2025-02-18 11:30:00,167968.19223999046
2025-02-18 11:45:00,167968.19223999046
2025-02-18 12:00:00,167968.19223999046
2025-02-18 12:15:00,167968.19223999046
2025-02-18 12:30:00,167968.19223999046
2025-02-18 12:45:00,167968.19223999046
2025-02-18 13:00:00,167968.19223999046
2025-02-18 13:15:00,167968.19223999046
2025-02-18 13:30:00,167968.19223999046
2025-02-18 13:45:00,167968.19223999046
2025-02-18 14:00:00,167968.19223999046
2025-02-18 14:15:00,167968.19223999046
2025-02-18 14:30:00,167965.99632378784
2025-02-18 14:45:00,167938.5473712552
2025-02-18 15:00:00,167997.83710872574
2025-02-18 15:15:00,167791.0549996465
2025-02-19 09:15:00,167276.84462220164
2025-02-19 09:30:00,167712.00201635246
2025-02-19 09:45:00,168273.79057818724
2025-02-19 10:00:00,168248.17155582344
2025-02-19 10:15:00,168604.64195271407
2025-02-19 10:30:00,168505.45973756278
2025-02-19 10:45:00,167826.1896588883
2025-02-19 11:00:00,168149.35532670596
2025-02-19 11:15:00,168064.08058083788
2025-02-19 11:30:00,168059.32276239886
2025-02-19 11:45:00,168365.6530726632
2025-02-19 12:00:00,168348.81771510982
2025-02-19 12:15:00,168129.59208088246
2025-02-19 12:30:00,167943.30518969425
2025-02-19 12:45:00,167979.17182100358
2025-02-19 13:00:00,167905.97461424986
2025-02-19 13:15:00,167830.9474773273
2025-02-19 13:30:00,167905.24264218236
2025-02-19 13:45:00,167830.2155052598
2025-02-19 14:00:00,167993.4452763206
2025-02-19 14:15:00,167352.96971722555
2025-02-19 14:30:00,167348.57788482035
2025-02-19 14:45:00,167348.57788482035
2025-02-19 15:00:00,167348.57788482035
2025-02-19 15:15:00,167348.57788482035
2025-02-20 09:15:00,167348.57788482035
2025-02-20 09:30:00,167348.57788482035
2025-02-20 09:45:00,167348.57788482035
2025-02-20 10:00:00,167348.57788482035
2025-02-20 10:15:00,167348.57788482035
2025-02-20 10:30:00,167348.57788482035
2025-02-20 10:45:00,167348.57788482035
2025-02-20 11:00:00,167348.57788482035
2025-02-20 11:15:00,167348.57788482035
2025-02-20 11:30:00,167348.57788482035
2025-02-20 11:45:00,167348.57788482035
2025-02-20 12:00:00,167348.57788482035
2025-02-20 12:15:00,167348.57788482035
2025-02-20 12:30:00,167348.57788482035
2025-02-20 12:45:00,167348.57788482035
2025-02-20 13:00:00,167348.57788482035
2025-02-20 13:15:00,167348.57788482035
2025-02-20 13:30:00,167348.57788482035
2025-02-20 13:45:00,167348.57788482035
2025-02-20 14:00:00,167348.57788482035
2025-02-20 14:15:00,167348.57788482035
2025-02-20 14:30:00,167348.57788482035
2025-02-20 14:45:00,167348.57788482035
2025-02-20 15:00:00,167348.57788482035
2025-02-20 15:15:00,167348.57788482035
2025-02-21 09:15:00,167348.57788482035
2025-02-21 09:30:00,167348.57788482035
2025-02-21 09:45:00,167348.57788482035
2025-02-21 10:00:00,167348.57788482035
2025-02-21 10:15:00,167348.57788482035
2025-02-21 10:30:00,167348.57788482035
2025-02-21 10:45:00,167348.57788482035
2025-02-21 11:00:00,167348.57788482035
2025-02-21 11:15:00,167348.57788482035
2025-02-21 11:30:00,167348.57788482035
2025-02-21 11:45:00,167348.57788482035
2025-02-21 12:00:00,167348.57788482035
2025-02-21 12:15:00,167348.57788482035
2025-02-21 12:30:00,167348.57788482035
2025-02-21 12:45:00,167348.57788482035
2025-02-21 13:00:00,167348.57788482035
2025-02-21 13:15:00,167348.57788482035
2025-02-21 13:30:00,167348.57788482035
2025-02-21 13:45:00,167348.57788482035
2025-02-21 14:00:00,167348.57788482035
2025-02-21 14:15:00,167348.57788482035
2025-02-21 14:30:00,167348.57788482035
2025-02-21 14:45:00,167348.57788482035
2025-02-21 15:00:00,167348.57788482035
2025-02-21 15:15:00,167348.57788482035
2025-02-24 09:15:00,167348.57788482035
2025-02-24 09:30:00,167348.57788482035
2025-02-24 09:45:00,167348.57788482035
2025-02-24 10:00:00,167348.57788482035
2025-02-24 10:15:00,167348.57788482035
2025-02-24 10:30:00,167348.57788482035
2025-02-24 10:45:00,167348.57788482035
2025-02-24 11:00:00,167348.57788482035
2025-02-24 11:15:00,167348.57788482035
2025-02-24 11:30:00,167348.57788482035
2025-02-24 11:45:00,167348.57788482035
2025-02-24 12:00:00,167348.57788482035
2025-02-24 12:15:00,167348.57788482035
2025-02-24 12:30:00,167348.57788482035
2025-02-24 12:45:00,167348.57788482035
2025-02-24 13:00:00,167348.57788482035
2025-02-24 13:15:00,167348.57788482035
2025-02-24 13:30:00,167348.57788482035
2025-02-24 13:45:00,167348.57788482035
2025-02-24 14:00:00,167348.57788482035
2025-02-24 14:15:00,167348.57788482035
2025-02-24 14:30:00,167348.57788482035
2025-02-24 14:45:00,167348.57788482035
2025-02-24 15:00:00,167348.57788482035
2025-02-24 15:15:00,167348.57788482035
2025-02-25 09:15:00,167348.57788482035
2025-02-25 09:30:00,167348.57788482035
2025-02-25 09:45:00,167348.57788482035
2025-02-25 10:00:00,167348.57788482035
2025-02-25 10:15:00,167348.57788482035
2025-02-25 10:30:00,167348.57788482035
2025-02-25 10:45:00,167348.57788482035
2025-02-25 11:00:00,167348.57788482035
2025-02-25 11:15:00,167348.57788482035
2025-02-25 11:30:00,167348.57788482035
2025-02-25 11:45:00,167348.57788482035
2025-02-25 12:00:00,167348.57788482035
2025-02-25 12:15:00,167348.57788482035
2025-02-25 12:30:00,167348.57788482035
2025-02-25 12:45:00,167348.57788482035
2025-02-25 13:00:00,167348.57788482035
2025-02-25 13:15:00,167232.65602264286
2025-02-25 13:30:00,167306.35714268545
2025-02-25 13:45:00,167269.3214039706
2025-02-25 14:00:00,167268.5806891963
2025-02-25 14:15:00,167265.98818748628
2025-02-25 14:30:00,167258.21068235618
2025-02-25 14:45:00,167195.2499265409
2025-02-25 15:00:00,167055.995548973
2025-02-25 15:15:00,166855.6322025256
2025-02-27 09:15:00,167171.54705376338
2025-02-27 09:30:00,167171.54705376338
2025-02-27 09:45:00,167171.54705376338
2025-02-27 10:00:00,167171.54705376338
2025-02-27 10:15:00,167171.54705376338
2025-02-27 10:30:00,167171.54705376338
2025-02-27 10:45:00,167171.54705376338
2025-02-27 11:00:00,167171.54705376338
2025-02-27 11:15:00,167171.54705376338
2025-02-27 11:30:00,167171.54705376338
2025-02-27 11:45:00,167171.54705376338
2025-02-27 12:00:00,167171.54705376338
2025-02-27 12:15:00,167171.54705376338
2025-02-27 12:30:00,167171.54705376338
2025-02-27 12:45:00,167171.54705376338
2025-02-27 13:00:00,167171.54705376338
2025-02-27 13:15:00,167171.54705376338
2025-02-27 13:30:00,167171.54705376338
2025-02-27 13:45:00,167171.54705376338
2025-02-27 14:00:00,167171.54705376338
2025-02-27 14:15:00,167171.54705376338
2025-02-27 14:30:00,167171.54705376338
2025-02-27 14:45:00,167171.54705376338
2025-02-27 15:00:00,167171.54705376338
2025-02-27 15:15:00,167171.54705376338
2025-02-28 09:15:00,167171.54705376338
2025-02-28 09:30:00,167171.54705376338
2025-02-28 09:45:00,167171.54705376338
2025-02-28 10:00:00,167171.54705376338
2025-02-28 10:15:00,167171.54705376338
2025-02-28 10:30:00,167171.54705376338
2025-02-28 10:45:00,167171.54705376338
2025-02-28 11:00:00,167171.54705376338
2025-02-28 11:15:00,167171.54705376338
2025-02-28 11:30:00,167171.54705376338
2025-02-28 11:45:00,167171.54705376338
2025-02-28 12:00:00,167171.54705376338
2025-02-28 12:15:00,167171.54705376338
2025-02-28 12:30:00,167171.54705376338
2025-02-28 12:45:00,167171.54705376338
2025-02-28 13:00:00,167171.54705376338
2025-02-28 13:15:00,167171.54705376338
2025-02-28 13:30:00,167171.54705376338
2025-02-28 13:45:00,167171.54705376338
2025-02-28 14:00:00,167171.54705376338
2025-02-28 14:15:00,167171.54705376338
2025-02-28 14:30:00,167171.54705376338
2025-02-28 14:45:00,167171.54705376338
2025-02-28 15:00:00,167171.54705376338
2025-02-28 15:15:00,167171.54705376338
2025-03-03 09:15:00,167171.54705376338
2025-03-03 09:30:00,167171.54705376338
2025-03-03 09:45:00,167171.54705376338
2025-03-03 10:00:00,167171.54705376338
2025-03-03 10:15:00,167171.54705376338
2025-03-03 10:30:00,167171.54705376338
2025-03-03 10:45:00,167171.54705376338
2025-03-03 11:00:00,167171.54705376338
2025-03-03 11:15:00,167171.54705376338
2025-03-03 11:30:00,167171.54705376338
2025-03-03 11:45:00,167171.54705376338
2025-03-03 12:00:00,167171.54705376338
2025-03-03 12:15:00,167171.54705376338
2025-03-03 12:30:00,167171.54705376338
2025-03-03 12:45:00,167171.54705376338
2025-03-03 13:00:00,167483.3841995843
2025-03-03 13:15:00,167198.76193194417
2025-03-03 13:30:00,167213.50332429205
2025-03-03 13:45:00,167070.62521384322
2025-03-03 14:00:00,167236.56037386187
2025-03-03 14:15:00,167424.04064577358
2025-03-03 14:30:00,167361.29523219023
2025-03-03 14:45:00,167302.70764721782
2025-03-03 15:00:00,167199.51790078252
2025-03-03 15:15:00,167395.31382991612
2025-03-04 09:15:00,166325.23993922645
2025-03-04 09:30:00,166626.11553689124
2025-03-04 09:45:00,166756.14217708804
2025-03-04 10:00:00,166690.75087257047
2025-03-04 10:15:00,166762.94589663326
2025-03-04 10:30:00,166711.16203120604
2025-03-04 10:45:00,166935.3067917779
2025-03-04 11:00:00,166945.8903555149
2025-03-04 11:15:00,166838.54278046865
2025-03-04 11:30:00,166840.81068698372
2025-03-04 11:45:00,166840.81068698372
2025-03-04 12:00:00,166840.81068698372
2025-03-04 12:15:00,166840.81068698372
2025-03-04 12:30:00,166840.81068698372
2025-03-04 12:45:00,166840.81068698372
2025-03-04 13:00:00,166840.81068698372
2025-03-04 13:15:00,166840.81068698372
2025-03-04 13:30:00,166840.81068698372
2025-03-04 13:45:00,166840.81068698372
2025-03-04 14:00:00,166840.81068698372
2025-03-04 14:15:00,166840.81068698372
2025-03-04 14:30:00,166840.81068698372
2025-03-04 14:45:00,166840.81068698372
2025-03-04 15:00:00,166723.028178585
2025-03-04 15:15:00,166709.81539719412
2025-03-05 09:15:00,167562.98356700534
2025-03-05 09:30:00,167897.4556902145
2025-03-05 09:45:00,168039.7762211963
2025-03-05 10:00:00,167908.02591532722
2025-03-05 10:15:00,167999.38286094417
2025-03-05 10:30:00,168237.96794205953
2025-03-05 10:45:00,168250.42570737092
2025-03-05 11:00:00,168235.32538578135
2025-03-05 11:15:00,168293.46162390124
2025-03-05 11:30:00,168650.96173753456
2025-03-05 11:45:00,168802.34246147008
2025-03-05 12:00:00,168837.45070916583
2025-03-05 12:15:00,168886.14924629222
2025-03-05 12:30:00,168914.46234927268
2025-03-05 12:45:00,168783.8445675228
2025-03-05 13:00:00,168737.03357059511
2025-03-05 13:15:00,168780.0694871254
2025-03-05 13:30:00,168472.77794277747
2025-03-05 13:45:00,168591.31546725566
2025-03-05 14:00:00,168570.9300331097
2025-03-05 14:15:00,168546.01450248688
2025-03-05 14:30:00,168654.73681793184
2025-03-05 14:45:00,168697.39522642238
2025-03-05 15:00:00,168632.84135162694
2025-03-05 15:15:00,168720.80072488624
2025-03-06 09:15:00,168838.58323328494
2025-03-06 09:30:00,168482.97065985034
2025-03-06 09:45:00,168477.30803925425
2025-03-06 10:00:00,168607.1708049246
2025-03-06 10:15:00,168811.40265442367
2025-03-06 10:30:00,168870.67141666275
2025-03-06 10:45:00,168869.1613845038
2025-03-06 11:00:00,169397.29513209936
2025-03-06 11:15:00,168672.10218775983
2025-03-06 11:30:00,168931.45021106084
2025-03-06 11:45:00,169120.9592470101
2025-03-06 12:00:00,169217.6013051834
2025-03-06 12:15:00,169338.78138593977
2025-03-06 12:30:00,169479.96939280233
2025-03-06 12:45:00,169522.25029325314
2025-03-06 13:00:00,169623.04493986358
2025-03-06 13:15:00,169631.35011673786
2025-03-06 13:30:00,169762.34540652746
2025-03-06 13:45:00,169950.72191835745
2025-03-06 14:00:00,169948.0793620793
2025-03-06 14:15:00,169839.73455467404
2025-03-06 14:30:00,170173.07415376403
2025-03-06 14:45:00,170226.30278736728
2025-03-06 15:00:00,170239.8930767979
2025-03-06 15:15:00,170099.0825779751
2025-03-07 09:15:00,169964.68971582784
2025-03-07 09:30:00,169858.23244862127
2025-03-07 09:45:00,170246.31071347347
2025-03-07 10:00:00,170676.6698787765
2025-03-07 10:15:00,170605.32085926572
2025-03-07 10:30:00,170566.43753117253
2025-03-07 10:45:00,170410.52671076014
2025-03-07 11:00:00,170748.39640632697
2025-03-07 11:15:00,170641.5616310807
2025-03-07 11:30:00,170626.83881753086
2025-03-07 11:45:00,170350.50293244157
2025-03-07 12:00:00,170081.33970010732
2025-03-07 12:15:00,170216.11007029435
2025-03-07 12:30:00,170459.98026396605
2025-03-07 12:45:00,170300.29436315622
2025-03-07 13:00:00,170174.58418592298
2025-03-07 13:15:00,170367.49079422987
2025-03-07 13:30:00,170394.6713730911
2025-03-07 13:45:00,170131.17076135296
2025-03-07 14:00:00,170283.30650136794
2025-03-07 14:15:00,170438.0847976611
2025-03-07 14:30:00,170558.88737037775
2025-03-07 14:45:00,170641.93913912043
2025-03-07 15:00:00,170307.844523951
2025-03-07 15:15:00,170157.5963241347
2025-03-10 09:15:00,170510.94384933086
2025-03-10 09:30:00,171040.2101210456
2025-03-10 09:45:00,171076.82840090033
2025-03-10 10:00:00,170873.35156748074
2025-03-10 10:15:00,170693.65774056475
2025-03-10 10:30:00,170960.55592466056
2025-03-10 10:45:00,170923.18262872632
2025-03-10 11:00:00,170761.2316796781
2025-03-10 11:15:00,170760.47666359862
2025-03-10 11:30:00,170914.49994381235
2025-03-10 11:45:00,170722.34835158495
2025-03-10 12:00:00,170539.25695231132
2025-03-10 12:15:00,170552.4697337022
2025-03-10 12:30:00,170542.65452466896
2025-03-10 12:45:00,170602.67830298754
2025-03-10 13:00:00,170647.2242516768
2025-03-10 13:15:00,170564.9274990136
2025-03-10 13:30:00,170370.8883665875
2025-03-10 13:45:00,170369.0008263888
2025-03-10 14:00:00,170369.0008263888
2025-03-10 14:15:00,170369.0008263888
2025-03-10 14:30:00,170369.0008263888
2025-03-10 14:45:00,170369.0008263888
2025-03-10 15:00:00,170369.0008263888
2025-03-10 15:15:00,170369.0008263888
2025-03-11 09:15:00,170369.0008263888
2025-03-11 09:30:00,170369.0008263888
2025-03-11 09:45:00,170369.0008263888
2025-03-11 10:00:00,170369.0008263888
2025-03-11 10:15:00,170369.0008263888
2025-03-11 10:30:00,170369.0008263888
2025-03-11 10:45:00,170369.0008263888
2025-03-11 11:00:00,170369.0008263888
2025-03-11 11:15:00,170369.0008263888
2025-03-11 11:30:00,170369.0008263888
2025-03-11 11:45:00,170369.0008263888
2025-03-11 12:00:00,170369.0008263888
2025-03-11 12:15:00,170369.0008263888
2025-03-11 12:30:00,170438.04432299177
2025-03-11 12:45:00,170340.169476159
2025-03-11 13:00:00,170307.54452721475
2025-03-11 13:15:00,170426.66352684845
2025-03-11 13:30:00,170511.26077818064
2025-03-11 13:45:00,170685.38695917383
2025-03-11 14:00:00,170723.70230618975
2025-03-11 14:15:00,170717.63254824665
2025-03-11 14:30:00,170613.3085835993
2025-03-11 14:45:00,170749.87813731947
2025-03-11 15:00:00,170708.14855146053
2025-03-11 15:15:00,170879.6192133536
2025-03-12 09:15:00,170418.3176096767
2025-03-12 09:30:00,170567.78539902598
2025-03-12 09:45:00,170486.98174640822
2025-03-12 10:00:00,170144.41978249355
2025-03-12 10:15:00,170111.7948335493
2025-03-12 10:30:00,170334.85843795884
2025-03-12 10:45:00,170018.8516650453
2025-03-12 11:00:00,170015.81678607376
2025-03-12 11:15:00,170015.81678607376
2025-03-12 11:30:00,170015.81678607376
2025-03-12 11:45:00,170015.81678607376
2025-03-12 12:00:00,170015.81678607376
2025-03-12 12:15:00,170015.81678607376
2025-03-12 12:30:00,170015.81678607376
2025-03-12 12:45:00,170015.81678607376
2025-03-12 13:00:00,170015.81678607376
2025-03-12 13:15:00,170015.81678607376
2025-03-12 13:30:00,170015.81678607376
2025-03-12 13:45:00,170015.81678607376
2025-03-12 14:00:00,170015.81678607376
2025-03-12 14:15:00,170228.3659199046
2025-03-12 14:30:00,170060.14521505454
2025-03-12 14:45:00,170345.43843746922
2025-03-12 15:00:00,170295.04800110645
2025-03-12 15:15:00,170255.26607766218
2025-03-13 09:15:00,170371.9597197654
2025-03-13 09:30:00,170419.31915243715
2025-03-13 09:45:00,170715.59976323167
2025-03-13 10:00:00,170835.70328448724
2025-03-13 10:15:00,170785.6917235859
2025-03-13 10:30:00,170674.3023379419
2025-03-13 10:45:00,170439.39955188998
2025-03-13 11:00:00,170642.85567464787
2025-03-13 11:15:00,170281.02960903564
2025-03-13 11:30:00,169990.05325470035
2025-03-13 11:45:00,169998.38851485058
2025-03-13 12:00:00,169998.38851485058
2025-03-13 12:15:00,169998.38851485058
2025-03-13 12:30:00,169998.38851485058
2025-03-13 12:45:00,169998.38851485058
2025-03-13 13:00:00,169998.38851485058
2025-03-13 13:15:00,169998.38851485058
2025-03-13 13:30:00,169998.38851485058
2025-03-13 13:45:00,169998.38851485058
2025-03-13 14:00:00,169998.38851485058
2025-03-13 14:15:00,169998.38851485058
2025-03-13 14:30:00,169998.38851485058
2025-03-13 14:45:00,169998.38851485058
2025-03-13 15:00:00,169998.38851485058
2025-03-13 15:15:00,169998.38851485058
2025-03-17 09:15:00,169998.38851485058
2025-03-17 09:30:00,169998.38851485058
2025-03-17 09:45:00,169940.72681016117
2025-03-17 10:00:00,169694.2512881555
2025-03-17 10:15:00,169519.00493076615
2025-03-17 10:30:00,169385.59157481813
2025-03-17 10:45:00,169569.88290549212
2025-03-17 11:00:00,169424.03271127774
2025-03-17 11:15:00,169577.04350934245
2025-03-17 11:30:00,169726.6624424254
2025-03-17 11:45:00,169636.58958346615
2025-03-17 12:00:00,169669.37761162285
2025-03-17 12:15:00,169460.58947830307
2025-03-17 12:30:00,169343.75857337684
2025-03-17 12:45:00,169278.55939095025
2025-03-17 13:00:00,169349.03480779284
2025-03-17 13:15:00,169554.80795001777
2025-03-17 13:30:00,169541.24049009083
2025-03-17 13:45:00,169675.78446769947
2025-03-17 14:00:00,169748.89800175012
2025-03-17 14:15:00,169617.36901523636
2025-03-17 14:30:00,169514.4824441239
2025-03-17 14:45:00,169676.16134158635
2025-03-17 15:00:00,169672.39260271777
2025-03-17 15:15:00,169708.19562196935
2025-03-18 09:15:00,170680.53025006517
2025-03-18 09:30:00,170960.17067411443
2025-03-18 09:45:00,170975.62250347566
2025-03-18 10:00:00,171442.56924929377
2025-03-18 10:15:00,171582.01258743153
2025-03-18 10:30:00,171653.99549982158
2025-03-18 10:45:00,171483.64850296138
2025-03-18 11:00:00,171530.75773881876
2025-03-18 11:15:00,171504.7534406255
2025-03-18 11:30:00,171595.5800473585
2025-03-18 11:45:00,171627.61432774152
2025-03-18 12:00:00,171625.72995830723
2025-03-18 12:15:00,171332.89894821792
2025-03-18 12:30:00,171130.14079708786
2025-03-18 12:45:00,171374.3550757724
2025-03-18 13:00:00,171562.0382714281
2025-03-18 13:15:00,171636.6593010261
2025-03-18 13:30:00,171728.61652941967
2025-03-18 13:45:00,171761.4045575764
2025-03-18 14:00:00,171661.15610367194
2025-03-18 14:15:00,171799.845694036
2025-03-18 14:30:00,171810.39816286805
2025-03-18 14:45:00,171888.78793133466
2025-03-18 15:00:00,172178.22707644224
2025-03-18 15:15:00,172221.94444731786
2025-03-19 09:15:00,172223.4519428653
2025-03-19 09:30:00,172289.02799917874
2025-03-19 09:45:00,172339.15222613094
2025-03-19 10:00:00,172337.6447305835
2025-03-19 10:15:00,172587.88899145776
2025-03-19 10:30:00,172667.78625547184
2025-03-19 10:45:00,172617.28515463276
2025-03-19 11:00:00,172627.08387569108
2025-03-19 11:15:00,172540.40288171355
2025-03-19 11:30:00,172523.4435568049
2025-03-19 11:45:00,172641.7819572786
2025-03-19 12:00:00,172511.38359242544
2025-03-19 12:15:00,172618.03890240646
2025-03-19 12:30:00,172657.98753441352
2025-03-19 12:45:00,172864.5144244122
2025-03-19 13:00:00,172637.63634452317
2025-03-19 13:15:00,172716.77986076355
2025-03-19 13:30:00,172739.76916786193
2025-03-19 13:45:00,172706.9811397052
2025-03-19 14:00:00,172674.1931115485
2025-03-19 14:15:00,172814.76707134687
2025-03-19 14:30:00,172863.0069288648
2025-03-19 14:45:00,172841.90199120072
2025-03-19 15:00:00,172695.29804921264
2025-03-19 15:15:00,172697.18241864693
2025-03-20 09:15:00,173853.43150352986
2025-03-20 09:30:00,173765.61988789175
2025-03-20 09:45:00,173555.70113291137
2025-03-20 10:00:00,173268.9001050118
2025-03-20 10:15:00,173724.917508111
2025-03-20 10:30:00,173632.96027971743
2025-03-20 10:45:00,173662.73331677928
2025-03-20 11:00:00,173840.9946652635
2025-03-20 11:15:00,173763.3586445706
2025-03-20 11:30:00,173795.3929249536
2025-03-20 11:45:00,173837.97967416863
2025-03-20 12:00:00,173908.83196489807
2025-03-20 12:15:00,173968.00116513492
2025-03-20 12:30:00,174068.24961903936
2025-03-20 12:45:00,174226.91352540694
2025-03-20 13:00:00,174442.4853886902
2025-03-20 13:15:00,174577.0293662988
2025-03-20 13:30:00,174701.39774896222
2025-03-20 13:45:00,174793.35497735578
2025-03-20 14:00:00,174736.82389432695
2025-03-20 14:15:00,174944.48140598618
2025-03-20 14:30:00,174831.7961138154
2025-03-20 14:45:00,174907.547765074
2025-03-20 15:00:00,174747.75323704586
2025-03-20 15:15:00,174610.9480161161
2025-03-21 09:15:00,174827.65050105992
2025-03-21 09:30:00,175426.12623339175
2025-03-21 09:45:00,175351.50520379373
2025-03-21 10:00:00,175301.3809768415
2025-03-21 10:15:00,175619.0856634635
2025-03-21 10:30:00,175693.32981917472
2025-03-21 10:45:00,175918.7004035163
2025-03-21 11:00:00,175858.02370773203
2025-03-21 11:15:00,175997.84391975665
2025-03-21 11:30:00,175896.46484419162
2025-03-21 11:45:00,175966.18651326053
2025-03-21 12:00:00,176049.09876836947
2025-03-21 12:15:00,176184.3964937518
2025-03-21 12:30:00,176288.79056041167
2025-03-21 12:45:00,176372.8334371812
2025-03-21 13:00:00,176159.5228172191
2025-03-21 13:15:00,176237.91258568576
2025-03-21 13:30:00,175882.89738426474
2025-03-21 13:45:00,175767.9508487728
2025-03-21 14:00:00,175894.20360087053
2025-03-21 14:15:00,176217.18452190855
2025-03-21 14:30:00,176014.04949689162
2025-03-21 14:45:00,175937.92097174615
2025-03-21 15:00:00,175991.06018979324
2025-03-21 15:15:00,176042.6919122929
2025-03-24 09:15:00,177130.72682365438
2025-03-24 09:30:00,176926.46117697688
2025-03-24 09:45:00,177448.0546363895
2025-03-24 10:00:00,177462.752717977
2025-03-24 10:15:00,177576.94550569524
2025-03-24 10:30:00,177706.96699666153
2025-03-24 10:45:00,178068.76592804602
2025-03-24 11:00:00,177990.75303346623
2025-03-24 11:15:00,178118.13640722455
2025-03-24 11:30:00,177810.60731554774
2025-03-24 11:45:00,178045.3997470608
2025-03-24 12:00:00,178095.90084789987
2025-03-24 12:15:00,178236.47480769825
2025-03-24 12:30:00,178160.34628255275
2025-03-24 12:45:00,178056.70596366658
2025-03-24 13:00:00,178296.3977557088
2025-03-24 13:15:00,178341.245748245
2025-03-24 13:30:00,178264.7403492127
2025-03-24 13:45:00,178412.09803897448
2025-03-24 14:00:00,178542.87327771448
2025-03-24 14:15:00,178546.64201658306
2025-03-24 14:30:00,178401.92244402927
2025-03-24 14:45:00,178425.2886250145
2025-03-24 15:00:00,178283.20716966875
2025-03-24 15:15:00,178443.37857158374
2025-03-25 09:15:00,178815.3530979134
2025-03-25 09:30:00,179302.27415973504
2025-03-25 09:45:00,179871.3537288919
2025-03-25 10:00:00,179168.86080378704
2025-03-25 10:15:00,179489.95735539077
2025-03-25 10:30:00,179098.76226083128
2025-03-25 10:45:00,178647.64421826127
2025-03-25 11:00:00,178646.51359660068
2025-03-25 11:15:00,178357.8281992668
2025-03-25 11:30:00,178352.55196485078
2025-03-25 11:45:00,178352.55196485078
2025-03-25 12:00:00,178352.55196485078
2025-03-25 12:15:00,178352.55196485078
2025-03-25 12:30:00,178352.55196485078
2025-03-25 12:45:00,178352.55196485078
2025-03-25 13:00:00,178352.55196485078
2025-03-25 13:15:00,178352.55196485078
2025-03-25 13:30:00,178352.55196485078
2025-03-25 13:45:00,178352.55196485078
2025-03-25 14:00:00,178352.55196485078
2025-03-25 14:15:00,178352.55196485078
2025-03-25 14:30:00,178352.55196485078
2025-03-25 14:45:00,178352.55196485078
2025-03-25 15:00:00,178352.55196485078
2025-03-25 15:15:00,178352.55196485078
2025-03-26 09:15:00,178352.55196485078
2025-03-26 09:30:00,178352.55196485078
2025-03-26 09:45:00,178352.55196485078
2025-03-26 10:00:00,178352.55196485078
2025-03-26 10:15:00,178352.55196485078
2025-03-26 10:30:00,178352.55196485078
2025-03-26 10:45:00,178352.55196485078
2025-03-26 11:00:00,178352.55196485078
2025-03-26 11:15:00,178352.55196485078
2025-03-26 11:30:00,178352.55196485078
2025-03-26 11:45:00,178352.55196485078
2025-03-26 12:00:00,178352.55196485078
2025-03-26 12:15:00,178352.55196485078
2025-03-26 12:30:00,178352.55196485078
2025-03-26 12:45:00,178352.55196485078
2025-03-26 13:00:00,178352.55196485078
2025-03-26 13:15:00,178352.55196485078
2025-03-26 13:30:00,178352.55196485078
2025-03-26 13:45:00,178352.55196485078
2025-03-26 14:00:00,178352.55196485078
2025-03-26 14:15:00,178352.55196485078
2025-03-26 14:30:00,178352.55196485078
2025-03-26 14:45:00,178352.55196485078
2025-03-26 15:00:00,178352.55196485078
2025-03-26 15:15:00,178352.55196485078
2025-03-27 09:15:00,178352.55196485078
2025-03-27 09:30:00,178352.55196485078
2025-03-27 09:45:00,178352.55196485078
2025-03-27 10:00:00,178352.55196485078
2025-03-27 10:15:00,178352.55196485078
2025-03-27 10:30:00,178352.55196485078
2025-03-27 10:45:00,178352.55196485078
2025-03-27 11:00:00,178352.55196485078
2025-03-27 11:15:00,178179.51189418216
2025-03-27 11:30:00,178416.402995294
2025-03-27 11:45:00,178332.90549394515
2025-03-27 12:00:00,178333.28331069334
2025-03-27 12:15:00,178223.33863697157
2025-03-27 12:30:00,178327.2382427224
2025-03-27 12:45:00,178320.43754125506
2025-03-27 13:00:00,178228.25025469795
2025-03-27 13:15:00,178326.1047924778
2025-03-27 13:30:00,178371.82061900815
2025-03-27 13:45:00,178366.53118453358
2025-03-27 14:00:00,178398.26779138108
2025-03-27 14:15:00,178367.6646347781
2025-03-27 14:30:00,178355.19668208802
2025-03-27 14:45:00,178352.92978159888
2025-03-27 15:00:00,178248.27454235172
2025-03-27 15:15:00,178337.43929492333
2025-03-28 09:15:00,178041.60878109466
2025-03-28 09:30:00,177731.79904758316
2025-03-28 09:45:00,178003.0714727798
2025-03-28 10:00:00,177756.35713621514
2025-03-28 10:15:00,178021.58449344087
2025-03-28 10:30:00,178428.11531448766
2025-03-28 10:45:00,178510.47936559198
2025-03-28 11:00:00,178188.20167939036
2025-03-28 11:15:00,178148.53092083096
2025-03-28 11:30:00,178095.6365760851
2025-03-28 11:45:00,178250.16362609266
2025-03-28 12:00:00,178302.68015409034
2025-03-28 12:15:00,177795.27226127818
2025-03-28 12:30:00,177578.7832645683
2025-03-28 12:45:00,177579.53889806467
2025-03-28 13:00:00,177579.53889806467
2025-03-28 13:15:00,177579.53889806467
2025-03-28 13:30:00,177579.53889806467
2025-03-28 13:45:00,177579.53889806467
2025-03-28 14:00:00,177579.53889806467
2025-03-28 14:15:00,177579.53889806467
2025-03-28 14:30:00,177579.53889806467
2025-03-28 14:45:00,177579.53889806467
2025-03-28 15:00:00,177579.53889806467
2025-03-28 15:15:00,177579.53889806467
2025-04-01 09:15:00,177579.53889806467
2025-04-01 09:30:00,177579.53889806467
2025-04-01 09:45:00,177579.53889806467
2025-04-01 10:00:00,177579.53889806467
2025-04-01 10:15:00,177579.53889806467
2025-04-01 10:30:00,177579.53889806467
2025-04-01 10:45:00,177579.53889806467
2025-04-01 11:00:00,177579.53889806467
2025-04-01 11:15:00,177579.53889806467
2025-04-01 11:30:00,177579.53889806467
2025-04-01 11:45:00,177579.53889806467
2025-04-01 12:00:00,177579.53889806467
2025-04-01 12:15:00,177579.53889806467
2025-04-01 12:30:00,177579.53889806467
2025-04-01 12:45:00,177579.53889806467
2025-04-01 13:00:00,177579.53889806467
2025-04-01 13:15:00,177579.53889806467
2025-04-01 13:30:00,177579.53889806467
2025-04-01 13:45:00,177579.53889806467
2025-04-01 14:00:00,177579.53889806467
2025-04-01 14:15:00,177579.53889806467
2025-04-01 14:30:00,177579.53889806467
2025-04-01 14:45:00,177579.53889806467
2025-04-01 15:00:00,177579.53889806467
2025-04-01 15:15:00,177579.53889806467
2025-04-02 09:15:00,177579.53889806467
2025-04-02 09:30:00,177579.53889806467
2025-04-02 09:45:00,177579.53889806467
2025-04-02 10:00:00,177579.53889806467
2025-04-02 10:15:00,177579.53889806467
2025-04-02 10:30:00,177555.49808846644
2025-04-02 10:45:00,177769.95737408867
2025-04-02 11:00:00,177730.270958244
2025-04-02 11:15:00,177542.90528343883
2025-04-02 11:30:00,177513.14047155532
2025-04-02 11:45:00,177484.13885997652
2025-04-02 12:00:00,177684.0973398093
2025-04-02 12:15:00,177663.87253173458
2025-04-02 12:30:00,177719.96775413046
2025-04-02 12:45:00,177428.04363758067
2025-04-02 13:00:00,177731.415758701
2025-04-02 13:15:00,177812.3149909998
2025-04-02 13:30:00,177631.81811893696
2025-04-02 13:45:00,177731.415758701
2025-04-02 14:00:00,177660.05653021103
2025-04-02 14:15:00,177837.88220120737
2025-04-02 14:30:00,177892.4510229938
2025-04-02 14:45:00,177882.52941903262
2025-04-02 15:00:00,178113.7791113583
2025-04-02 15:15:00,178060.73669018128
2025-04-03 09:15:00,177453.22924763587
2025-04-03 09:30:00,177404.3844281347
2025-04-03 09:45:00,177326.53799705475
2025-04-03 10:00:00,177654.71412807802
2025-04-03 10:15:00,177812.69659115202
2025-04-03 10:30:00,177732.17895900563
2025-04-03 10:45:00,177742.48216311913
2025-04-03 11:00:00,177665.01733219155
2025-04-03 11:15:00,177612.73811131922
2025-04-03 11:30:00,177696.30854468446
2025-04-03 11:45:00,177747.4429650997
2025-04-03 12:00:00,177623.4229155851
2025-04-03 12:15:00,177569.99889425572
2025-04-03 12:30:00,177507.79806942225
2025-04-03 12:45:00,177598.6189056822
2025-04-03 13:00:00,177512.3772712505
2025-04-03 13:15:00,177584.11809989277
2025-04-03 13:30:00,177555.8796886187
2025-04-03 13:45:00,177515.81167262167
2025-04-03 14:00:00,177521.1540747546
2025-04-03 14:15:00,177521.1540747546
2025-04-03 14:30:00,177521.1540747546
2025-04-03 14:45:00,177521.1540747546
2025-04-03 15:00:00,177521.1540747546
2025-04-03 15:15:00,177521.1540747546
2025-04-04 09:15:00,177521.1540747546
2025-04-04 09:30:00,177521.1540747546
2025-04-04 09:45:00,177521.1540747546
2025-04-04 10:00:00,177521.1540747546
2025-04-04 10:15:00,177521.1540747546
2025-04-04 10:30:00,177521.1540747546
2025-04-04 10:45:00,177521.1540747546
2025-04-04 11:00:00,177521.1540747546
2025-04-04 11:15:00,177521.1540747546
2025-04-04 11:30:00,177521.1540747546
2025-04-04 11:45:00,177521.1540747546
2025-04-04 12:00:00,177521.1540747546
2025-04-04 12:15:00,177521.1540747546
2025-04-04 12:30:00,177521.1540747546
2025-04-04 12:45:00,177521.1540747546
2025-04-04 13:00:00,177521.1540747546
2025-04-04 13:15:00,177521.1540747546
2025-04-04 13:30:00,177521.1540747546
2025-04-04 13:45:00,177521.1540747546
2025-04-04 14:00:00,177521.1540747546
2025-04-04 14:15:00,177521.1540747546
2025-04-04 14:30:00,177521.1540747546
2025-04-04 14:45:00,177521.1540747546
2025-04-04 15:00:00,177521.1540747546
2025-04-04 15:15:00,177521.1540747546
2025-04-07 09:15:00,177521.1540747546
2025-04-07 09:30:00,177521.1540747546
2025-04-07 09:45:00,177521.1540747546
2025-04-07 10:00:00,177521.1540747546
2025-04-07 10:15:00,177521.1540747546
2025-04-07 10:30:00,177521.1540747546
2025-04-07 10:45:00,177521.1540747546
2025-04-07 11:00:00,177521.1540747546
2025-04-07 11:15:00,177521.1540747546
2025-04-07 11:30:00,177521.1540747546
2025-04-07 11:45:00,177521.1540747546
2025-04-07 12:00:00,177521.1540747546
2025-04-07 12:15:00,177521.1540747546
2025-04-07 12:30:00,177521.1540747546
2025-04-07 12:45:00,177521.1540747546
2025-04-07 13:00:00,177521.1540747546
2025-04-07 13:15:00,177521.1540747546
2025-04-07 13:30:00,177521.1540747546
2025-04-07 13:45:00,177521.1540747546
2025-04-07 14:00:00,177521.1540747546
2025-04-07 14:15:00,177521.1540747546
2025-04-07 14:30:00,177521.1540747546
2025-04-07 14:45:00,177521.1540747546
2025-04-07 15:00:00,177521.1540747546
2025-04-07 15:15:00,177950.8672491083
2025-04-08 09:15:00,180408.7145769059
2025-04-08 09:30:00,179881.77579606438
2025-04-08 09:45:00,179349.23553995194
2025-04-08 10:00:00,179118.77484309187
2025-04-08 10:15:00,179442.05998729836
2025-04-08 10:30:00,178388.18242561532
2025-04-08 10:45:00,179042.3547161817
2025-04-08 11:00:00,179539.6856991627
2025-04-08 11:15:00,178951.53079571773
2025-04-08 11:30:00,178905.9187827975
2025-04-08 11:45:00,179480.06999806518
2025-04-08 12:00:00,180465.92964574439
2025-04-08 12:15:00,180718.39613831157
2025-04-08 12:30:00,181199.32280085637
2025-04-08 12:45:00,181388.17253856114
2025-04-08 13:00:00,181378.9701149018
2025-04-08 13:15:00,181546.21416227595
2025-04-08 13:30:00,180745.20319853662
2025-04-08 13:45:00,180418.71721131817
2025-04-08 14:00:00,180834.8268028711
2025-04-08 14:15:00,181280.144086908
2025-04-08 14:30:00,180600.7651576226
2025-04-08 14:45:00,180669.9833877559
2025-04-08 15:00:00,180274.67927578065
2025-04-08 15:15:00,180425.1188973421
2025-04-09 09:15:00,179127.97726675117
2025-04-09 09:30:00,179110.3726301855
2025-04-09 09:45:00,179110.3726301855
2025-04-09 10:00:00,179110.3726301855
2025-04-09 10:15:00,179110.3726301855
2025-04-09 10:30:00,179110.3726301855
2025-04-09 10:45:00,179110.3726301855
2025-04-09 11:00:00,179110.3726301855
2025-04-09 11:15:00,179110.3726301855
2025-04-09 11:30:00,179110.3726301855
2025-04-09 11:45:00,179110.3726301855
2025-04-09 12:00:00,179110.3726301855
2025-04-09 12:15:00,179110.3726301855
2025-04-09 12:30:00,179110.3726301855
2025-04-09 12:45:00,179025.75066494764
2025-04-09 13:00:00,179080.03645396815
2025-04-09 13:15:00,178960.28838995233
2025-04-09 13:30:00,178845.33024849716
2025-04-09 13:45:00,178812.9982712129
2025-04-09 14:00:00,178841.7378065767
2025-04-09 14:15:00,178849.72101084443
2025-04-09 14:30:00,178853.3134527649
2025-04-09 14:45:00,178816.19155292
2025-04-09 15:00:00,178845.33024849722
2025-04-09 15:15:00,178986.6329640359
2025-04-11 09:15:00,181714.89302252993
2025-04-11 09:30:00,182408.2343131816
2025-04-11 09:45:00,182237.39374185234
2025-04-11 10:00:00,182278.10808361773
2025-04-11 10:15:00,182015.85982342303
2025-04-11 10:30:00,181892.12015727334
2025-04-11 10:45:00,182067.75065116325
2025-04-11 11:00:00,182294.0744921532
2025-04-11 11:15:00,182472.89826775013
2025-04-11 11:30:00,182614.99930371562
2025-04-11 11:45:00,182618.19258542272
2025-04-11 12:00:00,182878.04588433707
2025-04-11 12:15:00,182863.67611665517
2025-04-11 12:30:00,182761.49110202832
2025-04-11 12:45:00,182707.2053130078
2025-04-11 13:00:00,182851.30215004017
2025-04-11 13:15:00,182609.4110607282
2025-04-11 13:30:00,182616.5959445691
2025-04-11 13:45:00,182294.47365236652
2025-04-11 14:00:00,181901.7000023946
2025-04-11 14:15:00,181906.48992495527
2025-04-11 14:30:00,181906.48992495527
2025-04-11 14:45:00,181906.48992495527
2025-04-11 15:00:00,181906.48992495527
2025-04-11 15:15:00,181906.48992495527
2025-04-15 09:15:00,181906.48992495527
2025-04-15 09:30:00,182008.38235704228
2025-04-15 09:45:00,181970.51428841223
2025-04-15 10:00:00,182017.36138362467
2025-04-15 10:15:00,182039.2233613905
2025-04-15 10:30:00,181997.84176061949
2025-04-15 10:45:00,181997.45136815938
2025-04-15 11:00:00,181885.01833964957
2025-04-15 11:15:00,182008.7727495024
2025-04-15 11:30:00,181961.14486936975
2025-04-15 11:45:00,182022.8268780661
2025-04-15 12:00:00,182177.031899807
2025-04-15 12:15:00,182214.50957597696
2025-04-15 12:30:00,182237.93312358315
2025-04-15 12:45:00,182218.02310811786
2025-04-15 13:00:00,182217.2423231977
2025-04-15 13:15:00,182189.91485099043
2025-04-15 13:30:00,182145.80050299873
2025-04-15 13:45:00,182123.93852523292
2025-04-15 14:00:00,182126.28087999354
2025-04-15 14:15:00,182104.02850976767
2025-04-15 14:30:00,181997.84176061946
2025-04-15 14:45:00,181994.32822847855
2025-04-15 15:00:00,181994.32822847855
2025-04-15 15:15:00,181994.32822847855
2025-04-16 09:15:00,181994.32822847855
2025-04-16 09:30:00,181994.32822847855
2025-04-16 09:45:00,181994.32822847855
2025-04-16 10:00:00,181994.32822847855
2025-04-16 10:15:00,181994.32822847855
2025-04-16 10:30:00,181994.32822847855
2025-04-16 10:45:00,181994.32822847855
2025-04-16 11:00:00,181994.32822847855
2025-04-16 11:15:00,181994.32822847855
2025-04-16 11:30:00,181994.32822847855
2025-04-16 11:45:00,181994.32822847855
2025-04-16 12:00:00,181994.32822847855
2025-04-16 12:15:00,181994.32822847855
2025-04-16 12:30:00,181994.32822847855
2025-04-16 12:45:00,181887.58051753222
2025-04-16 13:00:00,181995.49699903632
2025-04-16 13:15:00,181527.9887759137
2025-04-16 13:30:00,181600.84214068364
2025-04-16 13:45:00,182177.82520605417
2025-04-16 14:00:00,182569.36334291936
2025-04-16 14:15:00,182419.3711213342
2025-04-16 14:30:00,182442.3569423044
2025-04-16 14:45:00,182574.42801533654
2025-04-16 15:00:00,182519.49579911964
2025-04-16 15:15:00,182587.67408165833
2025-04-17 09:15:00,181621.1008303523
2025-04-17 09:30:00,182309.89627908633
2025-04-17 09:45:00,182430.27964654038
2025-04-17 10:00:00,181965.10896453337
2025-04-17 10:15:00,182263.53504695997
2025-04-17 10:30:00,182499.23710945097
2025-04-17 10:45:00,182380.02251255471
2025-04-17 11:00:00,182640.65834694557
2025-04-17 11:15:00,183201.6682146927
2025-04-17 11:30:00,183859.29644855188
2025-04-17 11:45:00,183894.749155472
2025-04-17 12:00:00,184154.99539967693
2025-04-17 12:15:00,184504.06820627517
2025-04-17 12:30:00,184761.9769093645
2025-04-17 12:45:00,184964.56380605095
2025-04-17 13:00:00,185361.16661533332
2025-04-17 13:15:00,185252.47095345732
2025-04-17 13:30:00,185573.10367648225
2025-04-17 13:45:00,185795.94926283738
2025-04-17 14:00:00,185687.64319114733
2025-04-17 14:15:00,185710.2394219316
2025-04-17 14:30:00,185910.09918731655
2025-04-17 14:45:00,185901.52820322596
2025-04-17 15:00:00,185811.14328008893
2025-04-17 15:15:00,185739.06909569085
2025-04-21 09:15:00,186686.16283770007
2025-04-21 09:30:00,187237.04336061294
2025-04-21 09:45:00,187249.12065637694
2025-04-21 10:00:00,187263.9250834425
2025-04-21 10:15:00,187358.9850888108
2025-04-21 10:30:00,187530.4047706224
2025-04-21 10:45:00,187781.69044055082
2025-04-21 11:00:00,187860.3876581098
2025-04-21 11:15:00,187978.04389426232
2025-04-21 11:30:00,187844.80405067236
2025-04-21 11:45:00,188056.7411118213
2025-04-21 12:00:00,188159.20333072232
2025-04-21 12:15:00,188302.18292896065
2025-04-21 12:30:00,188348.15457090104
2025-04-21 12:45:00,188387.1135894946
2025-04-21 13:00:00,188357.11514517758
2025-04-21 13:15:00,188208.68128433614
2025-04-21 13:30:00,187885.32143000964
2025-04-21 13:45:00,188172.44939704414
2025-04-21 14:00:00,188121.02349250065
2025-04-21 14:15:00,188080.50611316334
2025-04-21 14:30:00,188117.5171808272
2025-04-21 14:45:00,188135.04873919432
2025-04-21 15:00:00,187894.6715944721
2025-04-21 15:15:00,187895.8403650299
2025-04-22 09:15:00,187895.8403650299
2025-04-22 09:30:00,187895.8403650299
2025-04-22 09:45:00,187895.8403650299
2025-04-22 10:00:00,187895.8403650299
2025-04-22 10:15:00,187895.8403650299
2025-04-22 10:30:00,187895.8403650299
2025-04-22 10:45:00,187928.41821292113
2025-04-22 11:00:00,187943.1558107767
2025-04-22 11:15:00,187634.05408733225
2025-04-22 11:30:00,187785.6962126356
2025-04-22 11:45:00,187849.30058232808
2025-04-22 12:00:00,187732.56329405104
2025-04-22 12:15:00,187653.445663458
2025-04-22 12:30:00,187627.46095144947
2025-04-22 12:45:00,187557.65127739674
2025-04-22 13:00:00,187571.6132122073
2025-04-22 13:15:00,187622.41914165678
2025-04-22 13:30:00,187575.879358955
2025-04-22 13:45:00,187555.32428826168
2025-04-22 14:00:00,187546.01633172133
2025-04-22 14:15:00,187587.51430463046
2025-04-22 14:30:00,187523.52210341548
2025-04-22 14:45:00,187489.78076095667
2025-04-22 15:00:00,187500.25221206457
2025-04-22 15:15:00,187500.25221206457
2025-04-23 09:15:00,187500.25221206457
2025-04-23 09:30:00,187523.76916148586
2025-04-23 09:45:00,187410.03965198953
2025-04-23 10:00:00,186512.92586013203
2025-04-23 10:15:00,186829.05534415573
2025-04-23 10:30:00,186358.33083196922
2025-04-23 10:45:00,186363.3426408623
2025-04-23 11:00:00,186363.3426408623
2025-04-23 11:15:00,186363.3426408623
2025-04-23 11:30:00,186363.3426408623
2025-04-23 11:45:00,186363.3426408623
2025-04-23 12:00:00,186363.3426408623
2025-04-23 12:15:00,186363.3426408623
2025-04-23 12:30:00,186363.3426408623
2025-04-23 12:45:00,186363.3426408623
2025-04-23 13:00:00,186363.3426408623
2025-04-23 13:15:00,186363.3426408623
2025-04-23 13:30:00,186363.3426408623
2025-04-23 13:45:00,186547.21431124336
2025-04-23 14:00:00,186585.2170155601
2025-04-23 14:15:00,186630.51316818007
2025-04-23 14:30:00,186484.2603364156
2025-04-23 14:45:00,186696.15420290906
2025-04-23 15:00:00,186825.90080956623
2025-04-23 15:15:00,186565.2559991513
2025-04-24 09:15:00,186198.66425548968
2025-04-24 09:30:00,186281.96311242643
2025-04-24 09:45:00,186334.16884764942
2025-04-24 10:00:00,186538.38540013944
2025-04-24 10:15:00,186575.6203730559
2025-04-24 10:30:00,186381.0004630701
2025-04-24 10:45:00,186376.0102089679
2025-04-24 11:00:00,186397.8905538775
2025-04-24 11:15:00,186232.4444371046
2025-04-24 11:30:00,186223.6155260007
2025-04-24 11:45:00,186223.6155260007
2025-04-24 12:00:00,186223.6155260007
2025-04-24 12:15:00,186223.6155260007
2025-04-24 12:30:00,186223.6155260007
2025-04-24 12:45:00,186223.6155260007
2025-04-24 13:00:00,186223.6155260007
2025-04-24 13:15:00,186223.6155260007
2025-04-24 13:30:00,186223.6155260007
2025-04-24 13:45:00,186223.6155260007
2025-04-24 14:00:00,186223.6155260007
2025-04-24 14:15:00,186223.6155260007
2025-04-24 14:30:00,186223.6155260007
2025-04-24 14:45:00,186223.6155260007
2025-04-24 15:00:00,186223.6155260007
2025-04-24 15:15:00,186223.6155260007
2025-04-25 09:15:00,186223.6155260007
2025-04-25 09:30:00,186223.6155260007
2025-04-25 09:45:00,186223.6155260007
2025-04-25 10:00:00,186223.6155260007
2025-04-25 10:15:00,186223.6155260007
2025-04-25 10:30:00,186223.6155260007
2025-04-25 10:45:00,186223.6155260007
2025-04-25 11:00:00,186223.6155260007
2025-04-25 11:15:00,186223.6155260007
2025-04-25 11:30:00,186223.6155260007
2025-04-25 11:45:00,186223.6155260007
2025-04-25 12:00:00,186223.6155260007
2025-04-25 12:15:00,186223.6155260007
2025-04-25 12:30:00,186223.6155260007
2025-04-25 12:45:00,186223.6155260007
2025-04-25 13:00:00,186223.6155260007
2025-04-25 13:15:00,186153.91453768744
2025-04-25 13:30:00,186524.49145888636
2025-04-25 13:45:00,187013.56006021786
2025-04-25 14:00:00,186466.40730195862
2025-04-25 14:15:00,186674.73581147278
2025-04-25 14:30:00,186367.27700746866
2025-04-25 14:45:00,186465.24561882013
2025-04-25 15:00:00,186279.37631665138
2025-04-25 15:15:00,185804.63514069538
2025-04-28 09:15:00,186782.77234335837
2025-04-28 09:30:00,187236.99045053322
2025-04-28 09:45:00,187645.12845987876
2025-04-28 10:00:00,188005.63746054354
2025-04-28 10:15:00,187703.59984451934
2025-04-28 10:30:00,187769.4285557041
2025-04-28 10:45:00,188013.76924251346
2025-04-28 11:00:00,187689.27241914385
2025-04-28 11:15:00,187827.89994034474
2025-04-28 11:30:00,188011.0586485235
2025-04-28 11:45:00,187971.9486495255
2025-04-28 12:00:00,188112.5123092906
2025-04-28 12:15:00,188540.0117042787
2025-04-28 12:30:00,188474.95744851968
2025-04-28 12:45:00,188570.21546588113
2025-04-28 13:00:00,188494.7060618751
2025-04-28 13:15:00,188439.7197266502
2025-04-28 13:30:00,188517.55249693335
2025-04-28 13:45:00,188440.4941820759
2025-04-28 14:00:00,188584.54289125666
2025-04-28 14:15:00,188231.7784448489
2025-04-28 14:30:00,187988.59944117814
2025-04-28 14:45:00,188335.5554718931
2025-04-28 15:00:00,188379.3122034453
2025-04-28 15:15:00,188292.57319576657
2025-04-29 09:15:00,189099.55574934918
2025-04-29 09:30:00,188321.22804651756
2025-04-29 09:45:00,188891.6144675479
2025-04-29 10:00:00,188591.90021780078
2025-04-29 10:15:00,188330.521511626
2025-04-29 10:30:00,188359.176362377
2025-04-29 10:45:00,188454.4343797385
2025-04-29 11:00:00,188626.75071195743
2025-04-29 11:15:00,188574.08774300962
2025-04-29 11:30:00,188613.97219743332
2025-04-29 11:45:00,188295.2837897565
2025-04-29 12:00:00,188321.22804651753
2025-04-29 12:15:00,188268.17784985687
2025-04-29 12:30:00,188516.77804150758
2025-04-29 12:45:00,188649.2099193028
2025-04-29 13:00:00,188632.94635536303
2025-04-29 13:15:00,188704.19625452772
2025-04-29 13:30:00,188610.0999203048
2025-04-29 13:45:00,188643.7887313229
2025-04-29 14:00:00,188703.42179910204
2025-04-29 14:15:00,188548.91794167427
2025-04-29 14:30:00,188629.84853366023
2025-04-29 14:45:00,188503.99952698348
2025-04-29 15:00:00,188397.5119059493
2025-04-29 15:15:00,188389.76735169228
2025-04-30 09:15:00,188378.92497573243
2025-04-30 09:30:00,188568.27932731685
2025-04-30 09:45:00,188704.58348224056
2025-04-30 10:00:00,188608.93823716624
2025-04-30 10:15:00,188431.5879446802
2025-04-30 10:30:00,188356.8529960999
2025-04-30 10:45:00,188512.13130895337
2025-04-30 11:00:00,188424.61784584893
2025-04-30 11:15:00,188431.5879446802
2025-04-30 11:30:00,188442.8175483529
2025-04-30 11:45:00,188513.29299209188
2025-04-30 12:00:00,188540.78615970435
2025-04-30 12:15:00,188577.57279242523
2025-04-30 12:30:00,188630.23576137304
2025-04-30 12:45:00,188503.99952698345
2025-04-30 13:00:00,188454.43437973844
2025-04-30 13:15:00,188445.9153700557
2025-04-30 13:30:00,188576.02388157384
2025-04-30 13:45:00,188557.43695135694
2025-04-30 14:00:00,188507.48457639912
2025-04-30 14:15:00,188477.66804250953
2025-04-30 14:30:00,188498.57833900352
2025-04-30 14:45:00,188713.87694734897
2025-04-30 15:00:00,188570.98992130673
2025-04-30 15:15:00,187776.39865453535
2025-05-02 09:15:00,189652.5169233011
2025-05-02 09:30:00,189972.7542418293
2025-05-02 09:45:00,190299.18720376317
2025-05-02 10:00:00,190376.24551862065
2025-05-02 10:15:00,189901.8915703775
2025-05-02 10:30:00,189757.45563348389
2025-05-02 10:45:00,189214.9496077789
2025-05-02 11:00:00,189144.47416403992
2025-05-02 11:15:00,188868.76803248958
2025-05-02 11:30:00,188868.38080477674
2025-05-02 11:45:00,188868.38080477674
2025-05-02 12:00:00,188868.38080477674
2025-05-02 12:15:00,188868.38080477674
2025-05-02 12:30:00,188868.38080477674
2025-05-02 12:45:00,188868.38080477674
2025-05-02 13:00:00,188868.38080477674
2025-05-02 13:15:00,188868.38080477674
2025-05-02 13:30:00,188868.38080477674
2025-05-02 13:45:00,188868.38080477674
2025-05-02 14:00:00,188868.38080477674
2025-05-02 14:15:00,188868.38080477674
2025-05-02 14:30:00,188868.38080477674
2025-05-02 14:45:00,188868.38080477674
2025-05-02 15:00:00,188868.38080477674
2025-05-02 15:15:00,188868.38080477674
2025-05-05 09:15:00,188868.38080477674
2025-05-05 09:30:00,188921.6979841507
2025-05-05 09:45:00,189342.82642993046
2025-05-05 10:00:00,189153.12545114342
2025-05-05 10:15:00,189156.6026584939
2025-05-05 10:30:00,189489.641851395
2025-05-05 10:45:00,189091.30843157944
2025-05-05 11:00:00,189207.98805600652
2025-05-05 11:15:00,189046.87744876783
2025-05-05 11:30:00,188905.47101651516
2025-05-05 11:45:00,188892.7212562301
2025-05-05 12:00:00,188918.22077680024
2025-05-05 12:15:00,188985.06042920382
2025-05-05 12:30:00,188975.40151989693
2025-05-05 12:45:00,189116.03523940506
2025-05-05 13:00:00,188936.37952629718
2025-05-05 13:15:00,188964.58354147326
2025-05-05 13:30:00,189111.01260656552
2025-05-05 13:45:00,189180.17039720272
2025-05-05 14:00:00,189105.2172609814
2025-05-05 14:15:00,189039.15032132235
2025-05-05 14:30:00,189128.78499969016
2025-05-05 14:45:00,189091.69478795177
2025-05-05 15:00:00,188915.12992582205
2025-05-05 15:15:00,189001.67375321168
2025-05-06 09:15:00,188796.90487590592
2025-05-06 09:30:00,188990.85577478795
2025-05-06 09:45:00,188477.3881560345
2025-05-06 10:00:00,188462.32025751576
2025-05-06 10:15:00,188432.18446047828
2025-05-06 10:30:00,188519.11464424015
2025-05-06 10:45:00,188565.47740891317
2025-05-06 11:00:00,188448.79778448615
2025-05-06 11:15:00,188323.61831986904
2025-05-06 11:30:00,188326.70917084726
2025-05-06 11:45:00,188326.70917084726
2025-05-06 12:00:00,188326.70917084726
2025-05-06 12:15:00,188326.70917084726
2025-05-06 12:30:00,188326.70917084726
2025-05-06 12:45:00,188326.70917084726
2025-05-06 13:00:00,188326.70917084726
2025-05-06 13:15:00,188326.70917084726
2025-05-06 13:30:00,188326.70917084726
2025-05-06 13:45:00,188326.70917084726
2025-05-06 14:00:00,188326.70917084726
2025-05-06 14:15:00,188326.70917084726
2025-05-06 14:30:00,188326.70917084726
2025-05-06 14:45:00,188326.70917084726
2025-05-06 15:00:00,188326.70917084726
2025-05-06 15:15:00,188326.70917084726
2025-05-07 09:15:00,188326.70917084726
2025-05-07 09:30:00,188326.70917084726
2025-05-07 09:45:00,188326.70917084726
2025-05-07 10:00:00,188326.70917084726
2025-05-07 10:15:00,188326.70917084726
2025-05-07 10:30:00,188326.70917084726
2025-05-07 10:45:00,188326.70917084726
2025-05-07 11:00:00,188326.70917084726
2025-05-07 11:15:00,188326.70917084726
2025-05-07 11:30:00,188326.70917084726
2025-05-07 11:45:00,188326.70917084726
2025-05-07 12:00:00,188326.70917084726
2025-05-07 12:15:00,188326.70917084726
2025-05-07 12:30:00,188326.70917084726
2025-05-07 12:45:00,188326.70917084726
2025-05-07 13:00:00,188326.70917084726
2025-05-07 13:15:00,188326.70917084726
2025-05-07 13:30:00,188326.70917084726
2025-05-07 13:45:00,188326.70917084726
2025-05-07 14:00:00,188326.70917084726
2025-05-07 14:15:00,188326.70917084726
2025-05-07 14:30:00,188326.70917084726
2025-05-07 14:45:00,188326.70917084726
2025-05-07 15:00:00,188326.70917084726
2025-05-07 15:15:00,188326.70917084726
2025-05-08 09:15:00,188326.70917084726
2025-05-08 09:30:00,188326.70917084726
2025-05-08 09:45:00,188326.70917084726
2025-05-08 10:00:00,188326.70917084726
2025-05-08 10:15:00,188326.70917084726
2025-05-08 10:30:00,188284.26613186905
2025-05-08 10:45:00,188271.5332201756
2025-05-08 11:00:00,188277.70675311788
2025-05-08 11:15:00,188387.6728086523
2025-05-08 11:30:00,188358.73437298535
2025-05-08 11:45:00,188302.7867306959
2025-05-08 12:00:00,188318.9922546694
2025-05-08 12:15:00,188310.88949268265
2025-05-08 12:30:00,188270.7615285578
2025-05-08 12:45:00,188293.52643128243
2025-05-08 13:00:00,188184.3320673658
2025-05-08 13:15:00,188034.62389351538
2025-05-08 13:30:00,188025.36359410195
2025-05-08 13:45:00,188025.36359410195
2025-05-08 14:00:00,188025.36359410195
2025-05-08 14:15:00,188025.36359410195
2025-05-08 14:30:00,188025.36359410195
2025-05-08 14:45:00,188025.36359410195
2025-05-08 15:00:00,188025.36359410195
2025-05-08 15:15:00,188025.36359410195
2025-05-09 09:15:00,188025.36359410195
2025-05-09 09:30:00,188025.36359410195
2025-05-09 09:45:00,188025.36359410195
2025-05-09 10:00:00,188025.36359410195
2025-05-09 10:15:00,188025.36359410195
2025-05-09 10:30:00,188025.36359410195
2025-05-09 10:45:00,188025.36359410195
2025-05-09 11:00:00,188025.36359410195
2025-05-09 11:15:00,188025.36359410195
2025-05-09 11:30:00,188025.36359410195
2025-05-09 11:45:00,188025.36359410195
2025-05-09 12:00:00,188025.36359410195
2025-05-09 12:15:00,188025.36359410195
2025-05-09 12:30:00,188025.36359410195
2025-05-09 12:45:00,188025.36359410195
2025-05-09 13:00:00,188025.36359410195
2025-05-09 13:15:00,188025.36359410195
2025-05-09 13:30:00,188025.36359410195
2025-05-09 13:45:00,188025.36359410195
2025-05-09 14:00:00,188025.36359410195
2025-05-09 14:15:00,188025.36359410195
2025-05-09 14:30:00,188025.36359410195
2025-05-09 14:45:00,188025.36359410195
2025-05-09 15:00:00,188025.36359410195
2025-05-09 15:15:00,188025.36359410195
2025-05-12 09:15:00,188025.36359410195
2025-05-12 09:30:00,187991.72770874557
2025-05-12 09:45:00,189010.7421446559
2025-05-12 10:00:00,188686.99674810076
2025-05-12 10:15:00,188795.93114953904
2025-05-12 10:30:00,188817.71802982668
2025-05-12 10:45:00,188652.9786367744
2025-05-12 11:00:00,188841.4160399641
2025-05-12 11:15:00,189074.19165566904
2025-05-12 11:30:00,189035.20460673326
2025-05-12 11:45:00,188948.4393115526
2025-05-12 12:00:00,188982.45742287894
2025-05-12 12:15:00,188838.35823220445
2025-05-12 12:30:00,189507.63590560242
2025-05-12 12:45:00,189590.96116705347
2025-05-12 13:00:00,189501.13806411313
2025-05-12 13:15:00,189748.4382666765
2025-05-12 13:30:00,189920.05772718805
2025-05-12 13:45:00,189920.05772718805
2025-05-12 14:00:00,190090.14828381973
2025-05-12 14:15:00,190333.24400071357
2025-05-12 14:30:00,190060.71688413288
2025-05-12 14:45:00,190513.65465853413
2025-05-12 15:00:00,190405.48470903578
2025-05-12 15:15:00,190503.33455734522
2025-05-13 09:15:00,189334.86976718102
2025-05-13 09:30:00,189165.1614365193
2025-05-13 09:45:00,188910.98116649667
2025-05-13 10:00:00,189361.2433591082
2025-05-13 10:15:00,188500.0882487909
2025-05-13 10:30:00,188482.12362820283
2025-05-13 10:45:00,188482.12362820283
2025-05-13 11:00:00,188482.12362820283
2025-05-13 11:15:00,188482.12362820283
2025-05-13 11:30:00,188482.12362820283
2025-05-13 11:45:00,188482.12362820283
2025-05-13 12:00:00,188482.12362820283
2025-05-13 12:15:00,188482.12362820283
2025-05-13 12:30:00,188482.12362820283
2025-05-13 12:45:00,188482.12362820283
2025-05-13 13:00:00,188482.12362820283
2025-05-13 13:15:00,188482.12362820283
2025-05-13 13:30:00,188482.12362820283
2025-05-13 13:45:00,188482.12362820283
2025-05-13 14:00:00,188482.12362820283
2025-05-13 14:15:00,188482.12362820283
2025-05-13 14:30:00,188482.12362820283
2025-05-13 14:45:00,188482.12362820283
2025-05-13 15:00:00,188482.12362820283
2025-05-13 15:15:00,188482.12362820283
2025-05-14 09:15:00,188482.12362820283
2025-05-14 09:30:00,188482.12362820283
2025-05-14 09:45:00,188482.12362820283
2025-05-14 10:00:00,188482.12362820283
2025-05-14 10:15:00,188385.05579893725
2025-05-14 10:30:00,188302.452979523
2025-05-14 10:45:00,187927.88535600406
2025-05-14 11:00:00,188052.3605723564
2025-05-14 11:15:00,188182.16500286447
2025-05-14 11:30:00,187940.44707508548
2025-05-14 11:45:00,187756.96984486585
2025-05-14 12:00:00,187755.82787040388
2025-05-14 12:15:00,187755.82787040388
2025-05-14 12:30:00,187755.82787040388
2025-05-14 12:45:00,187755.82787040388
2025-05-14 13:00:00,187755.82787040388
2025-05-14 13:15:00,187755.82787040388
2025-05-14 13:30:00,187755.82787040388
2025-05-14 13:45:00,187755.82787040388
2025-05-14 14:00:00,187755.82787040388
2025-05-14 14:15:00,187755.82787040388
2025-05-14 14:30:00,187755.82787040388
2025-05-14 14:45:00,187755.82787040388
2025-05-14 15:00:00,187755.82787040388
2025-05-14 15:15:00,187755.82787040388
2025-05-15 09:15:00,187755.82787040388
2025-05-15 09:30:00,187755.82787040388
2025-05-15 09:45:00,187755.82787040388
2025-05-15 10:00:00,187755.82787040388
2025-05-15 10:15:00,187755.82787040388
2025-05-15 10:30:00,187755.82787040388
2025-05-15 10:45:00,187755.82787040388
2025-05-15 11:00:00,187755.82787040388
2025-05-15 11:15:00,187755.82787040388
2025-05-15 11:30:00,187755.82787040388
2025-05-15 11:45:00,187755.82787040388
2025-05-15 12:00:00,187755.82787040388
2025-05-15 12:15:00,187554.07945781996
2025-05-15 12:30:00,187614.9846389774
2025-05-15 12:45:00,187922.55580382235
2025-05-15 13:00:00,189463.07622972273
2025-05-15 13:15:00,189594.78368397563
2025-05-15 13:30:00,190224.01033680822
2025-05-15 13:45:00,190912.238883887
2025-05-15 14:00:00,191021.48755258808
2025-05-15 14:15:00,191131.49753605365
2025-05-15 14:30:00,190994.46087844946
2025-05-15 14:45:00,190818.97782523968
2025-05-15 15:00:00,190758.07264408225
2025-05-15 15:15:00,190597.43522877956
2025-05-16 09:15:00,190584.4928777836
2025-05-16 09:30:00,190458.87594164643
2025-05-16 09:45:00,190268.92790791177
2025-05-16 10:00:00,190367.89882729258
2025-05-16 10:15:00,190385.40906687535
2025-05-16 10:30:00,190302.8064149306
2025-05-16 10:45:00,190335.5429498027
2025-05-16 11:00:00,190141.78834224568
2025-05-16 11:15:00,190139.5043979523
2025-05-16 11:30:00,190139.5043979523
2025-05-16 11:45:00,190139.5043979523
2025-05-16 12:00:00,190139.5043979523
2025-05-16 12:15:00,190139.5043979523
2025-05-16 12:30:00,190139.5043979523
2025-05-16 12:45:00,190139.5043979523
2025-05-16 13:00:00,190139.5043979523
2025-05-16 13:15:00,190139.5043979523
2025-05-16 13:30:00,189921.86482284404
2025-05-16 13:45:00,190020.23943009193
2025-05-16 14:00:00,190063.91927500893
2025-05-16 14:15:00,189935.91833816515
2025-05-16 14:30:00,190025.93680116802
2025-05-16 14:45:00,190002.76749212507
2025-05-16 15:00:00,190096.20437777363
2025-05-16 15:15:00,190011.88328584685
2025-05-19 09:15:00,190022.1385537839
2025-05-19 09:30:00,189982.63678098939
2025-05-19 09:45:00,190011.88328584682
2025-05-19 10:00:00,190222.68601566367
2025-05-19 10:15:00,190095.44472829674
2025-05-19 10:30:00,189937.8174618571
2025-05-19 10:45:00,190176.7272223162
2025-05-19 11:00:00,190117.85438786284
2025-05-19 11:15:00,190110.25789309465
2025-05-19 11:30:00,189979.2183583436
2025-05-19 11:45:00,189925.66307022798
2025-05-19 12:00:00,189817.4130197815
2025-05-19 12:15:00,189992.51222418796
2025-05-19 12:30:00,189938.19728659553
2025-05-19 12:45:00,190004.28679107863
2025-05-19 13:00:00,189764.6173811427
2025-05-19 13:15:00,189885.40164795672
2025-05-19 13:30:00,189771.8340511725
2025-05-19 13:45:00,189722.45683517936
2025-05-19 14:00:00,189718.27876305688
2025-05-19 14:15:00,189718.27876305688
2025-05-19 14:30:00,189718.27876305688
2025-05-19 14:45:00,189718.27876305688
2025-05-19 15:00:00,189718.27876305688
2025-05-19 15:15:00,189718.27876305688
2025-05-20 09:15:00,189718.27876305688
2025-05-20 09:30:00,189718.27876305688
2025-05-20 09:45:00,189718.27876305688
2025-05-20 10:00:00,189718.27876305688
2025-05-20 10:15:00,189718.27876305688
2025-05-20 10:30:00,189718.27876305688
2025-05-20 10:45:00,189718.27876305688
2025-05-20 11:00:00,189718.27876305688
2025-05-20 11:15:00,189718.27876305688
2025-05-20 11:30:00,189718.27876305688
2025-05-20 11:45:00,189718.27876305688
2025-05-20 12:00:00,189718.27876305688
2025-05-20 12:15:00,189718.27876305688
2025-05-20 12:30:00,189718.27876305688
2025-05-20 12:45:00,189718.27876305688
2025-05-20 13:00:00,189718.27876305688
2025-05-20 13:15:00,189718.27876305688
2025-05-20 13:30:00,189718.27876305688
2025-05-20 13:45:00,189718.27876305688
2025-05-20 14:00:00,189718.27876305688
2025-05-20 14:15:00,189718.27876305688
2025-05-20 14:30:00,189718.27876305688
2025-05-20 14:45:00,189718.27876305688
2025-05-20 15:00:00,189718.27876305688
2025-05-20 15:15:00,189718.27876305688
2025-05-21 09:15:00,189718.27876305688
2025-05-21 09:30:00,189718.27876305688
2025-05-21 09:45:00,189718.27876305688
2025-05-21 10:00:00,189718.27876305688
2025-05-21 10:15:00,189899.83575011397
2025-05-21 10:30:00,190071.09433664466
2025-05-21 10:45:00,190061.17735836006
2025-05-21 11:00:00,189925.0096180673
2025-05-21 11:15:00,189727.05147461643
2025-05-21 11:30:00,189590.1208898402
2025-05-21 11:45:00,189397.8840800151
2025-05-21 12:00:00,188677.75888765437
2025-05-21 12:15:00,188693.01577732302
2025-05-21 12:30:00,188693.01577732302
2025-05-21 12:45:00,188693.01577732302
2025-05-21 13:00:00,188693.01577732302
2025-05-21 13:15:00,188693.01577732302
2025-05-21 13:30:00,188693.01577732302
2025-05-21 13:45:00,188693.01577732302
2025-05-21 14:00:00,188693.01577732302
2025-05-21 14:15:00,188693.01577732302
2025-05-21 14:30:00,188693.01577732302
2025-05-21 14:45:00,188693.01577732302
2025-05-21 15:00:00,188693.01577732302
2025-05-21 15:15:00,188693.01577732302
2025-05-22 09:15:00,188693.01577732302
2025-05-22 09:30:00,188693.01577732302
2025-05-22 09:45:00,188693.01577732302
2025-05-22 10:00:00,188693.01577732302
2025-05-22 10:15:00,188693.01577732302
2025-05-22 10:30:00,188693.01577732302
2025-05-22 10:45:00,188693.01577732302
2025-05-22 11:00:00,188693.01577732302
2025-05-22 11:15:00,188693.01577732302
2025-05-22 11:30:00,188693.01577732302
2025-05-22 11:45:00,188693.01577732302
2025-05-22 12:00:00,188693.01577732302
2025-05-22 12:15:00,188693.01577732302
2025-05-22 12:30:00,188693.01577732302
2025-05-22 12:45:00,188693.01577732302
2025-05-22 13:00:00,188693.01577732302
2025-05-22 13:15:00,188693.01577732302
2025-05-22 13:30:00,188693.01577732302
2025-05-22 13:45:00,188693.01577732302
2025-05-22 14:00:00,188693.01577732302
2025-05-22 14:15:00,188693.01577732302
2025-05-22 14:30:00,188693.01577732302
2025-05-22 14:45:00,188693.01577732302
2025-05-22 15:00:00,188693.01577732302
2025-05-22 15:15:00,188693.01577732302
2025-05-23 09:15:00,189262.01640932672
2025-05-23 09:30:00,189779.70742848486
2025-05-23 09:45:00,189891.51643558114
2025-05-23 10:00:00,190060.76157645974
2025-05-23 10:15:00,189728.3978156393
2025-05-23 10:30:00,190027.06571130746
2025-05-23 10:45:00,190608.31938518467
2025-05-23 11:00:00,190612.14846077017
2025-05-23 11:15:00,190550.11743628525
2025-05-23 11:30:00,190447.49821059412
2025-05-23 11:45:00,190208.94680161815
2025-05-23 12:00:00,190188.2697934565
2025-05-23 12:15:00,190454.390546648
2025-05-23 12:30:00,190456.6879919993
2025-05-23 12:45:00,190541.69346999718
2025-05-23 13:00:00,190515.2728484573
2025-05-23 13:15:00,190566.58246130287
2025-05-23 13:30:00,190312.7147499849
2025-05-23 13:45:00,190503.40271414228
2025-05-23 14:00:00,190451.3272861796
2025-05-23 14:15:00,190478.51372283662
2025-05-23 14:30:00,190195.16212951043
2025-05-23 14:45:00,190199.757020213
2025-05-23 15:00:00,190310.80021219217
2025-05-23 15:15:00,190267.9145656347
2025-05-26 09:15:00,191763.9343968853
2025-05-26 09:30:00,191787.2917579568
2025-05-26 09:45:00,191928.2017395028
2025-05-26 10:00:00,191791.8866486594
2025-05-26 10:15:00,191263.85712542044
2025-05-26 10:30:00,191219.43984862877
2025-05-26 10:45:00,191302.9136963924
2025-05-26 11:00:00,191245.09465505154
2025-05-26 11:15:00,191258.49641960073
2025-05-26 11:30:00,191252.36989866395
2025-05-26 11:45:00,191446.50403084824
2025-05-26 12:00:00,191375.6661325167
2025-05-26 12:15:00,191510.44959312596
2025-05-26 12:30:00,191211.7816974578
2025-05-26 12:45:00,191203.74063872825
2025-05-26 13:00:00,191203.74063872825
2025-05-26 13:15:00,191203.74063872825
2025-05-26 13:30:00,191203.74063872825
2025-05-26 13:45:00,191203.74063872825
2025-05-26 14:00:00,191203.74063872825
2025-05-26 14:15:00,191203.74063872825
2025-05-26 14:30:00,191203.74063872825
2025-05-26 14:45:00,191203.74063872825
2025-05-26 15:00:00,191203.74063872825
2025-05-26 15:15:00,191203.74063872825
2025-05-27 09:15:00,191203.74063872825
2025-05-27 09:30:00,191203.74063872825
2025-05-27 09:45:00,191203.74063872825
2025-05-27 10:00:00,191203.74063872825
2025-05-27 10:15:00,191203.74063872825
2025-05-27 10:30:00,191203.74063872825
2025-05-27 10:45:00,191203.74063872825
2025-05-27 11:00:00,191203.74063872825
2025-05-27 11:15:00,191203.74063872825
2025-05-27 11:30:00,190864.72555885764
2025-05-27 11:45:00,190704.96422471342
2025-05-27 12:00:00,190776.81860466348
2025-05-27 12:15:00,190003.61961190333
2025-05-27 12:30:00,190034.96035209432
2025-05-27 12:45:00,189758.62675260563
2025-05-27 13:00:00,189801.4336172567
2025-05-27 13:15:00,189763.21320238966
2025-05-27 13:30:00,189935.58727344
2025-05-27 13:45:00,189300.74618249852
2025-05-27 14:00:00,189279.72495432166
2025-05-27 14:15:00,189279.72495432166
2025-05-27 14:30:00,189279.72495432166
2025-05-27 14:45:00,189279.72495432166
2025-05-27 15:00:00,189279.72495432166
2025-05-27 15:15:00,189279.72495432166
2025-05-28 09:15:00,189279.72495432166
2025-05-28 09:30:00,189279.72495432166
2025-05-28 09:45:00,189279.72495432166
2025-05-28 10:00:00,189279.72495432166
2025-05-28 10:15:00,189279.72495432166
2025-05-28 10:30:00,189279.72495432166
2025-05-28 10:45:00,189279.72495432166
2025-05-28 11:00:00,189279.72495432166
2025-05-28 11:15:00,189279.72495432166
2025-05-28 11:30:00,189279.72495432166
2025-05-28 11:45:00,189279.72495432166
2025-05-28 12:00:00,189279.72495432166
2025-05-28 12:15:00,189279.72495432166
2025-05-28 12:30:00,189279.72495432166
2025-05-28 12:45:00,189279.72495432166
2025-05-28 13:00:00,189279.72495432166
2025-05-28 13:15:00,189279.72495432166
2025-05-28 13:30:00,189279.72495432166
2025-05-28 13:45:00,189279.72495432166
2025-05-28 14:00:00,189279.72495432166
2025-05-28 14:15:00,189279.72495432166
2025-05-28 14:30:00,189279.72495432166
2025-05-28 14:45:00,189279.72495432166
2025-05-28 15:00:00,189279.72495432166
2025-05-28 15:15:00,189279.72495432166
2025-05-29 09:15:00,189279.72495432166
2025-05-29 09:30:00,189279.72495432166
2025-05-29 09:45:00,189279.72495432166
2025-05-29 10:00:00,189279.72495432166
2025-05-29 10:15:00,189279.72495432166
2025-05-29 10:30:00,189279.72495432166
2025-05-29 10:45:00,189279.72495432166
2025-05-29 11:00:00,189279.72495432166
2025-05-29 11:15:00,189279.72495432166
2025-05-29 11:30:00,189279.72495432166
2025-05-29 11:45:00,189279.72495432166
2025-05-29 12:00:00,189279.72495432166
2025-05-29 12:15:00,189279.72495432166
2025-05-29 12:30:00,189279.72495432166
2025-05-29 12:45:00,189279.72495432166
2025-05-29 13:00:00,189279.72495432166
2025-05-29 13:15:00,189279.72495432166
2025-05-29 13:30:00,189279.72495432166
2025-05-29 13:45:00,189279.72495432166
2025-05-29 14:00:00,189279.72495432166
2025-05-29 14:15:00,189279.72495432166
2025-05-29 14:30:00,189279.72495432166
2025-05-29 14:45:00,189279.72495432166
2025-05-29 15:00:00,189279.72495432166
2025-05-29 15:15:00,189279.72495432166
2025-05-30 09:15:00,189549.7692972516
2025-05-30 09:30:00,189329.30936757152
2025-05-30 09:45:00,189241.2016794122
2025-05-30 10:00:00,189143.55852716634
2025-05-30 10:15:00,188892.96653097292
2025-05-30 10:30:00,188707.59710913117
2025-05-30 10:45:00,188811.72437695586
2025-05-30 11:00:00,188834.99090932694
2025-05-30 11:15:00,188986.4140790207
2025-05-30 11:30:00,188767.098405031
2025-05-30 11:45:00,188774.7267763002
2025-05-30 12:00:00,188774.7267763002
2025-05-30 12:15:00,188774.7267763002
2025-05-30 12:30:00,188774.7267763002
2025-05-30 12:45:00,188774.7267763002
2025-05-30 13:00:00,188774.7267763002
2025-05-30 13:15:00,188774.7267763002
2025-05-30 13:30:00,188774.7267763002
2025-05-30 13:45:00,188774.7267763002
2025-05-30 14:00:00,188507.04762159547
2025-05-30 14:15:00,188634.9853114686
2025-05-30 14:30:00,188627.7507397198
2025-05-30 14:45:00,188589.29327937105
2025-05-30 15:00:00,188492.19771116378
2025-05-30 15:15:00,188377.96763091994
2025-06-02 09:15:00,187074.60241533772
2025-06-02 09:30:00,187069.27167825968
2025-06-02 09:45:00,187069.27167825968
2025-06-02 10:00:00,187069.27167825968
2025-06-02 10:15:00,187069.27167825968
2025-06-02 10:30:00,187069.27167825968
2025-06-02 10:45:00,187069.27167825968
2025-06-02 11:00:00,187069.27167825968
2025-06-02 11:15:00,187069.27167825968
2025-06-02 11:30:00,187069.27167825968
2025-06-02 11:45:00,187069.27167825968
2025-06-02 12:00:00,187181.96538206615
2025-06-02 12:15:00,187229.01595200557
2025-06-02 12:30:00,187624.3925155286
2025-06-02 12:45:00,187330.32645340735
2025-06-02 13:00:00,187465.40712194308
2025-06-02 13:15:00,187497.2800886762
2025-06-02 13:30:00,187657.7832425824
2025-06-02 13:45:00,187507.52497084046
2025-06-02 14:00:00,187396.72846743476
2025-06-02 14:15:00,187446.0556778551
2025-06-02 14:30:00,187197.9018654328
2025-06-02 14:45:00,187551.5400201386
2025-06-02 15:00:00,187625.53083576914
2025-06-02 15:15:00,187370.16766182383
2025-06-03 09:15:00,187042.33143256867
2025-06-03 09:30:00,187039.67535200756
2025-06-03 09:45:00,186913.32180531547
2025-06-03 10:00:00,187152.7484958942
2025-06-03 10:15:00,187594.7961892765
2025-06-03 10:30:00,187009.6995856752
2025-06-03 10:45:00,186970.6172574191
2025-06-03 11:00:00,186610.14918127045
2025-06-03 11:15:00,186610.5286213506
2025-06-03 11:30:00,186610.5286213506
2025-06-03 11:45:00,186610.5286213506
2025-06-03 12:00:00,186610.5286213506
2025-06-03 12:15:00,186610.5286213506
2025-06-03 12:30:00,186610.5286213506
2025-06-03 12:45:00,186610.5286213506
2025-06-03 13:00:00,186610.5286213506
2025-06-03 13:15:00,186610.5286213506
2025-06-03 13:30:00,186610.5286213506
2025-06-03 13:45:00,186610.5286213506
2025-06-03 14:00:00,186610.5286213506
2025-06-03 14:15:00,186610.5286213506
2025-06-03 14:30:00,186610.5286213506
2025-06-03 14:45:00,186610.5286213506
2025-06-03 15:00:00,186610.5286213506
2025-06-03 15:15:00,186610.5286213506
2025-06-04 09:15:00,186610.5286213506
2025-06-04 09:30:00,186610.5286213506
2025-06-04 09:45:00,186610.5286213506
2025-06-04 10:00:00,186610.5286213506
2025-06-04 10:15:00,186610.5286213506
2025-06-04 10:30:00,186610.5286213506
2025-06-04 10:45:00,186517.6073683406
2025-06-04 11:00:00,186461.09607569373
2025-06-04 11:15:00,186528.2269401132
2025-06-04 11:30:00,186545.67337945383
2025-06-04 11:45:00,186558.18930332863
2025-06-04 12:00:00,186659.83377600895
2025-06-04 12:15:00,186556.67222164688
2025-06-04 12:30:00,186605.59810588477
2025-06-04 12:45:00,186616.97621849822
2025-06-04 13:00:00,186602.9432129416
2025-06-04 13:15:00,186663.247209793
2025-06-04 13:30:00,186644.28368877055
2025-06-04 13:45:00,186762.99533037102
2025-06-04 14:00:00,186726.58537000793
2025-06-04 14:15:00,186698.5193588947
2025-06-04 14:30:00,186715.96579823535
2025-06-04 14:45:00,186820.2651638588
2025-06-04 15:00:00,186729.2402629511
2025-06-04 15:15:00,186692.0717617471
2025-06-05 09:15:00,187477.16153207622
2025-06-05 09:30:00,187717.23970822038
2025-06-05 09:45:00,187732.78979545878
2025-06-05 10:00:00,187604.2171229266
2025-06-05 10:15:00,187540.4996922912
2025-06-05 10:30:00,187498.77994604182
2025-06-05 10:45:00,187394.10130999793
2025-06-05 11:00:00,187426.3392957361
2025-06-05 11:15:00,187639.86854244882
2025-06-05 11:30:00,187577.66819349522
2025-06-05 11:45:00,187678.5541253346
2025-06-05 12:00:00,188645.69369747918
2025-06-05 12:15:00,188285.7660684732
2025-06-05 12:30:00,188254.28662357596
2025-06-05 12:45:00,188090.44180194204
2025-06-05 13:00:00,187943.2848788079
2025-06-05 13:15:00,187882.22234111562
2025-06-05 13:30:00,187591.70119905175
2025-06-05 13:45:00,187606.8720158697
2025-06-05 14:00:00,187462.3699856787
2025-06-05 14:15:00,187464.26633778095
2025-06-05 14:30:00,187464.26633778095
2025-06-05 14:45:00,187464.26633778095
2025-06-05 15:00:00,187464.26633778095
2025-06-05 15:15:00,187464.26633778095
2025-06-06 09:15:00,187464.26633778095
2025-06-06 09:30:00,187464.26633778095
2025-06-06 09:45:00,187464.26633778095
2025-06-06 10:00:00,187464.26633778095
2025-06-06 10:15:00,187464.26633778095
2025-06-06 10:30:00,187464.26633778095
2025-06-06 10:45:00,187464.26633778095
2025-06-06 11:00:00,187771.66920775065
2025-06-06 11:15:00,187672.83429967973
2025-06-06 11:30:00,187946.7911361197
2025-06-06 11:45:00,188092.97660851362
2025-06-06 12:00:00,187890.4214166876
2025-06-06 12:15:00,187779.56096847114
2025-06-06 12:30:00,187757.0130806983
2025-06-06 12:45:00,187769.41441897335
2025-06-06 13:00:00,187666.44573147738
2025-06-06 13:15:00,187702.89815004347
2025-06-06 13:30:00,187761.8984563824
2025-06-06 13:45:00,187825.78413840543
2025-06-06 14:00:00,187823.9051477577
2025-06-06 14:15:00,188026.83613771328
2025-06-06 14:30:00,187812.25540574177
2025-06-06 14:45:00,187887.03923352173
2025-06-06 15:00:00,187914.8482951082
2025-06-06 15:15:00,187901.3195624445
2025-06-09 09:15:00,188615.71180671398
2025-06-09 09:30:00,188713.79511852586
2025-06-09 09:45:00,188657.42539909374
2025-06-09 10:00:00,188794.59171637852
2025-06-09 10:15:00,188828.4135480378
2025-06-09 10:30:00,188909.58594402
2025-06-09 10:45:00,188868.2481497698
2025-06-09 11:00:00,188813.0058247263
2025-06-09 11:15:00,188723.9416680236
2025-06-09 11:30:00,188742.73157450097
2025-06-09 11:45:00,188742.3557763714
2025-06-09 12:00:00,188775.050213642
2025-06-09 12:15:00,188773.92281925338
2025-06-09 12:30:00,188780.31138745567
2025-06-09 12:45:00,188707.4065503235
2025-06-09 13:00:00,188719.05629233946
2025-06-09 13:15:00,188696.8842026962
2025-06-09 13:30:00,188723.9416680236
2025-06-09 13:45:00,188720.55948485766
2025-06-09 14:00:00,188578.50779188878
2025-06-09 14:15:00,188580.76258066608
2025-06-09 14:30:00,188580.76258066608
2025-06-09 14:45:00,188580.76258066608
2025-06-09 15:00:00,188580.76258066608
2025-06-09 15:15:00,188580.76258066608
2025-06-10 09:15:00,188580.76258066608
2025-06-10 09:30:00,188580.76258066608
2025-06-10 09:45:00,188580.76258066608
2025-06-10 10:00:00,188580.76258066608
2025-06-10 10:15:00,188580.76258066608
2025-06-10 10:30:00,188580.76258066608
2025-06-10 10:45:00,188580.76258066608
2025-06-10 11:00:00,188580.76258066608
2025-06-10 11:15:00,188580.76258066608
2025-06-10 11:30:00,188580.76258066608
2025-06-10 11:45:00,188662.54283402514
2025-06-10 12:00:00,188571.0089724673
2025-06-10 12:15:00,188491.1044129926
2025-06-10 12:30:00,188593.51729907986
2025-06-10 12:45:00,188599.5195195099
2025-06-10 13:00:00,188548.5006458547
2025-06-10 13:15:00,188545.49953563968
2025-06-10 13:30:00,188538.37189887904
2025-06-10 13:45:00,188524.86690291145
2025-06-10 14:00:00,188526.36745801897
2025-06-10 14:15:00,188498.982327307
2025-06-10 14:30:00,188415.70151884042
2025-06-10 14:45:00,188337.67265325013
2025-06-10 15:00:00,188354.92903698643
2025-06-10 15:15:00,188255.89239989105
2025-06-11 09:15:00,188594.64271541045
2025-06-11 09:30:00,188516.2387110433
2025-06-11 09:45:00,188662.5428340251
2025-06-11 10:00:00,188667.4196381245
2025-06-11 10:15:00,188611.14882159303
2025-06-11 10:30:00,188872.99568785276
2025-06-11 10:45:00,188874.1211041834
2025-06-11 11:00:00,188925.89025539233
2025-06-11 11:15:00,188966.405243295
2025-06-11 11:30:00,188978.40968415505
2025-06-11 11:45:00,189149.0978276338
2025-06-11 12:00:00,189114.5850601612
2025-06-11 12:15:00,189115.33533771493
2025-06-11 12:30:00,189066.56729672098
2025-06-11 12:45:00,189180.6094848914
2025-06-11 13:00:00,189130.34088878997
2025-06-11 13:15:00,188857.23985922395
2025-06-11 13:30:00,188737.1954506235
2025-06-11 13:45:00,188662.54283402508
2025-06-11 14:00:00,188656.16547481815
2025-06-11 14:15:00,188656.16547481815
2025-06-11 14:30:00,188656.16547481815
2025-06-11 14:45:00,188656.16547481815
2025-06-11 15:00:00,188656.16547481815
2025-06-11 15:15:00,188656.16547481815
2025-06-12 09:15:00,188656.16547481815
2025-06-12 09:30:00,188656.16547481815
2025-06-12 09:45:00,188656.16547481815
2025-06-12 10:00:00,188656.16547481815
2025-06-12 10:15:00,188656.16547481815
2025-06-12 10:30:00,188656.16547481815
2025-06-12 10:45:00,188656.16547481815
2025-06-12 11:00:00,188656.16547481815
2025-06-12 11:15:00,188656.16547481815
2025-06-12 11:30:00,188656.16547481815
2025-06-12 11:45:00,188656.16547481815
2025-06-12 12:00:00,188656.16547481815
2025-06-12 12:15:00,188656.16547481815
2025-06-12 12:30:00,188656.16547481815
2025-06-12 12:45:00,188656.16547481815
2025-06-12 13:00:00,188656.16547481815
2025-06-12 13:15:00,188656.16547481815
2025-06-12 13:30:00,188656.16547481815
2025-06-12 13:45:00,188656.16547481815
2025-06-12 14:00:00,188656.16547481815
2025-06-12 14:15:00,188656.16547481815
2025-06-12 14:30:00,188656.16547481815
2025-06-12 14:45:00,188656.16547481815
2025-06-12 15:00:00,188656.16547481815
2025-06-12 15:15:00,188656.16547481815
2025-06-13 09:15:00,188656.16547481815
2025-06-13 09:30:00,188656.16547481815
2025-06-13 09:45:00,188656.16547481815
2025-06-13 10:00:00,188656.16547481815
2025-06-13 10:15:00,188656.16547481815
2025-06-13 10:30:00,188656.16547481815
2025-06-13 10:45:00,188656.16547481815
2025-06-13 11:00:00,188656.16547481815
2025-06-13 11:15:00,188656.16547481815
2025-06-13 11:30:00,188656.16547481815
2025-06-13 11:45:00,188656.16547481815
2025-06-13 12:00:00,188656.16547481815
2025-06-13 12:15:00,188656.16547481815
2025-06-13 12:30:00,188552.6901337473
2025-06-13 12:45:00,188488.92488666676
2025-06-13 13:00:00,188516.03466237165
2025-06-13 13:15:00,188559.18120680342
2025-06-13 13:30:00,188890.6077604916
2025-06-13 13:45:00,188719.16706624505
2025-06-13 14:00:00,188743.98587498895
2025-06-13 14:15:00,188720.31254972552
2025-06-13 14:30:00,188528.63498065702
2025-06-13 14:45:00,188347.64859073973
2025-06-13 15:00:00,188818.44230122076
2025-06-13 15:15:00,188894.42603875988
2025-06-16 09:15:00,189276.6356934164
2025-06-16 09:30:00,189119.32262876257
2025-06-16 09:45:00,188907.40818487207
2025-06-16 10:00:00,189109.39510526502
2025-06-16 10:15:00,189584.77074966804
2025-06-16 10:30:00,189924.21568771967
2025-06-16 10:45:00,189966.2167486709
2025-06-16 11:00:00,190201.80451782484
2025-06-16 11:15:00,190029.2183400978
2025-06-16 11:30:00,190217.84128655167
2025-06-16 11:45:00,190090.6926202174
2025-06-16 12:00:00,190279.3155666713
2025-06-16 12:15:00,190096.8018654467
2025-06-16 12:30:00,190460.30195658858
2025-06-16 12:45:00,190314.44372673964
2025-06-16 13:00:00,190412.95530606172
2025-06-16 13:15:00,190465.64754616423
2025-06-16 13:30:00,190516.04881930575
2025-06-16 13:45:00,190439.68325393982
2025-06-16 14:00:00,190619.90598820345
2025-06-16 14:15:00,190466.41120181791
2025-06-16 14:30:00,190430.51938609593
2025-06-16 14:45:00,190474.42958618136
2025-06-16 15:00:00,190537.43117760823
2025-06-16 15:15:00,190462.97475137643
2025-06-17 09:15:00,190017.38167746612
2025-06-17 09:30:00,190000.58125308563
2025-06-17 09:45:00,189954.76191386607
2025-06-17 10:00:00,189781.41208048534
2025-06-17 10:15:00,189781.79390831216
2025-06-17 10:30:00,189781.79390831216
2025-06-17 10:45:00,189781.79390831216
2025-06-17 11:00:00,189781.79390831216
2025-06-17 11:15:00,189781.79390831216
2025-06-17 11:30:00,189781.79390831216
2025-06-17 11:45:00,189781.79390831216
2025-06-17 12:00:00,189781.79390831216
2025-06-17 12:15:00,189781.79390831216
2025-06-17 12:30:00,189781.79390831216
2025-06-17 12:45:00,189781.79390831216
2025-06-17 13:00:00,189781.79390831216
2025-06-17 13:15:00,189781.79390831216
2025-06-17 13:30:00,189781.79390831216
2025-06-17 13:45:00,189781.79390831216
2025-06-17 14:00:00,189781.79390831216
2025-06-17 14:15:00,189781.79390831216
2025-06-17 14:30:00,189781.79390831216
2025-06-17 14:45:00,189781.79390831216
2025-06-17 15:00:00,189781.79390831216
2025-06-17 15:15:00,189781.79390831216
2025-06-18 09:15:00,189781.79390831216
2025-06-18 09:30:00,189781.79390831216
2025-06-18 09:45:00,189781.79390831216
2025-06-18 10:00:00,189781.79390831216
2025-06-18 10:15:00,189781.79390831216
2025-06-18 10:30:00,189781.79390831216
2025-06-18 10:45:00,189781.79390831216
2025-06-18 11:00:00,189781.79390831216
2025-06-18 11:15:00,189781.79390831216
2025-06-18 11:30:00,189781.79390831216
2025-06-18 11:45:00,189781.79390831216
2025-06-18 12:00:00,189781.79390831216
2025-06-18 12:15:00,189781.79390831216
2025-06-18 12:30:00,189781.79390831216
2025-06-18 12:45:00,189781.79390831216
2025-06-18 13:00:00,189781.79390831216
2025-06-18 13:15:00,189781.79390831216
2025-06-18 13:30:00,189781.79390831216
2025-06-18 13:45:00,189781.79390831216
2025-06-18 14:00:00,189781.79390831216
2025-06-18 14:15:00,189781.79390831216
2025-06-18 14:30:00,189781.79390831216
2025-06-18 14:45:00,189781.79390831216
2025-06-18 15:00:00,189781.79390831216
2025-06-18 15:15:00,189781.79390831216
2025-06-19 09:15:00,189781.79390831216
2025-06-19 09:30:00,189781.79390831216
2025-06-19 09:45:00,189781.79390831216
2025-06-19 10:00:00,189781.79390831216
2025-06-19 10:15:00,189781.79390831216
2025-06-19 10:30:00,189781.79390831216
2025-06-19 10:45:00,189781.79390831216
2025-06-19 11:00:00,189781.79390831216
2025-06-19 11:15:00,189781.79390831216
2025-06-19 11:30:00,189781.79390831216
2025-06-19 11:45:00,189781.79390831216
2025-06-19 12:00:00,189781.79390831216
2025-06-19 12:15:00,189729.0169336824
2025-06-19 12:30:00,189634.55379793202
2025-06-19 12:45:00,189613.51949644912
2025-06-19 13:00:00,189649.46902989259
2025-06-19 13:15:00,189576.80507931538
2025-06-19 13:30:00,189608.5477524623
2025-06-19 13:45:00,189777.5870480156
2025-06-19 14:00:00,189938.977506666
2025-06-19 14:15:00,189822.71518574248
2025-06-19 14:30:00,189727.10472445667
2025-06-19 14:45:00,189771.46797849325
2025-06-19 15:00:00,189628.05228656458
2025-06-19 15:15:00,189268.17451028485
2025-06-20 09:15:00,189922.15006547968
2025-06-20 09:30:00,190259.84621474112
2025-06-20 09:45:00,190189.4769152348
2025-06-20 10:00:00,190601.7492242991
2025-06-20 10:15:00,191289.37966186652
2025-06-20 10:30:00,191233.16071063047
2025-06-20 10:45:00,191182.29594522645
2025-06-20 11:00:00,191347.5108223283
2025-06-20 11:15:00,191251.51791919736
2025-06-20 11:30:00,191369.31000750148
2025-06-20 11:45:00,191448.4754694461
2025-06-20 12:00:00,191527.64093139072
2025-06-20 12:15:00,191082.8610654892
2025-06-20 12:30:00,191227.80652479845
2025-06-20 12:45:00,191393.0214019003
2025-06-20 13:00:00,191513.4905831204
2025-06-20 13:15:00,191734.9244114583
2025-06-20 13:30:00,191584.62476631705
2025-06-20 13:45:00,191517.31500157184
2025-06-20 14:00:00,191600.68732381304
2025-06-20 14:15:00,191500.10511854038
2025-06-20 14:30:00,191573.1515109627
2025-06-20 14:45:00,191573.1515109627
2025-06-20 15:00:00,192112.7769544597
2025-06-20 15:15:00,191830.9173145892
2025-06-23 09:15:00,190519.14178574813
2025-06-23 09:30:00,190236.51726218732
2025-06-23 09:45:00,190236.51726218732
2025-06-23 10:00:00,190236.51726218732
2025-06-23 10:15:00,190236.51726218732
2025-06-23 10:30:00,190236.51726218732
2025-06-23 10:45:00,190236.51726218732
2025-06-23 11:00:00,190236.51726218732
2025-06-23 11:15:00,190236.51726218732
2025-06-23 11:30:00,190373.0261089568
2025-06-23 11:45:00,190164.0684328962
2025-06-23 12:00:00,190211.73213637716
2025-06-23 12:15:00,190226.98452149107
2025-06-23 12:30:00,190358.1550334707
2025-06-23 12:45:00,190273.50429608847
2025-06-23 13:00:00,190376.8392052352
2025-06-23 13:15:00,190886.65017766782
2025-06-23 13:30:00,190818.39575428306
2025-06-23 13:45:00,190802.38074991343
2025-06-23 14:00:00,190769.96943154637
2025-06-23 14:15:00,190653.66999505277
2025-06-23 14:30:00,190544.23413186043
2025-06-23 14:45:00,190556.05473032373
2025-06-23 15:00:00,190501.5274535415
2025-06-23 15:15:00,190341.3774098454
2025-06-24 09:15:00,192026.765964933
2025-06-24 09:30:00,191846.9306609527
2025-06-24 09:45:00,191974.18699893873
2025-06-24 10:00:00,192275.9445429056
2025-06-24 10:15:00,192282.80266890486
2025-06-24 10:30:00,192131.92389692142
2025-06-24 10:45:00,192202.79119891362
2025-06-24 11:00:00,192457.3038748857
2025-06-24 11:15:00,192663.80966886305
2025-06-24 11:30:00,192647.42636786483
2025-06-24 11:45:00,192724.38978185641
2025-06-24 12:00:00,192856.21820384197
2025-06-24 12:15:00,192685.52706786068
2025-06-24 12:30:00,191883.88833994864
2025-06-24 12:45:00,192371.5772998951
2025-06-24 13:00:00,191893.0325079476
2025-06-24 13:15:00,191530.3138439874
2025-06-24 13:30:00,191537.93398398656
2025-06-24 13:45:00,191537.93398398656
2025-06-24 14:00:00,191537.93398398656
2025-06-24 14:15:00,191537.93398398656
2025-06-24 14:30:00,191537.93398398656
2025-06-24 14:45:00,191537.93398398656
2025-06-24 15:00:00,191537.93398398656
2025-06-24 15:15:00,191537.93398398656
2025-06-25 09:15:00,191537.93398398656
2025-06-25 09:30:00,191537.93398398656
2025-06-25 09:45:00,191655.41952608558
2025-06-25 10:00:00,191428.43289620496
2025-06-25 10:15:00,191685.45628280347
2025-06-25 10:30:00,191637.54955689903
2025-06-25 10:45:00,191666.8258893962
2025-06-25 11:00:00,191591.54389154632
2025-06-25 11:15:00,191719.67537273522
2025-06-25 11:30:00,191702.9460398797
2025-06-25 11:45:00,191725.3785543905
2025-06-25 12:00:00,191583.93964933927
2025-06-25 12:15:00,191663.78419251335
2025-06-25 12:30:00,191668.34673783762
2025-06-25 12:45:00,191689.258403907
2025-06-25 13:00:00,191934.11500297423
2025-06-25 13:15:00,192073.27263536333
2025-06-25 13:30:00,192066.8090294873
2025-06-25 13:45:00,191901.0365493735
2025-06-25 14:00:00,191977.07897144405
2025-06-25 14:15:00,192069.85072637015
2025-06-25 14:30:00,191975.55812300264
2025-06-25 14:45:00,191899.13548882175
2025-06-25 15:00:00,191997.99063751346
2025-06-25 15:15:00,191903.3178220356
2025-06-26 09:15:00,192757.65443399837
2025-06-26 09:30:00,192745.48764646705
2025-06-26 09:45:00,193285.38884316804
2025-06-26 10:00:00,193042.81351676298
2025-06-26 10:15:00,192861.07212801435
2025-06-26 10:30:00,192439.03668552273
2025-06-26 10:45:00,192527.2458951246
2025-06-26 11:00:00,192674.3879818311
2025-06-26 11:15:00,192671.34628494826
2025-06-26 11:30:00,192530.66780411772
2025-06-26 11:45:00,192723.05513195627
2025-06-26 12:00:00,193120.37678727493
2025-06-26 12:15:00,193200.22133044904
2025-06-26 12:30:00,193164.4813920759
2025-06-26 12:45:00,192930.6509442089
2025-06-26 13:00:00,193090.34003055707
2025-06-26 13:15:00,193150.79375610317
2025-06-26 13:30:00,193467.51044402702
2025-06-26 13:45:00,193911.5981889191
2025-06-26 14:00:00,194029.46394312844
2025-06-26 14:15:00,193982.69785355503
2025-06-26 14:30:00,193950.76003628538
2025-06-26 14:45:00,194244.28378547778
2025-06-26 15:00:00,194228.31487684295
2025-06-26 15:15:00,194139.34524302042
2025-06-27 09:15:00,194201.70002911828
2025-06-27 09:30:00,194175.08518139357
2025-06-27 09:45:00,194253.02866401587
2025-06-27 10:00:00,194422.60326523325
2025-06-27 10:15:00,194339.33681306598
2025-06-27 10:30:00,194444.6555676337
2025-06-27 10:45:00,194704.720651115
2025-06-27 11:00:00,194715.3665902049
2025-06-27 11:15:00,194677.34537916962
2025-06-27 11:30:00,194733.99698361216
2025-06-27 11:45:00,194745.02313481242
2025-06-27 12:00:00,194761.75246766797
2025-06-27 12:15:00,194858.70655580793
2025-06-27 12:30:00,194961.74403771354
2025-06-27 12:45:00,194975.05146157587
2025-06-27 13:00:00,194795.21113337902
2025-06-27 13:15:00,194932.08749310605
2025-06-27 13:30:00,194862.88888902182
2025-06-27 13:45:00,194917.2592208023
2025-06-27 14:00:00,194929.04579622325
2025-06-27 14:15:00,194785.70583062025
2025-06-27 14:30:00,194923.34261456796
2025-06-27 14:45:00,194892.9256457397
2025-06-27 15:00:00,194919.54049346442
2025-06-27 15:15:00,194915.35816025053
2025-06-30 09:15:00,194916.49879658158
2025-06-30 09:30:00,194595.59977544384
2025-06-30 09:45:00,194349.60254004557
2025-06-30 10:00:00,194565.18280661563
2025-06-30 10:15:00,194326.40960131405
2025-06-30 10:30:00,194245.80463391927
2025-06-30 10:45:00,194247.32548236067
2025-06-30 11:00:00,194247.32548236067
2025-06-30 11:15:00,194247.32548236067
2025-06-30 11:30:00,194247.32548236067
2025-06-30 11:45:00,194247.32548236067
2025-06-30 12:00:00,194247.32548236067
2025-06-30 12:15:00,194247.32548236067
2025-06-30 12:30:00,194247.32548236067
2025-06-30 12:45:00,194247.32548236067
2025-06-30 13:00:00,194247.32548236067
2025-06-30 13:15:00,194247.32548236067
2025-06-30 13:30:00,194247.32548236067
2025-06-30 13:45:00,194247.32548236067
2025-06-30 14:00:00,194247.32548236067
2025-06-30 14:15:00,194247.32548236067
2025-06-30 14:30:00,194247.32548236067
2025-06-30 14:45:00,194247.32548236067
2025-06-30 15:00:00,194247.32548236067
2025-06-30 15:15:00,194247.32548236067
2025-07-01 09:15:00,194247.32548236067
2025-07-01 09:30:00,194292.13858385928
2025-07-01 09:45:00,194212.38645407362
2025-07-01 10:00:00,193921.4810663792
2025-07-01 10:15:00,194031.61495989276
2025-07-01 10:30:00,194009.58818119008
2025-07-01 10:45:00,193842.86825273334
2025-07-01 11:00:00,193866.79389166905
2025-07-01 11:15:00,193883.5038617194
2025-07-01 11:30:00,193849.70414957212
2025-07-01 11:45:00,193800.71355556094
2025-07-01 12:00:00,193869.07252394868
2025-07-01 12:15:00,194000.8534241183
2025-07-01 12:30:00,193972.75029267
2025-07-01 12:45:00,193943.88761712852
2025-07-01 13:00:00,193920.721522286
2025-07-01 13:15:00,193895.6565672105
2025-07-01 13:30:00,193902.87223609583
2025-07-01 13:45:00,193915.40471363362
2025-07-01 14:00:00,194077.56737753114
2025-07-01 14:15:00,193947.3055655479
2025-07-01 14:30:00,193881.22522943976
2025-07-01 14:45:00,193950.7235139673
2025-07-01 15:00:00,193966.67393992443
2025-07-01 15:15:00,193934.39331596356
2025-07-02 09:15:00,194207.0696454213
2025-07-02 09:30:00,193956.4200946663
2025-07-02 09:45:00,193942.74830098875
2025-07-02 10:00:00,193881.984773533
2025-07-02 10:15:00,193862.61639915648
2025-07-02 10:30:00,193621.08137751988
2025-07-02 10:45:00,193618.8027452403
2025-07-02 11:00:00,193618.8027452403
2025-07-02 11:15:00,193618.8027452403
2025-07-02 11:30:00,193618.8027452403
2025-07-02 11:45:00,193618.8027452403
2025-07-02 12:00:00,193618.8027452403
2025-07-02 12:15:00,193618.8027452403
2025-07-02 12:30:00,193618.8027452403
2025-07-02 12:45:00,193618.8027452403
2025-07-02 13:00:00,193618.8027452403
2025-07-02 13:15:00,193618.8027452403
2025-07-02 13:30:00,193618.8027452403
2025-07-02 13:45:00,193618.8027452403
2025-07-02 14:00:00,193618.8027452403
2025-07-02 14:15:00,193618.8027452403
2025-07-02 14:30:00,193618.8027452403
2025-07-02 14:45:00,193618.8027452403
2025-07-02 15:00:00,193618.8027452403
2025-07-02 15:15:00,193618.8027452403
2025-07-03 09:15:00,193618.8027452403
2025-07-03 09:30:00,193618.8027452403
2025-07-03 09:45:00,193618.8027452403
2025-07-03 10:00:00,193596.8229587003
2025-07-03 10:15:00,193672.6153260796
2025-07-03 10:30:00,193633.20329504236
2025-07-03 10:45:00,193506.630041519
2025-07-03 11:00:00,193681.33144832822
2025-07-03 11:15:00,193571.0535537914
2025-07-03 11:30:00,193368.30897105185
2025-07-03 11:45:00,193379.67782615876
2025-07-03 12:00:00,193300.47480224742
2025-07-03 12:15:00,193358.83492512946
2025-07-03 12:30:00,193409.99477311046
2025-07-03 12:45:00,193363.0035053353
2025-07-03 13:00:00,193327.76005450392
2025-07-03 13:15:00,193322.8335506243
2025-07-03 13:30:00,193322.8335506243
2025-07-03 13:45:00,193322.8335506243
2025-07-03 14:00:00,193322.8335506243
2025-07-03 14:15:00,193322.8335506243
2025-07-03 14:30:00,193322.8335506243
2025-07-03 14:45:00,193322.8335506243
2025-07-03 15:00:00,193322.8335506243
2025-07-03 15:15:00,193322.8335506243
2025-07-04 09:15:00,193322.8335506243
2025-07-04 09:30:00,193322.8335506243
2025-07-04 09:45:00,193322.8335506243
2025-07-04 10:00:00,193322.8335506243
2025-07-04 10:15:00,193322.8335506243
2025-07-04 10:30:00,193322.8335506243
2025-07-04 10:45:00,193322.8335506243
2025-07-04 11:00:00,193322.8335506243
2025-07-04 11:15:00,193322.8335506243
2025-07-04 11:30:00,193322.8335506243
2025-07-04 11:45:00,193322.8335506243
2025-07-04 12:00:00,193322.8335506243
2025-07-04 12:15:00,193322.8335506243
2025-07-04 12:30:00,193322.8335506243
2025-07-04 12:45:00,193322.8335506243
2025-07-04 13:00:00,193322.8335506243
2025-07-04 13:15:00,193322.8335506243
2025-07-04 13:30:00,193322.8335506243
2025-07-04 13:45:00,193322.8335506243
2025-07-04 14:00:00,193325.49913229077
2025-07-04 14:15:00,193363.19807300236
2025-07-04 14:30:00,193860.5194524904
2025-07-04 14:45:00,193853.66509963377
2025-07-04 15:00:00,193923.35102034302
2025-07-04 15:15:00,193961.4307584355
2025-07-07 09:15:00,193748.9458198794
2025-07-07 09:30:00,193840.3371913014
2025-07-07 09:45:00,193918.01985701008
2025-07-07 10:00:00,193720.0052189291
2025-07-07 10:15:00,193714.67405559617
2025-07-07 10:30:00,193821.29732225518
2025-07-07 10:45:00,193969.04670605407
2025-07-07 11:00:00,193884.50968748872
2025-07-07 11:15:00,193853.6650996338
2025-07-07 11:30:00,193844.14516511068
2025-07-07 11:45:00,193742.09146702275
2025-07-07 12:00:00,193675.45192536086
2025-07-07 12:15:00,193810.63499558924
2025-07-07 12:30:00,193827.39008034993
2025-07-07 12:45:00,193641.94175583942
2025-07-07 13:00:00,193816.727753684
2025-07-07 13:15:00,193809.49260344642
2025-07-07 13:30:00,193846.81074677708
2025-07-07 13:45:00,193819.77413273143
2025-07-07 14:00:00,193841.47958344413
2025-07-07 14:15:00,193849.8571258245
2025-07-07 14:30:00,193637.37218726834
2025-07-07 14:45:00,193759.22734916434
2025-07-07 15:00:00,193901.64556963032
2025-07-07 15:15:00,193863.5658315378
2025-07-08 09:15:00,194011.6960127176
2025-07-08 09:30:00,193989.99056200488
2025-07-08 09:45:00,193887.17526915512
2025-07-08 10:00:00,193812.1581851129
2025-07-08 10:15:00,193819.01253796954
2025-07-08 10:30:00,193799.21107416146
2025-07-08 10:45:00,193836.1484201112
2025-07-08 11:00:00,193723.4323953574
2025-07-08 11:15:00,193795.02230297134
2025-07-08 11:30:00,193724.1939901193
2025-07-08 11:45:00,193822.43971439791
2025-07-08 12:00:00,193825.1052960644
2025-07-08 12:15:00,193948.864444865
2025-07-08 12:30:00,193966.38112438755
2025-07-08 12:45:00,194005.98405200377
2025-07-08 13:00:00,194015.88478390782
2025-07-08 13:15:00,194004.46086248007
2025-07-08 13:30:00,193977.04345105347
2025-07-08 13:45:00,194017.40797343155
2025-07-08 14:00:00,193906.59593558233
2025-07-08 14:15:00,193881.8441058222
2025-07-08 14:30:00,193847.9531389199
2025-07-08 14:45:00,194071.86199890377
2025-07-08 15:00:00,194480.83838601722
2025-07-08 15:15:00,194382.59266173854
2025-07-09 09:15:00,194078.7163517604
2025-07-09 09:30:00,194083.6667177124
2025-07-09 09:45:00,194339.18176031308
2025-07-09 10:00:00,194417.24522340272
2025-07-09 10:15:00,194349.08249221713
2025-07-09 10:30:00,194407.72528887956
2025-07-09 10:45:00,194384.87744602407
2025-07-09 11:00:00,194466.74888292293
2025-07-09 11:15:00,194547.85872505995
2025-07-09 11:30:00,194445.80502697208
2025-07-09 11:45:00,194355.93684507377
2025-07-09 12:00:00,194495.68948387326
2025-07-09 12:15:00,194513.96775815764
2025-07-09 12:30:00,194460.27532744722
2025-07-09 12:45:00,194447.7090138767
2025-07-09 13:00:00,194400.1093412611
2025-07-09 13:15:00,194454.18256935242
2025-07-09 13:30:00,194408.86768102233
2025-07-09 13:45:00,194434.00030816338
2025-07-09 14:00:00,194437.4274845917
2025-07-09 14:15:00,194146.11748818407
2025-07-09 14:30:00,193973.99707200596
2025-07-09 14:45:00,193977.04345105335
2025-07-09 15:00:00,193977.04345105335
2025-07-09 15:15:00,193977.04345105335
2025-07-10 09:15:00,193977.04345105335
2025-07-10 09:30:00,193977.04345105335
2025-07-10 09:45:00,193977.04345105335
2025-07-10 10:00:00,193977.04345105335
2025-07-10 10:15:00,193977.04345105335
2025-07-10 10:30:00,193977.04345105335
2025-07-10 10:45:00,193977.04345105335
2025-07-10 11:00:00,193977.04345105335
2025-07-10 11:15:00,193977.04345105335
2025-07-10 11:30:00,193977.04345105335
2025-07-10 11:45:00,193977.04345105335
2025-07-10 12:00:00,193977.04345105335
2025-07-10 12:15:00,193977.04345105335
2025-07-10 12:30:00,193977.04345105335
2025-07-10 12:45:00,193977.04345105335
2025-07-10 13:00:00,193977.04345105335
2025-07-10 13:15:00,193977.04345105335
2025-07-10 13:30:00,193977.04345105335
2025-07-10 13:45:00,193977.04345105335
2025-07-10 14:00:00,193977.04345105335
2025-07-10 14:15:00,193977.04345105335
2025-07-10 14:30:00,193977.04345105335
2025-07-10 14:45:00,193977.04345105335
2025-07-10 15:00:00,193977.04345105335
2025-07-10 15:15:00,193977.04345105335
2025-07-11 09:15:00,193977.04345105335
2025-07-11 09:30:00,193977.04345105335
2025-07-11 09:45:00,193977.04345105335
2025-07-11 10:00:00,193977.04345105335
2025-07-11 10:15:00,193977.04345105335
2025-07-11 10:30:00,193977.04345105335
2025-07-11 10:45:00,193977.04345105335
2025-07-11 11:00:00,193977.04345105335
2025-07-11 11:15:00,193977.04345105335
2025-07-11 11:30:00,193977.04345105335
2025-07-11 11:45:00,193977.04345105335
2025-07-11 12:00:00,193977.04345105335
2025-07-11 12:15:00,193977.04345105335
2025-07-11 12:30:00,193977.04345105335
2025-07-11 12:45:00,193977.04345105335
2025-07-11 13:00:00,193977.04345105335
2025-07-11 13:15:00,193977.04345105335
2025-07-11 13:30:00,193977.04345105335
2025-07-11 13:45:00,193977.04345105335
2025-07-11 14:00:00,193977.04345105335
2025-07-11 14:15:00,193977.04345105335
2025-07-11 14:30:00,193977.04345105335
2025-07-11 14:45:00,193977.04345105335
2025-07-11 15:00:00,193977.04345105335
2025-07-11 15:15:00,193977.04345105335
2025-07-14 09:15:00,193977.04345105335
2025-07-14 09:30:00,193977.04345105335
2025-07-14 09:45:00,193977.04345105335
2025-07-14 10:00:00,193977.04345105335
2025-07-14 10:15:00,193977.04345105335
2025-07-14 10:30:00,193977.04345105335
2025-07-14 10:45:00,193977.04345105335
2025-07-14 11:00:00,193977.04345105335
2025-07-14 11:15:00,193977.04345105335
2025-07-14 11:30:00,193977.04345105335
2025-07-14 11:45:00,193977.04345105335
2025-07-14 12:00:00,193977.04345105335
2025-07-14 12:15:00,193977.04345105335
2025-07-14 12:30:00,193977.04345105335
2025-07-14 12:45:00,193977.04345105335
2025-07-14 13:00:00,193977.04345105335
2025-07-14 13:15:00,193977.04345105335
2025-07-14 13:30:00,193977.04345105335
2025-07-14 13:45:00,193977.04345105335
2025-07-14 14:00:00,193977.04345105335
2025-07-14 14:15:00,193977.04345105335
2025-07-14 14:30:00,193977.04345105335
2025-07-14 14:45:00,193977.04345105335
2025-07-14 15:00:00,193977.04345105335
2025-07-14 15:15:00,193977.04345105335
2025-07-15 09:15:00,193977.04345105335
2025-07-15 09:30:00,193619.91147362444
2025-07-15 09:45:00,193619.14013026064
2025-07-15 10:00:00,193825.0888083892
2025-07-15 10:15:00,193838.20164557346
2025-07-15 10:30:00,194072.69002816177
2025-07-15 10:45:00,194323.3766213894
2025-07-15 11:00:00,194543.5951517479
2025-07-15 11:15:00,194469.93186050712
2025-07-15 11:30:00,194557.86500397776
2025-07-15 11:45:00,194414.3951383152
2025-07-15 12:00:00,194424.42260204427
2025-07-15 12:15:00,194403.59633122227
2025-07-15 12:30:00,194499.62858001256
2025-07-15 12:45:00,194441.77782772927
2025-07-15 13:00:00,194410.92409317818
2025-07-15 13:15:00,194277.86736292657
2025-07-15 13:30:00,194246.2422850117
2025-07-15 13:45:00,194329.16169661772
2025-07-15 14:00:00,194261.66915228718
2025-07-15 14:15:00,194237.7575080101
2025-07-15 14:30:00,194210.7604902779
2025-07-15 14:45:00,194069.99032638854
2025-07-15 15:00:00,194080.01779011765
2025-07-15 15:15:00,194080.01779011765
2025-07-16 09:15:00,194080.01779011765
2025-07-16 09:30:00,194080.01779011765
2025-07-16 09:45:00,194080.01779011765
2025-07-16 10:00:00,194080.01779011765
2025-07-16 10:15:00,194080.01779011765
2025-07-16 10:30:00,194080.01779011765
2025-07-16 10:45:00,194080.01779011765
2025-07-16 11:00:00,194080.01779011765
2025-07-16 11:15:00,194080.01779011765
2025-07-16 11:30:00,194080.01779011765
2025-07-16 11:45:00,194080.01779011765
2025-07-16 12:00:00,194080.01779011765
2025-07-16 12:15:00,194080.01779011765
2025-07-16 12:30:00,194080.01779011765
2025-07-16 12:45:00,194108.12317717346
2025-07-16 13:00:00,194155.0938240339
2025-07-16 13:15:00,194093.49297569238
2025-07-16 13:30:00,194154.7088187318
2025-07-16 13:45:00,194177.42413155775
2025-07-16 14:00:00,194379.55191517837
2025-07-16 14:15:00,194234.78992157578
2025-07-16 14:30:00,194303.3208653557
2025-07-16 14:45:00,194254.4251919846
2025-07-16 15:00:00,194100.4230711308
2025-07-16 15:15:00,194031.5071220487
2025-07-17 09:15:00,194118.13331502897
2025-07-17 09:30:00,193974.5263373328
2025-07-17 09:45:00,193958.35611464313
2025-07-17 10:00:00,193735.43804470723
2025-07-17 10:15:00,193755.0733151161
2025-07-17 10:30:00,193755.0733151161
2025-07-17 10:45:00,193755.0733151161
2025-07-17 11:00:00,193755.0733151161
2025-07-17 11:15:00,193755.0733151161
2025-07-17 11:30:00,193755.0733151161
2025-07-17 11:45:00,193755.0733151161
2025-07-17 12:00:00,193755.0733151161
2025-07-17 12:15:00,193755.0733151161
2025-07-17 12:30:00,193755.0733151161
2025-07-17 12:45:00,193647.02037420508
2025-07-17 13:00:00,193550.11880442008
2025-07-17 13:15:00,193545.50444395415
2025-07-17 13:30:00,193563.57735577913
2025-07-17 13:45:00,193629.7165224578
2025-07-17 14:00:00,193464.7531358
2025-07-17 14:15:00,193287.86931793852
2025-07-17 14:30:00,193329.78309217092
2025-07-17 14:45:00,193154.43739446477
2025-07-17 15:00:00,193169.04953594028
2025-07-17 15:15:00,193169.04953594028
2025-07-18 09:15:00,193169.04953594028
2025-07-18 09:30:00,193169.04953594028
2025-07-18 09:45:00,193169.04953594028
2025-07-18 10:00:00,193169.04953594028
2025-07-18 10:15:00,193169.04953594028
2025-07-18 10:30:00,193169.04953594028
2025-07-18 10:45:00,193169.04953594028
2025-07-18 11:00:00,193169.04953594028
2025-07-18 11:15:00,193169.04953594028
2025-07-18 11:30:00,193169.04953594028
2025-07-18 11:45:00,193169.04953594028
2025-07-18 12:00:00,193169.04953594028
2025-07-18 12:15:00,193169.04953594028
2025-07-18 12:30:00,193169.04953594028
2025-07-18 12:45:00,193169.04953594028
2025-07-18 13:00:00,193169.04953594028
2025-07-18 13:15:00,193169.04953594028
2025-07-18 13:30:00,193169.04953594028
2025-07-18 13:45:00,193169.04953594028
2025-07-18 14:00:00,193169.04953594028
2025-07-18 14:15:00,193169.04953594028
2025-07-18 14:30:00,193002.828742604
2025-07-18 14:45:00,193072.02297983004
2025-07-18 15:00:00,193055.7874604809
2025-07-18 15:15:00,193028.3417015812
2025-07-21 09:15:00,192518.85564200627
2025-07-21 09:30:00,192806.069710492
2025-07-21 09:45:00,193552.5170405673
2025-07-21 10:00:00,193686.26679520533
2025-07-21 10:15:00,193623.64407771584
2025-07-21 10:30:00,193677.37591556177
2025-07-21 10:45:00,193745.4104728343
2025-07-21 11:00:00,193787.93207112962
2025-07-21 11:15:00,193693.99799489538
2025-07-21 11:30:00,193427.65816557282
2025-07-21 11:45:00,193610.50103824277
2025-07-21 12:00:00,193625.96343762288
2025-07-21 12:15:00,193504.19704250444
2025-07-21 12:30:00,193634.08119729743
2025-07-21 12:45:00,193587.30743917258
2025-07-21 13:00:00,193641.42583700301
2025-07-21 13:15:00,193623.25751773137
2025-07-21 13:30:00,193603.5429585217
2025-07-21 13:45:00,193375.47256766493
2025-07-21 14:00:00,193472.4991237752
2025-07-21 14:15:00,193533.18904134215
2025-07-21 14:30:00,193517.34008197754
2025-07-21 14:45:00,193670.03127585622
2025-07-21 15:00:00,193961.11094418695
2025-07-21 15:15:00,194001.31318257525
2025-07-22 09:15:00,194238.66101306007
2025-07-22 09:30:00,194124.2392576472
2025-07-22 09:45:00,194034.170781258
2025-07-22 10:00:00,194138.54197707382
2025-07-22 10:15:00,194068.57461987878
2025-07-22 10:30:00,193959.17814426444
2025-07-22 10:45:00,193943.71574488434
2025-07-22 11:00:00,193836.63862917703
2025-07-22 11:15:00,193747.34327275684
2025-07-22 11:30:00,193766.28471199752
2025-07-22 11:45:00,193939.85014503935
2025-07-22 12:00:00,193860.60534821625
2025-07-22 12:15:00,194050.01974062272
2025-07-22 12:30:00,194132.3570173219
2025-07-22 12:45:00,194173.33237567922
2025-07-22 13:00:00,193992.80886291634
2025-07-22 13:15:00,193906.99254635666
2025-07-22 13:30:00,193900.4210266201
2025-07-22 13:45:00,193966.52278397014
2025-07-22 14:00:00,193948.3544646985
2025-07-22 14:15:00,193817.31062995197
2025-07-22 14:30:00,193782.13367136221
2025-07-22 14:45:00,193794.89015085078
2025-07-22 15:00:00,193732.26743336132
2025-07-22 15:15:00,193732.26743336132
2025-07-23 09:15:00,193732.26743336132
2025-07-23 09:30:00,193732.26743336132
2025-07-23 09:45:00,193732.26743336132
2025-07-23 10:00:00,193732.26743336132
2025-07-23 10:15:00,193732.26743336132
2025-07-23 10:30:00,193732.26743336132
2025-07-23 10:45:00,193787.80629224272
2025-07-23 11:00:00,193829.46043640375
2025-07-23 11:15:00,193807.86199128322
2025-07-23 11:30:00,193809.40473736325
2025-07-23 11:45:00,193886.92772788517
2025-07-23 12:00:00,194014.5899660083
2025-07-23 12:15:00,194182.74928873245
2025-07-23 12:30:00,194173.49281225223
2025-07-23 12:45:00,194145.72338281153
2025-07-23 13:00:00,194071.28588444972
2025-07-23 13:15:00,194131.8386680912
2025-07-23 13:30:00,194154.20848625177
2025-07-23 13:45:00,194321.21074941586
2025-07-23 14:00:00,194451.18710665908
2025-07-23 14:15:00,194350.52292493664
2025-07-23 14:30:00,194466.22888093948
2025-07-23 14:45:00,194482.81340129985
2025-07-23 15:00:00,194612.40407202303
2025-07-23 15:15:00,194456.97240445923
2025-07-24 09:15:00,194298.45524473535
2025-07-24 09:30:00,194286.88464913506
2025-07-24 09:45:00,194198.94812257288
2025-07-24 10:00:00,194065.5005866496
2025-07-24 10:15:00,194066.27195968962
2025-07-24 10:30:00,194066.27195968962
2025-07-24 10:45:00,194066.27195968962
2025-07-24 11:00:00,194066.27195968962
2025-07-24 11:15:00,194066.27195968962
2025-07-24 11:30:00,194066.27195968962
2025-07-24 11:45:00,194066.27195968962
2025-07-24 12:00:00,194066.27195968962
2025-07-24 12:15:00,194066.27195968962
2025-07-24 12:30:00,194066.27195968962
2025-07-24 12:45:00,194066.27195968962
2025-07-24 13:00:00,194066.27195968962
2025-07-24 13:15:00,194066.27195968962
2025-07-24 13:30:00,194066.27195968962
2025-07-24 13:45:00,194066.27195968962
2025-07-24 14:00:00,194066.27195968962
2025-07-24 14:15:00,194066.27195968962
2025-07-24 14:30:00,194066.27195968962
2025-07-24 14:45:00,194066.27195968962
2025-07-24 15:00:00,194066.27195968962
2025-07-24 15:15:00,194066.27195968962
2025-07-25 09:15:00,194066.27195968962
2025-07-25 09:30:00,194066.27195968962
2025-07-25 09:45:00,194066.27195968962
2025-07-25 10:00:00,194066.27195968962
2025-07-25 10:15:00,194066.27195968962
2025-07-25 10:30:00,194066.27195968962
2025-07-25 10:45:00,194066.27195968962
2025-07-25 11:00:00,194066.27195968962
2025-07-25 11:15:00,194066.27195968962
2025-07-25 11:30:00,194066.27195968962
2025-07-25 11:45:00,194066.27195968962
2025-07-25 12:00:00,194066.27195968962
2025-07-25 12:15:00,194066.27195968962
2025-07-25 12:30:00,194066.27195968962
2025-07-25 12:45:00,194066.27195968962
2025-07-25 13:00:00,194066.27195968962
2025-07-25 13:15:00,194066.27195968962
2025-07-25 13:30:00,194066.27195968962
2025-07-25 13:45:00,194066.27195968962
2025-07-25 14:00:00,194066.27195968962
2025-07-25 14:15:00,194066.27195968962
2025-07-25 14:30:00,194066.27195968962
2025-07-25 14:45:00,194066.27195968962
2025-07-25 15:00:00,194066.27195968962
2025-07-25 15:15:00,194066.27195968962
