trade,entry_time,entry_price,exit_time,exit_price,gross_pnl,entry_cost,exit_cost,total_cost,net_pnl
1,2015-01-19 14:00:00,8566.05,2015-01-22 14:15:00,8735.05,169.0,4.283024999999999,4.367525,8.650549999999999,160.34945
2,2015-01-23 09:30:00,8852.8,2015-01-23 13:45:00,8809.7,-43.099999999998545,4.4264,4.404850000000001,8.83125,-51.93124999999854
3,2015-01-27 10:00:00,8857.3,2015-01-28 14:00:00,8900.7,43.400000000001455,4.428649999999999,4.45035,8.879,34.52100000000146
4,2015-01-29 15:15:00,8954.05,2015-01-30 11:00:00,8903.85,-50.19999999999891,4.477024999999999,4.451925,8.92895,-59.12894999999891
5,2015-02-02 15:15:00,8797.1,2015-02-03 13:00:00,8737.4,-59.70000000000073,4.39855,4.3687,8.76725,-68.46725000000073
6,2015-02-05 13:15:00,8778.2,2015-02-05 15:15:00,8708.0,-70.20000000000073,4.389100000000001,4.354,8.743100000000002,-78.94310000000073
7,2015-02-06 13:00:00,8714.65,2015-02-06 15:15:00,8654.75,-59.899999999999636,4.357325,4.327375,8.6847,-68.58469999999963
8,2015-02-10 10:45:00,8601.3,2015-02-10 13:15:00,8569.2,-32.099999999998545,4.30065,4.2846,8.58525,-40.68524999999855
9,2015-02-11 09:30:00,8608.3,2015-02-16 12:15:00,8823.1,214.8000000000011,4.30415,4.41155,8.7157,206.0843000000011
10,2015-02-18 10:30:00,8853.2,2015-02-19 11:00:00,8839.1,-14.100000000000364,4.4266000000000005,4.41955,8.846150000000002,-22.946150000000365
11,2015-02-19 15:15:00,8905.35,2015-02-23 09:15:00,8856.85,-48.5,4.452675,4.428425,8.8811,-57.3811
12,2015-02-25 09:30:00,8828.2,2015-02-25 14:15:00,8771.4,-56.80000000000109,4.4141,4.3857,8.799800000000001,-65.5998000000011
13,2015-02-27 11:30:00,8748.4,2015-02-28 13:30:00,8771.5,23.100000000000364,4.3742,4.38575,8.75995,14.340050000000364
14,2015-02-28 15:15:00,8908.8,2015-03-02 11:30:00,8914.05,5.25,4.4544,4.457025,8.911425,-3.6614249999999995
15,2015-03-02 15:15:00,8959.3,2015-03-04 12:00:00,9042.05,82.75,4.4796499999999995,4.521025,9.000675,73.749325
16,2015-03-05 15:00:00,8916.3,2015-03-09 09:45:00,8817.0,-99.29999999999927,4.45815,4.4085,8.86665,-108.16664999999927
17,2015-03-11 10:15:00,8739.85,2015-03-13 10:45:00,8739.75,-0.1000000000003638,4.369925,4.369875,8.7398,-8.839800000000364
18,2015-03-17 09:30:00,8675.8,2015-03-17 13:00:00,8664.4,-11.399999999999636,4.337899999999999,4.3322,8.6701,-20.070099999999634
19,2015-03-18 10:15:00,8710.95,2015-03-18 14:45:00,8673.35,-37.600000000000364,4.355475,4.3366750000000005,8.692150000000002,-46.29215000000036
20,2015-03-19 09:45:00,8775.6,2015-03-19 11:15:00,8741.05,-34.55000000000109,4.3878,4.370525,8.758325,-43.30832500000109
21,2015-03-24 11:00:00,8582.1,2015-03-25 09:45:00,8549.65,-32.45000000000073,4.29105,4.274825,8.565875,-41.015875000000726
22,2015-03-27 15:00:00,8354.3,2015-04-01 11:30:00,8484.2,129.90000000000146,4.17715,4.242100000000001,8.419250000000002,121.48075000000145
23,2015-04-01 13:30:00,8530.95,2015-04-10 13:15:00,8748.15,217.1999999999989,4.265475,4.3740749999999995,8.63955,208.56044999999892
24,2015-04-13 10:45:00,8780.3,2015-04-15 10:45:00,8804.95,24.650000000001455,4.390149999999999,4.402475000000001,8.792625000000001,15.857375000001454
25,2015-04-15 14:45:00,8830.3,2015-04-16 09:45:00,8732.6,-97.69999999999891,4.41515,4.3663,8.78145,-106.48144999999892
26,2015-04-21 13:00:00,8447.05,2015-04-21 15:00:00,8390.05,-57.0,4.2235249999999995,4.195024999999999,8.41855,-65.41855
27,2015-04-22 15:15:00,8440.6,2015-04-23 11:00:00,8413.3,-27.30000000000109,4.2203,4.20665,8.42695,-35.72695000000109
28,2015-04-28 15:00:00,8278.9,2015-04-30 09:30:00,8166.55,-112.34999999999945,4.13945,4.083275,8.222725,-120.57272499999945
29,2015-04-30 12:00:00,8190.05,2015-05-05 13:00:00,8320.05,129.9999999999991,4.095025000000001,4.160025,8.25505,121.7449499999991
30,2015-05-08 09:30:00,8150.65,2015-05-12 09:45:00,8212.5,61.850000000000364,4.075325,4.10625,8.181575,53.66842500000036
31,2015-05-13 10:00:00,8247.45,2015-05-13 11:15:00,8123.2,-124.25000000000091,4.123725,4.0616,8.185325,-132.43532500000092
32,2015-05-13 13:30:00,8217.1,2015-05-14 11:00:00,8175.85,-41.25,4.10855,4.087925,8.196475,-49.446475
33,2015-05-14 15:00:00,8211.2,2015-05-20 09:15:00,8392.65,181.4499999999989,4.105600000000001,4.196325,8.301925,173.1480749999989
34,2015-05-20 09:45:00,8425.15,2015-05-21 11:30:00,8392.1,-33.04999999999927,4.212575,4.1960500000000005,8.408625,-41.45862499999927
35,2015-05-21 13:45:00,8428.65,2015-05-25 09:30:00,8429.45,0.8000000000010914,4.214325,4.2147250000000005,8.42905,-7.629049999998909
36,2015-05-27 15:15:00,8329.45,2015-05-28 11:30:00,8313.1,-16.350000000000364,4.164725000000001,4.15655,8.321275,-24.671275000000364
37,2015-05-28 14:45:00,8303.05,2015-06-02 09:15:00,8442.8,139.75,4.1515249999999995,4.2214,8.372924999999999,131.377075
38,2015-06-04 11:15:00,8141.65,2015-06-04 13:00:00,8106.1,-35.54999999999927,4.070825,4.053050000000001,8.123875000000002,-43.67387499999927
39,2015-06-05 09:15:00,8119.15,2015-06-08 09:30:00,8081.5,-37.649999999999636,4.059575,4.04075,8.100325,-45.750324999999634
40,2015-06-09 14:00:00,8045.7,2015-06-11 10:45:00,8070.95,25.25,4.02285,4.035475,8.058325,17.191675
41,2015-06-15 09:15:00,7986.6,2015-06-15 15:15:00,8016.45,29.849999999999454,3.9933,4.008225,8.001525,21.848474999999453
42,2015-06-16 14:45:00,8013.95,2015-06-25 09:15:00,8336.25,322.3000000000002,4.006975,4.168125,8.1751,314.1249000000002
43,2015-06-25 13:15:00,8389.35,2015-06-26 11:15:00,8376.2,-13.149999999999636,4.194675,4.1881,8.382775,-21.53277499999964
44,2015-06-26 14:15:00,8389.6,2015-06-29 09:30:00,8233.3,-156.3000000000011,4.1948,4.11665,8.31145,-164.6114500000011
45,2015-06-29 13:15:00,8248.2,2015-07-03 09:15:00,8440.1,191.89999999999964,4.1241,4.2200500000000005,8.34415,183.55584999999962
46,2015-07-03 10:15:00,8496.0,2015-07-03 14:30:00,8467.3,-28.700000000000728,4.248,4.23365,8.48165,-37.18165000000073
47,2015-07-06 12:45:00,8451.6,2015-07-07 14:30:00,8502.25,50.649999999999636,4.2258000000000004,4.251125,8.476925000000001,42.173074999999635
48,2015-07-08 14:45:00,8413.75,2015-07-09 11:45:00,8352.55,-61.20000000000073,4.206875,4.1762749999999995,8.38315,-69.58315000000073
49,2015-07-13 09:30:00,8374.1,2015-07-14 11:45:00,8428.4,54.29999999999927,4.18705,4.2142,8.401250000000001,45.89874999999927
50,2015-07-14 14:15:00,8471.95,2015-07-20 10:15:00,8581.15,109.19999999999891,4.235975000000001,4.290575,8.52655,100.67344999999891
51,2015-07-20 14:30:00,8590.45,2015-07-21 13:15:00,8598.9,8.449999999998909,4.295225,4.29945,8.594675,-0.1446750000010919
52,2015-07-22 11:00:00,8575.45,2015-07-23 12:45:00,8610.1,34.649999999999636,4.287725000000001,4.3050500000000005,8.592775000000001,26.057224999999633
53,2015-07-29 13:15:00,8374.8,2015-07-30 14:45:00,8417.8,43.0,4.187399999999999,4.2089,8.3963,34.6037
54,2015-07-31 10:30:00,8475.35,2015-08-04 09:15:00,8564.1,88.75,4.237675,4.28205,8.519725000000001,80.230275
55,2015-08-04 14:45:00,8523.6,2015-08-07 14:00:00,8567.5,43.899999999999636,4.2618,4.28375,8.54555,35.35444999999964
56,2015-08-10 10:00:00,8608.65,2015-08-10 13:45:00,8590.65,-18.0,4.3043249999999995,4.295325,8.59965,-26.59965
57,2015-08-13 10:45:00,8396.9,2015-08-17 11:15:00,8441.85,44.95000000000073,4.19845,4.220925,8.419375,36.530625000000725
58,2015-08-17 12:45:00,8508.35,2015-08-18 09:15:00,8503.75,-4.600000000000364,4.254175,4.251875,8.50605,-13.106050000000364
59,2015-08-18 10:30:00,8520.35,2015-08-18 12:00:00,8478.45,-41.899999999999636,4.260175,4.239225,8.499400000000001,-50.39939999999964
60,2015-08-19 11:30:00,8517.5,2015-08-20 10:00:00,8471.85,-45.649999999999636,4.25875,4.235925,8.494675,-54.14467499999964
61,2015-08-21 15:00:00,8319.05,2015-08-24 09:30:00,8025.0,-294.0499999999993,4.1595249999999995,4.0125,8.172025,-302.2220249999993
62,2015-08-25 12:45:00,7825.85,2015-08-26 12:45:00,7845.45,19.599999999999454,3.9129250000000004,3.922725,7.83565,11.764349999999453
63,2015-08-27 10:00:00,7889.45,2015-08-28 13:45:00,8005.1,115.65000000000055,3.944725,4.00255,7.947275,107.70272500000054
64,2015-08-31 11:15:00,8012.85,2015-08-31 15:15:00,7968.6,-44.25,4.006425,3.9843,7.990725,-52.240725
65,2015-09-02 10:30:00,7833.9,2015-09-02 13:30:00,7774.7,-59.19999999999982,3.91695,3.88735,7.8043,-67.00429999999982
66,2015-09-03 10:00:00,7804.0,2015-09-04 09:30:00,7751.6,-52.399999999999636,3.902,3.8758000000000004,7.777800000000001,-60.177799999999635
67,2015-09-08 13:00:00,7635.25,2015-09-10 09:30:00,7706.95,71.69999999999982,3.817625,3.853475,7.6711,64.02889999999982
68,2015-09-10 12:15:00,7746.35,2015-09-11 12:45:00,7805.1,58.75,3.8731750000000003,3.90255,7.775725,50.974275
69,2015-09-14 11:00:00,7827.05,2015-09-15 11:30:00,7829.0,1.949999999999818,3.9135250000000004,3.9145,7.828025,-5.878025000000182
70,2015-09-16 09:30:00,7868.0,2015-09-18 14:30:00,8014.9,146.89999999999964,3.934,4.0074499999999995,7.94145,138.95854999999963
71,2015-09-21 11:00:00,7955.05,2015-09-22 13:00:00,7980.7,25.649999999999636,3.977525,3.99035,7.967874999999999,17.682124999999637
72,2015-09-23 12:30:00,7809.05,2015-09-24 10:00:00,7820.55,11.5,3.904525,3.9102750000000004,7.8148,3.6852
73,2015-09-24 12:30:00,7854.7,2015-09-28 15:00:00,7805.3,-49.399999999999636,3.92735,3.90265,7.83,-57.229999999999634
74,2015-09-29 12:15:00,7797.8,2015-09-30 09:15:00,7924.25,126.44999999999982,3.8989000000000003,3.962125,7.861025,118.58897499999982
75,2015-09-30 14:30:00,7916.75,2015-10-01 10:45:00,7960.0,43.25,3.958375,3.98,7.938375000000001,35.311625
76,2015-10-05 09:30:00,8048.5,2015-10-06 12:15:00,8117.3,68.80000000000018,4.02425,4.05865,8.0829,60.71710000000018
77,2015-10-07 09:30:00,8156.8,2015-10-07 12:30:00,8149.7,-7.100000000000364,4.0784,4.07485,8.15325,-15.253250000000364
78,2015-10-08 09:15:00,8196.75,2015-10-08 11:15:00,8144.9,-51.850000000000364,4.098375,4.07245,8.170825,-60.020825000000364
79,2015-10-09 09:30:00,8215.3,2015-10-09 12:00:00,8188.3,-26.99999999999909,4.10765,4.09415,8.201799999999999,-35.20179999999909
80,2015-10-09 15:00:00,8186.45,2015-10-12 13:30:00,8184.35,-2.0999999999994543,4.093225,4.092175,8.185400000000001,-10.285399999999456
81,2015-10-14 11:00:00,8133.1,2015-10-14 13:15:00,8106.0,-27.100000000000364,4.06655,4.053,8.11955,-35.21955000000037
82,2015-10-15 10:00:00,8176.45,2015-10-16 11:00:00,8167.75,-8.699999999999818,4.0882249999999996,4.083875,8.1721,-16.87209999999982
83,2015-10-16 14:30:00,8222.05,2015-10-20 14:30:00,8241.2,19.150000000001455,4.111025,4.1206000000000005,8.231625000000001,10.918375000001454
84,2015-10-21 10:15:00,8288.25,2015-10-21 12:15:00,8245.1,-43.149999999999636,4.144125,4.12255,8.266675,-51.416674999999636
85,2015-10-23 09:30:00,8308.8,2015-10-23 13:15:00,8296.1,-12.699999999998909,4.1544,4.1480500000000005,8.30245,-21.00244999999891
86,2015-10-27 13:00:00,8232.2,2015-10-28 10:45:00,8192.9,-39.30000000000109,4.1161,4.09645,8.21255,-47.51255000000109
87,2015-10-30 12:00:00,8136.5,2015-10-30 14:00:00,8095.75,-40.75,4.06825,4.047875,8.116125,-48.866125
88,2015-11-02 15:15:00,8050.75,2015-11-03 13:45:00,8044.15,-6.600000000000364,4.025375,4.022075,8.047450000000001,-14.647450000000365
89,2015-11-04 09:30:00,8104.25,2015-11-04 14:00:00,8067.3,-36.94999999999982,4.052125,4.03365,8.085775,-45.035774999999816
90,2015-11-09 11:15:00,7869.15,2015-11-10 10:15:00,7857.7,-11.449999999999818,3.9345749999999997,3.92885,7.863424999999999,-19.313424999999818
91,2015-11-13 13:15:00,7764.6,2015-11-16 10:00:00,7721.75,-42.850000000000364,3.8823000000000003,3.860875,7.743175000000001,-50.593175000000365
92,2015-11-16 11:30:00,7772.25,2015-11-17 12:45:00,7797.0,24.75,3.8861250000000003,3.8985000000000003,7.784625,16.965375
93,2015-11-17 14:15:00,7856.45,2015-11-18 11:15:00,7818.25,-38.19999999999982,3.928225,3.909125,7.83735,-46.03734999999982
94,2015-11-19 10:30:00,7796.55,2015-11-20 15:15:00,7853.6,57.05000000000018,3.8982750000000004,3.9268,7.825075,49.224925000000184
95,2015-11-24 10:15:00,7861.75,2015-11-27 12:15:00,7898.95,37.19999999999982,3.930875,3.949475,7.88035,29.319649999999818
96,2015-11-27 14:15:00,7930.85,2015-12-01 14:00:00,7942.25,11.399999999999636,3.965425,3.9711250000000002,7.93655,3.4634499999996358
97,2015-12-03 14:15:00,7906.1,2015-12-03 15:15:00,7860.8,-45.30000000000018,3.95305,3.9304,7.88345,-53.18345000000018
98,2015-12-04 13:45:00,7814.5,2015-12-04 15:00:00,7790.05,-24.449999999999818,3.90725,3.895025,7.802275,-32.25227499999982
99,2015-12-10 12:45:00,7641.8,2015-12-11 11:45:00,7643.65,1.8499999999994543,3.8209,3.821825,7.642725,-5.792725000000546
100,2015-12-14 12:00:00,7634.65,2015-12-14 14:45:00,7602.45,-32.19999999999982,3.817325,3.801225,7.61855,-39.81854999999982
101,2015-12-15 12:00:00,7648.6,2015-12-17 12:45:00,7748.35,99.75,3.8243000000000005,3.874175,7.698475,92.051525
102,2015-12-17 14:00:00,7788.9,2015-12-18 10:45:00,7805.05,16.150000000000546,3.89445,3.9025250000000002,7.796975,8.353025000000546
103,2015-12-21 10:30:00,7800.6,2015-12-22 14:30:00,7784.05,-16.550000000000182,3.9003,3.8920250000000003,7.792325,-24.34232500000018
104,2015-12-23 10:15:00,7854.2,2015-12-23 12:45:00,7851.0,-3.199999999999818,3.9271,3.9255,7.8526,-11.052599999999817
105,2015-12-23 14:15:00,7867.95,2015-12-24 14:15:00,7845.0,-22.949999999999818,3.9339749999999998,3.9225,7.856475,-30.806474999999818
106,2015-12-28 09:45:00,7896.6,2015-12-29 12:15:00,7913.05,16.449999999999818,3.9483,3.956525,7.904825000000001,8.545174999999817
107,2015-12-29 14:00:00,7933.8,2015-12-30 14:30:00,7914.3,-19.5,3.9669000000000003,3.9571500000000004,7.924050000000001,-27.42405
108,2015-12-31 14:00:00,7914.95,2016-01-01 13:15:00,7929.4,14.449999999999818,3.957475,3.9647,7.922175,6.527824999999818
109,2016-01-01 14:15:00,7966.65,2016-01-04 09:30:00,7916.8,-49.849999999999454,3.983325,3.9584,7.941725,-57.79172499999945
110,2016-01-05 12:45:00,7800.05,2016-01-06 09:30:00,7768.4,-31.650000000000546,3.9000250000000003,3.8842,7.784225,-39.434225000000545
111,2016-01-06 11:00:00,7790.75,2016-01-06 14:15:00,7723.35,-67.39999999999964,3.895375,3.8616750000000004,7.7570500000000004,-75.15704999999964
112,2016-01-08 11:30:00,7592.55,2016-01-11 09:30:00,7509.45,-83.10000000000036,3.796275,3.754725,7.551,-90.65100000000037
113,2016-01-11 11:15:00,7543.05,2016-01-12 10:30:00,7541.05,-2.0,3.771525,3.770525,7.54205,-9.54205
114,2016-01-13 09:30:00,7558.9,2016-01-13 11:45:00,7472.65,-86.25,3.7794499999999998,3.736325,7.515775,-93.765775
115,2016-01-13 14:30:00,7561.9,2016-01-14 09:30:00,7478.75,-83.14999999999964,3.78095,3.739375,7.520325,-90.67032499999964
116,2016-01-14 12:15:00,7537.25,2016-01-15 09:45:00,7530.7,-6.550000000000182,3.768625,3.76535,7.533975,-14.083975000000182
117,2016-01-19 11:45:00,7417.9,2016-01-20 09:30:00,7324.45,-93.44999999999982,3.7089499999999997,3.662225,7.371174999999999,-100.82117499999981
118,2016-01-21 09:30:00,7386.4,2016-01-21 11:30:00,7294.05,-92.34999999999945,3.6932,3.647025,7.340225,-99.69022499999946
119,2016-01-22 09:30:00,7340.5,2016-01-25 12:45:00,7459.75,119.25,3.6702500000000002,3.7298750000000003,7.400125000000001,111.849875
120,2016-01-27 12:30:00,7469.9,2016-01-27 14:00:00,7434.6,-35.29999999999927,3.73495,3.7173000000000003,7.45225,-42.75224999999927
121,2016-01-28 13:45:00,7453.5,2016-02-01 13:45:00,7558.25,104.75,3.72675,3.779125,7.505875,97.244125
122,2016-02-03 13:30:00,7414.75,2016-02-04 14:45:00,7381.9,-32.850000000000364,3.707375,3.69095,7.398325,-40.248325000000364
123,2016-02-05 10:30:00,7455.4,2016-02-08 15:00:00,7419.65,-35.75,3.7277,3.709825,7.437525,-43.187525
124,2016-02-09 13:45:00,7309.4,2016-02-10 09:30:00,7252.9,-56.5,3.6547,3.6264499999999997,7.28115,-63.78115
125,2016-02-12 13:45:00,6998.05,2016-02-16 12:45:00,7111.65,113.59999999999945,3.499025,3.555825,7.05485,106.54514999999945
126,2016-02-17 11:30:00,7049.0,2016-02-18 12:00:00,7165.35,116.35000000000036,3.5245,3.582675,7.107175,109.24282500000037
127,2016-02-19 11:45:00,7195.55,2016-02-23 09:45:00,7179.45,-16.100000000000364,3.597775,3.589725,7.1875,-23.287500000000364
128,2016-02-26 13:00:00,7024.15,2016-02-29 12:30:00,6910.9,-113.25,3.512075,3.45545,6.967525,-120.217525
129,2016-02-29 13:30:00,7063.4,2016-03-08 12:15:00,7494.8,431.40000000000055,3.5317,3.7474000000000003,7.2791,424.1209000000006
130,2016-03-09 12:30:00,7470.4,2016-03-10 10:45:00,7472.15,1.75,3.7352,3.736075,7.471275,-5.721275
131,2016-03-10 14:00:00,7486.5,2016-03-11 11:45:00,7482.8,-3.699999999999818,3.74325,3.7414,7.48465,-11.184649999999818
132,2016-03-11 13:45:00,7521.5,2016-03-14 12:00:00,7542.1,20.600000000000364,3.7607500000000003,3.7710500000000002,7.5318000000000005,13.068200000000363
133,2016-03-16 14:15:00,7441.6,2016-03-17 14:45:00,7534.9,93.29999999999927,3.7208,3.7674499999999997,7.48825,85.81174999999928
134,2016-03-18 14:45:00,7564.75,2016-03-22 13:00:00,7675.2,110.44999999999982,3.782375,3.8376,7.619975,102.83002499999982
135,2016-03-22 15:15:00,7717.95,2016-03-23 11:30:00,7671.45,-46.5,3.858975,3.835725,7.6947,-54.1947
136,2016-03-23 15:00:00,7705.25,2016-03-28 11:00:00,7688.7,-16.550000000000182,3.852625,3.84435,7.696975,-24.246975000000184
137,2016-03-29 14:30:00,7643.45,2016-03-31 13:15:00,7749.0,105.55000000000018,3.821725,3.8745000000000003,7.696225,97.85377500000018
138,2016-04-04 09:30:00,7746.8,2016-04-04 12:45:00,7706.55,-40.25,3.8734,3.853275,7.726675,-47.976675
139,2016-04-04 15:00:00,7745.6,2016-04-05 10:30:00,7717.55,-28.050000000000182,3.8728000000000002,3.858775,7.731575,-35.78157500000018
140,2016-04-07 13:45:00,7583.6,2016-04-08 09:30:00,7532.75,-50.850000000000364,3.7918000000000003,3.766375,7.558175,-58.40817500000036
141,2016-04-11 14:45:00,7639.35,2016-04-20 11:00:00,7899.45,260.09999999999945,3.819675,3.949725,7.7694,252.33059999999946
142,2016-04-21 09:30:00,7963.05,2016-04-21 12:15:00,7939.65,-23.400000000000546,3.981525,3.9698249999999997,7.95135,-31.351350000000544
143,2016-04-22 12:00:00,7910.35,2016-04-25 09:45:00,7883.1,-27.25,3.955175,3.9415500000000003,7.896725,-35.146725
144,2016-04-26 11:00:00,7851.25,2016-04-28 11:15:00,7931.55,80.30000000000018,3.925625,3.9657750000000003,7.891400000000001,72.40860000000018
145,2016-04-29 15:15:00,7855.25,2016-05-02 11:15:00,7795.05,-60.19999999999982,3.927625,3.8975250000000004,7.825150000000001,-68.02514999999983
146,2016-05-03 09:30:00,7866.6,2016-05-03 11:15:00,7846.35,-20.25,3.9333000000000005,3.923175,7.8564750000000005,-28.106475
147,2016-05-05 12:00:00,7743.85,2016-05-05 13:30:00,7714.3,-29.550000000000182,3.871925,3.8571500000000003,7.729075,-37.279075000000184
148,2016-05-06 13:15:00,7724.9,2016-05-10 10:45:00,7843.35,118.45000000000073,3.86245,3.9216750000000005,7.784125,110.66587500000072
149,2016-05-10 13:00:00,7871.95,2016-05-11 09:30:00,7845.55,-26.399999999999636,3.935975,3.922775,7.858750000000001,-34.25874999999964
150,2016-05-11 12:00:00,7890.15,2016-05-11 13:15:00,7831.4,-58.75,3.945075,3.9156999999999997,7.860775,-66.610775
151,2016-05-12 09:30:00,7893.7,2016-05-12 13:00:00,7861.95,-31.75,3.94685,3.930975,7.877825,-39.627825
152,2016-05-12 15:15:00,7900.3,2016-05-13 09:45:00,7837.45,-62.850000000000364,3.9501500000000003,3.918725,7.868875,-70.71887500000037
153,2016-05-13 15:15:00,7820.9,2016-05-16 11:00:00,7784.7,-36.19999999999982,3.91045,3.89235,7.8027999999999995,-44.002799999999816
154,2016-05-16 14:15:00,7823.75,2016-05-18 09:15:00,7846.75,23.0,3.911875,3.923375,7.83525,15.16475
155,2016-05-18 13:00:00,7865.45,2016-05-19 10:30:00,7831.5,-33.94999999999982,3.932725,3.91575,7.8484750000000005,-41.79847499999982
156,2016-05-20 12:45:00,7803.85,2016-05-20 14:45:00,7758.05,-45.80000000000018,3.9019250000000003,3.8790250000000004,7.780950000000001,-53.580950000000186
157,2016-05-23 14:30:00,7796.0,2016-05-23 15:15:00,7731.6,-64.39999999999964,3.898,3.8658,7.7638,-72.16379999999964
158,2016-05-24 15:00:00,7747.1,2016-05-31 11:00:00,8157.75,410.64999999999964,3.8735500000000003,4.078875,7.952425,402.69757499999963
159,2016-06-01 09:45:00,8190.6,2016-06-01 12:45:00,8180.6,-10.0,4.0953,4.0903,8.1856,-18.1856
160,2016-06-02 14:45:00,8212.7,2016-06-03 15:00:00,8222.25,9.549999999999272,4.106350000000001,4.111125,8.217475,1.332524999999272
161,2016-06-07 11:45:00,8246.7,2016-06-08 10:45:00,8264.8,18.099999999998545,4.12335,4.1324,8.255749999999999,9.844249999998546
162,2016-06-10 11:00:00,8218.8,2016-06-10 13:15:00,8186.8,-31.99999999999909,4.1094,4.0934,8.2028,-40.20279999999909
163,2016-06-13 13:45:00,8120.25,2016-06-14 14:00:00,8082.3,-37.94999999999982,4.060125,4.04115,8.101275000000001,-46.05127499999982
164,2016-06-15 09:30:00,8125.15,2016-06-16 09:45:00,8142.9,17.75,4.062575,4.07145,8.134025,9.615975
165,2016-06-16 13:15:00,8109.8,2016-06-21 11:00:00,8217.5,107.69999999999982,4.0549,4.10875,8.16365,99.53634999999981
166,2016-06-23 10:30:00,8198.2,2016-06-24 09:30:00,8044.55,-153.65000000000055,4.099100000000001,4.0222750000000005,8.121375,-161.77137500000055
167,2016-06-24 13:30:00,8024.75,2016-06-30 12:45:00,8245.7,220.95000000000073,4.0123750000000005,4.122850000000001,8.135225000000002,212.81477500000074
168,2016-06-30 13:45:00,8292.8,2016-07-04 13:45:00,8369.45,76.65000000000146,4.1464,4.184725,8.331125,68.31887500000146
169,2016-07-07 14:15:00,8357.85,2016-07-08 09:45:00,8298.2,-59.649999999999636,4.1789250000000004,4.149100000000001,8.328025,-67.97802499999963
170,2016-07-08 13:30:00,8322.75,2016-07-13 12:30:00,8501.65,178.89999999999964,4.1613750000000005,4.250825,8.4122,170.48779999999962
171,2016-07-14 12:30:00,8541.55,2016-07-15 11:00:00,8524.2,-17.349999999998545,4.2707749999999995,4.2621,8.532875,-25.882874999998545
172,2016-07-15 15:15:00,8543.3,2016-07-18 13:45:00,8548.5,5.200000000000728,4.27165,4.27425,8.5459,-3.345899999999272
173,2016-07-20 09:30:00,8550.0,2016-07-21 13:00:00,8543.45,-6.549999999999272,4.275,4.271725000000001,8.546725000000002,-15.096724999999275
174,2016-07-22 12:15:00,8535.1,2016-07-26 15:15:00,8585.05,49.94999999999891,4.26755,4.2925249999999995,8.560075,41.38992499999891
175,2016-07-28 09:30:00,8642.7,2016-08-01 12:15:00,8655.8,13.099999999998545,4.321350000000001,4.3279,8.64925,4.4507499999985445
176,2016-08-02 11:15:00,8674.3,2016-08-02 12:45:00,8640.0,-34.29999999999927,4.337149999999999,4.32,8.65715,-42.957149999999274
177,2016-08-05 09:30:00,8621.8,2016-08-09 10:15:00,8693.05,71.25,4.310899999999999,4.346525,8.657425,62.592575
178,2016-08-09 14:30:00,8679.95,2016-08-10 11:30:00,8599.5,-80.45000000000073,4.339975000000001,4.29975,8.639725000000002,-89.08972500000073
179,2016-08-11 15:15:00,8590.3,2016-08-16 11:45:00,8627.25,36.95000000000073,4.29515,4.313625,8.608775,28.341225000000726
180,2016-08-17 09:30:00,8652.05,2016-08-17 13:30:00,8619.05,-33.0,4.326025,4.309525,8.635549999999999,-41.635549999999995
181,2016-08-18 09:30:00,8658.2,2016-08-19 09:15:00,8694.3,36.099999999998545,4.3291,4.34715,8.67625,27.423749999998545
182,2016-08-22 14:15:00,8645.05,2016-08-23 09:30:00,8611.05,-34.0,4.322525,4.305524999999999,8.628049999999998,-42.62805
183,2016-08-24 09:15:00,8648.5,2016-08-25 12:45:00,8665.55,17.049999999999272,4.32425,4.332775,8.657025,8.392974999999272
184,2016-08-29 11:45:00,8573.7,2016-09-01 12:00:00,8772.85,199.14999999999964,4.28685,4.386425,8.673275,190.47672499999965
185,2016-09-01 13:45:00,8808.35,2016-09-02 10:00:00,8773.65,-34.70000000000073,4.404175,4.386825,8.791,-43.491000000000724
186,2016-09-02 14:30:00,8806.65,2016-09-08 09:30:00,8906.25,99.60000000000036,4.403325,4.453125,8.856449999999999,90.74355000000037
187,2016-09-08 11:45:00,8929.15,2016-09-09 10:15:00,8878.6,-50.54999999999927,4.464575,4.4393,8.903875,-59.45387499999927
188,2016-09-09 14:15:00,8905.35,2016-09-12 09:30:00,8729.55,-175.8000000000011,4.452675,4.364775,8.817450000000001,-184.6174500000011
189,2016-09-14 14:00:00,8723.55,2016-09-16 13:45:00,8803.4,79.85000000000036,4.361775,4.4017,8.763475,71.08652500000036
190,2016-09-19 10:00:00,8799.05,2016-09-20 09:45:00,8775.7,-23.349999999998545,4.399525,4.38785,8.787375,-32.13737499999854
191,2016-09-21 10:00:00,8803.75,2016-09-21 13:45:00,8785.7,-18.049999999999272,4.401875,4.39285,8.794725,-26.844724999999272
192,2016-09-22 09:30:00,8870.15,2016-09-22 13:00:00,8843.05,-27.100000000000364,4.435075,4.421525,8.8566,-35.956600000000364
193,2016-09-22 14:45:00,8865.85,2016-09-23 15:00:00,8851.15,-14.700000000000728,4.432925,4.425575,8.8585,-23.558500000000727
194,2016-09-28 12:45:00,8743.45,2016-09-29 11:30:00,8763.85,20.399999999999636,4.3717250000000005,4.381925,8.75365,11.646349999999636
195,2016-09-30 14:30:00,8622.3,2016-10-05 12:00:00,8749.5,127.20000000000073,4.31115,4.37475,8.6859,118.51410000000072
196,2016-10-06 10:00:00,8770.1,2016-10-06 13:45:00,8738.2,-31.899999999999636,4.385050000000001,4.3691,8.754150000000001,-40.65414999999964
197,2016-10-10 09:30:00,8733.25,2016-10-10 15:15:00,8706.35,-26.899999999999636,4.366625,4.353175,8.7198,-35.619799999999636
198,2016-10-14 12:45:00,8589.15,2016-10-17 12:15:00,8534.65,-54.5,4.294575,4.267325,8.5619,-63.0619
199,2016-10-18 10:15:00,8588.7,2016-10-20 13:00:00,8685.85,97.14999999999964,4.2943500000000006,4.342925,8.637275,88.51272499999963
200,2016-10-24 09:30:00,8705.95,2016-10-25 09:30:00,8698.55,-7.400000000001455,4.352975000000001,4.349275,8.70225,-16.102250000001455
201,2016-10-25 12:45:00,8691.8,2016-10-26 09:30:00,8635.15,-56.649999999999636,4.345899999999999,4.317575,8.663474999999998,-65.31347499999964
202,2016-10-27 13:15:00,8589.55,2016-11-01 10:45:00,8629.05,39.5,4.294775,4.314525,8.6093,30.890700000000002
203,2016-11-01 12:00:00,8646.7,2016-11-01 15:15:00,8621.0,-25.700000000000728,4.3233500000000005,4.3105,8.63385,-34.33385000000073
204,2016-11-07 09:30:00,8507.9,2016-11-08 09:15:00,8540.0,32.100000000000364,4.25395,4.2700000000000005,8.52395,23.576050000000365
205,2016-11-08 15:15:00,8552.1,2016-11-09 09:30:00,8198.95,-353.14999999999964,4.276050000000001,4.099475000000001,8.375525000000001,-361.5255249999996
206,2016-11-09 13:00:00,8301.05,2016-11-10 15:15:00,8525.8,224.75,4.150525,4.2629,8.413425,216.336575
207,2016-11-16 12:30:00,8174.45,2016-11-16 15:15:00,8105.75,-68.69999999999982,4.087225,4.052875,8.1401,-76.84009999999982
208,2016-11-18 11:30:00,8098.6,2016-11-18 14:30:00,8072.35,-26.25,4.049300000000001,4.036175,8.085475,-34.335475
209,2016-11-22 10:45:00,7978.9,2016-11-24 10:30:00,7988.7,9.800000000000182,3.9894499999999997,3.99435,7.9838,1.8162000000001823
210,2016-11-24 14:45:00,8020.1,2016-11-29 14:45:00,8154.0,133.89999999999964,4.010050000000001,4.077,8.087050000000001,125.81294999999963
211,2016-11-30 14:00:00,8192.9,2016-12-02 09:30:00,8141.1,-51.79999999999927,4.09645,4.07055,8.167,-59.966999999999274
212,2016-12-05 14:00:00,8121.1,2016-12-07 09:15:00,8168.4,47.29999999999927,4.06055,4.0842,8.14475,39.15524999999927
213,2016-12-07 13:00:00,8173.2,2016-12-12 09:30:00,8217.1,43.900000000000546,4.0866,4.10855,8.19515,35.70485000000055
214,2016-12-13 12:15:00,8186.25,2016-12-14 13:15:00,8178.5,-7.75,4.093125,4.08925,8.182375,-15.932375
215,2016-12-21 10:45:00,8102.5,2016-12-22 09:15:00,8043.85,-58.649999999999636,4.0512500000000005,4.021925,8.073175,-66.72317499999964
216,2016-12-23 11:30:00,7972.25,2016-12-26 09:30:00,7928.2,-44.05000000000018,3.986125,3.9641,7.950225,-52.000225000000185
217,2016-12-27 10:30:00,7941.2,2016-12-28 15:15:00,8029.55,88.35000000000036,3.9706,4.014775,7.985375,80.36462500000036
218,2016-12-29 14:15:00,8066.15,2017-01-02 10:45:00,8148.1,81.95000000000073,4.033075,4.074050000000001,8.107125,73.84287500000073
219,2017-01-02 13:15:00,8165.35,2017-01-04 12:15:00,8185.25,19.899999999999636,4.082675,4.092625,8.1753,11.724699999999636
220,2017-01-05 09:30:00,8233.05,2017-01-06 12:45:00,8263.4,30.350000000000364,4.116524999999999,4.1316999999999995,8.248224999999998,22.101775000000366
221,2017-01-10 10:30:00,8276.85,2017-01-13 12:45:00,8391.3,114.44999999999891,4.138425000000001,4.19565,8.334075,106.11592499999891
222,2017-01-16 13:00:00,8409.3,2017-01-17 12:00:00,8395.2,-14.099999999998545,4.20465,4.1976,8.40225,-22.502249999998547
223,2017-01-18 09:30:00,8435.4,2017-01-18 12:15:00,8427.5,-7.899999999999636,4.2177,4.21375,8.43145,-16.331449999999634
224,2017-01-19 11:15:00,8424.15,2017-01-20 10:30:00,8402.1,-22.049999999999272,4.212075,4.20105,8.413125,-30.463124999999273
225,2017-01-23 11:00:00,8392.75,2017-01-23 12:30:00,8372.75,-20.0,4.196375,4.186375,8.38275,-28.38275
226,2017-01-23 15:00:00,8382.35,2017-01-27 13:00:00,8640.0,257.64999999999964,4.191175,4.32,8.511175000000001,249.13882499999963
227,2017-01-30 13:45:00,8657.35,2017-01-31 09:45:00,8588.95,-68.39999999999964,4.3286750000000005,4.294475,8.62315,-77.02314999999963
228,2017-02-01 14:00:00,8675.6,2017-02-03 11:45:00,8712.1,36.5,4.3378000000000005,4.356050000000001,8.693850000000001,27.80615
229,2017-02-03 15:15:00,8743.1,2017-02-07 11:00:00,8780.8,37.69999999999891,4.37155,4.3904,8.761949999999999,28.93804999999891
230,2017-02-09 09:30:00,8814.7,2017-02-09 10:45:00,8736.85,-77.85000000000036,4.40735,4.368425,8.775775,-86.62577500000036
231,2017-02-09 13:15:00,8762.75,2017-02-13 12:00:00,8776.55,13.799999999999272,4.381375,4.388275,8.76965,5.030349999999272
232,2017-02-13 14:15:00,8797.15,2017-02-15 10:30:00,8779.6,-17.549999999999272,4.398575,4.3898,8.788375,-26.338374999999274
233,2017-02-16 11:30:00,8750.55,2017-02-17 15:00:00,8825.95,75.40000000000146,4.375274999999999,4.412975,8.78825,66.61175000000145
234,2017-02-20 11:45:00,8842.25,2017-02-21 12:15:00,8871.0,28.75,4.421125,4.4355,8.856625000000001,19.893375
235,2017-02-21 14:30:00,8884.55,2017-02-22 14:15:00,8915.0,30.450000000000728,4.4422749999999995,4.4575000000000005,8.899775,21.55022500000073
236,2017-02-23 10:45:00,8954.0,2017-02-27 10:30:00,8929.5,-24.5,4.477,4.46475,8.94175,-33.44175
237,2017-03-01 09:45:00,8938.35,2017-03-02 12:45:00,8959.75,21.399999999999636,4.469175,4.479875,8.94905,12.450949999999636
238,2017-03-03 14:30:00,8888.6,2017-03-06 13:15:00,8937.5,48.899999999999636,4.4443,4.46875,8.91305,39.98694999999964
239,2017-03-08 09:30:00,8953.65,2017-03-08 11:15:00,8908.35,-45.29999999999927,4.476825,4.454175,8.931000000000001,-54.23099999999927
240,2017-03-08 15:15:00,8925.5,2017-03-10 14:00:00,8929.85,4.350000000000364,4.46275,4.464925,8.927675,-4.577674999999637
241,2017-03-14 09:30:00,9067.85,2017-03-15 12:00:00,9082.4,14.549999999999272,4.533925,4.5412,9.075125,5.4748749999992725
242,2017-03-16 09:30:00,9149.2,2017-03-17 12:00:00,9155.6,6.399999999999636,4.5746,4.5778,9.1524,-2.752400000000364
243,2017-03-21 14:45:00,9109.3,2017-03-22 10:00:00,9057.1,-52.19999999999891,4.55465,4.52855,9.0832,-61.28319999999891
244,2017-03-22 12:30:00,9054.75,2017-03-22 15:00:00,9021.85,-32.899999999999636,4.527375,4.510925,9.0383,-41.938299999999636
245,2017-03-23 10:30:00,9058.0,2017-03-27 09:15:00,9093.45,35.45000000000073,4.529,4.546725,9.075725,26.37427500000073
246,2017-03-28 09:30:00,9093.05,2017-03-28 15:00:00,9081.85,-11.199999999998909,4.546525,4.5409250000000005,9.08745,-20.28744999999891
247,2017-03-29 10:00:00,9121.4,2017-03-30 14:00:00,9148.6,27.200000000000728,4.5607,4.5743,9.135,18.06500000000073
248,2017-03-31 14:15:00,9187.55,2017-04-06 10:30:00,9234.5,46.95000000000073,4.593775,4.61725,9.211025,37.73897500000073
249,2017-04-06 15:15:00,9264.4,2017-04-07 15:00:00,9200.15,-64.25,4.6322,4.6000749999999995,9.232275,-73.482275
250,2017-04-11 10:15:00,9209.4,2017-04-12 14:15:00,9207.85,-1.5499999999992724,4.6047,4.603925,9.208625000000001,-10.758624999999274
251,2017-04-18 09:30:00,9186.95,2017-04-18 12:45:00,9196.4,9.449999999998909,4.593475000000001,4.5982,9.191675,0.25832499999890857
252,2017-04-20 10:45:00,9129.2,2017-04-20 13:45:00,9118.55,-10.650000000001455,4.5646,4.5592749999999995,9.123875,-19.773875000001453
253,2017-04-21 09:30:00,9162.85,2017-04-21 13:00:00,9115.7,-47.149999999999636,4.581425,4.55785,9.139275000000001,-56.289274999999634
254,2017-04-24 09:30:00,9151.4,2017-04-26 14:45:00,9314.2,162.8000000000011,4.5757,4.657100000000001,9.232800000000001,153.5672000000011
255,2017-04-27 13:45:00,9360.4,2017-04-28 09:30:00,9307.55,-52.850000000000364,4.6802,4.6537749999999996,9.333974999999999,-62.18397500000036
256,2017-04-28 13:30:00,9303.95,2017-05-02 11:00:00,9294.35,-9.600000000000364,4.651975,4.647175000000001,9.299150000000001,-18.899150000000365
257,2017-05-02 13:30:00,9319.65,2017-05-03 12:45:00,9307.45,-12.199999999998909,4.659825,4.6537250000000006,9.31355,-21.513549999998908
258,2017-05-04 09:30:00,9348.95,2017-05-04 12:30:00,9329.6,-19.350000000000364,4.674475,4.6648000000000005,9.339275,-28.689275000000364
259,2017-05-04 14:00:00,9356.65,2017-05-05 10:00:00,9319.5,-37.149999999999636,4.678325,4.65975,9.338075,-46.48807499999964
260,2017-05-08 10:00:00,9316.5,2017-05-08 12:45:00,9311.25,-5.25,4.65825,4.655625,9.313875,-14.563875
261,2017-05-09 13:15:00,9334.6,2017-05-11 13:30:00,9431.35,96.75,4.6673,4.715675,9.382975,87.367025
262,2017-05-15 09:30:00,9433.4,2017-05-17 12:30:00,9499.85,66.45000000000073,4.7167,4.749925,9.466625,56.98337500000073
263,2017-05-17 13:45:00,9527.15,2017-05-18 09:30:00,9487.2,-39.94999999999891,4.763575,4.743600000000001,9.507175,-49.45717499999891
264,2017-05-19 10:00:00,9501.15,2017-05-19 11:30:00,9442.15,-59.0,4.7505749999999995,4.721075,9.47165,-68.47165
265,2017-05-22 09:15:00,9480.25,2017-05-22 13:15:00,9435.5,-44.75,4.740125,4.71775,9.457875,-54.207875
266,2017-05-23 13:45:00,9423.95,2017-05-24 12:30:00,9402.35,-21.600000000000364,4.711975000000001,4.701175,9.413150000000002,-31.013150000000365
267,2017-05-25 09:45:00,9407.85,2017-06-01 09:30:00,9610.6,202.75,4.703925,4.8053,9.509225,193.24077499999999
268,2017-06-02 09:30:00,9657.6,2017-06-06 11:15:00,9663.7,6.100000000000364,4.8288,4.83185,9.66065,-3.5606499999996366
269,2017-06-07 10:15:00,9675.95,2017-06-07 12:30:00,9643.75,-32.20000000000073,4.837975,4.821875,9.65985,-41.859850000000726
270,2017-06-08 09:30:00,9674.55,2017-06-09 09:15:00,9638.55,-36.0,4.837275,4.819274999999999,9.65655,-45.656549999999996
271,2017-06-09 14:30:00,9650.3,2017-06-12 10:00:00,9621.4,-28.899999999999636,4.82515,4.8107,9.63585,-38.535849999999634
272,2017-06-13 10:30:00,9637.05,2017-06-13 14:45:00,9615.65,-21.399999999999636,4.818525,4.807825,9.62635,-31.02634999999964
273,2017-06-14 14:45:00,9617.35,2017-06-15 11:45:00,9593.35,-24.0,4.808675,4.7966750000000005,9.605350000000001,-33.60535
274,2017-06-16 09:30:00,9597.8,2017-06-16 11:45:00,9577.5,-20.299999999999272,4.7989,4.78875,9.58765,-29.887649999999272
275,2017-06-19 09:30:00,9637.7,2017-06-20 14:00:00,9651.6,13.899999999999636,4.81885,4.8258,9.64465,4.255349999999636
276,2017-06-22 09:30:00,9668.55,2017-06-22 13:45:00,9675.7,7.150000000001455,4.834275,4.83785,9.672125000000001,-2.522124999998546
277,2017-06-28 11:45:00,9511.65,2017-06-28 13:45:00,9482.75,-28.899999999999636,4.755825,4.741375,9.4972,-38.397199999999636
278,2017-06-29 09:30:00,9541.4,2017-06-29 13:15:00,9516.85,-24.549999999999272,4.7707,4.758425,9.529125,-34.07912499999927
279,2017-06-30 11:15:00,9489.5,2017-07-04 12:30:00,9604.25,114.75,4.74475,4.802125,9.546875,105.203125
280,2017-07-04 14:00:00,9625.35,2017-07-05 09:15:00,9619.75,-5.600000000000364,4.8126750000000005,4.809875,9.62255,-15.222550000000364
281,2017-07-05 12:00:00,9631.4,2017-07-07 09:30:00,9660.5,29.100000000000364,4.8157,4.83025,9.64595,19.454050000000365
282,2017-07-07 14:00:00,9674.15,2017-07-12 11:15:00,9802.9,128.75,4.837075,4.90145,9.738525,119.011475
283,2017-07-12 15:15:00,9814.45,2017-07-14 10:45:00,9858.55,44.099999999998545,4.907225,4.929275,9.836500000000001,34.263499999998544
284,2017-07-14 12:15:00,9875.05,2017-07-17 12:15:00,9904.75,29.700000000000728,4.937525,4.952375,9.8899,19.810100000000727
285,2017-07-17 14:30:00,9920.3,2017-07-18 09:30:00,9871.65,-48.649999999999636,4.96015,4.935825,9.895975,-58.545974999999636
286,2017-07-19 10:30:00,9872.8,2017-07-20 12:30:00,9872.95,0.1500000000014552,4.9364,4.936475000000001,9.872875,-9.722874999998545
287,2017-07-21 10:00:00,9907.65,2017-07-21 13:00:00,9864.7,-42.94999999999891,4.953825,4.9323500000000005,9.886175000000001,-52.83617499999891
288,2017-07-21 15:15:00,9916.9,2017-07-25 13:00:00,9951.45,34.55000000000109,4.95845,4.975725000000001,9.934175,24.61582500000109
289,2017-07-26 09:30:00,9987.5,2017-07-27 12:45:00,10078.1,90.60000000000036,4.99375,5.0390500000000005,10.032800000000002,80.56720000000035
290,2017-07-28 15:15:00,10014.8,2017-08-01 11:30:00,10076.15,61.350000000000364,5.0074,5.038075,10.045475,51.30452500000037
291,2017-08-01 14:15:00,10097.65,2017-08-02 12:45:00,10097.65,0.0,5.048825,5.048825,10.09765,-10.09765
292,2017-08-04 14:00:00,10026.05,2017-08-08 09:15:00,10068.35,42.30000000000109,5.013025,5.034175,10.0472,32.25280000000109
293,2017-08-11 12:00:00,9757.7,2017-08-11 13:45:00,9722.1,-35.600000000000364,4.878850000000001,4.8610500000000005,9.739900000000002,-45.33990000000037
294,2017-08-14 09:30:00,9774.2,2017-08-18 09:30:00,9844.9,70.69999999999891,4.8871,4.9224499999999995,9.80955,60.89044999999891
295,2017-08-21 09:30:00,9876.7,2017-08-21 12:00:00,9830.3,-46.400000000001455,4.938350000000001,4.91515,9.8535,-56.25350000000145
296,2017-08-23 10:00:00,9807.1,2017-08-23 13:45:00,9794.4,-12.700000000000728,4.90355,4.8972,9.80075,-22.50075000000073
297,2017-08-23 15:00:00,9847.95,2017-08-28 14:15:00,9899.4,51.44999999999891,4.923975,4.9497,9.873675,41.57632499999891
298,2017-08-30 09:30:00,9865.05,2017-08-31 09:30:00,9875.4,10.350000000000364,4.932525,4.9376999999999995,9.870225,0.4797750000003642
299,2017-08-31 14:00:00,9881.7,2017-09-04 11:30:00,9938.6,56.899999999999636,4.94085,4.9693000000000005,9.910150000000002,46.989849999999635
300,2017-09-04 15:15:00,9918.8,2017-09-05 12:30:00,9911.45,-7.349999999998545,4.9594,4.955725,9.915125,-17.265124999998545
301,2017-09-05 14:15:00,9944.35,2017-09-06 09:30:00,9904.0,-40.350000000000364,4.972175,4.952,9.924175,-50.27417500000036
302,2017-09-06 12:30:00,9918.55,2017-09-07 12:15:00,9925.75,7.200000000000728,4.959275,4.962875,9.92215,-2.7221499999992727
303,2017-09-08 09:30:00,9956.7,2017-09-08 13:15:00,9917.8,-38.900000000001455,4.978350000000001,4.9589,9.93725,-48.837250000001454
304,2017-09-11 09:30:00,9985.8,2017-09-13 15:15:00,10069.9,84.10000000000036,4.9929,5.03495,10.02785,74.07215000000036
305,2017-09-15 14:45:00,10105.05,2017-09-19 10:30:00,10132.5,27.450000000000728,5.052525,5.06625,10.118775,17.331225000000728
306,2017-09-19 14:00:00,10163.35,2017-09-20 13:15:00,10143.05,-20.30000000000109,5.081675000000001,5.071524999999999,10.1532,-30.45320000000109
307,2017-09-21 14:30:00,10118.45,2017-09-22 09:45:00,10045.0,-73.45000000000073,5.0592250000000005,5.0225,10.081725,-83.53172500000073
308,2017-09-25 15:15:00,9876.0,2017-09-26 11:00:00,9821.85,-54.149999999999636,4.938,4.910925000000001,9.848925000000001,-63.99892499999964
309,2017-09-26 13:00:00,9852.35,2017-09-27 10:30:00,9826.7,-25.649999999999636,4.926175000000001,4.91335,9.839525000000002,-35.48952499999964
310,2017-09-28 15:15:00,9764.05,2017-09-29 15:15:00,9784.15,20.100000000000364,4.882025,4.892075,9.7741,10.325900000000363
311,2017-10-03 10:45:00,9850.35,2017-10-05 11:15:00,9904.5,54.149999999999636,4.925175,4.95225,9.877425,44.272574999999634
312,2017-10-06 10:00:00,9955.05,2017-10-09 12:15:00,9982.85,27.80000000000109,4.977525,4.9914250000000004,9.96895,17.831050000001092
313,2017-10-10 09:30:00,10021.75,2017-10-11 13:45:00,10017.35,-4.399999999999636,5.010875,5.008675,10.01955,-14.419549999999637
314,2017-10-12 10:45:00,10023.85,2017-10-16 12:30:00,10201.25,177.39999999999964,5.011925000000001,5.100625,10.11255,167.28744999999964
315,2017-10-16 15:00:00,10236.55,2017-10-17 12:45:00,10223.55,-13.0,5.118275,5.111775,10.230049999999999,-23.23005
316,2017-10-18 13:15:00,10213.8,2017-10-19 19:15:00,10139.15,-74.64999999999964,5.1068999999999996,5.0695749999999995,10.176475,-84.82647499999963
317,2017-10-23 14:15:00,10164.15,2017-10-24 13:45:00,10190.9,26.75,5.082075,5.09545,10.177525,16.572475
318,2017-10-25 09:30:00,10257.9,2017-10-31 09:30:00,10356.9,99.0,5.12895,5.17845,10.3074,88.6926
319,2017-10-31 13:15:00,10359.0,2017-11-01 14:30:00,10431.5,72.5,5.1795,5.21575,10.39525,62.104749999999996
320,2017-11-03 12:30:00,10445.85,2017-11-06 10:00:00,10416.25,-29.600000000000364,5.222925,5.208125,10.431049999999999,-40.03105000000036
321,2017-11-06 12:30:00,10448.75,2017-11-07 09:15:00,10477.15,28.399999999999636,5.224375,5.238575,10.46295,17.937049999999637
322,2017-11-09 09:30:00,10358.15,2017-11-09 11:15:00,10309.85,-48.29999999999927,5.179075,5.154925,10.334,-58.633999999999276
323,2017-11-10 11:00:00,10309.6,2017-11-10 12:30:00,10282.2,-27.399999999999636,5.154800000000001,5.141100000000001,10.295900000000001,-37.69589999999964
324,2017-11-10 14:00:00,10320.4,2017-11-10 15:00:00,10257.5,-62.899999999999636,5.1602,5.12875,10.28895,-73.18894999999964
325,2017-11-14 14:45:00,10210.15,2017-11-15 09:30:00,10158.95,-51.19999999999891,5.105075,5.079475,10.184550000000002,-61.38454999999891
326,2017-11-16 10:15:00,10166.4,2017-11-17 13:15:00,10313.5,147.10000000000036,5.0832,5.15675,10.23995,136.86005000000037
327,2017-11-20 14:30:00,10293.5,2017-11-22 09:15:00,10350.8,57.29999999999927,5.14675,5.1754,10.32215,46.97784999999927
328,2017-11-22 12:45:00,10349.6,2017-11-23 13:00:00,10338.45,-11.149999999999636,5.1748,5.169225000000001,10.344025000000002,-21.49402499999964
329,2017-11-24 09:15:00,10366.8,2017-11-27 09:30:00,10363.15,-3.649999999999636,5.1834,5.181575,10.364975,-14.014974999999636
330,2017-11-27 14:15:00,10377.0,2017-11-29 09:15:00,10376.65,-0.3500000000003638,5.1885,5.188325,10.376825,-10.726825000000364
331,2017-11-29 13:15:00,10388.5,2017-11-30 09:15:00,10332.7,-55.79999999999927,5.19425,5.16635,10.360600000000002,-66.16059999999928
332,2017-11-30 14:15:00,10302.45,2017-12-01 10:00:00,10237.75,-64.70000000000073,5.151225,5.118875,10.2701,-74.97010000000073
333,2017-12-04 11:30:00,10156.95,2017-12-05 09:30:00,10086.7,-70.25,5.078475,5.04335,10.121825000000001,-80.371825
334,2017-12-05 14:15:00,10124.65,2017-12-06 09:30:00,10095.25,-29.399999999999636,5.0623249999999995,5.047625,10.10995,-39.509949999999634
335,2017-12-07 10:00:00,10100.05,2017-12-11 11:45:00,10295.0,194.95000000000073,5.050025,5.1475,10.197524999999999,184.75247500000074
336,2017-12-11 14:45:00,10319.45,2017-12-12 10:00:00,10285.0,-34.45000000000073,5.159725000000001,5.1425,10.302225,-44.75222500000073
337,2017-12-13 12:00:00,10284.5,2017-12-13 14:15:00,10210.0,-74.5,5.14225,5.105,10.247250000000001,-84.74725000000001
338,2017-12-14 14:15:00,10198.75,2017-12-18 09:30:00,10212.7,13.950000000000728,5.099375,5.106350000000001,10.205725000000001,3.7442750000007265
339,2017-12-18 11:00:00,10413.95,2017-12-18 15:00:00,10378.45,-35.5,5.206975000000001,5.189225,10.3962,-45.8962
340,2017-12-19 11:00:00,10422.75,2017-12-21 09:45:00,10454.9,32.149999999999636,5.211375,5.22745,10.438825000000001,21.711174999999635
341,2017-12-22 10:15:00,10474.0,2017-12-27 15:00:00,10486.6,12.600000000000364,5.237,5.2433000000000005,10.4803,2.119700000000364
342,2017-12-29 10:30:00,10523.1,2018-01-01 13:00:00,10519.5,-3.600000000000364,5.261550000000001,5.25975,10.5213,-14.121300000000364
343,2018-01-03 09:30:00,10471.15,2018-01-03 12:45:00,10461.25,-9.899999999999636,5.235575,5.230625,10.4662,-20.366199999999637
344,2018-01-04 11:00:00,10459.75,2018-01-09 13:30:00,10613.6,153.85000000000036,5.229875,5.3068,10.536674999999999,143.31332500000036
345,2018-01-09 15:15:00,10636.75,2018-01-10 11:45:00,10608.6,-28.149999999999636,5.3183750000000005,5.3043000000000005,10.622675000000001,-38.77267499999964
346,2018-01-10 14:15:00,10627.3,2018-01-12 12:30:00,10657.9,30.600000000000364,5.31365,5.32895,10.6426,19.957400000000362
347,2018-01-12 14:30:00,10662.35,2018-01-15 13:15:00,10745.35,83.0,5.331175,5.372675,10.70385,72.29615
348,2018-01-17 10:45:00,10736.7,2018-01-18 14:30:00,10843.9,107.19999999999891,5.36835,5.42195,10.7903,96.4096999999989
349,2018-01-19 15:00:00,10869.8,2018-01-25 11:15:00,11059.35,189.5500000000011,5.4349,5.529675,10.964575,178.5854250000011
350,2018-01-29 09:30:00,11134.9,2018-01-30 09:15:00,11120.85,-14.049999999999272,5.56745,5.560425,11.127875,-25.177874999999272
351,2018-02-01 09:30:00,11058.45,2018-02-01 12:30:00,10997.95,-60.5,5.529225,5.498975000000001,11.028200000000002,-71.5282
352,2018-02-06 13:00:00,10405.4,2018-02-07 11:30:00,10494.95,89.55000000000109,5.2027,5.2474750000000006,10.450175000000002,79.09982500000109
353,2018-02-08 10:00:00,10568.2,2018-02-09 09:30:00,10432.8,-135.40000000000146,5.2841000000000005,5.2164,10.5005,-145.90050000000144
354,2018-02-09 12:45:00,10449.15,2018-02-14 12:45:00,10535.15,86.0,5.224575,5.267575,10.492149999999999,75.50785
355,2018-02-15 10:45:00,10584.65,2018-02-15 14:45:00,10538.0,-46.649999999999636,5.292325,5.269,10.561325,-57.21132499999963
356,2018-02-20 09:15:00,10391.0,2018-02-20 12:15:00,10387.5,-3.5,5.1955,5.1937500000000005,10.38925,-13.88925
357,2018-02-22 14:00:00,10384.8,2018-02-27 12:00:00,10558.65,173.85000000000036,5.1924,5.279325,10.471725,163.37827500000037
358,2018-02-28 15:00:00,10528.05,2018-03-01 11:30:00,10480.1,-47.94999999999891,5.264025,5.24005,10.504075,-58.45407499999891
359,2018-03-01 13:30:00,10504.45,2018-03-01 15:15:00,10459.3,-45.150000000001455,5.252225,5.2296499999999995,10.481874999999999,-55.63187500000146
360,2018-03-06 09:30:00,10435.3,2018-03-06 11:45:00,10381.45,-53.849999999998545,5.21765,5.1907250000000005,10.408375,-64.25837499999855
361,2018-03-08 12:00:00,10202.8,2018-03-09 15:00:00,10233.55,30.75,5.1014,5.116775,10.218174999999999,20.531825
362,2018-03-12 10:00:00,10323.35,2018-03-13 14:45:00,10385.35,62.0,5.161675000000001,5.192675,10.35435,51.64565
363,2018-03-14 14:45:00,10396.2,2018-03-15 14:15:00,10366.0,-30.200000000000728,5.1981,5.183,10.3811,-40.58110000000073
364,2018-03-20 11:30:00,10141.3,2018-03-20 13:30:00,10111.4,-29.899999999999636,5.07065,5.0557,10.126349999999999,-40.02634999999964
365,2018-03-21 09:30:00,10190.1,2018-03-21 12:45:00,10168.2,-21.899999999999636,5.0950500000000005,5.0841,10.17915,-32.079149999999636
366,2018-03-23 13:15:00,9990.6,2018-03-26 10:45:00,9966.05,-24.55000000000109,4.9953,4.983025,9.978325,-34.52832500000109
367,2018-03-26 12:30:00,10007.25,2018-03-28 09:30:00,10124.9,117.64999999999964,5.003625,5.06245,10.066075000000001,107.58392499999964
368,2018-03-28 12:15:00,10150.0,2018-04-04 12:45:00,10240.3,90.29999999999927,5.075,5.12015,10.19515,80.10484999999927
369,2018-04-05 09:30:00,10254.6,2018-04-10 11:30:00,10393.4,138.79999999999927,5.1273,5.1967,10.324,128.47599999999926
370,2018-04-11 13:15:00,10391.2,2018-04-13 14:15:00,10465.5,74.29999999999927,5.195600000000001,5.23275,10.428350000000002,63.87164999999927
371,2018-04-16 13:45:00,10511.7,2018-04-17 11:45:00,10522.0,10.299999999999272,5.255850000000001,5.261,10.516850000000002,-0.21685000000072918
372,2018-04-17 14:00:00,10537.2,2018-04-18 14:45:00,10541.85,4.649999999999636,5.2686,5.270925,10.539525000000001,-5.889525000000365
373,2018-04-19 10:30:00,10563.1,2018-04-20 11:15:00,10543.45,-19.649999999999636,5.28155,5.271725000000001,10.553275000000001,-30.203274999999635
374,2018-04-23 09:15:00,10592.8,2018-04-24 12:15:00,10596.45,3.650000000001455,5.296399999999999,5.298225,10.594625,-6.944624999998545
375,2018-04-24 14:00:00,10613.75,2018-04-25 10:00:00,10580.9,-32.850000000000364,5.306875,5.29045,10.597325,-43.44732500000036
376,2018-04-25 13:30:00,10605.9,2018-04-26 09:15:00,10586.5,-19.399999999999636,5.30295,5.2932500000000005,10.5962,-29.996199999999636
377,2018-04-26 15:15:00,10622.95,2018-04-30 14:00:00,10731.0,108.04999999999927,5.311475000000001,5.3655,10.676975,97.37302499999927
378,2018-05-02 13:00:00,10750.9,2018-05-02 15:00:00,10711.3,-39.600000000000364,5.37545,5.35565,10.7311,-50.33110000000036
379,2018-05-03 13:30:00,10706.35,2018-05-04 10:45:00,10637.85,-68.5,5.353175,5.318925,10.6721,-79.1721
380,2018-05-07 10:45:00,10655.75,2018-05-08 13:15:00,10704.45,48.70000000000073,5.327875,5.352225000000001,10.6801,38.01990000000073
381,2018-05-09 11:15:00,10730.05,2018-05-10 10:45:00,10743.95,13.900000000001455,5.365025,5.371975000000001,10.737000000000002,3.1630000000014533
382,2018-05-11 10:45:00,10757.85,2018-05-14 12:15:00,10790.35,32.5,5.378925000000001,5.395175,10.7741,21.7259
383,2018-05-15 09:30:00,10863.05,2018-05-15 13:00:00,10862.6,-0.4499999999989086,5.431525,5.4313,10.862825,-11.31282499999891
384,2018-05-16 12:30:00,10766.3,2018-05-16 15:00:00,10731.05,-35.25,5.38315,5.365525,10.748674999999999,-45.998675
385,2018-05-23 09:15:00,10521.1,2018-05-23 10:15:00,10490.0,-31.100000000000364,5.26055,5.245,10.50555,-41.60555000000036
386,2018-05-24 11:30:00,10476.3,2018-05-29 13:15:00,10659.05,182.75,5.23815,5.329524999999999,10.567675,172.182325
387,2018-05-30 12:30:00,10595.35,2018-06-01 12:00:00,10713.85,118.5,5.297675,5.356925,10.6546,107.8454
388,2018-06-06 09:15:00,10603.45,2018-06-07 15:15:00,10773.75,170.29999999999927,5.301725,5.386875,10.688600000000001,159.61139999999926
389,2018-06-08 14:45:00,10767.25,2018-06-11 15:00:00,10807.35,40.100000000000364,5.383625,5.403675000000001,10.787300000000002,29.312700000000362
390,2018-06-12 11:15:00,10836.9,2018-06-14 09:30:00,10827.5,-9.399999999999636,5.41845,5.41375,10.8322,-20.232199999999636
391,2018-06-14 14:45:00,10812.3,2018-06-15 12:30:00,10798.0,-14.299999999999272,5.406149999999999,5.399,10.80515,-25.10514999999927
392,2018-06-15 15:15:00,10825.0,2018-06-19 09:30:00,10753.15,-71.85000000000036,5.4125000000000005,5.376575,10.789075,-82.63907500000036
393,2018-06-20 11:15:00,10757.5,2018-06-22 09:30:00,10737.3,-20.200000000000728,5.37875,5.36865,10.747399999999999,-30.947400000000727
394,2018-06-22 11:45:00,10735.05,2018-06-25 14:45:00,10771.7,36.650000000001455,5.367525,5.3858500000000005,10.753375,25.896625000001457
395,2018-06-26 12:30:00,10800.2,2018-06-27 10:45:00,10746.55,-53.650000000001455,5.4001,5.373275,10.773375,-64.42337500000146
396,2018-06-29 09:45:00,10658.2,2018-07-02 10:15:00,10652.4,-5.800000000001091,5.3291,5.3262,10.6553,-16.455300000001092
397,2018-07-02 14:15:00,10657.65,2018-07-05 12:00:00,10750.35,92.70000000000073,5.328825,5.3751750000000005,10.704,81.99600000000072
398,2018-07-05 13:15:00,10778.4,2018-07-11 12:30:00,10944.0,165.60000000000036,5.3892,5.472,10.8612,154.73880000000037
399,2018-07-12 09:30:00,11024.4,2018-07-12 14:15:00,11028.2,3.8000000000010914,5.5122,5.514100000000001,11.0263,-7.2262999999989095
400,2018-07-17 12:00:00,10967.95,2018-07-18 14:00:00,10978.2,10.25,5.483975,5.4891000000000005,10.973075000000001,-0.7230750000000015
401,2018-07-20 10:15:00,11007.15,2018-07-26 14:30:00,11138.65,131.5,5.503575,5.569325,11.0729,120.4271
402,2018-07-27 09:30:00,11230.0,2018-07-31 10:30:00,11282.3,52.29999999999927,5.615,5.64115,11.25615,41.043849999999274
403,2018-07-31 14:15:00,11313.75,2018-08-01 11:30:00,11349.45,35.70000000000073,5.656875,5.6747250000000005,11.331600000000002,24.368400000000726
404,2018-08-03 10:00:00,11332.65,2018-08-07 11:15:00,11373.65,41.0,5.666325,5.686825,11.35315,29.64685
405,2018-08-07 13:00:00,11393.4,2018-08-10 10:00:00,11445.85,52.45000000000073,5.6967,5.722925,11.419625,41.03037500000073
406,2018-08-13 13:00:00,11394.55,2018-08-13 15:00:00,11355.95,-38.599999999998545,5.697274999999999,5.677975000000001,11.375250000000001,-49.975249999998546
407,2018-08-14 10:15:00,11412.3,2018-08-16 09:30:00,11400.9,-11.399999999999636,5.70615,5.70045,11.406600000000001,-22.806599999999637
408,2018-08-16 11:15:00,11444.6,2018-08-16 13:15:00,11408.7,-35.899999999999636,5.722300000000001,5.704350000000001,11.426650000000002,-47.32664999999964
409,2018-08-17 09:30:00,11444.85,2018-08-17 13:30:00,11462.05,17.19999999999891,5.722425,5.731025,11.45345,5.7465499999989085
410,2018-08-17 14:45:00,11484.4,2018-08-21 12:00:00,11548.95,64.55000000000109,5.7421999999999995,5.774475000000001,11.516675,53.03332500000109
411,2018-08-21 13:30:00,11567.65,2018-08-24 12:15:00,11555.35,-12.299999999999272,5.783825,5.777675,11.5615,-23.861499999999275
412,2018-08-27 09:30:00,11645.85,2018-08-29 11:30:00,11729.05,83.19999999999891,5.822925000000001,5.8645249999999995,11.68745,71.51254999999891
413,2018-08-31 09:45:00,11723.45,2018-08-31 11:15:00,11651.1,-72.35000000000036,5.861725000000001,5.825550000000001,11.687275000000001,-84.03727500000036
414,2018-08-31 15:00:00,11669.15,2018-09-03 11:30:00,11695.7,26.55000000000109,5.834575,5.84785,11.682425,14.867575000001091
415,2018-09-05 15:15:00,11474.65,2018-09-06 12:45:00,11458.0,-16.649999999999636,5.737325,5.729,11.466325000000001,-28.116324999999637
416,2018-09-06 14:30:00,11526.5,2018-09-10 10:00:00,11511.45,-15.049999999999272,5.76325,5.755725000000001,11.518975000000001,-26.568974999999273
417,2018-09-12 14:15:00,11353.35,2018-09-17 09:45:00,11414.25,60.899999999999636,5.676675,5.7071250000000004,11.3838,49.516199999999635
418,2018-09-21 09:45:00,11336.6,2018-09-21 12:45:00,11183.1,-153.5,5.6683,5.591550000000001,11.25985,-164.75985
419,2018-09-25 11:00:00,11016.85,2018-09-26 13:00:00,11015.65,-1.2000000000007276,5.508425,5.5078249999999995,11.01625,-12.216250000000727
420,2018-09-27 09:30:00,11074.8,2018-09-27 11:45:00,11007.55,-67.25,5.5374,5.503775,11.041174999999999,-78.291175
421,2018-09-28 11:45:00,11021.0,2018-09-28 14:15:00,10914.05,-106.95000000000073,5.5105,5.457025,10.967525,-117.91752500000072
422,2018-10-01 13:30:00,10900.55,2018-10-03 10:30:00,10910.75,10.200000000000728,5.4502749999999995,5.455375,10.90565,-0.705649999999272
423,2018-10-03 13:30:00,10962.4,2018-10-03 15:00:00,10863.95,-98.44999999999891,5.4812,5.431975,10.913175,-109.3631749999989
424,2018-10-08 11:15:00,10388.0,2018-10-08 14:15:00,10240.05,-147.95000000000073,5.194,5.120025,10.314025,-158.26402500000074
425,2018-10-09 11:15:00,10321.4,2018-10-11 09:30:00,10194.3,-127.10000000000036,5.1607,5.09715,10.257850000000001,-137.35785000000035
426,2018-10-11 12:15:00,10261.1,2018-10-11 14:45:00,10200.45,-60.649999999999636,5.13055,5.100225000000001,10.230775000000001,-70.88077499999963
427,2018-10-12 10:15:00,10441.7,2018-10-15 11:00:00,10424.55,-17.150000000001455,5.22085,5.212275,10.433125,-27.583125000001456
428,2018-10-15 12:30:00,10474.0,2018-10-16 12:15:00,10552.55,78.54999999999927,5.237,5.276275,10.513275,68.03672499999928
429,2018-10-16 14:00:00,10588.85,2018-10-17 11:15:00,10608.1,19.25,5.294425,5.30405,10.598475,8.651525
430,2018-10-22 09:30:00,10335.5,2018-10-22 14:45:00,10296.3,-39.20000000000073,5.16775,5.148149999999999,10.3159,-49.51590000000073
431,2018-10-24 09:30:00,10241.65,2018-10-24 12:30:00,10196.55,-45.100000000000364,5.120825,5.098275,10.219100000000001,-55.31910000000036
432,2018-10-25 13:30:00,10156.65,2018-10-26 09:45:00,10032.65,-124.0,5.0783249999999995,5.016325,10.09465,-134.09465
433,2018-10-26 12:15:00,10104.3,2018-10-26 15:15:00,10042.65,-61.649999999999636,5.05215,5.021325,10.073475,-71.72347499999964
434,2018-10-29 11:30:00,10093.15,2018-10-30 13:30:00,10222.05,128.89999999999964,5.046575,5.111025,10.157599999999999,118.74239999999963
435,2018-10-31 11:45:00,10196.55,2018-11-05 09:30:00,10523.4,326.85000000000036,5.098275,5.2617,10.359975,316.49002500000034
436,2018-11-06 09:30:00,10583.85,2018-11-06 14:30:00,10502.75,-81.10000000000036,5.291925,5.251375,10.5433,-91.64330000000037
437,2018-11-07 17:45:00,10594.75,2018-11-09 14:00:00,10566.55,-28.200000000000728,5.297375,5.283275,10.580649999999999,-38.780650000000726
438,2018-11-12 09:30:00,10628.2,2018-11-12 12:00:00,10585.7,-42.5,5.314100000000001,5.2928500000000005,10.606950000000001,-53.10695
439,2018-11-13 12:15:00,10503.3,2018-11-14 14:00:00,10569.65,66.35000000000036,5.25165,5.284825,10.536475,55.81352500000037
440,2018-11-15 11:00:00,10595.5,2018-11-16 14:45:00,10642.55,47.04999999999927,5.29775,5.321275,10.619025,36.43097499999927
441,2018-11-19 09:30:00,10725.85,2018-11-20 12:45:00,10710.15,-15.700000000000728,5.362925000000001,5.355075,10.718,-26.418000000000728
442,2018-11-21 14:00:00,10603.3,2018-11-22 12:00:00,10611.4,8.100000000000364,5.3016499999999995,5.3057,10.60735,-2.5073499999996365
443,2018-11-26 13:30:00,10554.75,2018-11-30 13:00:00,10865.4,310.64999999999964,5.277375,5.4327,10.710075,299.9399249999996
444,2018-12-03 09:30:00,10906.45,2018-12-03 11:45:00,10881.35,-25.100000000000364,5.453225000000001,5.440675000000001,10.893900000000002,-35.993900000000366
445,2018-12-04 09:15:00,10877.1,2018-12-04 11:15:00,10842.65,-34.45000000000073,5.43855,5.4213249999999995,10.859874999999999,-45.30987500000073
446,2018-12-07 10:30:00,10642.0,2018-12-10 09:30:00,10526.3,-115.70000000000073,5.321,5.2631499999999996,10.58415,-126.28415000000072
447,2018-12-10 12:15:00,10540.55,2018-12-10 14:30:00,10495.05,-45.5,5.270275,5.2475249999999996,10.5178,-56.0178
448,2018-12-11 11:30:00,10466.8,2018-12-13 15:00:00,10759.4,292.60000000000036,5.2334,5.3797,10.6131,281.9869000000004
449,2018-12-17 09:30:00,10854.75,2018-12-18 10:15:00,10834.05,-20.700000000000728,5.4273750000000005,5.417025,10.8444,-31.544400000000728
450,2018-12-18 13:15:00,10861.9,2018-12-20 09:30:00,10918.7,56.80000000000109,5.43095,5.459350000000001,10.8903,45.909700000001095
451,2018-12-20 12:30:00,10918.8,2018-12-21 10:30:00,10852.6,-66.19999999999891,5.4594,5.4263,10.8857,-77.08569999999891
452,2018-12-24 13:45:00,10752.65,2018-12-24 14:45:00,10682.75,-69.89999999999964,5.376325,5.341375,10.7177,-80.61769999999964
453,2018-12-26 12:15:00,10598.75,2018-12-31 12:30:00,10858.85,260.10000000000036,5.299375,5.429425,10.7288,249.37120000000036
454,2019-01-01 14:45:00,10883.4,2019-01-02 12:00:00,10873.85,-9.549999999999272,5.4417,5.4369250000000005,10.878625,-20.428624999999272
455,2019-01-04 11:45:00,10694.35,2019-01-07 14:45:00,10786.0,91.64999999999964,5.347175,5.393,10.740175,80.90982499999964
456,2019-01-08 14:15:00,10806.4,2019-01-09 12:30:00,10822.15,15.75,5.4032,5.411075,10.814275,4.935725
457,2019-01-09 13:30:00,10857.9,2019-01-10 12:00:00,10824.65,-33.25,5.4289499999999995,5.412325,10.841275,-44.091274999999996
458,2019-01-11 15:15:00,10805.55,2019-01-14 10:00:00,10728.3,-77.25,5.402775,5.3641499999999995,10.766925,-88.016925
459,2019-01-14 15:15:00,10738.55,2019-01-16 11:15:00,10888.45,149.90000000000146,5.369275,5.444225,10.813500000000001,139.08650000000145
460,2019-01-17 11:15:00,10918.65,2019-01-17 12:30:00,10892.3,-26.350000000000364,5.459325,5.446149999999999,10.905475,-37.25547500000036
461,2019-01-17 15:00:00,10925.15,2019-01-18 10:15:00,10874.55,-50.600000000000364,5.462575,5.437275,10.89985,-61.499850000000365
462,2019-01-18 14:00:00,10904.45,2019-01-22 09:30:00,10919.7,15.25,5.452225,5.45985,10.912075000000002,4.3379249999999985
463,2019-01-22 14:15:00,10916.0,2019-01-23 14:45:00,10875.85,-40.149999999999636,5.458,5.437925,10.895925,-51.045924999999635
464,2019-01-25 09:30:00,10924.9,2019-01-25 12:30:00,10893.3,-31.600000000000364,5.46245,5.44665,10.909099999999999,-42.50910000000036
465,2019-01-30 09:30:00,10694.8,2019-01-30 11:15:00,10629.6,-65.19999999999891,5.3473999999999995,5.3148,10.662199999999999,-75.86219999999891
466,2019-01-30 14:30:00,10688.95,2019-02-01 14:15:00,10868.95,180.0,5.344475,5.434475000000001,10.778950000000002,169.22105
467,2019-02-04 14:45:00,10914.2,2019-02-07 12:45:00,11056.3,142.09999999999854,5.4571000000000005,5.52815,10.98525,131.11474999999854
468,2019-02-07 14:45:00,11107.1,2019-02-08 09:30:00,11020.35,-86.75,5.55355,5.510175,11.063725000000002,-97.813725
469,2019-02-11 12:30:00,10896.05,2019-02-12 15:00:00,10838.75,-57.29999999999927,5.4480249999999995,5.4193750000000005,10.8674,-68.16739999999928
470,2019-02-13 12:00:00,10860.6,2019-02-13 15:15:00,10788.5,-72.10000000000036,5.4303,5.39425,10.82455,-82.92455000000037
471,2019-02-15 14:00:00,10685.9,2019-02-18 10:45:00,10667.85,-18.049999999999272,5.34295,5.333925000000001,10.676875,-28.726874999999275
472,2019-02-19 12:45:00,10697.8,2019-02-19 14:45:00,10652.75,-45.04999999999927,5.3488999999999995,5.3263750000000005,10.675275,-55.72527499999927
473,2019-02-20 10:45:00,10680.15,2019-02-26 10:00:00,10762.95,82.80000000000109,5.340075,5.381475000000001,10.72155,72.07845000000108
474,2019-02-26 11:45:00,10824.45,2019-02-27 12:00:00,10827.4,2.9499999999989086,5.412225,5.4136999999999995,10.825925,-7.875925000001091
475,2019-02-28 09:30:00,10827.1,2019-02-28 13:00:00,10798.25,-28.850000000000364,5.41355,5.399125,10.812674999999999,-39.66267500000036
476,2019-02-28 14:15:00,10838.35,2019-03-01 12:45:00,10835.7,-2.649999999999636,5.419175,5.4178500000000005,10.837025,-13.487024999999637
477,2019-03-05 10:15:00,10855.4,2019-03-07 12:45:00,11032.0,176.60000000000036,5.4277,5.516,10.9437,165.65630000000036
478,2019-03-07 14:15:00,11078.45,2019-03-08 09:30:00,11037.4,-41.05000000000109,5.539225,5.5187,11.057925000000001,-52.10792500000109
479,2019-03-11 09:30:00,11109.7,2019-03-14 11:45:00,11338.95,229.25,5.55485,5.669475,11.224325,218.025675
480,2019-03-15 09:30:00,11404.7,2019-03-18 11:45:00,11447.25,42.54999999999927,5.702350000000001,5.723625,11.425975000000001,31.12402499999927
481,2019-03-19 10:30:00,11471.9,2019-03-20 12:30:00,11506.4,34.5,5.73595,5.7532,11.489149999999999,23.01085
482,2019-03-26 09:30:00,11374.0,2019-03-26 11:45:00,11369.4,-4.600000000000364,5.687,5.6847,11.3717,-15.971700000000364
483,2019-03-26 14:15:00,11412.5,2019-03-27 14:00:00,11448.9,36.399999999999636,5.70625,5.72445,11.4307,24.969299999999635
484,2019-03-28 11:15:00,11508.9,2019-04-02 09:15:00,11711.55,202.64999999999964,5.75445,5.8557749999999995,11.610225,191.03977499999962
485,2019-04-02 12:15:00,11702.9,2019-04-03 12:30:00,11729.65,26.75,5.85145,5.864825,11.716275,15.033725
486,2019-04-05 12:00:00,11633.75,2019-04-08 13:15:00,11623.65,-10.100000000000364,5.8168750000000005,5.811825,11.6287,-21.728700000000366
487,2019-04-09 14:15:00,11636.2,2019-04-10 14:30:00,11592.85,-43.350000000000364,5.8181,5.796425,11.614525,-54.964525000000364
488,2019-04-11 15:15:00,11597.8,2019-04-12 11:45:00,11586.45,-11.349999999998545,5.7989,5.7932250000000005,11.592125,-22.942124999998544
489,2019-04-12 14:15:00,11634.7,2019-04-18 11:45:00,11753.3,118.59999999999854,5.81735,5.87665,11.693999999999999,106.90599999999854
490,2019-04-24 14:15:00,11659.25,2019-04-25 13:30:00,11733.2,73.95000000000073,5.829625,5.866600000000001,11.696225000000002,62.25377500000073
491,2019-04-26 14:15:00,11734.75,2019-04-30 10:00:00,11663.9,-70.85000000000036,5.867375,5.83195,11.699325,-82.54932500000037
492,2019-04-30 11:45:00,11703.1,2019-05-02 13:00:00,11725.8,22.69999999999891,5.8515500000000005,5.8629,11.71445,10.98554999999891
493,2019-05-07 12:45:00,11626.95,2019-05-07 14:15:00,11583.6,-43.350000000000364,5.813475,5.7918,11.605275,-54.95527500000036
494,2019-05-09 11:00:00,11345.45,2019-05-09 12:15:00,11311.35,-34.100000000000364,5.672725000000001,5.6556750000000005,11.328400000000002,-45.428400000000366
495,2019-05-10 11:15:00,11336.35,2019-05-13 09:15:00,11258.7,-77.64999999999964,5.668175000000001,5.6293500000000005,11.297525,-88.94752499999964
496,2019-05-14 13:30:00,11200.65,2019-05-15 13:00:00,11239.65,39.0,5.600325,5.619825,11.22015,27.77985
497,2019-05-16 14:00:00,11204.45,2019-05-21 13:00:00,11785.45,581.0,5.602225000000001,5.892725,11.494950000000001,569.50505
498,2019-05-22 10:45:00,11750.1,2019-05-23 12:00:00,11862.6,112.5,5.87505,5.9313,11.80635,100.69365
499,2019-05-24 11:45:00,11731.85,2019-05-28 12:45:00,11892.6,160.75,5.865925000000001,5.9463,11.812225000000002,148.937775
500,2019-05-30 10:00:00,11906.45,2019-05-31 12:15:00,11912.95,6.5,5.953225000000001,5.956475,11.9097,-5.409700000000001
501,2019-06-03 10:15:00,11976.65,2019-06-04 11:15:00,12038.3,61.649999999999636,5.988325,6.01915,12.007475,49.64252499999964
502,2019-06-10 09:30:00,11959.4,2019-06-10 12:00:00,11893.45,-65.94999999999891,5.9797,5.946725000000001,11.926425000000002,-77.8764249999989
503,2019-06-11 09:15:00,11959.85,2019-06-12 09:30:00,11924.15,-35.70000000000073,5.979925000000001,5.962075,11.942,-47.64200000000073
504,2019-06-13 14:00:00,11871.15,2019-06-14 10:45:00,11866.25,-4.899999999999636,5.935575,5.933125,11.8687,-16.768699999999637
505,2019-06-18 13:15:00,11720.25,2019-06-18 15:00:00,11641.4,-78.85000000000036,5.860125,5.8206999999999995,11.680824999999999,-90.53082500000036
506,2019-06-19 10:15:00,11784.95,2019-06-19 11:45:00,11717.55,-67.40000000000146,5.892475,5.858775,11.751249999999999,-79.15125000000145
507,2019-06-20 11:00:00,11737.3,2019-06-21 14:15:00,11728.85,-8.449999999998909,5.86865,5.864425000000001,11.733075,-20.183074999998908
508,2019-06-25 12:30:00,11732.4,2019-06-27 14:15:00,11848.05,115.64999999999964,5.8662,5.924024999999999,11.790225,103.85977499999964
509,2019-07-01 09:30:00,11854.8,2019-07-02 11:00:00,11821.75,-33.04999999999927,5.9274,5.910875,11.838275,-44.88827499999927
510,2019-07-02 13:45:00,11878.0,2019-07-05 11:30:00,11931.6,53.600000000000364,5.939,5.965800000000001,11.904800000000002,41.69520000000036
511,2019-07-09 11:45:00,11543.35,2019-07-10 12:15:00,11505.45,-37.899999999999636,5.771675,5.752725000000001,11.5244,-49.424399999999636
512,2019-07-11 10:00:00,11551.55,2019-07-12 15:00:00,11565.95,14.400000000001455,5.775774999999999,5.782975,11.55875,2.8412500000014553
513,2019-07-15 14:30:00,11583.1,2019-07-18 09:30:00,11662.15,79.04999999999927,5.79155,5.831075,11.622625,67.42737499999927
514,2019-07-23 12:00:00,11359.1,2019-07-24 09:45:00,11290.55,-68.55000000000109,5.67955,5.645275,11.324825,-79.8748250000011
515,2019-07-24 13:30:00,11282.9,2019-07-25 12:00:00,11278.35,-4.549999999999272,5.64145,5.639175000000001,11.280625,-15.830624999999273
516,2019-07-26 11:45:00,11285.5,2019-07-29 10:15:00,11240.3,-45.20000000000073,5.64275,5.62015,11.2629,-56.46290000000073
517,2019-07-29 14:00:00,11204.1,2019-07-30 11:15:00,11207.65,3.5499999999992724,5.60205,5.603825,11.205874999999999,-7.6558750000007265
518,2019-07-31 12:00:00,11080.1,2019-08-01 10:30:00,11029.25,-50.850000000000364,5.54005,5.5146250000000006,11.054675,-61.90467500000037
519,2019-08-02 11:45:00,10925.3,2019-08-05 09:30:00,10858.15,-67.14999999999964,5.46265,5.429075,10.891725000000001,-78.04172499999964
520,2019-08-05 12:45:00,10881.7,2019-08-07 09:15:00,10958.1,76.39999999999964,5.44085,5.47905,10.9199,65.48009999999964
521,2019-08-08 14:30:00,10955.35,2019-08-09 15:15:00,11110.85,155.5,5.4776750000000005,5.5554250000000005,11.033100000000001,144.4669
522,2019-08-14 10:45:00,11036.6,2019-08-16 09:30:00,10943.35,-93.25,5.5183,5.471675,10.989975000000001,-104.239975
523,2019-08-16 11:30:00,11028.35,2019-08-19 14:30:00,11053.7,25.350000000000364,5.514175000000001,5.5268500000000005,11.041025000000001,14.308975000000363
524,2019-08-20 14:15:00,11045.75,2019-08-21 11:15:00,10992.85,-52.899999999999636,5.522875,5.496425,11.019300000000001,-63.91929999999964
525,2019-08-23 10:45:00,10783.8,2019-08-28 10:45:00,11061.9,278.10000000000036,5.3919,5.53095,10.92285,267.1771500000004
526,2019-08-29 14:15:00,11011.45,2019-08-30 11:15:00,10915.45,-96.0,5.505725000000001,5.457725000000001,10.963450000000002,-106.96345
527,2019-08-30 14:00:00,10956.55,2019-09-03 10:30:00,10894.45,-62.099999999998545,5.478275,5.447225,10.9255,-73.02549999999854
528,2019-09-04 13:15:00,10828.55,2019-09-05 12:00:00,10842.05,13.5,5.414275,5.421024999999999,10.8353,2.6647
529,2019-09-06 09:30:00,10885.95,2019-09-12 11:30:00,11031.55,145.59999999999854,5.442975000000001,5.515775,10.95875,134.64124999999854
530,2019-09-13 14:15:00,11023.5,2019-09-16 10:45:00,11012.85,-10.649999999999636,5.51175,5.506425,11.018175,-21.668174999999636
531,2019-09-18 13:15:00,10867.95,2019-09-19 10:45:00,10734.4,-133.5500000000011,5.433975,5.3671999999999995,10.801175,-144.3511750000011
532,2019-09-20 11:00:00,10903.45,2019-09-23 14:15:00,11595.6,692.1499999999996,5.451725000000001,5.7978000000000005,11.249525000000002,680.9004749999997
533,2019-09-26 09:45:00,11559.15,2019-09-27 11:00:00,11524.55,-34.600000000000364,5.779575,5.762275,11.54185,-46.14185000000036
534,2019-09-27 13:45:00,11566.95,2019-09-30 09:30:00,11461.55,-105.40000000000146,5.783475,5.7307749999999995,11.51425,-116.91425000000146
535,2019-10-01 09:15:00,11515.4,2019-10-01 13:30:00,11434.15,-81.25,5.7577,5.717075,11.474775000000001,-92.724775
536,2019-10-03 12:15:00,11347.65,2019-10-03 14:45:00,11292.55,-55.100000000000364,5.673825,5.646275,11.3201,-66.42010000000036
537,2019-10-04 10:45:00,11371.6,2019-10-04 12:15:00,11272.6,-99.0,5.6858,5.6363,11.3221,-110.3221
538,2019-10-09 12:00:00,11195.05,2019-10-10 11:30:00,11241.6,46.55000000000109,5.597525,5.6208,11.218325,35.33167500000109
539,2019-10-11 09:45:00,11342.05,2019-10-16 13:30:00,11424.9,82.85000000000036,5.671024999999999,5.71245,11.383474999999999,71.46652500000036
540,2019-10-17 10:45:00,11479.15,2019-10-23 10:45:00,11618.85,139.70000000000073,5.739575,5.809425,11.549,128.15100000000072
541,2019-10-24 13:00:00,11611.65,2019-10-25 12:15:00,11570.4,-41.25,5.805825,5.7852,11.591024999999998,-52.841025
542,2019-10-25 14:45:00,11605.45,2019-11-01 10:30:00,11881.4,275.9499999999989,5.802725000000001,5.9407,11.743425,264.2065749999989
543,2019-11-04 09:30:00,11966.25,2019-11-04 13:30:00,11916.05,-50.20000000000073,5.983125,5.958025,11.94115,-62.14115000000073
544,2019-11-05 10:30:00,11948.9,2019-11-05 12:15:00,11896.35,-52.54999999999927,5.97445,5.948175,11.922625,-64.47262499999927
545,2019-11-05 15:15:00,11918.4,2019-11-07 12:45:00,11951.25,32.850000000000364,5.9592,5.975625,11.934825,20.915175000000364
546,2019-11-07 14:15:00,12005.1,2019-11-08 10:45:00,11959.95,-45.149999999999636,6.00255,5.9799750000000005,11.982525,-57.13252499999964
547,2019-11-08 12:45:00,12002.5,2019-11-08 14:30:00,11965.15,-37.350000000000364,6.00125,5.982575,11.983825,-49.33382500000036
548,2019-11-11 15:15:00,11919.75,2019-11-13 12:15:00,11892.8,-26.950000000000728,5.959875,5.9464,11.906275,-38.85627500000073
549,2019-11-14 11:15:00,11873.15,2019-11-14 12:30:00,11819.8,-53.350000000000364,5.936575,5.9098999999999995,11.846475,-65.19647500000036
550,2019-11-14 15:00:00,11875.35,2019-11-18 09:45:00,11911.05,35.69999999999891,5.9376750000000005,5.955525,11.8932,23.80679999999891
551,2019-11-19 10:30:00,11901.85,2019-11-20 14:30:00,11989.2,87.35000000000036,5.950925000000001,5.9946,11.945525,75.40447500000036
552,2019-11-21 13:15:00,12003.9,2019-11-22 09:30:00,11954.05,-49.850000000000364,6.00195,5.977024999999999,11.978974999999998,-61.82897500000036
553,2019-11-25 09:30:00,11958.4,2019-11-26 12:00:00,12071.65,113.25,5.9792,6.035825,12.015025,101.234975
554,2019-11-27 10:15:00,12099.1,2019-11-29 10:00:00,12091.6,-7.5,6.04955,6.045800000000001,12.09535,-19.59535
555,2019-12-02 09:30:00,12086.1,2019-12-02 12:00:00,12053.05,-33.05000000000109,6.04305,6.0265249999999995,12.069575,-45.11957500000109
556,2019-12-04 09:15:00,11969.95,2019-12-04 12:00:00,11984.95,15.0,5.984975,5.992475000000001,11.977450000000001,3.022549999999999
557,2019-12-04 15:00:00,12020.95,2019-12-05 14:45:00,12015.65,-5.300000000001091,6.0104750000000005,6.0078249999999995,12.0183,-17.31830000000109
558,2019-12-09 12:45:00,11958.35,2019-12-09 14:30:00,11931.3,-27.05000000000109,5.979175000000001,5.96565,11.944825000000002,-38.99482500000109
559,2019-12-12 09:30:00,11947.9,2019-12-20 13:45:00,12269.3,321.39999999999964,5.97395,6.13465,12.1086,309.2913999999996
560,2019-12-27 10:45:00,12203.8,2019-12-30 11:45:00,12232.45,28.650000000001455,6.1019,6.116225000000001,12.218125,16.431875000001455
561,2019-12-30 15:15:00,12257.9,2019-12-31 11:00:00,12203.15,-54.75,6.12895,6.1015749999999995,12.230525,-66.980525
562,2019-12-31 13:45:00,12229.6,2019-12-31 15:00:00,12194.95,-34.649999999999636,6.114800000000001,6.097475,12.212275000000002,-46.86227499999964
563,2020-01-02 10:15:00,12220.0,2020-01-03 10:45:00,12240.65,20.649999999999636,6.11,6.120325,12.230325,8.419674999999636
564,2020-01-07 09:30:00,12125.25,2020-01-07 12:00:00,12066.95,-58.29999999999927,6.062625,6.033475,12.0961,-70.39609999999928
565,2020-01-08 14:15:00,12007.35,2020-01-10 13:45:00,12259.25,251.89999999999964,6.003675,6.129625,12.1333,239.76669999999964
566,2020-01-13 09:30:00,12325.65,2020-01-13 14:15:00,12300.9,-24.75,6.162825,6.15045,12.313275,-37.063275000000004
567,2020-01-14 12:00:00,12337.9,2020-01-15 10:15:00,12292.8,-45.100000000000364,6.16895,6.1464,12.315349999999999,-57.41535000000036
568,2020-01-15 15:15:00,12348.9,2020-01-16 11:00:00,12338.2,-10.699999999998909,6.17445,6.1691,12.34355,-23.04354999999891
569,2020-01-16 14:00:00,12359.8,2020-01-17 12:15:00,12345.95,-13.849999999998545,6.1799,6.172975,12.352875000000001,-26.202874999998546
570,2020-01-23 12:30:00,12146.95,2020-01-27 09:30:00,12178.15,31.19999999999891,6.073475,6.089075,12.16255,19.03744999999891
571,2020-01-29 09:45:00,12143.95,2020-01-30 09:30:00,12084.6,-59.350000000000364,6.071975,6.0423,12.114275,-71.46427500000036
572,2020-01-31 13:30:00,12008.75,2020-02-01 09:30:00,11932.2,-76.54999999999927,6.0043750000000005,5.966100000000001,11.970475,-88.52047499999927
573,2020-02-01 11:00:00,11995.25,2020-02-01 13:00:00,11895.0,-100.25,5.997625,5.9475,11.945125,-112.195125
574,2020-02-04 09:30:00,11835.1,2020-02-05 12:15:00,11993.0,157.89999999999964,5.91755,5.9965,11.91405,145.98594999999963
575,2020-02-05 14:30:00,12085.0,2020-02-07 10:15:00,12116.85,31.850000000000364,6.0425,6.058425000000001,12.100925,19.749075000000364
576,2020-02-11 09:30:00,12141.1,2020-02-11 12:00:00,12131.0,-10.100000000000364,6.07055,6.0655,12.136050000000001,-22.236050000000365
577,2020-02-12 10:15:00,12222.0,2020-02-12 13:15:00,12198.25,-23.75,6.111,6.099125,12.210125,-35.960125
578,2020-02-13 15:15:00,12174.5,2020-02-14 12:45:00,12152.05,-22.450000000000728,6.08725,6.076025,12.163274999999999,-34.613275000000726
579,2020-02-18 15:00:00,11960.5,2020-02-20 14:45:00,12105.3,144.79999999999927,5.98025,6.05265,12.0329,132.76709999999926
580,2020-02-26 13:00:00,11733.95,2020-02-26 14:45:00,11666.25,-67.70000000000073,5.866975,5.833125,11.700099999999999,-79.40010000000072
581,2020-02-27 13:15:00,11604.7,2020-02-28 09:30:00,11339.9,-264.8000000000011,5.802350000000001,5.66995,11.4723,-276.2723000000011
582,2020-03-02 10:00:00,11366.85,2020-03-02 15:00:00,11272.45,-94.39999999999964,5.683425000000001,5.6362250000000005,11.319650000000001,-105.71964999999963
583,2020-03-03 14:00:00,11264.35,2020-03-04 12:00:00,11242.35,-22.0,5.632175,5.621175,11.253350000000001,-33.25335
584,2020-03-04 15:15:00,11258.8,2020-03-05 15:15:00,11261.95,3.150000000001455,5.6293999999999995,5.630975,11.260375,-8.110374999998545
585,2020-03-06 13:15:00,10980.6,2020-03-09 09:30:00,10661.4,-319.2000000000007,5.4903,5.3307,10.821000000000002,-330.02100000000075
586,2020-03-09 15:00:00,10487.2,2020-03-12 09:30:00,9938.75,-548.4500000000007,5.243600000000001,4.969375,10.212975,-558.6629750000008
587,2020-03-13 12:00:00,9591.3,2020-03-16 09:30:00,9426.95,-164.34999999999854,4.795649999999999,4.713475000000001,9.509125000000001,-173.85912499999856
588,2020-03-19 12:30:00,8244.05,2020-03-23 09:30:00,8048.55,-195.4999999999991,4.122025,4.024275,8.1463,-203.6462999999991
589,2020-03-24 11:45:00,7801.2,2020-03-27 11:00:00,8626.75,825.5500000000002,3.9006,4.313375,8.213975,817.3360250000002
590,2020-03-27 14:30:00,8837.95,2020-03-30 09:30:00,8399.15,-438.8000000000011,4.4189750000000005,4.199575,8.61855,-447.4185500000011
591,2020-03-31 10:00:00,8446.05,2020-04-01 09:45:00,8414.0,-32.04999999999927,4.223025,4.207,8.430025,-40.48002499999927
592,2020-04-07 09:30:00,8370.65,2020-04-08 12:45:00,8823.4,452.75,4.185325,4.4117,8.597024999999999,444.152975
593,2020-04-09 09:30:00,8973.2,2020-04-13 13:30:00,8982.8,9.599999999998545,4.4866,4.4914,8.978,0.621999999998545
594,2020-04-15 09:30:00,9126.35,2020-04-15 13:30:00,9123.1,-3.25,4.563175,4.56155,9.124725000000002,-12.374725000000002
595,2020-04-16 12:15:00,9012.35,2020-04-17 11:45:00,9154.25,141.89999999999964,4.506175000000001,4.577125,9.083300000000001,132.81669999999963
596,2020-04-17 15:00:00,9236.45,2020-04-20 12:45:00,9254.75,18.299999999999272,4.618225000000001,4.627375,9.2456,9.054399999999273
597,2020-04-22 10:30:00,9000.25,2020-04-24 09:30:00,9167.65,167.39999999999964,4.500125,4.583825,9.08395,158.31604999999965
598,2020-04-24 12:30:00,9262.35,2020-04-24 15:15:00,9145.0,-117.35000000000036,4.631175000000001,4.5725,9.203675,-126.55367500000037
599,2020-04-27 09:45:00,9332.95,2020-04-27 14:30:00,9300.5,-32.45000000000073,4.666475,4.65025,9.316725,-41.766725000000726
600,2020-04-28 13:30:00,9354.5,2020-04-30 13:45:00,9789.7,435.2000000000007,4.67725,4.894850000000001,9.5721,425.62790000000075
601,2020-05-05 09:30:00,9391.6,2020-05-05 14:30:00,9279.2,-112.39999999999964,4.6958,4.639600000000001,9.3354,-121.73539999999963
602,2020-05-06 12:15:00,9327.25,2020-05-07 09:30:00,9218.4,-108.85000000000036,4.663625,4.6091999999999995,9.272825,-118.12282500000036
603,2020-05-08 09:30:00,9327.2,2020-05-11 11:30:00,9332.1,4.899999999999636,4.663600000000001,4.66605,9.32965,-4.429650000000365
604,2020-05-12 14:15:00,9118.95,2020-05-14 09:30:00,9256.5,137.54999999999927,4.559475000000001,4.62825,9.187725,128.36227499999927
605,2020-05-15 14:15:00,9143.2,2020-05-18 10:00:00,8927.0,-216.20000000000073,4.5716,4.4635,9.0351,-225.23510000000073
606,2020-05-19 10:00:00,8955.55,2020-05-19 13:45:00,8907.25,-48.29999999999927,4.477774999999999,4.453625,8.9314,-57.23139999999927
607,2020-05-20 10:00:00,8984.55,2020-05-22 10:15:00,9067.45,82.90000000000146,4.492274999999999,4.5337250000000004,9.026,73.87400000000146
608,2020-05-26 09:15:00,9099.75,2020-05-26 11:30:00,9090.0,-9.75,4.549875,4.545,9.094875,-18.844875000000002
609,2020-05-27 11:00:00,9109.9,2020-06-01 15:00:00,9838.15,728.25,4.55495,4.919075,9.474025000000001,718.775975
610,2020-06-02 12:15:00,9920.8,2020-06-04 09:45:00,10048.6,127.80000000000109,4.9604,5.0243,9.9847,117.81530000000109
611,2020-06-04 15:15:00,10025.6,2020-06-08 13:00:00,10189.65,164.04999999999927,5.0128,5.094825,10.107625,153.94237499999926
612,2020-06-09 11:45:00,10263.3,2020-06-09 13:15:00,10181.1,-82.19999999999891,5.13165,5.09055,10.2222,-92.42219999999891
613,2020-06-10 13:00:00,10129.1,2020-06-11 10:45:00,10068.05,-61.05000000000109,5.0645500000000006,5.034025,10.098575,-71.14857500000109
614,2020-06-12 13:00:00,9761.65,2020-06-15 10:30:00,9822.05,60.399999999999636,4.880825,4.9110249999999995,9.79185,50.60814999999964
615,2020-06-15 14:15:00,9822.75,2020-06-16 12:15:00,9940.5,117.75,4.9113750000000005,4.97025,9.881625,107.868375
616,2020-06-17 10:15:00,9937.7,2020-06-18 10:45:00,9898.05,-39.650000000001455,4.968850000000001,4.949025,9.917875,-49.56787500000146
617,2020-06-18 12:15:00,9969.15,2020-06-24 11:45:00,10443.15,474.0,4.9845749999999995,5.221575,10.20615,463.79385
618,2020-06-26 09:30:00,10392.9,2020-06-26 13:45:00,10329.35,-63.54999999999927,5.19645,5.164675,10.361125,-73.91112499999927
619,2020-06-29 14:30:00,10299.55,2020-07-01 10:30:00,10336.7,37.150000000001455,5.149775,5.16835,10.318125,26.831875000001453
620,2020-07-01 12:15:00,10387.8,2020-07-03 13:45:00,10571.05,183.25,5.1939,5.285525,10.479424999999999,172.770575
621,2020-07-06 09:30:00,10713.7,2020-07-06 14:45:00,10750.55,36.849999999998545,5.3568500000000006,5.375274999999999,10.732125,26.117874999998545
622,2020-07-07 13:15:00,10766.7,2020-07-08 15:00:00,10724.2,-42.5,5.38335,5.362100000000001,10.745450000000002,-53.245450000000005
623,2020-07-09 10:15:00,10781.05,2020-07-10 11:15:00,10752.05,-29.0,5.390524999999999,5.376024999999999,10.766549999999999,-39.766549999999995
624,2020-07-10 13:45:00,10782.0,2020-07-13 12:15:00,10808.1,26.100000000000364,5.391,5.404050000000001,10.79505,15.304950000000364
625,2020-07-15 09:30:00,10713.9,2020-07-15 14:45:00,10689.85,-24.049999999999272,5.35695,5.344925,10.701875000000001,-34.75187499999927
626,2020-07-16 15:15:00,10746.05,2020-07-22 13:45:00,11107.35,361.3000000000011,5.373025,5.553675,10.9267,350.3733000000011
627,2020-07-23 09:45:00,11172.35,2020-07-24 10:45:00,11115.65,-56.70000000000073,5.586175,5.557825,11.144,-67.84400000000073
628,2020-07-24 14:15:00,11184.25,2020-07-27 11:30:00,11119.55,-64.70000000000073,5.592125,5.559775,11.151900000000001,-75.85190000000073
629,2020-07-28 12:00:00,11204.45,2020-07-29 14:15:00,11204.25,-0.2000000000007276,5.602225000000001,5.602125,11.204350000000002,-11.40435000000073
630,2020-07-30 10:15:00,11277.75,2020-07-30 13:00:00,11193.05,-84.70000000000073,5.6388750000000005,5.596525,11.2354,-95.93540000000073
631,2020-08-04 10:00:00,10973.65,2020-08-05 11:45:00,11133.15,159.5,5.486825,5.566575,11.0534,148.4466
632,2020-08-06 10:30:00,11177.2,2020-08-07 09:30:00,11170.25,-6.950000000000728,5.5886000000000005,5.585125,11.173725000000001,-18.12372500000073
633,2020-08-10 09:30:00,11307.05,2020-08-10 12:45:00,11310.2,3.150000000001455,5.653525,5.655100000000001,11.308625000000001,-8.158624999998546
634,2020-08-11 10:30:00,11358.35,2020-08-11 12:15:00,11320.05,-38.30000000000109,5.679175,5.660025,11.3392,-49.63920000000109
635,2020-08-12 12:30:00,11301.35,2020-08-13 12:30:00,11284.2,-17.149999999999636,5.650675000000001,5.6421,11.292775,-28.442774999999635
636,2020-08-14 12:00:00,11338.85,2020-08-14 13:45:00,11277.6,-61.25,5.669425,5.638800000000001,11.308225,-72.558225
637,2020-08-17 10:45:00,11226.15,2020-08-18 12:15:00,11306.45,80.30000000000109,5.613075,5.653225000000001,11.266300000000001,69.03370000000109
638,2020-08-18 14:15:00,11366.05,2020-08-20 09:30:00,11319.7,-46.349999999998545,5.683025,5.6598500000000005,11.342875,-57.692874999998544
639,2020-08-21 09:30:00,11405.95,2020-08-25 14:15:00,11439.45,33.5,5.702975,5.719725,11.4227,22.0773
640,2020-08-26 09:30:00,11500.65,2020-08-27 13:45:00,11565.95,65.30000000000109,5.750325,5.782975,11.5333,53.766700000001094
641,2020-08-28 09:45:00,11625.95,2020-08-31 11:00:00,11707.05,81.09999999999854,5.812975000000001,5.853524999999999,11.6665,69.43349999999855
642,2020-09-01 11:00:00,11454.45,2020-09-01 14:30:00,11446.1,-8.350000000000364,5.727225000000001,5.723050000000001,11.450275000000001,-19.800275000000365
643,2020-09-02 14:30:00,11533.35,2020-09-03 12:15:00,11519.5,-13.850000000000364,5.766675,5.75975,11.526425,-25.376425000000363
644,2020-09-07 14:00:00,11338.35,2020-09-08 14:45:00,11369.05,30.69999999999891,5.669175,5.684525,11.3537,19.34629999999891
645,2020-09-09 15:15:00,11280.75,2020-09-14 13:45:00,11504.6,223.85000000000036,5.640375,5.7523,11.392675,212.45732500000037
646,2020-09-15 09:45:00,11499.05,2020-09-17 11:30:00,11551.45,52.400000000001455,5.749524999999999,5.775725,11.52525,40.874750000001455
647,2020-09-18 11:45:00,11565.5,2020-09-21 10:00:00,11493.75,-71.75,5.78275,5.746875,11.529625,-83.279625
648,2020-09-22 13:45:00,11225.95,2020-09-23 12:15:00,11138.75,-87.20000000000073,5.6129750000000005,5.569375,11.18235,-98.38235000000073
649,2020-09-25 11:15:00,10918.45,2020-09-30 10:00:00,11194.95,276.5,5.459225000000001,5.597475,11.056700000000001,265.4433
650,2020-09-30 14:00:00,11269.45,2020-10-05 13:00:00,11494.4,224.9499999999989,5.634725,5.7472,11.381925,213.5680749999989
651,2020-10-06 09:30:00,11586.0,2020-10-08 14:45:00,11817.0,231.0,5.793,5.9085,11.7015,219.2985
652,2020-10-09 11:15:00,11915.15,2020-10-09 13:45:00,11869.3,-45.850000000000364,5.957575,5.9346499999999995,11.892225,-57.74222500000036
653,2020-10-12 09:15:00,11973.55,2020-10-12 12:15:00,11914.05,-59.5,5.986775,5.957025,11.9438,-71.4438
654,2020-10-13 10:30:00,11970.95,2020-10-13 12:45:00,11930.65,-40.30000000000109,5.985475,5.965325,11.950800000000001,-52.25080000000109
655,2020-10-14 14:45:00,11932.3,2020-10-15 13:15:00,11849.15,-83.14999999999964,5.96615,5.924575,11.890725,-95.04072499999964
656,2020-10-16 13:30:00,11774.9,2020-10-19 12:00:00,11836.15,61.25,5.88745,5.918075,11.805525,49.444475
657,2020-10-20 09:45:00,11909.2,2020-10-21 13:30:00,11909.4,0.1999999999989086,5.9546,5.9547,11.9093,-11.709300000001091
658,2020-10-22 10:00:00,11903.0,2020-10-26 09:30:00,11899.65,-3.350000000000364,5.9515,5.949825,11.901325,-15.251325000000364
659,2020-10-27 09:15:00,11807.1,2020-10-28 11:15:00,11816.8,9.699999999998909,5.90355,5.908399999999999,11.81195,-2.111950000001091
660,2020-10-30 09:45:00,11736.2,2020-10-30 11:15:00,11643.25,-92.95000000000073,5.8681,5.821625,11.689725,-104.63972500000072
661,2020-11-02 11:30:00,11633.35,2020-11-09 12:15:00,12375.45,742.1000000000004,5.816675,6.187725,12.0044,730.0956000000003
662,2020-11-09 14:15:00,12436.5,2020-11-11 11:30:00,12623.5,187.0,6.21825,6.31175,12.530000000000001,174.47
663,2020-11-11 14:30:00,12744.1,2020-11-12 10:30:00,12671.0,-73.10000000000036,6.372050000000001,6.335500000000001,12.707550000000001,-85.80755000000036
664,2020-11-13 13:15:00,12691.1,2020-11-18 12:45:00,12831.6,140.5,6.34555,6.4158,12.76135,127.73865
665,2020-11-18 14:00:00,12901.75,2020-11-19 13:30:00,12897.4,-4.350000000000364,6.450875,6.4487,12.899574999999999,-17.249575000000362
666,2020-11-20 14:00:00,12862.15,2020-11-25 10:45:00,13007.05,144.89999999999964,6.431075,6.503525,12.9346,131.96539999999965
667,2020-11-26 14:15:00,12934.5,2020-12-02 11:30:00,13068.15,133.64999999999964,6.46725,6.534075,13.001325,120.64867499999964
668,2020-12-02 15:15:00,13121.2,2020-12-04 12:30:00,13200.15,78.94999999999891,6.560600000000001,6.600075,13.160675000000001,65.78932499999891
669,2020-12-04 15:00:00,13245.05,2020-12-08 11:30:00,13329.85,84.80000000000109,6.6225249999999996,6.664925,13.28745,71.51255000000108
670,2020-12-08 14:00:00,13408.75,2020-12-10 09:45:00,13426.35,17.600000000000364,6.704375,6.713175000000001,13.41755,4.1824500000003635
671,2020-12-11 09:30:00,13538.85,2020-12-11 14:00:00,13496.55,-42.30000000000109,6.769425,6.748275,13.5177,-55.81770000000109
672,2020-12-14 09:30:00,13576.55,2020-12-14 13:00:00,13490.5,-86.04999999999927,6.788275,6.74525,13.533525000000001,-99.58352499999927
673,2020-12-14 15:15:00,13562.25,2020-12-15 10:15:00,13463.45,-98.79999999999927,6.781125,6.731725000000001,13.51285,-112.31284999999927
674,2020-12-15 12:15:00,13516.65,2020-12-18 10:00:00,13662.4,145.75,6.758325,6.8312,13.589525,132.160475
675,2020-12-18 14:00:00,13735.7,2020-12-21 12:45:00,13705.8,-29.900000000001455,6.867850000000001,6.8529,13.72075,-43.62075000000146
676,2020-12-22 14:00:00,13377.75,2020-12-29 11:00:00,13882.7,504.9500000000007,6.688875,6.941350000000001,13.630225000000001,491.31977500000073
677,2020-12-30 14:15:00,13943.05,2021-01-04 11:15:00,14017.65,74.60000000000036,6.971525,7.008825,13.98035,60.61965000000036
678,2021-01-04 13:30:00,14093.25,2021-01-05 10:15:00,14070.8,-22.450000000000728,7.046625000000001,7.0354,14.082025000000002,-36.53202500000073
679,2021-01-05 11:30:00,14128.75,2021-01-06 13:45:00,14154.8,26.049999999999272,7.064375,7.0774,14.141774999999999,11.908224999999273
680,2021-01-07 09:30:00,14222.95,2021-01-07 15:00:00,14176.55,-46.400000000001455,7.111475,7.088274999999999,14.19975,-60.59975000000146
681,2021-01-08 10:15:00,14252.9,2021-01-11 12:00:00,14403.25,150.35000000000036,7.12645,7.201625,14.328075,136.02192500000035
682,2021-01-11 14:45:00,14472.35,2021-01-13 11:30:00,14574.15,101.79999999999927,7.236175,7.287075,14.52325,87.27674999999927
683,2021-01-14 11:15:00,14567.45,2021-01-15 10:45:00,14516.95,-50.5,7.2837250000000004,7.258475000000001,14.542200000000001,-65.04220000000001
684,2021-01-18 14:15:00,14400.9,2021-01-19 09:15:00,14371.65,-29.25,7.20045,7.185825,14.386275000000001,-43.636275
685,2021-01-19 10:15:00,14412.5,2021-01-21 14:45:00,14677.8,265.2999999999993,7.20625,7.3389,14.54515,250.75484999999927
686,2021-01-29 09:30:00,13908.2,2021-01-29 12:15:00,13786.75,-121.45000000000073,6.9541,6.893375,13.847475,-135.29747500000073
687,2021-02-01 11:30:00,13848.55,2021-02-02 11:45:00,14547.6,699.0500000000011,6.924275,7.2738000000000005,14.198075,684.8519250000011
688,2021-02-02 14:30:00,14663.7,2021-02-04 09:30:00,14754.8,91.09999999999854,7.33185,7.3774,14.70925,76.39074999999855
689,2021-02-04 11:45:00,14829.45,2021-02-05 15:15:00,14919.65,90.19999999999891,7.414725000000001,7.459825,14.874550000000001,75.32544999999891
690,2021-02-08 09:30:00,15099.5,2021-02-10 09:30:00,15094.6,-4.899999999999636,7.54975,7.5473,15.09705,-19.997049999999636
691,2021-02-11 09:45:00,15137.35,2021-02-12 14:15:00,15117.05,-20.30000000000109,7.568675000000001,7.5585249999999995,15.1272,-35.42720000000109
692,2021-02-15 09:30:00,15307.15,2021-02-16 12:30:00,15347.4,40.25,7.653575,7.6737,15.327275,24.922725
693,2021-02-17 12:30:00,15293.9,2021-02-17 13:45:00,15195.25,-98.64999999999964,7.64695,7.597625,15.244575000000001,-113.89457499999963
694,2021-02-23 10:45:00,14845.25,2021-02-23 14:45:00,14725.5,-119.75,7.422625,7.36275,14.785375,-134.535375
695,2021-02-25 09:15:00,15079.85,2021-02-25 12:00:00,15086.6,6.75,7.539925,7.5433,15.083225,-8.333225
696,2021-02-25 14:30:00,15167.35,2021-02-26 09:30:00,14901.1,-266.25,7.583675,7.450550000000001,15.034225000000001,-281.284225
697,2021-03-01 10:30:00,14785.3,2021-03-01 12:30:00,14644.0,-141.29999999999927,7.39265,7.322,14.714649999999999,-156.01464999999928
698,2021-03-02 09:15:00,14865.3,2021-03-02 11:30:00,14790.6,-74.69999999999891,7.43265,7.395300000000001,14.827950000000001,-89.52794999999891
699,2021-03-03 09:15:00,15064.4,2021-03-04 12:15:00,15134.75,70.35000000000036,7.5322,7.567375,15.099575,55.25042500000036
700,2021-03-08 10:00:00,15091.05,2021-03-08 12:45:00,14980.65,-110.39999999999964,7.545525,7.490325,15.03585,-125.43584999999963
701,2021-03-09 11:45:00,15082.15,2021-03-09 13:15:00,14973.1,-109.04999999999927,7.541075,7.48655,15.027625,-124.07762499999927
702,2021-03-09 15:15:00,15114.55,2021-03-10 11:45:00,15131.05,16.5,7.557275,7.565525,15.1228,1.3772000000000002
703,2021-03-10 14:30:00,15184.5,2021-03-12 12:30:00,15229.15,44.649999999999636,7.59225,7.614575,15.206825,29.443174999999634
704,2021-03-15 15:00:00,14894.8,2021-03-16 13:15:00,14939.25,44.45000000000073,7.4474,7.469625,14.917024999999999,29.53297500000073
705,2021-03-19 11:00:00,14598.35,2021-03-22 12:30:00,14634.35,36.0,7.299175,7.317175000000001,14.61635,21.38365
706,2021-03-22 15:15:00,14756.3,2021-03-24 09:30:00,14722.4,-33.899999999999636,7.37815,7.3612,14.73935,-48.63934999999964
707,2021-03-25 14:45:00,14432.2,2021-03-31 10:15:00,14747.2,315.0,7.216100000000001,7.373600000000001,14.5897,300.4103
708,2021-04-01 13:00:00,14761.3,2021-04-05 10:00:00,14666.0,-95.29999999999927,7.38065,7.333,14.713650000000001,-110.01364999999927
709,2021-04-05 13:30:00,14601.05,2021-04-06 13:45:00,14638.85,37.80000000000109,7.3005249999999995,7.319425000000001,14.61995,23.180050000001092
710,2021-04-07 09:45:00,14772.15,2021-04-08 12:15:00,14889.0,116.85000000000036,7.386075,7.444500000000001,14.830575,102.01942500000037
711,2021-04-08 13:45:00,14973.9,2021-04-08 15:00:00,14840.3,-133.60000000000036,7.48695,7.42015,14.9071,-148.50710000000038
712,2021-04-13 10:15:00,14442.75,2021-04-13 11:45:00,14322.0,-120.75,7.221375,7.1610000000000005,14.382375,-135.132375
713,2021-04-13 14:15:00,14463.95,2021-04-15 11:15:00,14366.4,-97.55000000000109,7.231975,7.1832,14.415175000000001,-111.9651750000011
714,2021-04-15 13:45:00,14473.6,2021-04-19 09:30:00,14265.3,-208.3000000000011,7.236800000000001,7.13265,14.36945,-222.6694500000011
715,2021-04-19 13:30:00,14328.0,2021-04-20 11:30:00,14390.1,62.100000000000364,7.164000000000001,7.19505,14.35905,47.74095000000037
716,2021-04-22 12:00:00,14317.1,2021-04-23 14:30:00,14313.65,-3.4500000000007276,7.15855,7.1568249999999995,14.315375,-17.765375000000727
717,2021-04-26 09:45:00,14512.2,2021-04-26 13:45:00,14470.0,-42.20000000000073,7.256100000000001,7.235,14.491100000000001,-56.69110000000073
718,2021-04-27 10:00:00,14567.1,2021-04-30 09:30:00,14805.1,238.0,7.28355,7.402550000000001,14.6861,223.3139
719,2021-05-03 14:45:00,14662.4,2021-05-04 14:45:00,14491.6,-170.79999999999927,7.3312,7.2458,14.577,-185.37699999999927
720,2021-05-05 10:45:00,14593.05,2021-05-07 13:15:00,14778.05,185.0,7.296525,7.389025,14.68555,170.31445
721,2021-05-07 15:00:00,14839.1,2021-05-11 09:30:00,14827.05,-12.050000000001091,7.41955,7.413525,14.833075000000001,-26.883075000001092
722,2021-05-11 12:30:00,14897.6,2021-05-11 13:30:00,14819.0,-78.60000000000036,7.4488,7.4095,14.8583,-93.45830000000036
723,2021-05-12 13:15:00,14775.1,2021-05-12 15:00:00,14653.55,-121.55000000000109,7.38755,7.326775,14.714324999999999,-136.2643250000011
724,2021-05-17 09:30:00,14733.2,2021-05-19 11:30:00,15071.25,338.0499999999993,7.366600000000001,7.5356250000000005,14.902225000000001,323.1477749999993
725,2021-05-21 09:45:00,15040.65,2021-05-25 13:30:00,15216.75,176.10000000000036,7.520325,7.6083750000000006,15.1287,160.97130000000035
726,2021-05-26 10:15:00,15242.4,2021-05-27 14:30:00,15292.25,49.850000000000364,7.6212,7.6461250000000005,15.267325,34.582675000000364
727,2021-05-28 09:30:00,15434.45,2021-06-01 11:15:00,15556.35,121.89999999999964,7.717225000000001,7.778175,15.4954,106.40459999999963
728,2021-06-02 15:00:00,15557.2,2021-06-03 13:30:00,15630.5,73.29999999999927,7.778600000000001,7.81525,15.59385,57.70614999999927
729,2021-06-03 15:15:00,15695.65,2021-06-04 11:30:00,15653.4,-42.25,7.847825,7.8267,15.674525,-57.924525
730,2021-06-07 09:30:00,15700.9,2021-06-08 12:00:00,15717.65,16.75,7.85045,7.858825,15.709275000000002,1.0407249999999983
731,2021-06-08 15:00:00,15747.4,2021-06-09 14:30:00,15642.7,-104.69999999999891,7.8737,7.821350000000001,15.695050000000002,-120.39504999999892
732,2021-06-10 09:45:00,15700.05,2021-06-11 12:15:00,15753.85,53.80000000000109,7.850025,7.876925,15.726949999999999,38.07305000000109
733,2021-06-14 13:00:00,15744.65,2021-06-16 09:15:00,15847.5,102.85000000000036,7.872325,7.92375,15.796075,87.05392500000036
734,2021-06-16 14:30:00,15824.1,2021-06-17 09:15:00,15648.3,-175.8000000000011,7.912050000000001,7.8241499999999995,15.7362,-191.5362000000011
735,2021-06-18 09:30:00,15729.1,2021-06-18 10:30:00,15560.2,-168.89999999999964,7.86455,7.780100000000001,15.644650000000002,-184.54464999999965
736,2021-06-18 14:30:00,15661.75,2021-06-22 14:00:00,15814.15,152.39999999999964,7.830875,7.907075,15.73795,136.66204999999962
737,2021-06-24 10:45:00,15755.95,2021-06-28 12:00:00,15834.35,78.39999999999964,7.877975,7.917175,15.79515,62.60484999999964
738,2021-06-30 10:00:00,15793.75,2021-06-30 14:30:00,15762.55,-31.200000000000728,7.8968750000000005,7.881275,15.77815,-46.978150000000724
739,2021-07-02 12:30:00,15683.3,2021-07-06 14:45:00,15847.7,164.40000000000146,7.84165,7.923850000000001,15.7655,148.63450000000145
740,2021-07-07 14:15:00,15854.6,2021-07-08 11:45:00,15819.45,-35.149999999999636,7.927300000000001,7.909725000000001,15.837025,-50.98702499999963
741,2021-07-12 09:15:00,15766.8,2021-07-12 13:15:00,15701.7,-65.09999999999854,7.8834,7.85085,15.73425,-80.83424999999855
742,2021-07-13 09:30:00,15763.9,2021-07-16 12:15:00,15909.15,145.25,7.88195,7.954575,15.836525,129.413475
743,2021-07-20 13:15:00,15670.35,2021-07-22 09:15:00,15736.6,66.25,7.8351750000000004,7.8683000000000005,15.703475000000001,50.546525
744,2021-07-22 09:30:00,15757.2,2021-07-22 14:45:00,15776.8,19.599999999998545,7.8786000000000005,7.8884,15.767,3.8329999999985453
745,2021-07-23 09:30:00,15853.85,2021-07-26 14:00:00,15844.75,-9.100000000000364,7.926925000000001,7.922375,15.8493,-24.949300000000363
746,2021-07-27 10:30:00,15876.0,2021-07-27 11:30:00,15834.3,-41.70000000000073,7.938,7.9171499999999995,15.855149999999998,-57.55515000000072
747,2021-07-28 13:15:00,15666.05,2021-07-30 15:15:00,15749.05,83.0,7.833025,7.874525,15.707550000000001,67.29245
748,2021-08-02 10:45:00,15862.4,2021-08-04 12:00:00,16213.05,350.64999999999964,7.9312,8.106525,16.037725,334.6122749999996
749,2021-08-04 14:30:00,16278.9,2021-08-06 11:45:00,16241.3,-37.600000000000364,8.13945,8.12065,16.2601,-53.860100000000365
750,2021-08-09 10:00:00,16312.1,2021-08-09 12:30:00,16235.35,-76.75,8.15605,8.117675,16.273725,-93.023725
751,2021-08-10 09:30:00,16317.8,2021-08-10 14:00:00,16279.3,-38.5,8.1589,8.13965,16.29855,-54.79855
752,2021-08-11 13:30:00,16251.55,2021-08-17 12:15:00,16525.8,274.25,8.125774999999999,8.2629,16.388675,257.861325
753,2021-08-17 14:15:00,16576.25,2021-08-18 12:15:00,16640.15,63.900000000001455,8.288125,8.320075000000001,16.608200000000004,47.29180000000145
754,2021-08-23 09:30:00,16549.2,2021-08-25 14:45:00,16630.7,81.5,8.274600000000001,8.31535,16.58995,64.91005
755,2021-08-27 11:15:00,16667.2,2021-09-01 12:00:00,17087.85,420.6499999999978,8.3336,8.543925,16.877525,403.7724749999978
756,2021-09-02 11:00:00,17140.85,2021-09-06 11:45:00,17355.05,214.20000000000073,8.570425,8.677525,17.24795,196.95205000000072
757,2021-09-07 12:30:00,17409.3,2021-09-08 09:15:00,17375.75,-33.54999999999927,8.704649999999999,8.687875,17.392525,-50.94252499999927
758,2021-09-09 09:15:00,17312.85,2021-09-13 10:15:00,17286.55,-26.299999999999272,8.656424999999999,8.643275,17.299699999999998,-43.599699999999274
759,2021-09-13 11:45:00,17327.8,2021-09-14 13:00:00,17395.05,67.25,8.6639,8.697525,17.361425,49.888575
760,2021-09-15 10:00:00,17436.8,2021-09-17 12:15:00,17620.85,184.04999999999927,8.718399999999999,8.810424999999999,17.528824999999998,166.5211749999993
761,2021-09-20 11:15:00,17610.1,2021-09-20 13:45:00,17502.4,-107.69999999999709,8.80505,8.7512,17.55625,-125.2562499999971
762,2021-09-21 13:15:00,17454.3,2021-09-24 12:45:00,17864.4,410.1000000000022,8.72715,8.932200000000002,17.659350000000003,392.44065000000217
763,2021-09-27 09:45:00,17939.95,2021-09-27 11:45:00,17811.4,-128.54999999999927,8.969975,8.905700000000001,17.875675,-146.42567499999927
764,2021-09-27 13:00:00,17872.0,2021-09-28 11:00:00,17812.6,-59.400000000001455,8.936,8.9063,17.8423,-77.24230000000145
765,2021-09-29 13:30:00,17719.65,2021-09-30 10:30:00,17691.7,-27.950000000000728,8.859825,8.84585,17.705675,-45.65567500000073
766,2021-10-01 15:15:00,17532.3,2021-10-04 12:30:00,17659.6,127.29999999999927,8.76615,8.829799999999999,17.59595,109.70404999999927
767,2021-10-05 12:45:00,17731.4,2021-10-06 14:30:00,17711.05,-20.350000000002183,8.8657,8.855525,17.721225,-38.07122500000219
768,2021-10-07 09:45:00,17817.75,2021-10-07 15:15:00,17790.75,-27.0,8.908875,8.895375,17.80425,-44.804249999999996
769,2021-10-08 10:00:00,17887.35,2021-10-11 15:15:00,17951.05,63.70000000000073,8.943674999999999,8.975525,17.919199999999996,45.78080000000073
770,2021-10-12 14:30:00,17975.7,2021-10-14 13:30:00,18261.5,285.7999999999993,8.98785,9.13075,18.1186,267.68139999999926
771,2021-10-14 15:00:00,18330.65,2021-10-19 15:00:00,18486.85,156.1999999999971,9.165325000000001,9.243425,18.40875,137.7912499999971
772,2021-10-21 09:30:00,18292.6,2021-10-21 11:00:00,18143.65,-148.9499999999971,9.1463,9.071825,18.218125,-167.16812499999708
773,2021-10-22 09:15:00,18230.7,2021-10-22 12:15:00,18145.6,-85.10000000000218,9.115350000000001,9.072799999999999,18.18815,-103.28815000000219
774,2021-10-25 11:15:00,18116.6,2021-10-26 11:00:00,18150.8,34.20000000000073,9.0583,9.0754,18.133699999999997,16.06630000000073
775,2021-10-26 13:45:00,18230.6,2021-10-27 14:45:00,18221.0,-9.599999999998545,9.1153,9.1105,18.2258,-27.825799999998544
776,2021-11-01 12:30:00,17794.5,2021-11-03 12:15:00,17897.3,102.79999999999927,8.89725,8.94865,17.8459,84.95409999999927
777,2021-11-08 11:15:00,17918.1,2021-11-09 15:00:00,18005.15,87.05000000000291,8.95905,9.002575,17.961624999999998,69.08837500000291
778,2021-11-10 14:15:00,18049.95,2021-11-11 09:30:00,17935.25,-114.70000000000073,9.024975000000001,8.967625,17.992600000000003,-132.69260000000074
779,2021-11-12 09:30:00,17981.15,2021-11-15 11:45:00,18102.95,121.79999999999927,8.990575000000002,9.051475,18.042050000000003,103.75794999999927
780,2021-11-16 13:00:00,18089.85,2021-11-16 15:15:00,18002.3,-87.54999999999927,9.044925,9.001149999999999,18.046075,-105.59607499999927
781,2021-11-18 15:00:00,17820.0,2021-11-22 10:30:00,17602.75,-217.25,8.91,8.801375,17.711375,-234.961375
782,2021-11-23 12:00:00,17452.35,2021-11-24 14:30:00,17510.6,58.25,8.726175,8.7553,17.481475,40.768525
783,2021-11-25 11:30:00,17489.9,2021-11-26 09:30:00,17296.85,-193.0500000000029,8.744950000000001,8.648425,17.393375,-210.4433750000029
784,2021-11-29 12:15:00,17154.55,2021-11-29 15:15:00,17053.55,-101.0,8.577275,8.526775,17.10405,-118.10405
785,2021-11-30 09:45:00,17246.65,2021-11-30 11:30:00,17104.75,-141.90000000000146,8.623325000000001,8.552375,17.1757,-159.07570000000146
786,2021-12-01 10:45:00,17156.75,2021-12-01 14:15:00,17089.9,-66.84999999999854,8.578375,8.54495,17.123325,-83.97332499999854
787,2021-12-02 09:15:00,17183.2,2021-12-03 12:45:00,17315.95,132.75,8.5916,8.657975,17.249575,115.500425
788,2021-12-07 10:00:00,17088.35,2021-12-09 10:30:00,17384.2,295.8500000000022,8.544175,8.6921,17.236275,278.6137250000022
789,2021-12-09 12:45:00,17496.45,2021-12-10 11:15:00,17461.1,-35.35000000000218,8.748225,8.73055,17.478775,-52.82877500000218
790,2021-12-10 14:30:00,17476.25,2021-12-13 11:15:00,17567.4,91.15000000000146,8.738125,8.783700000000001,17.521825,73.62817500000145
791,2021-12-14 12:15:00,17339.7,2021-12-15 10:45:00,17208.35,-131.35000000000218,8.66985,8.604175,17.274025,-148.62402500000218
792,2021-12-15 14:15:00,17282.9,2021-12-16 12:15:00,17220.85,-62.05000000000291,8.64145,8.610425,17.251875,-79.30187500000291
793,2021-12-17 14:00:00,17093.95,2021-12-17 15:00:00,16988.75,-105.20000000000073,8.546975,8.494375,17.04135,-122.24135000000072
794,2021-12-20 15:15:00,16619.1,2021-12-21 14:15:00,16792.85,173.75,8.30955,8.396424999999999,16.705975,157.044025
795,2021-12-22 11:00:00,16867.3,2021-12-24 10:15:00,16944.7,77.40000000000146,8.43365,8.47235,16.906,60.494000000001456
796,2021-12-24 14:00:00,17010.55,2021-12-27 09:30:00,16939.0,-71.54999999999927,8.505275,8.4695,16.974775,-88.52477499999927
797,2021-12-27 12:00:00,17021.0,2021-12-29 11:45:00,17216.65,195.65000000000146,8.5105,8.608325,17.118825,178.53117500000144
798,2021-12-29 14:15:00,17244.85,2021-12-30 15:00:00,17204.5,-40.349999999998545,8.622425,8.60225,17.224674999999998,-57.57467499999854
799,2021-12-31 09:45:00,17340.15,2021-12-31 15:15:00,17351.4,11.25,8.670075,8.6757,17.345775000000003,-6.095775000000003
800,2022-01-03 10:00:00,17496.3,2022-01-06 09:30:00,17723.25,226.95000000000073,8.748149999999999,8.861625,17.609775,209.34022500000071
801,2022-01-06 14:30:00,17774.15,2022-01-07 12:00:00,17803.5,29.349999999998545,8.887075000000001,8.90175,17.788825000000003,11.561174999998542
