trade,entry_time,entry_price,exit_time,exit_price,gross_pnl,entry_cost,exit_cost,total_cost,net_pnl
1,2015-01-19 14:00:00,8566.05,2015-01-22 14:15:00,8735.05,169.0,6.85284,6.98804,13.840879999999999,155.15912
2,2015-01-23 09:30:00,8852.8,2015-01-23 13:45:00,8809.7,-43.099999999998545,7.08224,7.047760000000001,14.13,-57.22999999999855
3,2015-01-27 10:00:00,8857.3,2015-01-28 14:00:00,8900.7,43.400000000001455,7.08584,7.120560000000001,14.206400000000002,29.193600000001453
4,2015-01-29 15:15:00,8954.05,2015-01-30 11:00:00,8903.85,-50.19999999999891,7.16324,7.123080000000001,14.28632,-64.48631999999891
5,2015-02-02 15:15:00,8797.1,2015-02-03 13:00:00,8737.4,-59.70000000000073,7.037680000000001,6.98992,14.0276,-73.72760000000073
6,2015-02-05 13:15:00,8778.2,2015-02-05 15:15:00,8708.0,-70.20000000000073,7.022560000000001,6.9664,13.988960000000002,-84.18896000000073
7,2015-02-06 13:00:00,8714.65,2015-02-06 15:15:00,8654.75,-59.899999999999636,6.97172,6.9238,13.895520000000001,-73.79551999999964
8,2015-02-10 10:45:00,8601.3,2015-02-10 13:15:00,8569.2,-32.099999999998545,6.88104,6.855360000000001,13.7364,-45.83639999999855
9,2015-02-11 09:30:00,8608.3,2015-02-16 12:15:00,8823.1,214.8000000000011,6.88664,7.05848,13.94512,200.8548800000011
10,2015-02-18 10:30:00,8853.2,2015-02-19 11:00:00,8839.1,-14.100000000000364,7.082560000000001,7.071280000000001,14.153840000000002,-28.253840000000366
11,2015-02-19 15:15:00,8905.35,2015-02-23 09:15:00,8856.85,-48.5,7.124280000000001,7.0854800000000004,14.209760000000001,-62.70976
12,2015-02-25 09:30:00,8828.2,2015-02-25 14:15:00,8771.4,-56.80000000000109,7.062560000000001,7.01712,14.079680000000002,-70.87968000000109
13,2015-02-27 11:30:00,8748.4,2015-02-28 13:30:00,8771.5,23.100000000000364,6.99872,7.017200000000001,14.015920000000001,9.084080000000363
14,2015-02-28 15:15:00,8908.8,2015-03-02 11:30:00,8914.05,5.25,7.12704,7.13124,14.25828,-9.00828
15,2015-03-02 15:15:00,8959.3,2015-03-04 12:00:00,9042.05,82.75,7.16744,7.233639999999999,14.40108,68.34891999999999
16,2015-03-05 15:00:00,8916.3,2015-03-09 09:45:00,8817.0,-99.29999999999927,7.133039999999999,7.0536,14.18664,-113.48663999999927
17,2015-03-11 10:15:00,8739.85,2015-03-13 10:45:00,8739.75,-0.1000000000003638,6.991880000000001,6.9918000000000005,13.983680000000001,-14.083680000000365
18,2015-03-17 09:30:00,8675.8,2015-03-17 13:00:00,8664.4,-11.399999999999636,6.94064,6.93152,13.872160000000001,-25.272159999999637
19,2015-03-18 10:15:00,8710.95,2015-03-18 14:45:00,8673.35,-37.600000000000364,6.9687600000000005,6.938680000000001,13.907440000000001,-51.507440000000365
20,2015-03-19 09:45:00,8775.6,2015-03-19 11:15:00,8741.05,-34.55000000000109,7.020480000000001,6.99284,14.01332,-48.56332000000109
21,2015-03-24 11:00:00,8582.1,2015-03-25 09:45:00,8549.65,-32.45000000000073,6.86568,6.83972,13.705400000000001,-46.155400000000725
22,2015-03-27 15:00:00,8354.3,2015-04-01 11:30:00,8484.2,129.90000000000146,6.68344,6.7873600000000005,13.4708,116.42920000000146
23,2015-04-01 13:30:00,8530.95,2015-04-10 13:15:00,8748.15,217.1999999999989,6.824760000000001,6.99852,13.82328,203.3767199999989
24,2015-04-13 10:45:00,8780.3,2015-04-15 10:45:00,8804.95,24.650000000001455,7.02424,7.043960000000001,14.068200000000001,10.581800000001454
25,2015-04-15 14:45:00,8830.3,2015-04-16 09:45:00,8732.6,-97.69999999999891,7.06424,6.98608,14.05032,-111.75031999999891
26,2015-04-21 13:00:00,8447.05,2015-04-21 15:00:00,8390.05,-57.0,6.757639999999999,6.71204,13.46968,-70.46968
27,2015-04-22 15:15:00,8440.6,2015-04-23 11:00:00,8413.3,-27.30000000000109,6.75248,6.73064,13.48312,-40.78312000000109
28,2015-04-28 15:00:00,8278.9,2015-04-30 09:30:00,8166.55,-112.34999999999945,6.62312,6.53324,13.15636,-125.50635999999946
29,2015-04-30 12:00:00,8190.05,2015-05-05 13:00:00,8320.05,129.9999999999991,6.552040000000001,6.65604,13.20808,116.7919199999991
30,2015-05-08 09:30:00,8150.65,2015-05-12 09:45:00,8212.5,61.850000000000364,6.52052,6.57,13.090520000000001,48.759480000000366
31,2015-05-13 10:00:00,8247.45,2015-05-13 11:15:00,8123.2,-124.25000000000091,6.5979600000000005,6.49856,13.096520000000002,-137.3465200000009
32,2015-05-13 13:30:00,8217.1,2015-05-14 11:00:00,8175.85,-41.25,6.57368,6.540680000000001,13.114360000000001,-54.364360000000005
33,2015-05-14 15:00:00,8211.2,2015-05-20 09:15:00,8392.65,181.4499999999989,6.568960000000001,6.71412,13.283080000000002,168.1669199999989
34,2015-05-20 09:45:00,8425.15,2015-05-21 11:30:00,8392.1,-33.04999999999927,6.74012,6.713680000000001,13.453800000000001,-46.50379999999927
35,2015-05-21 13:45:00,8428.65,2015-05-25 09:30:00,8429.45,0.8000000000010914,6.74292,6.743560000000001,13.48648,-12.686479999998909
36,2015-05-27 15:15:00,8329.45,2015-05-28 11:30:00,8313.1,-16.350000000000364,6.663560000000001,6.650480000000001,13.314040000000002,-29.664040000000366
37,2015-05-28 14:45:00,8303.05,2015-06-02 09:15:00,8442.8,139.75,6.64244,6.754239999999999,13.39668,126.35332
38,2015-06-04 11:15:00,8141.65,2015-06-04 13:00:00,8106.1,-35.54999999999927,6.51332,6.48488,12.9982,-48.54819999999927
39,2015-06-05 09:15:00,8119.15,2015-06-08 09:30:00,8081.5,-37.649999999999636,6.49532,6.4652,12.96052,-50.61051999999964
40,2015-06-09 14:00:00,8045.7,2015-06-11 10:45:00,8070.95,25.25,6.43656,6.45676,12.89332,12.35668
41,2015-06-15 09:15:00,7986.6,2015-06-15 15:15:00,8016.45,29.849999999999454,6.38928,6.41316,12.80244,17.047559999999454
42,2015-06-16 14:45:00,8013.95,2015-06-25 09:15:00,8336.25,322.3000000000002,6.41116,6.6690000000000005,13.08016,309.2198400000002
43,2015-06-25 13:15:00,8389.35,2015-06-26 11:15:00,8376.2,-13.149999999999636,6.711480000000001,6.700960000000001,13.412440000000002,-26.56243999999964
44,2015-06-26 14:15:00,8389.6,2015-06-29 09:30:00,8233.3,-156.3000000000011,6.71168,6.58664,13.29832,-169.59832000000108
45,2015-06-29 13:15:00,8248.2,2015-07-03 09:15:00,8440.1,191.89999999999964,6.598560000000001,6.75208,13.350640000000002,178.54935999999964
46,2015-07-03 10:15:00,8496.0,2015-07-03 14:30:00,8467.3,-28.700000000000728,6.7968,6.77384,13.570640000000001,-42.270640000000725
47,2015-07-06 12:45:00,8451.6,2015-07-07 14:30:00,8502.25,50.649999999999636,6.76128,6.8018,13.56308,37.08691999999964
48,2015-07-08 14:45:00,8413.75,2015-07-09 11:45:00,8352.55,-61.20000000000073,6.731000000000001,6.68204,13.41304,-74.61304000000072
49,2015-07-13 09:30:00,8374.1,2015-07-14 11:45:00,8428.4,54.29999999999927,6.699280000000001,6.74272,13.442,40.85799999999927
50,2015-07-14 14:15:00,8471.95,2015-07-20 10:15:00,8581.15,109.19999999999891,6.777560000000001,6.86492,13.64248,95.5575199999989
51,2015-07-20 14:30:00,8590.45,2015-07-21 13:15:00,8598.9,8.449999999998909,6.8723600000000005,6.87912,13.75148,-5.301480000001092
52,2015-07-22 11:00:00,8575.45,2015-07-23 12:45:00,8610.1,34.649999999999636,6.860360000000001,6.88808,13.748440000000002,20.901559999999634
53,2015-07-29 13:15:00,8374.8,2015-07-30 14:45:00,8417.8,43.0,6.69984,6.73424,13.43408,29.56592
54,2015-07-31 10:30:00,8475.35,2015-08-04 09:15:00,8564.1,88.75,6.78028,6.851280000000001,13.63156,75.11843999999999
55,2015-08-04 14:45:00,8523.6,2015-08-07 14:00:00,8567.5,43.899999999999636,6.818880000000001,6.854,13.672880000000001,30.227119999999637
56,2015-08-10 10:00:00,8608.65,2015-08-10 13:45:00,8590.65,-18.0,6.88692,6.87252,13.75944,-31.759439999999998
57,2015-08-13 10:45:00,8396.9,2015-08-17 11:15:00,8441.85,44.95000000000073,6.71752,6.753480000000001,13.471,31.479000000000728
58,2015-08-17 12:45:00,8508.35,2015-08-18 09:15:00,8503.75,-4.600000000000364,6.806680000000001,6.803,13.60968,-18.209680000000365
59,2015-08-18 10:30:00,8520.35,2015-08-18 12:00:00,8478.45,-41.899999999999636,6.816280000000001,6.782760000000001,13.599040000000002,-55.49903999999964
60,2015-08-19 11:30:00,8517.5,2015-08-20 10:00:00,8471.85,-45.649999999999636,6.814,6.777480000000001,13.59148,-59.24147999999964
61,2015-08-21 15:00:00,8319.05,2015-08-24 09:30:00,8025.0,-294.0499999999993,6.65524,6.42,13.07524,-307.1252399999993
62,2015-08-25 12:45:00,7825.85,2015-08-26 12:45:00,7845.45,19.599999999999454,6.260680000000001,6.27636,12.537040000000001,7.062959999999453
63,2015-08-27 10:00:00,7889.45,2015-08-28 13:45:00,8005.1,115.65000000000055,6.31156,6.40408,12.71564,102.93436000000054
64,2015-08-31 11:15:00,8012.85,2015-08-31 15:15:00,7968.6,-44.25,6.41028,6.374880000000001,12.785160000000001,-57.035160000000005
65,2015-09-02 10:30:00,7833.9,2015-09-02 13:30:00,7774.7,-59.19999999999982,6.26712,6.21976,12.48688,-71.68687999999982
66,2015-09-03 10:00:00,7804.0,2015-09-04 09:30:00,7751.6,-52.399999999999636,6.2432,6.201280000000001,12.44448,-64.84447999999963
67,2015-09-08 13:00:00,7635.25,2015-09-10 09:30:00,7706.95,71.69999999999982,6.1082,6.16556,12.27376,59.42623999999982
68,2015-09-10 12:15:00,7746.35,2015-09-11 12:45:00,7805.1,58.75,6.197080000000001,6.24408,12.44116,46.308840000000004
69,2015-09-14 11:00:00,7827.05,2015-09-15 11:30:00,7829.0,1.949999999999818,6.261640000000001,6.2632,12.524840000000001,-10.574840000000183
70,2015-09-16 09:30:00,7868.0,2015-09-18 14:30:00,8014.9,146.89999999999964,6.2944,6.41192,12.706320000000002,134.19367999999963
71,2015-09-21 11:00:00,7955.05,2015-09-22 13:00:00,7980.7,25.649999999999636,6.36404,6.3845600000000005,12.7486,12.901399999999636
72,2015-09-23 12:30:00,7809.05,2015-09-24 10:00:00,7820.55,11.5,6.247240000000001,6.2564400000000004,12.503680000000001,-1.003680000000001
73,2015-09-24 12:30:00,7854.7,2015-09-28 15:00:00,7805.3,-49.399999999999636,6.28376,6.2442400000000005,12.528,-61.927999999999635
74,2015-09-29 12:15:00,7797.8,2015-09-30 09:15:00,7924.25,126.44999999999982,6.23824,6.3394,12.57764,113.87235999999982
75,2015-09-30 14:30:00,7916.75,2015-10-01 10:45:00,7960.0,43.25,6.3334,6.368,12.7014,30.5486
76,2015-10-05 09:30:00,8048.5,2015-10-06 12:15:00,8117.3,68.80000000000018,6.4388000000000005,6.4938400000000005,12.932640000000001,55.86736000000018
77,2015-10-07 09:30:00,8156.8,2015-10-07 12:30:00,8149.7,-7.100000000000364,6.525440000000001,6.51976,13.045200000000001,-20.145200000000365
78,2015-10-08 09:15:00,8196.75,2015-10-08 11:15:00,8144.9,-51.850000000000364,6.5574,6.51592,13.07332,-64.92332000000036
79,2015-10-09 09:30:00,8215.3,2015-10-09 12:00:00,8188.3,-26.99999999999909,6.57224,6.5506400000000005,13.12288,-40.12287999999909
80,2015-10-09 15:00:00,8186.45,2015-10-12 13:30:00,8184.35,-2.0999999999994543,6.5491600000000005,6.54748,13.09664,-15.196639999999455
81,2015-10-14 11:00:00,8133.1,2015-10-14 13:15:00,8106.0,-27.100000000000364,6.506480000000001,6.4848,12.99128,-40.09128000000037
82,2015-10-15 10:00:00,8176.45,2015-10-16 11:00:00,8167.75,-8.699999999999818,6.5411600000000005,6.5342,13.07536,-21.775359999999818
83,2015-10-16 14:30:00,8222.05,2015-10-20 14:30:00,8241.2,19.150000000001455,6.57764,6.592960000000001,13.1706,5.979400000001455
84,2015-10-21 10:15:00,8288.25,2015-10-21 12:15:00,8245.1,-43.149999999999636,6.6306,6.596080000000001,13.226680000000002,-56.37667999999964
85,2015-10-23 09:30:00,8308.8,2015-10-23 13:15:00,8296.1,-12.699999999998909,6.64704,6.636880000000001,13.28392,-25.98391999999891
86,2015-10-27 13:00:00,8232.2,2015-10-28 10:45:00,8192.9,-39.30000000000109,6.5857600000000005,6.55432,13.140080000000001,-52.44008000000109
87,2015-10-30 12:00:00,8136.5,2015-10-30 14:00:00,8095.75,-40.75,6.5092,6.4766,12.985800000000001,-53.7358
88,2015-11-02 15:15:00,8050.75,2015-11-03 13:45:00,8044.15,-6.600000000000364,6.4406,6.43532,12.87592,-19.475920000000364
89,2015-11-04 09:30:00,8104.25,2015-11-04 14:00:00,8067.3,-36.94999999999982,6.4834000000000005,6.4538400000000005,12.937240000000001,-49.88723999999982
90,2015-11-09 11:15:00,7869.15,2015-11-10 10:15:00,7857.7,-11.449999999999818,6.29532,6.28616,12.581479999999999,-24.031479999999817
91,2015-11-13 13:15:00,7764.6,2015-11-16 10:00:00,7721.75,-42.850000000000364,6.21168,6.1774000000000004,12.38908,-55.239080000000364
92,2015-11-16 11:30:00,7772.25,2015-11-17 12:45:00,7797.0,24.75,6.2178,6.2376000000000005,12.455400000000001,12.294599999999999
93,2015-11-17 14:15:00,7856.45,2015-11-18 11:15:00,7818.25,-38.19999999999982,6.28516,6.2546,12.539760000000001,-50.73975999999982
94,2015-11-19 10:30:00,7796.55,2015-11-20 15:15:00,7853.6,57.05000000000018,6.237240000000001,6.2828800000000005,12.520120000000002,44.529880000000176
95,2015-11-24 10:15:00,7861.75,2015-11-27 12:15:00,7898.95,37.19999999999982,6.2894000000000005,6.31916,12.60856,24.591439999999817
96,2015-11-27 14:15:00,7930.85,2015-12-01 14:00:00,7942.25,11.399999999999636,6.34468,6.353800000000001,12.69848,-1.2984800000003638
97,2015-12-03 14:15:00,7906.1,2015-12-03 15:15:00,7860.8,-45.30000000000018,6.32488,6.28864,12.613520000000001,-57.91352000000018
98,2015-12-04 13:45:00,7814.5,2015-12-04 15:00:00,7790.05,-24.449999999999818,6.251600000000001,6.2320400000000005,12.483640000000001,-36.93363999999982
99,2015-12-10 12:45:00,7641.8,2015-12-11 11:45:00,7643.65,1.8499999999994543,6.113440000000001,6.11492,12.22836,-10.378360000000546
100,2015-12-14 12:00:00,7634.65,2015-12-14 14:45:00,7602.45,-32.19999999999982,6.10772,6.0819600000000005,12.18968,-44.389679999999814
101,2015-12-15 12:00:00,7648.6,2015-12-17 12:45:00,7748.35,99.75,6.118880000000001,6.19868,12.31756,87.43244
102,2015-12-17 14:00:00,7788.9,2015-12-18 10:45:00,7805.05,16.150000000000546,6.23112,6.24404,12.475159999999999,3.674840000000547
103,2015-12-21 10:30:00,7800.6,2015-12-22 14:30:00,7784.05,-16.550000000000182,6.240480000000001,6.22724,12.46772,-29.017720000000182
104,2015-12-23 10:15:00,7854.2,2015-12-23 12:45:00,7851.0,-3.199999999999818,6.28336,6.2808,12.564160000000001,-15.76415999999982
105,2015-12-23 14:15:00,7867.95,2015-12-24 14:15:00,7845.0,-22.949999999999818,6.29436,6.276000000000001,12.57036,-35.52035999999982
106,2015-12-28 09:45:00,7896.6,2015-12-29 12:15:00,7913.05,16.449999999999818,6.31728,6.33044,12.64772,3.8022799999998185
107,2015-12-29 14:00:00,7933.8,2015-12-30 14:30:00,7914.3,-19.5,6.347040000000001,6.331440000000001,12.67848,-32.17848
108,2015-12-31 14:00:00,7914.95,2016-01-01 13:15:00,7929.4,14.449999999999818,6.3319600000000005,6.34352,12.67548,1.7745199999998178
109,2016-01-01 14:15:00,7966.65,2016-01-04 09:30:00,7916.8,-49.849999999999454,6.37332,6.33344,12.70676,-62.55675999999946
110,2016-01-05 12:45:00,7800.05,2016-01-06 09:30:00,7768.4,-31.650000000000546,6.2400400000000005,6.21472,12.45476,-44.104760000000546
111,2016-01-06 11:00:00,7790.75,2016-01-06 14:15:00,7723.35,-67.39999999999964,6.232600000000001,6.178680000000001,12.411280000000001,-79.81127999999964
112,2016-01-08 11:30:00,7592.55,2016-01-11 09:30:00,7509.45,-83.10000000000036,6.07404,6.00756,12.0816,-95.18160000000036
113,2016-01-11 11:15:00,7543.05,2016-01-12 10:30:00,7541.05,-2.0,6.03444,6.03284,12.06728,-14.06728
114,2016-01-13 09:30:00,7558.9,2016-01-13 11:45:00,7472.65,-86.25,6.04712,5.97812,12.02524,-98.27524
115,2016-01-13 14:30:00,7561.9,2016-01-14 09:30:00,7478.75,-83.14999999999964,6.04952,5.9830000000000005,12.032520000000002,-95.18251999999964
116,2016-01-14 12:15:00,7537.25,2016-01-15 09:45:00,7530.7,-6.550000000000182,6.029800000000001,6.02456,12.05436,-18.604360000000185
117,2016-01-19 11:45:00,7417.9,2016-01-20 09:30:00,7324.45,-93.44999999999982,5.93432,5.85956,11.79388,-105.24387999999982
118,2016-01-21 09:30:00,7386.4,2016-01-21 11:30:00,7294.05,-92.34999999999945,5.90912,5.835240000000001,11.74436,-104.09435999999945
119,2016-01-22 09:30:00,7340.5,2016-01-25 12:45:00,7459.75,119.25,5.8724,5.9678,11.8402,107.4098
120,2016-01-27 12:30:00,7469.9,2016-01-27 14:00:00,7434.6,-35.29999999999927,5.97592,5.947680000000001,11.9236,-47.22359999999927
121,2016-01-28 13:45:00,7453.5,2016-02-01 13:45:00,7558.25,104.75,5.9628000000000005,6.046600000000001,12.009400000000001,92.7406
122,2016-02-03 13:30:00,7414.75,2016-02-04 14:45:00,7381.9,-32.850000000000364,5.9318,5.90552,11.83732,-44.68732000000036
123,2016-02-05 10:30:00,7455.4,2016-02-08 15:00:00,7419.65,-35.75,5.96432,5.93572,11.90004,-47.650040000000004
124,2016-02-09 13:45:00,7309.4,2016-02-10 09:30:00,7252.9,-56.5,5.84752,5.80232,11.649840000000001,-68.14984
125,2016-02-12 13:45:00,6998.05,2016-02-16 12:45:00,7111.65,113.59999999999945,5.59844,5.68932,11.28776,102.31223999999945
126,2016-02-17 11:30:00,7049.0,2016-02-18 12:00:00,7165.35,116.35000000000036,5.639200000000001,5.73228,11.371480000000002,104.97852000000036
127,2016-02-19 11:45:00,7195.55,2016-02-23 09:45:00,7179.45,-16.100000000000364,5.7564400000000004,5.74356,11.5,-27.600000000000364
128,2016-02-26 13:00:00,7024.15,2016-02-29 12:30:00,6910.9,-113.25,5.61932,5.52872,11.14804,-124.39804
129,2016-02-29 13:30:00,7063.4,2016-03-08 12:15:00,7494.8,431.40000000000055,5.65072,5.99584,11.646560000000001,419.7534400000005
130,2016-03-09 12:30:00,7470.4,2016-03-10 10:45:00,7472.15,1.75,5.97632,5.97772,11.954039999999999,-10.204039999999999
131,2016-03-10 14:00:00,7486.5,2016-03-11 11:45:00,7482.8,-3.699999999999818,5.9892,5.9862400000000004,11.97544,-15.675439999999819
132,2016-03-11 13:45:00,7521.5,2016-03-14 12:00:00,7542.1,20.600000000000364,6.0172,6.03368,12.05088,8.549120000000364
133,2016-03-16 14:15:00,7441.6,2016-03-17 14:45:00,7534.9,93.29999999999927,5.95328,6.02792,11.981200000000001,81.31879999999927
134,2016-03-18 14:45:00,7564.75,2016-03-22 13:00:00,7675.2,110.44999999999982,6.0518,6.14016,12.19196,98.25803999999982
135,2016-03-22 15:15:00,7717.95,2016-03-23 11:30:00,7671.45,-46.5,6.17436,6.13716,12.31152,-58.81152
136,2016-03-23 15:00:00,7705.25,2016-03-28 11:00:00,7688.7,-16.550000000000182,6.1642,6.15096,12.31516,-28.86516000000018
137,2016-03-29 14:30:00,7643.45,2016-03-31 13:15:00,7749.0,105.55000000000018,6.11476,6.1992,12.313960000000002,93.23604000000017
138,2016-04-04 09:30:00,7746.8,2016-04-04 12:45:00,7706.55,-40.25,6.19744,6.165240000000001,12.362680000000001,-52.61268
139,2016-04-04 15:00:00,7745.6,2016-04-05 10:30:00,7717.55,-28.050000000000182,6.19648,6.174040000000001,12.37052,-40.42052000000018
140,2016-04-07 13:45:00,7583.6,2016-04-08 09:30:00,7532.75,-50.850000000000364,6.06688,6.0262,12.09308,-62.943080000000364
141,2016-04-11 14:45:00,7639.35,2016-04-20 11:00:00,7899.45,260.09999999999945,6.11148,6.31956,12.43104,247.66895999999946
142,2016-04-21 09:30:00,7963.05,2016-04-21 12:15:00,7939.65,-23.400000000000546,6.37044,6.35172,12.72216,-36.12216000000055
143,2016-04-22 12:00:00,7910.35,2016-04-25 09:45:00,7883.1,-27.25,6.32828,6.3064800000000005,12.63476,-39.88476
144,2016-04-26 11:00:00,7851.25,2016-04-28 11:15:00,7931.55,80.30000000000018,6.281000000000001,6.34524,12.626240000000001,67.67376000000019
145,2016-04-29 15:15:00,7855.25,2016-05-02 11:15:00,7795.05,-60.19999999999982,6.2842,6.23604,12.520240000000001,-72.72023999999982
146,2016-05-03 09:30:00,7866.6,2016-05-03 11:15:00,7846.35,-20.25,6.29328,6.277080000000001,12.57036,-32.82036
147,2016-05-05 12:00:00,7743.85,2016-05-05 13:30:00,7714.3,-29.550000000000182,6.195080000000001,6.1714400000000005,12.366520000000001,-41.91652000000018
148,2016-05-06 13:15:00,7724.9,2016-05-10 10:45:00,7843.35,118.45000000000073,6.17992,6.274680000000001,12.454600000000001,105.99540000000073
149,2016-05-10 13:00:00,7871.95,2016-05-11 09:30:00,7845.55,-26.399999999999636,6.29756,6.27644,12.574,-38.973999999999634
150,2016-05-11 12:00:00,7890.15,2016-05-11 13:15:00,7831.4,-58.75,6.31212,6.26512,12.57724,-71.32724
151,2016-05-12 09:30:00,7893.7,2016-05-12 13:00:00,7861.95,-31.75,6.31496,6.28956,12.60452,-44.35452
152,2016-05-12 15:15:00,7900.3,2016-05-13 09:45:00,7837.45,-62.850000000000364,6.32024,6.26996,12.5902,-75.44020000000036
153,2016-05-13 15:15:00,7820.9,2016-05-16 11:00:00,7784.7,-36.19999999999982,6.25672,6.22776,12.48448,-48.684479999999816
154,2016-05-16 14:15:00,7823.75,2016-05-18 09:15:00,7846.75,23.0,6.259,6.2774,12.5364,10.4636
155,2016-05-18 13:00:00,7865.45,2016-05-19 10:30:00,7831.5,-33.94999999999982,6.29236,6.2652,12.55756,-46.50755999999982
156,2016-05-20 12:45:00,7803.85,2016-05-20 14:45:00,7758.05,-45.80000000000018,6.243080000000001,6.206440000000001,12.449520000000001,-58.24952000000018
157,2016-05-23 14:30:00,7796.0,2016-05-23 15:15:00,7731.6,-64.39999999999964,6.236800000000001,6.1852800000000006,12.422080000000001,-76.82207999999963
158,2016-05-24 15:00:00,7747.1,2016-05-31 11:00:00,8157.75,410.64999999999964,6.197680000000001,6.5262,12.723880000000001,397.9261199999996
159,2016-06-01 09:45:00,8190.6,2016-06-01 12:45:00,8180.6,-10.0,6.552480000000001,6.544480000000001,13.096960000000003,-23.096960000000003
160,2016-06-02 14:45:00,8212.7,2016-06-03 15:00:00,8222.25,9.549999999999272,6.570160000000001,6.577800000000001,13.147960000000001,-3.597960000000729
161,2016-06-07 11:45:00,8246.7,2016-06-08 10:45:00,8264.8,18.099999999998545,6.597360000000001,6.61184,13.209200000000001,4.890799999998544
162,2016-06-10 11:00:00,8218.8,2016-06-10 13:15:00,8186.8,-31.99999999999909,6.5750399999999996,6.549440000000001,13.12448,-45.12447999999909
163,2016-06-13 13:45:00,8120.25,2016-06-14 14:00:00,8082.3,-37.94999999999982,6.4962,6.46584,12.96204,-50.91203999999982
164,2016-06-15 09:30:00,8125.15,2016-06-16 09:45:00,8142.9,17.75,6.50012,6.51432,13.01444,4.7355599999999995
165,2016-06-16 13:15:00,8109.8,2016-06-21 11:00:00,8217.5,107.69999999999982,6.48784,6.574000000000001,13.06184,94.63815999999981
166,2016-06-23 10:30:00,8198.2,2016-06-24 09:30:00,8044.55,-153.65000000000055,6.558560000000001,6.43564,12.994200000000001,-166.64420000000055
167,2016-06-24 13:30:00,8024.75,2016-06-30 12:45:00,8245.7,220.95000000000073,6.4198,6.596560000000001,13.016360000000002,207.93364000000074
168,2016-06-30 13:45:00,8292.8,2016-07-04 13:45:00,8369.45,76.65000000000146,6.63424,6.695560000000001,13.329800000000002,63.32020000000145
169,2016-07-07 14:15:00,8357.85,2016-07-08 09:45:00,8298.2,-59.649999999999636,6.686280000000001,6.638560000000001,13.324840000000002,-72.97483999999963
170,2016-07-08 13:30:00,8322.75,2016-07-13 12:30:00,8501.65,178.89999999999964,6.6582,6.8013200000000005,13.459520000000001,165.44047999999964
171,2016-07-14 12:30:00,8541.55,2016-07-15 11:00:00,8524.2,-17.349999999998545,6.83324,6.8193600000000005,13.6526,-31.002599999998544
172,2016-07-15 15:15:00,8543.3,2016-07-18 13:45:00,8548.5,5.200000000000728,6.834639999999999,6.8388,13.67344,-8.473439999999272
173,2016-07-20 09:30:00,8550.0,2016-07-21 13:00:00,8543.45,-6.549999999999272,6.840000000000001,6.834760000000001,13.674760000000003,-20.224759999999275
174,2016-07-22 12:15:00,8535.1,2016-07-26 15:15:00,8585.05,49.94999999999891,6.828080000000001,6.86804,13.69612,36.25387999999891
175,2016-07-28 09:30:00,8642.7,2016-08-01 12:15:00,8655.8,13.099999999998545,6.914160000000001,6.92464,13.8388,-0.7388000000014561
176,2016-08-02 11:15:00,8674.3,2016-08-02 12:45:00,8640.0,-34.29999999999927,6.939439999999999,6.912,13.85144,-48.15143999999927
177,2016-08-05 09:30:00,8621.8,2016-08-09 10:15:00,8693.05,71.25,6.89744,6.95444,13.85188,57.39812
178,2016-08-09 14:30:00,8679.95,2016-08-10 11:30:00,8599.5,-80.45000000000073,6.943960000000001,6.8796,13.82356,-94.27356000000073
179,2016-08-11 15:15:00,8590.3,2016-08-16 11:45:00,8627.25,36.95000000000073,6.87224,6.901800000000001,13.77404,23.175960000000728
180,2016-08-17 09:30:00,8652.05,2016-08-17 13:30:00,8619.05,-33.0,6.92164,6.895239999999999,13.81688,-46.81688
181,2016-08-18 09:30:00,8658.2,2016-08-19 09:15:00,8694.3,36.099999999998545,6.926560000000001,6.955439999999999,13.882000000000001,22.217999999998543
182,2016-08-22 14:15:00,8645.05,2016-08-23 09:30:00,8611.05,-34.0,6.91604,6.88884,13.80488,-47.80488
183,2016-08-24 09:15:00,8648.5,2016-08-25 12:45:00,8665.55,17.049999999999272,6.9188,6.93244,13.85124,3.1987599999992717
184,2016-08-29 11:45:00,8573.7,2016-09-01 12:00:00,8772.85,199.14999999999964,6.858960000000001,7.018280000000001,13.87724,185.27275999999964
185,2016-09-01 13:45:00,8808.35,2016-09-02 10:00:00,8773.65,-34.70000000000073,7.04668,7.01892,14.0656,-48.76560000000073
186,2016-09-02 14:30:00,8806.65,2016-09-08 09:30:00,8906.25,99.60000000000036,7.04532,7.125,14.17032,85.42968000000036
187,2016-09-08 11:45:00,8929.15,2016-09-09 10:15:00,8878.6,-50.54999999999927,7.14332,7.102880000000001,14.246200000000002,-64.79619999999927
188,2016-09-09 14:15:00,8905.35,2016-09-12 09:30:00,8729.55,-175.8000000000011,7.124280000000001,6.983639999999999,14.10792,-189.9079200000011
189,2016-09-14 14:00:00,8723.55,2016-09-16 13:45:00,8803.4,79.85000000000036,6.97884,7.04272,14.021560000000001,65.82844000000037
190,2016-09-19 10:00:00,8799.05,2016-09-20 09:45:00,8775.7,-23.349999999998545,7.0392399999999995,7.020560000000001,14.0598,-37.40979999999854
191,2016-09-21 10:00:00,8803.75,2016-09-21 13:45:00,8785.7,-18.049999999999272,7.043,7.028560000000001,14.071560000000002,-32.12155999999928
192,2016-09-22 09:30:00,8870.15,2016-09-22 13:00:00,8843.05,-27.100000000000364,7.09612,7.07444,14.17056,-41.270560000000366
193,2016-09-22 14:45:00,8865.85,2016-09-23 15:00:00,8851.15,-14.700000000000728,7.0926800000000005,7.08092,14.1736,-28.873600000000728
194,2016-09-28 12:45:00,8743.45,2016-09-29 11:30:00,8763.85,20.399999999999636,6.994760000000001,7.011080000000001,14.005840000000003,6.3941599999996335
195,2016-09-30 14:30:00,8622.3,2016-10-05 12:00:00,8749.5,127.20000000000073,6.8978399999999995,6.9996,13.89744,113.30256000000072
196,2016-10-06 10:00:00,8770.1,2016-10-06 13:45:00,8738.2,-31.899999999999636,7.0160800000000005,6.990560000000001,14.00664,-45.90663999999964
197,2016-10-10 09:30:00,8733.25,2016-10-10 15:15:00,8706.35,-26.899999999999636,6.9866,6.96508,13.95168,-40.85167999999963
198,2016-10-14 12:45:00,8589.15,2016-10-17 12:15:00,8534.65,-54.5,6.87132,6.82772,13.69904,-68.19904
199,2016-10-18 10:15:00,8588.7,2016-10-20 13:00:00,8685.85,97.14999999999964,6.870960000000001,6.94868,13.819640000000001,83.33035999999963
200,2016-10-24 09:30:00,8705.95,2016-10-25 09:30:00,8698.55,-7.400000000001455,6.964760000000001,6.9588399999999995,13.9236,-21.323600000001456
201,2016-10-25 12:45:00,8691.8,2016-10-26 09:30:00,8635.15,-56.649999999999636,6.95344,6.90812,13.86156,-70.51155999999963
202,2016-10-27 13:15:00,8589.55,2016-11-01 10:45:00,8629.05,39.5,6.871639999999999,6.903239999999999,13.77488,25.72512
203,2016-11-01 12:00:00,8646.7,2016-11-01 15:15:00,8621.0,-25.700000000000728,6.917360000000001,6.896800000000001,13.814160000000001,-39.51416000000073
204,2016-11-07 09:30:00,8507.9,2016-11-08 09:15:00,8540.0,32.100000000000364,6.80632,6.832000000000001,13.63832,18.461680000000364
205,2016-11-08 15:15:00,8552.1,2016-11-09 09:30:00,8198.95,-353.14999999999964,6.84168,6.559160000000001,13.400840000000002,-366.55083999999965
206,2016-11-09 13:00:00,8301.05,2016-11-10 15:15:00,8525.8,224.75,6.64084,6.82064,13.46148,211.28852
207,2016-11-16 12:30:00,8174.45,2016-11-16 15:15:00,8105.75,-68.69999999999982,6.53956,6.4846,13.02416,-81.72415999999981
208,2016-11-18 11:30:00,8098.6,2016-11-18 14:30:00,8072.35,-26.25,6.47888,6.45788,12.93676,-39.18676
209,2016-11-22 10:45:00,7978.9,2016-11-24 10:30:00,7988.7,9.800000000000182,6.38312,6.39096,12.77408,-2.9740799999998178
210,2016-11-24 14:45:00,8020.1,2016-11-29 14:45:00,8154.0,133.89999999999964,6.416080000000001,6.5232,12.93928,120.96071999999964
211,2016-11-30 14:00:00,8192.9,2016-12-02 09:30:00,8141.1,-51.79999999999927,6.55432,6.512880000000001,13.0672,-64.86719999999927
212,2016-12-05 14:00:00,8121.1,2016-12-07 09:15:00,8168.4,47.29999999999927,6.496880000000001,6.53472,13.031600000000001,34.268399999999275
213,2016-12-07 13:00:00,8173.2,2016-12-12 09:30:00,8217.1,43.900000000000546,6.53856,6.57368,13.11224,30.787760000000546
214,2016-12-13 12:15:00,8186.25,2016-12-14 13:15:00,8178.5,-7.75,6.549,6.542800000000001,13.091800000000001,-20.8418
215,2016-12-21 10:45:00,8102.5,2016-12-22 09:15:00,8043.85,-58.649999999999636,6.482,6.435080000000001,12.917080000000002,-71.56707999999963
216,2016-12-23 11:30:00,7972.25,2016-12-26 09:30:00,7928.2,-44.05000000000018,6.377800000000001,6.34256,12.72036,-56.77036000000018
217,2016-12-27 10:30:00,7941.2,2016-12-28 15:15:00,8029.55,88.35000000000036,6.35296,6.423640000000001,12.776600000000002,75.57340000000036
218,2016-12-29 14:15:00,8066.15,2017-01-02 10:45:00,8148.1,81.95000000000073,6.45292,6.51848,12.9714,68.97860000000072
219,2017-01-02 13:15:00,8165.35,2017-01-04 12:15:00,8185.25,19.899999999999636,6.532280000000001,6.5482000000000005,13.080480000000001,6.819519999999635
220,2017-01-05 09:30:00,8233.05,2017-01-06 12:45:00,8263.4,30.350000000000364,6.58644,6.61072,13.19716,17.152840000000364
221,2017-01-10 10:30:00,8276.85,2017-01-13 12:45:00,8391.3,114.44999999999891,6.621480000000001,6.7130399999999995,13.334520000000001,101.11547999999891
222,2017-01-16 13:00:00,8409.3,2017-01-17 12:00:00,8395.2,-14.099999999998545,6.72744,6.716160000000001,13.4436,-27.543599999998545
223,2017-01-18 09:30:00,8435.4,2017-01-18 12:15:00,8427.5,-7.899999999999636,6.74832,6.742,13.49032,-21.390319999999637
224,2017-01-19 11:15:00,8424.15,2017-01-20 10:30:00,8402.1,-22.049999999999272,6.73932,6.721680000000001,13.461000000000002,-35.51099999999927
225,2017-01-23 11:00:00,8392.75,2017-01-23 12:30:00,8372.75,-20.0,6.7142,6.6982,13.4124,-33.4124
226,2017-01-23 15:00:00,8382.35,2017-01-27 13:00:00,8640.0,257.64999999999964,6.7058800000000005,6.912,13.61788,244.03211999999962
227,2017-01-30 13:45:00,8657.35,2017-01-31 09:45:00,8588.95,-68.39999999999964,6.92588,6.871160000000001,13.79704,-82.19703999999963
228,2017-02-01 14:00:00,8675.6,2017-02-03 11:45:00,8712.1,36.5,6.940480000000001,6.96968,13.910160000000001,22.58984
229,2017-02-03 15:15:00,8743.1,2017-02-07 11:00:00,8780.8,37.69999999999891,6.99448,7.02464,14.019120000000001,23.680879999998908
230,2017-02-09 09:30:00,8814.7,2017-02-09 10:45:00,8736.85,-77.85000000000036,7.051760000000001,6.98948,14.041240000000002,-91.89124000000037
231,2017-02-09 13:15:00,8762.75,2017-02-13 12:00:00,8776.55,13.799999999999272,7.0102,7.02124,14.03144,-0.2314400000007275
232,2017-02-13 14:15:00,8797.15,2017-02-15 10:30:00,8779.6,-17.549999999999272,7.03772,7.023680000000001,14.0614,-31.61139999999927
233,2017-02-16 11:30:00,8750.55,2017-02-17 15:00:00,8825.95,75.40000000000146,7.000439999999999,7.060760000000001,14.0612,61.338800000001456
234,2017-02-20 11:45:00,8842.25,2017-02-21 12:15:00,8871.0,28.75,7.0738,7.0968,14.1706,14.5794
235,2017-02-21 14:30:00,8884.55,2017-02-22 14:15:00,8915.0,30.450000000000728,7.10764,7.132000000000001,14.239640000000001,16.210360000000726
236,2017-02-23 10:45:00,8954.0,2017-02-27 10:30:00,8929.5,-24.5,7.163200000000001,7.1436,14.3068,-38.8068
237,2017-03-01 09:45:00,8938.35,2017-03-02 12:45:00,8959.75,21.399999999999636,7.15068,7.167800000000001,14.318480000000001,7.081519999999635
238,2017-03-03 14:30:00,8888.6,2017-03-06 13:15:00,8937.5,48.899999999999636,7.110880000000001,7.15,14.26088,34.639119999999636
239,2017-03-08 09:30:00,8953.65,2017-03-08 11:15:00,8908.35,-45.29999999999927,7.16292,7.12668,14.2896,-59.58959999999927
240,2017-03-08 15:15:00,8925.5,2017-03-10 14:00:00,8929.85,4.350000000000364,7.1404000000000005,7.14388,14.28428,-9.934279999999637
241,2017-03-14 09:30:00,9067.85,2017-03-15 12:00:00,9082.4,14.549999999999272,7.2542800000000005,7.26592,14.5202,0.02979999999927152
242,2017-03-16 09:30:00,9149.2,2017-03-17 12:00:00,9155.6,6.399999999999636,7.3193600000000005,7.32448,14.64384,-8.243840000000365
243,2017-03-21 14:45:00,9109.3,2017-03-22 10:00:00,9057.1,-52.19999999999891,7.28744,7.245680000000001,14.53312,-66.7331199999989
244,2017-03-22 12:30:00,9054.75,2017-03-22 15:00:00,9021.85,-32.899999999999636,7.2438,7.217480000000001,14.461280000000002,-47.36127999999964
245,2017-03-23 10:30:00,9058.0,2017-03-27 09:15:00,9093.45,35.45000000000073,7.2464,7.274760000000001,14.521160000000002,20.928840000000726
246,2017-03-28 09:30:00,9093.05,2017-03-28 15:00:00,9081.85,-11.199999999998909,7.274439999999999,7.265480000000001,14.53992,-25.73991999999891
247,2017-03-29 10:00:00,9121.4,2017-03-30 14:00:00,9148.6,27.200000000000728,7.2971200000000005,7.318880000000001,14.616000000000001,12.584000000000726
248,2017-03-31 14:15:00,9187.55,2017-04-06 10:30:00,9234.5,46.95000000000073,7.35004,7.3876,14.737639999999999,32.21236000000073
249,2017-04-06 15:15:00,9264.4,2017-04-07 15:00:00,9200.15,-64.25,7.41152,7.36012,14.771640000000001,-79.02164
250,2017-04-11 10:15:00,9209.4,2017-04-12 14:15:00,9207.85,-1.5499999999992724,7.36752,7.366280000000001,14.7338,-16.283799999999275
251,2017-04-18 09:30:00,9186.95,2017-04-18 12:45:00,9196.4,9.449999999998909,7.349560000000001,7.35712,14.706680000000002,-5.256680000001094
252,2017-04-20 10:45:00,9129.2,2017-04-20 13:45:00,9118.55,-10.650000000001455,7.3033600000000005,7.29484,14.5982,-25.248200000001454
253,2017-04-21 09:30:00,9162.85,2017-04-21 13:00:00,9115.7,-47.149999999999636,7.330280000000001,7.292560000000001,14.622840000000002,-61.77283999999964
254,2017-04-24 09:30:00,9151.4,2017-04-26 14:45:00,9314.2,162.8000000000011,7.32112,7.451360000000001,14.772480000000002,148.0275200000011
255,2017-04-27 13:45:00,9360.4,2017-04-28 09:30:00,9307.55,-52.850000000000364,7.48832,7.44604,14.93436,-67.78436000000036
256,2017-04-28 13:30:00,9303.95,2017-05-02 11:00:00,9294.35,-9.600000000000364,7.443160000000001,7.435480000000001,14.87864,-24.478640000000365
257,2017-05-02 13:30:00,9319.65,2017-05-03 12:45:00,9307.45,-12.199999999998909,7.45572,7.445960000000001,14.901680000000002,-27.10167999999891
258,2017-05-04 09:30:00,9348.95,2017-05-04 12:30:00,9329.6,-19.350000000000364,7.479160000000001,7.463680000000001,14.942840000000002,-34.29284000000037
259,2017-05-04 14:00:00,9356.65,2017-05-05 10:00:00,9319.5,-37.149999999999636,7.48532,7.4556000000000004,14.94092,-52.090919999999635
260,2017-05-08 10:00:00,9316.5,2017-05-08 12:45:00,9311.25,-5.25,7.453200000000001,7.449000000000001,14.9022,-20.1522
261,2017-05-09 13:15:00,9334.6,2017-05-11 13:30:00,9431.35,96.75,7.4676800000000005,7.5450800000000005,15.01276,81.73724
262,2017-05-15 09:30:00,9433.4,2017-05-17 12:30:00,9499.85,66.45000000000073,7.54672,7.599880000000001,15.1466,51.30340000000073
263,2017-05-17 13:45:00,9527.15,2017-05-18 09:30:00,9487.2,-39.94999999999891,7.62172,7.589760000000001,15.211480000000002,-55.16147999999891
264,2017-05-19 10:00:00,9501.15,2017-05-19 11:30:00,9442.15,-59.0,7.60092,7.55372,15.15464,-74.15464
265,2017-05-22 09:15:00,9480.25,2017-05-22 13:15:00,9435.5,-44.75,7.5842,7.5484,15.1326,-59.8826
266,2017-05-23 13:45:00,9423.95,2017-05-24 12:30:00,9402.35,-21.600000000000364,7.539160000000001,7.52188,15.061040000000002,-36.66104000000037
267,2017-05-25 09:45:00,9407.85,2017-06-01 09:30:00,9610.6,202.75,7.526280000000001,7.688480000000001,15.214760000000002,187.53524
268,2017-06-02 09:30:00,9657.6,2017-06-06 11:15:00,9663.7,6.100000000000364,7.7260800000000005,7.730960000000001,15.457040000000003,-9.357039999999639
269,2017-06-07 10:15:00,9675.95,2017-06-07 12:30:00,9643.75,-32.20000000000073,7.740760000000001,7.715000000000001,15.455760000000001,-47.655760000000726
270,2017-06-08 09:30:00,9674.55,2017-06-09 09:15:00,9638.55,-36.0,7.73964,7.71084,15.450479999999999,-51.45048
271,2017-06-09 14:30:00,9650.3,2017-06-12 10:00:00,9621.4,-28.899999999999636,7.7202399999999995,7.69712,15.417359999999999,-44.31735999999964
272,2017-06-13 10:30:00,9637.05,2017-06-13 14:45:00,9615.65,-21.399999999999636,7.709639999999999,7.69252,15.402159999999999,-36.80215999999963
273,2017-06-14 14:45:00,9617.35,2017-06-15 11:45:00,9593.35,-24.0,7.693880000000001,7.67468,15.368560000000002,-39.36856
274,2017-06-16 09:30:00,9597.8,2017-06-16 11:45:00,9577.5,-20.299999999999272,7.67824,7.662000000000001,15.340240000000001,-35.640239999999274
275,2017-06-19 09:30:00,9637.7,2017-06-20 14:00:00,9651.6,13.899999999999636,7.710160000000001,7.721280000000001,15.431440000000002,-1.5314400000003658
276,2017-06-22 09:30:00,9668.55,2017-06-22 13:45:00,9675.7,7.150000000001455,7.73484,7.740560000000001,15.4754,-8.325399999998545
277,2017-06-28 11:45:00,9511.65,2017-06-28 13:45:00,9482.75,-28.899999999999636,7.60932,7.586200000000001,15.195520000000002,-44.09551999999964
278,2017-06-29 09:30:00,9541.4,2017-06-29 13:15:00,9516.85,-24.549999999999272,7.63312,7.613480000000001,15.2466,-39.79659999999927
279,2017-06-30 11:15:00,9489.5,2017-07-04 12:30:00,9604.25,114.75,7.591600000000001,7.683400000000001,15.275000000000002,99.475
280,2017-07-04 14:00:00,9625.35,2017-07-05 09:15:00,9619.75,-5.600000000000364,7.70028,7.6958,15.396080000000001,-20.996080000000365
281,2017-07-05 12:00:00,9631.4,2017-07-07 09:30:00,9660.5,29.100000000000364,7.70512,7.728400000000001,15.433520000000001,13.666480000000362
282,2017-07-07 14:00:00,9674.15,2017-07-12 11:15:00,9802.9,128.75,7.73932,7.84232,15.58164,113.16836
283,2017-07-12 15:15:00,9814.45,2017-07-14 10:45:00,9858.55,44.099999999998545,7.851560000000001,7.886839999999999,15.7384,28.361599999998546
284,2017-07-14 12:15:00,9875.05,2017-07-17 12:15:00,9904.75,29.700000000000728,7.90004,7.9238,15.82384,13.876160000000727
285,2017-07-17 14:30:00,9920.3,2017-07-18 09:30:00,9871.65,-48.649999999999636,7.93624,7.89732,15.833559999999999,-64.48355999999964
286,2017-07-19 10:30:00,9872.8,2017-07-20 12:30:00,9872.95,0.1500000000014552,7.8982399999999995,7.898360000000001,15.796600000000002,-15.646599999998546
287,2017-07-21 10:00:00,9907.65,2017-07-21 13:00:00,9864.7,-42.94999999999891,7.92612,7.8917600000000006,15.81788,-58.76787999999891
288,2017-07-21 15:15:00,9916.9,2017-07-25 13:00:00,9951.45,34.55000000000109,7.93352,7.961160000000001,15.894680000000001,18.65532000000109
289,2017-07-26 09:30:00,9987.5,2017-07-27 12:45:00,10078.1,90.60000000000036,7.99,8.06248,16.052480000000003,74.54752000000036
290,2017-07-28 15:15:00,10014.8,2017-08-01 11:30:00,10076.15,61.350000000000364,8.01184,8.06092,16.07276,45.27724000000036
291,2017-08-01 14:15:00,10097.65,2017-08-02 12:45:00,10097.65,0.0,8.07812,8.07812,16.15624,-16.15624
292,2017-08-04 14:00:00,10026.05,2017-08-08 09:15:00,10068.35,42.30000000000109,8.02084,8.054680000000001,16.07552,26.22448000000109
293,2017-08-11 12:00:00,9757.7,2017-08-11 13:45:00,9722.1,-35.600000000000364,7.806160000000001,7.777680000000001,15.583840000000002,-51.183840000000366
294,2017-08-14 09:30:00,9774.2,2017-08-18 09:30:00,9844.9,70.69999999999891,7.8193600000000005,7.87592,15.69528,55.00471999999891
295,2017-08-21 09:30:00,9876.7,2017-08-21 12:00:00,9830.3,-46.400000000001455,7.901360000000001,7.86424,15.765600000000001,-62.165600000001454
296,2017-08-23 10:00:00,9807.1,2017-08-23 13:45:00,9794.4,-12.700000000000728,7.845680000000001,7.83552,15.6812,-28.381200000000728
297,2017-08-23 15:00:00,9847.95,2017-08-28 14:15:00,9899.4,51.44999999999891,7.878360000000001,7.91952,15.797880000000001,35.65211999999891
298,2017-08-30 09:30:00,9865.05,2017-08-31 09:30:00,9875.4,10.350000000000364,7.89204,7.90032,15.792359999999999,-5.442359999999635
299,2017-08-31 14:00:00,9881.7,2017-09-04 11:30:00,9938.6,56.899999999999636,7.905360000000001,7.950880000000001,15.856240000000001,41.04375999999964
300,2017-09-04 15:15:00,9918.8,2017-09-05 12:30:00,9911.45,-7.349999999998545,7.93504,7.929160000000001,15.8642,-23.214199999998545
301,2017-09-05 14:15:00,9944.35,2017-09-06 09:30:00,9904.0,-40.350000000000364,7.9554800000000006,7.9232000000000005,15.878680000000001,-56.22868000000037
302,2017-09-06 12:30:00,9918.55,2017-09-07 12:15:00,9925.75,7.200000000000728,7.9348399999999994,7.940600000000001,15.875440000000001,-8.675439999999274
303,2017-09-08 09:30:00,9956.7,2017-09-08 13:15:00,9917.8,-38.900000000001455,7.965360000000001,7.93424,15.899600000000001,-54.799600000001455
304,2017-09-11 09:30:00,9985.8,2017-09-13 15:15:00,10069.9,84.10000000000036,7.98864,8.05592,16.04456,68.05544000000036
305,2017-09-15 14:45:00,10105.05,2017-09-19 10:30:00,10132.5,27.450000000000728,8.08404,8.106,16.19004,11.259960000000728
306,2017-09-19 14:00:00,10163.35,2017-09-20 13:15:00,10143.05,-20.30000000000109,8.13068,8.11444,16.24512,-36.54512000000109
307,2017-09-21 14:30:00,10118.45,2017-09-22 09:45:00,10045.0,-73.45000000000073,8.09476,8.036,16.130760000000002,-89.58076000000074
308,2017-09-25 15:15:00,9876.0,2017-09-26 11:00:00,9821.85,-54.149999999999636,7.9008,7.857480000000001,15.758280000000001,-69.90827999999964
309,2017-09-26 13:00:00,9852.35,2017-09-27 10:30:00,9826.7,-25.649999999999636,7.881880000000001,7.861360000000001,15.743240000000002,-41.393239999999636
310,2017-09-28 15:15:00,9764.05,2017-09-29 15:15:00,9784.15,20.100000000000364,7.81124,7.82732,15.63856,4.461440000000364
311,2017-10-03 10:45:00,9850.35,2017-10-05 11:15:00,9904.5,54.149999999999636,7.880280000000001,7.9236,15.803880000000001,38.34611999999964
312,2017-10-06 10:00:00,9955.05,2017-10-09 12:15:00,9982.85,27.80000000000109,7.96404,7.986280000000001,15.950320000000001,11.84968000000109
313,2017-10-10 09:30:00,10021.75,2017-10-11 13:45:00,10017.35,-4.399999999999636,8.0174,8.01388,16.031280000000002,-20.43127999999964
314,2017-10-12 10:45:00,10023.85,2017-10-16 12:30:00,10201.25,177.39999999999964,8.01908,8.161,16.18008,161.21991999999963
315,2017-10-16 15:00:00,10236.55,2017-10-17 12:45:00,10223.55,-13.0,8.18924,8.17884,16.36808,-29.36808
316,2017-10-18 13:15:00,10213.8,2017-10-19 19:15:00,10139.15,-74.64999999999964,8.17104,8.111320000000001,16.28236,-90.93235999999963
317,2017-10-23 14:15:00,10164.15,2017-10-24 13:45:00,10190.9,26.75,8.13132,8.15272,16.28404,10.465959999999999
318,2017-10-25 09:30:00,10257.9,2017-10-31 09:30:00,10356.9,99.0,8.20632,8.28552,16.49184,82.50816
319,2017-10-31 13:15:00,10359.0,2017-11-01 14:30:00,10431.5,72.5,8.2872,8.3452,16.6324,55.867599999999996
320,2017-11-03 12:30:00,10445.85,2017-11-06 10:00:00,10416.25,-29.600000000000364,8.35668,8.333,16.689680000000003,-46.28968000000037
321,2017-11-06 12:30:00,10448.75,2017-11-07 09:15:00,10477.15,28.399999999999636,8.359,8.38172,16.74072,11.659279999999637
322,2017-11-09 09:30:00,10358.15,2017-11-09 11:15:00,10309.85,-48.29999999999927,8.28652,8.24788,16.534399999999998,-64.83439999999928
323,2017-11-10 11:00:00,10309.6,2017-11-10 12:30:00,10282.2,-27.399999999999636,8.24768,8.225760000000001,16.473440000000004,-43.87343999999964
324,2017-11-10 14:00:00,10320.4,2017-11-10 15:00:00,10257.5,-62.899999999999636,8.25632,8.206,16.46232,-79.36231999999964
325,2017-11-14 14:45:00,10210.15,2017-11-15 09:30:00,10158.95,-51.19999999999891,8.16812,8.127160000000002,16.29528,-67.49527999999891
326,2017-11-16 10:15:00,10166.4,2017-11-17 13:15:00,10313.5,147.10000000000036,8.13312,8.2508,16.38392,130.71608000000037
327,2017-11-20 14:30:00,10293.5,2017-11-22 09:15:00,10350.8,57.29999999999927,8.2348,8.28064,16.515439999999998,40.784559999999274
328,2017-11-22 12:45:00,10349.6,2017-11-23 13:00:00,10338.45,-11.149999999999636,8.27968,8.270760000000001,16.550440000000002,-27.700439999999638
329,2017-11-24 09:15:00,10366.8,2017-11-27 09:30:00,10363.15,-3.649999999999636,8.29344,8.29052,16.58396,-20.233959999999637
330,2017-11-27 14:15:00,10377.0,2017-11-29 09:15:00,10376.65,-0.3500000000003638,8.3016,8.30132,16.60292,-16.952920000000365
331,2017-11-29 13:15:00,10388.5,2017-11-30 09:15:00,10332.7,-55.79999999999927,8.3108,8.266160000000001,16.57696,-72.37695999999927
332,2017-11-30 14:15:00,10302.45,2017-12-01 10:00:00,10237.75,-64.70000000000073,8.24196,8.1902,16.432160000000003,-81.13216000000074
333,2017-12-04 11:30:00,10156.95,2017-12-05 09:30:00,10086.7,-70.25,8.12556,8.069360000000001,16.194920000000003,-86.44492
334,2017-12-05 14:15:00,10124.65,2017-12-06 09:30:00,10095.25,-29.399999999999636,8.09972,8.0762,16.175919999999998,-45.575919999999634
335,2017-12-07 10:00:00,10100.05,2017-12-11 11:45:00,10295.0,194.95000000000073,8.08004,8.236,16.31604,178.63396000000074
336,2017-12-11 14:45:00,10319.45,2017-12-12 10:00:00,10285.0,-34.45000000000073,8.255560000000001,8.228,16.48356,-50.933560000000725
337,2017-12-13 12:00:00,10284.5,2017-12-13 14:15:00,10210.0,-74.5,8.2276,8.168000000000001,16.3956,-90.8956
338,2017-12-14 14:15:00,10198.75,2017-12-18 09:30:00,10212.7,13.950000000000728,8.159,8.170160000000001,16.32916,-2.379159999999274
339,2017-12-18 11:00:00,10413.95,2017-12-18 15:00:00,10378.45,-35.5,8.33116,8.302760000000001,16.633920000000003,-52.13392
340,2017-12-19 11:00:00,10422.75,2017-12-21 09:45:00,10454.9,32.149999999999636,8.3382,8.36392,16.70212,15.447879999999635
341,2017-12-22 10:15:00,10474.0,2017-12-27 15:00:00,10486.6,12.600000000000364,8.3792,8.389280000000001,16.768480000000004,-4.16847999999964
342,2017-12-29 10:30:00,10523.1,2018-01-01 13:00:00,10519.5,-3.600000000000364,8.41848,8.4156,16.83408,-20.434080000000364
343,2018-01-03 09:30:00,10471.15,2018-01-03 12:45:00,10461.25,-9.899999999999636,8.37692,8.369,16.745919999999998,-26.645919999999634
344,2018-01-04 11:00:00,10459.75,2018-01-09 13:30:00,10613.6,153.85000000000036,8.3678,8.49088,16.85868,136.99132000000037
345,2018-01-09 15:15:00,10636.75,2018-01-10 11:45:00,10608.6,-28.149999999999636,8.509400000000001,8.486880000000001,16.996280000000002,-45.146279999999635
346,2018-01-10 14:15:00,10627.3,2018-01-12 12:30:00,10657.9,30.600000000000364,8.50184,8.52632,17.02816,13.571840000000364
347,2018-01-12 14:30:00,10662.35,2018-01-15 13:15:00,10745.35,83.0,8.52988,8.59628,17.12616,65.87384
348,2018-01-17 10:45:00,10736.7,2018-01-18 14:30:00,10843.9,107.19999999999891,8.589360000000001,8.67512,17.26448,89.93551999999892
349,2018-01-19 15:00:00,10869.8,2018-01-25 11:15:00,11059.35,189.5500000000011,8.69584,8.847480000000001,17.54332,172.0066800000011
350,2018-01-29 09:30:00,11134.9,2018-01-30 09:15:00,11120.85,-14.049999999999272,8.90792,8.89668,17.8046,-31.854599999999273
351,2018-02-01 09:30:00,11058.45,2018-02-01 12:30:00,10997.95,-60.5,8.846760000000002,8.79836,17.645120000000002,-78.14512
352,2018-02-06 13:00:00,10405.4,2018-02-07 11:30:00,10494.95,89.55000000000109,8.32432,8.39596,16.720280000000002,72.82972000000109
353,2018-02-08 10:00:00,10568.2,2018-02-09 09:30:00,10432.8,-135.40000000000146,8.45456,8.34624,16.800800000000002,-152.20080000000146
354,2018-02-09 12:45:00,10449.15,2018-02-14 12:45:00,10535.15,86.0,8.35932,8.42812,16.78744,69.21256
355,2018-02-15 10:45:00,10584.65,2018-02-15 14:45:00,10538.0,-46.649999999999636,8.46772,8.4304,16.89812,-63.548119999999635
356,2018-02-20 09:15:00,10391.0,2018-02-20 12:15:00,10387.5,-3.5,8.312800000000001,8.31,16.6228,-20.1228
357,2018-02-22 14:00:00,10384.8,2018-02-27 12:00:00,10558.65,173.85000000000036,8.30784,8.44692,16.75476,157.09524000000036
358,2018-02-28 15:00:00,10528.05,2018-03-01 11:30:00,10480.1,-47.94999999999891,8.42244,8.38408,16.80652,-64.75651999999891
359,2018-03-01 13:30:00,10504.45,2018-03-01 15:15:00,10459.3,-45.150000000001455,8.40356,8.36744,16.771,-61.921000000001456
360,2018-03-06 09:30:00,10435.3,2018-03-06 11:45:00,10381.45,-53.849999999998545,8.34824,8.30516,16.6534,-70.50339999999855
361,2018-03-08 12:00:00,10202.8,2018-03-09 15:00:00,10233.55,30.75,8.16224,8.18684,16.34908,14.40092
362,2018-03-12 10:00:00,10323.35,2018-03-13 14:45:00,10385.35,62.0,8.25868,8.30828,16.56696,45.43304
363,2018-03-14 14:45:00,10396.2,2018-03-15 14:15:00,10366.0,-30.200000000000728,8.316960000000002,8.2928,16.60976,-46.80976000000073
364,2018-03-20 11:30:00,10141.3,2018-03-20 13:30:00,10111.4,-29.899999999999636,8.11304,8.08912,16.20216,-46.102159999999635
365,2018-03-21 09:30:00,10190.1,2018-03-21 12:45:00,10168.2,-21.899999999999636,8.152080000000002,8.13456,16.286640000000002,-38.18663999999964
366,2018-03-23 13:15:00,9990.6,2018-03-26 10:45:00,9966.05,-24.55000000000109,7.9924800000000005,7.97284,15.96532,-40.51532000000109
367,2018-03-26 12:30:00,10007.25,2018-03-28 09:30:00,10124.9,117.64999999999964,8.0058,8.099920000000001,16.10572,101.54427999999963
368,2018-03-28 12:15:00,10150.0,2018-04-04 12:45:00,10240.3,90.29999999999927,8.120000000000001,8.19224,16.312240000000003,73.98775999999927
369,2018-04-05 09:30:00,10254.6,2018-04-10 11:30:00,10393.4,138.79999999999927,8.20368,8.31472,16.5184,122.28159999999927
370,2018-04-11 13:15:00,10391.2,2018-04-13 14:15:00,10465.5,74.29999999999927,8.31296,8.3724,16.685360000000003,57.61463999999927
371,2018-04-16 13:45:00,10511.7,2018-04-17 11:45:00,10522.0,10.299999999999272,8.409360000000001,8.4176,16.82696,-6.526960000000727
372,2018-04-17 14:00:00,10537.2,2018-04-18 14:45:00,10541.85,4.649999999999636,8.429760000000002,8.433480000000001,16.863240000000005,-12.213240000000368
373,2018-04-19 10:30:00,10563.1,2018-04-20 11:15:00,10543.45,-19.649999999999636,8.45048,8.43476,16.885240000000003,-36.53523999999964
374,2018-04-23 09:15:00,10592.8,2018-04-24 12:15:00,10596.45,3.650000000001455,8.47424,8.477160000000001,16.9514,-13.301399999998544
375,2018-04-24 14:00:00,10613.75,2018-04-25 10:00:00,10580.9,-32.850000000000364,8.491,8.46472,16.95572,-49.80572000000036
376,2018-04-25 13:30:00,10605.9,2018-04-26 09:15:00,10586.5,-19.399999999999636,8.48472,8.4692,16.95392,-36.35391999999963
377,2018-04-26 15:15:00,10622.95,2018-04-30 14:00:00,10731.0,108.04999999999927,8.498360000000002,8.5848,17.08316,90.96683999999928
378,2018-05-02 13:00:00,10750.9,2018-05-02 15:00:00,10711.3,-39.600000000000364,8.60072,8.56904,17.16976,-56.76976000000036
379,2018-05-03 13:30:00,10706.35,2018-05-04 10:45:00,10637.85,-68.5,8.56508,8.51028,17.07536,-85.57536
380,2018-05-07 10:45:00,10655.75,2018-05-08 13:15:00,10704.45,48.70000000000073,8.524600000000001,8.56356,17.088160000000002,31.611840000000726
381,2018-05-09 11:15:00,10730.05,2018-05-10 10:45:00,10743.95,13.900000000001455,8.58404,8.595160000000002,17.1792,-3.2791999999985464
382,2018-05-11 10:45:00,10757.85,2018-05-14 12:15:00,10790.35,32.5,8.60628,8.632280000000002,17.23856,15.26144
383,2018-05-15 09:30:00,10863.05,2018-05-15 13:00:00,10862.6,-0.4499999999989086,8.69044,8.69008,17.38052,-17.83051999999891
384,2018-05-16 12:30:00,10766.3,2018-05-16 15:00:00,10731.05,-35.25,8.61304,8.58484,17.197879999999998,-52.44788
385,2018-05-23 09:15:00,10521.1,2018-05-23 10:15:00,10490.0,-31.100000000000364,8.41688,8.392000000000001,16.808880000000002,-47.908880000000366
386,2018-05-24 11:30:00,10476.3,2018-05-29 13:15:00,10659.05,182.75,8.38104,8.527239999999999,16.908279999999998,165.84172
387,2018-05-30 12:30:00,10595.35,2018-06-01 12:00:00,10713.85,118.5,8.476280000000001,8.57108,17.04736,101.45264
388,2018-06-06 09:15:00,10603.45,2018-06-07 15:15:00,10773.75,170.29999999999927,8.48276,8.619,17.10176,153.19823999999926
389,2018-06-08 14:45:00,10767.25,2018-06-11 15:00:00,10807.35,40.100000000000364,8.613800000000001,8.64588,17.259680000000003,22.84032000000036
390,2018-06-12 11:15:00,10836.9,2018-06-14 09:30:00,10827.5,-9.399999999999636,8.66952,8.662,17.33152,-26.731519999999637
391,2018-06-14 14:45:00,10812.3,2018-06-15 12:30:00,10798.0,-14.299999999999272,8.64984,8.6384,17.288240000000002,-31.588239999999274
392,2018-06-15 15:15:00,10825.0,2018-06-19 09:30:00,10753.15,-71.85000000000036,8.66,8.60252,17.262520000000002,-89.11252000000036
393,2018-06-20 11:15:00,10757.5,2018-06-22 09:30:00,10737.3,-20.200000000000728,8.606,8.58984,17.19584,-37.39584000000073
394,2018-06-22 11:45:00,10735.05,2018-06-25 14:45:00,10771.7,36.650000000001455,8.58804,8.617360000000001,17.2054,19.444600000001454
395,2018-06-26 12:30:00,10800.2,2018-06-27 10:45:00,10746.55,-53.650000000001455,8.640160000000002,8.59724,17.2374,-70.88740000000146
396,2018-06-29 09:45:00,10658.2,2018-07-02 10:15:00,10652.4,-5.800000000001091,8.526560000000002,8.52192,17.04848,-22.848480000001093
397,2018-07-02 14:15:00,10657.65,2018-07-05 12:00:00,10750.35,92.70000000000073,8.52612,8.600280000000001,17.126400000000004,75.57360000000072
398,2018-07-05 13:15:00,10778.4,2018-07-11 12:30:00,10944.0,165.60000000000036,8.62272,8.7552,17.37792,148.22208000000037
399,2018-07-12 09:30:00,11024.4,2018-07-12 14:15:00,11028.2,3.8000000000010914,8.81952,8.822560000000001,17.64208,-13.842079999998909
400,2018-07-17 12:00:00,10967.95,2018-07-18 14:00:00,10978.2,10.25,8.774360000000001,8.78256,17.55692,-7.306920000000002
401,2018-07-20 10:15:00,11007.15,2018-07-26 14:30:00,11138.65,131.5,8.80572,8.91092,17.71664,113.78336
402,2018-07-27 09:30:00,11230.0,2018-07-31 10:30:00,11282.3,52.29999999999927,8.984,9.02584,18.00984,34.290159999999275
403,2018-07-31 14:15:00,11313.75,2018-08-01 11:30:00,11349.45,35.70000000000073,9.051,9.07956,18.130560000000003,17.569440000000725
404,2018-08-03 10:00:00,11332.65,2018-08-07 11:15:00,11373.65,41.0,9.06612,9.09892,18.165039999999998,22.834960000000002
405,2018-08-07 13:00:00,11393.4,2018-08-10 10:00:00,11445.85,52.45000000000073,9.11472,9.156680000000001,18.2714,34.17860000000073
406,2018-08-13 13:00:00,11394.55,2018-08-13 15:00:00,11355.95,-38.599999999998545,9.115639999999999,9.084760000000001,18.200400000000002,-56.80039999999855
407,2018-08-14 10:15:00,11412.3,2018-08-16 09:30:00,11400.9,-11.399999999999636,9.12984,9.12072,18.25056,-29.650559999999636
408,2018-08-16 11:15:00,11444.6,2018-08-16 13:15:00,11408.7,-35.899999999999636,9.15568,9.12696,18.28264,-54.18263999999964
409,2018-08-17 09:30:00,11444.85,2018-08-17 13:30:00,11462.05,17.19999999999891,9.155880000000002,9.16964,18.32552,-1.1255200000010923
410,2018-08-17 14:45:00,11484.4,2018-08-21 12:00:00,11548.95,64.55000000000109,9.187520000000001,9.239160000000002,18.426680000000005,46.12332000000109
411,2018-08-21 13:30:00,11567.65,2018-08-24 12:15:00,11555.35,-12.299999999999272,9.25412,9.244280000000002,18.498400000000004,-30.798399999999276
412,2018-08-27 09:30:00,11645.85,2018-08-29 11:30:00,11729.05,83.19999999999891,9.31668,9.38324,18.69992,64.50007999999892
413,2018-08-31 09:45:00,11723.45,2018-08-31 11:15:00,11651.1,-72.35000000000036,9.378760000000002,9.32088,18.699640000000002,-91.04964000000037
414,2018-08-31 15:00:00,11669.15,2018-09-03 11:30:00,11695.7,26.55000000000109,9.33532,9.356560000000002,18.69188,7.85812000000109
415,2018-09-05 15:15:00,11474.65,2018-09-06 12:45:00,11458.0,-16.649999999999636,9.17972,9.166400000000001,18.34612,-34.996119999999635
416,2018-09-06 14:30:00,11526.5,2018-09-10 10:00:00,11511.45,-15.049999999999272,9.2212,9.20916,18.43036,-33.48035999999927
417,2018-09-12 14:15:00,11353.35,2018-09-17 09:45:00,11414.25,60.899999999999636,9.08268,9.131400000000001,18.214080000000003,42.68591999999963
418,2018-09-21 09:45:00,11336.6,2018-09-21 12:45:00,11183.1,-153.5,9.069280000000001,8.946480000000001,18.01576,-171.51576
419,2018-09-25 11:00:00,11016.85,2018-09-26 13:00:00,11015.65,-1.2000000000007276,8.81348,8.812520000000001,17.626,-18.82600000000073
420,2018-09-27 09:30:00,11074.8,2018-09-27 11:45:00,11007.55,-67.25,8.85984,8.80604,17.66588,-84.91588
421,2018-09-28 11:45:00,11021.0,2018-09-28 14:15:00,10914.05,-106.95000000000073,8.8168,8.73124,17.54804,-124.49804000000073
422,2018-10-01 13:30:00,10900.55,2018-10-03 10:30:00,10910.75,10.200000000000728,8.72044,8.7286,17.44904,-7.2490399999992725
423,2018-10-03 13:30:00,10962.4,2018-10-03 15:00:00,10863.95,-98.44999999999891,8.76992,8.691160000000002,17.461080000000003,-115.91107999999892
424,2018-10-08 11:15:00,10388.0,2018-10-08 14:15:00,10240.05,-147.95000000000073,8.3104,8.19204,16.50244,-164.45244000000073
425,2018-10-09 11:15:00,10321.4,2018-10-11 09:30:00,10194.3,-127.10000000000036,8.25712,8.15544,16.41256,-143.51256000000035
426,2018-10-11 12:15:00,10261.1,2018-10-11 14:45:00,10200.45,-60.649999999999636,8.20888,8.16036,16.36924,-77.01923999999964
427,2018-10-12 10:15:00,10441.7,2018-10-15 11:00:00,10424.55,-17.150000000001455,8.35336,8.33964,16.692999999999998,-33.84300000000145
428,2018-10-15 12:30:00,10474.0,2018-10-16 12:15:00,10552.55,78.54999999999927,8.3792,8.44204,16.821240000000003,61.72875999999927
429,2018-10-16 14:00:00,10588.85,2018-10-17 11:15:00,10608.1,19.25,8.47108,8.48648,16.95756,2.292439999999999
430,2018-10-22 09:30:00,10335.5,2018-10-22 14:45:00,10296.3,-39.20000000000073,8.2684,8.23704,16.50544,-55.70544000000073
431,2018-10-24 09:30:00,10241.65,2018-10-24 12:30:00,10196.55,-45.100000000000364,8.19332,8.15724,16.35056,-61.450560000000365
432,2018-10-25 13:30:00,10156.65,2018-10-26 09:45:00,10032.65,-124.0,8.12532,8.02612,16.15144,-140.15144
433,2018-10-26 12:15:00,10104.3,2018-10-26 15:15:00,10042.65,-61.649999999999636,8.08344,8.03412,16.117559999999997,-77.76755999999963
434,2018-10-29 11:30:00,10093.15,2018-10-30 13:30:00,10222.05,128.89999999999964,8.07452,8.17764,16.25216,112.64783999999963
435,2018-10-31 11:45:00,10196.55,2018-11-05 09:30:00,10523.4,326.85000000000036,8.15724,8.41872,16.575960000000002,310.27404000000035
436,2018-11-06 09:30:00,10583.85,2018-11-06 14:30:00,10502.75,-81.10000000000036,8.467080000000001,8.4022,16.869280000000003,-97.96928000000037
437,2018-11-07 17:45:00,10594.75,2018-11-09 14:00:00,10566.55,-28.200000000000728,8.4758,8.45324,16.92904,-45.12904000000073
438,2018-11-12 09:30:00,10628.2,2018-11-12 12:00:00,10585.7,-42.5,8.50256,8.468560000000002,16.971120000000003,-59.47112
439,2018-11-13 12:15:00,10503.3,2018-11-14 14:00:00,10569.65,66.35000000000036,8.40264,8.45572,16.858359999999998,49.491640000000366
440,2018-11-15 11:00:00,10595.5,2018-11-16 14:45:00,10642.55,47.04999999999927,8.4764,8.51404,16.99044,30.059559999999273
441,2018-11-19 09:30:00,10725.85,2018-11-20 12:45:00,10710.15,-15.700000000000728,8.580680000000001,8.56812,17.1488,-32.84880000000073
442,2018-11-21 14:00:00,10603.3,2018-11-22 12:00:00,10611.4,8.100000000000364,8.48264,8.48912,16.97176,-8.871759999999636
443,2018-11-26 13:30:00,10554.75,2018-11-30 13:00:00,10865.4,310.64999999999964,8.4438,8.69232,17.13612,293.51387999999963
444,2018-12-03 09:30:00,10906.45,2018-12-03 11:45:00,10881.35,-25.100000000000364,8.72516,8.70508,17.43024,-42.53024000000036
445,2018-12-04 09:15:00,10877.1,2018-12-04 11:15:00,10842.65,-34.45000000000073,8.701680000000001,8.67412,17.3758,-51.825800000000726
446,2018-12-07 10:30:00,10642.0,2018-12-10 09:30:00,10526.3,-115.70000000000073,8.5136,8.42104,16.93464,-132.63464000000073
447,2018-12-10 12:15:00,10540.55,2018-12-10 14:30:00,10495.05,-45.5,8.43244,8.39604,16.82848,-62.32848
448,2018-12-11 11:30:00,10466.8,2018-12-13 15:00:00,10759.4,292.60000000000036,8.37344,8.607520000000001,16.980960000000003,275.6190400000004
449,2018-12-17 09:30:00,10854.75,2018-12-18 10:15:00,10834.05,-20.700000000000728,8.6838,8.66724,17.351039999999998,-38.051040000000725
450,2018-12-18 13:15:00,10861.9,2018-12-20 09:30:00,10918.7,56.80000000000109,8.68952,8.734960000000001,17.424480000000003,39.37552000000109
451,2018-12-20 12:30:00,10918.8,2018-12-21 10:30:00,10852.6,-66.19999999999891,8.73504,8.682080000000001,17.41712,-83.6171199999989
452,2018-12-24 13:45:00,10752.65,2018-12-24 14:45:00,10682.75,-69.89999999999964,8.60212,8.5462,17.14832,-87.04831999999963
453,2018-12-26 12:15:00,10598.75,2018-12-31 12:30:00,10858.85,260.10000000000036,8.479000000000001,8.68708,17.16608,242.93392000000037
454,2019-01-01 14:45:00,10883.4,2019-01-02 12:00:00,10873.85,-9.549999999999272,8.70672,8.69908,17.4058,-26.95579999999927
455,2019-01-04 11:45:00,10694.35,2019-01-07 14:45:00,10786.0,91.64999999999964,8.555480000000001,8.6288,17.18428,74.46571999999964
456,2019-01-08 14:15:00,10806.4,2019-01-09 12:30:00,10822.15,15.75,8.64512,8.65772,17.30284,-1.5528399999999998
457,2019-01-09 13:30:00,10857.9,2019-01-10 12:00:00,10824.65,-33.25,8.68632,8.65972,17.346040000000002,-50.59604
458,2019-01-11 15:15:00,10805.55,2019-01-14 10:00:00,10728.3,-77.25,8.64444,8.58264,17.22708,-94.47708
459,2019-01-14 15:15:00,10738.55,2019-01-16 11:15:00,10888.45,149.90000000000146,8.59084,8.71076,17.3016,132.59840000000145
460,2019-01-17 11:15:00,10918.65,2019-01-17 12:30:00,10892.3,-26.350000000000364,8.73492,8.71384,17.44876,-43.798760000000364
461,2019-01-17 15:00:00,10925.15,2019-01-18 10:15:00,10874.55,-50.600000000000364,8.740120000000001,8.69964,17.43976,-68.03976000000037
462,2019-01-18 14:00:00,10904.45,2019-01-22 09:30:00,10919.7,15.25,8.72356,8.73576,17.45932,-2.2093200000000017
463,2019-01-22 14:15:00,10916.0,2019-01-23 14:45:00,10875.85,-40.149999999999636,8.732800000000001,8.70068,17.433480000000003,-57.58347999999964
464,2019-01-25 09:30:00,10924.9,2019-01-25 12:30:00,10893.3,-31.600000000000364,8.73992,8.71464,17.45456,-49.054560000000365
465,2019-01-30 09:30:00,10694.8,2019-01-30 11:15:00,10629.6,-65.19999999999891,8.55584,8.503680000000001,17.05952,-82.2595199999989
466,2019-01-30 14:30:00,10688.95,2019-02-01 14:15:00,10868.95,180.0,8.551160000000001,8.695160000000001,17.246320000000004,162.75368
467,2019-02-04 14:45:00,10914.2,2019-02-07 12:45:00,11056.3,142.09999999999854,8.73136,8.84504,17.5764,124.52359999999854
468,2019-02-07 14:45:00,11107.1,2019-02-08 09:30:00,11020.35,-86.75,8.88568,8.81628,17.70196,-104.45196
469,2019-02-11 12:30:00,10896.05,2019-02-12 15:00:00,10838.75,-57.29999999999927,8.71684,8.671000000000001,17.38784,-74.68783999999927
470,2019-02-13 12:00:00,10860.6,2019-02-13 15:15:00,10788.5,-72.10000000000036,8.68848,8.6308,17.31928,-89.41928000000036
471,2019-02-15 14:00:00,10685.9,2019-02-18 10:45:00,10667.85,-18.049999999999272,8.54872,8.53428,17.083,-35.13299999999927
472,2019-02-19 12:45:00,10697.8,2019-02-19 14:45:00,10652.75,-45.04999999999927,8.55824,8.5222,17.08044,-62.13043999999927
473,2019-02-20 10:45:00,10680.15,2019-02-26 10:00:00,10762.95,82.80000000000109,8.54412,8.610360000000002,17.15448,65.64552000000108
474,2019-02-26 11:45:00,10824.45,2019-02-27 12:00:00,10827.4,2.9499999999989086,8.65956,8.66192,17.32148,-14.371480000001092
475,2019-02-28 09:30:00,10827.1,2019-02-28 13:00:00,10798.25,-28.850000000000364,8.66168,8.6386,17.30028,-46.150280000000365
476,2019-02-28 14:15:00,10838.35,2019-03-01 12:45:00,10835.7,-2.649999999999636,8.67068,8.668560000000001,17.339240000000004,-19.98923999999964
477,2019-03-05 10:15:00,10855.4,2019-03-07 12:45:00,11032.0,176.60000000000036,8.68432,8.8256,17.50992,159.09008000000037
478,2019-03-07 14:15:00,11078.45,2019-03-08 09:30:00,11037.4,-41.05000000000109,8.862760000000002,8.82992,17.692680000000003,-58.742680000001094
479,2019-03-11 09:30:00,11109.7,2019-03-14 11:45:00,11338.95,229.25,8.887760000000002,9.07116,17.958920000000003,211.29108
480,2019-03-15 09:30:00,11404.7,2019-03-18 11:45:00,11447.25,42.54999999999927,9.12376,9.1578,18.28156,24.268439999999273
481,2019-03-19 10:30:00,11471.9,2019-03-20 12:30:00,11506.4,34.5,9.17752,9.20512,18.382640000000002,16.117359999999998
482,2019-03-26 09:30:00,11374.0,2019-03-26 11:45:00,11369.4,-4.600000000000364,9.0992,9.09552,18.19472,-22.794720000000364
483,2019-03-26 14:15:00,11412.5,2019-03-27 14:00:00,11448.9,36.399999999999636,9.13,9.15912,18.28912,18.110879999999636
484,2019-03-28 11:15:00,11508.9,2019-04-02 09:15:00,11711.55,202.64999999999964,9.20712,9.36924,18.57636,184.07363999999964
485,2019-04-02 12:15:00,11702.9,2019-04-03 12:30:00,11729.65,26.75,9.36232,9.38372,18.74604,8.00396
486,2019-04-05 12:00:00,11633.75,2019-04-08 13:15:00,11623.65,-10.100000000000364,9.307,9.29892,18.60592,-28.705920000000365
487,2019-04-09 14:15:00,11636.2,2019-04-10 14:30:00,11592.85,-43.350000000000364,9.30896,9.274280000000001,18.583240000000004,-61.93324000000037
488,2019-04-11 15:15:00,11597.8,2019-04-12 11:45:00,11586.45,-11.349999999998545,9.27824,9.269160000000001,18.547400000000003,-29.897399999998548
489,2019-04-12 14:15:00,11634.7,2019-04-18 11:45:00,11753.3,118.59999999999854,9.307760000000002,9.40264,18.7104,99.88959999999855
490,2019-04-24 14:15:00,11659.25,2019-04-25 13:30:00,11733.2,73.95000000000073,9.3274,9.386560000000001,18.71396,55.23604000000073
491,2019-04-26 14:15:00,11734.75,2019-04-30 10:00:00,11663.9,-70.85000000000036,9.3878,9.33112,18.71892,-89.56892000000036
492,2019-04-30 11:45:00,11703.1,2019-05-02 13:00:00,11725.8,22.69999999999891,9.362480000000001,9.38064,18.74312,3.9568799999989075
493,2019-05-07 12:45:00,11626.95,2019-05-07 14:15:00,11583.6,-43.350000000000364,9.30156,9.26688,18.568440000000002,-61.918440000000366
494,2019-05-09 11:00:00,11345.45,2019-05-09 12:15:00,11311.35,-34.100000000000364,9.076360000000001,9.04908,18.12544,-52.22544000000036
495,2019-05-10 11:15:00,11336.35,2019-05-13 09:15:00,11258.7,-77.64999999999964,9.069080000000001,9.006960000000001,18.076040000000003,-95.72603999999964
496,2019-05-14 13:30:00,11200.65,2019-05-15 13:00:00,11239.65,39.0,8.96052,8.99172,17.952240000000003,21.047759999999997
497,2019-05-16 14:00:00,11204.45,2019-05-21 13:00:00,11785.45,581.0,8.963560000000001,9.428360000000001,18.391920000000002,562.60808
498,2019-05-22 10:45:00,11750.1,2019-05-23 12:00:00,11862.6,112.5,9.40008,9.49008,18.89016,93.60983999999999
499,2019-05-24 11:45:00,11731.85,2019-05-28 12:45:00,11892.6,160.75,9.385480000000001,9.51408,18.89956,141.85044
500,2019-05-30 10:00:00,11906.45,2019-05-31 12:15:00,11912.95,6.5,9.525160000000001,9.530360000000002,19.05552,-12.555520000000001
501,2019-06-03 10:15:00,11976.65,2019-06-04 11:15:00,12038.3,61.649999999999636,9.58132,9.63064,19.211959999999998,42.43803999999964
502,2019-06-10 09:30:00,11959.4,2019-06-10 12:00:00,11893.45,-65.94999999999891,9.56752,9.51476,19.08228,-85.0322799999989
503,2019-06-11 09:15:00,11959.85,2019-06-12 09:30:00,11924.15,-35.70000000000073,9.56788,9.53932,19.1072,-54.80720000000073
504,2019-06-13 14:00:00,11871.15,2019-06-14 10:45:00,11866.25,-4.899999999999636,9.49692,9.493,18.989919999999998,-23.889919999999634
505,2019-06-18 13:15:00,11720.25,2019-06-18 15:00:00,11641.4,-78.85000000000036,9.3762,9.31312,18.689320000000002,-97.53932000000037
506,2019-06-19 10:15:00,11784.95,2019-06-19 11:45:00,11717.55,-67.40000000000146,9.42796,9.374039999999999,18.802,-86.20200000000145
507,2019-06-20 11:00:00,11737.3,2019-06-21 14:15:00,11728.85,-8.449999999998909,9.38984,9.383080000000001,18.77292,-27.222919999998908
508,2019-06-25 12:30:00,11732.4,2019-06-27 14:15:00,11848.05,115.64999999999964,9.38592,9.478439999999999,18.864359999999998,96.78563999999963
509,2019-07-01 09:30:00,11854.8,2019-07-02 11:00:00,11821.75,-33.04999999999927,9.48384,9.4574,18.94124,-51.99123999999927
510,2019-07-02 13:45:00,11878.0,2019-07-05 11:30:00,11931.6,53.600000000000364,9.5024,9.54528,19.04768,34.552320000000364
511,2019-07-09 11:45:00,11543.35,2019-07-10 12:15:00,11505.45,-37.899999999999636,9.23468,9.204360000000001,18.439040000000002,-56.33903999999964
512,2019-07-11 10:00:00,11551.55,2019-07-12 15:00:00,11565.95,14.400000000001455,9.24124,9.25276,18.494,-4.093999999998545
513,2019-07-15 14:30:00,11583.1,2019-07-18 09:30:00,11662.15,79.04999999999927,9.266480000000001,9.32972,18.596200000000003,60.45379999999927
514,2019-07-23 12:00:00,11359.1,2019-07-24 09:45:00,11290.55,-68.55000000000109,9.087280000000002,9.03244,18.11972,-86.66972000000109
515,2019-07-24 13:30:00,11282.9,2019-07-25 12:00:00,11278.35,-4.549999999999272,9.02632,9.022680000000001,18.049,-22.598999999999272
516,2019-07-26 11:45:00,11285.5,2019-07-29 10:15:00,11240.3,-45.20000000000073,9.028400000000001,8.99224,18.02064,-63.22064000000073
517,2019-07-29 14:00:00,11204.1,2019-07-30 11:15:00,11207.65,3.5499999999992724,8.963280000000001,8.96612,17.9294,-14.379400000000729
518,2019-07-31 12:00:00,11080.1,2019-08-01 10:30:00,11029.25,-50.850000000000364,8.864080000000001,8.823400000000001,17.68748,-68.53748000000036
519,2019-08-02 11:45:00,10925.3,2019-08-05 09:30:00,10858.15,-67.14999999999964,8.74024,8.68652,17.42676,-84.57675999999964
520,2019-08-05 12:45:00,10881.7,2019-08-07 09:15:00,10958.1,76.39999999999964,8.70536,8.766480000000001,17.47184,58.928159999999636
521,2019-08-08 14:30:00,10955.35,2019-08-09 15:15:00,11110.85,155.5,8.764280000000001,8.88868,17.65296,137.84704
522,2019-08-14 10:45:00,11036.6,2019-08-16 09:30:00,10943.35,-93.25,8.82928,8.75468,17.58396,-110.83396
523,2019-08-16 11:30:00,11028.35,2019-08-19 14:30:00,11053.7,25.350000000000364,8.82268,8.842960000000001,17.665640000000003,7.6843600000003605
524,2019-08-20 14:15:00,11045.75,2019-08-21 11:15:00,10992.85,-52.899999999999636,8.8366,8.79428,17.63088,-70.53087999999964
525,2019-08-23 10:45:00,10783.8,2019-08-28 10:45:00,11061.9,278.10000000000036,8.62704,8.84952,17.47656,260.62344000000036
526,2019-08-29 14:15:00,11011.45,2019-08-30 11:15:00,10915.45,-96.0,8.80916,8.732360000000002,17.541520000000002,-113.54152
527,2019-08-30 14:00:00,10956.55,2019-09-03 10:30:00,10894.45,-62.099999999998545,8.76524,8.715560000000002,17.480800000000002,-79.58079999999855
528,2019-09-04 13:15:00,10828.55,2019-09-05 12:00:00,10842.05,13.5,8.66284,8.67364,17.33648,-3.8364800000000017
529,2019-09-06 09:30:00,10885.95,2019-09-12 11:30:00,11031.55,145.59999999999854,8.708760000000002,8.825239999999999,17.534,128.06599999999855
530,2019-09-13 14:15:00,11023.5,2019-09-16 10:45:00,11012.85,-10.649999999999636,8.818800000000001,8.81028,17.629080000000002,-28.279079999999638
531,2019-09-18 13:15:00,10867.95,2019-09-19 10:45:00,10734.4,-133.5500000000011,8.694360000000001,8.58752,17.28188,-150.8318800000011
532,2019-09-20 11:00:00,10903.45,2019-09-23 14:15:00,11595.6,692.1499999999996,8.722760000000001,9.276480000000001,17.99924,674.1507599999997
533,2019-09-26 09:45:00,11559.15,2019-09-27 11:00:00,11524.55,-34.600000000000364,9.24732,9.21964,18.46696,-53.066960000000364
534,2019-09-27 13:45:00,11566.95,2019-09-30 09:30:00,11461.55,-105.40000000000146,9.25356,9.16924,18.422800000000002,-123.82280000000145
535,2019-10-01 09:15:00,11515.4,2019-10-01 13:30:00,11434.15,-81.25,9.21232,9.14732,18.35964,-99.60964
536,2019-10-03 12:15:00,11347.65,2019-10-03 14:45:00,11292.55,-55.100000000000364,9.07812,9.03404,18.11216,-73.21216000000037
537,2019-10-04 10:45:00,11371.6,2019-10-04 12:15:00,11272.6,-99.0,9.097280000000001,9.018080000000001,18.115360000000003,-117.11536000000001
538,2019-10-09 12:00:00,11195.05,2019-10-10 11:30:00,11241.6,46.55000000000109,8.95604,8.99328,17.94932,28.60068000000109
539,2019-10-11 09:45:00,11342.05,2019-10-16 13:30:00,11424.9,82.85000000000036,9.07364,9.13992,18.21356,64.63644000000036
540,2019-10-17 10:45:00,11479.15,2019-10-23 10:45:00,11618.85,139.70000000000073,9.18332,9.29508,18.4784,121.22160000000073
541,2019-10-24 13:00:00,11611.65,2019-10-25 12:15:00,11570.4,-41.25,9.28932,9.25632,18.54564,-59.79564
542,2019-10-25 14:45:00,11605.45,2019-11-01 10:30:00,11881.4,275.9499999999989,9.284360000000001,9.50512,18.78948,257.1605199999989
543,2019-11-04 09:30:00,11966.25,2019-11-04 13:30:00,11916.05,-50.20000000000073,9.573,9.53284,19.10584,-69.30584000000073
544,2019-11-05 10:30:00,11948.9,2019-11-05 12:15:00,11896.35,-52.54999999999927,9.55912,9.51708,19.0762,-71.62619999999927
545,2019-11-05 15:15:00,11918.4,2019-11-07 12:45:00,11951.25,32.850000000000364,9.53472,9.561,19.09572,13.754280000000364
546,2019-11-07 14:15:00,12005.1,2019-11-08 10:45:00,11959.95,-45.149999999999636,9.604080000000002,9.567960000000001,19.172040000000003,-64.32203999999965
547,2019-11-08 12:45:00,12002.5,2019-11-08 14:30:00,11965.15,-37.350000000000364,9.602,9.57212,19.174120000000002,-56.524120000000366
548,2019-11-11 15:15:00,11919.75,2019-11-13 12:15:00,11892.8,-26.950000000000728,9.5358,9.51424,19.05004,-46.00004000000072
549,2019-11-14 11:15:00,11873.15,2019-11-14 12:30:00,11819.8,-53.350000000000364,9.498520000000001,9.45584,18.95436,-72.30436000000037
550,2019-11-14 15:00:00,11875.35,2019-11-18 09:45:00,11911.05,35.69999999999891,9.50028,9.52884,19.02912,16.67087999999891
551,2019-11-19 10:30:00,11901.85,2019-11-20 14:30:00,11989.2,87.35000000000036,9.52148,9.591360000000002,19.112840000000002,68.23716000000036
552,2019-11-21 13:15:00,12003.9,2019-11-22 09:30:00,11954.05,-49.850000000000364,9.60312,9.56324,19.16636,-69.01636000000036
553,2019-11-25 09:30:00,11958.4,2019-11-26 12:00:00,12071.65,113.25,9.56672,9.65732,19.224040000000002,94.02596
554,2019-11-27 10:15:00,12099.1,2019-11-29 10:00:00,12091.6,-7.5,9.67928,9.67328,19.35256,-26.85256
555,2019-12-02 09:30:00,12086.1,2019-12-02 12:00:00,12053.05,-33.05000000000109,9.668880000000001,9.64244,19.311320000000002,-52.36132000000109
556,2019-12-04 09:15:00,11969.95,2019-12-04 12:00:00,11984.95,15.0,9.57596,9.58796,19.16392,-4.163920000000001
557,2019-12-04 15:00:00,12020.95,2019-12-05 14:45:00,12015.65,-5.300000000001091,9.616760000000001,9.61252,19.229280000000003,-24.529280000001094
558,2019-12-09 12:45:00,11958.35,2019-12-09 14:30:00,11931.3,-27.05000000000109,9.566680000000002,9.54504,19.111720000000002,-46.1617200000011
559,2019-12-12 09:30:00,11947.9,2019-12-20 13:45:00,12269.3,321.39999999999964,9.55832,9.81544,19.37376,302.02623999999963
560,2019-12-27 10:45:00,12203.8,2019-12-30 11:45:00,12232.45,28.650000000001455,9.76304,9.785960000000001,19.549,9.101000000001456
561,2019-12-30 15:15:00,12257.9,2019-12-31 11:00:00,12203.15,-54.75,9.80632,9.76252,19.56884,-74.31884
562,2019-12-31 13:45:00,12229.6,2019-12-31 15:00:00,12194.95,-34.649999999999636,9.78368,9.755960000000002,19.539640000000002,-54.18963999999964
563,2020-01-02 10:15:00,12220.0,2020-01-03 10:45:00,12240.65,20.649999999999636,9.776,9.79252,19.56852,1.0814799999996367
564,2020-01-07 09:30:00,12125.25,2020-01-07 12:00:00,12066.95,-58.29999999999927,9.7002,9.65356,19.35376,-77.65375999999927
565,2020-01-08 14:15:00,12007.35,2020-01-10 13:45:00,12259.25,251.89999999999964,9.60588,9.807400000000001,19.41328,232.48671999999965
566,2020-01-13 09:30:00,12325.65,2020-01-13 14:15:00,12300.9,-24.75,9.860520000000001,9.840720000000001,19.701240000000002,-44.45124
567,2020-01-14 12:00:00,12337.9,2020-01-15 10:15:00,12292.8,-45.100000000000364,9.87032,9.83424,19.70456,-64.80456000000036
568,2020-01-15 15:15:00,12348.9,2020-01-16 11:00:00,12338.2,-10.699999999998909,9.87912,9.870560000000001,19.74968,-30.44967999999891
569,2020-01-16 14:00:00,12359.8,2020-01-17 12:15:00,12345.95,-13.849999999998545,9.88784,9.87676,19.7646,-33.614599999998546
570,2020-01-23 12:30:00,12146.95,2020-01-27 09:30:00,12178.15,31.19999999999891,9.71756,9.74252,19.46008,11.739919999998907
571,2020-01-29 09:45:00,12143.95,2020-01-30 09:30:00,12084.6,-59.350000000000364,9.715160000000001,9.66768,19.38284,-78.73284000000037
572,2020-01-31 13:30:00,12008.75,2020-02-01 09:30:00,11932.2,-76.54999999999927,9.607000000000001,9.545760000000001,19.15276,-95.70275999999927
573,2020-02-01 11:00:00,11995.25,2020-02-01 13:00:00,11895.0,-100.25,9.5962,9.516,19.1122,-119.3622
574,2020-02-04 09:30:00,11835.1,2020-02-05 12:15:00,11993.0,157.89999999999964,9.46808,9.5944,19.06248,138.83751999999964
575,2020-02-05 14:30:00,12085.0,2020-02-07 10:15:00,12116.85,31.850000000000364,9.668000000000001,9.693480000000001,19.36148,12.488520000000364
576,2020-02-11 09:30:00,12141.1,2020-02-11 12:00:00,12131.0,-10.100000000000364,9.71288,9.7048,19.41768,-29.517680000000365
577,2020-02-12 10:15:00,12222.0,2020-02-12 13:15:00,12198.25,-23.75,9.7776,9.758600000000001,19.5362,-43.2862
578,2020-02-13 15:15:00,12174.5,2020-02-14 12:45:00,12152.05,-22.450000000000728,9.739600000000001,9.72164,19.461240000000004,-41.91124000000073
579,2020-02-18 15:00:00,11960.5,2020-02-20 14:45:00,12105.3,144.79999999999927,9.5684,9.684239999999999,19.25264,125.54735999999927
580,2020-02-26 13:00:00,11733.95,2020-02-26 14:45:00,11666.25,-67.70000000000073,9.387160000000002,9.333,18.72016,-86.42016000000072
581,2020-02-27 13:15:00,11604.7,2020-02-28 09:30:00,11339.9,-264.8000000000011,9.283760000000001,9.07192,18.35568,-283.1556800000011
582,2020-03-02 10:00:00,11366.85,2020-03-02 15:00:00,11272.45,-94.39999999999964,9.093480000000001,9.01796,18.11144,-112.51143999999964
583,2020-03-03 14:00:00,11264.35,2020-03-04 12:00:00,11242.35,-22.0,9.01148,8.99388,18.005360000000003,-40.00536
584,2020-03-04 15:15:00,11258.8,2020-03-05 15:15:00,11261.95,3.150000000001455,9.00704,9.00956,18.0166,-14.866599999998545
585,2020-03-06 13:15:00,10980.6,2020-03-09 09:30:00,10661.4,-319.2000000000007,8.78448,8.52912,17.3136,-336.51360000000074
586,2020-03-09 15:00:00,10487.2,2020-03-12 09:30:00,9938.75,-548.4500000000007,8.38976,7.9510000000000005,16.340760000000003,-564.7907600000008
587,2020-03-13 12:00:00,9591.3,2020-03-16 09:30:00,9426.95,-164.34999999999854,7.673039999999999,7.541560000000001,15.2146,-179.56459999999853
588,2020-03-19 12:30:00,8244.05,2020-03-23 09:30:00,8048.55,-195.4999999999991,6.5952399999999995,6.438840000000001,13.03408,-208.53407999999908
589,2020-03-24 11:45:00,7801.2,2020-03-27 11:00:00,8626.75,825.5500000000002,6.24096,6.901400000000001,13.14236,812.4076400000001
590,2020-03-27 14:30:00,8837.95,2020-03-30 09:30:00,8399.15,-438.8000000000011,7.070360000000001,6.71932,13.78968,-452.58968000000107
591,2020-03-31 10:00:00,8446.05,2020-04-01 09:45:00,8414.0,-32.04999999999927,6.7568399999999995,6.7312,13.48804,-45.53803999999927
592,2020-04-07 09:30:00,8370.65,2020-04-08 12:45:00,8823.4,452.75,6.6965200000000005,7.05872,13.75524,438.99476
593,2020-04-09 09:30:00,8973.2,2020-04-13 13:30:00,8982.8,9.599999999998545,7.178560000000001,7.18624,14.3648,-4.764800000001456
594,2020-04-15 09:30:00,9126.35,2020-04-15 13:30:00,9123.1,-3.25,7.301080000000001,7.2984800000000005,14.59956,-17.84956
595,2020-04-16 12:15:00,9012.35,2020-04-17 11:45:00,9154.25,141.89999999999964,7.209880000000001,7.3234,14.533280000000001,127.36671999999963
596,2020-04-17 15:00:00,9236.45,2020-04-20 12:45:00,9254.75,18.299999999999272,7.389160000000001,7.4038,14.79296,3.5070399999992716
597,2020-04-22 10:30:00,9000.25,2020-04-24 09:30:00,9167.65,167.39999999999964,7.200200000000001,7.33412,14.534320000000001,152.86567999999963
598,2020-04-24 12:30:00,9262.35,2020-04-24 15:15:00,9145.0,-117.35000000000036,7.40988,7.316000000000001,14.72588,-132.07588000000035
599,2020-04-27 09:45:00,9332.95,2020-04-27 14:30:00,9300.5,-32.45000000000073,7.466360000000001,7.4404,14.906760000000002,-47.35676000000073
600,2020-04-28 13:30:00,9354.5,2020-04-30 13:45:00,9789.7,435.2000000000007,7.4836,7.831760000000001,15.315360000000002,419.88464000000073
601,2020-05-05 09:30:00,9391.6,2020-05-05 14:30:00,9279.2,-112.39999999999964,7.513280000000001,7.423360000000001,14.93664,-127.33663999999963
602,2020-05-06 12:15:00,9327.25,2020-05-07 09:30:00,9218.4,-108.85000000000036,7.4618,7.37472,14.83652,-123.68652000000037
603,2020-05-08 09:30:00,9327.2,2020-05-11 11:30:00,9332.1,4.899999999999636,7.461760000000001,7.465680000000001,14.92744,-10.027440000000365
604,2020-05-12 14:15:00,9118.95,2020-05-14 09:30:00,9256.5,137.54999999999927,7.295160000000001,7.405200000000001,14.700360000000002,122.84963999999927
605,2020-05-15 14:15:00,9143.2,2020-05-18 10:00:00,8927.0,-216.20000000000073,7.314560000000001,7.1416,14.45616,-230.65616000000074
606,2020-05-19 10:00:00,8955.55,2020-05-19 13:45:00,8907.25,-48.29999999999927,7.16444,7.1258,14.29024,-62.59023999999927
607,2020-05-20 10:00:00,8984.55,2020-05-22 10:15:00,9067.45,82.90000000000146,7.18764,7.253960000000001,14.441600000000001,68.45840000000146
608,2020-05-26 09:15:00,9099.75,2020-05-26 11:30:00,9090.0,-9.75,7.279800000000001,7.272,14.5518,-24.3018
609,2020-05-27 11:00:00,9109.9,2020-06-01 15:00:00,9838.15,728.25,7.28792,7.87052,15.158439999999999,713.09156
610,2020-06-02 12:15:00,9920.8,2020-06-04 09:45:00,10048.6,127.80000000000109,7.93664,8.03888,15.97552,111.82448000000109
611,2020-06-04 15:15:00,10025.6,2020-06-08 13:00:00,10189.65,164.04999999999927,8.020480000000001,8.151720000000001,16.172200000000004,147.87779999999927
612,2020-06-09 11:45:00,10263.3,2020-06-09 13:15:00,10181.1,-82.19999999999891,8.21064,8.14488,16.35552,-98.55551999999891
613,2020-06-10 13:00:00,10129.1,2020-06-11 10:45:00,10068.05,-61.05000000000109,8.10328,8.05444,16.157719999999998,-77.20772000000109
614,2020-06-12 13:00:00,9761.65,2020-06-15 10:30:00,9822.05,60.399999999999636,7.8093200000000005,7.85764,15.66696,44.73303999999963
615,2020-06-15 14:15:00,9822.75,2020-06-16 12:15:00,9940.5,117.75,7.8582,7.952400000000001,15.8106,101.9394
616,2020-06-17 10:15:00,9937.7,2020-06-18 10:45:00,9898.05,-39.650000000001455,7.950160000000001,7.9184399999999995,15.8686,-55.518600000001456
617,2020-06-18 12:15:00,9969.15,2020-06-24 11:45:00,10443.15,474.0,7.97532,8.35452,16.32984,457.67016
618,2020-06-26 09:30:00,10392.9,2020-06-26 13:45:00,10329.35,-63.54999999999927,8.31432,8.263480000000001,16.577800000000003,-80.12779999999927
619,2020-06-29 14:30:00,10299.55,2020-07-01 10:30:00,10336.7,37.150000000001455,8.23964,8.26936,16.509,20.641000000001455
620,2020-07-01 12:15:00,10387.8,2020-07-03 13:45:00,10571.05,183.25,8.31024,8.45684,16.76708,166.48292
621,2020-07-06 09:30:00,10713.7,2020-07-06 14:45:00,10750.55,36.849999999998545,8.570960000000001,8.600439999999999,17.1714,19.678599999998546
622,2020-07-07 13:15:00,10766.7,2020-07-08 15:00:00,10724.2,-42.5,8.61336,8.579360000000001,17.19272,-59.69272
623,2020-07-09 10:15:00,10781.05,2020-07-10 11:15:00,10752.05,-29.0,8.624839999999999,8.60164,17.22648,-46.226479999999995
624,2020-07-10 13:45:00,10782.0,2020-07-13 12:15:00,10808.1,26.100000000000364,8.6256,8.64648,17.272080000000003,8.827920000000361
625,2020-07-15 09:30:00,10713.9,2020-07-15 14:45:00,10689.85,-24.049999999999272,8.57112,8.55188,17.123,-41.17299999999928
626,2020-07-16 15:15:00,10746.05,2020-07-22 13:45:00,11107.35,361.3000000000011,8.59684,8.88588,17.48272,343.8172800000011
627,2020-07-23 09:45:00,11172.35,2020-07-24 10:45:00,11115.65,-56.70000000000073,8.937880000000002,8.89252,17.8304,-74.53040000000072
628,2020-07-24 14:15:00,11184.25,2020-07-27 11:30:00,11119.55,-64.70000000000073,8.9474,8.89564,17.843040000000002,-82.54304000000073
629,2020-07-28 12:00:00,11204.45,2020-07-29 14:15:00,11204.25,-0.2000000000007276,8.963560000000001,8.9634,17.92696,-18.12696000000073
630,2020-07-30 10:15:00,11277.75,2020-07-30 13:00:00,11193.05,-84.70000000000073,9.0222,8.95444,17.97664,-102.67664000000073
631,2020-08-04 10:00:00,10973.65,2020-08-05 11:45:00,11133.15,159.5,8.77892,8.90652,17.68544,141.81456
632,2020-08-06 10:30:00,11177.2,2020-08-07 09:30:00,11170.25,-6.950000000000728,8.94176,8.936200000000001,17.87796,-24.82796000000073
633,2020-08-10 09:30:00,11307.05,2020-08-10 12:45:00,11310.2,3.150000000001455,9.04564,9.048160000000001,18.0938,-14.943799999998546
634,2020-08-11 10:30:00,11358.35,2020-08-11 12:15:00,11320.05,-38.30000000000109,9.086680000000001,9.05604,18.14272,-56.44272000000109
635,2020-08-12 12:30:00,11301.35,2020-08-13 12:30:00,11284.2,-17.149999999999636,9.041080000000001,9.027360000000002,18.068440000000002,-35.21843999999964
636,2020-08-14 12:00:00,11338.85,2020-08-14 13:45:00,11277.6,-61.25,9.07108,9.02208,18.09316,-79.34316
637,2020-08-17 10:45:00,11226.15,2020-08-18 12:15:00,11306.45,80.30000000000109,8.98092,9.045160000000001,18.02608,62.27392000000109
638,2020-08-18 14:15:00,11366.05,2020-08-20 09:30:00,11319.7,-46.349999999998545,9.09284,9.055760000000001,18.148600000000002,-64.49859999999855
639,2020-08-21 09:30:00,11405.95,2020-08-25 14:15:00,11439.45,33.5,9.12476,9.151560000000002,18.276320000000002,15.223679999999998
640,2020-08-26 09:30:00,11500.65,2020-08-27 13:45:00,11565.95,65.30000000000109,9.200520000000001,9.25276,18.45328,46.84672000000109
641,2020-08-28 09:45:00,11625.95,2020-08-31 11:00:00,11707.05,81.09999999999854,9.30076,9.365639999999999,18.6664,62.43359999999855
642,2020-09-01 11:00:00,11454.45,2020-09-01 14:30:00,11446.1,-8.350000000000364,9.16356,9.156880000000001,18.32044,-26.670440000000365
643,2020-09-02 14:30:00,11533.35,2020-09-03 12:15:00,11519.5,-13.850000000000364,9.22668,9.2156,18.44228,-32.29228000000036
644,2020-09-07 14:00:00,11338.35,2020-09-08 14:45:00,11369.05,30.69999999999891,9.070680000000001,9.09524,18.16592,12.534079999998909
645,2020-09-09 15:15:00,11280.75,2020-09-14 13:45:00,11504.6,223.85000000000036,9.024600000000001,9.20368,18.22828,205.62172000000035
646,2020-09-15 09:45:00,11499.05,2020-09-17 11:30:00,11551.45,52.400000000001455,9.19924,9.24116,18.4404,33.95960000000146
647,2020-09-18 11:45:00,11565.5,2020-09-21 10:00:00,11493.75,-71.75,9.2524,9.195,18.447400000000002,-90.1974
648,2020-09-22 13:45:00,11225.95,2020-09-23 12:15:00,11138.75,-87.20000000000073,8.980760000000002,8.911,17.89176,-105.09176000000073
649,2020-09-25 11:15:00,10918.45,2020-09-30 10:00:00,11194.95,276.5,8.734760000000001,8.955960000000001,17.690720000000002,258.80928
650,2020-09-30 14:00:00,11269.45,2020-10-05 13:00:00,11494.4,224.9499999999989,9.01556,9.19552,18.211080000000003,206.7389199999989
651,2020-10-06 09:30:00,11586.0,2020-10-08 14:45:00,11817.0,231.0,9.2688,9.4536,18.7224,212.2776
652,2020-10-09 11:15:00,11915.15,2020-10-09 13:45:00,11869.3,-45.850000000000364,9.53212,9.49544,19.02756,-64.87756000000036
653,2020-10-12 09:15:00,11973.55,2020-10-12 12:15:00,11914.05,-59.5,9.57884,9.53124,19.11008,-78.61008
654,2020-10-13 10:30:00,11970.95,2020-10-13 12:45:00,11930.65,-40.30000000000109,9.57676,9.54452,19.12128,-59.42128000000109
655,2020-10-14 14:45:00,11932.3,2020-10-15 13:15:00,11849.15,-83.14999999999964,9.54584,9.47932,19.02516,-102.17515999999964
656,2020-10-16 13:30:00,11774.9,2020-10-19 12:00:00,11836.15,61.25,9.41992,9.46892,18.888840000000002,42.36116
657,2020-10-20 09:45:00,11909.2,2020-10-21 13:30:00,11909.4,0.1999999999989086,9.527360000000002,9.52752,19.054880000000004,-18.854880000001096
658,2020-10-22 10:00:00,11903.0,2020-10-26 09:30:00,11899.65,-3.350000000000364,9.522400000000001,9.51972,19.04212,-22.392120000000364
659,2020-10-27 09:15:00,11807.1,2020-10-28 11:15:00,11816.8,9.699999999998909,9.445680000000001,9.45344,18.899120000000003,-9.199120000001095
660,2020-10-30 09:45:00,11736.2,2020-10-30 11:15:00,11643.25,-92.95000000000073,9.38896,9.3146,18.703560000000003,-111.65356000000074
661,2020-11-02 11:30:00,11633.35,2020-11-09 12:15:00,12375.45,742.1000000000004,9.30668,9.900360000000001,19.20704,722.8929600000004
662,2020-11-09 14:15:00,12436.5,2020-11-11 11:30:00,12623.5,187.0,9.949200000000001,10.0988,20.048000000000002,166.952
663,2020-11-11 14:30:00,12744.1,2020-11-12 10:30:00,12671.0,-73.10000000000036,10.19528,10.136800000000001,20.33208,-93.43208000000037
664,2020-11-13 13:15:00,12691.1,2020-11-18 12:45:00,12831.6,140.5,10.152880000000001,10.26528,20.41816,120.08184
665,2020-11-18 14:00:00,12901.75,2020-11-19 13:30:00,12897.4,-4.350000000000364,10.3214,10.31792,20.63932,-24.989320000000365
666,2020-11-20 14:00:00,12862.15,2020-11-25 10:45:00,13007.05,144.89999999999964,10.28972,10.40564,20.69536,124.20463999999964
667,2020-11-26 14:15:00,12934.5,2020-12-02 11:30:00,13068.15,133.64999999999964,10.3476,10.45452,20.802120000000002,112.84787999999963
668,2020-12-02 15:15:00,13121.2,2020-12-04 12:30:00,13200.15,78.94999999999891,10.496960000000001,10.56012,21.05708,57.89291999999891
669,2020-12-04 15:00:00,13245.05,2020-12-08 11:30:00,13329.85,84.80000000000109,10.59604,10.66388,21.25992,63.54008000000109
670,2020-12-08 14:00:00,13408.75,2020-12-10 09:45:00,13426.35,17.600000000000364,10.727,10.74108,21.46808,-3.8680799999996367
671,2020-12-11 09:30:00,13538.85,2020-12-11 14:00:00,13496.55,-42.30000000000109,10.83108,10.79724,21.628320000000002,-63.928320000001094
672,2020-12-14 09:30:00,13576.55,2020-12-14 13:00:00,13490.5,-86.04999999999927,10.86124,10.7924,21.653640000000003,-107.70363999999927
673,2020-12-14 15:15:00,13562.25,2020-12-15 10:15:00,13463.45,-98.79999999999927,10.8498,10.770760000000001,21.62056,-120.42055999999927
674,2020-12-15 12:15:00,13516.65,2020-12-18 10:00:00,13662.4,145.75,10.813320000000001,10.929920000000001,21.74324,124.00676
675,2020-12-18 14:00:00,13735.7,2020-12-21 12:45:00,13705.8,-29.900000000001455,10.988560000000001,10.96464,21.953200000000002,-51.85320000000146
676,2020-12-22 14:00:00,13377.75,2020-12-29 11:00:00,13882.7,504.9500000000007,10.702200000000001,11.106160000000001,21.80836,483.14164000000073
677,2020-12-30 14:15:00,13943.05,2021-01-04 11:15:00,14017.65,74.60000000000036,11.15444,11.21412,22.36856,52.23144000000036
678,2021-01-04 13:30:00,14093.25,2021-01-05 10:15:00,14070.8,-22.450000000000728,11.274600000000001,11.256639999999999,22.53124,-44.981240000000724
679,2021-01-05 11:30:00,14128.75,2021-01-06 13:45:00,14154.8,26.049999999999272,11.303,11.32384,22.62684,3.423159999999271
680,2021-01-07 09:30:00,14222.95,2021-01-07 15:00:00,14176.55,-46.400000000001455,11.37836,11.341239999999999,22.7196,-69.11960000000145
681,2021-01-08 10:15:00,14252.9,2021-01-11 12:00:00,14403.25,150.35000000000036,11.40232,11.5226,22.92492,127.42508000000036
682,2021-01-11 14:45:00,14472.35,2021-01-13 11:30:00,14574.15,101.79999999999927,11.57788,11.659320000000001,23.2372,78.56279999999927
683,2021-01-14 11:15:00,14567.45,2021-01-15 10:45:00,14516.95,-50.5,11.653960000000001,11.613560000000001,23.267520000000005,-73.76752
684,2021-01-18 14:15:00,14400.9,2021-01-19 09:15:00,14371.65,-29.25,11.52072,11.49732,23.01804,-52.26804
685,2021-01-19 10:15:00,14412.5,2021-01-21 14:45:00,14677.8,265.2999999999993,11.530000000000001,11.74224,23.272240000000004,242.02775999999926
686,2021-01-29 09:30:00,13908.2,2021-01-29 12:15:00,13786.75,-121.45000000000073,11.126560000000001,11.0294,22.15596,-143.60596000000072
687,2021-02-01 11:30:00,13848.55,2021-02-02 11:45:00,14547.6,699.0500000000011,11.07884,11.63808,22.716920000000002,676.3330800000011
688,2021-02-02 14:30:00,14663.7,2021-02-04 09:30:00,14754.8,91.09999999999854,11.730960000000001,11.80384,23.5348,67.56519999999854
689,2021-02-04 11:45:00,14829.45,2021-02-05 15:15:00,14919.65,90.19999999999891,11.863560000000001,11.93572,23.799280000000003,66.4007199999989
690,2021-02-08 09:30:00,15099.5,2021-02-10 09:30:00,15094.6,-4.899999999999636,12.079600000000001,12.07568,24.15528,-29.055279999999637
691,2021-02-11 09:45:00,15137.35,2021-02-12 14:15:00,15117.05,-20.30000000000109,12.10988,12.09364,24.20352,-44.50352000000109
692,2021-02-15 09:30:00,15307.15,2021-02-16 12:30:00,15347.4,40.25,12.24572,12.27792,24.52364,15.72636
693,2021-02-17 12:30:00,15293.9,2021-02-17 13:45:00,15195.25,-98.64999999999964,12.23512,12.1562,24.39132,-123.04131999999964
694,2021-02-23 10:45:00,14845.25,2021-02-23 14:45:00,14725.5,-119.75,11.8762,11.7804,23.6566,-143.4066
695,2021-02-25 09:15:00,15079.85,2021-02-25 12:00:00,15086.6,6.75,12.063880000000001,12.069280000000001,24.133160000000004,-17.383160000000004
696,2021-02-25 14:30:00,15167.35,2021-02-26 09:30:00,14901.1,-266.25,12.133880000000001,11.92088,24.05476,-290.30476
697,2021-03-01 10:30:00,14785.3,2021-03-01 12:30:00,14644.0,-141.29999999999927,11.82824,11.715200000000001,23.54344,-164.84343999999928
698,2021-03-02 09:15:00,14865.3,2021-03-02 11:30:00,14790.6,-74.69999999999891,11.89224,11.83248,23.724719999999998,-98.4247199999989
699,2021-03-03 09:15:00,15064.4,2021-03-04 12:15:00,15134.75,70.35000000000036,12.05152,12.107800000000001,24.15932,46.19068000000036
700,2021-03-08 10:00:00,15091.05,2021-03-08 12:45:00,14980.65,-110.39999999999964,12.07284,11.98452,24.05736,-134.45735999999962
701,2021-03-09 11:45:00,15082.15,2021-03-09 13:15:00,14973.1,-109.04999999999927,12.06572,11.978480000000001,24.044200000000004,-133.09419999999926
702,2021-03-09 15:15:00,15114.55,2021-03-10 11:45:00,15131.05,16.5,12.09164,12.10484,24.19648,-7.696480000000001
703,2021-03-10 14:30:00,15184.5,2021-03-12 12:30:00,15229.15,44.649999999999636,12.1476,12.18332,24.33092,20.319079999999637
704,2021-03-15 15:00:00,14894.8,2021-03-16 13:15:00,14939.25,44.45000000000073,11.91584,11.951400000000001,23.867240000000002,20.582760000000725
705,2021-03-19 11:00:00,14598.35,2021-03-22 12:30:00,14634.35,36.0,11.678680000000002,11.70748,23.386160000000004,12.613839999999996
706,2021-03-22 15:15:00,14756.3,2021-03-24 09:30:00,14722.4,-33.899999999999636,11.80504,11.77792,23.58296,-57.482959999999636
707,2021-03-25 14:45:00,14432.2,2021-03-31 10:15:00,14747.2,315.0,11.545760000000001,11.797760000000002,23.343520000000005,291.65648
708,2021-04-01 13:00:00,14761.3,2021-04-05 10:00:00,14666.0,-95.29999999999927,11.80904,11.732800000000001,23.54184,-118.84183999999928
709,2021-04-05 13:30:00,14601.05,2021-04-06 13:45:00,14638.85,37.80000000000109,11.68084,11.71108,23.39192,14.408080000001092
710,2021-04-07 09:45:00,14772.15,2021-04-08 12:15:00,14889.0,116.85000000000036,11.81772,11.911200000000001,23.728920000000002,93.12108000000036
711,2021-04-08 13:45:00,14973.9,2021-04-08 15:00:00,14840.3,-133.60000000000036,11.97912,11.87224,23.85136,-157.45136000000036
712,2021-04-13 10:15:00,14442.75,2021-04-13 11:45:00,14322.0,-120.75,11.5542,11.457600000000001,23.0118,-143.7618
713,2021-04-13 14:15:00,14463.95,2021-04-15 11:15:00,14366.4,-97.55000000000109,11.57116,11.493120000000001,23.064280000000004,-120.61428000000109
714,2021-04-15 13:45:00,14473.6,2021-04-19 09:30:00,14265.3,-208.3000000000011,11.578880000000002,11.41224,22.991120000000002,-231.2911200000011
715,2021-04-19 13:30:00,14328.0,2021-04-20 11:30:00,14390.1,62.100000000000364,11.4624,11.512080000000001,22.97448,39.125520000000364
716,2021-04-22 12:00:00,14317.1,2021-04-23 14:30:00,14313.65,-3.4500000000007276,11.45368,11.45092,22.904600000000002,-26.35460000000073
717,2021-04-26 09:45:00,14512.2,2021-04-26 13:45:00,14470.0,-42.20000000000073,11.609760000000001,11.576,23.185760000000002,-65.38576000000073
718,2021-04-27 10:00:00,14567.1,2021-04-30 09:30:00,14805.1,238.0,11.653680000000001,11.844080000000002,23.497760000000003,214.50224
719,2021-05-03 14:45:00,14662.4,2021-05-04 14:45:00,14491.6,-170.79999999999927,11.72992,11.59328,23.3232,-194.12319999999926
720,2021-05-05 10:45:00,14593.05,2021-05-07 13:15:00,14778.05,185.0,11.67444,11.82244,23.49688,161.50312
721,2021-05-07 15:00:00,14839.1,2021-05-11 09:30:00,14827.05,-12.050000000001091,11.87128,11.86164,23.73292,-35.78292000000109
722,2021-05-11 12:30:00,14897.6,2021-05-11 13:30:00,14819.0,-78.60000000000036,11.918080000000002,11.8552,23.77328,-102.37328000000036
723,2021-05-12 13:15:00,14775.1,2021-05-12 15:00:00,14653.55,-121.55000000000109,11.82008,11.72284,23.542920000000002,-145.0929200000011
724,2021-05-17 09:30:00,14733.2,2021-05-19 11:30:00,15071.25,338.0499999999993,11.786560000000001,12.057,23.843560000000004,314.20643999999925
725,2021-05-21 09:45:00,15040.65,2021-05-25 13:30:00,15216.75,176.10000000000036,12.03252,12.1734,24.20592,151.89408000000037
726,2021-05-26 10:15:00,15242.4,2021-05-27 14:30:00,15292.25,49.850000000000364,12.19392,12.2338,24.42772,25.422280000000363
727,2021-05-28 09:30:00,15434.45,2021-06-01 11:15:00,15556.35,121.89999999999964,12.347560000000001,12.44508,24.792640000000002,97.10735999999963
728,2021-06-02 15:00:00,15557.2,2021-06-03 13:30:00,15630.5,73.29999999999927,12.445760000000002,12.5044,24.950160000000004,48.34983999999927
729,2021-06-03 15:15:00,15695.65,2021-06-04 11:30:00,15653.4,-42.25,12.55652,12.52272,25.07924,-67.32924
730,2021-06-07 09:30:00,15700.9,2021-06-08 12:00:00,15717.65,16.75,12.56072,12.57412,25.13484,-8.38484
731,2021-06-08 15:00:00,15747.4,2021-06-09 14:30:00,15642.7,-104.69999999999891,12.59792,12.51416,25.11208,-129.8120799999989
732,2021-06-10 09:45:00,15700.05,2021-06-11 12:15:00,15753.85,53.80000000000109,12.56004,12.60308,25.16312,28.636880000001092
733,2021-06-14 13:00:00,15744.65,2021-06-16 09:15:00,15847.5,102.85000000000036,12.59572,12.678,25.27372,77.57628000000037
734,2021-06-16 14:30:00,15824.1,2021-06-17 09:15:00,15648.3,-175.8000000000011,12.65928,12.51864,25.17792,-200.9779200000011
735,2021-06-18 09:30:00,15729.1,2021-06-18 10:30:00,15560.2,-168.89999999999964,12.58328,12.448160000000001,25.031440000000003,-193.93143999999964
736,2021-06-18 14:30:00,15661.75,2021-06-22 14:00:00,15814.15,152.39999999999964,12.5294,12.65132,25.18072,127.21927999999963
737,2021-06-24 10:45:00,15755.95,2021-06-28 12:00:00,15834.35,78.39999999999964,12.60476,12.667480000000001,25.272240000000004,53.12775999999963
738,2021-06-30 10:00:00,15793.75,2021-06-30 14:30:00,15762.55,-31.200000000000728,12.635,12.61004,25.24504,-56.44504000000073
739,2021-07-02 12:30:00,15683.3,2021-07-06 14:45:00,15847.7,164.40000000000146,12.54664,12.678160000000002,25.224800000000002,139.17520000000144
740,2021-07-07 14:15:00,15854.6,2021-07-08 11:45:00,15819.45,-35.149999999999636,12.68368,12.655560000000001,25.339240000000004,-60.48923999999964
741,2021-07-12 09:15:00,15766.8,2021-07-12 13:15:00,15701.7,-65.09999999999854,12.61344,12.56136,25.1748,-90.27479999999855
742,2021-07-13 09:30:00,15763.9,2021-07-16 12:15:00,15909.15,145.25,12.61112,12.72732,25.33844,119.91156000000001
743,2021-07-20 13:15:00,15670.35,2021-07-22 09:15:00,15736.6,66.25,12.536280000000001,12.58928,25.12556,41.12444
744,2021-07-22 09:30:00,15757.2,2021-07-22 14:45:00,15776.8,19.599999999998545,12.605760000000002,12.62144,25.227200000000003,-5.627200000001459
745,2021-07-23 09:30:00,15853.85,2021-07-26 14:00:00,15844.75,-9.100000000000364,12.68308,12.6758,25.35888,-34.45888000000036
746,2021-07-27 10:30:00,15876.0,2021-07-27 11:30:00,15834.3,-41.70000000000073,12.700800000000001,12.66744,25.36824,-67.06824000000073
747,2021-07-28 13:15:00,15666.05,2021-07-30 15:15:00,15749.05,83.0,12.53284,12.59924,25.132080000000002,57.86792
748,2021-08-02 10:45:00,15862.4,2021-08-04 12:00:00,16213.05,350.64999999999964,12.68992,12.97044,25.66036,324.9896399999996
749,2021-08-04 14:30:00,16278.9,2021-08-06 11:45:00,16241.3,-37.600000000000364,13.02312,12.99304,26.01616,-63.61616000000036
750,2021-08-09 10:00:00,16312.1,2021-08-09 12:30:00,16235.35,-76.75,13.04968,12.988280000000001,26.03796,-102.78796
751,2021-08-10 09:30:00,16317.8,2021-08-10 14:00:00,16279.3,-38.5,13.05424,13.02344,26.07768,-64.57768
752,2021-08-11 13:30:00,16251.55,2021-08-17 12:15:00,16525.8,274.25,13.00124,13.22064,26.22188,248.02812
753,2021-08-17 14:15:00,16576.25,2021-08-18 12:15:00,16640.15,63.900000000001455,13.261000000000001,13.312120000000002,26.573120000000003,37.32688000000145
754,2021-08-23 09:30:00,16549.2,2021-08-25 14:45:00,16630.7,81.5,13.239360000000001,13.30456,26.54392,54.95608
755,2021-08-27 11:15:00,16667.2,2021-09-01 12:00:00,17087.85,420.6499999999978,13.333760000000002,13.67028,27.004040000000003,393.6459599999978
756,2021-09-02 11:00:00,17140.85,2021-09-06 11:45:00,17355.05,214.20000000000073,13.712679999999999,13.88404,27.596719999999998,186.60328000000072
757,2021-09-07 12:30:00,17409.3,2021-09-08 09:15:00,17375.75,-33.54999999999927,13.92744,13.9006,27.82804,-61.378039999999274
758,2021-09-09 09:15:00,17312.85,2021-09-13 10:15:00,17286.55,-26.299999999999272,13.85028,13.82924,27.67952,-53.97951999999927
759,2021-09-13 11:45:00,17327.8,2021-09-14 13:00:00,17395.05,67.25,13.86224,13.91604,27.778280000000002,39.47172
760,2021-09-15 10:00:00,17436.8,2021-09-17 12:15:00,17620.85,184.04999999999927,13.949440000000001,14.09668,28.046120000000002,156.00387999999927
761,2021-09-20 11:15:00,17610.1,2021-09-20 13:45:00,17502.4,-107.69999999999709,14.08808,14.001920000000002,28.090000000000003,-135.7899999999971
762,2021-09-21 13:15:00,17454.3,2021-09-24 12:45:00,17864.4,410.1000000000022,13.96344,14.291520000000002,28.254960000000004,381.8450400000022
763,2021-09-27 09:45:00,17939.95,2021-09-27 11:45:00,17811.4,-128.54999999999927,14.351960000000002,14.249120000000001,28.601080000000003,-157.15107999999927
764,2021-09-27 13:00:00,17872.0,2021-09-28 11:00:00,17812.6,-59.400000000001455,14.297600000000001,14.250079999999999,28.54768,-87.94768000000145
765,2021-09-29 13:30:00,17719.65,2021-09-30 10:30:00,17691.7,-27.950000000000728,14.175720000000002,14.153360000000001,28.329080000000005,-56.27908000000073
766,2021-10-01 15:15:00,17532.3,2021-10-04 12:30:00,17659.6,127.29999999999927,14.02584,14.12768,28.15352,99.14647999999927
767,2021-10-05 12:45:00,17731.4,2021-10-06 14:30:00,17711.05,-20.350000000002183,14.185120000000001,14.16884,28.35396,-48.70396000000218
768,2021-10-07 09:45:00,17817.75,2021-10-07 15:15:00,17790.75,-27.0,14.2542,14.232600000000001,28.486800000000002,-55.4868
769,2021-10-08 10:00:00,17887.35,2021-10-11 15:15:00,17951.05,63.70000000000073,14.30988,14.36084,28.67072,35.029280000000725
770,2021-10-12 14:30:00,17975.7,2021-10-14 13:30:00,18261.5,285.7999999999993,14.380560000000001,14.609200000000001,28.989760000000004,256.8102399999993
771,2021-10-14 15:00:00,18330.65,2021-10-19 15:00:00,18486.85,156.1999999999971,14.664520000000001,14.78948,29.454,126.74599999999708
772,2021-10-21 09:30:00,18292.6,2021-10-21 11:00:00,18143.65,-148.9499999999971,14.634079999999999,14.514920000000002,29.149,-178.0989999999971
773,2021-10-22 09:15:00,18230.7,2021-10-22 12:15:00,18145.6,-85.10000000000218,14.584560000000002,14.51648,29.10104,-114.20104000000218
774,2021-10-25 11:15:00,18116.6,2021-10-26 11:00:00,18150.8,34.20000000000073,14.49328,14.52064,29.01392,5.186080000000729
775,2021-10-26 13:45:00,18230.6,2021-10-27 14:45:00,18221.0,-9.599999999998545,14.58448,14.5768,29.161279999999998,-38.76127999999854
776,2021-11-01 12:30:00,17794.5,2021-11-03 12:15:00,17897.3,102.79999999999927,14.2356,14.31784,28.553440000000002,74.24655999999928
777,2021-11-08 11:15:00,17918.1,2021-11-09 15:00:00,18005.15,87.05000000000291,14.33448,14.404120000000002,28.7386,58.311400000002905
778,2021-11-10 14:15:00,18049.95,2021-11-11 09:30:00,17935.25,-114.70000000000073,14.439960000000001,14.3482,28.78816,-143.48816000000073
779,2021-11-12 09:30:00,17981.15,2021-11-15 11:45:00,18102.95,121.79999999999927,14.384920000000001,14.482360000000002,28.86728,92.93271999999928
780,2021-11-16 13:00:00,18089.85,2021-11-16 15:15:00,18002.3,-87.54999999999927,14.471879999999999,14.40184,28.87372,-116.42371999999926
781,2021-11-18 15:00:00,17820.0,2021-11-22 10:30:00,17602.75,-217.25,14.256,14.0822,28.3382,-245.5882
782,2021-11-23 12:00:00,17452.35,2021-11-24 14:30:00,17510.6,58.25,13.961879999999999,14.008479999999999,27.97036,30.27964
783,2021-11-25 11:30:00,17489.9,2021-11-26 09:30:00,17296.85,-193.0500000000029,13.991920000000002,13.83748,27.8294,-220.8794000000029
784,2021-11-29 12:15:00,17154.55,2021-11-29 15:15:00,17053.55,-101.0,13.72364,13.64284,27.36648,-128.36648
785,2021-11-30 09:45:00,17246.65,2021-11-30 11:30:00,17104.75,-141.90000000000146,13.797320000000003,13.683800000000002,27.481120000000004,-169.38112000000146
786,2021-12-01 10:45:00,17156.75,2021-12-01 14:15:00,17089.9,-66.84999999999854,13.7254,13.671920000000002,27.39732,-94.24731999999855
787,2021-12-02 09:15:00,17183.2,2021-12-03 12:45:00,17315.95,132.75,13.74656,13.852760000000002,27.599320000000002,105.15068
788,2021-12-07 10:00:00,17088.35,2021-12-09 10:30:00,17384.2,295.8500000000022,13.670679999999999,13.90736,27.57804,268.2719600000022
789,2021-12-09 12:45:00,17496.45,2021-12-10 11:15:00,17461.1,-35.35000000000218,13.997160000000001,13.968879999999999,27.96604,-63.31604000000218
790,2021-12-10 14:30:00,17476.25,2021-12-13 11:15:00,17567.4,91.15000000000146,13.981,14.053920000000002,28.03492,63.115080000001456
791,2021-12-14 12:15:00,17339.7,2021-12-15 10:45:00,17208.35,-131.35000000000218,13.871760000000002,13.76668,27.638440000000003,-158.98844000000219
792,2021-12-15 14:15:00,17282.9,2021-12-16 12:15:00,17220.85,-62.05000000000291,13.826320000000003,13.776679999999999,27.603,-89.65300000000292
793,2021-12-17 14:00:00,17093.95,2021-12-17 15:00:00,16988.75,-105.20000000000073,13.675160000000002,13.591000000000001,27.266160000000003,-132.46616000000074
794,2021-12-20 15:15:00,16619.1,2021-12-21 14:15:00,16792.85,173.75,13.29528,13.43428,26.72956,147.02044
795,2021-12-22 11:00:00,16867.3,2021-12-24 10:15:00,16944.7,77.40000000000146,13.49384,13.555760000000001,27.0496,50.35040000000146
796,2021-12-24 14:00:00,17010.55,2021-12-27 09:30:00,16939.0,-71.54999999999927,13.60844,13.551200000000001,27.159640000000003,-98.70963999999927
797,2021-12-27 12:00:00,17021.0,2021-12-29 11:45:00,17216.65,195.65000000000146,13.616800000000001,13.773320000000002,27.390120000000003,168.25988000000146
798,2021-12-29 14:15:00,17244.85,2021-12-30 15:00:00,17204.5,-40.349999999998545,13.79588,13.7636,27.55948,-67.90947999999855
799,2021-12-31 09:45:00,17340.15,2021-12-31 15:15:00,17351.4,11.25,13.872120000000002,13.881120000000001,27.753240000000005,-16.503240000000005
800,2022-01-03 10:00:00,17496.3,2022-01-06 09:30:00,17723.25,226.95000000000073,13.99704,14.178600000000001,28.17564,198.77436000000074
801,2022-01-06 14:30:00,17774.15,2022-01-07 12:00:00,17803.5,29.349999999998545,14.219320000000002,14.2428,28.462120000000002,0.8878799999985425
