date,equity
2022-01-10 09:15:00,100000.0
2022-01-10 09:30:00,100000.0
2022-01-10 09:45:00,100000.0
2022-01-10 10:00:00,100000.0
2022-01-10 10:15:00,100000.0
2022-01-10 10:30:00,100000.0
2022-01-10 10:45:00,100000.0
2022-01-10 11:00:00,100000.0
2022-01-10 11:15:00,100000.0
2022-01-10 11:30:00,100000.0
2022-01-10 11:45:00,100000.0
2022-01-10 12:00:00,100000.0
2022-01-10 12:15:00,100000.0
2022-01-10 12:30:00,100000.0
2022-01-10 12:45:00,100000.0
2022-01-10 13:00:00,100000.0
2022-01-10 13:15:00,100000.0
2022-01-10 13:30:00,100000.0
2022-01-10 13:45:00,100000.0
2022-01-10 14:00:00,100000.0
2022-01-10 14:15:00,100000.0
2022-01-10 14:30:00,100000.0
2022-01-10 14:45:00,100000.0
2022-01-10 15:00:00,100000.0
2022-01-10 15:15:00,100000.0
2022-01-11 09:15:00,100000.0
2022-01-11 09:30:00,100000.0
2022-01-11 09:45:00,100000.0
2022-01-11 10:00:00,100000.0
2022-01-11 10:15:00,100000.0
2022-01-11 10:30:00,100000.0
2022-01-11 10:45:00,100000.0
2022-01-11 11:00:00,100000.0
2022-01-11 11:15:00,100000.0
2022-01-11 11:30:00,100000.0
2022-01-11 11:45:00,100000.0
2022-01-11 12:00:00,100000.0
2022-01-11 12:15:00,100000.0
2022-01-11 12:30:00,100000.0
2022-01-11 12:45:00,100000.0
2022-01-11 13:00:00,100000.0
2022-01-11 13:15:00,100000.0
2022-01-11 13:30:00,100000.0
2022-01-11 13:45:00,100000.0
2022-01-11 14:00:00,100000.0
2022-01-11 14:15:00,100000.0
2022-01-11 14:30:00,100000.0
2022-01-11 14:45:00,100000.0
2022-01-11 15:00:00,100000.0
2022-01-11 15:15:00,100000.0
2022-01-12 09:15:00,100000.0
2022-01-12 09:30:00,100000.0
2022-01-12 09:45:00,100000.0
2022-01-12 10:00:00,100000.0
2022-01-12 10:15:00,100000.0
2022-01-12 10:30:00,100000.0
2022-01-12 10:45:00,100000.0
2022-01-12 11:00:00,100000.0
2022-01-12 11:15:00,100000.0
2022-01-12 11:30:00,100000.0
2022-01-12 11:45:00,100000.0
2022-01-12 12:00:00,100000.0
2022-01-12 12:15:00,100000.0
2022-01-12 12:30:00,100000.0
2022-01-12 12:45:00,100000.0
2022-01-12 13:00:00,100000.0
2022-01-12 13:15:00,100000.0
2022-01-12 13:30:00,100000.0
2022-01-12 13:45:00,100000.0
2022-01-12 14:00:00,100000.0
2022-01-12 14:15:00,100000.0
2022-01-12 14:30:00,100000.0
2022-01-12 14:45:00,100000.0
2022-01-12 15:00:00,100000.0
2022-01-12 15:15:00,100000.0
2022-01-13 09:15:00,100000.0
2022-01-13 09:30:00,100000.0
2022-01-13 09:45:00,100000.0
2022-01-13 10:00:00,100000.0
2022-01-13 10:15:00,100000.0
2022-01-13 10:30:00,100000.0
2022-01-13 10:45:00,100000.0
2022-01-13 11:00:00,100000.0
2022-01-13 11:15:00,100000.0
2022-01-13 11:30:00,100000.0
2022-01-13 11:45:00,100000.0
2022-01-13 12:00:00,100000.0
2022-01-13 12:15:00,100000.0
2022-01-13 12:30:00,100000.0
2022-01-13 12:45:00,100000.0
2022-01-13 13:00:00,100000.0
2022-01-13 13:15:00,100000.0
2022-01-13 13:30:00,100000.0
2022-01-13 13:45:00,100000.0
2022-01-13 14:00:00,100000.0
2022-01-13 14:15:00,100000.0
2022-01-13 14:30:00,100000.0
2022-01-13 14:45:00,100000.0
2022-01-13 15:00:00,100000.0
2022-01-13 15:15:00,100000.0
2022-01-14 09:15:00,100000.0
2022-01-14 09:30:00,100000.0
2022-01-14 09:45:00,100000.0
2022-01-14 10:00:00,100000.0
2022-01-14 10:15:00,100000.0
2022-01-14 10:30:00,100000.0
2022-01-14 10:45:00,100000.0
2022-01-14 11:00:00,100000.0
2022-01-14 11:15:00,100000.0
2022-01-14 11:30:00,100000.0
2022-01-14 11:45:00,100000.0
2022-01-14 12:00:00,100000.0
2022-01-14 12:15:00,100000.0
2022-01-14 12:30:00,100000.0
2022-01-14 12:45:00,100000.0
2022-01-14 13:00:00,100000.0
2022-01-14 13:15:00,100000.0
2022-01-14 13:30:00,100000.0
2022-01-14 13:45:00,100000.0
2022-01-14 14:00:00,99806.90879989477
2022-01-14 14:15:00,99868.51327055265
2022-01-14 14:30:00,99867.41807996317
2022-01-14 14:45:00,99982.96068715262
2022-01-14 15:00:00,99964.61624477895
2022-01-14 15:15:00,99856.73997171583
2022-01-17 09:15:00,99973.10397184739
2022-01-17 09:30:00,100009.79285659477
2022-01-17 09:45:00,99996.65056952108
2022-01-17 10:00:00,100148.33446616316
2022-01-17 10:15:00,100057.43364723686
2022-01-17 10:30:00,100138.75154850524
2022-01-17 10:45:00,100217.8790685947
2022-01-17 11:00:00,100209.66513917365
2022-01-17 11:15:00,100165.58371794736
2022-01-17 11:30:00,100158.1911814684
2022-01-17 11:45:00,100249.9133933368
2022-01-17 12:00:00,100180.91638619998
2022-01-17 12:15:00,100192.9634826842
2022-01-17 12:30:00,100195.42766151049
2022-01-17 12:45:00,100139.84673909472
2022-01-17 13:00:00,100185.0233509105
2022-01-17 13:15:00,100186.11854149998
2022-01-17 13:30:00,100030.05388250001
2022-01-17 13:45:00,100220.06944977364
2022-01-17 14:00:00,100198.98703092628
2022-01-17 14:15:00,100250.18719098414
2022-01-17 14:30:00,100218.15286624205
2022-01-17 14:45:00,100247.72301215783
2022-01-17 15:00:00,100240.87807097363
2022-01-17 15:15:00,100263.05568041046
2022-01-18 09:15:00,100442.39313943672
2022-01-18 09:30:00,99974.19916243682
2022-01-18 09:45:00,99765.8391527895
2022-01-18 10:00:00,99870.15605643686
2022-01-18 10:15:00,99846.60945876318
2022-01-18 10:30:00,99847.70464935264
2022-01-18 10:45:00,99876.72719997371
2022-01-18 11:00:00,99857.56136465793
2022-01-18 11:15:00,99962.69966124737
2022-01-18 11:30:00,99993.63879540001
2022-01-18 11:45:00,99975.84194832107
2022-01-18 12:00:00,99967.90181654738
2022-01-18 12:15:00,99998.56715305265
2022-01-18 12:30:00,100014.4474166
2022-01-18 12:45:00,100128.07344025787
2022-01-18 13:00:00,100268.53163335785
2022-01-18 13:15:00,100211.58172270522
2022-01-18 13:30:00,100086.72999550526
2022-01-18 13:45:00,100003.22171305791
2022-01-18 14:00:00,100103.97924728946
2022-01-18 14:15:00,99912.59469177897
2022-01-18 14:30:00,99812.68209708719
2022-01-18 14:45:00,99812.68209708719
2022-01-18 15:00:00,99812.68209708719
2022-01-18 15:15:00,99812.68209708719
2022-01-19 09:15:00,99812.68209708719
2022-01-19 09:30:00,99812.68209708719
2022-01-19 09:45:00,99812.68209708719
2022-01-19 10:00:00,99812.68209708719
2022-01-19 10:15:00,99812.68209708719
2022-01-19 10:30:00,99812.68209708719
2022-01-19 10:45:00,99812.68209708719
2022-01-19 11:00:00,99812.68209708719
2022-01-19 11:15:00,99812.68209708719
2022-01-19 11:30:00,99812.68209708719
2022-01-19 11:45:00,99812.68209708719
2022-01-19 12:00:00,99812.68209708719
2022-01-19 12:15:00,99812.68209708719
2022-01-19 12:30:00,99812.68209708719
2022-01-19 12:45:00,99812.68209708719
2022-01-19 13:00:00,99812.68209708719
2022-01-19 13:15:00,99812.68209708719
2022-01-19 13:30:00,99812.68209708719
2022-01-19 13:45:00,99812.68209708719
2022-01-19 14:00:00,99812.68209708719
2022-01-19 14:15:00,99812.68209708719
2022-01-19 14:30:00,99812.68209708719
2022-01-19 14:45:00,99812.68209708719
2022-01-19 15:00:00,99812.68209708719
2022-01-19 15:15:00,99812.68209708719
2022-01-20 09:15:00,99812.68209708719
2022-01-20 09:30:00,99812.68209708719
2022-01-20 09:45:00,99812.68209708719
2022-01-20 10:00:00,99812.68209708719
2022-01-20 10:15:00,99812.68209708719
2022-01-20 10:30:00,99812.68209708719
2022-01-20 10:45:00,99812.68209708719
2022-01-20 11:00:00,99812.68209708719
2022-01-20 11:15:00,99812.68209708719
2022-01-20 11:30:00,99812.68209708719
2022-01-20 11:45:00,99812.68209708719
2022-01-20 12:00:00,99812.68209708719
2022-01-20 12:15:00,99812.68209708719
2022-01-20 12:30:00,99812.68209708719
2022-01-20 12:45:00,99812.68209708719
2022-01-20 13:00:00,99812.68209708719
2022-01-20 13:15:00,99812.68209708719
2022-01-20 13:30:00,99812.68209708719
2022-01-20 13:45:00,99812.68209708719
2022-01-20 14:00:00,99812.68209708719
2022-01-20 14:15:00,99812.68209708719
2022-01-20 14:30:00,99812.68209708719
2022-01-20 14:45:00,99812.68209708719
2022-01-20 15:00:00,99812.68209708719
2022-01-20 15:15:00,99812.68209708719
2022-01-21 09:15:00,99812.68209708719
2022-01-21 09:30:00,99812.68209708719
2022-01-21 09:45:00,99812.68209708719
2022-01-21 10:00:00,99812.68209708719
2022-01-21 10:15:00,99812.68209708719
2022-01-21 10:30:00,99812.68209708719
2022-01-21 10:45:00,99812.68209708719
2022-01-21 11:00:00,99812.68209708719
2022-01-21 11:15:00,99812.68209708719
2022-01-21 11:30:00,99812.68209708719
2022-01-21 11:45:00,99812.68209708719
2022-01-21 12:00:00,99812.68209708719
2022-01-21 12:15:00,99812.68209708719
2022-01-21 12:30:00,99812.68209708719
2022-01-21 12:45:00,99812.68209708719
2022-01-21 13:00:00,99888.6626710277
2022-01-21 13:15:00,99432.108115219
2022-01-21 13:30:00,99339.55564655075
2022-01-21 13:45:00,99480.92389899831
2022-01-21 14:00:00,99318.11056234711
2022-01-21 14:15:00,99184.64313039563
2022-01-21 14:30:00,99083.20336735793
2022-01-21 14:45:00,99083.20336735793
2022-01-21 15:00:00,99083.20336735793
2022-01-21 15:15:00,99083.20336735793
2022-01-24 09:15:00,99083.20336735793
2022-01-24 09:30:00,99083.20336735793
2022-01-24 09:45:00,99083.20336735793
2022-01-24 10:00:00,99083.20336735793
2022-01-24 10:15:00,99083.20336735793
2022-01-24 10:30:00,99083.20336735793
2022-01-24 10:45:00,99083.20336735793
2022-01-24 11:00:00,99083.20336735793
2022-01-24 11:15:00,99083.20336735793
2022-01-24 11:30:00,99083.20336735793
2022-01-24 11:45:00,99083.20336735793
2022-01-24 12:00:00,99083.20336735793
2022-01-24 12:15:00,99083.20336735793
2022-01-24 12:30:00,99083.20336735793
2022-01-24 12:45:00,99083.20336735793
2022-01-24 13:00:00,99083.20336735793
2022-01-24 13:15:00,99083.20336735793
2022-01-24 13:30:00,99083.20336735793
2022-01-24 13:45:00,99083.20336735793
2022-01-24 14:00:00,99083.20336735793
2022-01-24 14:15:00,99083.20336735793
2022-01-24 14:30:00,99083.20336735793
2022-01-24 14:45:00,99083.20336735793
2022-01-24 15:00:00,99083.20336735793
2022-01-24 15:15:00,99083.20336735793
2022-01-25 09:15:00,99083.20336735793
2022-01-25 09:30:00,99083.20336735793
2022-01-25 09:45:00,99083.20336735793
2022-01-25 10:00:00,99083.20336735793
2022-01-25 10:15:00,99083.20336735793
2022-01-25 10:30:00,99083.20336735793
2022-01-25 10:45:00,99083.20336735793
2022-01-25 11:00:00,99083.20336735793
2022-01-25 11:15:00,99083.20336735793
2022-01-25 11:30:00,99083.20336735793
2022-01-25 11:45:00,99083.20336735793
2022-01-25 12:00:00,99083.20336735793
2022-01-25 12:15:00,99083.20336735793
2022-01-25 12:30:00,99083.20336735793
2022-01-25 12:45:00,99083.20336735793
2022-01-25 13:00:00,99083.20336735793
2022-01-25 13:15:00,99083.20336735793
2022-01-25 13:30:00,99083.20336735793
2022-01-25 13:45:00,99083.20336735793
2022-01-25 14:00:00,98926.62474103285
2022-01-25 14:15:00,98926.62474103285
2022-01-25 14:30:00,99066.62609593486
2022-01-25 14:45:00,99177.87973935805
2022-01-25 15:00:00,99393.48757544946
2022-01-25 15:15:00,99279.07168376361
2022-01-27 09:15:00,97839.3862929026
2022-01-27 09:30:00,97734.07997603017
2022-01-27 09:45:00,97734.07997603017
2022-01-27 10:00:00,97734.07997603017
2022-01-27 10:15:00,97734.07997603017
2022-01-27 10:30:00,97734.07997603017
2022-01-27 10:45:00,97734.07997603017
2022-01-27 11:00:00,97734.07997603017
2022-01-27 11:15:00,97734.07997603017
2022-01-27 11:30:00,97734.07997603017
2022-01-27 11:45:00,97734.07997603017
2022-01-27 12:00:00,97734.07997603017
2022-01-27 12:15:00,97734.07997603017
2022-01-27 12:30:00,97734.07997603017
2022-01-27 12:45:00,97734.07997603017
2022-01-27 13:00:00,97734.07997603017
2022-01-27 13:15:00,97734.07997603017
2022-01-27 13:30:00,97734.07997603017
2022-01-27 13:45:00,97778.98189455287
2022-01-27 14:00:00,97726.5674613696
2022-01-27 14:15:00,98208.60839605506
2022-01-27 14:30:00,98366.42453094019
2022-01-27 14:45:00,97936.51161177033
2022-01-27 15:00:00,98090.03148164046
2022-01-27 15:15:00,98237.25016282189
2022-01-28 09:15:00,98923.79331222242
2022-01-28 09:30:00,99321.62745261345
2022-01-28 09:45:00,99355.42473739831
2022-01-28 10:00:00,99289.54867383464
2022-01-28 10:15:00,99264.05750141217
2022-01-28 10:30:00,99095.93033049098
2022-01-28 10:45:00,99313.89417558644
2022-01-28 11:00:00,99220.80843359428
2022-01-28 11:15:00,99262.91183074149
2022-01-28 11:30:00,99322.2002879488
2022-01-28 11:45:00,99369.17278544638
2022-01-28 12:00:00,99404.68857623721
2022-01-28 12:15:00,99435.33526667772
2022-01-28 12:30:00,99349.12354870961
2022-01-28 12:45:00,99433.04392533636
2022-01-28 13:00:00,99321.91387028113
2022-01-28 13:15:00,99308.16582223306
2022-01-28 13:30:00,98968.47446837866
2022-01-28 13:45:00,98788.89059075073
2022-01-28 14:00:00,98693.24914391
2022-01-28 14:15:00,98693.24914391
2022-01-28 14:30:00,98693.24914391
2022-01-28 14:45:00,98693.24914391
2022-01-28 15:00:00,98693.24914391
2022-01-28 15:15:00,98693.24914391
2022-01-31 09:15:00,98693.24914391
2022-01-31 09:30:00,98693.24914391
2022-01-31 09:45:00,98471.19865129406
2022-01-31 10:00:00,98550.78396966311
2022-01-31 10:15:00,98617.29455715725
2022-01-31 10:30:00,98289.57358544473
2022-01-31 10:45:00,98412.93082891675
2022-01-31 11:00:00,98568.97489957606
2022-01-31 11:15:00,98482.28374920978
2022-01-31 11:30:00,98575.51226501349
2022-01-31 11:45:00,98631.22198787183
2022-01-31 12:00:00,98838.71228219113
2022-01-31 12:15:00,98852.9239461856
2022-01-31 12:30:00,98718.197371518
2022-01-31 12:45:00,98891.01120569078
2022-01-31 13:00:00,98862.58787770184
2022-01-31 13:15:00,98751.45266526508
2022-01-31 13:30:00,98673.57274657537
2022-01-31 13:45:00,98564.14293381794
2022-01-31 14:00:00,98795.50882364795
2022-01-31 14:15:00,98844.39694778895
2022-01-31 14:30:00,98838.99651547104
2022-01-31 14:45:00,98828.19565083523
2022-01-31 15:00:00,98566.98526661684
2022-01-31 15:15:00,98562.43753413862
2022-02-01 09:15:00,99559.24364671088
2022-02-01 09:30:00,99594.77280669706
2022-02-01 09:45:00,99757.6384760737
2022-02-01 10:00:00,99925.62034448836
2022-02-01 10:15:00,99935.8527425644
2022-02-01 10:30:00,99834.38146164386
2022-02-01 10:45:00,99828.1283294863
2022-02-01 11:00:00,99861.66785651323
2022-02-01 11:15:00,99761.61774199216
2022-02-01 11:30:00,99663.84149371019
2022-02-01 11:45:00,99975.361168469
2022-02-01 12:00:00,99965.69723695278
2022-02-01 12:15:00,100059.49421931629
2022-02-01 12:30:00,99968.82380303156
2022-02-01 12:45:00,99688.85402234047
2022-02-01 13:00:00,98219.652198592
2022-02-01 13:15:00,99147.95809071088
2022-02-01 13:30:00,99300.02289545172
2022-02-01 13:45:00,99483.63759426029
2022-02-01 14:00:00,99720.40391640819
2022-02-01 14:15:00,99922.49377840957
2022-02-01 14:30:00,100084.79098122644
2022-02-01 14:45:00,99785.49333750288
2022-02-01 15:00:00,99840.91882708132
2022-02-01 15:15:00,100076.54821610966
2022-02-02 09:15:00,100762.97158704263
2022-02-02 09:30:00,100784.85754959412
2022-02-02 09:45:00,100790.8264484718
2022-02-02 10:00:00,100748.75992304817
2022-02-02 10:15:00,100816.12321038196
2022-02-02 10:30:00,100575.09338903571
2022-02-02 10:45:00,100749.61262288784
2022-02-02 11:00:00,100762.40312048288
2022-02-02 11:15:00,100794.23724783052
2022-02-02 11:30:00,100850.7996705285
2022-02-02 11:45:00,100991.21091079389
2022-02-02 12:00:00,100882.34956459625
2022-02-02 12:15:00,100878.65453195768
2022-02-02 12:30:00,100958.52408360661
2022-02-02 12:45:00,100848.81003756929
2022-02-02 13:00:00,100878.65453195768
2022-02-02 13:15:00,100866.14826764255
2022-02-02 13:30:00,100911.90982570474
2022-02-02 13:45:00,100913.89945866399
2022-02-02 14:00:00,101040.95173477457
2022-02-02 14:15:00,101046.06793381259
2022-02-02 14:30:00,101036.11976901646
2022-02-02 14:45:00,101007.41220774762
2022-02-02 15:00:00,101062.83769732605
2022-02-02 15:15:00,101139.29644961627
2022-02-03 09:15:00,100851.08390380841
2022-02-03 09:30:00,100695.60829970888
2022-02-03 09:45:00,100728.29512689616
2022-02-03 10:00:00,100676.5646699563
2022-02-03 10:15:00,100567.70332375863
2022-02-03 10:30:00,100460.03689426964
2022-02-03 10:45:00,100460.03689426964
2022-02-03 11:00:00,100460.03689426964
2022-02-03 11:15:00,100460.03689426964
2022-02-03 11:30:00,100460.03689426964
2022-02-03 11:45:00,100460.03689426964
2022-02-03 12:00:00,100460.03689426964
2022-02-03 12:15:00,100460.03689426964
2022-02-03 12:30:00,100460.03689426964
2022-02-03 12:45:00,100460.03689426964
2022-02-03 13:00:00,100460.03689426964
2022-02-03 13:15:00,100460.03689426964
2022-02-03 13:30:00,100460.03689426964
2022-02-03 13:45:00,100460.03689426964
2022-02-03 14:00:00,100460.03689426964
2022-02-03 14:15:00,100460.03689426964
2022-02-03 14:30:00,100460.03689426964
2022-02-03 14:45:00,100460.03689426964
2022-02-03 15:00:00,100460.03689426964
2022-02-03 15:15:00,100460.03689426964
2022-02-04 09:15:00,100460.03689426964
2022-02-04 09:30:00,100460.03689426964
2022-02-04 09:45:00,100460.03689426964
2022-02-04 10:00:00,100460.03689426964
2022-02-04 10:15:00,100460.03689426964
2022-02-04 10:30:00,100460.03689426964
2022-02-04 10:45:00,100460.03689426964
2022-02-04 11:00:00,100460.03689426964
2022-02-04 11:15:00,100460.03689426964
2022-02-04 11:30:00,100460.03689426964
2022-02-04 11:45:00,100460.03689426964
2022-02-04 12:00:00,100460.03689426964
2022-02-04 12:15:00,100460.03689426964
2022-02-04 12:30:00,100460.03689426964
2022-02-04 12:45:00,100460.03689426964
2022-02-04 13:00:00,100460.03689426964
2022-02-04 13:15:00,100460.03689426964
2022-02-04 13:30:00,100460.03689426964
2022-02-04 13:45:00,100460.03689426964
2022-02-04 14:00:00,100460.03689426964
2022-02-04 14:15:00,100460.03689426964
2022-02-04 14:30:00,100460.03689426964
2022-02-04 14:45:00,100460.03689426964
2022-02-04 15:00:00,100460.03689426964
2022-02-04 15:15:00,100460.03689426964
2022-02-07 09:15:00,100460.03689426964
2022-02-07 09:30:00,100460.03689426964
2022-02-07 09:45:00,100460.03689426964
2022-02-07 10:00:00,100460.03689426964
2022-02-07 10:15:00,100460.03689426964
2022-02-07 10:30:00,100460.03689426964
2022-02-07 10:45:00,100460.03689426964
2022-02-07 11:00:00,100460.03689426964
2022-02-07 11:15:00,100460.03689426964
2022-02-07 11:30:00,100460.03689426964
2022-02-07 11:45:00,100460.03689426964
2022-02-07 12:00:00,100460.03689426964
2022-02-07 12:15:00,100460.03689426964
2022-02-07 12:30:00,100460.03689426964
2022-02-07 12:45:00,100460.03689426964
2022-02-07 13:00:00,100460.03689426964
2022-02-07 13:15:00,100460.03689426964
2022-02-07 13:30:00,100460.03689426964
2022-02-07 13:45:00,100460.03689426964
2022-02-07 14:00:00,100460.03689426964
2022-02-07 14:15:00,100460.03689426964
2022-02-07 14:30:00,100460.03689426964
2022-02-07 14:45:00,100460.03689426964
2022-02-07 15:00:00,100460.03689426964
2022-02-07 15:15:00,100460.03689426964
2022-02-08 09:15:00,100460.03689426964
2022-02-08 09:30:00,100460.03689426964
2022-02-08 09:45:00,100460.03689426964
2022-02-08 10:00:00,100460.03689426964
2022-02-08 10:15:00,100460.03689426964
2022-02-08 10:30:00,100460.03689426964
2022-02-08 10:45:00,100460.03689426964
2022-02-08 11:00:00,100460.03689426964
2022-02-08 11:15:00,100460.03689426964
2022-02-08 11:30:00,100460.03689426964
2022-02-08 11:45:00,100460.03689426964
2022-02-08 12:00:00,100460.03689426964
2022-02-08 12:15:00,100460.03689426964
2022-02-08 12:30:00,100476.30754999956
2022-02-08 12:45:00,100200.63681205666
2022-02-08 13:00:00,99771.55690949294
2022-02-08 13:15:00,99961.3534471263
2022-02-08 13:30:00,100074.00875397307
2022-02-08 13:45:00,100078.66633771866
2022-02-08 14:00:00,99918.56189646355
2022-02-08 14:15:00,99997.4497211547
2022-02-08 14:30:00,100107.4851371446
2022-02-08 14:45:00,100446.03325565315
2022-02-08 15:00:00,100603.80890503545
2022-02-08 15:15:00,100372.96741064396
2022-02-09 09:15:00,101367.07044134622
2022-02-09 09:30:00,101257.03502535635
2022-02-09 09:45:00,101386.28297429686
2022-02-09 10:00:00,101403.16671537465
2022-02-09 10:15:00,101259.65491621326
2022-02-09 10:30:00,101256.16172840404
2022-02-09 10:45:00,101349.60450230021
2022-02-09 11:00:00,101264.89469792705
2022-02-09 11:15:00,101290.2203095438
2022-02-09 11:30:00,101241.31568021496
2022-02-09 11:45:00,101348.44010636384
2022-02-09 12:00:00,101366.19714439395
2022-02-09 12:15:00,101454.40013657631
2022-02-09 12:30:00,101424.9991391822
2022-02-09 12:45:00,101443.6294741646
2022-02-09 13:00:00,101200.27072345682
2022-02-09 13:15:00,101370.27253017135
2022-02-09 13:30:00,101374.34791594875
2022-02-09 13:45:00,101482.34563904993
2022-02-09 14:00:00,101549.298405393
2022-02-09 14:15:00,101579.57269973941
2022-02-09 14:30:00,101651.47414881217
2022-02-09 14:45:00,101652.05634678036
2022-02-09 15:00:00,101671.26887973098
2022-02-09 15:15:00,101719.30021210753
2022-02-10 09:15:00,101784.50638454598
2022-02-10 09:30:00,101641.28568436869
2022-02-10 09:45:00,101497.77388520728
2022-02-10 10:00:00,101948.39511259443
2022-02-10 10:15:00,102139.93824413237
2022-02-10 10:30:00,102376.89281718996
2022-02-10 10:45:00,102327.98818786113
2022-02-10 11:00:00,102373.98182734895
2022-02-10 11:15:00,102361.75567001675
2022-02-10 11:30:00,102522.73340822416
2022-02-10 11:45:00,102535.25066454046
2022-02-10 12:00:00,102435.11261400998
2022-02-10 12:15:00,102372.81743141254
2022-02-10 12:30:00,102478.19526365683
2022-02-10 12:45:00,102562.3228700618
2022-02-10 13:00:00,102482.85284740244
2022-02-10 13:15:00,102503.52087527353
2022-02-10 13:30:00,102587.9395806626
2022-02-10 13:45:00,102544.56583203166
2022-02-10 14:00:00,102612.97409329523
2022-02-10 14:15:00,102537.87055539739
2022-02-10 14:30:00,102559.41188022081
2022-02-10 14:45:00,102554.172098507
2022-02-10 15:00:00,102464.51361140412
2022-02-10 15:15:00,102390.86556842679
2022-02-11 09:15:00,101396.18033975633
2022-02-11 09:30:00,101293.03931210589
2022-02-11 09:45:00,101293.03931210589
2022-02-11 10:00:00,101293.03931210589
2022-02-11 10:15:00,101293.03931210589
2022-02-11 10:30:00,101293.03931210589
2022-02-11 10:45:00,101293.03931210589
2022-02-11 11:00:00,101293.03931210589
2022-02-11 11:15:00,101293.03931210589
2022-02-11 11:30:00,101293.03931210589
2022-02-11 11:45:00,101293.03931210589
2022-02-11 12:00:00,101293.03931210589
2022-02-11 12:15:00,101293.03931210589
2022-02-11 12:30:00,101416.13178471765
2022-02-11 12:45:00,101361.34675063753
2022-02-11 13:00:00,101456.3463310105
2022-02-11 13:15:00,101491.60691145569
2022-02-11 13:30:00,101668.78404294881
2022-02-11 13:45:00,101495.39523828037
2022-02-11 14:00:00,101289.95136047994
2022-02-11 14:15:00,101241.57734102623
2022-02-11 14:30:00,101175.42732647207
2022-02-11 14:45:00,101236.62337517856
2022-02-11 15:00:00,101333.08000433024
2022-02-11 15:15:00,101093.24977535187
2022-02-14 09:15:00,99423.6108773849
2022-02-14 09:30:00,99423.6108773849
2022-02-14 09:45:00,99423.6108773849
2022-02-14 10:00:00,99423.6108773849
2022-02-14 10:15:00,99423.6108773849
2022-02-14 10:30:00,99423.6108773849
2022-02-14 10:45:00,99423.6108773849
2022-02-14 11:00:00,99423.6108773849
2022-02-14 11:15:00,99423.6108773849
2022-02-14 11:30:00,99423.6108773849
2022-02-14 11:45:00,99423.6108773849
2022-02-14 12:00:00,99423.6108773849
2022-02-14 12:15:00,99423.6108773849
2022-02-14 12:30:00,99423.6108773849
2022-02-14 12:45:00,99423.6108773849
2022-02-14 13:00:00,99423.6108773849
2022-02-14 13:15:00,99423.6108773849
2022-02-14 13:30:00,99423.6108773849
2022-02-14 13:45:00,99423.6108773849
2022-02-14 14:00:00,99423.6108773849
2022-02-14 14:15:00,99423.6108773849
2022-02-14 14:30:00,99423.6108773849
2022-02-14 14:45:00,99423.6108773849
2022-02-14 15:00:00,99423.6108773849
2022-02-14 15:15:00,99423.6108773849
2022-02-15 09:15:00,99423.6108773849
2022-02-15 09:30:00,99423.6108773849
2022-02-15 09:45:00,99423.6108773849
2022-02-15 10:00:00,99423.6108773849
2022-02-15 10:15:00,99423.6108773849
2022-02-15 10:30:00,99423.6108773849
2022-02-15 10:45:00,99423.6108773849
2022-02-15 11:00:00,99423.6108773849
2022-02-15 11:15:00,99423.6108773849
2022-02-15 11:30:00,99517.3429945203
2022-02-15 11:45:00,99800.93072246636
2022-02-15 12:00:00,99917.11681946799
2022-02-15 12:15:00,99749.12986813564
2022-02-15 12:30:00,99945.79751847594
2022-02-15 12:45:00,100074.5680038178
2022-02-15 13:00:00,100091.83495526135
2022-02-15 13:15:00,99999.93965435831
2022-02-15 13:30:00,100464.97670255881
2022-02-15 13:45:00,100811.48637220601
2022-02-15 14:00:00,101181.40885736993
2022-02-15 14:15:00,101168.8244690297
2022-02-15 14:30:00,101352.02975044791
2022-02-15 14:45:00,101329.78757570703
2022-02-15 15:00:00,101558.35518718886
2022-02-15 15:15:00,101563.91573087407
2022-02-16 09:15:00,101800.67782778674
2022-02-16 09:30:00,101615.71658520479
2022-02-16 09:45:00,101497.48186684544
2022-02-16 10:00:00,101457.09476007913
2022-02-16 10:15:00,101553.67262408554
2022-02-16 10:30:00,101531.43044934467
2022-02-16 10:45:00,101180.53087678808
2022-02-16 11:00:00,101190.18866318872
2022-02-16 11:15:00,101430.46268242889
2022-02-16 11:30:00,101297.88761456557
2022-02-16 11:45:00,101364.3214785942
2022-02-16 12:00:00,101466.45988628581
2022-02-16 12:15:00,101756.77879869292
2022-02-16 12:30:00,101889.6465267502
2022-02-16 12:45:00,101814.14019670883
2022-02-16 13:00:00,101935.59417720172
2022-02-16 13:15:00,102022.80691500145
2022-02-16 13:30:00,102177.33149741168
2022-02-16 13:45:00,102262.20295365974
2022-02-16 14:00:00,102189.330565364
2022-02-16 14:15:00,102112.94625474076
2022-02-16 14:30:00,101680.97980845757
2022-02-16 14:45:00,101534.06439109027
2022-02-16 15:00:00,101431.34066301073
2022-02-16 15:15:00,101219.74734277852
2022-02-17 09:15:00,101723.72839032892
2022-02-17 09:30:00,101723.72839032892
2022-02-17 09:45:00,101723.72839032892
2022-02-17 10:00:00,101723.72839032892
2022-02-17 10:15:00,101723.72839032892
2022-02-17 10:30:00,101723.72839032892
2022-02-17 10:45:00,101723.72839032892
2022-02-17 11:00:00,101723.72839032892
2022-02-17 11:15:00,101723.72839032892
2022-02-17 11:30:00,101723.72839032892
2022-02-17 11:45:00,101723.72839032892
2022-02-17 12:00:00,101723.72839032892
2022-02-17 12:15:00,101645.97266736407
2022-02-17 12:30:00,101692.7395072186
2022-02-17 12:45:00,101676.95569876769
2022-02-17 13:00:00,101612.94358671678
2022-02-17 13:15:00,101554.4850368986
2022-02-17 13:30:00,101797.08801864405
2022-02-17 13:45:00,101542.20874143677
2022-02-17 14:00:00,101305.45161467313
2022-02-17 14:15:00,101454.22862396041
2022-02-17 14:30:00,101265.40750804766
2022-02-17 14:45:00,101258.1001893204
2022-02-17 15:00:00,101040.04979849857
2022-02-17 15:15:00,100939.59374961277
2022-02-18 09:15:00,100939.59374961277
2022-02-18 09:30:00,100939.59374961277
2022-02-18 09:45:00,100939.59374961277
2022-02-18 10:00:00,100939.59374961277
2022-02-18 10:15:00,100939.59374961277
2022-02-18 10:30:00,100939.59374961277
2022-02-18 10:45:00,100939.59374961277
2022-02-18 11:00:00,100939.59374961277
2022-02-18 11:15:00,100939.59374961277
2022-02-18 11:30:00,100939.59374961277
2022-02-18 11:45:00,100939.59374961277
2022-02-18 12:00:00,100937.00948349241
2022-02-18 12:15:00,100891.03273270714
2022-02-18 12:30:00,101037.9837399639
2022-02-18 12:45:00,101047.0044948648
2022-02-18 13:00:00,101039.1477083382
2022-02-18 13:15:00,100900.63547179519
2022-02-18 13:30:00,100954.76000120066
2022-02-18 13:45:00,100985.31417102632
2022-02-18 14:00:00,100726.04021564854
2022-02-18 14:15:00,100556.39182509274
2022-02-18 14:30:00,100454.54459234054
2022-02-18 14:45:00,100542.13321250741
2022-02-18 15:00:00,100559.3017460285
2022-02-18 15:15:00,100501.39431940654
2022-02-21 09:15:00,99572.25656461285
2022-02-21 09:30:00,99478.49833007791
2022-02-21 09:45:00,99478.49833007791
2022-02-21 10:00:00,99478.49833007791
2022-02-21 10:15:00,99478.49833007791
2022-02-21 10:30:00,99478.49833007791
2022-02-21 10:45:00,99478.49833007791
2022-02-21 11:00:00,99478.49833007791
2022-02-21 11:15:00,99388.53936468209
2022-02-21 11:30:00,99625.95074664838
2022-02-21 11:45:00,99679.60629591414
2022-02-21 12:00:00,99816.34140533337
2022-02-21 12:15:00,99703.83783429225
2022-02-21 12:30:00,99782.0133926311
2022-02-21 12:45:00,99872.59319085395
2022-02-21 13:00:00,100078.27279637272
2022-02-21 13:15:00,99835.66894189686
2022-02-21 13:30:00,99846.63082830602
2022-02-21 13:45:00,99777.68633220646
2022-02-21 14:00:00,99429.21373267393
2022-02-21 14:15:00,99587.58414421644
2022-02-21 14:30:00,99207.95670962638
2022-02-21 14:45:00,99104.13783732824
2022-02-21 15:00:00,99104.13783732824
2022-02-21 15:15:00,99104.13783732824
2022-02-22 09:15:00,99104.13783732824
2022-02-22 09:30:00,99104.13783732824
2022-02-22 09:45:00,99104.13783732824
2022-02-22 10:00:00,99104.13783732824
2022-02-22 10:15:00,99104.13783732824
2022-02-22 10:30:00,99104.13783732824
2022-02-22 10:45:00,99104.13783732824
2022-02-22 11:00:00,99104.13783732824
2022-02-22 11:15:00,99104.13783732824
2022-02-22 11:30:00,99104.13783732824
2022-02-22 11:45:00,98640.47018770949
2022-02-22 12:00:00,98737.93928303813
2022-02-22 12:15:00,98684.40401873822
2022-02-22 12:30:00,98732.7021376175
2022-02-22 12:45:00,98536.89108939013
2022-02-22 13:00:00,98548.82014284826
2022-02-22 13:15:00,98479.28248976306
2022-02-22 13:30:00,98493.83011593153
2022-02-22 13:45:00,98874.97792154495
2022-02-22 14:00:00,99375.12530921631
2022-02-22 14:15:00,99579.37398062139
2022-02-22 14:30:00,99578.79207557463
2022-02-22 14:45:00,99564.82635445292
2022-02-22 15:00:00,99487.72393576012
2022-02-22 15:15:00,99392.8734131418
2022-02-23 09:15:00,100180.77284642514
2022-02-23 09:30:00,99870.32650399039
2022-02-23 09:45:00,100011.72943034772
2022-02-23 10:00:00,99786.53217726009
2022-02-23 10:15:00,99842.97696679369
2022-02-23 10:30:00,99647.45687108969
2022-02-23 10:45:00,99770.82074099816
2022-02-23 11:00:00,99889.52937053272
2022-02-23 11:15:00,100014.05705053464
2022-02-23 11:30:00,100032.96896455363
2022-02-23 11:45:00,100014.34800305802
2022-02-23 12:00:00,99913.9693824957
2022-02-23 12:15:00,99932.8812965147
2022-02-23 12:30:00,99753.94549464274
2022-02-23 12:45:00,99724.26833725908
2022-02-23 13:00:00,99877.89126959794
2022-02-23 13:15:00,99860.14316567243
2022-02-23 13:30:00,99804.28028118557
2022-02-23 13:45:00,99698.66451520262
2022-02-23 14:00:00,99597.22188126232
2022-02-23 14:15:00,99597.22188126232
2022-02-23 14:30:00,99597.22188126232
2022-02-23 14:45:00,99597.22188126232
2022-02-23 15:00:00,99597.22188126232
2022-02-23 15:15:00,99597.22188126232
2022-02-24 09:15:00,99597.22188126232
2022-02-24 09:30:00,99597.22188126232
2022-02-24 09:45:00,99597.22188126232
2022-02-24 10:00:00,99597.22188126232
2022-02-24 10:15:00,99597.22188126232
2022-02-24 10:30:00,99597.22188126232
2022-02-24 10:45:00,99597.22188126232
2022-02-24 11:00:00,99597.22188126232
2022-02-24 11:15:00,99597.22188126232
2022-02-24 11:30:00,99597.22188126232
2022-02-24 11:45:00,99597.22188126232
2022-02-24 12:00:00,99597.22188126232
2022-02-24 12:15:00,99597.22188126232
2022-02-24 12:30:00,99597.22188126232
2022-02-24 12:45:00,99597.22188126232
2022-02-24 13:00:00,99597.22188126232
2022-02-24 13:15:00,99597.22188126232
2022-02-24 13:30:00,99597.22188126232
2022-02-24 13:45:00,99597.22188126232
2022-02-24 14:00:00,99597.22188126232
2022-02-24 14:15:00,99597.22188126232
2022-02-24 14:30:00,99597.22188126232
2022-02-24 14:45:00,99597.22188126232
2022-02-24 15:00:00,99597.22188126232
2022-02-24 15:15:00,99597.22188126232
2022-02-25 09:15:00,99597.22188126232
2022-02-25 09:30:00,99597.22188126232
2022-02-25 09:45:00,99638.50868710659
2022-02-25 10:00:00,99529.92927720345
2022-02-25 10:15:00,99705.80997423663
2022-02-25 10:30:00,100118.8903187992
2022-02-25 10:45:00,100058.1696019663
2022-02-25 11:00:00,99908.3120692901
2022-02-25 11:15:00,99993.56036632149
2022-02-25 11:30:00,99954.9742950336
2022-02-25 11:45:00,99751.57484948504
2022-02-25 12:00:00,99631.03076631436
2022-02-25 12:15:00,99920.57585938936
2022-02-25 12:30:00,99561.63566136251
2022-02-25 12:45:00,99744.39604552454
2022-02-25 13:00:00,99741.70399403933
2022-02-25 13:15:00,99603.2129009673
2022-02-25 13:30:00,99492.25461490176
2022-02-25 13:45:00,99492.25461490176
2022-02-25 14:00:00,99492.25461490176
2022-02-25 14:15:00,99492.25461490176
2022-02-25 14:30:00,99492.25461490176
2022-02-25 14:45:00,99492.25461490176
2022-02-25 15:00:00,99492.25461490176
2022-02-25 15:15:00,99492.25461490176
2022-02-28 09:15:00,99492.25461490176
2022-02-28 09:30:00,99492.25461490176
2022-02-28 09:45:00,99492.25461490176
2022-02-28 10:00:00,99492.25461490176
2022-02-28 10:15:00,99492.25461490176
2022-02-28 10:30:00,99492.25461490176
2022-02-28 10:45:00,99492.25461490176
2022-02-28 11:00:00,99475.79950340967
2022-02-28 11:15:00,99664.6565437251
2022-02-28 11:30:00,99563.33324273048
2022-02-28 11:45:00,100027.98151652238
2022-02-28 12:00:00,99968.3266736291
2022-02-28 12:15:00,100108.02092884654
2022-02-28 12:30:00,100037.87402815795
2022-02-28 12:45:00,100081.94067089824
2022-02-28 13:00:00,100232.7265300707
2022-02-28 13:15:00,100186.86124885124
2022-02-28 13:30:00,100236.02403394923
2022-02-28 13:45:00,100143.09437919085
2022-02-28 14:00:00,100121.21094436065
2022-02-28 14:15:00,100221.3351530358
2022-02-28 14:30:00,100268.99907273447
2022-02-28 14:45:00,100358.6312236143
2022-02-28 15:00:00,100718.95846561294
2022-02-28 15:15:00,100660.50271503913
2022-03-02 09:15:00,99989.31078921971
2022-03-02 09:30:00,99628.9835472211
2022-03-02 09:45:00,99459.61175709695
2022-03-02 10:00:00,99358.05583219235
2022-03-02 10:15:00,99358.05583219235
2022-03-02 10:30:00,99358.05583219235
2022-03-02 10:45:00,99358.05583219235
2022-03-02 11:00:00,99358.05583219235
2022-03-02 11:15:00,99358.05583219235
2022-03-02 11:30:00,99358.05583219235
2022-03-02 11:45:00,99358.05583219235
2022-03-02 12:00:00,99358.05583219235
2022-03-02 12:15:00,99358.05583219235
2022-03-02 12:30:00,99358.05583219235
2022-03-02 12:45:00,99358.05583219235
2022-03-02 13:00:00,99358.05583219235
2022-03-02 13:15:00,99358.05583219235
2022-03-02 13:30:00,99358.05583219235
2022-03-02 13:45:00,99358.05583219235
2022-03-02 14:00:00,99358.05583219235
2022-03-02 14:15:00,99358.05583219235
2022-03-02 14:30:00,99358.05583219235
2022-03-02 14:45:00,99358.05583219235
2022-03-02 15:00:00,99358.05583219235
2022-03-02 15:15:00,99358.05583219235
2022-03-03 09:15:00,99056.30101053936
2022-03-03 09:30:00,98871.7104117996
2022-03-03 09:45:00,98873.49102850769
2022-03-03 10:00:00,98774.0732623054
2022-03-03 10:15:00,98663.97179585452
2022-03-03 10:30:00,98747.36401168388
2022-03-03 10:45:00,98655.068712314
2022-03-03 11:00:00,98828.38207190245
2022-03-03 11:15:00,98890.40688723463
2022-03-03 11:30:00,98784.16342365128
2022-03-03 11:45:00,98764.57663986218
2022-03-03 12:00:00,98767.24756492434
2022-03-03 12:15:00,98359.4863387693
2022-03-03 12:30:00,98280.54566471018
2022-03-03 12:45:00,98176.3356654075
2022-03-03 13:00:00,98176.3356654075
2022-03-03 13:15:00,98176.3356654075
2022-03-03 13:30:00,98176.3356654075
2022-03-03 13:45:00,98176.3356654075
2022-03-03 14:00:00,98176.3356654075
2022-03-03 14:15:00,98176.3356654075
2022-03-03 14:30:00,98176.3356654075
2022-03-03 14:45:00,98176.3356654075
2022-03-03 15:00:00,98176.3356654075
2022-03-03 15:15:00,98176.3356654075
2022-03-04 09:15:00,98176.3356654075
2022-03-04 09:30:00,98176.3356654075
2022-03-04 09:45:00,98176.3356654075
2022-03-04 10:00:00,98176.3356654075
2022-03-04 10:15:00,98176.3356654075
2022-03-04 10:30:00,98176.3356654075
2022-03-04 10:45:00,98176.3356654075
2022-03-04 11:00:00,98176.3356654075
2022-03-04 11:15:00,98176.3356654075
2022-03-04 11:30:00,98176.3356654075
2022-03-04 11:45:00,98176.3356654075
2022-03-04 12:00:00,98176.3356654075
2022-03-04 12:15:00,98176.3356654075
2022-03-04 12:30:00,98176.3356654075
2022-03-04 12:45:00,98248.70967584067
2022-03-04 13:00:00,98233.39617645505
2022-03-04 13:15:00,98726.73106842683
2022-03-04 13:30:00,98596.11592660839
2022-03-04 13:45:00,98655.56833598782
2022-03-04 14:00:00,98144.51782707976
2022-03-04 14:15:00,98196.16335441946
2022-03-04 14:30:00,97806.41978182095
2022-03-04 14:45:00,97755.67504856274
2022-03-04 15:00:00,97553.89717430527
2022-03-04 15:15:00,97463.24245900121
2022-03-07 09:15:00,97463.24245900121
2022-03-07 09:30:00,97463.24245900121
2022-03-07 09:45:00,97463.24245900121
2022-03-07 10:00:00,97463.24245900121
2022-03-07 10:15:00,97463.24245900121
2022-03-07 10:30:00,97463.24245900121
2022-03-07 10:45:00,97463.24245900121
2022-03-07 11:00:00,97463.24245900121
2022-03-07 11:15:00,97463.24245900121
2022-03-07 11:30:00,97463.24245900121
2022-03-07 11:45:00,97463.24245900121
2022-03-07 12:00:00,97094.1866587507
2022-03-07 12:15:00,97173.61755304293
2022-03-07 12:30:00,97227.69166184957
2022-03-07 12:45:00,97247.85488886222
2022-03-07 13:00:00,96850.70041740104
2022-03-07 13:15:00,96717.19541430216
2022-03-07 13:30:00,96858.03249995109
2022-03-07 13:45:00,96643.87458880163
2022-03-07 14:00:00,96541.12675548991
2022-03-07 14:15:00,96541.12675548991
2022-03-07 14:30:00,96541.12675548991
2022-03-07 14:45:00,96541.12675548991
2022-03-07 15:00:00,96541.12675548991
2022-03-07 15:15:00,96541.12675548991
2022-03-08 09:15:00,96541.12675548991
2022-03-08 09:30:00,96541.12675548991
2022-03-08 09:45:00,96541.12675548991
2022-03-08 10:00:00,96541.12675548991
2022-03-08 10:15:00,96541.12675548991
2022-03-08 10:30:00,96541.12675548991
2022-03-08 10:45:00,96541.12675548991
2022-03-08 11:00:00,96541.12675548991
2022-03-08 11:15:00,96541.12675548991
2022-03-08 11:30:00,96541.12675548991
2022-03-08 11:45:00,96541.12675548991
2022-03-08 12:00:00,96541.12675548991
2022-03-08 12:15:00,96541.12675548991
2022-03-08 12:30:00,96541.12675548991
2022-03-08 12:45:00,96541.12675548991
2022-03-08 13:00:00,96541.12675548991
2022-03-08 13:15:00,96541.12675548991
2022-03-08 13:30:00,96541.12675548991
2022-03-08 13:45:00,96541.12675548991
2022-03-08 14:00:00,96541.12675548991
2022-03-08 14:15:00,96539.15166462134
2022-03-08 14:30:00,97025.3609616733
2022-03-08 14:45:00,97364.09589407848
2022-03-08 15:00:00,97410.61873488456
2022-03-08 15:15:00,97391.76634187816
2022-03-09 09:15:00,98030.01106640103
2022-03-09 09:30:00,98061.93850616991
2022-03-09 09:45:00,98076.22983635217
2022-03-09 10:00:00,98182.65463558181
2022-03-09 10:15:00,98226.74490954839
2022-03-09 10:30:00,98171.40401394898
2022-03-09 10:45:00,98266.57819154576
2022-03-09 11:00:00,98106.02878013649
2022-03-09 11:15:00,98037.30876691964
2022-03-09 11:30:00,98259.88863273706
2022-03-09 11:45:00,98486.72549052366
2022-03-09 12:00:00,98411.31591849809
2022-03-09 12:15:00,98746.7060714989
2022-03-09 12:30:00,98815.1220138608
2022-03-09 12:45:00,99106.42189289506
2022-03-09 13:00:00,99238.99678564968
2022-03-09 13:15:00,99025.84311633547
2022-03-09 13:30:00,99206.76527502584
2022-03-09 13:45:00,99374.30831609877
2022-03-09 14:00:00,99368.53096985488
2022-03-09 14:15:00,99608.13880354904
2022-03-09 14:30:00,99527.56002698945
2022-03-09 14:45:00,99560.7037501781
2022-03-09 15:00:00,99429.04106998829
2022-03-09 15:15:00,99533.94551494322
2022-03-10 09:15:00,101231.26902722842
2022-03-10 09:30:00,101063.11784444559
2022-03-10 09:45:00,101500.67580470686
2022-03-10 10:00:00,101666.0903497952
2022-03-10 10:15:00,101856.7427758437
2022-03-10 10:30:00,101597.97847828822
2022-03-10 10:45:00,101690.41601819053
2022-03-10 11:00:00,101802.31409280913
2022-03-10 11:15:00,101666.39442065012
2022-03-10 11:30:00,101684.63867194662
2022-03-10 11:45:00,101643.89317738442
2022-03-10 12:00:00,101526.21775652195
2022-03-10 12:15:00,101580.95051041147
2022-03-10 12:30:00,101249.20920766995
2022-03-10 12:45:00,101315.19258319231
2022-03-10 13:00:00,101145.82511698973
2022-03-10 13:15:00,101281.74478914871
2022-03-10 13:30:00,100927.19817228656
2022-03-10 13:45:00,100835.3839776369
2022-03-10 14:00:00,100835.3839776369
2022-03-10 14:15:00,100835.3839776369
2022-03-10 14:30:00,100835.3839776369
2022-03-10 14:45:00,100835.3839776369
2022-03-10 15:00:00,100835.3839776369
2022-03-10 15:15:00,100835.3839776369
2022-03-11 09:15:00,100835.3839776369
2022-03-11 09:30:00,100835.3839776369
2022-03-11 09:45:00,100835.3839776369
2022-03-11 10:00:00,100835.3839776369
2022-03-11 10:15:00,100835.3839776369
2022-03-11 10:30:00,100835.3839776369
2022-03-11 10:45:00,100835.3839776369
2022-03-11 11:00:00,100835.3839776369
2022-03-11 11:15:00,100835.3839776369
2022-03-11 11:30:00,100835.3839776369
2022-03-11 11:45:00,100681.89560469495
2022-03-11 12:00:00,100707.61689240739
2022-03-11 12:15:00,100633.7816665034
2022-03-11 12:30:00,100749.07355613215
2022-03-11 12:45:00,100613.80984310315
2022-03-11 13:00:00,100385.64689092446
2022-03-11 13:15:00,100599.28488063024
2022-03-11 13:30:00,100355.08394905439
2022-03-11 13:45:00,100509.4116753291
2022-03-11 14:00:00,100550.86833905386
2022-03-11 14:15:00,100513.95072610189
2022-03-11 14:30:00,100699.44660101637
2022-03-11 14:45:00,100605.942155097
2022-03-11 15:00:00,100635.89989019737
2022-03-11 15:15:00,100588.39115877554
2022-03-14 09:15:00,100803.23956202072
2022-03-14 09:30:00,100654.96390344306
2022-03-14 09:45:00,100914.29500426153
2022-03-14 10:00:00,100942.4371190528
2022-03-14 10:15:00,100846.20924266973
2022-03-14 10:30:00,100996.30052155654
2022-03-14 10:45:00,101137.31369889773
2022-03-14 11:00:00,101203.28123679555
2022-03-14 11:15:00,101387.56669817063
2022-03-14 11:30:00,101357.30635968539
2022-03-14 11:45:00,101372.73913231285
2022-03-14 12:00:00,101257.74984606895
2022-03-14 12:15:00,101364.266237537
2022-03-14 12:30:00,101423.8791043529
2022-03-14 12:45:00,101493.1752794841
2022-03-14 13:00:00,101557.02459368795
2022-03-14 13:15:00,101533.1189262846
2022-03-14 13:30:00,101623.29473497062
2022-03-14 13:45:00,101627.53118235857
2022-03-14 14:00:00,101739.7970381388
2022-03-14 14:15:00,102021.52078943634
2022-03-14 14:30:00,102050.2681109973
2022-03-14 14:45:00,102138.93090275906
2022-03-14 15:00:00,102118.05126920424
2022-03-14 15:15:00,102197.63595942041
2022-03-15 09:15:00,102307.4809881218
2022-03-15 09:30:00,101950.408993996
2022-03-15 09:45:00,101804.55416249717
2022-03-15 10:00:00,102045.42645683966
2022-03-15 10:15:00,102206.4114575811
2022-03-15 10:30:00,102132.27362829227
2022-03-15 10:45:00,101905.32108965299
2022-03-15 11:00:00,101990.65524418138
2022-03-15 11:15:00,101984.60317648434
2022-03-15 11:30:00,101901.68984903478
2022-03-15 11:45:00,102155.87669231076
2022-03-15 12:00:00,102149.21941784403
2022-03-15 12:15:00,102072.96336486122
2022-03-15 12:30:00,101543.71004475442
2022-03-15 12:45:00,101460.49411392002
2022-03-15 13:00:00,101290.73361501786
2022-03-15 13:15:00,101189.44288140284
2022-03-15 13:30:00,101189.44288140284
2022-03-15 13:45:00,101189.44288140284
2022-03-15 14:00:00,101189.44288140284
2022-03-15 14:15:00,101189.44288140284
2022-03-15 14:30:00,101189.44288140284
2022-03-15 14:45:00,101189.44288140284
2022-03-15 15:00:00,101189.44288140284
2022-03-15 15:15:00,101189.44288140284
2022-03-16 09:15:00,101189.44288140284
2022-03-16 09:30:00,100983.75834652648
2022-03-16 09:45:00,100851.49741580142
2022-03-16 10:00:00,100641.31300218869
2022-03-16 10:15:00,100690.27641672347
2022-03-16 10:30:00,100834.18108627084
2022-03-16 10:45:00,100809.10226419204
2022-03-16 11:00:00,100795.96573834124
2022-03-16 11:15:00,100823.43301966562
2022-03-16 11:30:00,100961.06798369328
2022-03-16 11:45:00,100975.39873916688
2022-03-16 12:00:00,100993.90929832029
2022-03-16 12:15:00,100960.4708688819
2022-03-16 12:30:00,101019.58523521048
2022-03-16 12:45:00,100944.64732637981
2022-03-16 13:00:00,100705.20428700848
2022-03-16 13:15:00,100944.64732637981
2022-03-16 13:30:00,100903.7449617989
2022-03-16 13:45:00,100874.78489344602
2022-03-16 14:00:00,100785.81478654745
2022-03-16 14:15:00,100953.00693373938
2022-03-16 14:30:00,100950.91703189949
2022-03-16 14:45:00,101131.54426234793
2022-03-16 15:00:00,101380.83969610734
2022-03-16 15:15:00,101308.58880392795
2022-03-17 09:15:00,102611.4933224023
2022-03-17 09:30:00,102708.22592184907
2022-03-17 09:45:00,102947.9675186261
2022-03-17 10:00:00,103097.84333628743
2022-03-17 10:15:00,103055.44818467805
2022-03-17 10:30:00,103083.51258081383
2022-03-17 10:45:00,103085.00536784233
2022-03-17 11:00:00,103076.04864567133
2022-03-17 11:15:00,103162.6302933243
2022-03-17 11:30:00,103222.9388892757
2022-03-17 11:45:00,103271.30518899907
2022-03-17 12:00:00,103227.1186929555
2022-03-17 12:15:00,103337.58493306446
2022-03-17 12:30:00,103414.91130114072
2022-03-17 12:45:00,103315.49168504267
2022-03-17 13:00:00,103313.99889801418
2022-03-17 13:15:00,103235.7768577208
2022-03-17 13:30:00,103251.6004002229
2022-03-17 13:45:00,103369.82913288004
2022-03-17 14:00:00,103374.90460877695
2022-03-17 14:15:00,103436.70599175681
2022-03-17 14:30:00,103373.41182174845
2022-03-17 14:45:00,103437.60166397394
2022-03-17 15:00:00,103139.04425827404
2022-03-17 15:15:00,103297.27968329498
2022-03-21 09:15:00,103492.53622662269
2022-03-21 09:30:00,103193.97882092278
2022-03-21 09:45:00,102933.93532055819
2022-03-21 10:00:00,102899.0041040913
2022-03-21 10:15:00,102796.4033588355
2022-03-21 10:30:00,102796.4033588355
2022-03-21 10:45:00,102796.4033588355
2022-03-21 11:00:00,102796.4033588355
2022-03-21 11:15:00,102796.4033588355
2022-03-21 11:30:00,102796.4033588355
2022-03-21 11:45:00,102796.4033588355
2022-03-21 12:00:00,102796.4033588355
2022-03-21 12:15:00,102796.4033588355
2022-03-21 12:30:00,102796.4033588355
2022-03-21 12:45:00,102796.4033588355
2022-03-21 13:00:00,102796.4033588355
2022-03-21 13:15:00,102796.4033588355
2022-03-21 13:30:00,102796.4033588355
2022-03-21 13:45:00,102796.4033588355
2022-03-21 14:00:00,102796.4033588355
2022-03-21 14:15:00,102796.4033588355
2022-03-21 14:30:00,102796.4033588355
2022-03-21 14:45:00,102796.4033588355
2022-03-21 15:00:00,102796.4033588355
2022-03-21 15:15:00,102796.4033588355
2022-03-22 09:15:00,102796.4033588355
2022-03-22 09:30:00,102796.4033588355
2022-03-22 09:45:00,102796.4033588355
2022-03-22 10:00:00,102796.4033588355
2022-03-22 10:15:00,102796.4033588355
2022-03-22 10:30:00,102796.4033588355
2022-03-22 10:45:00,102796.4033588355
2022-03-22 11:00:00,102796.4033588355
2022-03-22 11:15:00,102796.4033588355
2022-03-22 11:30:00,102796.4033588355
2022-03-22 11:45:00,102796.4033588355
2022-03-22 12:00:00,102796.4033588355
2022-03-22 12:15:00,102796.4033588355
2022-03-22 12:30:00,102796.4033588355
2022-03-22 12:45:00,102796.4033588355
2022-03-22 13:00:00,103093.89958030637
2022-03-22 13:15:00,103174.07777421847
2022-03-22 13:30:00,103349.09360794447
2022-03-22 13:45:00,103578.85798452835
2022-03-22 14:00:00,103477.73772504221
2022-03-22 14:15:00,103274.00134424322
2022-03-22 14:30:00,103391.8752561886
2022-03-22 14:45:00,103430.46849131791
2022-03-22 15:00:00,103618.04956438835
2022-03-22 15:15:00,103691.9451386282
2022-03-23 09:15:00,103990.51915924111
2022-03-23 09:30:00,103925.00041123085
2022-03-23 09:45:00,103913.03351661711
2022-03-23 10:00:00,103874.14110912244
2022-03-23 10:15:00,103604.8859803132
2022-03-23 10:30:00,103722.16154752788
2022-03-23 10:45:00,104020.13722341013
2022-03-23 11:00:00,103661.7287297285
2022-03-23 11:15:00,103790.0736744609
2022-03-23 11:30:00,103653.35190349887
2022-03-23 11:45:00,103490.00379202128
2022-03-23 12:00:00,103398.16984275541
2022-03-23 12:15:00,103398.16984275541
2022-03-23 12:30:00,103398.16984275541
2022-03-23 12:45:00,103398.16984275541
2022-03-23 13:00:00,103398.16984275541
2022-03-23 13:15:00,103398.16984275541
2022-03-23 13:30:00,103398.16984275541
2022-03-23 13:45:00,103398.16984275541
2022-03-23 14:00:00,103398.16984275541
2022-03-23 14:15:00,103398.16984275541
2022-03-23 14:30:00,103398.16984275541
2022-03-23 14:45:00,103398.16984275541
2022-03-23 15:00:00,103398.16984275541
2022-03-23 15:15:00,103398.16984275541
2022-03-24 09:15:00,103398.16984275541
2022-03-24 09:30:00,103398.16984275541
2022-03-24 09:45:00,103398.16984275541
2022-03-24 10:00:00,103398.16984275541
2022-03-24 10:15:00,103398.16984275541
2022-03-24 10:30:00,103398.16984275541
2022-03-24 10:45:00,103398.16984275541
2022-03-24 11:00:00,103398.16984275541
2022-03-24 11:15:00,103398.16984275541
2022-03-24 11:30:00,103398.16984275541
2022-03-24 11:45:00,103398.16984275541
2022-03-24 12:00:00,103398.16984275541
2022-03-24 12:15:00,103398.16984275541
2022-03-24 12:30:00,103398.16984275541
2022-03-24 12:45:00,103398.16984275541
2022-03-24 13:00:00,103398.16984275541
2022-03-24 13:15:00,103398.16984275541
2022-03-24 13:30:00,103398.16984275541
2022-03-24 13:45:00,103398.16984275541
2022-03-24 14:00:00,103398.16984275541
2022-03-24 14:15:00,103398.16984275541
2022-03-24 14:30:00,103398.16984275541
2022-03-24 14:45:00,103398.16984275541
2022-03-24 15:00:00,103398.16984275541
2022-03-24 15:15:00,103398.16984275541
2022-03-25 09:15:00,103398.16984275541
2022-03-25 09:30:00,103398.16984275541
2022-03-25 09:45:00,103398.16984275541
2022-03-25 10:00:00,103398.16984275541
2022-03-25 10:15:00,103398.16984275541
2022-03-25 10:30:00,103398.16984275541
2022-03-25 10:45:00,103398.16984275541
2022-03-25 11:00:00,103398.16984275541
2022-03-25 11:15:00,103398.16984275541
2022-03-25 11:30:00,103398.16984275541
2022-03-25 11:45:00,103398.16984275541
2022-03-25 12:00:00,103398.16984275541
2022-03-25 12:15:00,103398.16984275541
2022-03-25 12:30:00,103398.16984275541
2022-03-25 12:45:00,103398.16984275541
2022-03-25 13:00:00,103398.16984275541
2022-03-25 13:15:00,103398.16984275541
2022-03-25 13:30:00,103398.16984275541
2022-03-25 13:45:00,103398.16984275541
2022-03-25 14:00:00,103398.16984275541
2022-03-25 14:15:00,103398.16984275541
2022-03-25 14:30:00,103398.16984275541
2022-03-25 14:45:00,103398.16984275541
2022-03-25 15:00:00,103398.16984275541
2022-03-25 15:15:00,103398.16984275541
2022-03-28 09:15:00,103398.16984275541
2022-03-28 09:30:00,103398.16984275541
2022-03-28 09:45:00,103398.16984275541
2022-03-28 10:00:00,103398.16984275541
2022-03-28 10:15:00,103398.16984275541
2022-03-28 10:30:00,103398.16984275541
2022-03-28 10:45:00,103398.16984275541
2022-03-28 11:00:00,103398.16984275541
2022-03-28 11:15:00,103398.16984275541
2022-03-28 11:30:00,103398.16984275541
2022-03-28 11:45:00,103398.16984275541
2022-03-28 12:00:00,103398.16984275541
2022-03-28 12:15:00,103398.16984275541
2022-03-28 12:30:00,103398.16984275541
2022-03-28 12:45:00,103398.16984275541
2022-03-28 13:00:00,103439.2323241868
2022-03-28 13:15:00,103317.29672248763
2022-03-28 13:30:00,103020.56673608668
2022-03-28 13:45:00,103169.83273127014
2022-03-28 14:00:00,103151.21202362151
2022-03-28 14:15:00,103241.91288991005
2022-03-28 14:30:00,103193.55911682245
2022-03-28 14:45:00,103372.25784345054
2022-03-28 15:00:00,103444.0376680961
2022-03-28 15:15:00,103403.19224486683
2022-03-29 09:15:00,103839.27720463826
2022-03-29 09:30:00,103951.90245251311
2022-03-29 09:45:00,103755.18368622503
2022-03-29 10:00:00,103816.7521550633
2022-03-29 10:15:00,103833.57085874594
2022-03-29 10:30:00,103715.23926497878
2022-03-29 10:45:00,103815.55081908597
2022-03-29 11:00:00,103835.9735307006
2022-03-29 11:15:00,103894.53865959554
2022-03-29 11:30:00,103696.91889132446
2022-03-29 11:45:00,103639.55509840687
2022-03-29 12:00:00,103711.33492305245
2022-03-29 12:15:00,103800.83445336367
2022-03-29 12:30:00,103715.83993296743
2022-03-29 12:45:00,103916.1627071875
2022-03-29 13:00:00,103787.01908962433
2022-03-29 13:15:00,103688.2092054888
2022-03-29 13:30:00,103675.59517772682
2022-03-29 13:45:00,103668.0868278685
2022-03-29 14:00:00,103813.14814713133
2022-03-29 14:15:00,103913.76003523286
2022-03-29 14:30:00,103804.73879528999
2022-03-29 14:45:00,103960.61213834879
2022-03-29 15:00:00,104026.98595109637
2022-03-29 15:15:00,104130.3008451469
2022-03-30 09:15:00,104603.3268862213
2022-03-30 09:30:00,104739.07785165978
2022-03-30 09:45:00,104852.003433529
2022-03-30 10:00:00,104824.67304004468
2022-03-30 10:15:00,104884.43950491694
2022-03-30 10:30:00,105029.20049018542
2022-03-30 10:45:00,105048.12153182838
2022-03-30 11:00:00,105135.21839018492
2022-03-30 11:15:00,105053.22720973204
2022-03-30 11:30:00,105095.8746369273
2022-03-30 11:45:00,105119.30068848528
2022-03-30 12:00:00,105033.40516610604
2022-03-30 12:15:00,105073.34958735234
2022-03-30 12:30:00,105064.63990151667
2022-03-30 12:45:00,104986.25272899578
2022-03-30 13:00:00,105070.64658140333
2022-03-30 13:15:00,105096.77563891032
2022-03-30 13:30:00,104893.14919075256
2022-03-30 13:45:00,104917.17591029921
2022-03-30 14:00:00,104852.90443551195
2022-03-30 14:15:00,104987.75439896745
2022-03-30 14:30:00,104933.09361199886
2022-03-30 14:45:00,105137.92139613393
2022-03-30 15:00:00,105107.58766270631
2022-03-30 15:15:00,104946.30830774951
2022-03-31 09:15:00,105065.84123749404
2022-03-31 09:30:00,105377.88825760598
2022-03-31 09:45:00,105383.59460349832
2022-03-31 10:00:00,105366.47556582133
2022-03-31 10:15:00,105260.45766582181
2022-03-31 10:30:00,105193.18285109123
2022-03-31 10:45:00,105273.37202757812
2022-03-31 11:00:00,105194.38418706857
2022-03-31 11:15:00,105149.93475590729
2022-03-31 11:30:00,105045.71885987377
2022-03-31 11:45:00,104941.87327565523
2022-03-31 12:00:00,104941.87327565523
2022-03-31 12:15:00,104941.87327565523
2022-03-31 12:30:00,104941.87327565523
2022-03-31 12:45:00,104941.87327565523
2022-03-31 13:00:00,104941.87327565523
2022-03-31 13:15:00,104625.66677076225
2022-03-31 13:30:00,104640.03037177875
2022-03-31 13:45:00,104616.9887618148
2022-03-31 14:00:00,104470.65957645947
2022-03-31 14:15:00,104370.67305357534
2022-03-31 14:30:00,104370.67305357534
2022-03-31 14:45:00,104370.67305357534
2022-03-31 15:00:00,104370.67305357534
2022-03-31 15:15:00,104370.67305357534
2022-04-01 09:15:00,104370.67305357534
2022-04-01 09:30:00,104370.67305357534
2022-04-01 09:45:00,104370.67305357534
2022-04-01 10:00:00,104370.67305357534
2022-04-01 10:15:00,104370.67305357534
2022-04-01 10:30:00,104370.67305357534
2022-04-01 10:45:00,104370.67305357534
2022-04-01 11:00:00,104370.67305357534
2022-04-01 11:15:00,104146.87640641858
2022-04-01 11:30:00,104174.50480341258
2022-04-01 11:45:00,104157.5712697711
2022-04-01 12:00:00,104125.48667971352
2022-04-01 12:15:00,104212.82806375912
2022-04-01 12:30:00,104262.14326699576
2022-04-01 12:45:00,104214.31346144697
2022-04-01 13:00:00,104195.30037104248
2022-04-01 13:15:00,104344.43429890269
2022-04-01 13:30:00,104470.39602283241
2022-04-01 13:45:00,104453.4624891909
2022-04-01 14:00:00,104474.2580568208
2022-04-01 14:15:00,104441.5793076881
2022-04-01 14:30:00,104513.47255578007
2022-04-01 14:45:00,104526.84113497072
2022-04-01 15:00:00,104989.69105450495
2022-04-01 15:15:00,105096.93676756775
2022-04-04 09:15:00,106373.78462004413
2022-04-04 09:30:00,106804.54994952079
2022-04-04 09:45:00,106863.0746184221
2022-04-04 10:00:00,107333.64860593318
2022-04-04 10:15:00,107342.85807159785
2022-04-04 10:30:00,107128.06956593467
2022-04-04 10:45:00,106923.08468501129
2022-04-04 11:00:00,106800.39083599483
2022-04-04 11:15:00,106986.6597060513
2022-04-04 11:30:00,106787.91349541688
2022-04-04 11:45:00,106803.65871090809
2022-04-04 12:00:00,106501.23174166172
2022-04-04 12:15:00,106574.61038744153
2022-04-04 12:30:00,106455.77857241349
2022-04-04 12:45:00,106479.24785588153
2022-04-04 13:00:00,106800.98499506999
2022-04-04 13:15:00,106934.37370743895
2022-04-04 13:30:00,106856.83594813316
2022-04-04 13:45:00,106953.38679784343
2022-04-04 14:00:00,106912.09274212118
2022-04-04 14:15:00,107062.41498813167
2022-04-04 14:30:00,107296.21658419934
2022-04-04 14:45:00,107283.14508454624
2022-04-04 15:00:00,107302.4552544883
2022-04-04 15:15:00,107162.82787183035
2022-04-05 09:15:00,107335.134003621
2022-04-05 09:30:00,106862.18337980939
2022-04-05 09:45:00,106895.15920847966
2022-04-05 10:00:00,106931.10583252563
2022-04-05 10:15:00,107011.31730766955
2022-04-05 10:30:00,106801.57915414506
2022-04-05 10:45:00,106689.73227320437
2022-04-05 11:00:00,106689.73227320437
2022-04-05 11:15:00,106689.73227320437
2022-04-05 11:30:00,106689.73227320437
2022-04-05 11:45:00,106689.73227320437
2022-04-05 12:00:00,106689.73227320437
2022-04-05 12:15:00,106689.73227320437
2022-04-05 12:30:00,106689.73227320437
2022-04-05 12:45:00,106689.73227320437
2022-04-05 13:00:00,106689.73227320437
2022-04-05 13:15:00,106689.73227320437
2022-04-05 13:30:00,106544.43478648314
2022-04-05 13:45:00,106282.13782878287
2022-04-05 14:00:00,106174.27188887467
2022-04-05 14:15:00,106047.54414526669
2022-04-05 14:30:00,106191.36539847762
2022-04-05 14:45:00,106129.18038940484
2022-04-05 15:00:00,105800.57240307247
2022-04-05 15:15:00,105700.3658290448
2022-04-06 09:15:00,105700.3658290448
2022-04-06 09:30:00,105700.3658290448
2022-04-06 09:45:00,105700.3658290448
2022-04-06 10:00:00,105700.3658290448
2022-04-06 10:15:00,105700.3658290448
2022-04-06 10:30:00,105700.3658290448
2022-04-06 10:45:00,105700.3658290448
2022-04-06 11:00:00,105700.3658290448
2022-04-06 11:15:00,105700.3658290448
2022-04-06 11:30:00,105700.3658290448
2022-04-06 11:45:00,105700.3658290448
2022-04-06 12:00:00,105700.3658290448
2022-04-06 12:15:00,105700.3658290448
2022-04-06 12:30:00,105700.3658290448
2022-04-06 12:45:00,105359.79689576263
2022-04-06 13:00:00,105276.29462869071
2022-04-06 13:15:00,104977.9879431441
2022-04-06 13:30:00,105236.75645276267
2022-04-06 13:45:00,105151.77888061883
2022-04-06 14:00:00,105030.80386471961
2022-04-06 14:15:00,104926.95212466837
2022-04-06 14:30:00,104926.95212466837
2022-04-06 14:45:00,104926.95212466837
2022-04-06 15:00:00,104926.95212466837
2022-04-06 15:15:00,104926.95212466837
2022-04-07 09:15:00,104926.95212466837
2022-04-07 09:30:00,104926.95212466837
2022-04-07 09:45:00,104926.95212466837
2022-04-07 10:00:00,104926.95212466837
2022-04-07 10:15:00,104926.95212466837
2022-04-07 10:30:00,104926.95212466837
2022-04-07 10:45:00,104926.95212466837
2022-04-07 11:00:00,104926.95212466837
2022-04-07 11:15:00,104926.95212466837
2022-04-07 11:30:00,104926.95212466837
2022-04-07 11:45:00,104926.95212466837
2022-04-07 12:00:00,104926.95212466837
2022-04-07 12:15:00,104871.59813313607
2022-04-07 12:30:00,104926.48248236332
2022-04-07 12:45:00,104826.74640688582
2022-04-07 13:00:00,104749.73127167983
2022-04-07 13:15:00,104647.04442473853
2022-04-07 13:30:00,104453.47381671121
2022-04-07 13:45:00,104287.9355375903
2022-04-07 14:00:00,104187.47976895279
2022-04-07 14:15:00,104187.47976895279
2022-04-07 14:30:00,104187.47976895279
2022-04-07 14:45:00,104187.47976895279
2022-04-07 15:00:00,104187.47976895279
2022-04-07 15:15:00,104187.47976895279
2022-04-08 09:15:00,104187.47976895279
2022-04-08 09:30:00,104187.47976895279
2022-04-08 09:45:00,104187.47976895279
2022-04-08 10:00:00,104187.47976895279
2022-04-08 10:15:00,104187.47976895279
2022-04-08 10:30:00,104187.47976895279
2022-04-08 10:45:00,104187.47976895279
2022-04-08 11:00:00,104187.47976895279
2022-04-08 11:15:00,104187.47976895279
2022-04-08 11:30:00,104187.47976895279
2022-04-08 11:45:00,104187.47976895279
2022-04-08 12:00:00,104187.47976895279
2022-04-08 12:15:00,104187.47976895279
2022-04-08 12:30:00,104106.76897333999
2022-04-08 12:45:00,103977.06029337725
2022-04-08 13:00:00,104054.53335109254
2022-04-08 13:15:00,104066.8586102745
2022-04-08 13:30:00,104311.30958405041
2022-04-08 13:45:00,104436.02946862995
2022-04-08 14:00:00,104663.1663878407
2022-04-08 14:15:00,104522.01282435186
2022-04-08 14:30:00,104499.7099744035
2022-04-08 14:45:00,104551.65213809899
2022-04-08 15:00:00,104279.6160604396
2022-04-08 15:15:00,104473.00524617588
2022-04-11 09:15:00,103791.30102999171
2022-04-11 09:30:00,103688.6823893353
2022-04-11 09:45:00,103688.6823893353
2022-04-11 10:00:00,103688.6823893353
2022-04-11 10:15:00,103688.6823893353
2022-04-11 10:30:00,103688.6823893353
2022-04-11 10:45:00,103688.6823893353
2022-04-11 11:00:00,103688.6823893353
2022-04-11 11:15:00,103688.6823893353
2022-04-11 11:30:00,103688.6823893353
2022-04-11 11:45:00,103688.6823893353
2022-04-11 12:00:00,103688.6823893353
2022-04-11 12:15:00,103688.6823893353
2022-04-11 12:30:00,103688.6823893353
2022-04-11 12:45:00,103688.6823893353
2022-04-11 13:00:00,103688.6823893353
2022-04-11 13:15:00,103688.6823893353
2022-04-11 13:30:00,103557.85682138837
2022-04-11 13:45:00,103424.50674934732
2022-04-11 14:00:00,103521.96610177995
2022-04-11 14:15:00,103542.68350903362
2022-04-11 14:30:00,103310.70690668648
2022-04-11 14:45:00,103258.76749131818
2022-04-11 15:00:00,103191.94655806347
2022-04-11 15:15:00,103176.48145124034
2022-04-12 09:15:00,102592.01713111285
2022-04-12 09:30:00,102492.04863804678
2022-04-12 09:45:00,102492.04863804678
2022-04-12 10:00:00,102492.04863804678
2022-04-12 10:15:00,102492.04863804678
2022-04-12 10:30:00,102492.04863804678
2022-04-12 10:45:00,102492.04863804678
2022-04-12 11:00:00,102492.04863804678
2022-04-12 11:15:00,102492.04863804678
2022-04-12 11:30:00,102492.04863804678
2022-04-12 11:45:00,102492.04863804678
2022-04-12 12:00:00,102492.04863804678
2022-04-12 12:15:00,102492.04863804678
2022-04-12 12:30:00,102492.04863804678
2022-04-12 12:45:00,102492.04863804678
2022-04-12 13:00:00,102492.04863804678
2022-04-12 13:15:00,102492.04863804678
2022-04-12 13:30:00,102492.04863804678
2022-04-12 13:45:00,102492.04863804678
2022-04-12 14:00:00,102492.04863804678
2022-04-12 14:15:00,102492.04863804678
2022-04-12 14:30:00,102492.04863804678
2022-04-12 14:45:00,102251.29891785546
2022-04-12 15:00:00,102042.89366978778
2022-04-12 15:15:00,101990.21022020643
2022-04-13 09:15:00,102742.62302223849
2022-04-13 09:30:00,102612.22420780506
2022-04-13 09:45:00,102472.5111923407
2022-04-13 10:00:00,102180.27813499438
2022-04-13 10:15:00,102073.16482313837
2022-04-13 10:30:00,102117.98941559986
2022-04-13 10:45:00,102142.73026208834
2022-04-13 11:00:00,102128.46789175968
2022-04-13 11:15:00,102205.6011190473
2022-04-13 11:30:00,101972.74609327334
2022-04-13 11:45:00,101867.8655700457
2022-04-13 12:00:00,101867.8655700457
2022-04-13 12:15:00,101867.8655700457
2022-04-13 12:30:00,101867.8655700457
2022-04-13 12:45:00,101867.8655700457
2022-04-13 13:00:00,101867.8655700457
2022-04-13 13:15:00,101867.8655700457
2022-04-13 13:30:00,101867.8655700457
2022-04-13 13:45:00,101867.8655700457
2022-04-13 14:00:00,101867.8655700457
2022-04-13 14:15:00,101867.8655700457
2022-04-13 14:30:00,101867.8655700457
2022-04-13 14:45:00,101867.8655700457
2022-04-13 15:00:00,101867.8655700457
2022-04-13 15:15:00,101867.8655700457
2022-04-18 09:15:00,101867.8655700457
2022-04-18 09:30:00,101867.8655700457
2022-04-18 09:45:00,101867.8655700457
2022-04-18 10:00:00,101867.8655700457
2022-04-18 10:15:00,101867.8655700457
2022-04-18 10:30:00,101867.8655700457
2022-04-18 10:45:00,101867.8655700457
2022-04-18 11:00:00,101867.8655700457
2022-04-18 11:15:00,101867.8655700457
2022-04-18 11:30:00,101867.8655700457
2022-04-18 11:45:00,101867.8655700457
2022-04-18 12:00:00,101867.8655700457
2022-04-18 12:15:00,101867.8655700457
2022-04-18 12:30:00,101867.8655700457
2022-04-18 12:45:00,101867.8655700457
2022-04-18 13:00:00,101867.8655700457
2022-04-18 13:15:00,101867.8655700457
2022-04-18 13:30:00,101867.8655700457
2022-04-18 13:45:00,101867.8655700457
2022-04-18 14:00:00,101867.8655700457
2022-04-18 14:15:00,101867.8655700457
2022-04-18 14:30:00,101867.8655700457
2022-04-18 14:45:00,101711.81031099183
2022-04-18 15:00:00,101738.75595474608
2022-04-18 15:15:00,101776.3614136119
2022-04-19 09:15:00,101871.4114316901
2022-04-19 09:30:00,101766.88602240161
2022-04-19 09:45:00,101746.45471010442
2022-04-19 10:00:00,101825.51500551525
2022-04-19 10:15:00,101713.29084086842
2022-04-19 10:30:00,101817.52014418159
2022-04-19 10:45:00,101653.18132787813
2022-04-19 11:00:00,101824.92279356462
2022-04-19 11:15:00,101885.32841253022
2022-04-19 11:30:00,101996.36815327578
2022-04-19 11:45:00,102064.17642162442
2022-04-19 12:00:00,102086.68047574886
2022-04-19 12:15:00,102054.4049244388
2022-04-19 12:30:00,101921.45334151943
2022-04-19 12:45:00,101847.72295366436
2022-04-19 13:00:00,101753.26514753682
2022-04-19 13:15:00,102053.81271248816
2022-04-19 13:30:00,102033.9736121416
2022-04-19 13:45:00,102094.97144305783
2022-04-19 14:00:00,102129.31973619513
2022-04-19 14:15:00,102059.14262004392
2022-04-19 14:30:00,101970.90303939812
2022-04-19 14:45:00,101468.41119927749
2022-04-19 15:00:00,100454.24823380128
2022-04-19 15:15:00,100352.01912635141
2022-04-20 09:15:00,100352.01912635141
2022-04-20 09:30:00,100352.01912635141
2022-04-20 09:45:00,100352.01912635141
2022-04-20 10:00:00,100352.01912635141
2022-04-20 10:15:00,100352.01912635141
2022-04-20 10:30:00,100352.01912635141
2022-04-20 10:45:00,100352.01912635141
2022-04-20 11:00:00,100352.01912635141
2022-04-20 11:15:00,100352.01912635141
2022-04-20 11:30:00,100352.01912635141
2022-04-20 11:45:00,100352.01912635141
2022-04-20 12:00:00,100352.01912635141
2022-04-20 12:15:00,100352.01912635141
2022-04-20 12:30:00,100352.01912635141
2022-04-20 12:45:00,100352.01912635141
2022-04-20 13:00:00,100001.62220423907
2022-04-20 13:15:00,100078.64887213675
2022-04-20 13:30:00,99989.07619393755
2022-04-20 13:45:00,99687.38841133834
2022-04-20 14:00:00,99773.75164504179
2022-04-20 14:15:00,99732.0288665972
2022-04-20 14:30:00,99979.15609276888
2022-04-20 14:45:00,99795.63422114907
2022-04-20 15:00:00,99943.56043563435
2022-04-20 15:15:00,100073.9805892338
2022-04-21 09:15:00,100535.55706125699
2022-04-21 09:30:00,100663.643073405
2022-04-21 09:45:00,100643.51110338628
2022-04-21 10:00:00,100732.5002462226
2022-04-21 10:15:00,100652.55590151061
2022-04-21 10:30:00,100741.25327666552
2022-04-21 10:45:00,100858.25211691918
2022-04-21 11:00:00,101176.57065735993
2022-04-21 11:15:00,101206.91449622872
2022-04-21 11:30:00,101117.92535339239
2022-04-21 11:45:00,101191.15904143147
2022-04-21 12:00:00,101201.95444564441
2022-04-21 12:15:00,101171.61060677563
2022-04-21 12:30:00,101303.48959878225
2022-04-21 12:45:00,101284.81646717069
2022-04-21 13:00:00,101288.31767934788
2022-04-21 13:15:00,101386.64338798999
2022-04-21 13:30:00,101450.83227790472
2022-04-21 13:45:00,101299.40485124225
2022-04-21 14:00:00,101428.94970179742
2022-04-21 14:15:00,101565.78874438837
2022-04-21 14:30:00,101508.8940465094
2022-04-21 14:45:00,101555.57687553829
2022-04-21 15:00:00,101468.04657110912
2022-04-21 15:15:00,101535.73667320101
2022-04-22 09:15:00,100639.13458816489
2022-04-22 09:30:00,100538.20397766298
2022-04-22 09:45:00,100538.20397766298
2022-04-22 10:00:00,100538.20397766298
2022-04-22 10:15:00,100538.20397766298
2022-04-22 10:30:00,100538.20397766298
2022-04-22 10:45:00,100538.20397766298
2022-04-22 11:00:00,100538.20397766298
2022-04-22 11:15:00,100538.20397766298
2022-04-22 11:30:00,100538.20397766298
2022-04-22 11:45:00,100538.20397766298
2022-04-22 12:00:00,100538.20397766298
2022-04-22 12:15:00,100538.20397766298
2022-04-22 12:30:00,100538.20397766298
2022-04-22 12:45:00,100288.51629413383
2022-04-22 13:00:00,100292.86890540479
2022-04-22 13:15:00,100274.0075898973
2022-04-22 13:30:00,100291.70820906585
2022-04-22 13:45:00,100216.8432952054
2022-04-22 14:00:00,99925.50851413597
2022-04-22 14:15:00,99910.99980989945
2022-04-22 14:30:00,99718.03404355366
2022-04-22 14:45:00,99615.41717040366
2022-04-22 15:00:00,99615.41717040366
2022-04-22 15:15:00,99615.41717040366
2022-04-25 09:15:00,99615.41717040366
2022-04-25 09:30:00,99615.41717040366
2022-04-25 09:45:00,99615.41717040366
2022-04-25 10:00:00,99615.41717040366
2022-04-25 10:15:00,99615.41717040366
2022-04-25 10:30:00,99615.41717040366
2022-04-25 10:45:00,99615.41717040366
2022-04-25 11:00:00,99615.41717040366
2022-04-25 11:15:00,99615.41717040366
2022-04-25 11:30:00,99615.41717040366
2022-04-25 11:45:00,99615.41717040366
2022-04-25 12:00:00,99615.41717040366
2022-04-25 12:15:00,99615.41717040366
2022-04-25 12:30:00,99615.41717040366
2022-04-25 12:45:00,99615.41717040366
2022-04-25 13:00:00,99615.41717040366
2022-04-25 13:15:00,99615.41717040366
2022-04-25 13:30:00,99615.41717040366
2022-04-25 13:45:00,99615.41717040366
2022-04-25 14:00:00,99615.41717040366
2022-04-25 14:15:00,99615.41717040366
2022-04-25 14:30:00,99615.41717040366
2022-04-25 14:45:00,99615.41717040366
2022-04-25 15:00:00,99615.41717040366
2022-04-25 15:15:00,99615.41717040366
2022-04-26 09:15:00,99615.41717040366
2022-04-26 09:30:00,99611.21284789284
2022-04-26 09:45:00,99537.84200610295
2022-04-26 10:00:00,99462.73114434966
2022-04-26 10:15:00,99431.41078500854
2022-04-26 10:30:00,99397.19039239507
2022-04-26 10:45:00,99418.6506386103
2022-04-26 11:00:00,99371.09009294413
2022-04-26 11:15:00,99556.98222570033
2022-04-26 11:30:00,99591.78262496825
2022-04-26 11:45:00,99619.62294438259
2022-04-26 12:00:00,99436.92084822594
2022-04-26 12:15:00,99476.36130072961
2022-04-26 12:30:00,99427.6407417545
2022-04-26 12:45:00,99070.64664593096
2022-04-26 13:00:00,99089.20685887385
2022-04-26 13:15:00,99328.16960051363
2022-04-26 13:30:00,99395.74037575888
2022-04-26 13:45:00,99409.08052881158
2022-04-26 14:00:00,99419.52064859195
2022-04-26 14:15:00,99356.87992990967
2022-04-26 14:30:00,99403.57046559414
2022-04-26 14:45:00,99299.4592711176
2022-04-26 15:00:00,99827.55533000846
2022-04-26 15:15:00,99769.5546645619
2022-04-27 09:15:00,99105.15704187163
2022-04-27 09:30:00,99003.65587734016
2022-04-27 09:45:00,99090.94687883722
2022-04-27 10:00:00,99036.71625664468
2022-04-27 10:15:00,98864.74428359566
2022-04-27 10:30:00,98766.74867928377
2022-04-27 10:45:00,98766.74867928377
2022-04-27 11:00:00,98766.74867928377
2022-04-27 11:15:00,98766.74867928377
2022-04-27 11:30:00,98766.74867928377
2022-04-27 11:45:00,98766.74867928377
2022-04-27 12:00:00,98766.74867928377
2022-04-27 12:15:00,98766.74867928377
2022-04-27 12:30:00,98766.74867928377
2022-04-27 12:45:00,98766.74867928377
2022-04-27 13:00:00,98766.74867928377
2022-04-27 13:15:00,98766.74867928377
2022-04-27 13:30:00,98766.74867928377
2022-04-27 13:45:00,98766.74867928377
2022-04-27 14:00:00,98766.74867928377
2022-04-27 14:15:00,98766.74867928377
2022-04-27 14:30:00,98766.74867928377
2022-04-27 14:45:00,98766.74867928377
2022-04-27 15:00:00,98766.74867928377
2022-04-27 15:15:00,98766.74867928377
2022-04-28 09:15:00,98766.74867928377
2022-04-28 09:30:00,98576.95183463741
2022-04-28 09:45:00,98557.36307980905
2022-04-28 10:00:00,98551.60168133012
2022-04-28 10:15:00,98526.82766787073
2022-04-28 10:30:00,98417.93723661895
2022-04-28 10:45:00,98574.07113539796
2022-04-28 11:00:00,98526.25152802283
2022-04-28 11:15:00,98730.49310410088
2022-04-28 11:30:00,98775.1439423126
2022-04-28 11:45:00,98895.55717052222
2022-04-28 12:00:00,98930.7017012437
2022-04-28 12:15:00,99009.05672055716
2022-04-28 12:30:00,99116.50680218918
2022-04-28 12:45:00,99219.05969511412
2022-04-28 13:00:00,99390.17322993833
2022-04-28 13:15:00,99278.11402952315
2022-04-28 13:30:00,99491.57384316751
2022-04-28 13:45:00,99584.90849852616
2022-04-28 14:00:00,99658.65439905647
2022-04-28 14:15:00,99673.92210502562
2022-04-28 14:30:00,99708.20242597527
2022-04-28 14:45:00,99627.54284727025
2022-04-28 15:00:00,99239.22458979038
2022-04-28 15:15:00,99276.67367990341
2022-04-29 09:15:00,99815.6525076073
2022-04-29 09:30:00,99676.51473434114
2022-04-29 09:45:00,99493.59033263513
2022-04-29 10:00:00,99516.05978670297
2022-04-29 10:15:00,99652.02879080569
2022-04-29 10:30:00,99744.4992363925
2022-04-29 10:45:00,99735.28099882622
2022-04-29 11:00:00,99860.01527589503
2022-04-29 11:15:00,99872.11421270079
2022-04-29 11:30:00,99909.56330281383
2022-04-29 11:45:00,99928.5759177943
2022-04-29 12:00:00,99945.57204330714
2022-04-29 12:15:00,99937.21801551268
2022-04-29 12:30:00,99950.75730193815
2022-04-29 12:45:00,100029.40039117556
2022-04-29 13:00:00,100074.05122938726
2022-04-29 13:15:00,100048.41300615603
2022-04-29 13:30:00,100017.8775942177
2022-04-29 13:45:00,99905.81839380252
2022-04-29 14:00:00,99639.35371415202
2022-04-29 14:15:00,99351.5718601295
2022-04-29 14:30:00,99239.27010483835
2022-04-29 14:45:00,99239.27010483835
2022-04-29 15:00:00,99239.27010483835
2022-04-29 15:15:00,99239.27010483835
2022-05-02 09:15:00,99239.27010483835
2022-05-02 09:30:00,99239.27010483835
2022-05-02 09:45:00,99239.27010483835
2022-05-02 10:00:00,99239.27010483835
2022-05-02 10:15:00,99239.27010483835
2022-05-02 10:30:00,99239.27010483835
2022-05-02 10:45:00,99239.27010483835
2022-05-02 11:00:00,99239.27010483835
2022-05-02 11:15:00,99239.27010483835
2022-05-02 11:30:00,99239.27010483835
2022-05-02 11:45:00,99239.27010483835
2022-05-02 12:00:00,99239.27010483835
2022-05-02 12:15:00,99239.27010483835
2022-05-02 12:30:00,99239.27010483835
2022-05-02 12:45:00,99239.27010483835
2022-05-02 13:00:00,99239.27010483835
2022-05-02 13:15:00,99239.27010483835
2022-05-02 13:30:00,99239.27010483835
2022-05-02 13:45:00,99239.27010483835
2022-05-02 14:00:00,99239.27010483835
2022-05-02 14:15:00,99239.27010483835
2022-05-02 14:30:00,99239.27010483835
2022-05-02 14:45:00,99239.27010483835
2022-05-02 15:00:00,99239.27010483835
2022-05-02 15:15:00,99239.27010483835
2022-05-04 09:15:00,99239.27010483835
2022-05-04 09:30:00,99239.27010483835
2022-05-04 09:45:00,99239.27010483835
2022-05-04 10:00:00,99239.27010483835
2022-05-04 10:15:00,99239.27010483835
2022-05-04 10:30:00,99239.27010483835
2022-05-04 10:45:00,99239.27010483835
2022-05-04 11:00:00,99239.27010483835
2022-05-04 11:15:00,99239.27010483835
2022-05-04 11:30:00,99239.27010483835
2022-05-04 11:45:00,99239.27010483835
2022-05-04 12:00:00,99239.27010483835
2022-05-04 12:15:00,99239.27010483835
2022-05-04 12:30:00,99239.27010483835
2022-05-04 12:45:00,99239.27010483835
2022-05-04 13:00:00,99239.27010483835
2022-05-04 13:15:00,99239.27010483835
2022-05-04 13:30:00,99239.27010483835
2022-05-04 13:45:00,99239.27010483835
2022-05-04 14:00:00,99239.27010483835
2022-05-04 14:15:00,99239.27010483835
2022-05-04 14:30:00,99239.27010483835
2022-05-04 14:45:00,99239.27010483835
2022-05-04 15:00:00,99239.27010483835
2022-05-04 15:15:00,99239.27010483835
2022-05-05 09:15:00,99239.27010483835
2022-05-05 09:30:00,99239.27010483835
2022-05-05 09:45:00,99239.27010483835
2022-05-05 10:00:00,99239.27010483835
2022-05-05 10:15:00,99196.86609570106
2022-05-05 10:30:00,98961.32202447475
2022-05-05 10:45:00,98996.18489073835
2022-05-05 11:00:00,99141.78862630986
2022-05-05 11:15:00,98959.56423289844
2022-05-05 11:30:00,98790.81624157213
2022-05-05 11:45:00,98657.51704703485
2022-05-05 12:00:00,98692.37991329846
2022-05-05 12:15:00,98786.71472789407
2022-05-05 12:30:00,98865.52238356556
2022-05-05 12:45:00,98823.62835099669
2022-05-05 13:00:00,98511.91331146339
2022-05-05 13:15:00,98639.06023548356
2022-05-05 13:30:00,98189.94448773489
2022-05-05 13:45:00,98096.144627709
2022-05-05 14:00:00,98096.144627709
2022-05-05 14:15:00,98096.144627709
2022-05-05 14:30:00,98096.144627709
2022-05-05 14:45:00,98096.144627709
2022-05-05 15:00:00,98096.144627709
2022-05-05 15:15:00,98096.144627709
2022-05-06 09:15:00,98096.144627709
2022-05-06 09:30:00,98096.144627709
2022-05-06 09:45:00,98096.144627709
2022-05-06 10:00:00,98096.144627709
2022-05-06 10:15:00,98096.144627709
2022-05-06 10:30:00,98096.144627709
2022-05-06 10:45:00,98096.144627709
2022-05-06 11:00:00,98096.144627709
2022-05-06 11:15:00,98096.144627709
2022-05-06 11:30:00,98096.144627709
2022-05-06 11:45:00,98096.144627709
2022-05-06 12:00:00,98096.144627709
2022-05-06 12:15:00,98096.144627709
2022-05-06 12:30:00,98096.144627709
2022-05-06 12:45:00,98096.144627709
2022-05-06 13:00:00,98096.144627709
2022-05-06 13:15:00,98096.144627709
2022-05-06 13:30:00,98096.144627709
2022-05-06 13:45:00,98096.144627709
2022-05-06 14:00:00,98096.144627709
2022-05-06 14:15:00,98096.144627709
2022-05-06 14:30:00,98096.144627709
2022-05-06 14:45:00,98096.144627709
2022-05-06 15:00:00,98096.144627709
2022-05-06 15:15:00,98096.144627709
2022-05-09 09:15:00,98096.144627709
2022-05-09 09:30:00,98096.144627709
2022-05-09 09:45:00,98096.144627709
2022-05-09 10:00:00,98096.144627709
2022-05-09 10:15:00,98096.144627709
2022-05-09 10:30:00,98096.144627709
2022-05-09 10:45:00,98096.144627709
2022-05-09 11:00:00,98096.144627709
2022-05-09 11:15:00,98096.144627709
2022-05-09 11:30:00,98096.144627709
2022-05-09 11:45:00,98096.144627709
2022-05-09 12:00:00,98096.144627709
2022-05-09 12:15:00,98096.144627709
2022-05-09 12:30:00,98296.11632228873
2022-05-09 12:45:00,97957.26656544326
2022-05-09 13:00:00,97984.25459917431
2022-05-09 13:15:00,97913.1861103492
2022-05-09 13:30:00,97906.28916839571
2022-05-09 13:45:00,97803.13490613479
2022-05-09 14:00:00,97462.18607999913
2022-05-09 14:15:00,97500.86892834699
2022-05-09 14:30:00,98019.33904302468
2022-05-09 14:45:00,97929.37893058783
2022-05-09 15:00:00,97795.6382300984
2022-05-09 15:15:00,97807.03317767371
2022-05-10 09:15:00,97839.41881815097
2022-05-10 09:30:00,97753.35697725306
2022-05-10 09:45:00,97631.61095842185
2022-05-10 10:00:00,97585.13156699615
2022-05-10 10:15:00,97806.43344359081
2022-05-10 10:30:00,97899.6920934837
2022-05-10 10:45:00,97852.91283501653
2022-05-10 11:00:00,97876.90219833303
2022-05-10 11:15:00,97722.4706719831
2022-05-10 11:30:00,97831.62227507315
2022-05-10 11:45:00,98085.90952622797
2022-05-10 12:00:00,98275.12562938682
2022-05-10 12:15:00,98213.05315180539
2022-05-10 12:30:00,98229.84570612693
2022-05-10 12:45:00,98299.41485974475
2022-05-10 13:00:00,98177.66884091355
2022-05-10 13:15:00,97895.79382194475
2022-05-10 13:30:00,97896.39355602766
2022-05-10 13:45:00,97927.27986129766
2022-05-10 14:00:00,98167.1734944626
2022-05-10 14:15:00,98020.53851119053
2022-05-10 14:30:00,98077.21338202576
2022-05-10 14:45:00,97626.81308575861
2022-05-10 15:00:00,97393.81639454716
2022-05-10 15:15:00,97297.92041402469
2022-05-11 09:15:00,97297.92041402469
2022-05-11 09:30:00,97297.92041402469
2022-05-11 09:45:00,97297.92041402469
2022-05-11 10:00:00,97297.92041402469
2022-05-11 10:15:00,97297.92041402469
2022-05-11 10:30:00,97297.92041402469
2022-05-11 10:45:00,97297.92041402469
2022-05-11 11:00:00,97297.92041402469
2022-05-11 11:15:00,97297.92041402469
2022-05-11 11:30:00,97297.92041402469
2022-05-11 11:45:00,97297.92041402469
2022-05-11 12:00:00,97297.92041402469
2022-05-11 12:15:00,97297.92041402469
2022-05-11 12:30:00,97297.92041402469
2022-05-11 12:45:00,97297.92041402469
2022-05-11 13:00:00,97297.92041402469
2022-05-11 13:15:00,97297.92041402469
2022-05-11 13:30:00,97297.92041402469
2022-05-11 13:45:00,97297.92041402469
2022-05-11 14:00:00,97297.92041402469
2022-05-11 14:15:00,97297.92041402469
2022-05-11 14:30:00,97382.29074591874
2022-05-11 14:45:00,97261.87922662032
2022-05-11 15:00:00,97013.24895734579
2022-05-11 15:15:00,97303.61788293575
2022-05-12 09:15:00,95536.18096874494
2022-05-12 09:30:00,95340.09936749339
2022-05-12 09:45:00,95243.55935682636
2022-05-12 10:00:00,95243.55935682636
2022-05-12 10:15:00,95243.55935682636
2022-05-12 10:30:00,95243.55935682636
2022-05-12 10:45:00,95243.55935682636
2022-05-12 11:00:00,95243.55935682636
2022-05-12 11:15:00,95243.55935682636
2022-05-12 11:30:00,95243.55935682636
2022-05-12 11:45:00,95243.55935682636
2022-05-12 12:00:00,95243.55935682636
2022-05-12 12:15:00,95243.55935682636
2022-05-12 12:30:00,95243.55935682636
2022-05-12 12:45:00,95243.55935682636
2022-05-12 13:00:00,95243.55935682636
2022-05-12 13:15:00,95243.55935682636
2022-05-12 13:30:00,95243.55935682636
2022-05-12 13:45:00,95243.55935682636
2022-05-12 14:00:00,95243.55935682636
2022-05-12 14:15:00,95243.55935682636
2022-05-12 14:30:00,95243.55935682636
2022-05-12 14:45:00,95243.55935682636
2022-05-12 15:00:00,95243.55935682636
2022-05-12 15:15:00,95243.55935682636
2022-05-13 09:15:00,95243.55935682636
2022-05-13 09:30:00,95243.55935682636
2022-05-13 09:45:00,95243.55935682636
2022-05-13 10:00:00,95243.55935682636
2022-05-13 10:15:00,95243.55935682636
2022-05-13 10:30:00,95258.10415162303
2022-05-13 10:45:00,95358.94236820968
2022-05-13 11:00:00,95480.06756328119
2022-05-13 11:15:00,95372.96425039774
2022-05-13 11:30:00,95537.05010579021
2022-05-13 11:45:00,95650.12017705158
2022-05-13 12:00:00,95629.2365227289
2022-05-13 12:15:00,95614.02128886525
2022-05-13 12:30:00,95667.72211426642
2022-05-13 12:45:00,95704.11934037165
2022-05-13 13:00:00,95923.69604867866
2022-05-13 13:15:00,95676.07557599548
2022-05-13 13:30:00,95715.45618128967
2022-05-13 13:45:00,95605.36948921726
2022-05-13 14:00:00,95085.9631724204
2022-05-13 14:15:00,94646.51141788748
2022-05-13 14:30:00,94582.56298331017
2022-05-13 14:45:00,94582.56298331017
2022-05-13 15:00:00,94582.56298331017
2022-05-13 15:15:00,94582.56298331017
2022-05-16 09:15:00,94582.56298331017
2022-05-16 09:30:00,94582.56298331017
2022-05-16 09:45:00,94582.56298331017
2022-05-16 10:00:00,94582.56298331017
2022-05-16 10:15:00,94582.56298331017
2022-05-16 10:30:00,94582.56298331017
2022-05-16 10:45:00,94582.56298331017
2022-05-16 11:00:00,94582.56298331017
2022-05-16 11:15:00,94582.56298331017
2022-05-16 11:30:00,94582.56298331017
2022-05-16 11:45:00,94582.56298331017
2022-05-16 12:00:00,94582.56298331017
2022-05-16 12:15:00,94582.56298331017
2022-05-16 12:30:00,94582.56298331017
2022-05-16 12:45:00,94582.56298331017
2022-05-16 13:00:00,94582.56298331017
2022-05-16 13:15:00,94582.56298331017
2022-05-16 13:30:00,94582.56298331017
2022-05-16 13:45:00,94582.56298331017
2022-05-16 14:00:00,94582.56298331017
2022-05-16 14:15:00,94582.56298331017
2022-05-16 14:30:00,94582.56298331017
2022-05-16 14:45:00,94582.56298331017
2022-05-16 15:00:00,94582.56298331017
2022-05-16 15:15:00,94582.56298331017
2022-05-17 09:15:00,94582.56298331017
2022-05-17 09:30:00,94582.56298331017
2022-05-17 09:45:00,94582.56298331017
2022-05-17 10:00:00,94582.56298331017
2022-05-17 10:15:00,94746.25329963957
2022-05-17 10:30:00,94985.90925515746
2022-05-17 10:45:00,95140.75478005433
2022-05-17 11:00:00,95021.96107583954
2022-05-17 11:15:00,95290.57669059385
2022-05-17 11:30:00,95410.84792844315
2022-05-17 11:45:00,95247.1372017392
2022-05-17 12:00:00,95181.53470836686
2022-05-17 12:15:00,95331.0611121795
2022-05-17 12:30:00,95379.52421539149
2022-05-17 12:45:00,95441.2851213141
2022-05-17 13:00:00,95580.76429641206
2022-05-17 13:15:00,95406.71083426653
2022-05-17 13:30:00,95518.70788376257
2022-05-17 13:45:00,95627.15885253577
2022-05-17 14:00:00,95842.28774972074
2022-05-17 14:15:00,95866.81480805363
2022-05-17 14:30:00,95948.07915795181
2022-05-17 14:45:00,96033.18509529972
2022-05-17 15:00:00,96029.0480011231
2022-05-17 15:15:00,96232.35662923196
2022-05-18 09:15:00,96737.96863896202
2022-05-18 09:30:00,96840.80497992407
2022-05-18 09:45:00,96815.98241486427
2022-05-18 10:00:00,96572.48487189665
2022-05-18 10:15:00,96517.8161274197
2022-05-18 10:30:00,96736.4911053275
2022-05-18 10:45:00,96542.0476790257
2022-05-18 11:00:00,96528.45436958819
2022-05-18 11:15:00,96624.78956255838
2022-05-18 11:30:00,96634.83679127306
2022-05-18 11:45:00,96640.4514190842
2022-05-18 12:00:00,96530.52291667649
2022-05-18 12:15:00,96019.59178586218
2022-05-18 12:30:00,95945.41959740967
2022-05-18 12:45:00,95846.22685439033
2022-05-18 13:00:00,95846.22685439033
2022-05-18 13:15:00,95846.22685439033
2022-05-18 13:30:00,95846.22685439033
2022-05-18 13:45:00,95846.22685439033
2022-05-18 14:00:00,95846.22685439033
2022-05-18 14:15:00,95846.22685439033
2022-05-18 14:30:00,95846.22685439033
2022-05-18 14:45:00,95846.22685439033
2022-05-18 15:00:00,95846.22685439033
2022-05-18 15:15:00,95846.22685439033
2022-05-19 09:15:00,95846.22685439033
2022-05-19 09:30:00,95846.22685439033
2022-05-19 09:45:00,95846.22685439033
2022-05-19 10:00:00,95846.22685439033
2022-05-19 10:15:00,95846.22685439033
2022-05-19 10:30:00,95846.22685439033
2022-05-19 10:45:00,95846.22685439033
2022-05-19 11:00:00,95846.22685439033
2022-05-19 11:15:00,95846.22685439033
2022-05-19 11:30:00,95846.22685439033
2022-05-19 11:45:00,95846.22685439033
2022-05-19 12:00:00,95846.22685439033
2022-05-19 12:15:00,95846.22685439033
2022-05-19 12:30:00,95846.22685439033
2022-05-19 12:45:00,95846.22685439033
2022-05-19 13:00:00,95846.22685439033
2022-05-19 13:15:00,95846.22685439033
2022-05-19 13:30:00,95846.22685439033
2022-05-19 13:45:00,95846.22685439033
2022-05-19 14:00:00,95846.22685439033
2022-05-19 14:15:00,95846.22685439033
2022-05-19 14:30:00,95846.22685439033
2022-05-19 14:45:00,95846.22685439033
2022-05-19 15:00:00,95846.22685439033
2022-05-19 15:15:00,95846.22685439033
2022-05-20 09:15:00,95846.22685439033
2022-05-20 09:30:00,95770.5853296882
2022-05-20 09:45:00,96075.7357577819
2022-05-20 10:00:00,96032.05794577628
2022-05-20 10:15:00,96034.13784158607
2022-05-20 10:30:00,96094.45482007001
2022-05-20 10:45:00,96117.03654600489
2022-05-20 11:00:00,96149.12636707023
2022-05-20 11:15:00,96143.77806355934
2022-05-20 11:30:00,96210.33472947266
2022-05-20 11:45:00,96103.66578722764
2022-05-20 12:00:00,95971.14671134664
2022-05-20 12:15:00,95917.96080421054
2022-05-20 12:30:00,96123.8704893799
2022-05-20 12:45:00,96121.7905935701
2022-05-20 13:00:00,96310.46685631547
2022-05-20 13:15:00,96299.17599334804
2022-05-20 13:30:00,96239.75039878256
2022-05-20 13:45:00,96271.24596390226
2022-05-20 14:00:00,96376.42926628316
2022-05-20 14:15:00,96199.9352504237
2022-05-20 14:30:00,96408.81621532135
2022-05-20 14:45:00,96557.38020173502
2022-05-20 15:00:00,96741.59954488798
2022-05-20 15:15:00,96737.14262529557
2022-05-23 09:15:00,96713.6695154422
2022-05-23 09:30:00,96703.56716436608
2022-05-23 09:45:00,96932.05857547032
2022-05-23 10:00:00,97066.95467513395
2022-05-23 10:15:00,97047.34422892734
2022-05-23 10:30:00,97048.2356128458
2022-05-23 10:45:00,97128.46016550918
2022-05-23 11:00:00,97087.75363323184
2022-05-23 11:15:00,97285.64086313486
2022-05-23 11:30:00,97254.44242598799
2022-05-23 11:45:00,97253.55104206952
2022-05-23 12:00:00,97324.86175554807
2022-05-23 12:15:00,97370.61946336349
2022-05-23 12:30:00,97186.99437615617
2022-05-23 12:45:00,97209.27897411824
2022-05-23 13:00:00,97173.02936143329
2022-05-23 13:15:00,97355.16880877648
2022-05-23 13:30:00,97293.36619042838
2022-05-23 13:45:00,97077.94841012855
2022-05-23 14:00:00,96676.5285188388
2022-05-23 14:15:00,96678.01415870294
2022-05-23 14:30:00,96563.32276119158
2022-05-23 14:45:00,96475.96119462088
2022-05-23 15:00:00,96475.96119462088
2022-05-23 15:15:00,96475.96119462088
2022-05-24 09:15:00,96475.96119462088
2022-05-24 09:30:00,96475.96119462088
2022-05-24 09:45:00,96475.96119462088
2022-05-24 10:00:00,96475.96119462088
2022-05-24 10:15:00,96475.96119462088
2022-05-24 10:30:00,96475.96119462088
2022-05-24 10:45:00,96475.96119462088
2022-05-24 11:00:00,96475.96119462088
2022-05-24 11:15:00,96475.96119462088
2022-05-24 11:30:00,96475.96119462088
2022-05-24 11:45:00,96475.96119462088
2022-05-24 12:00:00,96475.96119462088
2022-05-24 12:15:00,96475.96119462088
2022-05-24 12:30:00,96475.96119462088
2022-05-24 12:45:00,96475.96119462088
2022-05-24 13:00:00,96475.96119462088
2022-05-24 13:15:00,96475.96119462088
2022-05-24 13:30:00,96475.96119462088
2022-05-24 13:45:00,96475.96119462088
2022-05-24 14:00:00,96475.96119462088
2022-05-24 14:15:00,96475.96119462088
2022-05-24 14:30:00,96475.96119462088
2022-05-24 14:45:00,96475.96119462088
2022-05-24 15:00:00,96475.96119462088
2022-05-24 15:15:00,96475.96119462088
2022-05-25 09:15:00,96475.96119462088
2022-05-25 09:30:00,96475.96119462088
2022-05-25 09:45:00,96475.96119462088
2022-05-25 10:00:00,96475.96119462088
2022-05-25 10:15:00,96475.96119462088
2022-05-25 10:30:00,96475.96119462088
2022-05-25 10:45:00,96475.96119462088
2022-05-25 11:00:00,96475.96119462088
2022-05-25 11:15:00,96475.96119462088
2022-05-25 11:30:00,96475.96119462088
2022-05-25 11:45:00,96475.96119462088
2022-05-25 12:00:00,96475.96119462088
2022-05-25 12:15:00,96475.96119462088
2022-05-25 12:30:00,96475.96119462088
2022-05-25 12:45:00,96475.96119462088
2022-05-25 13:00:00,96475.96119462088
2022-05-25 13:15:00,96475.96119462088
2022-05-25 13:30:00,96475.96119462088
2022-05-25 13:45:00,96475.96119462088
2022-05-25 14:00:00,96475.96119462088
2022-05-25 14:15:00,96475.96119462088
2022-05-25 14:30:00,96475.96119462088
2022-05-25 14:45:00,96475.96119462088
2022-05-25 15:00:00,96475.96119462088
2022-05-25 15:15:00,96475.96119462088
2022-05-26 09:15:00,96475.96119462088
2022-05-26 09:30:00,96475.96119462088
2022-05-26 09:45:00,96475.96119462088
2022-05-26 10:00:00,96475.96119462088
2022-05-26 10:15:00,96475.96119462088
2022-05-26 10:30:00,96475.96119462088
2022-05-26 10:45:00,96475.96119462088
2022-05-26 11:00:00,96475.96119462088
2022-05-26 11:15:00,96475.96119462088
2022-05-26 11:30:00,96475.96119462088
2022-05-26 11:45:00,96475.96119462088
2022-05-26 12:00:00,96475.96119462088
2022-05-26 12:15:00,96475.96119462088
2022-05-26 12:30:00,96475.96119462088
2022-05-26 12:45:00,96475.96119462088
2022-05-26 13:00:00,96475.96119462088
2022-05-26 13:15:00,96577.38541713773
2022-05-26 13:30:00,96658.8208936423
2022-05-26 13:45:00,96351.0426956765
2022-05-26 14:00:00,96301.04370826377
2022-05-26 14:15:00,96617.20496998738
2022-05-26 14:30:00,96667.80274766852
2022-05-26 14:45:00,96898.93579127708
2022-05-26 15:00:00,96837.85918389865
2022-05-26 15:15:00,97013.30473254451
2022-05-27 09:15:00,97694.72805800186
2022-05-27 09:30:00,97718.38027360427
2022-05-27 09:45:00,97673.17160833887
2022-05-27 10:00:00,97484.25327865365
2022-05-27 10:15:00,97386.65046490185
2022-05-27 10:30:00,97493.53452781409
2022-05-27 10:45:00,97277.67063605014
2022-05-27 11:00:00,97323.17869644974
2022-05-27 11:15:00,97440.84098419348
2022-05-27 11:30:00,97346.83091205216
2022-05-27 11:45:00,97321.38232564447
2022-05-27 12:00:00,97228.56983404
2022-05-27 12:15:00,97130.74307272781
2022-05-27 12:30:00,97130.74307272781
2022-05-27 12:45:00,97130.74307272781
2022-05-27 13:00:00,97130.74307272781
2022-05-27 13:15:00,97216.47526009515
2022-05-27 13:30:00,97219.7459791762
2022-05-27 13:45:00,97281.88964171597
2022-05-27 14:00:00,97170.38785486227
2022-05-27 14:15:00,97162.95440240536
2022-05-27 14:30:00,96986.63291012739
2022-05-27 14:45:00,97159.38634522606
2022-05-27 15:00:00,97206.06842665546
2022-05-27 15:15:00,97265.83338440904
2022-05-30 09:15:00,98674.32395594487
2022-05-30 09:30:00,98695.73229902076
2022-05-30 09:45:00,98769.76948549162
2022-05-30 10:00:00,98883.05530093495
2022-05-30 10:15:00,98904.46364401087
2022-05-30 10:30:00,98937.46817291957
2022-05-30 10:45:00,99024.88557381288
2022-05-30 11:00:00,99233.31958070472
2022-05-30 11:15:00,99221.72339487194
2022-05-30 11:30:00,99273.16288587377
2022-05-30 11:45:00,99161.66109902009
2022-05-30 12:00:00,99112.30297470617
2022-05-30 12:15:00,99027.85895479565
2022-05-30 12:30:00,99101.00412697167
2022-05-30 12:45:00,99023.99355951806
2022-05-30 13:00:00,99133.11664158553
2022-05-30 13:15:00,99077.21707910956
2022-05-30 13:30:00,99077.51441720783
2022-05-30 13:45:00,99083.46117917335
2022-05-30 14:00:00,98881.27127234532
2022-05-30 14:15:00,98995.74644018176
2022-05-30 14:30:00,98891.08342958843
2022-05-30 14:45:00,99089.40794113887
2022-05-30 15:00:00,99077.5144172078
2022-05-30 15:15:00,99121.817793851
2022-05-31 09:15:00,98382.3379434373
2022-05-31 09:30:00,98285.14376853459
2022-05-31 09:45:00,98285.14376853459
2022-05-31 10:00:00,98285.14376853459
2022-05-31 10:15:00,98285.14376853459
2022-05-31 10:30:00,98285.14376853459
2022-05-31 10:45:00,98285.14376853459
2022-05-31 11:00:00,98150.30807623189
2022-05-31 11:15:00,98096.3665408952
2022-05-31 11:30:00,98036.82451828309
2022-05-31 11:45:00,98195.11197443506
2022-05-31 12:00:00,98206.01818649766
2022-05-31 12:15:00,98213.09248621397
2022-05-31 12:30:00,98068.06934203004
2022-05-31 12:45:00,98052.44693015658
2022-05-31 13:00:00,97975.80868323012
2022-05-31 13:15:00,97986.12537031638
2022-05-31 13:30:00,98188.9219621833
2022-05-31 13:45:00,98338.95606866627
2022-05-31 14:00:00,98282.0669084478
2022-05-31 14:15:00,98306.8269574548
2022-05-31 14:30:00,98170.94145040443
2022-05-31 14:45:00,98080.74412902174
2022-05-31 15:00:00,97606.4712855422
2022-05-31 15:15:00,97732.92439297086
2022-06-01 09:15:00,97980.52488304098
2022-06-01 09:30:00,97698.73194434214
2022-06-01 09:45:00,97577.5845617007
2022-06-01 10:00:00,97485.01292847571
2022-06-01 10:15:00,97485.01292847571
2022-06-01 10:30:00,97485.01292847571
2022-06-01 10:45:00,97485.01292847571
2022-06-01 11:00:00,97485.01292847571
2022-06-01 11:15:00,97485.01292847571
2022-06-01 11:30:00,97485.01292847571
2022-06-01 11:45:00,97485.01292847571
2022-06-01 12:00:00,97485.01292847571
2022-06-01 12:15:00,97485.01292847571
2022-06-01 12:30:00,97485.01292847571
2022-06-01 12:45:00,97485.01292847571
2022-06-01 13:00:00,97485.01292847571
2022-06-01 13:15:00,97485.01292847571
2022-06-01 13:30:00,97485.01292847571
2022-06-01 13:45:00,97485.01292847571
2022-06-01 14:00:00,97485.01292847571
2022-06-01 14:15:00,97485.01292847571
2022-06-01 14:30:00,97485.01292847571
2022-06-01 14:45:00,97485.01292847571
2022-06-01 15:00:00,97485.01292847571
2022-06-01 15:15:00,97485.01292847571
2022-06-02 09:15:00,97485.01292847571
2022-06-02 09:30:00,97485.01292847571
2022-06-02 09:45:00,97485.01292847571
2022-06-02 10:00:00,97485.01292847571
2022-06-02 10:15:00,97445.83251553778
2022-06-02 10:30:00,97475.86821856325
2022-06-02 10:45:00,97273.56892465659
2022-06-02 11:00:00,97277.39700445396
2022-06-02 11:15:00,97379.28282059908
2022-06-02 11:30:00,97449.36612765845
2022-06-02 11:45:00,97482.6409751278
2022-06-02 12:00:00,97469.09546199867
2022-06-02 12:15:00,97618.39057409573
2022-06-02 12:30:00,97625.75226601372
2022-06-02 12:45:00,97685.23473671114
2022-06-02 13:00:00,97612.79568823801
2022-06-02 13:15:00,97593.94975692793
2022-06-02 13:30:00,97789.77076194674
2022-06-02 13:45:00,97823.92901244626
2022-06-02 14:00:00,97914.91952455274
2022-06-02 14:15:00,97829.81836598065
2022-06-02 14:30:00,97873.98851748864
2022-06-02 14:45:00,97955.85053161682
2022-06-02 15:00:00,97949.6667104057
2022-06-02 15:15:00,97983.5304932285
2022-06-03 09:15:00,98825.41358097098
2022-06-03 09:30:00,98730.59498906715
2022-06-03 09:45:00,98780.36002643283
2022-06-03 10:00:00,98673.76272746017
2022-06-03 10:15:00,98555.97565677216
2022-06-03 10:30:00,98474.70257799745
2022-06-03 10:45:00,98592.78411636216
2022-06-03 11:00:00,98545.08035273354
2022-06-03 11:15:00,98577.47179717275
2022-06-03 11:30:00,98682.89122543852
2022-06-03 11:45:00,98676.11846887396
2022-06-03 12:00:00,98688.78057897292
2022-06-03 12:15:00,98573.93818505212
2022-06-03 12:30:00,98531.82930728115
2022-06-03 12:45:00,98404.32480326138
2022-06-03 13:00:00,98460.86259719163
2022-06-03 13:15:00,98309.21174368083
2022-06-03 13:30:00,98210.31418551905
2022-06-03 13:45:00,98210.31418551905
2022-06-03 14:00:00,98210.31418551905
2022-06-03 14:15:00,98210.31418551905
2022-06-03 14:30:00,98210.31418551905
2022-06-03 14:45:00,98210.31418551905
2022-06-03 15:00:00,98210.31418551905
2022-06-03 15:15:00,98210.31418551905
2022-06-06 09:15:00,98210.31418551905
2022-06-06 09:30:00,98210.31418551905
2022-06-06 09:45:00,98210.31418551905
2022-06-06 10:00:00,98210.31418551905
2022-06-06 10:15:00,98210.31418551905
2022-06-06 10:30:00,98210.31418551905
2022-06-06 10:45:00,98210.31418551905
2022-06-06 11:00:00,98210.31418551905
2022-06-06 11:15:00,98210.31418551905
2022-06-06 11:30:00,98210.31418551905
2022-06-06 11:45:00,98210.31418551905
2022-06-06 12:00:00,98210.31418551905
2022-06-06 12:15:00,98210.31418551905
2022-06-06 12:30:00,98210.31418551905
2022-06-06 12:45:00,98210.31418551905
2022-06-06 13:00:00,98050.23598701964
2022-06-06 13:15:00,98158.57878921524
2022-06-06 13:30:00,98223.11084079625
2022-06-06 13:45:00,98284.97872511014
2022-06-06 14:00:00,98310.73234202548
2022-06-06 14:15:00,98178.11601584069
2022-06-06 14:30:00,98198.54129822181
2022-06-06 14:45:00,98245.31223468877
2022-06-06 15:00:00,98119.8003545496
2022-06-06 15:15:00,98062.9647861847
2022-06-07 09:15:00,97301.60498496314
2022-06-07 09:30:00,97203.12048971157
2022-06-07 09:45:00,97203.12048971157
2022-06-07 10:00:00,97203.12048971157
2022-06-07 10:15:00,97203.12048971157
2022-06-07 10:30:00,97203.12048971157
2022-06-07 10:45:00,97203.12048971157
2022-06-07 11:00:00,97203.12048971157
2022-06-07 11:15:00,97203.12048971157
2022-06-07 11:30:00,97203.12048971157
2022-06-07 11:45:00,97203.12048971157
2022-06-07 12:00:00,97203.12048971157
2022-06-07 12:15:00,97203.12048971157
2022-06-07 12:30:00,97203.12048971157
2022-06-07 12:45:00,97203.12048971157
2022-06-07 13:00:00,97203.12048971157
2022-06-07 13:15:00,97203.12048971157
2022-06-07 13:30:00,97203.12048971157
2022-06-07 13:45:00,97203.12048971157
2022-06-07 14:00:00,97203.12048971157
2022-06-07 14:15:00,97203.12048971157
2022-06-07 14:30:00,97203.12048971157
2022-06-07 14:45:00,97203.12048971157
2022-06-07 15:00:00,97203.12048971157
2022-06-07 15:15:00,97203.12048971157
2022-06-08 09:15:00,97203.12048971157
2022-06-08 09:30:00,97203.12048971157
2022-06-08 09:45:00,97203.12048971157
2022-06-08 10:00:00,97203.12048971157
2022-06-08 10:15:00,97203.12048971157
2022-06-08 10:30:00,97203.12048971157
2022-06-08 10:45:00,97203.12048971157
2022-06-08 11:00:00,97203.12048971157
2022-06-08 11:15:00,97203.12048971157
2022-06-08 11:30:00,97203.12048971157
2022-06-08 11:45:00,97203.12048971157
2022-06-08 12:00:00,97168.42918742441
2022-06-08 12:15:00,97141.89115139503
2022-06-08 12:30:00,97104.4430338869
2022-06-08 12:45:00,96949.04808958157
2022-06-08 13:00:00,96723.47478333187
2022-06-08 13:15:00,96594.91274212289
2022-06-08 13:30:00,96500.08526258032
2022-06-08 13:45:00,96500.08526258032
2022-06-08 14:00:00,96500.08526258032
2022-06-08 14:15:00,96500.08526258032
2022-06-08 14:30:00,96500.08526258032
2022-06-08 14:45:00,96500.08526258032
2022-06-08 15:00:00,96500.08526258032
2022-06-08 15:15:00,96500.08526258032
2022-06-09 09:15:00,96500.08526258032
2022-06-09 09:30:00,96500.08526258032
2022-06-09 09:45:00,96500.08526258032
2022-06-09 10:00:00,96500.08526258032
2022-06-09 10:15:00,96500.08526258032
2022-06-09 10:30:00,96500.08526258032
2022-06-09 10:45:00,96500.08526258032
2022-06-09 11:00:00,96317.95404716647
2022-06-09 11:15:00,96215.25554399534
2022-06-09 11:30:00,96262.92648243008
2022-06-09 11:45:00,96203.77920696477
2022-06-09 12:00:00,96335.90421534251
2022-06-09 12:15:00,96388.57765966238
2022-06-09 12:30:00,96508.34353585333
2022-06-09 12:45:00,96358.26835929955
2022-06-09 13:00:00,96212.60715852676
2022-06-09 13:15:00,96335.60995029045
2022-06-09 13:30:00,96311.77448107308
2022-06-09 13:45:00,96369.15616622599
2022-06-09 14:00:00,96457.72994689793
2022-06-09 14:15:00,96600.154232098
2022-06-09 14:30:00,96807.90535885675
2022-06-09 14:45:00,96825.26699692865
2022-06-09 15:00:00,96975.34217348244
2022-06-09 15:15:00,97000.35470290807
2022-06-10 09:15:00,95725.89276240917
2022-06-10 09:30:00,95631.93069436883
2022-06-10 09:45:00,95631.93069436883
2022-06-10 10:00:00,95631.93069436883
2022-06-10 10:15:00,95631.93069436883
2022-06-10 10:30:00,95631.93069436883
2022-06-10 10:45:00,95631.93069436883
2022-06-10 11:00:00,95631.93069436883
2022-06-10 11:15:00,95631.93069436883
2022-06-10 11:30:00,95631.93069436883
2022-06-10 11:45:00,95631.93069436883
2022-06-10 12:00:00,95631.93069436883
2022-06-10 12:15:00,95631.93069436883
2022-06-10 12:30:00,95631.93069436883
2022-06-10 12:45:00,95631.93069436883
2022-06-10 13:00:00,95631.93069436883
2022-06-10 13:15:00,95631.93069436883
2022-06-10 13:30:00,95631.93069436883
2022-06-10 13:45:00,95631.93069436883
2022-06-10 14:00:00,95631.93069436883
2022-06-10 14:15:00,95631.93069436883
2022-06-10 14:30:00,95631.93069436883
2022-06-10 14:45:00,95631.93069436883
2022-06-10 15:00:00,95631.93069436883
2022-06-10 15:15:00,95631.93069436883
2022-06-13 09:15:00,95631.93069436883
2022-06-13 09:30:00,95631.93069436883
2022-06-13 09:45:00,95631.93069436883
2022-06-13 10:00:00,95631.93069436883
2022-06-13 10:15:00,95631.93069436883
2022-06-13 10:30:00,95631.93069436883
2022-06-13 10:45:00,95631.93069436883
2022-06-13 11:00:00,95631.93069436883
2022-06-13 11:15:00,95631.93069436883
2022-06-13 11:30:00,95631.93069436883
2022-06-13 11:45:00,95631.93069436883
2022-06-13 12:00:00,95631.93069436883
2022-06-13 12:15:00,95631.93069436883
2022-06-13 12:30:00,95631.93069436883
2022-06-13 12:45:00,95631.93069436883
2022-06-13 13:00:00,95631.93069436883
2022-06-13 13:15:00,95631.93069436883
2022-06-13 13:30:00,95631.93069436883
2022-06-13 13:45:00,95631.93069436883
2022-06-13 14:00:00,95631.93069436883
2022-06-13 14:15:00,95631.93069436883
2022-06-13 14:30:00,95631.93069436883
2022-06-13 14:45:00,95631.93069436883
2022-06-13 15:00:00,95631.93069436883
2022-06-13 15:15:00,95631.93069436883
2022-06-14 09:15:00,95502.47089579317
2022-06-14 09:30:00,95942.23317825001
2022-06-14 09:45:00,96058.04029351931
2022-06-14 10:00:00,96047.67860425837
2022-06-14 10:15:00,96210.4180767684
2022-06-14 10:30:00,96369.19572691394
2022-06-14 10:45:00,96385.04301637186
2022-06-14 11:00:00,96602.02897971854
2022-06-14 11:15:00,96510.60230976909
2022-06-14 11:30:00,96505.11670957213
2022-06-14 11:45:00,96401.49981696277
2022-06-14 12:00:00,96442.33706287351
2022-06-14 12:15:00,96179.94252011861
2022-06-14 12:30:00,96116.24860672049
2022-06-14 12:45:00,95892.55802091084
2022-06-14 13:00:00,95802.14557748669
2022-06-14 13:15:00,95802.14557748669
2022-06-14 13:30:00,95802.14557748669
2022-06-14 13:45:00,95802.14557748669
2022-06-14 14:00:00,95802.14557748669
2022-06-14 14:15:00,95802.14557748669
2022-06-14 14:30:00,95802.14557748669
2022-06-14 14:45:00,95802.14557748669
2022-06-14 15:00:00,95802.14557748669
2022-06-14 15:15:00,95802.14557748669
2022-06-15 09:15:00,95802.14557748669
2022-06-15 09:30:00,95802.14557748669
2022-06-15 09:45:00,95802.14557748669
2022-06-15 10:00:00,95802.14557748669
2022-06-15 10:15:00,95802.14557748669
2022-06-15 10:30:00,95802.14557748669
2022-06-15 10:45:00,95802.14557748669
2022-06-15 11:00:00,95802.14557748669
2022-06-15 11:15:00,95802.14557748669
2022-06-15 11:30:00,95802.14557748669
2022-06-15 11:45:00,95802.14557748669
2022-06-15 12:00:00,95802.14557748669
2022-06-15 12:15:00,95802.14557748669
2022-06-15 12:30:00,95802.14557748669
2022-06-15 12:45:00,95557.65287888145
2022-06-15 13:00:00,95705.12963147632
2022-06-15 13:15:00,95546.12177476908
2022-06-15 13:30:00,95612.88079857746
2022-06-15 13:45:00,95691.77782671464
2022-06-15 14:00:00,95544.30107411976
2022-06-15 14:15:00,95498.48010777857
2022-06-15 14:30:00,95499.39045810323
2022-06-15 14:45:00,95466.01094619904
2022-06-15 15:00:00,95243.58201687384
2022-06-15 15:15:00,95144.39752830152
2022-06-16 09:15:00,95144.39752830152
2022-06-16 09:30:00,95144.39752830152
2022-06-16 09:45:00,95144.39752830152
2022-06-16 10:00:00,95144.39752830152
2022-06-16 10:15:00,95144.39752830152
2022-06-16 10:30:00,95144.39752830152
2022-06-16 10:45:00,95144.39752830152
2022-06-16 11:00:00,95144.39752830152
2022-06-16 11:15:00,95144.39752830152
2022-06-16 11:30:00,95144.39752830152
2022-06-16 11:45:00,95144.39752830152
2022-06-16 12:00:00,95144.39752830152
2022-06-16 12:15:00,95144.39752830152
2022-06-16 12:30:00,95144.39752830152
2022-06-16 12:45:00,95144.39752830152
2022-06-16 13:00:00,95144.39752830152
2022-06-16 13:15:00,95144.39752830152
2022-06-16 13:30:00,95144.39752830152
2022-06-16 13:45:00,95144.39752830152
2022-06-16 14:00:00,95144.39752830152
2022-06-16 14:15:00,95144.39752830152
2022-06-16 14:30:00,95144.39752830152
2022-06-16 14:45:00,95144.39752830152
2022-06-16 15:00:00,95144.39752830152
2022-06-16 15:15:00,95144.39752830152
2022-06-17 09:15:00,95144.39752830152
2022-06-17 09:30:00,95144.39752830152
2022-06-17 09:45:00,95144.39752830152
2022-06-17 10:00:00,95144.39752830152
2022-06-17 10:15:00,95144.39752830152
2022-06-17 10:30:00,95144.39752830152
2022-06-17 10:45:00,95144.39752830152
2022-06-17 11:00:00,95144.39752830152
2022-06-17 11:15:00,95144.39752830152
2022-06-17 11:30:00,95144.39752830152
2022-06-17 11:45:00,95144.39752830152
2022-06-17 12:00:00,95144.39752830152
2022-06-17 12:15:00,95144.39752830152
2022-06-17 12:30:00,95144.39752830152
2022-06-17 12:45:00,95144.39752830152
2022-06-17 13:00:00,95144.39752830152
2022-06-17 13:15:00,95144.39752830152
2022-06-17 13:30:00,95144.39752830152
2022-06-17 13:45:00,95144.39752830152
2022-06-17 14:00:00,95144.39752830152
2022-06-17 14:15:00,95144.39752830152
2022-06-17 14:30:00,95144.39752830152
2022-06-17 14:45:00,95144.39752830152
2022-06-17 15:00:00,94341.93428483508
2022-06-17 15:15:00,94746.4254903104
2022-06-20 09:15:00,94365.41887736076
2022-06-20 09:30:00,93953.20247697567
2022-06-20 09:45:00,94342.86130822424
2022-06-20 10:00:00,94550.20553960235
2022-06-20 10:15:00,94383.34132955142
2022-06-20 10:30:00,94585.12342059448
2022-06-20 10:45:00,94391.37553225755
2022-06-20 11:00:00,94530.42904063332
2022-06-20 11:15:00,94561.32982027238
2022-06-20 11:30:00,94666.39247104518
2022-06-20 11:45:00,94753.22366183094
2022-06-20 12:00:00,94743.02640455005
2022-06-20 12:15:00,94958.7138464307
2022-06-20 12:30:00,94946.66254237146
2022-06-20 12:45:00,94774.23619198549
2022-06-20 13:00:00,94673.80865815854
2022-06-20 13:15:00,94543.4073680817
2022-06-20 13:30:00,94531.66507181885
2022-06-20 13:45:00,94510.03452607151
2022-06-20 14:00:00,94564.41989823626
2022-06-20 14:15:00,94455.34014611036
2022-06-20 14:30:00,94392.61156344306
2022-06-20 14:45:00,94296.98415672524
2022-06-20 15:00:00,94296.98415672524
2022-06-20 15:15:00,94296.98415672524
2022-06-21 09:15:00,94296.98415672524
2022-06-21 09:30:00,94410.44549385835
2022-06-21 09:45:00,94828.70784112469
2022-06-21 10:00:00,94919.92625238116
2022-06-21 10:15:00,95035.85600581749
2022-06-21 10:30:00,95041.04233689228
2022-06-21 10:45:00,95031.27983133974
2022-06-21 11:00:00,95137.14200092501
2022-06-21 11:15:00,95030.36459644418
2022-06-21 11:30:00,95207.92016618086
2022-06-21 11:45:00,95218.59790662894
2022-06-21 12:00:00,95089.85486465492
2022-06-21 12:15:00,95280.52880122783
2022-06-21 12:30:00,95322.62960642313
2022-06-21 12:45:00,95434.28826368022
2022-06-21 13:00:00,95652.41924711963
2022-06-21 13:15:00,95742.41734518204
2022-06-21 13:30:00,95620.69110407389
2022-06-21 13:45:00,95804.95839637794
2022-06-21 14:00:00,95727.16343025619
2022-06-21 14:15:00,95750.34938094344
2022-06-21 14:30:00,95465.40625012889
2022-06-21 14:45:00,95412.62770448551
2022-06-21 15:00:00,95416.28864406772
2022-06-21 15:15:00,95392.79761508194
2022-06-22 09:15:00,94468.71544887501
2022-06-22 09:30:00,94376.07537274744
2022-06-22 09:45:00,94376.07537274744
2022-06-22 10:00:00,94376.07537274744
2022-06-22 10:15:00,94376.07537274744
2022-06-22 10:30:00,94376.07537274744
2022-06-22 10:45:00,94376.07537274744
2022-06-22 11:00:00,94376.07537274744
2022-06-22 11:15:00,94376.07537274744
2022-06-22 11:30:00,94376.07537274744
2022-06-22 11:45:00,94376.07537274744
2022-06-22 12:00:00,94376.07537274744
2022-06-22 12:15:00,94376.07537274744
2022-06-22 12:30:00,94376.07537274744
2022-06-22 12:45:00,94376.07537274744
2022-06-22 13:00:00,94376.07537274744
2022-06-22 13:15:00,94376.07537274744
2022-06-22 13:30:00,94376.07537274744
2022-06-22 13:45:00,94376.07537274744
2022-06-22 14:00:00,94376.07537274744
2022-06-22 14:15:00,94376.07537274744
2022-06-22 14:30:00,94376.07537274744
2022-06-22 14:45:00,94376.07537274744
2022-06-22 15:00:00,94376.07537274744
2022-06-22 15:15:00,94376.07537274744
2022-06-23 09:15:00,94376.07537274744
2022-06-23 09:30:00,94376.07537274744
2022-06-23 09:45:00,94383.27929185778
2022-06-23 10:00:00,94563.09104328605
2022-06-23 10:15:00,94524.88483640585
2022-06-23 10:30:00,94468.48519767793
2022-06-23 10:45:00,94651.02596388337
2022-06-23 11:00:00,94688.32249917118
2022-06-23 11:15:00,94730.77384014918
2022-06-23 11:30:00,94500.0204795473
2022-06-23 11:45:00,94129.78414144626
2022-06-23 12:00:00,94204.37721202191
2022-06-23 12:15:00,93753.18010219853
2022-06-23 12:30:00,93663.36489041976
2022-06-23 12:45:00,93663.36489041976
2022-06-23 13:00:00,93663.36489041976
2022-06-23 13:15:00,93663.36489041976
2022-06-23 13:30:00,93663.36489041976
2022-06-23 13:45:00,93663.36489041976
2022-06-23 14:00:00,93663.36489041976
2022-06-23 14:15:00,93663.36489041976
2022-06-23 14:30:00,93663.36489041976
2022-06-23 14:45:00,93555.89302501387
2022-06-23 15:00:00,93423.51153094169
2022-06-23 15:15:00,93522.87269769427
2022-06-24 09:15:00,94265.22969279748
2022-06-24 09:30:00,94154.16131908612
2022-06-24 09:45:00,94315.96092295213
2022-06-24 10:00:00,94188.6825703748
2022-06-24 10:15:00,94101.02861058098
2022-06-24 10:30:00,94126.84450284902
2022-06-24 10:45:00,94207.2940275913
2022-06-24 11:00:00,94146.35651444696
2022-06-24 11:15:00,94064.40606573562
2022-06-24 11:30:00,94060.2034786222
2022-06-24 11:45:00,93826.95989382837
2022-06-24 12:00:00,93835.96543764281
2022-06-24 12:15:00,93899.30442913766
2022-06-24 12:30:00,94066.80754408613
2022-06-24 12:45:00,94013.07446599334
2022-06-24 13:00:00,94139.45226418923
2022-06-24 13:15:00,94031.98610800365
2022-06-24 13:30:00,93882.49408068405
2022-06-24 13:45:00,94156.26261264285
2022-06-24 14:00:00,94302.75279202433
2022-06-24 14:15:00,94357.38642449855
2022-06-24 14:30:00,94280.23893248824
2022-06-24 14:45:00,94216.59975619956
2022-06-24 15:00:00,94316.56129253977
2022-06-24 15:15:00,94251.72137707585
2022-06-27 09:15:00,95470.1714551688
2022-06-27 09:30:00,95519.7019461482
2022-06-27 09:45:00,95311.37369924095
2022-06-27 10:00:00,95269.0476433131
2022-06-27 10:15:00,95400.82876779766
2022-06-27 10:30:00,95332.08645001415
2022-06-27 10:45:00,95244.43249022032
2022-06-27 11:00:00,95285.85799176672
2022-06-27 11:15:00,95303.26870980795
2022-06-27 11:30:00,95124.0583879007
2022-06-27 11:45:00,95115.05284408627
2022-06-27 12:00:00,95017.23882976099
2022-06-27 12:15:00,95017.23882976099
2022-06-27 12:30:00,95017.23882976099
2022-06-27 12:45:00,95017.23882976099
2022-06-27 13:00:00,95017.23882976099
2022-06-27 13:15:00,95017.23882976099
2022-06-27 13:30:00,95017.23882976099
2022-06-27 13:45:00,95017.23882976099
2022-06-27 14:00:00,95017.23882976099
2022-06-27 14:15:00,95017.23882976099
2022-06-27 14:30:00,95017.23882976099
2022-06-27 14:45:00,95017.23882976099
2022-06-27 15:00:00,95017.23882976099
2022-06-27 15:15:00,95017.23882976099
2022-06-28 09:15:00,95017.23882976099
2022-06-28 09:30:00,95017.23882976099
2022-06-28 09:45:00,95017.23882976099
2022-06-28 10:00:00,95017.23882976099
2022-06-28 10:15:00,95017.23882976099
2022-06-28 10:30:00,95017.23882976099
2022-06-28 10:45:00,95017.23882976099
2022-06-28 11:00:00,95017.23882976099
2022-06-28 11:15:00,95017.23882976099
2022-06-28 11:30:00,95017.23882976099
2022-06-28 11:45:00,95017.23882976099
2022-06-28 12:00:00,94890.0855956702
2022-06-28 12:15:00,94775.65742562864
2022-06-28 12:30:00,95074.79248431996
2022-06-28 12:45:00,94933.63437429494
2022-06-28 13:00:00,94678.34843063267
2022-06-28 13:15:00,94837.5267249162
2022-06-28 13:30:00,94903.60073386408
2022-06-28 13:45:00,94896.69299656499
2022-06-28 14:00:00,94868.46137455999
2022-06-28 14:15:00,95007.51712975485
2022-06-28 14:30:00,95126.75068226534
2022-06-28 14:45:00,95043.25716186754
2022-06-28 15:00:00,95162.19037797373
2022-06-28 15:15:00,95404.86219265504
2022-06-29 09:15:00,94410.1480215851
2022-06-29 09:30:00,94557.6131961006
2022-06-29 09:45:00,94657.32488233104
2022-06-29 10:00:00,94633.29796998636
2022-06-29 10:15:00,94711.9861079152
2022-06-29 10:30:00,94693.9659236567
2022-06-29 10:45:00,94600.26096551243
2022-06-29 11:00:00,94503.26041600367
2022-06-29 11:15:00,94503.26041600367
2022-06-29 11:30:00,94503.26041600367
2022-06-29 11:45:00,94503.26041600367
2022-06-29 12:00:00,94503.26041600367
2022-06-29 12:15:00,94277.97477191577
2022-06-29 12:30:00,94322.76325947465
2022-06-29 12:45:00,94492.95951219836
2022-06-29 13:00:00,94532.07479133311
2022-06-29 13:15:00,94483.40463485249
2022-06-29 13:30:00,94577.4604587261
2022-06-29 13:45:00,94551.78172585901
2022-06-29 14:00:00,94655.6910169956
2022-06-29 14:15:00,94688.83449778915
2022-06-29 14:30:00,94515.05516606075
2022-06-29 14:45:00,94593.58431424729
2022-06-29 15:00:00,94293.20285768581
2022-06-29 15:15:00,94254.98334830225
2022-06-30 09:15:00,94670.62051284856
2022-06-30 09:30:00,94830.36611847518
2022-06-30 09:45:00,94793.0423788428
2022-06-30 10:00:00,94569.99571079963
2022-06-30 10:15:00,94432.04716911832
2022-06-30 10:30:00,94534.76210058667
2022-06-30 10:45:00,94384.27278238886
2022-06-30 11:00:00,94206.61178173867
2022-06-30 11:15:00,94110.0188393398
2022-06-30 11:30:00,94110.0188393398
2022-06-30 11:45:00,94110.0188393398
2022-06-30 12:00:00,94110.0188393398
2022-06-30 12:15:00,94110.0188393398
2022-06-30 12:30:00,94110.0188393398
2022-06-30 12:45:00,94110.0188393398
2022-06-30 13:00:00,94110.0188393398
2022-06-30 13:15:00,94110.0188393398
2022-06-30 13:30:00,94110.0188393398
2022-06-30 13:45:00,94110.0188393398
2022-06-30 14:00:00,94110.0188393398
2022-06-30 14:15:00,93975.8582444858
2022-06-30 14:30:00,93761.3651596074
2022-06-30 14:45:00,93915.93071593056
2022-06-30 15:00:00,93619.85312435566
2022-06-30 15:15:00,93367.68283093015
2022-07-01 09:15:00,93091.18552096242
2022-07-01 09:30:00,93000.76170380405
2022-07-01 09:45:00,93000.76170380405
2022-07-01 10:00:00,93000.76170380405
2022-07-01 10:15:00,93000.76170380405
2022-07-01 10:30:00,93000.76170380405
2022-07-01 10:45:00,93000.76170380405
2022-07-01 11:00:00,93000.76170380405
2022-07-01 11:15:00,93000.76170380405
2022-07-01 11:30:00,93000.76170380405
2022-07-01 11:45:00,93000.76170380405
2022-07-01 12:00:00,93000.76170380405
2022-07-01 12:15:00,93000.76170380405
2022-07-01 12:30:00,93000.76170380405
2022-07-01 12:45:00,93000.76170380405
2022-07-01 13:00:00,93000.76170380405
2022-07-01 13:15:00,92835.78488490304
2022-07-01 13:30:00,92948.34003607562
2022-07-01 13:45:00,92806.46130604492
2022-07-01 14:00:00,92701.0149012622
2022-07-01 14:15:00,92700.71870349596
2022-07-01 14:30:00,93050.82446319591
2022-07-01 14:45:00,93028.01723519516
2022-07-01 15:00:00,93286.59788512584
2022-07-01 15:15:00,93385.23174128497
2022-07-04 09:15:00,93253.71993307279
2022-07-04 09:30:00,93103.54766558729
2022-07-04 09:45:00,92956.33737576423
2022-07-04 10:00:00,92846.74420225409
2022-07-04 10:15:00,92952.7830025693
2022-07-04 10:30:00,93023.57426870153
2022-07-04 10:45:00,93199.51574185022
2022-07-04 11:00:00,93207.80927930503
2022-07-04 11:15:00,93273.5651834111
2022-07-04 11:30:00,93381.38117032379
2022-07-04 11:45:00,93372.79143510271
2022-07-04 12:00:00,93379.90018149257
2022-07-04 12:15:00,93421.66406653292
2022-07-04 12:30:00,93395.00626757099
2022-07-04 12:45:00,93493.04772819763
2022-07-04 13:00:00,93462.53935827453
2022-07-04 13:15:00,93400.93022289587
2022-07-04 13:30:00,93360.94352445297
2022-07-04 13:45:00,93303.77735556796
2022-07-04 14:00:00,93448.91426102733
2022-07-04 14:15:00,93476.75685105423
2022-07-04 14:30:00,93533.626822173
2022-07-04 14:45:00,93718.15803054278
2022-07-04 15:00:00,93841.96869683261
2022-07-04 15:15:00,93771.17743070038
2022-07-05 09:15:00,94320.62428708228
2022-07-05 09:30:00,94537.14485420636
2022-07-05 09:45:00,94590.75664989646
2022-07-05 10:00:00,94610.00950470229
2022-07-05 10:15:00,94672.80343114593
2022-07-05 10:30:00,94760.1817721878
2022-07-05 10:45:00,94791.87493317587
2022-07-05 11:00:00,94693.24107701675
2022-07-05 11:15:00,94852.00307972333
2022-07-05 11:30:00,94896.13654689363
2022-07-05 11:45:00,94854.37266185328
2022-07-05 12:00:00,94874.51410995785
2022-07-05 12:15:00,94904.1338865822
2022-07-05 12:30:00,94737.67074195329
2022-07-05 12:45:00,94662.73270709366
2022-07-05 13:00:00,94634.00152376802
2022-07-05 13:15:00,94612.082889066
2022-07-05 13:30:00,94455.39427072313
2022-07-05 13:45:00,94355.61264821982
2022-07-05 14:00:00,94355.61264821982
2022-07-05 14:15:00,94355.61264821982
2022-07-05 14:30:00,94355.61264821982
2022-07-05 14:45:00,94355.61264821982
2022-07-05 15:00:00,94355.61264821982
2022-07-05 15:15:00,94355.61264821982
2022-07-06 09:15:00,94355.61264821982
2022-07-06 09:30:00,94355.61264821982
2022-07-06 09:45:00,94355.61264821982
2022-07-06 10:00:00,94355.61264821982
2022-07-06 10:15:00,94355.61264821982
2022-07-06 10:30:00,94355.61264821982
2022-07-06 10:45:00,94355.61264821982
2022-07-06 11:00:00,94111.42401357234
2022-07-06 11:15:00,94119.71516893987
2022-07-06 11:30:00,93984.98389421724
2022-07-06 11:45:00,94031.76969950554
2022-07-06 12:00:00,94064.34209559235
2022-07-06 12:15:00,94180.41827073801
2022-07-06 12:30:00,94298.56723472556
2022-07-06 12:45:00,94601.49051833274
2022-07-06 13:00:00,94756.06134339917
2022-07-06 13:15:00,94619.25727983462
2022-07-06 13:30:00,94655.67914091349
2022-07-06 13:45:00,94534.56905000897
2022-07-06 14:00:00,94273.98988131463
2022-07-06 14:15:00,94446.03135519124
2022-07-06 14:30:00,94276.95100823161
2022-07-06 14:45:00,94621.6261813682
2022-07-06 15:00:00,94722.00838385388
2022-07-06 15:15:00,94802.55103599578
2022-07-07 09:15:00,95220.66215667354
2022-07-07 09:30:00,95259.45291928598
2022-07-07 09:45:00,95173.58023869352
2022-07-07 10:00:00,95297.05923113164
2022-07-07 10:15:00,95345.62171257014
2022-07-07 10:30:00,95499.60031225315
2022-07-07 10:45:00,95396.55309554221
2022-07-07 11:00:00,95310.68041494976
2022-07-07 11:15:00,95312.16097840824
2022-07-07 11:30:00,95374.64075635654
2022-07-07 11:45:00,95446.89225313088
2022-07-07 12:00:00,95328.74328914334
2022-07-07 12:15:00,95345.32559987844
2022-07-07 12:30:00,95297.94756920675
2022-07-07 12:45:00,95366.05348829732
2022-07-07 13:00:00,95402.47534937618
2022-07-07 13:15:00,95476.20740960901
2022-07-07 13:30:00,95537.50273679051
2022-07-07 13:45:00,95394.48030670031
2022-07-07 14:00:00,95111.98879882031
2022-07-07 14:15:00,95334.0733175939
2022-07-07 14:30:00,95454.88729580674
2022-07-07 14:45:00,95513.81372145467
2022-07-07 15:00:00,95510.55648184598
2022-07-07 15:15:00,95566.52178057694
2022-07-08 09:15:00,95869.74117687582
2022-07-08 09:30:00,96094.194597183
2022-07-08 09:45:00,95956.50219554336
2022-07-08 10:00:00,95919.4881090811
2022-07-08 10:15:00,95945.54602595053
2022-07-08 10:30:00,96000.6229866064
2022-07-08 10:45:00,96026.08867809243
2022-07-08 11:00:00,95962.72056206904
2022-07-08 11:15:00,95862.63447227507
2022-07-08 11:30:00,95945.54602595053
2022-07-08 11:45:00,95811.70308930299
2022-07-08 12:00:00,95823.8437096626
2022-07-08 12:15:00,95929.55594059885
2022-07-08 12:30:00,95935.7743071245
2022-07-08 12:45:00,95910.30861563847
2022-07-08 13:00:00,95916.82309485582
2022-07-08 13:15:00,95951.4682797845
2022-07-08 13:30:00,96039.41374921885
2022-07-08 13:45:00,95879.51289570186
2022-07-08 14:00:00,95876.84788147657
2022-07-08 14:15:00,95740.04381791204
2022-07-08 14:30:00,95786.53351050866
2022-07-08 14:45:00,95872.11007840942
2022-07-08 15:00:00,96118.47583790224
2022-07-08 15:15:00,96044.15155228601
2022-07-11 09:15:00,95585.17688015393
2022-07-11 09:30:00,95674.01068766337
2022-07-11 09:45:00,95612.71536048184
2022-07-11 10:00:00,95748.03886058788
2022-07-11 10:15:00,95734.41767676978
2022-07-11 10:30:00,95656.24392616148
2022-07-11 10:45:00,95562.06676513037
2022-07-11 11:00:00,95562.06676513037
2022-07-11 11:15:00,95562.06676513037
2022-07-11 11:30:00,95562.06676513037
2022-07-11 11:45:00,95562.06676513037
2022-07-11 12:00:00,95562.06676513037
2022-07-11 12:15:00,95562.06676513037
2022-07-11 12:30:00,95562.06676513037
2022-07-11 12:45:00,95562.06676513037
2022-07-11 13:00:00,95562.06676513037
2022-07-11 13:15:00,95562.06676513037
2022-07-11 13:30:00,95562.06676513037
2022-07-11 13:45:00,95452.05928339374
2022-07-11 14:00:00,95585.01606200896
2022-07-11 14:15:00,95722.1001020446
2022-07-11 14:30:00,95741.55719159805
2022-07-11 14:45:00,95675.81581325839
2022-07-11 15:00:00,95623.04582795435
2022-07-11 15:15:00,95511.02016082846
2022-07-12 09:15:00,95165.8042234484
2022-07-12 09:30:00,95071.22743839053
2022-07-12 09:45:00,95071.22743839053
2022-07-12 10:00:00,95071.22743839053
2022-07-12 10:15:00,95071.22743839053
2022-07-12 10:30:00,95071.22743839053
2022-07-12 10:45:00,95071.22743839053
2022-07-12 11:00:00,95071.22743839053
2022-07-12 11:15:00,95071.22743839053
2022-07-12 11:30:00,95071.22743839053
2022-07-12 11:45:00,95071.22743839053
2022-07-12 12:00:00,95071.22743839053
2022-07-12 12:15:00,95071.22743839053
2022-07-12 12:30:00,95071.22743839053
2022-07-12 12:45:00,95071.22743839053
2022-07-12 13:00:00,95071.22743839053
2022-07-12 13:15:00,95071.22743839053
2022-07-12 13:30:00,95071.22743839053
2022-07-12 13:45:00,95071.22743839053
2022-07-12 14:00:00,95071.22743839053
2022-07-12 14:15:00,95071.22743839053
2022-07-12 14:30:00,95071.22743839053
2022-07-12 14:45:00,95071.22743839053
2022-07-12 15:00:00,95071.22743839053
2022-07-12 15:15:00,95071.22743839053
2022-07-13 09:15:00,95071.22743839053
2022-07-13 09:30:00,95071.22743839053
2022-07-13 09:45:00,95071.22743839053
2022-07-13 10:00:00,95071.22743839053
2022-07-13 10:15:00,95071.22743839053
2022-07-13 10:30:00,95071.22743839053
2022-07-13 10:45:00,95071.22743839053
2022-07-13 11:00:00,95071.22743839053
2022-07-13 11:15:00,95071.22743839053
2022-07-13 11:30:00,95071.22743839053
2022-07-13 11:45:00,95071.22743839053
2022-07-13 12:00:00,95071.22743839053
2022-07-13 12:15:00,95071.22743839053
2022-07-13 12:30:00,95071.22743839053
2022-07-13 12:45:00,95071.22743839053
2022-07-13 13:00:00,95071.22743839053
2022-07-13 13:15:00,95071.22743839053
2022-07-13 13:30:00,95071.22743839053
2022-07-13 13:45:00,95071.22743839053
2022-07-13 14:00:00,95071.22743839053
2022-07-13 14:15:00,95071.22743839053
2022-07-13 14:30:00,95071.22743839053
2022-07-13 14:45:00,95071.22743839053
2022-07-13 15:00:00,95071.22743839053
2022-07-13 15:15:00,95071.22743839053
2022-07-14 09:15:00,95071.22743839053
2022-07-14 09:30:00,95071.22743839053
2022-07-14 09:45:00,95071.22743839053
2022-07-14 10:00:00,94872.11227064847
2022-07-14 10:15:00,94717.22867769642
2022-07-14 10:30:00,94733.48554336886
2022-07-14 10:45:00,94787.8721485276
2022-07-14 11:00:00,94618.80074553414
2022-07-14 11:15:00,94478.69612137524
2022-07-14 11:30:00,94433.76805624411
2022-07-14 11:45:00,94373.17428419225
2022-07-14 12:00:00,94329.42853656458
2022-07-14 12:15:00,94323.22136967146
2022-07-14 12:30:00,94261.44528011617
2022-07-14 12:45:00,94165.11684826064
2022-07-14 13:00:00,94165.11684826064
2022-07-14 13:15:00,94165.11684826064
2022-07-14 13:30:00,94165.11684826064
2022-07-14 13:45:00,94165.11684826064
2022-07-14 14:00:00,94165.11684826064
2022-07-14 14:15:00,94165.11684826064
2022-07-14 14:30:00,94165.11684826064
2022-07-14 14:45:00,94165.11684826064
2022-07-14 15:00:00,94165.11684826064
2022-07-14 15:15:00,94165.11684826064
2022-07-15 09:15:00,94165.11684826064
2022-07-15 09:30:00,94037.40992022776
2022-07-15 09:45:00,94017.40252408254
2022-07-15 10:00:00,94093.31293886881
2022-07-15 10:15:00,94001.51429773195
2022-07-15 10:30:00,94048.88475036988
2022-07-15 10:45:00,94014.75448635746
2022-07-15 11:00:00,93837.04173236174
2022-07-15 11:15:00,93911.48101507849
2022-07-15 11:30:00,93948.25931681601
2022-07-15 11:45:00,94003.86810904315
2022-07-15 12:00:00,93854.40109078184
2022-07-15 12:15:00,93841.45512857023
2022-07-15 12:30:00,93834.98214746443
2022-07-15 12:45:00,93961.79373185542
2022-07-15 13:00:00,94031.81961836366
2022-07-15 13:15:00,93998.86626000683
2022-07-15 13:30:00,93865.58169451005
2022-07-15 13:45:00,93994.15863738445
2022-07-15 14:00:00,94106.84735390822
2022-07-15 14:15:00,94163.04459896314
2022-07-15 14:30:00,94257.49127782512
2022-07-15 14:45:00,94251.31252313321
2022-07-15 15:00:00,94465.80357886647
2022-07-15 15:15:00,94463.44976755527
2022-07-18 09:15:00,95166.94512319064
2022-07-18 09:30:00,95149.87999118444
2022-07-18 09:45:00,95176.06614202156
2022-07-18 10:00:00,95239.9132738379
2022-07-18 10:15:00,95243.7382172186
2022-07-18 10:30:00,95249.3285190827
2022-07-18 10:45:00,95401.737801483
2022-07-18 11:00:00,95392.3225562382
2022-07-18 11:15:00,95398.5013109301
2022-07-18 11:30:00,95360.8403299509
2022-07-18 11:45:00,95342.30406587519
2022-07-18 12:00:00,95424.68746176724
2022-07-18 12:15:00,95446.46021639585
2022-07-18 12:30:00,95444.69485791244
2022-07-18 12:45:00,95483.23851813337
2022-07-18 13:00:00,95440.86991453174
2022-07-18 13:15:00,95359.07497146747
2022-07-18 13:30:00,95426.74704666452
2022-07-18 13:45:00,95534.43391415199
2022-07-18 14:00:00,95520.60527269868
2022-07-18 14:15:00,95549.43946126089
2022-07-18 14:30:00,95599.45795162392
2022-07-18 14:45:00,95654.77251743716
2022-07-18 15:00:00,95747.45383781572
2022-07-18 15:15:00,95808.35870549305
2022-07-19 09:15:00,95668.89538530436
2022-07-19 09:30:00,95709.20440400868
2022-07-19 09:45:00,95781.28987541422
2022-07-19 10:00:00,95887.7998372461
2022-07-19 10:15:00,95824.24693184366
2022-07-19 10:30:00,95940.17213892034
2022-07-19 10:45:00,96000.78278018378
2022-07-19 11:00:00,96054.33198751362
2022-07-19 11:15:00,95851.02153550858
2022-07-19 11:30:00,95732.4482907068
2022-07-19 11:45:00,95809.82983756256
2022-07-19 12:00:00,95945.17398795664
2022-07-19 12:15:00,95954.00078037365
2022-07-19 12:30:00,96005.49040280619
2022-07-19 12:45:00,95995.19247831967
2022-07-19 13:00:00,95753.9268189215
2022-07-19 13:15:00,95803.94530928454
2022-07-19 13:30:00,95898.9804409743
2022-07-19 13:45:00,95933.40493140061
2022-07-19 14:00:00,95907.80723339129
2022-07-19 14:15:00,96046.97632716609
2022-07-19 14:30:00,96123.47519478014
2022-07-19 14:45:00,96169.37451534857
2022-07-19 15:00:00,96215.273835917
2022-07-19 15:15:00,96090.22761000943
2022-07-20 09:15:00,97262.42564298783
2022-07-20 09:30:00,97323.03628425127
2022-07-20 09:45:00,97231.5318695283
2022-07-20 10:00:00,97344.51481246598
2022-07-20 10:15:00,97330.68617101265
2022-07-20 10:30:00,97383.64692551468
2022-07-20 10:45:00,97423.36749139121
2022-07-20 11:00:00,97466.91300064845
2022-07-20 11:15:00,97453.08435919514
2022-07-20 11:30:00,97447.49405733103
2022-07-20 11:45:00,97401.5947367626
2022-07-20 12:00:00,97432.78273663603
2022-07-20 12:15:00,97516.93149101148
2022-07-20 12:30:00,97566.0673021328
2022-07-20 12:45:00,97571.6576039969
2022-07-20 13:00:00,97273.60624671601
2022-07-20 13:15:00,97396.29866131238
2022-07-20 13:30:00,97423.955944219
2022-07-20 13:45:00,97443.3748875364
2022-07-20 14:00:00,97371.58364254475
2022-07-20 14:15:00,97257.42379395149
2022-07-20 14:30:00,97210.93602055525
2022-07-20 14:45:00,97238.00485063407
2022-07-20 15:00:00,97190.04594516836
2022-07-20 15:15:00,97070.00156829707
2022-07-21 09:15:00,97136.06393078367
2022-07-21 09:30:00,97136.06393078367
2022-07-21 09:45:00,97136.06393078367
2022-07-21 10:00:00,97136.06393078367
2022-07-21 10:15:00,97136.06393078367
2022-07-21 10:30:00,97136.06393078367
2022-07-21 10:45:00,97136.06393078367
2022-07-21 11:00:00,97065.58272853348
2022-07-21 11:15:00,97130.60887461138
2022-07-21 11:30:00,97140.27492335271
2022-07-21 11:45:00,97085.79355771987
2022-07-21 12:00:00,97088.42975283113
2022-07-21 12:15:00,97049.76555786589
2022-07-21 12:30:00,97103.36819179497
2022-07-21 12:45:00,97054.74503752051
2022-07-21 13:00:00,96910.63303810461
2022-07-21 13:15:00,96888.66474551073
2022-07-21 13:30:00,96885.44272926362
2022-07-21 13:45:00,96836.52666442122
2022-07-21 14:00:00,96738.51966712739
2022-07-21 14:15:00,96738.51966712739
2022-07-21 14:30:00,96738.51966712739
2022-07-21 14:45:00,96738.51966712739
2022-07-21 15:00:00,96738.51966712739
2022-07-21 15:15:00,96635.38137627012
2022-07-22 09:15:00,97169.47137195588
2022-07-22 09:30:00,96915.22591649328
2022-07-22 09:45:00,96768.32207781063
2022-07-22 10:00:00,96747.086473407
2022-07-22 10:15:00,96831.15619495015
2022-07-22 10:30:00,96708.97874495666
2022-07-22 10:45:00,96768.90387519155
2022-07-22 11:00:00,96800.90273114223
2022-07-22 11:15:00,96817.77485518894
2022-07-22 11:30:00,96891.66312256594
2022-07-22 11:45:00,96988.24148779889
2022-07-22 12:00:00,97046.71212458149
2022-07-22 12:15:00,97103.14647053088
2022-07-22 12:30:00,97120.30949326805
2022-07-22 12:45:00,97123.80027755357
2022-07-22 13:00:00,97046.13032720059
2022-07-22 13:15:00,96975.15104672818
2022-07-22 13:30:00,97163.94429683716
2022-07-22 13:45:00,97195.07045671645
2022-07-22 14:00:00,97321.9022857573
2022-07-22 14:15:00,97403.06302039584
2022-07-22 14:30:00,97264.30434504611
2022-07-22 14:45:00,97289.90342980664
2022-07-22 15:00:00,97329.17475301883
2022-07-22 15:15:00,97243.35963933294
2022-07-25 09:15:00,97028.67640577297
2022-07-25 09:30:00,96819.2293486413
2022-07-25 09:45:00,96723.57255045972
2022-07-25 10:00:00,96723.57255045972
2022-07-25 10:15:00,96723.57255045972
2022-07-25 10:30:00,96723.57255045972
2022-07-25 10:45:00,96723.57255045972
2022-07-25 11:00:00,96723.57255045972
2022-07-25 11:15:00,96723.57255045972
2022-07-25 11:30:00,96723.57255045972
2022-07-25 11:45:00,96723.57255045972
2022-07-25 12:00:00,96723.57255045972
2022-07-25 12:15:00,96723.57255045972
2022-07-25 12:30:00,96723.57255045972
2022-07-25 12:45:00,96723.57255045972
2022-07-25 13:00:00,96723.57255045972
2022-07-25 13:15:00,96723.57255045972
2022-07-25 13:30:00,96723.57255045972
2022-07-25 13:45:00,96723.57255045972
2022-07-25 14:00:00,96723.57255045972
2022-07-25 14:15:00,96723.57255045972
2022-07-25 14:30:00,96595.2764985375
2022-07-25 14:45:00,96542.55914765983
2022-07-25 15:00:00,96354.57255029939
2022-07-25 15:15:00,96223.93779620146
2022-07-26 09:15:00,95920.6682007679
2022-07-26 09:30:00,95815.77718290049
2022-07-26 09:45:00,95815.77718290049
2022-07-26 10:00:00,95815.77718290049
2022-07-26 10:15:00,95815.77718290049
2022-07-26 10:30:00,95815.77718290049
2022-07-26 10:45:00,95815.77718290049
2022-07-26 11:00:00,95815.77718290049
2022-07-26 11:15:00,95815.77718290049
2022-07-26 11:30:00,95815.77718290049
2022-07-26 11:45:00,95815.77718290049
2022-07-26 12:00:00,95815.77718290049
2022-07-26 12:15:00,95815.77718290049
2022-07-26 12:30:00,95815.77718290049
2022-07-26 12:45:00,95815.77718290049
2022-07-26 13:00:00,95815.77718290049
2022-07-26 13:15:00,95815.77718290049
2022-07-26 13:30:00,95566.56727228677
2022-07-26 13:45:00,95389.4851559156
2022-07-26 14:00:00,95554.7232808166
2022-07-26 14:15:00,95430.79468714085
2022-07-26 14:30:00,95258.91237190293
2022-07-26 14:45:00,95303.11068153556
2022-07-26 15:00:00,95229.7357099886
2022-07-26 15:15:00,95141.43210938812
2022-07-27 09:15:00,95141.43210938812
2022-07-27 09:30:00,95141.43210938812
2022-07-27 09:45:00,95141.43210938812
2022-07-27 10:00:00,95141.43210938812
2022-07-27 10:15:00,95141.43210938812
2022-07-27 10:30:00,95141.43210938812
2022-07-27 10:45:00,95141.43210938812
2022-07-27 11:00:00,95012.98029621299
2022-07-27 11:15:00,95010.39587009582
2022-07-27 11:30:00,95138.46854212439
2022-07-27 11:45:00,95138.18138366693
2022-07-27 12:00:00,95155.69804957217
2022-07-27 12:15:00,95018.43630690475
2022-07-27 12:30:00,95085.91854440859
2022-07-27 12:45:00,95313.06088426197
2022-07-27 13:00:00,95301.57454596345
2022-07-27 13:15:00,95320.527004156
2022-07-27 13:30:00,95336.03356085901
2022-07-27 13:45:00,95261.65952037604
2022-07-27 14:00:00,95233.23083308717
2022-07-27 14:15:00,95331.72618399705
2022-07-27 14:30:00,95347.51989915753
2022-07-27 14:45:00,95433.380277939
2022-07-27 15:00:00,95589.02016188404
2022-07-27 15:15:00,95582.12835890493
2022-07-28 09:15:00,96376.40865224805
2022-07-28 09:30:00,96249.48461404933
2022-07-28 09:45:00,96437.28624523025
2022-07-28 10:00:00,96599.8179321544
2022-07-28 10:15:00,96747.13022083299
2022-07-28 10:30:00,96716.97858279935
2022-07-28 10:45:00,96777.85617578156
2022-07-28 11:00:00,96928.0400490348
2022-07-28 11:15:00,96868.88540679739
2022-07-28 11:30:00,96984.61026515506
2022-07-28 11:45:00,96903.34442169298
2022-07-28 12:00:00,97018.78212159319
2022-07-28 12:15:00,97056.97419643578
2022-07-28 12:30:00,97089.42310212912
2022-07-28 12:45:00,97063.0045240425
2022-07-28 13:00:00,97137.09140606801
2022-07-28 13:15:00,97158.05397346284
2022-07-28 13:30:00,97128.18949388668
2022-07-28 13:45:00,97220.36735873234
2022-07-28 14:00:00,97177.86790702779
2022-07-28 14:15:00,97183.89823463453
2022-07-28 14:30:00,96962.78622238789
2022-07-28 14:45:00,96940.67502116322
2022-07-28 15:00:00,97268.03566267125
2022-07-28 15:15:00,97186.19550229424
2022-07-29 09:15:00,98214.22278001241
2022-07-29 09:30:00,98325.35310305067
2022-07-29 09:45:00,98420.40255247099
2022-07-29 10:00:00,98261.60392549384
2022-07-29 10:15:00,97957.50311904032
2022-07-29 10:30:00,97834.5992992461
2022-07-29 10:45:00,98004.88426452174
2022-07-29 11:00:00,98201.01349096911
2022-07-29 11:15:00,98159.08835617949
2022-07-29 11:30:00,98170.57469447801
2022-07-29 11:45:00,98215.37141384225
2022-07-29 12:00:00,98216.80720612957
2022-07-29 12:15:00,98234.03671357736
2022-07-29 12:30:00,98217.95583995942
2022-07-29 12:45:00,98294.05283118716
2022-07-29 13:00:00,98243.8001011311
2022-07-29 13:15:00,98275.6746899095
2022-07-29 13:30:00,98165.98015915859
2022-07-29 13:45:00,98225.42195985345
2022-07-29 14:00:00,98088.44737564352
2022-07-29 14:15:00,98180.91239894666
2022-07-29 14:30:00,98190.38862804296
2022-07-29 14:45:00,98276.24900682442
2022-07-29 15:00:00,98551.63396753163
2022-07-29 15:15:00,98541.0091046055
2022-08-01 09:15:00,98913.16646547777
2022-08-01 09:30:00,98955.09160026739
2022-08-01 09:45:00,99083.7385892109
2022-08-01 10:00:00,99201.47355677081
2022-08-01 10:15:00,99147.48776676774
2022-08-01 10:30:00,99264.93557587017
2022-08-01 10:45:00,99188.83858464242
2022-08-01 11:00:00,99161.55853118341
2022-08-01 11:15:00,99105.27547352064
2022-08-01 11:30:00,99162.99432347075
2022-08-01 11:45:00,99167.01454187524
2022-08-01 12:00:00,99136.8629038416
2022-08-01 12:15:00,99258.3309313485
2022-08-01 12:30:00,99293.36426315902
2022-08-01 12:45:00,99328.68475342698
2022-08-01 13:00:00,99279.86781565823
2022-08-01 13:15:00,99324.09021810757
2022-08-01 13:30:00,99339.30961635313
2022-08-01 13:45:00,99404.78174465471
2022-08-01 14:00:00,99412.53502300622
2022-08-01 14:15:00,99414.54513220846
2022-08-01 14:30:00,99491.21644035113
2022-08-01 14:45:00,99517.34785998026
2022-08-01 15:00:00,99557.26288556764
2022-08-01 15:15:00,99542.33064577954
2022-08-02 09:15:00,99484.03747891453
2022-08-02 09:30:00,99396.74130784572
2022-08-02 09:45:00,99015.96919324955
2022-08-02 10:00:00,98933.55471595761
2022-08-02 10:15:00,98830.89183435458
2022-08-02 10:30:00,98830.89183435458
2022-08-02 10:45:00,98830.89183435458
2022-08-02 11:00:00,98830.89183435458
2022-08-02 11:15:00,98830.89183435458
2022-08-02 11:30:00,98830.89183435458
2022-08-02 11:45:00,98830.89183435458
2022-08-02 12:00:00,98830.89183435458
2022-08-02 12:15:00,98830.89183435458
2022-08-02 12:30:00,98830.89183435458
2022-08-02 12:45:00,98830.89183435458
2022-08-02 13:00:00,98830.89183435458
2022-08-02 13:15:00,98830.89183435458
2022-08-02 13:30:00,98830.89183435458
2022-08-02 13:45:00,98830.89183435458
2022-08-02 14:00:00,98774.25668960436
2022-08-02 14:15:00,98915.95457001532
2022-08-02 14:30:00,99123.22692224622
2022-08-02 14:45:00,99064.78011040669
2022-08-02 15:00:00,99016.31202253976
2022-08-02 15:15:00,98617.44817003488
2022-08-03 09:15:00,98975.25670105248
2022-08-03 09:30:00,98495.13752477072
2022-08-03 09:45:00,98746.60136888029
2022-08-03 10:00:00,98650.23540594487
2022-08-03 10:15:00,98413.02688179616
2022-08-03 10:30:00,98317.46206784254
2022-08-03 10:45:00,98317.46206784254
2022-08-03 11:00:00,98317.46206784254
2022-08-03 11:15:00,98317.46206784254
2022-08-03 11:30:00,98317.46206784254
2022-08-03 11:45:00,98317.46206784254
2022-08-03 12:00:00,98317.46206784254
2022-08-03 12:15:00,98317.46206784254
2022-08-03 12:30:00,98317.46206784254
2022-08-03 12:45:00,98317.46206784254
2022-08-03 13:00:00,98317.46206784254
2022-08-03 13:15:00,98317.46206784254
2022-08-03 13:30:00,98317.46206784254
2022-08-03 13:45:00,98317.46206784254
2022-08-03 14:00:00,98317.46206784254
2022-08-03 14:15:00,98317.46206784254
2022-08-03 14:30:00,98317.46206784254
2022-08-03 14:45:00,98219.4278980875
2022-08-03 15:00:00,98592.24058174802
2022-08-03 15:15:00,98545.49735013404
2022-08-04 09:15:00,98927.65868011733
2022-08-04 09:30:00,98948.62231126541
2022-08-04 09:45:00,98953.43828058321
2022-08-04 10:00:00,98780.06338514229
2022-08-04 10:15:00,98707.25726074964
2022-08-04 10:30:00,98677.22827559158
2022-08-04 10:45:00,98738.13612284615
2022-08-04 11:00:00,98570.14378134866
2022-08-04 11:15:00,98465.63044813683
2022-08-04 11:30:00,98465.63044813683
2022-08-04 11:45:00,98465.63044813683
2022-08-04 12:00:00,98465.63044813683
2022-08-04 12:15:00,98465.63044813683
2022-08-04 12:30:00,98465.63044813683
2022-08-04 12:45:00,98465.63044813683
2022-08-04 13:00:00,98465.63044813683
2022-08-04 13:15:00,98465.63044813683
2022-08-04 13:30:00,98465.63044813683
2022-08-04 13:45:00,98465.63044813683
2022-08-04 14:00:00,98465.63044813683
2022-08-04 14:15:00,98465.63044813683
2022-08-04 14:30:00,98465.63044813683
2022-08-04 14:45:00,98465.63044813683
2022-08-04 15:00:00,98465.63044813683
2022-08-04 15:15:00,98292.16072130782
2022-08-05 09:15:00,98757.46915319515
2022-08-05 09:30:00,98596.98869037269
2022-08-05 09:45:00,98771.33783516748
2022-08-05 10:00:00,98677.3704389469
2022-08-05 10:15:00,98759.16735915095
2022-08-05 10:30:00,98688.97484631148
2022-08-05 10:45:00,98749.26115774215
2022-08-05 11:00:00,98874.92839847085
2022-08-05 11:15:00,98789.73506635524
2022-08-05 11:30:00,98736.5246130737
2022-08-05 11:45:00,98658.69017343319
2022-08-05 12:00:00,98785.20651713977
2022-08-05 12:15:00,98785.7725857917
2022-08-05 12:30:00,98681.61595383639
2022-08-05 12:45:00,98570.10042940597
2022-08-05 13:00:00,98542.92913411328
2022-08-05 13:15:00,98547.45768332873
2022-08-05 13:30:00,98640.00990791946
2022-08-05 13:45:00,98593.30924413515
2022-08-05 14:00:00,98385.27901455048
2022-08-05 14:15:00,98300.93478541274
2022-08-05 14:30:00,98191.88930154503
2022-08-05 14:45:00,98191.88930154503
2022-08-05 15:00:00,98191.88930154503
2022-08-05 15:15:00,98191.88930154503
2022-08-08 09:15:00,98191.88930154503
2022-08-08 09:30:00,98191.88930154503
2022-08-08 09:45:00,98191.88930154503
2022-08-08 10:00:00,98191.88930154503
2022-08-08 10:15:00,98191.88930154503
2022-08-08 10:30:00,98137.81806374858
2022-08-08 10:45:00,98147.65387777839
2022-08-08 11:00:00,98119.27052872095
2022-08-08 11:15:00,98196.27090141141
2022-08-08 11:30:00,98178.28541289976
2022-08-08 11:45:00,98199.36215724933
2022-08-08 12:00:00,98375.28271675378
2022-08-08 12:15:00,98451.15899641225
2022-08-08 12:30:00,98457.62253134613
2022-08-08 12:45:00,98460.43276392609
2022-08-08 13:00:00,98472.23574076185
2022-08-08 13:15:00,98521.69583416884
2022-08-08 13:30:00,98563.00625309403
2022-08-08 13:45:00,98561.32011354607
2022-08-08 14:00:00,98506.52057823718
2022-08-08 14:15:00,98489.94020601551
2022-08-08 14:30:00,98334.81536760263
2022-08-08 14:45:00,98466.61527560197
2022-08-08 15:00:00,98487.12997343556
2022-08-08 15:15:00,98514.67025271899
2022-08-10 09:15:00,98509.0497875591
2022-08-10 09:30:00,98401.97992626326
2022-08-10 09:45:00,98084.98569124567
2022-08-10 10:00:00,98374.72067023782
2022-08-10 10:15:00,98486.00588040358
2022-08-10 10:30:00,98485.4438338876
2022-08-10 10:45:00,98442.72829867245
2022-08-10 11:00:00,98409.84857748712
2022-08-10 11:15:00,98421.93257758087
2022-08-10 11:30:00,98417.43620545296
2022-08-10 11:45:00,98346.89936769639
2022-08-10 12:00:00,98408.72448445515
2022-08-10 12:15:00,98443.00932193045
2022-08-10 12:30:00,98467.73936863396
2022-08-10 12:45:00,98424.18076364484
2022-08-10 13:00:00,98348.86653050235
2022-08-10 13:15:00,98319.07806515496
2022-08-10 13:30:00,98358.42132127416
2022-08-10 13:45:00,98352.80085611428
2022-08-10 14:00:00,98533.77983426263
2022-08-10 14:15:00,98540.5243924545
2022-08-10 14:30:00,98510.4549038491
2022-08-10 14:45:00,98507.36364801116
2022-08-10 15:00:00,98569.7508112859
2022-08-10 15:15:00,98491.62634556348
2022-08-11 09:15:00,99335.53918932045
2022-08-11 09:30:00,99435.86449242441
2022-08-11 09:45:00,99437.55063197236
2022-08-11 10:00:00,99331.60486370852
2022-08-11 10:15:00,99401.86067820711
2022-08-11 10:30:00,99409.44830617296
2022-08-11 10:45:00,99391.74384091933
2022-08-11 11:00:00,99375.16346869766
2022-08-11 11:15:00,99322.05007293673
2022-08-11 11:30:00,99250.38914214818
2022-08-11 11:45:00,99283.26886333352
2022-08-11 12:00:00,99256.85267708208
2022-08-11 12:15:00,99385.28030598548
2022-08-11 12:30:00,99363.64151511992
2022-08-11 12:45:00,99301.53537510317
2022-08-11 13:00:00,99323.45518922673
2022-08-11 13:15:00,99170.85956013581
2022-08-11 13:30:00,99250.9511886642
2022-08-11 13:45:00,99274.55714233573
2022-08-11 14:00:00,99169.45444384584
2022-08-11 14:15:00,99068.60053599358
2022-08-11 14:30:00,99068.60053599358
2022-08-11 14:45:00,99068.60053599358
2022-08-11 15:00:00,99068.60053599358
2022-08-11 15:15:00,99068.60053599358
2022-08-12 09:15:00,99068.60053599358
2022-08-12 09:30:00,99068.60053599358
2022-08-12 09:45:00,99068.60053599358
2022-08-12 10:00:00,99068.60053599358
2022-08-12 10:15:00,99068.60053599358
2022-08-12 10:30:00,99068.60053599358
2022-08-12 10:45:00,99068.60053599358
2022-08-12 11:00:00,99068.60053599358
2022-08-12 11:15:00,99068.60053599358
2022-08-12 11:30:00,98940.72692774521
2022-08-12 11:45:00,98868.85423859875
2022-08-12 12:00:00,98915.83716379956
2022-08-12 12:15:00,98944.36251124289
2022-08-12 12:30:00,98974.8454805696
2022-08-12 12:45:00,99040.0063232588
2022-08-12 13:00:00,99005.8877704344
2022-08-12 13:15:00,99015.95554012031
2022-08-12 13:30:00,99086.42992792149
2022-08-12 13:45:00,99038.60802191356
2022-08-12 14:00:00,99051.19273402091
2022-08-12 14:15:00,98940.16760720713
2022-08-12 14:30:00,98861.02375106534
2022-08-12 14:45:00,98834.45602550537
2022-08-12 15:00:00,98737.29785313255
2022-08-12 15:15:00,98737.29785313255
2022-08-16 09:15:00,98737.29785313255
2022-08-16 09:30:00,98717.79410034353
2022-08-16 09:45:00,98734.6935627523
2022-08-16 10:00:00,98717.79410034353
2022-08-16 10:15:00,98773.20217381495
2022-08-16 10:30:00,98738.84916826266
2022-08-16 10:45:00,98792.31795916258
2022-08-16 11:00:00,98797.85876650973
2022-08-16 11:15:00,98658.78450209646
2022-08-16 11:30:00,98655.18297732083
2022-08-16 11:45:00,98572.34790748106
2022-08-16 12:00:00,98613.62692221727
2022-08-16 12:15:00,98659.33858283119
2022-08-16 12:30:00,98610.30243780898
2022-08-16 12:45:00,98614.45804331932
2022-08-16 13:00:00,98499.48629086613
2022-08-16 13:15:00,98397.6656446514
2022-08-16 13:30:00,98397.6656446514
2022-08-16 13:45:00,98397.6656446514
2022-08-16 14:00:00,98397.6656446514
2022-08-16 14:15:00,98397.6656446514
2022-08-16 14:30:00,98397.6656446514
2022-08-16 14:45:00,98397.6656446514
2022-08-16 15:00:00,98397.6656446514
2022-08-16 15:15:00,98397.6656446514
2022-08-17 09:15:00,98397.6656446514
2022-08-17 09:30:00,98359.19147225197
2022-08-17 09:45:00,98338.57559154835
2022-08-17 10:00:00,98459.24721326692
2022-08-17 10:15:00,98445.77817120723
2022-08-17 10:30:00,98469.14283600468
2022-08-17 10:45:00,98502.67800194924
2022-08-17 11:00:00,98582.11786226057
2022-08-17 11:15:00,98601.08447250792
2022-08-17 11:30:00,98518.346071284
2022-08-17 11:45:00,98544.45952017527
2022-08-17 12:00:00,98577.1700508917
2022-08-17 12:15:00,98610.15546001751
2022-08-17 12:30:00,98590.36421454203
2022-08-17 12:45:00,98625.27377253352
2022-08-17 13:00:00,98597.78593159534
2022-08-17 13:15:00,98600.80959409852
2022-08-17 13:30:00,98637.91817936506
2022-08-17 13:45:00,98571.67248270406
2022-08-17 14:00:00,98538.68707357826
2022-08-17 14:15:00,98613.72887933948
2022-08-17 14:30:00,98619.22644752712
2022-08-17 14:45:00,98680.79921122863
2022-08-17 15:00:00,98665.68089871264
2022-08-17 15:15:00,98576.62029407296
2022-08-18 09:15:00,98268.20671874663
2022-08-18 09:30:00,98522.46924742474
2022-08-18 09:45:00,98627.47279980859
2022-08-18 10:00:00,98628.57231344613
2022-08-18 10:15:00,98399.32372002174
2022-08-18 10:30:00,98478.21382351429
2022-08-18 10:45:00,98519.72046333093
2022-08-18 11:00:00,98427.91107459745
2022-08-18 11:15:00,98329.75776705383
2022-08-18 11:30:00,98329.75776705383
2022-08-18 11:45:00,98329.75776705383
2022-08-18 12:00:00,98329.75776705383
2022-08-18 12:15:00,98329.75776705383
2022-08-18 12:30:00,98329.75776705383
2022-08-18 12:45:00,98329.75776705383
2022-08-18 13:00:00,98329.75776705383
2022-08-18 13:15:00,98329.75776705383
2022-08-18 13:30:00,98149.97301830832
2022-08-18 13:45:00,98148.87598139278
2022-08-18 14:00:00,98268.1787459572
2022-08-18 14:15:00,98269.27578287272
2022-08-18 14:30:00,98396.25780584587
2022-08-18 14:45:00,98442.05909706946
2022-08-18 15:00:00,98499.10501667728
2022-08-18 15:15:00,98538.32408640767
2022-08-19 09:15:00,98530.91908722778
2022-08-19 09:30:00,98494.16835055737
2022-08-19 09:45:00,98472.77613070443
2022-08-19 10:00:00,98529.27353185447
2022-08-19 10:15:00,98504.04168279718
2022-08-19 10:30:00,98506.51001585714
2022-08-19 10:45:00,98316.44837024072
2022-08-19 11:00:00,98071.80913807644
2022-08-19 11:15:00,97858.43545800488
2022-08-19 11:30:00,97765.78273697033
2022-08-19 11:45:00,97765.78273697033
2022-08-19 12:00:00,97765.78273697033
2022-08-19 12:15:00,97765.78273697033
2022-08-19 12:30:00,97765.78273697033
2022-08-19 12:45:00,97765.78273697033
2022-08-19 13:00:00,97765.78273697033
2022-08-19 13:15:00,97765.78273697033
2022-08-19 13:30:00,97765.78273697033
2022-08-19 13:45:00,97765.78273697033
2022-08-19 14:00:00,97765.78273697033
2022-08-19 14:15:00,97765.78273697033
2022-08-19 14:30:00,97765.78273697033
2022-08-19 14:45:00,97765.78273697033
2022-08-19 15:00:00,97765.78273697033
2022-08-19 15:15:00,97765.78273697033
2022-08-22 09:15:00,97765.78273697033
2022-08-22 09:30:00,97765.78273697033
2022-08-22 09:45:00,97765.78273697033
2022-08-22 10:00:00,97765.78273697033
2022-08-22 10:15:00,97765.78273697033
2022-08-22 10:30:00,97765.78273697033
2022-08-22 10:45:00,97765.78273697033
2022-08-22 11:00:00,97765.78273697033
2022-08-22 11:15:00,97765.78273697033
2022-08-22 11:30:00,97765.78273697033
2022-08-22 11:45:00,97765.78273697033
2022-08-22 12:00:00,97765.78273697033
2022-08-22 12:15:00,97765.78273697033
2022-08-22 12:30:00,97765.78273697033
2022-08-22 12:45:00,97765.78273697033
2022-08-22 13:00:00,97765.78273697033
2022-08-22 13:15:00,97765.78273697033
2022-08-22 13:30:00,97765.78273697033
2022-08-22 13:45:00,97765.78273697033
2022-08-22 14:00:00,97765.78273697033
2022-08-22 14:15:00,97765.78273697033
2022-08-22 14:30:00,97765.78273697033
2022-08-22 14:45:00,97765.78273697033
2022-08-22 15:00:00,97765.78273697033
2022-08-22 15:15:00,97765.78273697033
2022-08-23 09:15:00,97765.78273697033
2022-08-23 09:30:00,97765.78273697033
2022-08-23 09:45:00,97765.78273697033
2022-08-23 10:00:00,97765.78273697033
2022-08-23 10:15:00,97765.78273697033
2022-08-23 10:30:00,97765.78273697033
2022-08-23 10:45:00,97765.78273697033
2022-08-23 11:00:00,97765.78273697033
2022-08-23 11:15:00,97765.78273697033
2022-08-23 11:30:00,97765.78273697033
2022-08-23 11:45:00,97765.78273697033
2022-08-23 12:00:00,97765.78273697033
2022-08-23 12:15:00,97765.78273697033
2022-08-23 12:30:00,97765.78273697033
2022-08-23 12:45:00,97765.78273697033
2022-08-23 13:00:00,97765.78273697033
2022-08-23 13:15:00,97765.78273697033
2022-08-23 13:30:00,97684.70302416939
2022-08-23 13:45:00,97696.93947545582
2022-08-23 14:00:00,97743.3823701111
2022-08-23 14:15:00,97745.8852806015
2022-08-23 14:30:00,97701.66719527102
2022-08-23 14:45:00,97654.66809828454
2022-08-23 15:00:00,97730.86781765906
2022-08-23 15:15:00,98021.4835357116
2022-08-24 09:15:00,97748.38819109192
2022-08-24 09:30:00,97441.08640310336
2022-08-24 09:45:00,97537.30940640112
2022-08-24 10:00:00,97695.82707079341
2022-08-24 10:15:00,97785.3756461168
2022-08-24 10:30:00,97753.67211323834
2022-08-24 10:45:00,97821.52879764487
2022-08-24 11:00:00,97971.42532590353
2022-08-24 11:15:00,97874.92422144016
2022-08-24 11:30:00,97941.66850118428
2022-08-24 11:45:00,97720.0218722007
2022-08-24 12:00:00,97704.44820692705
2022-08-24 12:15:00,97836.54626058727
2022-08-24 12:30:00,97788.15665777281
2022-08-24 12:45:00,97549.82395885316
2022-08-24 13:00:00,97578.19027774442
2022-08-24 13:15:00,97500.04385021067
2022-08-24 13:30:00,97402.54380636045
2022-08-24 13:45:00,97402.54380636045
2022-08-24 14:00:00,97402.54380636045
2022-08-24 14:15:00,97402.54380636045
2022-08-24 14:30:00,97402.54380636045
2022-08-24 14:45:00,97402.54380636045
2022-08-24 15:00:00,97402.54380636045
2022-08-24 15:15:00,97402.54380636045
2022-08-25 09:15:00,97402.54380636045
2022-08-25 09:30:00,97356.00876940956
2022-08-25 09:45:00,97371.13154171794
2022-08-25 10:00:00,97304.59134356106
2022-08-25 10:15:00,97248.77456576831
2022-08-25 10:30:00,97259.22302663591
2022-08-25 10:45:00,97342.26079458377
2022-08-25 11:00:00,97208.35551978045
2022-08-25 11:15:00,97048.32909280814
2022-08-25 11:30:00,97192.95778797555
2022-08-25 11:45:00,97283.69442182583
2022-08-25 12:00:00,97315.31476392517
2022-08-25 12:15:00,97312.56516896
2022-08-25 12:30:00,97315.58972342168
2022-08-25 12:45:00,97469.56704147065
2022-08-25 13:00:00,97406.87627626501
2022-08-25 13:15:00,97358.75836437472
2022-08-25 13:30:00,97350.78453897576
2022-08-25 13:45:00,97305.96614104364
2022-08-25 14:00:00,97294.967761183
2022-08-25 14:15:00,97139.34068615493
2022-08-25 14:30:00,97037.88063194051
2022-08-25 14:45:00,96946.33644204895
2022-08-25 15:00:00,96946.33644204895
2022-08-25 15:15:00,96946.33644204895
2022-08-26 09:15:00,96946.33644204895
2022-08-26 09:30:00,96946.33644204895
2022-08-26 09:45:00,96946.33644204895
2022-08-26 10:00:00,96946.33644204895
2022-08-26 10:15:00,96946.33644204895
2022-08-26 10:30:00,96946.33644204895
2022-08-26 10:45:00,96946.33644204895
2022-08-26 11:00:00,96946.33644204895
2022-08-26 11:15:00,96946.33644204895
2022-08-26 11:30:00,96946.33644204895
2022-08-26 11:45:00,96946.33644204895
2022-08-26 12:00:00,96946.33644204895
2022-08-26 12:15:00,96946.33644204895
2022-08-26 12:30:00,96946.33644204895
2022-08-26 12:45:00,96946.33644204895
2022-08-26 13:00:00,96946.33644204895
2022-08-26 13:15:00,96946.33644204895
2022-08-26 13:30:00,96946.33644204895
2022-08-26 13:45:00,96946.33644204895
2022-08-26 14:00:00,96946.33644204895
2022-08-26 14:15:00,96946.33644204895
2022-08-26 14:30:00,96946.33644204895
2022-08-26 14:45:00,96946.33644204895
2022-08-26 15:00:00,96946.33644204895
2022-08-26 15:15:00,96946.33644204895
2022-08-29 09:15:00,96946.33644204895
2022-08-29 09:30:00,96946.33644204895
2022-08-29 09:45:00,96946.33644204895
2022-08-29 10:00:00,96946.33644204895
2022-08-29 10:15:00,96946.33644204895
2022-08-29 10:30:00,96946.33644204895
2022-08-29 10:45:00,96946.33644204895
2022-08-29 11:00:00,96946.33644204895
2022-08-29 11:15:00,96946.33644204895
2022-08-29 11:30:00,96946.33644204895
2022-08-29 11:45:00,96946.33644204895
2022-08-29 12:00:00,96946.33644204895
2022-08-29 12:15:00,96946.33644204895
2022-08-29 12:30:00,96811.15461154043
2022-08-29 12:45:00,96703.42540928014
2022-08-29 13:00:00,96715.1472395779
2022-08-29 13:15:00,96781.85003579607
2022-08-29 13:30:00,96817.57370908448
2022-08-29 13:45:00,96910.51107787379
2022-08-29 14:00:00,96889.3001468588
2022-08-29 14:15:00,96707.05359484849
2022-08-29 14:30:00,96767.05820232509
2022-08-29 14:45:00,96592.06802145149
2022-08-29 15:00:00,96530.94704918463
2022-08-29 15:15:00,96783.80367417903
2022-08-30 09:15:00,97430.45797893844
2022-08-30 09:30:00,97478.74075611729
2022-08-30 09:45:00,97541.53627556952
2022-08-30 10:00:00,97575.02721927738
2022-08-30 10:15:00,97598.4708798729
2022-08-30 10:30:00,97782.39197906859
2022-08-30 10:45:00,97823.13929391316
2022-08-30 11:00:00,97920.26303066598
2022-08-30 11:15:00,97946.21851203957
2022-08-30 11:30:00,97981.66309413042
2022-08-30 11:45:00,98026.3176857409
2022-08-30 12:00:00,98139.62871195252
2022-08-30 12:15:00,98190.14421871188
2022-08-30 12:30:00,98239.543360681
2022-08-30 12:45:00,98352.57529569505
2022-08-30 13:00:00,98437.9772021501
2022-08-30 13:15:00,98458.9090419675
2022-08-30 13:30:00,98619.94466296282
2022-08-30 13:45:00,98572.77825057424
2022-08-30 14:00:00,98590.36099602087
2022-08-30 14:15:00,98742.74478989167
2022-08-30 14:30:00,98763.95572090664
2022-08-30 14:45:00,98815.86668365385
2022-08-30 15:00:00,99148.82248234954
2022-08-30 15:15:00,99045.00055685517
2022-09-01 09:15:00,97997.01310999651
2022-09-01 09:30:00,98405.88171443004
2022-09-01 09:45:00,98294.24523540381
2022-09-01 10:00:00,98579.19734811824
2022-09-01 10:15:00,98723.7665884572
2022-09-01 10:30:00,98554.07914033733
2022-09-01 10:45:00,98456.91912172882
2022-09-01 11:00:00,98456.91912172882
2022-09-01 11:15:00,98456.91912172882
2022-09-01 11:30:00,98456.91912172882
2022-09-01 11:45:00,98456.91912172882
2022-09-01 12:00:00,98456.91912172882
2022-09-01 12:15:00,98456.91912172882
2022-09-01 12:30:00,98456.91912172882
2022-09-01 12:45:00,98456.91912172882
2022-09-01 13:00:00,98456.91912172882
2022-09-01 13:15:00,98456.91912172882
2022-09-01 13:30:00,98456.91912172882
2022-09-01 13:45:00,98456.91912172882
2022-09-01 14:00:00,98456.91912172882
2022-09-01 14:15:00,98456.91912172882
2022-09-01 14:30:00,98456.91912172882
2022-09-01 14:45:00,98456.91912172882
2022-09-01 15:00:00,98456.91912172882
2022-09-01 15:15:00,98456.91912172882
2022-09-02 09:15:00,98456.91912172882
2022-09-02 09:30:00,98456.91912172882
2022-09-02 09:45:00,98456.91912172882
2022-09-02 10:00:00,98456.91912172882
2022-09-02 10:15:00,98456.91912172882
2022-09-02 10:30:00,98456.91912172882
2022-09-02 10:45:00,98456.91912172882
2022-09-02 11:00:00,98456.91912172882
2022-09-02 11:15:00,98456.91912172882
2022-09-02 11:30:00,98456.91912172882
2022-09-02 11:45:00,98456.91912172882
2022-09-02 12:00:00,98456.91912172882
2022-09-02 12:15:00,98456.91912172882
2022-09-02 12:30:00,98456.91912172882
2022-09-02 12:45:00,98456.91912172882
2022-09-02 13:00:00,98403.50760842311
2022-09-02 13:15:00,98406.30545971602
2022-09-02 13:30:00,98369.65360777878
2022-09-02 13:45:00,98441.27860087753
2022-09-02 14:00:00,98556.82985927512
2022-09-02 14:15:00,98529.13113147521
2022-09-02 14:30:00,98294.39140799921
2022-09-02 14:45:00,98178.56036447232
2022-09-02 15:00:00,98208.77715843586
2022-09-02 15:15:00,98080.6355692201
2022-09-05 09:15:00,98454.70828708354
2022-09-05 09:30:00,98695.88306853324
2022-09-05 09:45:00,98677.41724999997
2022-09-05 10:00:00,98753.7985902967
2022-09-05 10:15:00,98785.13452477742
2022-09-05 10:30:00,98708.19361422211
2022-09-05 10:45:00,98634.05055495973
2022-09-05 11:00:00,98670.98219202626
2022-09-05 11:15:00,98625.0974308224
2022-09-05 11:30:00,98674.33961357779
2022-09-05 11:45:00,98718.54566400591
2022-09-05 12:00:00,98820.10766593892
2022-09-05 12:15:00,98857.03930300547
2022-09-05 12:30:00,98888.65502261546
2022-09-05 12:45:00,98803.88012843998
2022-09-05 13:00:00,98766.66870624416
2022-09-05 13:15:00,98790.45044223398
2022-09-05 13:30:00,98664.82691918187
2022-09-05 13:45:00,98793.52807865619
2022-09-05 14:00:00,98872.70727024585
2022-09-05 14:15:00,98899.00707239928
2022-09-05 14:30:00,98879.42211334885
2022-09-05 14:45:00,98786.53345042391
2022-09-05 15:00:00,98886.97631183975
2022-09-05 15:15:00,98785.97388016534
2022-09-06 09:15:00,99169.83907755397
2022-09-06 09:30:00,98911.87718834674
2022-09-06 09:45:00,98923.628163777
2022-09-06 10:00:00,98714.62867219587
2022-09-06 10:15:00,98487.72293234004
2022-09-06 10:30:00,98514.86208988138
2022-09-06 10:45:00,98673.22047306065
2022-09-06 11:00:00,98861.79565020346
2022-09-06 11:15:00,98789.89087197541
2022-09-06 11:30:00,98890.05394826196
2022-09-06 11:45:00,98991.05637993637
2022-09-06 12:00:00,98946.57054437893
2022-09-06 12:15:00,99033.30393445946
2022-09-06 12:30:00,99091.21945622293
2022-09-06 12:45:00,99078.06955514618
2022-09-06 13:00:00,99008.40305795248
2022-09-06 13:15:00,99032.74436420089
2022-09-06 13:30:00,99008.68284308177
2022-09-06 13:45:00,99022.95188467565
2022-09-06 14:00:00,99027.14866161504
2022-09-06 14:15:00,99064.91965406945
2022-09-06 14:30:00,98714.06910193726
2022-09-06 14:45:00,98789.33130171681
2022-09-06 15:00:00,98781.21753296733
2022-09-06 15:15:00,98773.10376421786
2022-09-07 09:15:00,98316.214648084
2022-09-07 09:30:00,98215.94189602676
2022-09-07 09:45:00,98215.94189602676
2022-09-07 10:00:00,98215.94189602676
2022-09-07 10:15:00,98215.94189602676
2022-09-07 10:30:00,98215.94189602676
2022-09-07 10:45:00,98215.94189602676
2022-09-07 11:00:00,98215.94189602676
2022-09-07 11:15:00,98215.94189602676
2022-09-07 11:30:00,98215.94189602676
2022-09-07 11:45:00,98215.94189602676
2022-09-07 12:00:00,98215.94189602676
2022-09-07 12:15:00,98143.07023200377
2022-09-07 12:30:00,98124.68866783212
2022-09-07 12:45:00,98154.21057392596
2022-09-07 13:00:00,98134.43646701403
2022-09-07 13:15:00,98301.54159584703
2022-09-07 13:30:00,98216.87499723832
2022-09-07 13:45:00,98240.26971527492
2022-09-07 14:00:00,98196.26536468224
2022-09-07 14:15:00,98230.24340754494
2022-09-07 14:30:00,98089.31808222912
2022-09-07 14:45:00,98123.57463363989
2022-09-07 15:00:00,98130.25883879319
2022-09-07 15:15:00,98199.32895871084
2022-09-08 09:15:00,99007.00374807033
2022-09-08 09:30:00,98998.64849162869
2022-09-08 09:45:00,98962.16387183349
2022-09-08 10:00:00,98981.9379787454
2022-09-08 10:15:00,98951.30203845934
2022-09-08 10:30:00,98830.15082005542
2022-09-08 10:45:00,98874.15517064813
2022-09-08 11:00:00,98849.08940132317
2022-09-08 11:15:00,98799.23637122133
2022-09-08 11:30:00,98700.71536488962
2022-09-08 11:45:00,98700.71536488962
2022-09-08 12:00:00,98700.71536488962
2022-09-08 12:15:00,98700.71536488962
2022-09-08 12:30:00,98700.71536488962
2022-09-08 12:45:00,98700.71536488962
2022-09-08 13:00:00,98700.71536488962
2022-09-08 13:15:00,98700.71536488962
2022-09-08 13:30:00,98700.71536488962
2022-09-08 13:45:00,98700.71536488962
2022-09-08 14:00:00,98700.71536488962
2022-09-08 14:15:00,98700.71536488962
2022-09-08 14:30:00,98700.71536488962
2022-09-08 14:45:00,98700.71536488962
2022-09-08 15:00:00,98607.27847691365
2022-09-08 15:15:00,98628.0567429226
2022-09-09 09:15:00,99136.98573836857
2022-09-09 09:30:00,99149.72974152073
2022-09-09 09:45:00,99159.98035275181
2022-09-09 10:00:00,99150.00678506751
2022-09-09 10:15:00,99201.53688476972
2022-09-09 10:30:00,99153.05426408217
2022-09-09 10:45:00,99178.81931393327
2022-09-09 11:00:00,99089.88833541496
2022-09-09 11:15:00,99074.09685324813
2022-09-09 11:30:00,98951.64360556871
2022-09-09 11:45:00,98854.6293274858
2022-09-09 12:00:00,98854.6293274858
2022-09-09 12:15:00,98854.6293274858
2022-09-09 12:30:00,98854.6293274858
2022-09-09 12:45:00,98854.6293274858
2022-09-09 13:00:00,98854.6293274858
2022-09-09 13:15:00,98854.6293274858
2022-09-09 13:30:00,98854.6293274858
2022-09-09 13:45:00,98854.6293274858
2022-09-09 14:00:00,98854.6293274858
2022-09-09 14:15:00,98854.6293274858
2022-09-09 14:30:00,98854.6293274858
2022-09-09 14:45:00,98854.6293274858
2022-09-09 15:00:00,98854.6293274858
2022-09-09 15:15:00,98854.6293274858
2022-09-12 09:15:00,98854.6293274858
2022-09-12 09:30:00,98854.6293274858
2022-09-12 09:45:00,98784.67963305073
2022-09-12 10:00:00,98921.49632487485
2022-09-12 10:15:00,98842.76478792979
2022-09-12 10:30:00,98789.63476474659
2022-09-12 10:45:00,98764.85910626737
2022-09-12 11:00:00,98810.2811468126
2022-09-12 11:15:00,98847.99520471985
2022-09-12 11:30:00,98860.10774886524
2022-09-12 11:45:00,98878.00127998913
2022-09-12 12:00:00,98928.37845223019
2022-09-12 12:15:00,98862.86059980739
2022-09-12 12:30:00,98881.30470111969
2022-09-12 12:45:00,98844.96706868352
2022-09-12 13:00:00,98841.38836245873
2022-09-12 13:15:00,98831.75338416126
2022-09-12 13:30:00,98832.3039543497
2022-09-12 13:45:00,98785.5054883334
2022-09-12 14:00:00,98978.75562447128
2022-09-12 14:15:00,98837.25908604552
2022-09-12 14:30:00,98802.57316417462
2022-09-12 14:45:00,98855.4279022636
2022-09-12 15:00:00,98735.1283160923
2022-09-12 15:15:00,98726.04390798324
2022-09-13 09:15:00,99311.85058846962
2022-09-13 09:30:00,99410.40265219808
2022-09-13 09:45:00,99407.0992310675
2022-09-13 10:00:00,99426.36918766247
2022-09-13 10:15:00,99289.0019256499
2022-09-13 10:30:00,99351.21635694217
2022-09-13 10:45:00,99369.10988806604
2022-09-13 11:00:00,99387.55398937836
2022-09-13 11:15:00,99358.37376939174
2022-09-13 11:30:00,99388.37984466102
2022-09-13 11:45:00,99461.3303946276
2022-09-13 12:00:00,99493.26346555637
2022-09-13 12:15:00,99503.72429913648
2022-09-13 12:30:00,99443.1615784095
2022-09-13 12:45:00,99523.82011101408
2022-09-13 13:00:00,99473.44293877299
2022-09-13 13:15:00,99457.20111821442
2022-09-13 13:30:00,99457.47640330864
2022-09-13 13:45:00,99527.12353214464
2022-09-13 14:00:00,99553.82618628336
2022-09-13 14:15:00,99502.0725885712
2022-09-13 14:30:00,99531.80337874628
2022-09-13 14:45:00,99476.74635990357
2022-09-13 15:00:00,99488.03304876632
2022-09-13 15:15:00,99468.76309217137
2022-09-14 09:15:00,98644.8348051903
2022-09-14 09:30:00,98545.914960576
2022-09-14 09:45:00,98545.914960576
2022-09-14 10:00:00,98545.914960576
2022-09-14 10:15:00,98545.914960576
2022-09-14 10:30:00,98545.914960576
2022-09-14 10:45:00,98545.914960576
2022-09-14 11:00:00,98545.914960576
2022-09-14 11:15:00,98545.914960576
2022-09-14 11:30:00,98545.914960576
2022-09-14 11:45:00,98515.29135980112
2022-09-14 12:00:00,98610.87558419957
2022-09-14 12:15:00,98690.57475124813
2022-09-14 12:30:00,98818.75073124378
2022-09-14 12:45:00,98700.70832231619
2022-09-14 13:00:00,98903.10586337766
2022-09-14 13:15:00,98849.15144444785
2022-09-14 13:30:00,98864.48874119946
2022-09-14 13:45:00,98711.38965398248
2022-09-14 14:00:00,98995.95128478472
2022-09-14 14:15:00,99061.13479597909
2022-09-14 14:30:00,99018.68334961301
2022-09-14 14:45:00,98954.5953596152
2022-09-14 15:00:00,98489.82049198149
2022-09-14 15:15:00,98600.46813283242
2022-09-15 09:15:00,99005.81097555364
2022-09-15 09:30:00,98774.38212278376
2022-09-15 09:45:00,98469.2794695463
2022-09-15 10:00:00,98441.06979873528
2022-09-15 10:15:00,98346.73282521908
2022-09-15 10:30:00,98346.73282521908
2022-09-15 10:45:00,98346.73282521908
2022-09-15 11:00:00,98346.73282521908
2022-09-15 11:15:00,98346.73282521908
2022-09-15 11:30:00,98346.73282521908
2022-09-15 11:45:00,98346.73282521908
2022-09-15 12:00:00,98346.73282521908
2022-09-15 12:15:00,98346.73282521908
2022-09-15 12:30:00,98346.73282521908
2022-09-15 12:45:00,98346.73282521908
2022-09-15 13:00:00,98346.73282521908
2022-09-15 13:15:00,98346.73282521908
2022-09-15 13:30:00,98346.73282521908
2022-09-15 13:45:00,98346.73282521908
2022-09-15 14:00:00,98346.73282521908
2022-09-15 14:15:00,98346.73282521908
2022-09-15 14:30:00,98346.73282521908
2022-09-15 14:45:00,98346.73282521908
2022-09-15 15:00:00,98346.73282521908
2022-09-15 15:15:00,98346.73282521908
2022-09-16 09:15:00,98346.73282521908
2022-09-16 09:30:00,98346.73282521908
2022-09-16 09:45:00,98346.73282521908
2022-09-16 10:00:00,98346.73282521908
2022-09-16 10:15:00,98346.73282521908
2022-09-16 10:30:00,98346.73282521908
2022-09-16 10:45:00,98346.73282521908
2022-09-16 11:00:00,98346.73282521908
2022-09-16 11:15:00,98346.73282521908
2022-09-16 11:30:00,98346.73282521908
2022-09-16 11:45:00,98346.73282521908
2022-09-16 12:00:00,98346.73282521908
2022-09-16 12:15:00,98346.73282521908
2022-09-16 12:30:00,98346.73282521908
2022-09-16 12:45:00,98346.73282521908
2022-09-16 13:00:00,98346.73282521908
2022-09-16 13:15:00,98346.73282521908
2022-09-16 13:30:00,98346.73282521908
2022-09-16 13:45:00,98346.73282521908
2022-09-16 14:00:00,98346.73282521908
2022-09-16 14:15:00,98346.73282521908
2022-09-16 14:30:00,98346.73282521908
2022-09-16 14:45:00,98346.73282521908
2022-09-16 15:00:00,98346.73282521908
2022-09-16 15:15:00,98346.73282521908
2022-09-19 09:15:00,98346.73282521908
2022-09-19 09:30:00,98346.73282521908
2022-09-19 09:45:00,98346.73282521908
2022-09-19 10:00:00,98346.73282521908
2022-09-19 10:15:00,98346.73282521908
2022-09-19 10:30:00,98346.73282521908
2022-09-19 10:45:00,98346.73282521908
2022-09-19 11:00:00,98346.73282521908
2022-09-19 11:15:00,98346.73282521908
2022-09-19 11:30:00,98346.73282521908
2022-09-19 11:45:00,98346.73282521908
2022-09-19 12:00:00,98346.73282521908
2022-09-19 12:15:00,98314.13594314575
2022-09-19 12:30:00,98241.42106583116
2022-09-19 12:45:00,98174.55681082924
2022-09-19 13:00:00,98164.52717257895
2022-09-19 13:15:00,98029.96285938755
2022-09-19 13:30:00,98221.36178933056
2022-09-19 13:45:00,98379.32859177263
2022-09-19 14:00:00,98372.64216627245
2022-09-19 14:15:00,98148.36831095349
2022-09-19 14:30:00,98277.91780501971
2022-09-19 14:45:00,98222.1975925181
2022-09-19 15:00:00,98183.47204482948
2022-09-19 15:15:00,98245.04287964376
2022-09-20 09:15:00,99245.22069404759
2022-09-20 09:30:00,99307.90593311189
2022-09-20 09:45:00,99374.77018811382
2022-09-20 10:00:00,99490.11102799216
2022-09-20 10:15:00,99506.54849068013
2022-09-20 10:30:00,99467.54434192901
2022-09-20 10:45:00,99568.67652761943
2022-09-20 11:00:00,99581.7707775573
2022-09-20 11:15:00,99499.86206517994
2022-09-20 11:30:00,99563.10450636929
2022-09-20 11:45:00,99530.22958099333
2022-09-20 12:00:00,99643.34161237159
2022-09-20 12:15:00,99709.64866524852
2022-09-20 12:30:00,99797.68660100104
2022-09-20 12:45:00,99754.2248352498
2022-09-20 13:00:00,99813.00965943899
2022-09-20 13:15:00,99714.66348437365
2022-09-20 13:30:00,99565.89051699438
2022-09-20 13:45:00,99707.41985674846
2022-09-20 14:00:00,99649.7494368093
2022-09-20 14:15:00,99623.28233587104
2022-09-20 14:30:00,99568.11932549445
2022-09-20 14:45:00,99538.8662139311
2022-09-20 15:00:00,99207.33094954655
2022-09-20 15:15:00,99105.06207152111
2022-09-21 09:15:00,99105.06207152111
2022-09-21 09:30:00,99105.06207152111
2022-09-21 09:45:00,99105.06207152111
2022-09-21 10:00:00,99105.06207152111
2022-09-21 10:15:00,99105.06207152111
2022-09-21 10:30:00,99105.06207152111
2022-09-21 10:45:00,99105.06207152111
2022-09-21 11:00:00,99105.06207152111
2022-09-21 11:15:00,99105.06207152111
2022-09-21 11:30:00,99105.06207152111
2022-09-21 11:45:00,99105.06207152111
2022-09-21 12:00:00,99105.06207152111
2022-09-21 12:15:00,99105.06207152111
2022-09-21 12:30:00,99105.06207152111
2022-09-21 12:45:00,99105.06207152111
2022-09-21 13:00:00,99105.06207152111
2022-09-21 13:15:00,99105.06207152111
2022-09-21 13:30:00,99105.06207152111
2022-09-21 13:45:00,99105.06207152111
2022-09-21 14:00:00,99105.06207152111
2022-09-21 14:15:00,98880.99060366635
2022-09-21 14:30:00,98804.17383752788
2022-09-21 14:45:00,98719.28574451254
2022-09-21 15:00:00,98619.08996259279
2022-09-21 15:15:00,98614.35849511325
2022-09-22 09:15:00,98306.25646571002
2022-09-22 09:30:00,98216.8475946788
2022-09-22 09:45:00,98216.8475946788
2022-09-22 10:00:00,98216.8475946788
2022-09-22 10:15:00,98216.8475946788
2022-09-22 10:30:00,98216.8475946788
2022-09-22 10:45:00,98216.8475946788
2022-09-22 11:00:00,98216.8475946788
2022-09-22 11:15:00,98216.8475946788
2022-09-22 11:30:00,98216.8475946788
2022-09-22 11:45:00,98216.8475946788
2022-09-22 12:00:00,98216.8475946788
2022-09-22 12:15:00,98216.8475946788
2022-09-22 12:30:00,98216.8475946788
2022-09-22 12:45:00,98216.8475946788
2022-09-22 13:00:00,98216.8475946788
2022-09-22 13:15:00,98216.8475946788
2022-09-22 13:30:00,98216.8475946788
2022-09-22 13:45:00,98231.12981412988
2022-09-22 14:00:00,98276.96276737074
2022-09-22 14:15:00,98288.62933728659
2022-09-22 14:30:00,98210.57442904003
2022-09-22 14:45:00,98081.13105806887
2022-09-22 15:00:00,97906.41028480523
2022-09-22 15:15:00,97976.68747977455
2022-09-23 09:15:00,97454.46958830293
2022-09-23 09:30:00,97360.34509109918
2022-09-23 09:45:00,97360.34509109918
2022-09-23 10:00:00,97360.34509109918
2022-09-23 10:15:00,97360.34509109918
2022-09-23 10:30:00,97360.34509109918
2022-09-23 10:45:00,97360.34509109918
2022-09-23 11:00:00,97360.34509109918
2022-09-23 11:15:00,97360.34509109918
2022-09-23 11:30:00,97360.34509109918
2022-09-23 11:45:00,97360.34509109918
2022-09-23 12:00:00,97360.34509109918
2022-09-23 12:15:00,97360.34509109918
2022-09-23 12:30:00,97360.34509109918
2022-09-23 12:45:00,97360.34509109918
2022-09-23 13:00:00,97360.34509109918
2022-09-23 13:15:00,97360.34509109918
2022-09-23 13:30:00,97360.34509109918
2022-09-23 13:45:00,97360.34509109918
2022-09-23 14:00:00,97360.34509109918
2022-09-23 14:15:00,97360.34509109918
2022-09-23 14:30:00,97360.34509109918
2022-09-23 14:45:00,97360.34509109918
2022-09-23 15:00:00,97360.34509109918
2022-09-23 15:15:00,97360.34509109918
2022-09-26 09:15:00,97360.34509109918
2022-09-26 09:30:00,97360.34509109918
2022-09-26 09:45:00,97360.34509109918
2022-09-26 10:00:00,97360.34509109918
2022-09-26 10:15:00,97360.34509109918
2022-09-26 10:30:00,97360.34509109918
2022-09-26 10:45:00,97360.34509109918
2022-09-26 11:00:00,97360.34509109918
2022-09-26 11:15:00,97360.34509109918
2022-09-26 11:30:00,97360.34509109918
2022-09-26 11:45:00,97360.34509109918
2022-09-26 12:00:00,97360.34509109918
2022-09-26 12:15:00,97360.34509109918
2022-09-26 12:30:00,97360.34509109918
2022-09-26 12:45:00,97360.34509109918
2022-09-26 13:00:00,97360.34509109918
2022-09-26 13:15:00,96849.53020421174
2022-09-26 13:30:00,96968.55070287827
2022-09-26 13:45:00,96877.58503604027
2022-09-26 14:00:00,96748.64616248486
2022-09-26 14:15:00,97078.78635521463
2022-09-26 14:30:00,96839.32844718316
2022-09-26 14:45:00,96685.7353274754
2022-09-26 15:00:00,96472.065194155
2022-09-26 15:15:00,96507.77134375495
2022-09-27 09:15:00,97177.97010410337
2022-09-27 09:30:00,96827.42639731648
2022-09-27 09:45:00,96681.76797751982
2022-09-27 10:00:00,96538.37661484063
2022-09-27 10:15:00,96439.47624809154
2022-09-27 10:30:00,96349.54804326693
2022-09-27 10:45:00,96349.54804326693
2022-09-27 11:00:00,96349.54804326693
2022-09-27 11:15:00,96349.54804326693
2022-09-27 11:30:00,96349.54804326693
2022-09-27 11:45:00,96349.54804326693
2022-09-27 12:00:00,96349.54804326693
2022-09-27 12:15:00,96349.54804326693
2022-09-27 12:30:00,96349.54804326693
2022-09-27 12:45:00,96349.54804326693
2022-09-27 13:00:00,96349.54804326693
2022-09-27 13:15:00,96349.54804326693
2022-09-27 13:30:00,96219.70433888157
2022-09-27 13:45:00,96190.71359851824
2022-09-27 14:00:00,95941.89986569127
2022-09-27 14:15:00,95859.43106058006
2022-09-27 14:30:00,95679.01295793062
2022-09-27 14:45:00,95579.67857851542
2022-09-27 15:00:00,95579.67857851542
2022-09-27 15:15:00,95579.67857851542
2022-09-28 09:15:00,95579.67857851542
2022-09-28 09:30:00,95579.67857851542
2022-09-28 09:45:00,95579.67857851542
2022-09-28 10:00:00,95579.67857851542
2022-09-28 10:15:00,95579.67857851542
2022-09-28 10:30:00,95579.67857851542
2022-09-28 10:45:00,95579.67857851542
2022-09-28 11:00:00,95579.67857851542
2022-09-28 11:15:00,95579.67857851542
2022-09-28 11:30:00,95579.67857851542
2022-09-28 11:45:00,95605.13725709596
2022-09-28 12:00:00,95606.54141437159
2022-09-28 12:15:00,95413.32937324527
2022-09-28 12:30:00,95412.767710335
2022-09-28 12:45:00,95363.62220568804
2022-09-28 13:00:00,95287.23604989391
2022-09-28 13:15:00,95482.69474266123
2022-09-28 13:30:00,95245.95382599045
2022-09-28 13:45:00,95147.66281669654
2022-09-28 14:00:00,95161.70438945282
2022-09-28 14:15:00,95012.30205532607
2022-09-28 14:30:00,94917.57030389442
2022-09-28 14:45:00,94917.57030389442
2022-09-28 15:00:00,94917.57030389442
2022-09-28 15:15:00,94917.57030389442
2022-09-29 09:15:00,94917.57030389442
2022-09-29 09:30:00,94917.57030389442
2022-09-29 09:45:00,94917.57030389442
2022-09-29 10:00:00,94917.57030389442
2022-09-29 10:15:00,94917.57030389442
2022-09-29 10:30:00,94917.57030389442
2022-09-29 10:45:00,94917.57030389442
2022-09-29 11:00:00,94596.62574388993
2022-09-29 11:15:00,94648.59239417958
2022-09-29 11:30:00,94570.0836375592
2022-09-29 11:45:00,94323.38174397996
2022-09-29 12:00:00,94403.56684415803
2022-09-29 12:15:00,94431.50590345354
2022-09-29 12:30:00,94271.13570309736
2022-09-29 12:45:00,94180.21390182262
2022-09-29 13:00:00,94180.21390182262
2022-09-29 13:15:00,94180.21390182262
2022-09-29 13:30:00,94180.21390182262
2022-09-29 13:45:00,94180.21390182262
2022-09-29 14:00:00,94180.21390182262
2022-09-29 14:15:00,94180.21390182262
2022-09-29 14:30:00,94180.21390182262
2022-09-29 14:45:00,94180.21390182262
2022-09-29 15:00:00,94180.21390182262
2022-09-29 15:15:00,94180.21390182262
2022-09-30 09:15:00,94180.21390182262
2022-09-30 09:30:00,94180.21390182262
2022-09-30 09:45:00,94180.21390182262
2022-09-30 10:00:00,94180.21390182262
2022-09-30 10:15:00,94180.21390182262
2022-09-30 10:30:00,94180.21390182262
2022-09-30 10:45:00,94180.21390182262
2022-09-30 11:00:00,94180.21390182262
2022-09-30 11:15:00,94180.21390182262
2022-09-30 11:30:00,94180.21390182262
2022-09-30 11:45:00,94170.02991713745
2022-09-30 12:00:00,94221.31474355685
2022-09-30 12:15:00,94420.63252839766
2022-09-30 12:30:00,94737.48959108617
2022-09-30 12:45:00,94753.01364665097
2022-09-30 13:00:00,94652.10728547983
2022-09-30 13:15:00,94774.91365360843
2022-09-30 13:30:00,94953.44029260353
2022-09-30 13:45:00,95013.0415773612
2022-09-30 14:00:00,95154.97579966788
2022-09-30 14:15:00,95198.77581358282
2022-09-30 14:30:00,95023.02132736714
2022-09-30 14:45:00,94943.18332731965
2022-09-30 15:00:00,94619.39588268257
2022-09-30 15:15:00,94847.54405642943
2022-10-03 09:15:00,94471.91735481705
2022-10-03 09:30:00,94345.32062219313
2022-10-03 09:45:00,94345.32062219313
2022-10-03 10:00:00,94345.32062219313
2022-10-03 10:15:00,94345.32062219313
2022-10-03 10:30:00,94345.32062219313
2022-10-03 10:45:00,94345.32062219313
2022-10-03 11:00:00,94345.32062219313
2022-10-03 11:15:00,94345.32062219313
2022-10-03 11:30:00,94345.32062219313
2022-10-03 11:45:00,94131.3390638925
2022-10-03 12:00:00,94027.45170738653
2022-10-03 12:15:00,93981.8628408347
2022-10-03 12:30:00,93939.31323205298
2022-10-03 12:45:00,94068.89613152455
2022-10-03 13:00:00,94054.80502731762
2022-10-03 13:15:00,94007.55838380026
2022-10-03 13:30:00,93907.81546970809
2022-10-03 13:45:00,93687.05483713288
2022-10-03 14:00:00,93588.14081152347
2022-10-03 14:15:00,93501.72918719568
2022-10-03 14:30:00,93501.72918719568
2022-10-03 14:45:00,93501.72918719568
2022-10-03 15:00:00,93501.72918719568
2022-10-03 15:15:00,93501.72918719568
2022-10-04 09:15:00,93501.72918719568
2022-10-04 09:30:00,93224.28944311899
2022-10-04 09:45:00,93435.89954874408
2022-10-04 10:00:00,93451.63465916236
2022-10-04 10:15:00,93499.38258043161
2022-10-04 10:30:00,93614.41166348937
2022-10-04 10:45:00,93368.61838695561
2022-10-04 11:00:00,93428.30328854217
2022-10-04 11:15:00,93342.84536127049
2022-10-04 11:30:00,93426.13292848445
2022-10-04 11:45:00,93505.07977558304
2022-10-04 12:00:00,93527.0546711672
2022-10-04 12:15:00,93560.96654706867
2022-10-04 12:30:00,93627.43382383551
2022-10-04 12:45:00,93539.53424149893
2022-10-04 13:00:00,93574.53129742923
2022-10-04 13:15:00,93614.41166348933
2022-10-04 13:30:00,93602.74597817921
2022-10-04 13:45:00,93548.48697673688
2022-10-04 14:00:00,93645.06799930426
2022-10-04 14:15:00,93649.95130943407
2022-10-04 14:30:00,93531.12409627538
2022-10-04 14:45:00,93683.3205953211
2022-10-04 15:00:00,93725.64261644612
2022-10-04 15:15:00,93745.71844697978
2022-10-06 09:15:00,94381.36264887667
2022-10-06 09:30:00,94187.11542371313
2022-10-06 09:45:00,94399.26811935264
2022-10-06 10:00:00,94417.4448848358
2022-10-06 10:15:00,94464.92151109784
2022-10-06 10:30:00,94404.15142948243
2022-10-06 10:45:00,94411.20509966993
2022-10-06 11:00:00,94408.76344460504
2022-10-06 11:15:00,94184.40247364099
2022-10-06 11:30:00,94208.54772928283
2022-10-06 11:45:00,94221.29859462177
2022-10-06 12:00:00,94325.20458238384
2022-10-06 12:15:00,94244.9012602492
2022-10-06 12:30:00,94365.89883346559
2022-10-06 12:45:00,94456.51136587428
2022-10-06 13:00:00,94394.92739923722
2022-10-06 13:15:00,94432.90870024684
2022-10-06 13:30:00,94397.64034930932
2022-10-06 13:45:00,94265.24838579005
2022-10-06 14:00:00,94173.82196835971
2022-10-06 14:15:00,94159.4433329775
2022-10-06 14:30:00,94098.40195635488
2022-10-06 14:45:00,94192.27002885011
2022-10-06 15:00:00,94036.81798971782
2022-10-06 15:15:00,93950.64085938204
2022-10-07 09:15:00,93950.64085938204
2022-10-07 09:30:00,93950.64085938204
2022-10-07 09:45:00,93950.64085938204
2022-10-07 10:00:00,93950.64085938204
2022-10-07 10:15:00,93950.64085938204
2022-10-07 10:30:00,93950.64085938204
2022-10-07 10:45:00,93950.64085938204
2022-10-07 11:00:00,93950.64085938204
2022-10-07 11:15:00,93950.64085938204
2022-10-07 11:30:00,93950.64085938204
2022-10-07 11:45:00,93950.64085938204
2022-10-07 12:00:00,93950.64085938204
2022-10-07 12:15:00,93950.64085938204
2022-10-07 12:30:00,93950.64085938204
2022-10-07 12:45:00,93950.64085938204
2022-10-07 13:00:00,93950.64085938204
2022-10-07 13:15:00,93950.64085938204
2022-10-07 13:30:00,93950.64085938204
2022-10-07 13:45:00,93950.64085938204
2022-10-07 14:00:00,93950.64085938204
2022-10-07 14:15:00,93950.64085938204
2022-10-07 14:30:00,93950.64085938204
2022-10-07 14:45:00,93950.64085938204
2022-10-07 15:00:00,93766.75440471685
2022-10-07 15:15:00,93815.78567670134
2022-10-10 09:15:00,92764.45768459201
2022-10-10 09:30:00,92670.34012633526
2022-10-10 09:45:00,92670.34012633526
2022-10-10 10:00:00,92670.34012633526
2022-10-10 10:15:00,92670.34012633526
2022-10-10 10:30:00,92670.34012633526
2022-10-10 10:45:00,92670.34012633526
2022-10-10 11:00:00,92670.34012633526
2022-10-10 11:15:00,92670.34012633526
2022-10-10 11:30:00,92670.34012633526
2022-10-10 11:45:00,92708.43453824118
2022-10-10 12:00:00,92820.0564090481
2022-10-10 12:15:00,92830.30189477435
2022-10-10 12:30:00,93105.58191915568
2022-10-10 12:45:00,93126.88174474445
2022-10-10 13:00:00,92939.76682121787
2022-10-10 13:15:00,92797.67811127765
2022-10-10 13:30:00,92883.41664972354
2022-10-10 13:45:00,92598.43037570683
2022-10-10 14:00:00,92529.4081560774
2022-10-10 14:15:00,92440.91897433207
2022-10-10 14:30:00,92440.91897433207
2022-10-10 14:45:00,92440.91897433207
2022-10-10 15:00:00,92440.91897433207
2022-10-10 15:15:00,92440.91897433207
2022-10-11 09:15:00,92440.91897433207
2022-10-11 09:30:00,92440.91897433207
2022-10-11 09:45:00,92440.91897433207
2022-10-11 10:00:00,92440.91897433207
2022-10-11 10:15:00,92440.91897433207
2022-10-11 10:30:00,92440.91897433207
2022-10-11 10:45:00,92440.91897433207
2022-10-11 11:00:00,92440.91897433207
2022-10-11 11:15:00,92440.91897433207
2022-10-11 11:30:00,92440.91897433207
2022-10-11 11:45:00,92440.91897433207
2022-10-11 12:00:00,92440.91897433207
2022-10-11 12:15:00,92070.40002836364
2022-10-11 12:30:00,91868.28347013336
2022-10-11 12:45:00,92118.98315856242
2022-10-11 13:00:00,91930.28735453071
2022-10-11 13:15:00,91912.30354390464
2022-10-11 13:30:00,91973.77059813403
2022-10-11 13:45:00,91910.96146848476
2022-10-11 14:00:00,91987.7281825005
2022-10-11 14:15:00,91734.07592814777
2022-10-11 14:30:00,91641.00111887518
2022-10-11 14:45:00,91641.00111887518
2022-10-11 15:00:00,91641.00111887518
2022-10-11 15:15:00,91641.00111887518
2022-10-12 09:15:00,91641.00111887518
2022-10-12 09:30:00,91641.00111887518
2022-10-12 09:45:00,91641.00111887518
2022-10-12 10:00:00,91641.00111887518
2022-10-12 10:15:00,91641.00111887518
2022-10-12 10:30:00,91641.00111887518
2022-10-12 10:45:00,91641.00111887518
2022-10-12 11:00:00,91641.00111887518
2022-10-12 11:15:00,91641.00111887518
2022-10-12 11:30:00,91641.00111887518
2022-10-12 11:45:00,91641.00111887518
2022-10-12 12:00:00,91641.00111887518
2022-10-12 12:15:00,91573.45254774933
2022-10-12 12:30:00,91397.84550246695
2022-10-12 12:45:00,91330.65439215313
2022-10-12 13:00:00,91273.1002538365
2022-10-12 13:15:00,91228.39541151616
2022-10-12 13:30:00,91283.80800050005
2022-10-12 13:45:00,91475.74435944433
2022-10-12 14:00:00,91506.26143743545
2022-10-12 14:15:00,91522.32305743078
2022-10-12 14:30:00,91654.02834139256
2022-10-12 14:45:00,91672.4992043872
2022-10-12 15:00:00,91684.2777257171
2022-10-12 15:15:00,91706.76399371057
2022-10-13 09:15:00,91484.84594410833
2022-10-13 09:30:00,91350.19602981409
2022-10-13 09:45:00,91301.74347616149
2022-10-13 10:00:00,91171.37666053265
2022-10-13 10:15:00,91084.48409943888
2022-10-13 10:30:00,91084.48409943888
2022-10-13 10:45:00,91084.48409943888
2022-10-13 11:00:00,91084.48409943888
2022-10-13 11:15:00,91084.48409943888
2022-10-13 11:30:00,91084.48409943888
2022-10-13 11:45:00,91084.48409943888
2022-10-13 12:00:00,91084.48409943888
2022-10-13 12:15:00,91084.48409943888
2022-10-13 12:30:00,91084.48409943888
2022-10-13 12:45:00,91084.48409943888
2022-10-13 13:00:00,91084.48409943888
2022-10-13 13:15:00,91084.48409943888
2022-10-13 13:30:00,91084.48409943888
2022-10-13 13:45:00,91084.48409943888
2022-10-13 14:00:00,91084.48409943888
2022-10-13 14:15:00,91084.48409943888
2022-10-13 14:30:00,91084.48409943888
2022-10-13 14:45:00,90790.8942237616
2022-10-13 15:00:00,90689.64152797268
2022-10-13 15:15:00,90689.37507351009
2022-10-14 09:15:00,92147.41389287055
2022-10-14 09:30:00,92090.39263787362
2022-10-14 09:45:00,92171.66124896736
2022-10-14 10:00:00,92186.31624441048
2022-10-14 10:15:00,92026.71002131162
2022-10-14 10:30:00,92029.90747486285
2022-10-14 10:45:00,92116.77162967125
2022-10-14 11:00:00,92168.73024987873
2022-10-14 11:15:00,92220.15596116098
2022-10-14 11:30:00,92188.18142564868
2022-10-14 11:45:00,92227.61668611385
2022-10-14 12:00:00,92429.85562322909
2022-10-14 12:15:00,92360.57746295245
2022-10-14 12:30:00,92277.44367062049
2022-10-14 12:45:00,92099.18563513947
2022-10-14 13:00:00,92137.02216882902
2022-10-14 13:15:00,92198.04024076497
2022-10-14 13:30:00,92243.60395386997
2022-10-14 13:45:00,91895.34797124859
2022-10-14 14:00:00,91960.36286012358
2022-10-14 14:15:00,91821.80653957032
2022-10-14 14:30:00,91732.380425104
2022-10-14 14:45:00,91732.380425104
2022-10-14 15:00:00,91732.380425104
2022-10-14 15:15:00,91732.380425104
2022-10-17 09:15:00,91732.380425104
2022-10-17 09:30:00,91732.380425104
2022-10-17 09:45:00,91732.380425104
2022-10-17 10:00:00,91732.380425104
2022-10-17 10:15:00,91732.380425104
2022-10-17 10:30:00,91732.380425104
2022-10-17 10:45:00,91732.380425104
2022-10-17 11:00:00,91732.380425104
2022-10-17 11:15:00,91732.380425104
2022-10-17 11:30:00,91732.380425104
2022-10-17 11:45:00,91732.380425104
2022-10-17 12:00:00,91732.380425104
2022-10-17 12:15:00,91723.94783678821
2022-10-17 12:30:00,91714.92811407574
2022-10-17 12:45:00,91702.72495981769
2022-10-17 13:00:00,91778.86203094941
2022-10-17 13:15:00,91896.91428409795
2022-10-17 13:30:00,91880.20126848367
2022-10-17 13:45:00,91704.05138962832
2022-10-17 14:00:00,91747.5582874179
2022-10-17 14:15:00,91795.84033252583
2022-10-17 14:30:00,91880.46655444578
2022-10-17 14:45:00,91889.22099119614
2022-10-17 15:00:00,91778.59674498728
2022-10-17 15:15:00,91897.97542794648
2022-10-18 09:15:00,92736.01378232
2022-10-18 09:30:00,92830.72087080096
2022-10-18 09:45:00,92919.3263821529
2022-10-18 10:00:00,92869.18733531002
2022-10-18 10:15:00,92944.26326259326
2022-10-18 10:30:00,92834.70016023293
2022-10-18 10:45:00,92711.34218784176
2022-10-18 11:00:00,92760.4200908361
2022-10-18 11:15:00,92683.7524477801
2022-10-18 11:30:00,92591.06869533233
2022-10-18 11:45:00,92591.06869533233
2022-10-18 12:00:00,92591.06869533233
2022-10-18 12:15:00,92591.06869533233
2022-10-18 12:30:00,92591.06869533233
2022-10-18 12:45:00,92591.06869533233
2022-10-18 13:00:00,92591.06869533233
2022-10-18 13:15:00,92591.06869533233
2022-10-18 13:30:00,92591.06869533233
2022-10-18 13:45:00,92591.06869533233
2022-10-18 14:00:00,92591.06869533233
2022-10-18 14:15:00,92591.06869533233
2022-10-18 14:30:00,92591.06869533233
2022-10-18 14:45:00,92591.06869533233
2022-10-18 15:00:00,92591.06869533233
2022-10-18 15:15:00,92591.06869533233
2022-10-19 09:15:00,92591.06869533233
2022-10-19 09:30:00,92566.95872834075
2022-10-19 09:45:00,92551.41878603105
2022-10-19 10:00:00,92561.42756243392
2022-10-19 10:15:00,92700.23348781031
2022-10-19 10:30:00,92724.20187340664
2022-10-19 10:45:00,92617.26599920772
2022-10-19 11:00:00,92604.09655657239
2022-10-19 11:15:00,92591.45389164248
2022-10-19 11:30:00,92561.4275624339
2022-10-19 11:45:00,92449.75068888628
2022-10-19 12:00:00,92436.05446854555
2022-10-19 12:15:00,92410.2423609803
2022-10-19 12:30:00,92345.71209206717
2022-10-19 12:45:00,92253.62950543896
2022-10-19 13:00:00,92253.62950543896
2022-10-19 13:15:00,92253.62950543896
2022-10-19 13:30:00,92253.62950543896
2022-10-19 13:45:00,92253.62950543896
2022-10-19 14:00:00,92253.62950543896
2022-10-19 14:15:00,92253.62950543896
2022-10-19 14:30:00,92253.62950543896
2022-10-19 14:45:00,92253.62950543896
2022-10-19 15:00:00,92253.62950543896
2022-10-19 15:15:00,92253.62950543896
2022-10-20 09:15:00,92253.62950543896
2022-10-20 09:30:00,92253.62950543896
2022-10-20 09:45:00,92253.62950543896
2022-10-20 10:00:00,92253.62950543896
2022-10-20 10:15:00,92253.62950543896
2022-10-20 10:30:00,92253.62950543896
2022-10-20 10:45:00,92253.62950543896
2022-10-20 11:00:00,92253.62950543896
2022-10-20 11:15:00,92253.62950543896
2022-10-20 11:30:00,92253.62950543896
2022-10-20 11:45:00,92253.62950543896
2022-10-20 12:00:00,92253.62950543896
2022-10-20 12:15:00,92253.62950543896
2022-10-20 12:30:00,92253.62950543896
2022-10-20 12:45:00,92253.62950543896
2022-10-20 13:00:00,92121.38304418615
2022-10-20 13:15:00,92162.9545403446
2022-10-20 13:30:00,91992.19567321274
2022-10-20 13:45:00,92010.08720320498
2022-10-20 14:00:00,92121.11993345097
2022-10-20 14:15:00,92106.38573228088
2022-10-20 14:30:00,92248.99175074848
2022-10-20 14:45:00,92252.41219030581
2022-10-20 15:00:00,92442.37814110583
2022-10-20 15:15:00,92432.1168224338
2022-10-21 09:15:00,92852.30466651636
2022-10-21 09:30:00,92823.09937491138
2022-10-21 09:45:00,92793.36786183604
2022-10-21 10:00:00,92877.03707562329
2022-10-21 10:15:00,92794.9465262471
2022-10-21 10:30:00,92843.35890152025
2022-10-21 10:45:00,92771.52967081609
2022-10-21 11:00:00,92796.26207992302
2022-10-21 11:15:00,92861.51354224766
2022-10-21 11:30:00,92973.59871543439
2022-10-21 11:45:00,92838.88601902219
2022-10-21 12:00:00,92902.82192767096
2022-10-21 12:15:00,92871.24863944935
2022-10-21 12:30:00,92774.95011037345
2022-10-21 12:45:00,92917.29301810588
2022-10-21 13:00:00,92887.29839429534
2022-10-21 13:15:00,92801.78740536181
2022-10-21 13:30:00,92614.97878338397
2022-10-21 13:45:00,92627.08187720226
2022-10-21 14:00:00,92468.42610388869
2022-10-21 14:15:00,92376.48337303368
2022-10-21 14:30:00,92376.48337303368
2022-10-21 14:45:00,92376.48337303368
2022-10-21 15:00:00,92376.48337303368
2022-10-21 15:15:00,92376.48337303368
2022-10-24 18:15:00,92376.48337303368
2022-10-24 18:30:00,92259.91681172537
2022-10-24 18:45:00,92253.41410260298
2022-10-24 19:00:00,92280.9855892819
2022-10-25 09:15:00,92288.00851513408
2022-10-25 09:30:00,92349.65419761433
2022-10-25 09:45:00,92373.58416718472
2022-10-25 10:00:00,92375.92514246877
2022-10-25 10:15:00,92152.49205702348
2022-10-25 10:30:00,92086.42453234
2022-10-25 10:45:00,92051.30990307909
2022-10-25 11:00:00,91968.09343389806
2022-10-25 11:15:00,91968.09343389806
2022-10-25 11:30:00,91968.09343389806
2022-10-25 11:45:00,91968.09343389806
2022-10-25 12:00:00,91968.09343389806
2022-10-25 12:15:00,91968.09343389806
2022-10-25 12:30:00,91968.09343389806
2022-10-25 12:45:00,91968.09343389806
2022-10-25 13:00:00,91968.09343389806
2022-10-25 13:15:00,91968.09343389806
2022-10-25 13:30:00,91968.09343389806
2022-10-25 13:45:00,91968.09343389806
2022-10-25 14:00:00,91968.09343389806
2022-10-25 14:15:00,91804.7842841851
2022-10-25 14:30:00,91877.941294624
2022-10-25 14:45:00,91808.41619250475
2022-10-25 15:00:00,91584.79440882272
2022-10-25 15:15:00,91537.83902268995
2022-10-27 09:15:00,92177.83315301895
2022-10-27 09:30:00,92227.90160342572
2022-10-27 09:45:00,92071.21070163458
2022-10-27 10:00:00,91998.31311321852
2022-10-27 10:15:00,92036.96699462063
2022-10-27 10:30:00,91959.6592318164
2022-10-27 10:45:00,91978.5970394832
2022-10-27 11:00:00,92020.88282920497
2022-10-27 11:15:00,91951.8765711314
2022-10-27 11:30:00,91860.4430197619
2022-10-27 11:45:00,91860.4430197619
2022-10-27 12:00:00,91860.4430197619
2022-10-27 12:15:00,91860.4430197619
2022-10-27 12:30:00,91860.4430197619
2022-10-27 12:45:00,91860.4430197619
2022-10-27 13:00:00,91860.4430197619
2022-10-27 13:15:00,91860.4430197619
2022-10-27 13:30:00,91860.4430197619
2022-10-27 13:45:00,91860.4430197619
2022-10-27 14:00:00,91860.4430197619
2022-10-27 14:15:00,91860.4430197619
2022-10-27 14:30:00,91860.4430197619
2022-10-27 14:45:00,91860.4430197619
2022-10-27 15:00:00,91860.4430197619
2022-10-27 15:15:00,91860.4430197619
2022-10-28 09:15:00,91860.4430197619
2022-10-28 09:30:00,91861.14685110349
2022-10-28 09:45:00,91787.92051706831
2022-10-28 10:00:00,91961.96198000402
2022-10-28 10:15:00,91870.42906246005
2022-10-28 10:30:00,91790.4989091118
2022-10-28 10:45:00,91754.65925970726
2022-10-28 11:00:00,91715.72553985054
2022-10-28 11:15:00,91681.17508646775
2022-10-28 11:30:00,91624.70830071527
2022-10-28 11:45:00,91662.09498534592
2022-10-28 12:00:00,91651.78141717195
2022-10-28 12:15:00,91591.96272176295
2022-10-28 12:30:00,91633.47483366317
2022-10-28 12:45:00,91498.62492978854
2022-10-28 13:00:00,91405.83839803303
2022-10-28 13:15:00,91405.83839803303
2022-10-28 13:30:00,91405.83839803303
2022-10-28 13:45:00,91405.83839803303
2022-10-28 14:00:00,91405.83839803303
2022-10-28 14:15:00,91405.83839803303
2022-10-28 14:30:00,91405.83839803303
2022-10-28 14:45:00,91405.83839803303
2022-10-28 15:00:00,91405.83839803303
2022-10-28 15:15:00,91405.83839803303
2022-10-31 09:15:00,91527.03832828843
2022-10-31 09:30:00,91536.47047869631
2022-10-31 09:45:00,91468.40604196914
2022-10-31 10:00:00,91559.15862427204
2022-10-31 10:15:00,91532.90155692035
2022-10-31 10:30:00,91502.5657218247
2022-10-31 10:45:00,91514.54710207258
2022-10-31 11:00:00,91600.71107066353
2022-10-31 11:15:00,91671.83458319868
2022-10-31 11:30:00,91628.7525989032
2022-10-31 11:45:00,91684.58073239852
2022-10-31 12:00:00,91679.99211868658
2022-10-31 12:15:00,91708.79841587823
2022-10-31 12:30:00,91651.44074447892
2022-10-31 12:45:00,91653.22520536692
2022-10-31 13:00:00,91624.41890817527
2022-10-31 13:15:00,91656.0293581909
2022-10-31 13:30:00,91604.27999243952
2022-10-31 13:45:00,91550.74616580017
2022-10-31 14:00:00,91552.02078072015
2022-10-31 14:15:00,91625.43860011126
2022-10-31 14:30:00,91644.81274689503
2022-10-31 14:45:00,91666.48120053476
2022-10-31 15:00:00,91863.7915901484
2022-10-31 15:15:00,91852.32005586853
2022-11-01 09:15:00,92383.83447750213
2022-11-01 09:30:00,92399.89462549392
2022-11-01 09:45:00,92491.15705376482
2022-11-01 10:00:00,92592.8713243796
2022-11-01 10:15:00,92570.69302477184
2022-11-01 10:30:00,92628.56054213915
2022-11-01 10:45:00,92622.44239052323
2022-11-01 11:00:00,92563.30025823595
2022-11-01 11:15:00,92477.64613561297
2022-11-01 11:30:00,92480.70521142094
2022-11-01 11:45:00,92539.59242072422
2022-11-01 12:00:00,92407.03246904582
2022-11-01 12:15:00,92439.91753398142
2022-11-01 12:30:00,92400.6593944459
2022-11-01 12:45:00,92365.73494563832
2022-11-01 13:00:00,92121.51872696927
2022-11-01 13:15:00,92025.06785120508
2022-11-01 13:30:00,92025.06785120508
2022-11-01 13:45:00,92025.06785120508
2022-11-01 14:00:00,92025.06785120508
2022-11-01 14:15:00,92025.06785120508
2022-11-01 14:30:00,92025.06785120508
2022-11-01 14:45:00,92025.06785120508
2022-11-01 15:00:00,92025.06785120508
2022-11-01 15:15:00,92025.06785120508
2022-11-02 09:15:00,92025.06785120508
2022-11-02 09:30:00,92025.06785120508
2022-11-02 09:45:00,92025.06785120508
2022-11-02 10:00:00,92025.06785120508
2022-11-02 10:15:00,92025.06785120508
2022-11-02 10:30:00,92025.06785120508
2022-11-02 10:45:00,92025.06785120508
2022-11-02 11:00:00,92025.06785120508
2022-11-02 11:15:00,92025.06785120508
2022-11-02 11:30:00,92025.06785120508
2022-11-02 11:45:00,92025.06785120508
2022-11-02 12:00:00,92025.06785120508
2022-11-02 12:15:00,92025.06785120508
2022-11-02 12:30:00,92025.06785120508
2022-11-02 12:45:00,92025.06785120508
2022-11-02 13:00:00,92025.06785120508
2022-11-02 13:15:00,92025.06785120508
2022-11-02 13:30:00,92025.06785120508
2022-11-02 13:45:00,92025.06785120508
2022-11-02 14:00:00,92025.06785120508
2022-11-02 14:15:00,92025.06785120508
2022-11-02 14:30:00,92025.06785120508
2022-11-02 14:45:00,92025.06785120508
2022-11-02 15:00:00,92025.06785120508
2022-11-02 15:15:00,92025.06785120508
2022-11-03 09:15:00,92025.06785120508
2022-11-03 09:30:00,92025.06785120508
2022-11-03 09:45:00,92025.06785120508
2022-11-03 10:00:00,92025.06785120508
2022-11-03 10:15:00,92025.06785120508
2022-11-03 10:30:00,92025.06785120508
2022-11-03 10:45:00,92025.06785120508
2022-11-03 11:00:00,92025.06785120508
2022-11-03 11:15:00,92025.06785120508
2022-11-03 11:30:00,92025.06785120508
2022-11-03 11:45:00,92025.06785120508
2022-11-03 12:00:00,92025.06785120508
2022-11-03 12:15:00,92025.06785120508
2022-11-03 12:30:00,92025.06785120508
2022-11-03 12:45:00,92025.06785120508
2022-11-03 13:00:00,92025.06785120508
2022-11-03 13:15:00,92025.06785120508
2022-11-03 13:30:00,92025.06785120508
2022-11-03 13:45:00,92025.06785120508
2022-11-03 14:00:00,92025.06785120508
2022-11-03 14:15:00,92025.06785120508
2022-11-03 14:30:00,92025.06785120508
2022-11-03 14:45:00,92025.06785120508
2022-11-03 15:00:00,92025.06785120508
2022-11-03 15:15:00,92025.06785120508
2022-11-04 09:15:00,92025.06785120508
2022-11-04 09:30:00,91816.12037087358
2022-11-04 09:45:00,91681.91377567884
2022-11-04 10:00:00,91677.33855084264
2022-11-04 10:15:00,91647.09123109232
2022-11-04 10:30:00,91622.43585280844
2022-11-04 10:45:00,91527.51239223631
2022-11-04 11:00:00,91527.51239223631
2022-11-04 11:15:00,91527.51239223631
2022-11-04 11:30:00,91527.51239223631
2022-11-04 11:45:00,91527.51239223631
2022-11-04 12:00:00,91527.51239223631
2022-11-04 12:15:00,91527.51239223631
2022-11-04 12:30:00,91527.51239223631
2022-11-04 12:45:00,91527.51239223631
2022-11-04 13:00:00,91527.51239223631
2022-11-04 13:15:00,91527.51239223631
2022-11-04 13:30:00,91435.22533119995
2022-11-04 13:45:00,91410.66659170581
2022-11-04 14:00:00,91432.44031950472
2022-11-04 14:15:00,91476.74732374669
2022-11-04 14:30:00,91505.61017222433
2022-11-04 14:45:00,91541.5621413807
2022-11-04 15:00:00,91774.23720937141
2022-11-04 15:15:00,91793.47910835652
2022-11-07 09:15:00,92157.0497260221
2022-11-07 09:30:00,92015.26731244777
2022-11-07 09:45:00,91911.20914819947
2022-11-07 10:00:00,91868.42124124579
2022-11-07 10:15:00,91864.87668090643
2022-11-07 10:30:00,91845.38159903996
2022-11-07 10:45:00,91742.84253207996
2022-11-07 11:00:00,91652.87019743737
2022-11-07 11:15:00,91652.87019743737
2022-11-07 11:30:00,91652.87019743737
2022-11-07 11:45:00,91652.87019743737
2022-11-07 12:00:00,91652.87019743737
2022-11-07 12:15:00,91652.87019743737
2022-11-07 12:30:00,91652.87019743737
2022-11-07 12:45:00,91652.87019743737
2022-11-07 13:00:00,91652.87019743737
2022-11-07 13:15:00,91652.87019743737
2022-11-07 13:30:00,91652.87019743737
2022-11-07 13:45:00,91652.87019743737
2022-11-07 14:00:00,91652.87019743737
2022-11-07 14:15:00,91652.87019743737
2022-11-07 14:30:00,91652.87019743737
2022-11-07 14:45:00,91551.64219257473
2022-11-07 15:00:00,91731.04997893356
2022-11-07 15:15:00,91736.59347795027
2022-11-09 09:15:00,91884.25213357709
2022-11-09 09:30:00,91887.77981476951
2022-11-09 09:45:00,91814.95839586826
2022-11-09 10:00:00,91835.36855133886
2022-11-09 10:15:00,91797.57196713406
2022-11-09 10:30:00,91767.58667699824
2022-11-09 10:45:00,91675.11103431048
2022-11-09 11:00:00,91666.29183132935
2022-11-09 11:15:00,91673.59917094227
2022-11-09 11:30:00,91625.47152038815
2022-11-09 11:45:00,91536.86675187743
2022-11-09 12:00:00,91536.86675187743
2022-11-09 12:15:00,91536.86675187743
2022-11-09 12:30:00,91536.86675187743
2022-11-09 12:45:00,91536.86675187743
2022-11-09 13:00:00,91536.86675187743
2022-11-09 13:15:00,91536.86675187743
2022-11-09 13:30:00,91536.86675187743
2022-11-09 13:45:00,91536.86675187743
2022-11-09 14:00:00,91536.86675187743
2022-11-09 14:15:00,91536.86675187743
2022-11-09 14:30:00,91536.86675187743
2022-11-09 14:45:00,91536.86675187743
2022-11-09 15:00:00,91536.86675187743
2022-11-09 15:15:00,91536.86675187743
2022-11-10 09:15:00,91536.86675187743
2022-11-10 09:30:00,91536.86675187743
2022-11-10 09:45:00,91536.86675187743
2022-11-10 10:00:00,91536.86675187743
2022-11-10 10:15:00,91536.86675187743
2022-11-10 10:30:00,91536.86675187743
2022-11-10 10:45:00,91536.86675187743
2022-11-10 11:00:00,91536.86675187743
2022-11-10 11:15:00,91536.86675187743
2022-11-10 11:30:00,91536.86675187743
2022-11-10 11:45:00,91536.86675187743
2022-11-10 12:00:00,91536.86675187743
2022-11-10 12:15:00,91536.86675187743
2022-11-10 12:30:00,91536.86675187743
2022-11-10 12:45:00,91536.86675187743
2022-11-10 13:00:00,91536.86675187743
2022-11-10 13:15:00,91536.86675187743
2022-11-10 13:30:00,91536.86675187743
2022-11-10 13:45:00,91536.86675187743
2022-11-10 14:00:00,91536.86675187743
2022-11-10 14:15:00,91536.86675187743
2022-11-10 14:30:00,91536.86675187743
2022-11-10 14:45:00,91536.86675187743
2022-11-10 15:00:00,91536.86675187743
2022-11-10 15:15:00,91536.86675187743
2022-11-11 09:15:00,91536.86675187743
2022-11-11 09:30:00,91420.09366161014
2022-11-11 09:45:00,91418.84434361433
2022-11-11 10:00:00,91502.79851293295
2022-11-11 10:15:00,91442.08165833645
2022-11-11 10:30:00,91406.60102725535
2022-11-11 10:45:00,91504.79742172625
2022-11-11 11:00:00,91500.05001334216
2022-11-11 11:15:00,91515.04182929192
2022-11-11 11:30:00,91556.51918675292
2022-11-11 11:45:00,91580.25622867336
2022-11-11 12:00:00,91552.27150556716
2022-11-11 12:15:00,91640.97308326987
2022-11-11 12:30:00,91654.46571762465
2022-11-11 12:45:00,91559.76741354202
2022-11-11 13:00:00,91574.50936589262
2022-11-11 13:15:00,91564.76468552528
2022-11-11 13:30:00,91547.52409718306
2022-11-11 13:45:00,91652.96653602968
2022-11-11 14:00:00,91688.44716711077
2022-11-11 14:15:00,91648.46899124475
2022-11-11 14:30:00,91654.46571762465
2022-11-11 14:45:00,91653.46626322801
2022-11-11 15:00:00,91696.9425294823
2022-11-11 15:15:00,91726.42643418346
2022-11-14 09:15:00,91878.09363887517
2022-11-14 09:30:00,91874.09582128855
2022-11-14 09:45:00,91785.89397078416
2022-11-14 10:00:00,91705.93761905213
2022-11-14 10:15:00,91602.24422539966
2022-11-14 10:30:00,91685.19894032164
2022-11-14 10:45:00,91727.92561577844
2022-11-14 11:00:00,91679.20221394174
2022-11-14 11:15:00,91657.96380801292
2022-11-14 11:30:00,91663.96053439283
2022-11-14 11:45:00,91640.22349247237
2022-11-14 12:00:00,91633.22731169584
2022-11-14 12:15:00,91647.4695368481
2022-11-14 12:30:00,91589.50118184238
2022-11-14 12:45:00,91498.6605218672
2022-11-14 13:00:00,91498.6605218672
2022-11-14 13:15:00,91498.6605218672
2022-11-14 13:30:00,91498.6605218672
2022-11-14 13:45:00,91498.6605218672
2022-11-14 14:00:00,91498.6605218672
2022-11-14 14:15:00,91353.43040244399
2022-11-14 14:30:00,91270.34564655025
2022-11-14 14:45:00,91241.98737657454
2022-11-14 15:00:00,91196.46489056092
2022-11-14 15:15:00,91145.71851270965
2022-11-15 09:15:00,91197.70867433178
2022-11-15 09:30:00,91207.90770125286
2022-11-15 09:45:00,91065.12132435762
2022-11-15 10:00:00,91082.28554039555
2022-11-15 10:15:00,91043.72824349876
2022-11-15 10:30:00,91003.9271628311
2022-11-15 10:45:00,90914.91129964762
2022-11-15 11:00:00,90914.91129964762
2022-11-15 11:15:00,90914.91129964762
2022-11-15 11:30:00,90914.91129964762
2022-11-15 11:45:00,90914.91129964762
2022-11-15 12:00:00,90914.91129964762
2022-11-15 12:15:00,90914.91129964762
2022-11-15 12:30:00,90914.91129964762
2022-11-15 12:45:00,90914.91129964762
2022-11-15 13:00:00,90914.91129964762
2022-11-15 13:15:00,90914.91129964762
2022-11-15 13:30:00,90840.5863315543
2022-11-15 13:45:00,90724.95195129534
2022-11-15 14:00:00,90726.68522894378
2022-11-15 14:15:00,90818.79655540272
2022-11-15 14:30:00,90828.20577692272
2022-11-15 14:45:00,90912.8887706027
2022-11-15 15:00:00,91153.56675264057
2022-11-15 15:15:00,91227.6024693374
2022-11-16 09:15:00,90964.6394889627
2022-11-16 09:30:00,90950.27804559006
2022-11-16 09:45:00,91002.52398613533
2022-11-16 10:00:00,91110.73003361534
2022-11-16 10:15:00,91129.05325447007
2022-11-16 10:30:00,91198.13674931426
2022-11-16 10:45:00,91298.66685292269
2022-11-16 11:00:00,91225.86919168901
2022-11-16 11:15:00,91271.18202164058
2022-11-16 11:30:00,91198.87958259217
2022-11-16 11:45:00,91152.0810860848
2022-11-16 12:00:00,91138.7100870827
2022-11-16 12:15:00,91197.14630494376
2022-11-16 12:30:00,91173.62325114377
2022-11-16 12:45:00,91202.0985267964
2022-11-16 13:00:00,91170.15669584693
2022-11-16 13:15:00,91205.56508209325
2022-11-16 13:30:00,91281.33407643854
2022-11-16 13:45:00,91245.43046800696
2022-11-16 14:00:00,91050.80814919855
2022-11-16 14:15:00,91027.28509539855
2022-11-16 14:30:00,90933.4404912912
2022-11-16 14:45:00,91119.64403295012
2022-11-16 15:00:00,91180.55636173749
2022-11-16 15:15:00,91127.56758791434
2022-11-17 09:15:00,91051.55098247646
2022-11-17 09:30:00,90965.19933764322
2022-11-17 09:45:00,90965.19933764322
2022-11-17 10:00:00,90965.19933764322
2022-11-17 10:15:00,90965.19933764322
2022-11-17 10:30:00,90965.19933764322
2022-11-17 10:45:00,90965.19933764322
2022-11-17 11:00:00,90965.19933764322
2022-11-17 11:15:00,90965.19933764322
2022-11-17 11:30:00,90965.19933764322
2022-11-17 11:45:00,90965.19933764322
2022-11-17 12:00:00,90965.19933764322
2022-11-17 12:15:00,90965.19933764322
2022-11-17 12:30:00,90965.19933764322
2022-11-17 12:45:00,90965.19933764322
2022-11-17 13:00:00,90965.19933764322
2022-11-17 13:15:00,90965.19933764322
2022-11-17 13:30:00,90853.24159872395
2022-11-17 13:45:00,90890.04028575525
2022-11-17 14:00:00,90909.30402795956
2022-11-17 14:15:00,90805.57618532096
2022-11-17 14:30:00,90865.8371224729
2022-11-17 14:45:00,90757.16985875627
2022-11-17 15:00:00,90505.75332588461
2022-11-17 15:15:00,90559.09907352731
2022-11-18 09:15:00,90520.81856017259
2022-11-18 09:30:00,90473.89405993132
2022-11-18 09:45:00,90389.58826794257
2022-11-18 10:00:00,90389.58826794257
2022-11-18 10:15:00,90389.58826794257
2022-11-18 10:30:00,90389.58826794257
2022-11-18 10:45:00,90389.58826794257
2022-11-18 11:00:00,90389.58826794257
2022-11-18 11:15:00,90389.58826794257
2022-11-18 11:30:00,90389.58826794257
2022-11-18 11:45:00,90389.58826794257
2022-11-18 12:00:00,90389.58826794257
2022-11-18 12:15:00,90389.58826794257
2022-11-18 12:30:00,90389.58826794257
2022-11-18 12:45:00,90389.58826794257
2022-11-18 13:00:00,90389.58826794257
2022-11-18 13:15:00,90389.58826794257
2022-11-18 13:30:00,90389.58826794257
2022-11-18 13:45:00,90389.58826794257
2022-11-18 14:00:00,90389.58826794257
2022-11-18 14:15:00,90389.58826794257
2022-11-18 14:30:00,90389.58826794257
2022-11-18 14:45:00,90389.58826794257
2022-11-18 15:00:00,90389.58826794257
2022-11-18 15:15:00,90389.58826794257
2022-11-21 09:15:00,90389.58826794257
2022-11-21 09:30:00,90389.58826794257
2022-11-21 09:45:00,90389.58826794257
2022-11-21 10:00:00,90389.58826794257
2022-11-21 10:15:00,90389.58826794257
2022-11-21 10:30:00,90389.58826794257
2022-11-21 10:45:00,90389.58826794257
2022-11-21 11:00:00,90389.58826794257
2022-11-21 11:15:00,90389.58826794257
2022-11-21 11:30:00,90389.58826794257
2022-11-21 11:45:00,90389.58826794257
2022-11-21 12:00:00,90389.58826794257
2022-11-21 12:15:00,90389.58826794257
2022-11-21 12:30:00,90389.58826794257
2022-11-21 12:45:00,90389.58826794257
2022-11-21 13:00:00,90389.58826794257
2022-11-21 13:15:00,90389.58826794257
2022-11-21 13:30:00,90389.58826794257
2022-11-21 13:45:00,90389.58826794257
2022-11-21 14:00:00,90389.58826794257
2022-11-21 14:15:00,90389.58826794257
2022-11-21 14:30:00,90389.58826794257
2022-11-21 14:45:00,90389.58826794257
2022-11-21 15:00:00,90389.58826794257
2022-11-21 15:15:00,90389.58826794257
2022-11-22 09:15:00,90389.58826794257
2022-11-22 09:30:00,90389.58826794257
2022-11-22 09:45:00,90389.58826794257
2022-11-22 10:00:00,90389.58826794257
2022-11-22 10:15:00,90330.69292138038
2022-11-22 10:30:00,90317.54965515672
2022-11-22 10:45:00,90279.60777341669
2022-11-22 11:00:00,90300.19062429527
2022-11-22 11:15:00,90275.14402262376
2022-11-22 11:30:00,90345.57209069017
2022-11-22 11:45:00,90359.7073015345
2022-11-22 12:00:00,90352.01973072442
2022-11-22 12:15:00,90367.1468861894
2022-11-22 12:30:00,90336.39660294913
2022-11-22 12:45:00,90309.86208434665
2022-11-22 13:00:00,90296.22284581266
2022-11-22 13:15:00,90333.42076908718
2022-11-22 13:30:00,90329.45299060455
2022-11-22 13:45:00,90369.62674774103
2022-11-22 14:00:00,90311.10201512245
2022-11-22 14:15:00,90348.29993839696
2022-11-22 14:30:00,90274.89603646856
2022-11-22 14:45:00,90370.61869236169
2022-11-22 15:00:00,90512.21878696003
2022-11-22 15:15:00,90522.38621932174
2022-11-23 09:15:00,90754.7492467099
2022-11-23 09:30:00,90650.84304769641
2022-11-23 09:45:00,90611.41324902543
2022-11-23 10:00:00,90614.63706904254
2022-11-23 10:15:00,90564.0478933892
2022-11-23 10:30:00,90566.27976878567
2022-11-23 10:45:00,90629.2682521972
2022-11-23 11:00:00,90611.6612351806
2022-11-23 11:15:00,90630.508182973
2022-11-23 11:30:00,90628.77227988686
2022-11-23 11:45:00,90655.80277079968
2022-11-23 12:00:00,90664.73027238557
2022-11-23 12:15:00,90606.45352592216
2022-11-23 12:30:00,90612.65317980124
2022-11-23 12:45:00,90663.2423554546
2022-11-23 13:00:00,90633.23603067981
2022-11-23 13:15:00,90622.5726260078
2022-11-23 13:30:00,90643.89943535185
2022-11-23 13:45:00,90686.3050678848
2022-11-23 14:00:00,90711.10368340115
2022-11-23 14:15:00,90729.70264503841
2022-11-23 14:30:00,90771.61230526105
2022-11-23 14:45:00,90812.28203470787
2022-11-23 15:00:00,90621.58068138715
2022-11-23 15:15:00,90535.28149939024
2022-11-24 09:15:00,90783.01966839856
2022-11-24 09:30:00,90975.4569248054
2022-11-24 09:45:00,90981.65657868449
2022-11-24 10:00:00,91020.09443273481
2022-11-24 10:15:00,91072.66749762947
2022-11-24 10:30:00,91105.15368395588
2022-11-24 10:45:00,91102.67382240425
2022-11-24 11:00:00,91085.3147915428
2022-11-24 11:15:00,91077.62722073273
2022-11-24 11:30:00,91128.96035485156
2022-11-24 11:45:00,91114.32917169691
2022-11-24 12:00:00,91181.28543359105
2022-11-24 12:15:00,91151.03112266111
2022-11-24 12:30:00,91166.65425043642
2022-11-24 12:45:00,91227.16287229629
2022-11-24 13:00:00,91163.43043041929
2022-11-24 13:15:00,91133.92007795483
2022-11-24 13:30:00,91150.53515035078
2022-11-24 13:45:00,91169.38209814319
2022-11-24 14:00:00,91266.59267096725
2022-11-24 14:15:00,91235.84238772698
2022-11-24 14:30:00,91221.45919072752
2022-11-24 14:45:00,91265.10475403628
2022-11-24 15:00:00,91669.32218695273
2022-11-24 15:15:00,91808.6904061546
2022-11-25 09:15:00,91649.2353083845
2022-11-25 09:30:00,91531.44188468184
2022-11-25 09:45:00,91573.8475172148
2022-11-25 10:00:00,91641.0517652641
2022-11-25 10:15:00,91683.20941164189
2022-11-25 10:30:00,91730.82275343328
2022-11-25 10:45:00,91645.51551605704
2022-11-25 11:00:00,91563.92807100825
2022-11-25 11:15:00,91606.82967585155
2022-11-25 11:30:00,91571.36765566317
2022-11-25 11:45:00,91520.2825076995
2022-11-25 12:00:00,91571.61564181834
2022-11-25 12:15:00,91621.70884516137
2022-11-25 12:30:00,91640.30780679862
2022-11-25 12:45:00,91700.8164286585
2022-11-25 13:00:00,91679.24163315928
2022-11-25 13:15:00,91678.49767469379
2022-11-25 13:30:00,91682.96142548673
2022-11-25 13:45:00,91759.83713358743
2022-11-25 14:00:00,91690.1530239865
2022-11-25 14:15:00,91735.78247653658
2022-11-25 14:30:00,91767.27671824233
2022-11-25 14:45:00,91823.32158930927
2022-11-25 15:00:00,91877.13458497975
2022-11-25 15:15:00,91746.94185351893
2022-11-28 09:15:00,91855.8077756357
2022-11-28 09:30:00,91944.83480533939
2022-11-28 09:45:00,91909.86875746134
2022-11-28 10:00:00,91952.02640383913
2022-11-28 10:15:00,92012.53502569902
2022-11-28 10:30:00,91949.54654228748
2022-11-28 10:45:00,92020.71856881939
2022-11-28 11:00:00,92078.25135681732
2022-11-28 11:15:00,92059.65239518006
2022-11-28 11:30:00,92151.15928643539
2022-11-28 11:45:00,92183.89345891695
2022-11-28 12:00:00,92218.61152063984
2022-11-28 12:15:00,92238.20242689775
2022-11-28 12:30:00,92148.18345257342
2022-11-28 12:45:00,92258.28930546601
2022-11-28 13:00:00,92284.82382406849
2022-11-28 13:15:00,92232.99471763933
2022-11-28 13:30:00,92307.8865364987
2022-11-28 13:45:00,92282.34396251685
2022-11-28 14:00:00,92162.31866341774
2022-11-28 14:15:00,92205.22026826101
2022-11-28 14:30:00,92245.14603924232
2022-11-28 14:45:00,92230.26686993251
2022-11-28 15:00:00,92075.77149526568
2022-11-28 15:15:00,92019.72662419874
2022-11-29 09:15:00,91922.99987236338
2022-11-29 09:30:00,91922.99987236338
2022-11-29 09:45:00,91922.99987236338
2022-11-29 10:00:00,91922.99987236338
2022-11-29 10:15:00,91869.77206123414
2022-11-29 10:30:00,91867.80033187143
2022-11-29 10:45:00,91921.77642317551
2022-11-29 11:00:00,91969.34439405079
2022-11-29 11:15:00,91913.64303955436
2022-11-29 11:30:00,91950.12003276442
2022-11-29 11:45:00,91898.3621369934
2022-11-29 12:00:00,92015.43356790407
2022-11-29 12:15:00,92002.61732704646
2022-11-29 12:30:00,92020.8558236515
2022-11-29 12:45:00,91968.85146171013
2022-11-29 13:00:00,91985.85762746348
2022-11-29 13:15:00,91980.92830405671
2022-11-29 13:30:00,92035.39732770146
2022-11-29 13:45:00,91997.19507129904
2022-11-29 14:00:00,91966.38680000676
2022-11-29 14:15:00,91887.02469315786
2022-11-29 14:30:00,91834.03446653514
2022-11-29 14:45:00,91853.25882782151
2022-11-29 15:00:00,91756.89055521926
2022-11-29 15:15:00,91669.07317993073
2022-11-30 09:15:00,91669.07317993073
2022-11-30 09:30:00,91669.07317993073
2022-11-30 09:45:00,91669.07317993073
2022-11-30 10:00:00,91669.07317993073
2022-11-30 10:15:00,91669.07317993073
2022-11-30 10:30:00,91669.07317993073
2022-11-30 10:45:00,91669.07317993073
2022-11-30 11:00:00,91669.07317993073
2022-11-30 11:15:00,91669.07317993073
2022-11-30 11:30:00,91669.07317993073
2022-11-30 11:45:00,91669.07317993073
2022-11-30 12:00:00,91669.07317993073
2022-11-30 12:15:00,91669.07317993073
2022-11-30 12:30:00,91669.07317993073
2022-11-30 12:45:00,91594.58832587811
2022-11-30 13:00:00,91664.06166892141
2022-11-30 13:15:00,91637.05789600706
2022-11-30 13:30:00,91617.1732995883
2022-11-30 13:45:00,91635.584962939
2022-11-30 14:00:00,91646.38647210473
2022-11-30 14:15:00,91750.47374224731
2022-11-30 14:30:00,91757.59291874293
2022-11-30 14:45:00,91694.7477745059
2022-11-30 15:00:00,92132.94536225242
2022-11-30 15:15:00,92190.63524075126
2022-12-01 09:15:00,92573.84332729036
2022-12-01 09:30:00,92638.16140459545
2022-12-01 09:45:00,92514.1895380341
2022-12-01 10:00:00,92514.92600456813
2022-12-01 10:15:00,92470.73801252646
2022-12-01 10:30:00,92441.27935116536
2022-12-01 10:45:00,92518.60833723829
2022-12-01 11:00:00,92501.66960695565
2022-12-01 11:15:00,92474.91132288596
2022-12-01 11:30:00,92437.35152965056
2022-12-01 11:45:00,92408.62933482348
2022-12-01 12:00:00,92473.43838981792
2022-12-01 12:15:00,92530.39180178274
2022-12-01 12:30:00,92511.243671898
2022-12-01 12:45:00,92516.3989376362
2022-12-01 13:00:00,92518.60833723829
2022-12-01 13:15:00,92382.60751728782
2022-12-01 13:30:00,92344.80223520772
2022-12-01 13:45:00,92268.20971566884
2022-12-01 14:00:00,92423.84964319337
2022-12-01 14:15:00,92474.91132288595
2022-12-01 14:30:00,92406.1744463767
2022-12-01 14:45:00,92460.18199220541
2022-12-01 15:00:00,92343.82027982904
2022-12-01 15:15:00,92308.4698861957
2022-12-02 09:15:00,91951.03812834756
2022-12-02 09:30:00,91859.82282028669
2022-12-02 09:45:00,91859.82282028669
2022-12-02 10:00:00,91859.82282028669
2022-12-02 10:15:00,91859.82282028669
2022-12-02 10:30:00,91859.82282028669
2022-12-02 10:45:00,91859.82282028669
2022-12-02 11:00:00,91859.82282028669
2022-12-02 11:15:00,91859.82282028669
2022-12-02 11:30:00,91859.82282028669
2022-12-02 11:45:00,91859.82282028669
2022-12-02 12:00:00,91859.82282028669
2022-12-02 12:15:00,91859.82282028669
2022-12-02 12:30:00,91859.82282028669
2022-12-02 12:45:00,91859.82282028669
2022-12-02 13:00:00,91859.82282028669
2022-12-02 13:15:00,91859.82282028669
2022-12-02 13:30:00,91859.82282028669
2022-12-02 13:45:00,91859.82282028669
2022-12-02 14:00:00,91759.61576842892
2022-12-02 14:15:00,91841.6150183852
2022-12-02 14:30:00,91744.88536424516
2022-12-02 14:45:00,91787.84904311446
2022-12-02 15:00:00,91792.02265763319
2022-12-02 15:15:00,91845.05211269473
2022-12-05 09:15:00,91592.67118767962
2022-12-05 09:30:00,91594.88074830719
2022-12-05 09:45:00,91340.29026266452
2022-12-05 10:00:00,91312.79350818816
2022-12-05 10:15:00,91222.95228205793
2022-12-05 10:30:00,91222.95228205793
2022-12-05 10:45:00,91222.95228205793
2022-12-05 11:00:00,91222.95228205793
2022-12-05 11:15:00,91222.95228205793
2022-12-05 11:30:00,91222.95228205793
2022-12-05 11:45:00,91222.95228205793
2022-12-05 12:00:00,91222.95228205793
2022-12-05 12:15:00,91349.70285680941
2022-12-05 12:30:00,91275.25501162998
2022-12-05 12:45:00,91207.39763143365
2022-12-05 13:00:00,91182.01213668394
2022-12-05 13:15:00,91103.65883077381
2022-12-05 13:30:00,91005.77822121004
2022-12-05 13:45:00,91016.7623295152
2022-12-05 14:00:00,91043.1241894476
2022-12-05 14:15:00,91195.92534053716
2022-12-05 14:30:00,91114.39884778329
2022-12-05 14:45:00,91160.77619396063
2022-12-05 15:00:00,91368.74197787166
2022-12-05 15:15:00,91261.09771648109
2022-12-06 09:15:00,90844.43387477202
2022-12-06 09:30:00,90769.9860295926
2022-12-06 09:45:00,90948.41676672753
2022-12-06 10:00:00,90976.48726572961
2022-12-06 10:15:00,90951.34586227556
2022-12-06 10:30:00,90970.38498333783
2022-12-06 10:45:00,90966.47952260711
2022-12-06 11:00:00,90836.62295331055
2022-12-06 11:15:00,90746.27402476601
2022-12-06 11:30:00,90746.27402476601
2022-12-06 11:45:00,90746.27402476601
2022-12-06 12:00:00,90746.27402476601
2022-12-06 12:15:00,90746.27402476601
2022-12-06 12:30:00,90746.27402476601
2022-12-06 12:45:00,90746.27402476601
2022-12-06 13:00:00,90746.27402476601
2022-12-06 13:15:00,90746.27402476601
2022-12-06 13:30:00,90746.27402476601
2022-12-06 13:45:00,90746.27402476601
2022-12-06 14:00:00,90746.27402476601
2022-12-06 14:15:00,90746.27402476601
2022-12-06 14:30:00,90746.27402476601
2022-12-06 14:45:00,90746.27402476601
2022-12-06 15:00:00,90746.27402476601
2022-12-06 15:15:00,90746.27402476601
2022-12-07 09:15:00,90746.27402476601
2022-12-07 09:30:00,90746.27402476601
2022-12-07 09:45:00,90746.27402476601
2022-12-07 10:00:00,90719.21014049354
2022-12-07 10:15:00,90683.23688216017
2022-12-07 10:30:00,90551.25391408576
2022-12-07 10:45:00,90325.20573672073
2022-12-07 11:00:00,90347.0813667883
2022-12-07 11:15:00,90336.87273942342
2022-12-07 11:30:00,90317.6707974752
2022-12-07 11:45:00,90335.17130152928
2022-12-07 12:00:00,90392.047939705
2022-12-07 12:15:00,90349.26892979503
2022-12-07 12:30:00,90285.10041493013
2022-12-07 12:45:00,90190.44456362768
2022-12-07 13:00:00,90190.44456362768
2022-12-07 13:15:00,90190.44456362768
2022-12-07 13:30:00,90190.44456362768
2022-12-07 13:45:00,90190.44456362768
2022-12-07 14:00:00,90190.44456362768
2022-12-07 14:15:00,90190.44456362768
2022-12-07 14:30:00,90190.44456362768
2022-12-07 14:45:00,90190.44456362768
2022-12-07 15:00:00,90190.44456362768
2022-12-07 15:15:00,90190.44456362768
2022-12-08 09:15:00,90190.44456362768
2022-12-08 09:30:00,90190.44456362768
2022-12-08 09:45:00,90190.44456362768
2022-12-08 10:00:00,90190.44456362768
2022-12-08 10:15:00,90190.44456362768
2022-12-08 10:30:00,90190.44456362768
2022-12-08 10:45:00,90190.44456362768
2022-12-08 11:00:00,90190.44456362768
2022-12-08 11:15:00,90190.44456362768
2022-12-08 11:30:00,90190.44456362768
2022-12-08 11:45:00,90190.44456362768
2022-12-08 12:00:00,90190.44456362768
2022-12-08 12:15:00,90190.44456362768
2022-12-08 12:30:00,90190.44456362768
2022-12-08 12:45:00,90190.44456362768
2022-12-08 13:00:00,90190.44456362768
2022-12-08 13:15:00,90190.44456362768
2022-12-08 13:30:00,90190.44456362768
2022-12-08 13:45:00,90190.44456362768
2022-12-08 14:00:00,90190.44456362768
2022-12-08 14:15:00,90190.44456362768
2022-12-08 14:30:00,90190.44456362768
2022-12-08 14:45:00,90190.44456362768
2022-12-08 15:00:00,90190.44456362768
2022-12-08 15:15:00,90106.54701655856
2022-12-09 09:15:00,90161.24681785685
2022-12-09 09:30:00,90161.9729214139
2022-12-09 09:45:00,90164.15123208506
2022-12-09 10:00:00,90090.33070378425
2022-12-09 10:15:00,89944.6259233348
2022-12-09 10:30:00,89885.32746617513
2022-12-09 10:45:00,89826.02900901547
2022-12-09 11:00:00,89735.71939503745
2022-12-09 11:15:00,89735.71939503745
2022-12-09 11:30:00,89735.71939503745
2022-12-09 11:45:00,89735.71939503745
2022-12-09 12:00:00,89735.71939503745
2022-12-09 12:15:00,89735.71939503745
2022-12-09 12:30:00,89735.71939503745
2022-12-09 12:45:00,89735.71939503745
2022-12-09 13:00:00,89735.71939503745
2022-12-09 13:15:00,89735.71939503745
2022-12-09 13:30:00,89735.71939503745
2022-12-09 13:45:00,89735.71939503745
2022-12-09 14:00:00,89735.71939503745
2022-12-09 14:15:00,89735.71939503745
2022-12-09 14:30:00,89735.71939503745
2022-12-09 14:45:00,89735.71939503745
2022-12-09 15:00:00,89735.71939503745
2022-12-09 15:15:00,89735.71939503745
2022-12-12 09:15:00,89735.71939503745
2022-12-12 09:30:00,89735.71939503745
2022-12-12 09:45:00,89735.71939503745
2022-12-12 10:00:00,89735.71939503745
2022-12-12 10:15:00,89735.71939503745
2022-12-12 10:30:00,89735.71939503745
2022-12-12 10:45:00,89641.86614153865
2022-12-12 11:00:00,89677.71290903025
2022-12-12 11:15:00,89625.63821301203
2022-12-12 11:30:00,89555.640133248
2022-12-12 11:45:00,89563.87520145554
2022-12-12 12:00:00,89556.36675691338
2022-12-12 12:15:00,89633.38886544266
2022-12-12 12:30:00,89592.213524405
2022-12-12 12:45:00,89548.61610448277
2022-12-12 13:00:00,89525.84856296783
2022-12-12 13:15:00,89383.4303245552
2022-12-12 13:30:00,89386.33681921668
2022-12-12 13:45:00,89412.25306328155
2022-12-12 14:00:00,89412.49527116999
2022-12-12 14:15:00,89319.00302622565
2022-12-12 14:30:00,89230.89385160228
2022-12-12 14:45:00,89230.89385160228
2022-12-12 15:00:00,89230.89385160228
2022-12-12 15:15:00,89230.89385160228
2022-12-13 09:15:00,89230.89385160228
2022-12-13 09:30:00,89103.18602995227
2022-12-13 09:45:00,89017.33438480209
2022-12-13 10:00:00,89099.8192987699
2022-12-13 10:15:00,89145.75113132925
2022-12-13 10:30:00,89121.4625706565
2022-12-13 10:45:00,89186.3923863163
2022-12-13 11:00:00,89232.08373807691
2022-12-13 11:15:00,89336.93336632758
2022-12-13 11:30:00,89414.36818352184
2022-12-13 11:45:00,89381.42231409447
2022-12-13 12:00:00,89393.92731562894
2022-12-13 12:15:00,89334.52855834017
2022-12-13 12:30:00,89409.07760594958
2022-12-13 12:45:00,89400.66077799369
2022-12-13 13:00:00,89457.41424649634
2022-12-13 13:15:00,89428.79703144627
2022-12-13 13:30:00,89401.14173959117
2022-12-13 13:45:00,89427.59462745256
2022-12-13 14:00:00,89343.18586709483
2022-12-13 14:15:00,89342.22394389987
2022-12-13 14:30:00,89322.26403760444
2022-12-13 14:45:00,89374.92933252851
2022-12-13 15:00:00,89486.99338474136
2022-12-13 15:15:00,89443.22587937069
2022-12-14 09:15:00,89817.6544830089
2022-12-14 09:30:00,89898.2155505868
2022-12-14 09:45:00,89792.16351834245
2022-12-14 10:00:00,89763.54630329239
2022-12-14 10:15:00,89788.07534476389
2022-12-14 10:30:00,89780.37995920419
2022-12-14 10:45:00,89783.74669038656
2022-12-14 11:00:00,89842.42400527913
2022-12-14 11:15:00,89874.16747071281
2022-12-14 11:30:00,89860.94102678211
2022-12-14 11:45:00,89861.18150758086
2022-12-14 12:00:00,89879.45804828509
2022-12-14 12:15:00,89847.95506365014
2022-12-14 12:30:00,89831.36188853707
2022-12-14 12:45:00,89807.07332786433
2022-12-14 13:00:00,89841.46208208414
2022-12-14 13:15:00,89814.52823262526
2022-12-14 13:30:00,89755.85091773269
2022-12-14 13:45:00,89665.37434586113
2022-12-14 14:00:00,89665.37434586113
2022-12-14 14:15:00,89665.37434586113
2022-12-14 14:30:00,89665.37434586113
2022-12-14 14:45:00,89665.37434586113
2022-12-14 15:00:00,89665.37434586113
2022-12-14 15:15:00,89665.37434586113
2022-12-15 09:15:00,89665.37434586113
2022-12-15 09:30:00,89665.37434586113
2022-12-15 09:45:00,89665.37434586113
2022-12-15 10:00:00,89665.37434586113
2022-12-15 10:15:00,89665.37434586113
2022-12-15 10:30:00,89665.37434586113
2022-12-15 10:45:00,89665.37434586113
2022-12-15 11:00:00,89665.37434586113
2022-12-15 11:15:00,89665.37434586113
2022-12-15 11:30:00,89665.37434586113
2022-12-15 11:45:00,89665.37434586113
2022-12-15 12:00:00,89665.37434586113
2022-12-15 12:15:00,89665.37434586113
2022-12-15 12:30:00,89665.37434586113
2022-12-15 12:45:00,89665.37434586113
2022-12-15 13:00:00,89665.37434586113
2022-12-15 13:15:00,89665.37434586113
2022-12-15 13:30:00,89665.37434586113
2022-12-15 13:45:00,89665.37434586113
2022-12-15 14:00:00,89665.37434586113
2022-12-15 14:15:00,89665.37434586113
2022-12-15 14:30:00,89665.37434586113
2022-12-15 14:45:00,89665.37434586113
2022-12-15 15:00:00,89665.37434586113
2022-12-15 15:15:00,89665.37434586113
2022-12-16 09:15:00,89665.37434586113
2022-12-16 09:30:00,89665.37434586113
2022-12-16 09:45:00,89665.37434586113
2022-12-16 10:00:00,89665.37434586113
2022-12-16 10:15:00,89665.37434586113
2022-12-16 10:30:00,89665.37434586113
2022-12-16 10:45:00,89665.37434586113
2022-12-16 11:00:00,89665.37434586113
2022-12-16 11:15:00,89665.37434586113
2022-12-16 11:30:00,89665.37434586113
2022-12-16 11:45:00,89665.37434586113
2022-12-16 12:00:00,89665.37434586113
2022-12-16 12:15:00,89665.37434586113
2022-12-16 12:30:00,89665.37434586113
2022-12-16 12:45:00,89665.37434586113
2022-12-16 13:00:00,89665.37434586113
2022-12-16 13:15:00,89665.37434586113
2022-12-16 13:30:00,89665.37434586113
2022-12-16 13:45:00,89665.37434586113
2022-12-16 14:00:00,89665.37434586113
2022-12-16 14:15:00,89665.37434586113
2022-12-16 14:30:00,89665.37434586113
2022-12-16 14:45:00,89665.37434586113
2022-12-16 15:00:00,89665.37434586113
2022-12-16 15:15:00,89665.37434586113
2022-12-19 09:15:00,89665.37434586113
2022-12-19 09:30:00,89665.37434586113
2022-12-19 09:45:00,89665.37434586113
2022-12-19 10:00:00,89665.37434586113
2022-12-19 10:15:00,89665.37434586113
2022-12-19 10:30:00,89665.37434586113
2022-12-19 10:45:00,89665.37434586113
2022-12-19 11:00:00,89665.37434586113
2022-12-19 11:15:00,89665.37434586113
2022-12-19 11:30:00,89671.63770094713
2022-12-19 11:45:00,89660.16530836877
2022-12-19 12:00:00,89705.07850484578
2022-12-19 12:15:00,89735.83428069417
2022-12-19 12:30:00,89609.88205579124
2022-12-19 12:45:00,89545.44138258508
2022-12-19 13:00:00,89499.3077188125
2022-12-19 13:15:00,89584.49633604338
2022-12-19 13:30:00,89660.8975887461
2022-12-19 13:45:00,89676.2754766703
2022-12-19 14:00:00,89665.04717755105
2022-12-19 14:15:00,89648.6929157904
2022-12-19 14:30:00,89787.58209402638
2022-12-19 14:45:00,89863.4951598109
2022-12-19 15:00:00,89917.68390773426
2022-12-19 15:15:00,89954.29792660139
2022-12-20 09:15:00,89314.28487680394
2022-12-20 09:30:00,89122.91560485843
2022-12-20 09:45:00,89032.57344242529
2022-12-20 10:00:00,89032.57344242529
2022-12-20 10:15:00,89032.57344242529
2022-12-20 10:30:00,89032.57344242529
2022-12-20 10:45:00,89032.57344242529
2022-12-20 11:00:00,89032.57344242529
2022-12-20 11:15:00,89032.57344242529
2022-12-20 11:30:00,89032.57344242529
2022-12-20 11:45:00,89032.57344242529
2022-12-20 12:00:00,89032.57344242529
2022-12-20 12:15:00,89032.57344242529
2022-12-20 12:30:00,89032.57344242529
2022-12-20 12:45:00,88874.43393746942
2022-12-20 13:00:00,88870.54058921515
2022-12-20 13:15:00,88877.59728292604
2022-12-20 13:30:00,88942.08086338751
2022-12-20 13:45:00,88960.81760186123
2022-12-20 14:00:00,89054.74462849568
2022-12-20 14:15:00,89199.52851670166
2022-12-20 14:30:00,89214.615241187
2022-12-20 14:45:00,89238.21866497854
2022-12-20 15:00:00,89545.06317426883
2022-12-20 15:15:00,89478.14625114843
2022-12-21 09:15:00,89806.89084436905
2022-12-21 09:30:00,89544.57650573706
2022-12-21 09:45:00,89444.56612245529
2022-12-21 10:00:00,89541.89982881224
2022-12-21 10:15:00,89305.86559089663
2022-12-21 10:30:00,89344.55573917353
2022-12-21 10:45:00,89299.78223424933
2022-12-21 11:00:00,89360.12913219063
2022-12-21 11:15:00,89355.0191126069
2022-12-21 11:30:00,89441.88944553048
2022-12-21 11:45:00,89389.57257836362
2022-12-21 12:00:00,89201.7185250947
2022-12-21 12:15:00,89112.75989750122
2022-12-21 12:30:00,89112.75989750122
2022-12-21 12:45:00,89112.75989750122
2022-12-21 13:00:00,89112.75989750122
2022-12-21 13:15:00,89112.75989750122
2022-12-21 13:30:00,89112.75989750122
2022-12-21 13:45:00,89112.75989750122
2022-12-21 14:00:00,89112.75989750122
2022-12-21 14:15:00,89112.75989750122
2022-12-21 14:30:00,89112.75989750122
2022-12-21 14:45:00,89112.75989750122
2022-12-21 15:00:00,89112.75989750122
2022-12-21 15:15:00,89112.75989750122
2022-12-22 09:15:00,89112.75989750122
2022-12-22 09:30:00,89112.75989750122
2022-12-22 09:45:00,89112.75989750122
2022-12-22 10:00:00,89112.75989750122
2022-12-22 10:15:00,89112.75989750122
2022-12-22 10:30:00,89112.75989750122
2022-12-22 10:45:00,89112.75989750122
2022-12-22 11:00:00,89112.75989750122
2022-12-22 11:15:00,89112.75989750122
2022-12-22 11:30:00,89112.75989750122
2022-12-22 11:45:00,89112.75989750122
2022-12-22 12:00:00,89112.75989750122
2022-12-22 12:15:00,89112.75989750122
2022-12-22 12:30:00,89112.75989750122
2022-12-22 12:45:00,89112.75989750122
2022-12-22 13:00:00,89112.75989750122
2022-12-22 13:15:00,89112.75989750122
2022-12-22 13:30:00,89112.75989750122
2022-12-22 13:45:00,89112.75989750122
2022-12-22 14:00:00,89112.75989750122
2022-12-22 14:15:00,89112.75989750122
2022-12-22 14:30:00,89112.75989750122
2022-12-22 14:45:00,89112.75989750122
2022-12-22 15:00:00,89112.75989750122
2022-12-22 15:15:00,89112.75989750122
2022-12-23 09:15:00,89112.75989750122
2022-12-23 09:30:00,89112.75989750122
2022-12-23 09:45:00,89112.75989750122
2022-12-23 10:00:00,89112.75989750122
2022-12-23 10:15:00,89112.75989750122
2022-12-23 10:30:00,89112.75989750122
2022-12-23 10:45:00,89112.75989750122
2022-12-23 11:00:00,89112.75989750122
2022-12-23 11:15:00,89112.75989750122
2022-12-23 11:30:00,89112.75989750122
2022-12-23 11:45:00,89112.75989750122
2022-12-23 12:00:00,89112.75989750122
2022-12-23 12:15:00,89112.75989750122
2022-12-23 12:30:00,89112.75989750122
2022-12-23 12:45:00,89112.75989750122
2022-12-23 13:00:00,89112.75989750122
2022-12-23 13:15:00,89112.75989750122
2022-12-23 13:30:00,89112.75989750122
2022-12-23 13:45:00,89112.75989750122
2022-12-23 14:00:00,89112.75989750122
2022-12-23 14:15:00,89112.75989750122
2022-12-23 14:30:00,89112.75989750122
2022-12-23 14:45:00,89112.75989750122
2022-12-23 15:00:00,89112.75989750122
2022-12-23 15:15:00,89112.75989750122
2022-12-26 09:15:00,89112.75989750122
2022-12-26 09:30:00,89112.75989750122
2022-12-26 09:45:00,89112.75989750122
2022-12-26 10:00:00,89112.75989750122
2022-12-26 10:15:00,89112.75989750122
2022-12-26 10:30:00,89112.75989750122
2022-12-26 10:45:00,89112.75989750122
2022-12-26 11:00:00,88980.52441105951
2022-12-26 11:15:00,89055.61743486926
2022-12-26 11:30:00,89205.55565072698
2022-12-26 11:45:00,89175.32017579368
2022-12-26 12:00:00,89220.67338819362
2022-12-26 12:15:00,89115.3448894506
2022-12-26 12:30:00,89117.57537530633
2022-12-26 12:45:00,89133.43660805823
2022-12-26 13:00:00,89172.3461946527
2022-12-26 13:15:00,89137.89757976968
2022-12-26 13:30:00,89236.28678918377
2022-12-26 13:45:00,89153.75881252157
2022-12-26 14:00:00,89274.70071225475
2022-12-26 14:15:00,89358.96351124918
2022-12-26 14:30:00,89533.68490328171
2022-12-26 14:45:00,89620.92168341711
2022-12-26 15:00:00,89193.9075579248
2022-12-26 15:15:00,89267.01792764055
2022-12-27 09:15:00,89530.95875390248
2022-12-27 09:30:00,89199.35985668327
2022-12-27 09:45:00,89230.3388269018
2022-12-27 10:00:00,89245.45656436845
2022-12-27 10:15:00,89387.21633208846
2022-12-27 10:30:00,89395.14694846442
2022-12-27 10:45:00,89460.32670180421
2022-12-27 11:00:00,89465.28333703919
2022-12-27 11:15:00,89438.26967500863
2022-12-27 11:30:00,89423.89543282722
2022-12-27 11:45:00,89489.81868145226
2022-12-27 12:00:00,89491.30567202275
2022-12-27 12:15:00,89458.34404771024
2022-12-27 12:30:00,89440.25232910262
2022-12-27 12:45:00,89358.22001596393
2022-12-27 13:00:00,89496.01447549598
2022-12-27 13:15:00,89534.92406209047
2022-12-27 13:30:00,89547.56348193964
2022-12-27 13:45:00,89727.24150920715
2022-12-27 14:00:00,89825.13505509772
2022-12-27 14:15:00,89647.68751368595
2022-12-27 14:30:00,89857.353184125
2022-12-27 14:45:00,89831.57868090317
2022-12-27 15:00:00,89878.4188838736
2022-12-27 15:15:00,89893.53662134024
2022-12-28 09:15:00,89664.54007348482
2022-12-28 09:30:00,89797.13006602017
2022-12-28 09:45:00,89873.95791216214
2022-12-28 10:00:00,89925.75475036753
2022-12-28 10:15:00,89717.32823873723
2022-12-28 10:30:00,89789.19944964423
2022-12-28 10:45:00,89853.38787593704
2022-12-28 11:00:00,89912.61966699487
2022-12-28 11:15:00,89874.70140744738
2022-12-28 11:30:00,89843.22677370535
2022-12-28 11:45:00,89946.0769548309
2022-12-28 12:00:00,89922.78076922658
2022-12-28 12:15:00,89845.20942779935
2022-12-28 12:30:00,89887.83649082005
2022-12-28 12:45:00,89904.68905061894
2022-12-28 13:00:00,89863.05331464522
2022-12-28 13:15:00,89820.67408338627
2022-12-28 13:30:00,89892.29746253154
2022-12-28 13:45:00,90001.34343770078
2022-12-28 14:00:00,90032.57023968107
2022-12-28 14:15:00,90026.12661387562
2022-12-28 14:30:00,89999.85644713031
2022-12-28 14:45:00,89801.83886949343
2022-12-28 15:00:00,89842.48327842016
2022-12-28 15:15:00,89749.29853600281
2022-12-29 09:15:00,89356.50650716329
2022-12-29 09:30:00,89356.50650716329
2022-12-29 09:45:00,89356.50650716329
2022-12-29 10:00:00,89356.50650716329
2022-12-29 10:15:00,89356.50650716329
2022-12-29 10:30:00,89356.50650716329
2022-12-29 10:45:00,89356.50650716329
2022-12-29 11:00:00,89356.50650716329
2022-12-29 11:15:00,89356.50650716329
2022-12-29 11:30:00,89356.50650716329
2022-12-29 11:45:00,89356.50650716329
2022-12-29 12:00:00,89356.50650716329
2022-12-29 12:15:00,89356.50650716329
2022-12-29 12:30:00,89356.50650716329
2022-12-29 12:45:00,89356.50650716329
2022-12-29 13:00:00,89356.50650716329
2022-12-29 13:15:00,89356.50650716329
2022-12-29 13:30:00,89356.50650716329
2022-12-29 13:45:00,89417.14767547176
2022-12-29 14:00:00,89381.06915731182
2022-12-29 14:15:00,89336.34167931903
2022-12-29 14:30:00,89585.9259487816
2022-12-29 14:45:00,89652.39938292559
2022-12-29 15:00:00,89927.68341874868
2022-12-29 15:15:00,90000.58179448282
2022-12-30 09:15:00,90207.66260419531
2022-12-30 09:30:00,90148.35545105569
2022-12-30 09:45:00,90181.71572469673
2022-12-30 10:00:00,90043.57948050903
2022-12-30 10:15:00,90123.8912503856
2022-12-30 10:30:00,90160.7111079598
2022-12-30 10:45:00,90080.8935643594
2022-12-30 11:00:00,90119.69032703823
2022-12-30 11:15:00,90049.51019582301
2022-12-30 11:30:00,89998.60488937817
2022-12-30 11:45:00,89909.64415966874
2022-12-30 12:00:00,89980.81274343628
2022-12-30 12:15:00,89973.15223615573
2022-12-30 12:30:00,90109.3115752388
2022-12-30 12:45:00,90035.42474695235
2022-12-30 13:00:00,89924.22383481557
2022-12-30 13:15:00,90032.45938929537
2022-12-30 13:30:00,89940.78041506704
2022-12-30 13:45:00,89802.64417087933
2022-12-30 14:00:00,89707.90420620958
2022-12-30 14:15:00,89707.90420620958
2022-12-30 14:30:00,89707.90420620958
2022-12-30 14:45:00,89707.90420620958
2022-12-30 15:00:00,89707.90420620958
2022-12-30 15:15:00,89707.90420620958
2023-01-02 09:15:00,89707.90420620958
2023-01-02 09:30:00,89707.90420620958
2023-01-02 09:45:00,89707.90420620958
2023-01-02 10:00:00,89707.90420620958
2023-01-02 10:15:00,89707.90420620958
2023-01-02 10:30:00,89707.90420620958
2023-01-02 10:45:00,89602.67194049341
2023-01-02 11:00:00,89629.77796852667
2023-01-02 11:15:00,89617.21062825671
2023-01-02 11:30:00,89629.28513165333
2023-01-02 11:45:00,89563.73782750015
2023-01-02 12:00:00,89657.13041499657
2023-01-02 12:15:00,89534.41403353692
2023-01-02 12:30:00,89547.96704755355
2023-01-02 12:45:00,89489.31945962703
2023-01-02 13:00:00,89609.32523828337
2023-01-02 13:15:00,89609.0788198467
2023-01-02 13:30:00,89555.35960065352
2023-01-02 13:45:00,89514.45414016696
2023-01-02 14:00:00,89548.9527213002
2023-01-02 14:15:00,89436.83233261717
2023-01-02 14:30:00,89482.91258027373
2023-01-02 14:45:00,89605.62896173338
2023-01-02 15:00:00,89662.05878372991
2023-01-02 15:15:00,89731.30236443307
2023-01-03 09:15:00,89504.59740270034
2023-01-03 09:30:00,89665.26222340658
2023-01-03 09:45:00,89742.63761251971
2023-01-03 10:00:00,89845.39410060942
2023-01-03 10:15:00,89790.19637079623
2023-01-03 10:30:00,89810.40268260286
2023-01-03 10:45:00,89826.41988098614
2023-01-03 11:00:00,89850.32246934273
2023-01-03 11:15:00,89876.44282362933
2023-01-03 11:30:00,89847.11902966608
2023-01-03 11:45:00,89787.23934955624
2023-01-03 12:00:00,89684.23644302985
2023-01-03 12:15:00,89573.10172809349
2023-01-03 12:30:00,89485.49800251125
2023-01-03 12:45:00,89485.49800251125
2023-01-03 13:00:00,89485.49800251125
2023-01-03 13:15:00,89485.49800251125
2023-01-03 13:30:00,89485.49800251125
2023-01-03 13:45:00,89485.49800251125
2023-01-03 14:00:00,89318.98567599787
2023-01-03 14:15:00,89429.37444297205
2023-01-03 14:30:00,89478.92673392489
2023-01-03 14:45:00,89447.52726243003
2023-01-03 15:00:00,89491.6827692197
2023-01-03 15:15:00,89460.52860609586
2023-01-04 09:15:00,89456.1130554169
2023-01-04 09:30:00,89114.88911128117
2023-01-04 09:45:00,88940.47485946197
2023-01-04 10:00:00,88947.83411059358
2023-01-04 10:15:00,89067.5445956678
2023-01-04 10:30:00,89007.1987363886
2023-01-04 10:45:00,88981.44135742796
2023-01-04 11:00:00,88786.1758940692
2023-01-04 11:15:00,88696.65452898708
2023-01-04 11:30:00,88696.65452898708
2023-01-04 11:45:00,88696.65452898708
2023-01-04 12:00:00,88696.65452898708
2023-01-04 12:15:00,88696.65452898708
2023-01-04 12:30:00,88696.65452898708
2023-01-04 12:45:00,88696.65452898708
2023-01-04 13:00:00,88696.65452898708
2023-01-04 13:15:00,88696.65452898708
2023-01-04 13:30:00,88696.65452898708
2023-01-04 13:45:00,88696.65452898708
2023-01-04 14:00:00,88661.03044476338
2023-01-04 14:15:00,88435.28859042336
2023-01-04 14:30:00,88384.6617606851
2023-01-04 14:45:00,88322.05080216826
2023-01-04 15:00:00,88305.17519225551
2023-01-04 15:15:00,88226.91149410944
2023-01-05 09:15:00,88412.54320314965
2023-01-05 09:30:00,88214.43821721744
2023-01-05 09:45:00,88228.86808656313
2023-01-05 10:00:00,88356.04659605048
2023-01-05 10:15:00,88356.53574416388
2023-01-05 10:30:00,88304.93061819882
2023-01-05 10:45:00,88211.01418042355
2023-01-05 11:00:00,88123.29182520843
2023-01-05 11:15:00,88123.29182520843
2023-01-05 11:30:00,88123.29182520843
2023-01-05 11:45:00,88123.29182520843
2023-01-05 12:00:00,88123.29182520843
2023-01-05 12:15:00,88123.29182520843
2023-01-05 12:30:00,88123.29182520843
2023-01-05 12:45:00,88123.29182520843
2023-01-05 13:00:00,88123.29182520843
2023-01-05 13:15:00,88123.29182520843
2023-01-05 13:30:00,88123.29182520843
2023-01-05 13:45:00,88123.29182520843
2023-01-05 14:00:00,88123.29182520843
2023-01-05 14:15:00,88123.29182520843
2023-01-05 14:30:00,88123.29182520843
2023-01-05 14:45:00,88123.29182520843
2023-01-05 15:00:00,88123.29182520843
2023-01-05 15:15:00,88086.55292686161
2023-01-06 09:15:00,88038.59415961514
2023-01-06 09:30:00,88218.43953678945
2023-01-06 09:45:00,87945.1235010021
2023-01-06 10:00:00,87867.31284802056
2023-01-06 10:15:00,87820.08814353804
2023-01-06 10:30:00,87764.5440610638
2023-01-06 10:45:00,87677.75728860435
2023-01-06 11:00:00,87677.75728860435
2023-01-06 11:15:00,87677.75728860435
2023-01-06 11:30:00,87677.75728860435
2023-01-06 11:45:00,87677.75728860435
2023-01-06 12:00:00,87677.75728860435
2023-01-06 12:15:00,87677.75728860435
2023-01-06 12:30:00,87677.75728860435
2023-01-06 12:45:00,87677.75728860435
2023-01-06 13:00:00,87677.75728860435
2023-01-06 13:15:00,87677.75728860435
2023-01-06 13:30:00,87677.75728860435
2023-01-06 13:45:00,87677.75728860435
2023-01-06 14:00:00,87677.75728860435
2023-01-06 14:15:00,87677.75728860435
2023-01-06 14:30:00,87677.75728860435
2023-01-06 14:45:00,87677.75728860435
2023-01-06 15:00:00,87677.75728860435
2023-01-06 15:15:00,87677.75728860435
2023-01-09 09:15:00,87677.75728860435
2023-01-09 09:30:00,87767.04836575036
2023-01-09 09:45:00,87878.77972064097
2023-01-09 10:00:00,87922.83936167629
2023-01-09 10:15:00,88041.87341950093
2023-01-09 10:30:00,88037.2483743094
2023-01-09 10:45:00,88050.39323959064
2023-01-09 11:00:00,88144.59810743963
2023-01-09 11:15:00,88195.23018111555
2023-01-09 11:30:00,88266.55324643789
2023-01-09 11:45:00,88246.5925250849
2023-01-09 12:00:00,88266.30982300677
2023-01-09 12:15:00,88095.42657435051
2023-01-09 12:30:00,88113.43990825444
2023-01-09 12:45:00,88086.9067542608
2023-01-09 13:00:00,87999.27431905246
2023-01-09 13:15:00,87909.0864246641
2023-01-09 13:30:00,87909.0864246641
2023-01-09 13:45:00,87909.0864246641
2023-01-09 14:00:00,87909.0864246641
2023-01-09 14:15:00,87909.0864246641
2023-01-09 14:30:00,87909.0864246641
2023-01-09 14:45:00,87909.0864246641
2023-01-09 15:00:00,87909.0864246641
2023-01-09 15:15:00,87909.0864246641
2023-01-10 09:15:00,87909.0864246641
2023-01-10 09:30:00,87909.0864246641
2023-01-10 09:45:00,87909.0864246641
2023-01-10 10:00:00,87909.0864246641
2023-01-10 10:15:00,87909.0864246641
2023-01-10 10:30:00,87909.0864246641
2023-01-10 10:45:00,87909.0864246641
2023-01-10 11:00:00,87909.0864246641
2023-01-10 11:15:00,87909.0864246641
2023-01-10 11:30:00,87909.0864246641
2023-01-10 11:45:00,87909.0864246641
2023-01-10 12:00:00,87909.0864246641
2023-01-10 12:15:00,87909.0864246641
2023-01-10 12:30:00,87909.0864246641
2023-01-10 12:45:00,87909.0864246641
2023-01-10 13:00:00,87909.0864246641
2023-01-10 13:15:00,87909.0864246641
2023-01-10 13:30:00,87909.0864246641
2023-01-10 13:45:00,87909.0864246641
2023-01-10 14:00:00,87909.0864246641
2023-01-10 14:15:00,87909.0864246641
2023-01-10 14:30:00,87909.0864246641
2023-01-10 14:45:00,87909.0864246641
2023-01-10 15:00:00,87909.0864246641
2023-01-10 15:15:00,87909.0864246641
2023-01-11 09:15:00,87909.0864246641
2023-01-11 09:30:00,87909.0864246641
2023-01-11 09:45:00,87909.0864246641
2023-01-11 10:00:00,87909.0864246641
2023-01-11 10:15:00,87909.0864246641
2023-01-11 10:30:00,87909.0864246641
2023-01-11 10:45:00,87909.0864246641
2023-01-11 11:00:00,87909.0864246641
2023-01-11 11:15:00,87909.0864246641
2023-01-11 11:30:00,87909.0864246641
2023-01-11 11:45:00,87909.0864246641
2023-01-11 12:00:00,87909.0864246641
2023-01-11 12:15:00,87909.0864246641
2023-01-11 12:30:00,87909.0864246641
2023-01-11 12:45:00,87909.0864246641
2023-01-11 13:00:00,87909.0864246641
2023-01-11 13:15:00,87909.0864246641
2023-01-11 13:30:00,87909.0864246641
2023-01-11 13:45:00,87909.0864246641
2023-01-11 14:00:00,87909.0864246641
2023-01-11 14:15:00,87909.0864246641
2023-01-11 14:30:00,87909.0864246641
2023-01-11 14:45:00,87909.0864246641
2023-01-11 15:00:00,87909.0864246641
2023-01-11 15:15:00,87909.0864246641
2023-01-12 09:15:00,87909.0864246641
2023-01-12 09:30:00,87909.0864246641
2023-01-12 09:45:00,87909.0864246641
2023-01-12 10:00:00,87909.0864246641
2023-01-12 10:15:00,87909.0864246641
2023-01-12 10:30:00,87909.0864246641
2023-01-12 10:45:00,87909.0864246641
2023-01-12 11:00:00,87909.0864246641
2023-01-12 11:15:00,87909.0864246641
2023-01-12 11:30:00,87909.0864246641
2023-01-12 11:45:00,87909.0864246641
2023-01-12 12:00:00,87909.0864246641
2023-01-12 12:15:00,87909.0864246641
2023-01-12 12:30:00,87909.0864246641
2023-01-12 12:45:00,87909.0864246641
2023-01-12 13:00:00,87909.0864246641
2023-01-12 13:15:00,87909.0864246641
2023-01-12 13:30:00,87909.0864246641
2023-01-12 13:45:00,87909.0864246641
2023-01-12 14:00:00,87909.0864246641
2023-01-12 14:15:00,87909.0864246641
2023-01-12 14:30:00,87909.0864246641
2023-01-12 14:45:00,87909.0864246641
2023-01-12 15:00:00,87909.0864246641
2023-01-12 15:15:00,87909.0864246641
2023-01-13 09:15:00,87909.0864246641
2023-01-13 09:30:00,87909.0864246641
2023-01-13 09:45:00,87909.0864246641
2023-01-13 10:00:00,87909.0864246641
2023-01-13 10:15:00,87909.0864246641
2023-01-13 10:30:00,87909.0864246641
2023-01-13 10:45:00,87909.0864246641
2023-01-13 11:00:00,87909.0864246641
2023-01-13 11:15:00,87909.0864246641
2023-01-13 11:30:00,87909.0864246641
2023-01-13 11:45:00,87909.0864246641
2023-01-13 12:00:00,87909.0864246641
2023-01-13 12:15:00,88036.16547343973
2023-01-13 12:30:00,88008.8614883056
2023-01-13 12:45:00,88219.667932089
2023-01-13 13:00:00,88381.52398810936
2023-01-13 13:15:00,88393.82308051211
2023-01-13 13:30:00,88428.99848478402
2023-01-13 13:45:00,88463.43594351177
2023-01-13 14:00:00,88503.03902104867
2023-01-13 14:15:00,88394.31504420824
2023-01-13 14:30:00,88330.85172740997
2023-01-13 14:45:00,88319.0445987033
2023-01-13 15:00:00,88345.85662014132
2023-01-13 15:15:00,88309.94327032525
2023-01-16 09:15:00,88541.90415304138
2023-01-16 09:30:00,88489.0180557095
2023-01-16 09:45:00,88444.9873049076
2023-01-16 10:00:00,88419.15921086179
2023-01-16 10:15:00,88418.17528346957
2023-01-16 10:30:00,88438.59177685817
2023-01-16 10:45:00,88443.01945012316
2023-01-16 11:00:00,88339.4610920919
2023-01-16 11:15:00,88293.2165046575
2023-01-16 11:30:00,88256.3192274492
2023-01-16 11:45:00,88200.97331163676
2023-01-16 12:00:00,88133.32830342156
2023-01-16 12:15:00,88043.7205599209
2023-01-16 12:30:00,88043.7205599209
2023-01-16 12:45:00,88043.7205599209
2023-01-16 13:00:00,88043.7205599209
2023-01-16 13:15:00,88043.7205599209
2023-01-16 13:30:00,88043.7205599209
2023-01-16 13:45:00,88043.7205599209
2023-01-16 14:00:00,88043.7205599209
2023-01-16 14:15:00,88043.7205599209
2023-01-16 14:30:00,88043.7205599209
2023-01-16 14:45:00,88043.7205599209
2023-01-16 15:00:00,88043.7205599209
2023-01-16 15:15:00,88043.7205599209
2023-01-17 09:15:00,88043.7205599209
2023-01-17 09:30:00,88043.7205599209
2023-01-17 09:45:00,88160.34562655524
2023-01-17 10:00:00,88158.87671181462
2023-01-17 10:15:00,88188.2550066272
2023-01-17 10:30:00,88203.92343052721
2023-01-17 10:45:00,88076.86230546286
2023-01-17 11:00:00,88067.80399789564
2023-01-17 11:15:00,88077.1071245863
2023-01-17 11:30:00,88132.43624648331
2023-01-17 11:45:00,88183.84826240531
2023-01-17 12:00:00,88177.23814607249
2023-01-17 12:15:00,88078.82085845036
2023-01-17 12:30:00,87992.64452700016
2023-01-17 12:45:00,87942.21178757191
2023-01-17 13:00:00,87876.6002624905
2023-01-17 13:15:00,87792.39227679271
2023-01-17 13:30:00,87792.39227679271
2023-01-17 13:45:00,87792.39227679271
2023-01-17 14:00:00,87792.39227679271
2023-01-17 14:15:00,87792.39227679271
2023-01-17 14:30:00,87792.39227679271
2023-01-17 14:45:00,87792.39227679271
2023-01-17 15:00:00,87792.39227679271
2023-01-17 15:15:00,87698.28604309021
2023-01-18 09:15:00,87750.49665487984
2023-01-18 09:30:00,87861.96024004935
2023-01-18 09:45:00,87972.69530505435
2023-01-18 10:00:00,87999.89339119595
2023-01-18 10:15:00,87944.76869874827
2023-01-18 10:30:00,88012.03539393774
2023-01-18 10:45:00,87987.50854839933
2023-01-18 11:00:00,88108.68573576228
2023-01-18 11:15:00,88151.42558541334
2023-01-18 11:30:00,88249.77580762173
2023-01-18 11:45:00,88203.39335714815
2023-01-18 12:00:00,88267.26029156991
2023-01-18 12:15:00,88264.83189102156
2023-01-18 12:30:00,88192.22271462574
2023-01-18 12:45:00,88152.63978568753
2023-01-18 13:00:00,88132.96974124585
2023-01-18 13:15:00,88176.1952710066
2023-01-18 13:30:00,88277.21673381818
2023-01-18 13:45:00,88202.42199692882
2023-01-18 14:00:00,88149.96854508434
2023-01-18 14:15:00,88199.02223616114
2023-01-18 14:30:00,88277.21673381816
2023-01-18 14:45:00,88272.35993272145
2023-01-18 15:00:00,88174.9810707324
2023-01-18 15:15:00,88217.96376043829
2023-01-19 09:15:00,87820.92027078217
2023-01-19 09:30:00,87908.34269052297
2023-01-19 09:45:00,87899.35760849406
2023-01-19 10:00:00,87795.17922496962
2023-01-19 10:15:00,87704.23028195248
2023-01-19 10:30:00,87704.23028195248
2023-01-19 10:45:00,87704.23028195248
2023-01-19 11:00:00,87704.23028195248
2023-01-19 11:15:00,87704.23028195248
2023-01-19 11:30:00,87704.23028195248
2023-01-19 11:45:00,87531.77582185295
2023-01-19 12:00:00,87570.16695159939
2023-01-19 12:15:00,87582.48108755579
2023-01-19 12:30:00,87545.05577239417
2023-01-19 12:45:00,87466.82479102409
2023-01-19 13:00:00,87489.03852647486
2023-01-19 13:15:00,87501.35266243127
2023-01-19 13:30:00,87529.36128539091
2023-01-19 13:45:00,87493.62614575273
2023-01-19 14:00:00,87557.61136199677
2023-01-19 14:15:00,87387.14508777678
2023-01-19 14:30:00,87447.26704568157
2023-01-19 14:45:00,87370.24333254251
2023-01-19 15:00:00,87420.94859824533
2023-01-19 15:15:00,87353.34157730824
2023-01-20 09:15:00,87394.07190997909
2023-01-20 09:30:00,87394.07190997909
2023-01-20 09:45:00,87394.07190997909
2023-01-20 10:00:00,87394.07190997909
2023-01-20 10:15:00,87394.07190997909
2023-01-20 10:30:00,87394.07190997909
2023-01-20 10:45:00,87394.07190997909
2023-01-20 11:00:00,87394.07190997909
2023-01-20 11:15:00,87394.07190997909
2023-01-20 11:30:00,87394.07190997909
2023-01-20 11:45:00,87394.07190997909
2023-01-20 12:00:00,87394.07190997909
2023-01-20 12:15:00,87394.07190997909
2023-01-20 12:30:00,87394.07190997909
2023-01-20 12:45:00,87394.07190997909
2023-01-20 13:00:00,87394.07190997909
2023-01-20 13:15:00,87394.07190997909
2023-01-20 13:30:00,87394.07190997909
2023-01-20 13:45:00,87394.07190997909
2023-01-20 14:00:00,87394.07190997909
2023-01-20 14:15:00,87394.07190997909
2023-01-20 14:30:00,87394.07190997909
2023-01-20 14:45:00,87394.07190997909
2023-01-20 15:00:00,87394.07190997909
2023-01-20 15:15:00,87394.07190997909
2023-01-23 09:15:00,87394.07190997909
2023-01-23 09:30:00,87394.07190997909
2023-01-23 09:45:00,87444.91429435629
2023-01-23 10:00:00,87414.81053645402
2023-01-23 10:15:00,87421.55377822412
2023-01-23 10:30:00,87359.41962191387
2023-01-23 10:45:00,87411.67974563218
2023-01-23 11:00:00,87345.69230831042
2023-01-23 11:15:00,87347.61894881616
2023-01-23 11:30:00,87368.33033425291
2023-01-23 11:45:00,87298.24878585646
2023-01-23 12:00:00,87241.89455106342
2023-01-23 12:15:00,87233.22466878757
2023-01-23 12:30:00,87179.76039475316
2023-01-23 12:45:00,87089.45297432742
2023-01-23 13:00:00,87089.45297432742
2023-01-23 13:15:00,87089.45297432742
2023-01-23 13:30:00,87089.45297432742
2023-01-23 13:45:00,87089.45297432742
2023-01-23 14:00:00,87089.45297432742
2023-01-23 14:15:00,87089.45297432742
2023-01-23 14:30:00,87089.45297432742
2023-01-23 14:45:00,87089.45297432742
2023-01-23 15:00:00,87089.45297432742
2023-01-23 15:15:00,87089.45297432742
2023-01-24 09:15:00,87089.45297432742
2023-01-24 09:30:00,87076.7979540254
2023-01-24 09:45:00,86957.12844812138
2023-01-24 10:00:00,86806.34487068231
2023-01-24 10:15:00,86874.79582805943
2023-01-24 10:30:00,86966.70200859371
2023-01-24 10:45:00,86954.25637997969
2023-01-24 11:00:00,86900.40510232288
2023-01-24 11:15:00,86875.03516707124
2023-01-24 11:30:00,86843.44241751258
2023-01-24 11:45:00,86779.77824037164
2023-01-24 12:00:00,86694.91125951365
2023-01-24 12:15:00,86694.91125951365
2023-01-24 12:30:00,86694.91125951365
2023-01-24 12:45:00,86694.91125951365
2023-01-24 13:00:00,86694.91125951365
2023-01-24 13:15:00,86694.91125951365
2023-01-24 13:30:00,86694.91125951365
2023-01-24 13:45:00,86694.91125951365
2023-01-24 14:00:00,86694.91125951365
2023-01-24 14:15:00,86694.91125951365
2023-01-24 14:30:00,86694.91125951365
2023-01-24 14:45:00,86694.91125951365
2023-01-24 15:00:00,86694.91125951365
2023-01-24 15:15:00,86694.91125951365
2023-01-25 09:15:00,86694.91125951365
2023-01-25 09:30:00,86694.91125951365
2023-01-25 09:45:00,86694.91125951365
2023-01-25 10:00:00,86694.91125951365
2023-01-25 10:15:00,86694.91125951365
2023-01-25 10:30:00,86694.91125951365
2023-01-25 10:45:00,86694.91125951365
2023-01-25 11:00:00,86694.91125951365
2023-01-25 11:15:00,86694.91125951365
2023-01-25 11:30:00,86694.91125951365
2023-01-25 11:45:00,86694.91125951365
2023-01-25 12:00:00,86694.91125951365
2023-01-25 12:15:00,86694.91125951365
2023-01-25 12:30:00,86694.91125951365
2023-01-25 12:45:00,86694.91125951365
2023-01-25 13:00:00,86694.91125951365
2023-01-25 13:15:00,86694.91125951365
2023-01-25 13:30:00,86694.91125951365
2023-01-25 13:45:00,86694.91125951365
2023-01-25 14:00:00,86694.91125951365
2023-01-25 14:15:00,86694.91125951365
2023-01-25 14:30:00,86694.91125951365
2023-01-25 14:45:00,86694.91125951365
2023-01-25 15:00:00,86694.91125951365
2023-01-25 15:15:00,86694.91125951365
2023-01-27 09:15:00,86694.91125951365
2023-01-27 09:30:00,86694.91125951365
2023-01-27 09:45:00,86694.91125951365
2023-01-27 10:00:00,86694.91125951365
2023-01-27 10:15:00,86694.91125951365
2023-01-27 10:30:00,86694.91125951365
2023-01-27 10:45:00,86694.91125951365
2023-01-27 11:00:00,86694.91125951365
2023-01-27 11:15:00,86694.91125951365
2023-01-27 11:30:00,86694.91125951365
2023-01-27 11:45:00,86694.91125951365
2023-01-27 12:00:00,86694.91125951365
2023-01-27 12:15:00,86694.91125951365
2023-01-27 12:30:00,86694.91125951365
2023-01-27 12:45:00,86694.91125951365
2023-01-27 13:00:00,86694.91125951365
2023-01-27 13:15:00,86694.91125951365
2023-01-27 13:30:00,86694.91125951365
2023-01-27 13:45:00,86694.91125951365
2023-01-27 14:00:00,86694.91125951365
2023-01-27 14:15:00,86694.91125951365
2023-01-27 14:30:00,86694.91125951365
2023-01-27 14:45:00,86694.91125951365
2023-01-27 15:00:00,86694.91125951365
2023-01-27 15:15:00,86694.91125951365
2023-01-30 09:15:00,86694.91125951365
2023-01-30 09:30:00,86694.91125951365
2023-01-30 09:45:00,86694.91125951365
2023-01-30 10:00:00,86694.91125951365
2023-01-30 10:15:00,86694.91125951365
2023-01-30 10:30:00,86694.91125951365
2023-01-30 10:45:00,86694.91125951365
2023-01-30 11:00:00,86694.91125951365
2023-01-30 11:15:00,86694.91125951365
2023-01-30 11:30:00,86694.91125951365
2023-01-30 11:45:00,86694.91125951365
2023-01-30 12:00:00,86694.91125951365
2023-01-30 12:15:00,86694.91125951365
2023-01-30 12:30:00,86694.91125951365
2023-01-30 12:45:00,86694.91125951365
2023-01-30 13:00:00,86694.91125951365
2023-01-30 13:15:00,86694.91125951365
2023-01-30 13:30:00,86694.91125951365
2023-01-30 13:45:00,86694.91125951365
2023-01-30 14:00:00,86694.91125951365
2023-01-30 14:15:00,86694.91125951365
2023-01-30 14:30:00,86694.91125951365
2023-01-30 14:45:00,86694.91125951365
2023-01-30 15:00:00,86694.91125951365
2023-01-30 15:15:00,86669.2916531874
2023-01-31 09:15:00,86408.55651606267
2023-01-31 09:30:00,86232.68907173678
2023-01-31 09:45:00,86158.85908464878
2023-01-31 10:00:00,86158.61380229966
2023-01-31 10:15:00,86373.48114013716
2023-01-31 10:30:00,86443.38660963907
2023-01-31 10:45:00,86337.66991716422
2023-01-31 11:00:00,86268.00973001143
2023-01-31 11:15:00,86406.3489749205
2023-01-31 11:30:00,86404.14143377834
2023-01-31 11:45:00,86553.51838439825
2023-01-31 12:00:00,86385.74525759362
2023-01-31 12:15:00,86510.59397330058
2023-01-31 12:30:00,86541.99011398914
2023-01-31 12:45:00,86437.49983325995
2023-01-31 13:00:00,86564.0655254108
2023-01-31 13:15:00,86626.12195974059
2023-01-31 13:30:00,86636.66910075313
2023-01-31 13:45:00,86619.25405396493
2023-01-31 14:00:00,86468.89597394851
2023-01-31 14:15:00,86458.34883293594
2023-01-31 14:30:00,86510.34869095139
2023-01-31 14:45:00,86645.4992653218
2023-01-31 15:00:00,86756.36688712836
2023-01-31 15:15:00,86744.348052021
2023-02-01 09:15:00,87238.34670316796
2023-02-01 09:30:00,87168.19595131691
2023-02-01 09:45:00,87125.51682256837
2023-02-01 10:00:00,87263.12022043006
2023-02-01 10:15:00,87357.0633601467
2023-02-01 10:30:00,87337.68605456546
2023-02-01 10:45:00,87375.45953633143
2023-02-01 11:00:00,87332.28984288462
2023-02-01 11:15:00,87235.8938796767
2023-02-01 11:30:00,87316.59177254034
2023-02-01 11:45:00,87346.51621913415
2023-02-01 12:00:00,87089.7055995955
2023-02-01 12:15:00,87605.04381511673
2023-02-01 12:30:00,87828.00547047552
2023-02-01 12:45:00,88146.87252434395
2023-02-01 13:00:00,87887.36379896486
2023-02-01 13:15:00,87360.98787773281
2023-02-01 13:30:00,86978.59269543982
2023-02-01 13:45:00,86662.91431211008
2023-02-01 14:00:00,86570.12547112846
2023-02-01 14:15:00,86570.12547112846
2023-02-01 14:30:00,86570.12547112846
2023-02-01 14:45:00,86570.12547112846
2023-02-01 15:00:00,86570.12547112846
2023-02-01 15:15:00,86570.12547112846
2023-02-02 09:15:00,86570.12547112846
2023-02-02 09:30:00,86570.12547112846
2023-02-02 09:45:00,86570.12547112846
2023-02-02 10:00:00,86570.12547112846
2023-02-02 10:15:00,86570.12547112846
2023-02-02 10:30:00,86570.12547112846
2023-02-02 10:45:00,86570.12547112846
2023-02-02 11:00:00,86570.12547112846
2023-02-02 11:15:00,86570.12547112846
2023-02-02 11:30:00,86570.12547112846
2023-02-02 11:45:00,86570.12547112846
2023-02-02 12:00:00,86570.12547112846
2023-02-02 12:15:00,86570.12547112846
2023-02-02 12:30:00,86570.12547112846
2023-02-02 12:45:00,86570.12547112846
2023-02-02 13:00:00,86570.12547112846
2023-02-02 13:15:00,86570.12547112846
2023-02-02 13:30:00,86570.12547112846
2023-02-02 13:45:00,86570.12547112846
2023-02-02 14:00:00,86570.12547112846
2023-02-02 14:15:00,86570.12547112846
2023-02-02 14:30:00,86570.12547112846
2023-02-02 14:45:00,86570.12547112846
2023-02-02 15:00:00,86570.12547112846
2023-02-02 15:15:00,86570.12547112846
2023-02-03 09:15:00,86570.12547112846
2023-02-03 09:30:00,86351.52722211744
2023-02-03 09:45:00,86472.06400897886
2023-02-03 10:00:00,86434.65604064256
2023-02-03 10:15:00,86272.55484451859
2023-02-03 10:30:00,85986.49391018215
2023-02-03 10:45:00,86233.92439355691
2023-02-03 11:00:00,86192.84897734449
2023-02-03 11:15:00,86084.04802368661
2023-02-03 11:30:00,86225.6115117044
2023-02-03 11:45:00,86327.5665626602
2023-02-03 12:00:00,86439.7904676691
2023-02-03 12:15:00,86498.71413021193
2023-02-03 12:30:00,86536.61109159839
2023-02-03 12:45:00,86463.01763755114
2023-02-03 13:00:00,86587.46636881375
2023-02-03 13:15:00,86533.18814024735
2023-02-03 13:30:00,86721.93945760439
2023-02-03 13:45:00,86770.10527304396
2023-02-03 14:00:00,86785.50855412359
2023-02-03 14:15:00,87019.24723209422
2023-02-03 14:30:00,87187.46084134505
2023-02-03 14:45:00,87177.68098034209
2023-02-03 15:00:00,87306.28615253096
2023-02-03 15:15:00,87191.37278574624
2023-02-06 09:15:00,86804.0902900292
2023-02-06 09:30:00,86941.74183364579
2023-02-06 09:45:00,86902.86688615904
2023-02-06 10:00:00,86914.35822283753
2023-02-06 10:15:00,86634.40970162794
2023-02-06 10:30:00,86547.53103989775
2023-02-06 10:45:00,86547.53103989775
2023-02-06 11:00:00,86547.53103989775
2023-02-06 11:15:00,86547.53103989775
2023-02-06 11:30:00,86547.53103989775
2023-02-06 11:45:00,86547.53103989775
2023-02-06 12:00:00,86547.53103989775
2023-02-06 12:15:00,86547.53103989775
2023-02-06 12:30:00,86547.53103989775
2023-02-06 12:45:00,86547.53103989775
2023-02-06 13:00:00,86547.53103989775
2023-02-06 13:15:00,86547.53103989775
2023-02-06 13:30:00,86547.53103989775
2023-02-06 13:45:00,86547.53103989775
2023-02-06 14:00:00,86547.53103989775
2023-02-06 14:15:00,86381.6914069773
2023-02-06 14:30:00,86369.04358704542
2023-02-06 14:45:00,86380.71849775178
2023-02-06 15:00:00,86402.85218263253
2023-02-06 15:15:00,86400.17668226233
2023-02-07 09:15:00,86538.81624690011
2023-02-07 09:30:00,86346.90990216465
2023-02-07 09:45:00,86354.4499486625
2023-02-07 10:00:00,86349.58540253485
2023-02-07 10:15:00,86404.7980010836
2023-02-07 10:30:00,86442.49823357283
2023-02-07 10:45:00,86386.31272579855
2023-02-07 11:00:00,86430.58009556009
2023-02-07 11:15:00,86327.4517176541
2023-02-07 11:30:00,86280.99530213512
2023-02-07 11:45:00,86257.88870802884
2023-02-07 12:00:00,86171.14485116265
2023-02-07 12:15:00,86171.14485116265
2023-02-07 12:30:00,86171.14485116265
2023-02-07 12:45:00,86171.14485116265
2023-02-07 13:00:00,86171.14485116265
2023-02-07 13:15:00,86171.14485116265
2023-02-07 13:30:00,86171.14485116265
2023-02-07 13:45:00,86171.14485116265
2023-02-07 14:00:00,86171.14485116265
2023-02-07 14:15:00,86031.80201161951
2023-02-07 14:30:00,86210.25495955834
2023-02-07 14:45:00,86259.05637797427
2023-02-07 15:00:00,86045.88401295345
2023-02-07 15:15:00,86047.82635796502
2023-02-08 09:15:00,86479.99812304137
2023-02-08 09:30:00,86625.6739989098
2023-02-08 09:45:00,86679.81686610756
2023-02-08 10:00:00,86733.95973330534
2023-02-08 10:15:00,86675.68938295796
2023-02-08 10:30:00,86494.32291750176
2023-02-08 10:45:00,86549.67975033178
2023-02-08 11:00:00,86631.98662019744
2023-02-08 11:15:00,86626.40237828913
2023-02-08 11:30:00,86795.3863942965
2023-02-08 11:45:00,86806.55487811308
2023-02-08 12:00:00,86685.64390114228
2023-02-08 12:15:00,86618.87579136924
2023-02-08 12:30:00,86653.83800157766
2023-02-08 12:45:00,86672.53307231411
2023-02-08 13:00:00,86685.88669426872
2023-02-08 13:15:00,86829.86301825203
2023-02-08 13:30:00,86763.33770160544
2023-02-08 13:45:00,86809.71118875688
2023-02-08 14:00:00,86849.7720546207
2023-02-08 14:15:00,86851.95719275872
2023-02-08 14:30:00,86863.85405595465
2023-02-08 14:45:00,86872.10902225388
2023-02-08 15:00:00,86780.09042733032
2023-02-08 15:15:00,86737.84442332847
2023-02-09 09:15:00,86511.0756432266
2023-02-09 09:30:00,86384.33763122109
2023-02-09 09:45:00,86298.4383942565
2023-02-09 10:00:00,86298.4383942565
2023-02-09 10:15:00,86298.4383942565
2023-02-09 10:30:00,86298.4383942565
2023-02-09 10:45:00,86298.4383942565
2023-02-09 11:00:00,86298.4383942565
2023-02-09 11:15:00,86298.4383942565
2023-02-09 11:30:00,86298.4383942565
2023-02-09 11:45:00,86298.4383942565
2023-02-09 12:00:00,86298.4383942565
2023-02-09 12:15:00,86298.4383942565
2023-02-09 12:30:00,86298.4383942565
2023-02-09 12:45:00,86298.4383942565
2023-02-09 13:00:00,86298.4383942565
2023-02-09 13:15:00,86298.4383942565
2023-02-09 13:30:00,86298.4383942565
2023-02-09 13:45:00,86298.4383942565
2023-02-09 14:00:00,86298.4383942565
2023-02-09 14:15:00,86163.25430108281
2023-02-09 14:30:00,86201.54405039283
2023-02-09 14:45:00,86141.34004204375
2023-02-09 15:00:00,86181.07468755415
2023-02-09 15:15:00,86198.17262592529
2023-02-10 09:15:00,86020.93202534564
2023-02-10 09:30:00,85786.85884088448
2023-02-10 09:45:00,85699.14738030468
2023-02-10 10:00:00,85699.14738030468
2023-02-10 10:15:00,85699.14738030468
2023-02-10 10:30:00,85699.14738030468
2023-02-10 10:45:00,85699.14738030468
2023-02-10 11:00:00,85699.14738030468
2023-02-10 11:15:00,85699.14738030468
2023-02-10 11:30:00,85699.14738030468
2023-02-10 11:45:00,85699.14738030468
2023-02-10 12:00:00,85699.14738030468
2023-02-10 12:15:00,85699.14738030468
2023-02-10 12:30:00,85699.14738030468
2023-02-10 12:45:00,85699.14738030468
2023-02-10 13:00:00,85699.14738030468
2023-02-10 13:15:00,85699.14738030468
2023-02-10 13:30:00,85699.14738030468
2023-02-10 13:45:00,85699.14738030468
2023-02-10 14:00:00,85699.14738030468
2023-02-10 14:15:00,85699.14738030468
2023-02-10 14:30:00,85699.14738030468
2023-02-10 14:45:00,85699.14738030468
2023-02-10 15:00:00,85699.14738030468
2023-02-10 15:15:00,85699.14738030468
2023-02-13 09:15:00,85699.14738030468
2023-02-13 09:30:00,85699.14738030468
2023-02-13 09:45:00,85699.14738030468
2023-02-13 10:00:00,85699.14738030468
2023-02-13 10:15:00,85699.14738030468
2023-02-13 10:30:00,85699.14738030468
2023-02-13 10:45:00,85699.14738030468
2023-02-13 11:00:00,85699.14738030468
2023-02-13 11:15:00,85699.14738030468
2023-02-13 11:30:00,85699.14738030468
2023-02-13 11:45:00,85699.14738030468
2023-02-13 12:00:00,85699.14738030468
2023-02-13 12:15:00,85699.14738030468
2023-02-13 12:30:00,85699.14738030468
2023-02-13 12:45:00,85699.14738030468
2023-02-13 13:00:00,85699.14738030468
2023-02-13 13:15:00,85699.14738030468
2023-02-13 13:30:00,85699.14738030468
2023-02-13 13:45:00,85699.14738030468
2023-02-13 14:00:00,85699.14738030468
2023-02-13 14:15:00,85699.14738030468
2023-02-13 14:30:00,85699.14738030468
2023-02-13 14:45:00,85632.93125456279
2023-02-13 15:00:00,85460.95149565586
2023-02-13 15:15:00,85458.54618434247
2023-02-14 09:15:00,85719.04139958194
2023-02-14 09:30:00,85694.26669305409
2023-02-14 09:45:00,85785.909054094
2023-02-14 10:00:00,85807.31632478311
2023-02-14 10:15:00,85830.16678226025
2023-02-14 10:30:00,85863.1195472536
2023-02-14 10:45:00,85812.84854080388
2023-02-14 11:00:00,85885.0078802054
2023-02-14 11:15:00,85867.4491076177
2023-02-14 11:30:00,85969.91536956784
2023-02-14 11:45:00,86001.66547890451
2023-02-14 12:00:00,86097.39686917717
2023-02-14 12:15:00,86092.10518428774
2023-02-14 12:30:00,86199.62259999597
2023-02-14 12:45:00,86130.34963417053
2023-02-14 13:00:00,86190.00135474243
2023-02-14 13:15:00,86159.21336993112
2023-02-14 13:30:00,86134.43866340327
2023-02-14 13:45:00,86285.01115162109
2023-02-14 14:00:00,86311.71010719966
2023-02-14 14:15:00,86284.5300893584
2023-02-14 14:30:00,86317.7233854831
2023-02-14 14:45:00,86333.35790902008
2023-02-14 15:00:00,86229.68899141323
2023-02-14 15:15:00,86215.25712353294
2023-02-15 09:15:00,85973.52333653787
2023-02-15 09:30:00,85887.06923200093
2023-02-15 09:45:00,85887.06923200093
2023-02-15 10:00:00,85887.06923200093
2023-02-15 10:15:00,85887.06923200093
2023-02-15 10:30:00,85887.06923200093
2023-02-15 10:45:00,85887.06923200093
2023-02-15 11:00:00,85887.06923200093
2023-02-15 11:15:00,85770.09651068386
2023-02-15 11:30:00,85805.72545038136
2023-02-15 11:45:00,85767.94442707798
2023-02-15 12:00:00,85677.79603603133
2023-02-15 12:15:00,85682.57844404441
2023-02-15 12:30:00,85758.3796110518
2023-02-15 12:45:00,85803.57336677547
2023-02-15 13:00:00,85718.92474494384
2023-02-15 13:15:00,85738.05437699618
2023-02-15 13:30:00,85665.12265479662
2023-02-15 13:45:00,85726.33747736413
2023-02-15 14:00:00,85777.03100230284
2023-02-15 14:15:00,85780.13956751135
2023-02-15 14:30:00,85879.13541338222
2023-02-15 14:45:00,85940.3502359497
2023-02-15 15:00:00,86155.55859653855
2023-02-15 15:15:00,86194.29610144456
2023-02-16 09:15:00,86659.62440111779
2023-02-16 09:30:00,86712.94825046371
2023-02-16 09:45:00,86669.42833754462
2023-02-16 10:00:00,86602.95286616274
2023-02-16 10:15:00,86561.82415725019
2023-02-16 10:30:00,86606.7787925732
2023-02-16 10:45:00,86650.29870549227
2023-02-16 11:00:00,86629.97347143666
2023-02-16 11:15:00,86613.23504339086
2023-02-16 11:30:00,86578.80170569663
2023-02-16 11:45:00,86535.52091317822
2023-02-16 12:00:00,86510.89151191084
2023-02-16 12:15:00,86489.84891665325
2023-02-16 12:30:00,86411.0032687047
2023-02-16 12:45:00,86411.0032687047
2023-02-16 13:00:00,86411.0032687047
2023-02-16 13:15:00,86411.0032687047
2023-02-16 13:30:00,86411.0032687047
2023-02-16 13:45:00,86411.0032687047
2023-02-16 14:00:00,86411.0032687047
2023-02-16 14:15:00,86411.0032687047
2023-02-16 14:30:00,86411.0032687047
2023-02-16 14:45:00,86411.0032687047
2023-02-16 15:00:00,86411.0032687047
2023-02-16 15:15:00,86411.0032687047
2023-02-17 09:15:00,86411.0032687047
2023-02-17 09:30:00,86411.0032687047
2023-02-17 09:45:00,86411.0032687047
2023-02-17 10:00:00,86411.0032687047
2023-02-17 10:15:00,86411.0032687047
2023-02-17 10:30:00,86411.0032687047
2023-02-17 10:45:00,86411.0032687047
2023-02-17 11:00:00,86411.0032687047
2023-02-17 11:15:00,86411.0032687047
2023-02-17 11:30:00,86411.0032687047
2023-02-17 11:45:00,86411.0032687047
2023-02-17 12:00:00,86411.0032687047
2023-02-17 12:15:00,86411.0032687047
2023-02-17 12:30:00,86411.0032687047
2023-02-17 12:45:00,86411.0032687047
2023-02-17 13:00:00,86411.0032687047
2023-02-17 13:15:00,86411.0032687047
2023-02-17 13:30:00,86411.0032687047
2023-02-17 13:45:00,86411.0032687047
2023-02-17 14:00:00,86411.0032687047
2023-02-17 14:15:00,86411.0032687047
2023-02-17 14:30:00,86411.0032687047
2023-02-17 14:45:00,86411.0032687047
2023-02-17 15:00:00,86411.0032687047
2023-02-17 15:15:00,86411.0032687047
2023-02-20 09:15:00,86411.0032687047
2023-02-20 09:30:00,86411.0032687047
2023-02-20 09:45:00,86411.0032687047
2023-02-20 10:00:00,86161.47171961277
2023-02-20 10:15:00,86135.56433880556
2023-02-20 10:30:00,86165.0699669471
2023-02-20 10:45:00,86172.02657846017
2023-02-20 11:00:00,86188.81839935372
2023-02-20 11:15:00,86039.85095971222
2023-02-20 11:30:00,86061.68032687386
2023-02-20 11:45:00,86025.6978535305
2023-02-20 12:00:00,85957.3311541781
2023-02-20 12:15:00,85867.299887392
2023-02-20 12:30:00,85867.299887392
2023-02-20 12:45:00,85867.299887392
2023-02-20 13:00:00,85867.299887392
2023-02-20 13:15:00,85867.299887392
2023-02-20 13:30:00,85867.299887392
2023-02-20 13:45:00,85867.299887392
2023-02-20 14:00:00,85867.299887392
2023-02-20 14:15:00,85867.299887392
2023-02-20 14:30:00,85867.299887392
2023-02-20 14:45:00,85867.299887392
2023-02-20 15:00:00,85867.299887392
2023-02-20 15:15:00,85867.299887392
2023-02-21 09:15:00,85867.299887392
2023-02-21 09:30:00,85867.299887392
2023-02-21 09:45:00,85867.299887392
2023-02-21 10:00:00,85867.299887392
2023-02-21 10:15:00,85867.299887392
2023-02-21 10:30:00,85717.04127776761
2023-02-21 10:45:00,85687.59841123359
2023-02-21 11:00:00,85734.75487226775
2023-02-21 11:15:00,85734.27612647043
2023-02-21 11:30:00,85555.70394407715
2023-02-21 11:45:00,85656.71930730768
2023-02-21 12:00:00,85517.88302609036
2023-02-21 12:15:00,85360.8544045756
2023-02-21 12:30:00,85274.77614959377
2023-02-21 12:45:00,85274.77614959377
2023-02-21 13:00:00,85274.77614959377
2023-02-21 13:15:00,85274.77614959377
2023-02-21 13:30:00,85274.77614959377
2023-02-21 13:45:00,85274.77614959377
2023-02-21 14:00:00,85274.77614959377
2023-02-21 14:15:00,85274.77614959377
2023-02-21 14:30:00,85274.77614959377
2023-02-21 14:45:00,85274.77614959377
2023-02-21 15:00:00,85274.77614959377
2023-02-21 15:15:00,85274.77614959377
2023-02-22 09:15:00,85274.77614959377
2023-02-22 09:30:00,85274.77614959377
2023-02-22 09:45:00,85274.77614959377
2023-02-22 10:00:00,85274.77614959377
2023-02-22 10:15:00,85274.77614959377
2023-02-22 10:30:00,85274.77614959377
2023-02-22 10:45:00,85274.77614959377
2023-02-22 11:00:00,85274.77614959377
2023-02-22 11:15:00,85274.77614959377
2023-02-22 11:30:00,85274.77614959377
2023-02-22 11:45:00,85274.77614959377
2023-02-22 12:00:00,85274.77614959377
2023-02-22 12:15:00,85274.77614959377
2023-02-22 12:30:00,85274.77614959377
2023-02-22 12:45:00,85274.77614959377
2023-02-22 13:00:00,85274.77614959377
2023-02-22 13:15:00,85274.77614959377
2023-02-22 13:30:00,85274.77614959377
2023-02-22 13:45:00,85274.77614959377
2023-02-22 14:00:00,85274.77614959377
2023-02-22 14:15:00,85274.77614959377
2023-02-22 14:30:00,85274.77614959377
2023-02-22 14:45:00,85274.77614959377
2023-02-22 15:00:00,85274.77614959377
2023-02-22 15:15:00,85274.77614959377
2023-02-23 09:15:00,85274.77614959377
2023-02-23 09:30:00,85274.77614959377
2023-02-23 09:45:00,85274.77614959377
2023-02-23 10:00:00,85274.77614959377
2023-02-23 10:15:00,85274.77614959377
2023-02-23 10:30:00,85274.77614959377
2023-02-23 10:45:00,85274.77614959377
2023-02-23 11:00:00,85274.77614959377
2023-02-23 11:15:00,85274.77614959377
2023-02-23 11:30:00,85274.77614959377
2023-02-23 11:45:00,85274.77614959377
2023-02-23 12:00:00,85274.77614959377
2023-02-23 12:15:00,85274.77614959377
2023-02-23 12:30:00,85274.77614959377
2023-02-23 12:45:00,85274.77614959377
2023-02-23 13:00:00,85274.77614959377
2023-02-23 13:15:00,85274.77614959377
2023-02-23 13:30:00,85274.77614959377
2023-02-23 13:45:00,85274.77614959377
2023-02-23 14:00:00,85274.77614959377
2023-02-23 14:15:00,85274.77614959377
2023-02-23 14:30:00,85274.77614959377
2023-02-23 14:45:00,85274.77614959377
2023-02-23 15:00:00,85274.77614959377
2023-02-23 15:15:00,85274.77614959377
2023-02-24 09:15:00,85274.77614959377
2023-02-24 09:30:00,85274.77614959377
2023-02-24 09:45:00,85274.77614959377
2023-02-24 10:00:00,85274.77614959377
2023-02-24 10:15:00,85274.77614959377
2023-02-24 10:30:00,85274.77614959377
2023-02-24 10:45:00,85274.77614959377
2023-02-24 11:00:00,85274.77614959377
2023-02-24 11:15:00,85274.77614959377
2023-02-24 11:30:00,85274.77614959377
2023-02-24 11:45:00,85274.77614959377
2023-02-24 12:00:00,85274.77614959377
2023-02-24 12:15:00,85274.77614959377
2023-02-24 12:30:00,85274.77614959377
2023-02-24 12:45:00,85274.77614959377
2023-02-24 13:00:00,85274.77614959377
2023-02-24 13:15:00,85274.77614959377
2023-02-24 13:30:00,85274.77614959377
2023-02-24 13:45:00,85274.77614959377
2023-02-24 14:00:00,85274.77614959377
2023-02-24 14:15:00,85274.77614959377
2023-02-24 14:30:00,85274.77614959377
2023-02-24 14:45:00,85274.77614959377
2023-02-24 15:00:00,85274.77614959377
2023-02-24 15:15:00,85274.77614959377
2023-02-27 09:15:00,85274.77614959377
2023-02-27 09:30:00,85274.77614959377
2023-02-27 09:45:00,85274.77614959377
2023-02-27 10:00:00,85274.77614959377
2023-02-27 10:15:00,85274.77614959377
2023-02-27 10:30:00,85274.77614959377
2023-02-27 10:45:00,85274.77614959377
2023-02-27 11:00:00,85274.77614959377
2023-02-27 11:15:00,85274.77614959377
2023-02-27 11:30:00,85274.77614959377
2023-02-27 11:45:00,85274.77614959377
2023-02-27 12:00:00,85274.77614959377
2023-02-27 12:15:00,85274.77614959377
2023-02-27 12:30:00,85274.77614959377
2023-02-27 12:45:00,85274.77614959377
2023-02-27 13:00:00,85274.77614959377
2023-02-27 13:15:00,85274.77614959377
2023-02-27 13:30:00,85274.77614959377
2023-02-27 13:45:00,85274.77614959377
2023-02-27 14:00:00,85274.77614959377
2023-02-27 14:15:00,85274.77614959377
2023-02-27 14:30:00,85274.77614959377
2023-02-27 14:45:00,85274.77614959377
2023-02-27 15:00:00,85327.5257866546
2023-02-27 15:15:00,85346.40301545958
2023-02-28 09:15:00,85352.0416682195
2023-02-28 09:30:00,85421.17645423254
2023-02-28 09:45:00,85330.71285125805
2023-02-28 10:00:00,85219.41074895338
2023-02-28 10:15:00,85375.57691452181
2023-02-28 10:30:00,85135.56643400138
2023-02-28 10:45:00,85175.77247976782
2023-02-28 11:00:00,85192.93359686325
2023-02-28 11:15:00,85130.41809887275
2023-02-28 11:30:00,85047.30926036772
2023-02-28 11:45:00,85202.0044730423
2023-02-28 12:00:00,85241.72020117744
2023-02-28 12:15:00,85274.5714824744
2023-02-28 12:30:00,85092.6636412628
2023-02-28 12:45:00,85091.92816481586
2023-02-28 13:00:00,85063.2445833849
2023-02-28 13:15:00,84996.31622671272
2023-02-28 13:30:00,84913.27921974065
2023-02-28 13:45:00,84913.27921974065
2023-02-28 14:00:00,84913.27921974065
2023-02-28 14:15:00,84913.27921974065
2023-02-28 14:30:00,84913.27921974065
2023-02-28 14:45:00,84913.27921974065
2023-02-28 15:00:00,84913.27921974065
2023-02-28 15:15:00,84913.27921974065
2023-03-01 09:15:00,84913.27921974065
2023-03-01 09:30:00,84913.27921974065
2023-03-01 09:45:00,84913.27921974065
2023-03-01 10:00:00,84913.27921974065
2023-03-01 10:15:00,84913.27921974065
2023-03-01 10:30:00,84913.27921974065
2023-03-01 10:45:00,84913.27921974065
2023-03-01 11:00:00,84913.27921974065
2023-03-01 11:15:00,84812.79293226203
2023-03-01 11:30:00,84820.57943639148
2023-03-01 11:45:00,84811.57629099181
2023-03-01 12:00:00,84716.19161540603
2023-03-01 12:15:00,84762.66731192869
2023-03-01 12:30:00,84762.42398367464
2023-03-01 12:45:00,84785.54016780894
2023-03-01 13:00:00,84747.58096017787
2023-03-01 13:15:00,84781.16025923615
2023-03-01 13:30:00,84778.2403201876
2023-03-01 13:45:00,84794.05665670054
2023-03-01 14:00:00,84887.00804974587
2023-03-01 14:15:00,84900.87776022645
2023-03-01 14:30:00,84997.2357488284
2023-03-01 14:45:00,84926.9138834093
2023-03-01 15:00:00,84907.44762308568
2023-03-01 15:15:00,84959.76319770544
2023-03-02 09:15:00,84566.78806742224
2023-03-02 09:30:00,84620.56361156626
2023-03-02 09:45:00,84425.17102356786
2023-03-02 10:00:00,84334.42564447373
2023-03-02 10:15:00,84334.42564447373
2023-03-02 10:30:00,84334.42564447373
2023-03-02 10:45:00,84334.42564447373
2023-03-02 11:00:00,84334.42564447373
2023-03-02 11:15:00,84334.42564447373
2023-03-02 11:30:00,84334.42564447373
2023-03-02 11:45:00,84334.42564447373
2023-03-02 12:00:00,84334.42564447373
2023-03-02 12:15:00,84334.42564447373
2023-03-02 12:30:00,84334.42564447373
2023-03-02 12:45:00,84334.42564447373
2023-03-02 13:00:00,84334.42564447373
2023-03-02 13:15:00,84334.42564447373
2023-03-02 13:30:00,84334.42564447373
2023-03-02 13:45:00,84334.42564447373
2023-03-02 14:00:00,84334.42564447373
2023-03-02 14:15:00,84334.42564447373
2023-03-02 14:30:00,84334.42564447373
2023-03-02 14:45:00,84334.42564447373
2023-03-02 15:00:00,84334.42564447373
2023-03-02 15:15:00,84334.42564447373
2023-03-03 09:15:00,84334.42564447373
2023-03-03 09:30:00,84219.46665971885
2023-03-03 09:45:00,84330.63139790704
2023-03-03 10:00:00,84459.3992291272
2023-03-03 10:15:00,84500.63387170892
2023-03-03 10:30:00,84549.34380037272
2023-03-03 10:45:00,84601.42966468648
2023-03-03 11:00:00,84629.16056466836
2023-03-03 11:15:00,84696.19700114627
2023-03-03 11:30:00,84760.82205501707
2023-03-03 11:45:00,84719.58741243531
2023-03-03 12:00:00,84738.63733503156
2023-03-03 12:15:00,84690.89195941061
2023-03-03 12:30:00,84592.26641077944
2023-03-03 12:45:00,84669.43065420724
2023-03-03 13:00:00,84695.71472462485
2023-03-03 13:15:00,84751.17652458859
2023-03-03 13:30:00,84896.10061927645
2023-03-03 13:45:00,84871.0222401624
2023-03-03 14:00:00,84927.6897314297
2023-03-03 14:15:00,84997.61982703615
2023-03-03 14:30:00,84994.48502964688
2023-03-03 14:45:00,85012.811537461
2023-03-03 15:00:00,84841.60337235556
2023-03-03 15:15:00,84843.53247844124
2023-03-06 09:15:00,85603.11799968375
2023-03-06 09:30:00,85669.18988311882
2023-03-06 09:45:00,85687.75752919362
2023-03-06 10:00:00,85725.37509786469
2023-03-06 10:15:00,85731.6446926432
2023-03-06 10:30:00,85767.81543174999
2023-03-06 10:45:00,85729.4744482968
2023-03-06 11:00:00,85745.63071176449
2023-03-06 11:15:00,85665.33167094743
2023-03-06 11:30:00,85721.75802395403
2023-03-06 11:45:00,85772.15592044279
2023-03-06 12:00:00,85746.83640306804
2023-03-06 12:15:00,85649.89882226185
2023-03-06 12:30:00,85662.43801181886
2023-03-06 12:45:00,85650.622237044
2023-03-06 13:00:00,85702.94923961847
2023-03-06 13:15:00,85624.5793048871
2023-03-06 13:30:00,85529.32969190589
2023-03-06 13:45:00,85441.87318523438
2023-03-06 14:00:00,85441.87318523438
2023-03-06 14:15:00,85441.87318523438
2023-03-06 14:30:00,85441.87318523438
2023-03-06 14:45:00,85441.87318523438
2023-03-06 15:00:00,85441.87318523438
2023-03-06 15:15:00,85441.87318523438
2023-03-08 09:15:00,85441.87318523438
2023-03-08 09:30:00,85441.87318523438
2023-03-08 09:45:00,85441.87318523438
2023-03-08 10:00:00,85441.87318523438
2023-03-08 10:15:00,85441.87318523438
2023-03-08 10:30:00,85441.87318523438
2023-03-08 10:45:00,85441.87318523438
2023-03-08 11:00:00,85441.87318523438
2023-03-08 11:15:00,85441.87318523438
2023-03-08 11:30:00,85441.87318523438
2023-03-08 11:45:00,85441.87318523438
2023-03-08 12:00:00,85441.87318523438
2023-03-08 12:15:00,85441.87318523438
2023-03-08 12:30:00,85441.87318523438
2023-03-08 12:45:00,85441.87318523438
2023-03-08 13:00:00,85441.87318523438
2023-03-08 13:15:00,85441.87318523438
2023-03-08 13:30:00,85441.87318523438
2023-03-08 13:45:00,85441.87318523438
2023-03-08 14:00:00,85407.07177609632
2023-03-08 14:15:00,85434.08002358815
2023-03-08 14:30:00,85368.00627525992
2023-03-08 14:45:00,85399.3551339558
2023-03-08 15:00:00,85638.32989524509
2023-03-08 15:15:00,85613.73309842218
2023-03-09 09:15:00,85528.12659967576
2023-03-09 09:30:00,85478.93300602993
2023-03-09 09:45:00,85336.41627149716
2023-03-09 10:00:00,85246.2280164798
2023-03-09 10:15:00,85380.30467367137
2023-03-09 10:30:00,85266.00191196491
2023-03-09 10:45:00,85338.3454320323
2023-03-09 11:00:00,85382.47497927341
2023-03-09 11:15:00,85439.14406999286
2023-03-09 11:30:00,85435.52689398949
2023-03-09 11:45:00,85347.99123470795
2023-03-09 12:00:00,85272.03053863719
2023-03-09 12:15:00,85195.82869749953
2023-03-09 12:30:00,85112.56010017662
2023-03-09 12:45:00,85112.56010017662
2023-03-09 13:00:00,85112.56010017662
2023-03-09 13:15:00,85112.56010017662
2023-03-09 13:30:00,85112.56010017662
2023-03-09 13:45:00,85112.56010017662
2023-03-09 14:00:00,85112.56010017662
2023-03-09 14:15:00,85112.56010017662
2023-03-09 14:30:00,85112.56010017662
2023-03-09 14:45:00,85112.56010017662
2023-03-09 15:00:00,85112.56010017662
2023-03-09 15:15:00,85112.56010017662
2023-03-10 09:15:00,85112.56010017662
2023-03-10 09:30:00,85112.56010017662
2023-03-10 09:45:00,85112.56010017662
2023-03-10 10:00:00,85112.56010017662
2023-03-10 10:15:00,85112.56010017662
2023-03-10 10:30:00,85112.56010017662
2023-03-10 10:45:00,85112.56010017662
2023-03-10 11:00:00,85112.56010017662
2023-03-10 11:15:00,85112.56010017662
2023-03-10 11:30:00,85112.56010017662
2023-03-10 11:45:00,85112.56010017662
2023-03-10 12:00:00,85112.56010017662
2023-03-10 12:15:00,85112.56010017662
2023-03-10 12:30:00,85112.56010017662
2023-03-10 12:45:00,85112.56010017662
2023-03-10 13:00:00,85112.56010017662
2023-03-10 13:15:00,85112.56010017662
2023-03-10 13:30:00,85112.56010017662
2023-03-10 13:45:00,85112.56010017662
2023-03-10 14:00:00,85112.56010017662
2023-03-10 14:15:00,85112.56010017662
2023-03-10 14:30:00,85112.56010017662
2023-03-10 14:45:00,85112.56010017662
2023-03-10 15:00:00,85112.56010017662
2023-03-10 15:15:00,85112.56010017662
2023-03-13 09:15:00,85112.56010017662
2023-03-13 09:30:00,85112.56010017662
2023-03-13 09:45:00,85112.56010017662
2023-03-13 10:00:00,85112.56010017662
2023-03-13 10:15:00,85112.56010017662
2023-03-13 10:30:00,85112.56010017662
2023-03-13 10:45:00,85112.56010017662
2023-03-13 11:00:00,85112.56010017662
2023-03-13 11:15:00,85112.56010017662
2023-03-13 11:30:00,85112.56010017662
2023-03-13 11:45:00,85112.56010017662
2023-03-13 12:00:00,85112.56010017662
2023-03-13 12:15:00,85112.56010017662
2023-03-13 12:30:00,85112.56010017662
2023-03-13 12:45:00,85112.56010017662
2023-03-13 13:00:00,85112.56010017662
2023-03-13 13:15:00,85112.56010017662
2023-03-13 13:30:00,85112.56010017662
2023-03-13 13:45:00,85112.56010017662
2023-03-13 14:00:00,85112.56010017662
2023-03-13 14:15:00,85112.56010017662
2023-03-13 14:30:00,85112.56010017662
2023-03-13 14:45:00,85112.56010017662
2023-03-13 15:00:00,85112.56010017662
2023-03-13 15:15:00,85112.56010017662
2023-03-14 09:15:00,85112.56010017662
2023-03-14 09:30:00,85112.56010017662
2023-03-14 09:45:00,85112.56010017662
2023-03-14 10:00:00,85112.56010017662
2023-03-14 10:15:00,85112.56010017662
2023-03-14 10:30:00,85112.56010017662
2023-03-14 10:45:00,85112.56010017662
2023-03-14 11:00:00,85112.56010017662
2023-03-14 11:15:00,85112.56010017662
2023-03-14 11:30:00,85112.56010017662
2023-03-14 11:45:00,85112.56010017662
2023-03-14 12:00:00,85112.56010017662
2023-03-14 12:15:00,85112.56010017662
2023-03-14 12:30:00,85112.56010017662
2023-03-14 12:45:00,85112.56010017662
2023-03-14 13:00:00,85112.56010017662
2023-03-14 13:15:00,85112.56010017662
2023-03-14 13:30:00,85112.56010017662
2023-03-14 13:45:00,85112.56010017662
2023-03-14 14:00:00,85112.56010017662
2023-03-14 14:15:00,85112.56010017662
2023-03-14 14:30:00,85112.56010017662
2023-03-14 14:45:00,85112.56010017662
2023-03-14 15:00:00,85112.56010017662
2023-03-14 15:15:00,85112.56010017662
2023-03-15 09:15:00,85112.56010017662
2023-03-15 09:30:00,84822.92087507067
2023-03-15 09:45:00,84787.30800957994
2023-03-15 10:00:00,84856.06062490233
2023-03-15 10:15:00,84824.40474446611
2023-03-15 10:30:00,84676.01780492142
2023-03-15 10:45:00,84654.99632181924
2023-03-15 11:00:00,84646.58772857838
2023-03-15 11:15:00,84806.84562328667
2023-03-15 11:30:00,84791.5123062004
2023-03-15 11:45:00,84698.52315741904
2023-03-15 12:00:00,84566.21146965834
2023-03-15 12:15:00,84522.68463405856
2023-03-15 12:30:00,84437.17369240713
2023-03-15 12:45:00,84437.17369240713
2023-03-15 13:00:00,84437.17369240713
2023-03-15 13:15:00,84437.17369240713
2023-03-15 13:30:00,84437.17369240713
2023-03-15 13:45:00,84437.17369240713
2023-03-15 14:00:00,84437.17369240713
2023-03-15 14:15:00,84437.17369240713
2023-03-15 14:30:00,84437.17369240713
2023-03-15 14:45:00,84437.17369240713
2023-03-15 15:00:00,84437.17369240713
2023-03-15 15:15:00,84437.17369240713
2023-03-16 09:15:00,84437.17369240713
2023-03-16 09:30:00,84437.17369240713
2023-03-16 09:45:00,84437.17369240713
2023-03-16 10:00:00,84437.17369240713
2023-03-16 10:15:00,84437.17369240713
2023-03-16 10:30:00,84437.17369240713
2023-03-16 10:45:00,84437.17369240713
2023-03-16 11:00:00,84418.17754289371
2023-03-16 11:15:00,84395.62022016535
2023-03-16 11:30:00,84247.6342677606
2023-03-16 11:45:00,84091.22030466613
2023-03-16 12:00:00,83930.09657089211
2023-03-16 12:15:00,83901.34218148013
2023-03-16 12:30:00,83818.43137843737
2023-03-16 12:45:00,83818.43137843737
2023-03-16 13:00:00,83818.43137843737
2023-03-16 13:15:00,83818.43137843737
2023-03-16 13:30:00,83818.43137843737
2023-03-16 13:45:00,83818.43137843737
2023-03-16 14:00:00,83818.43137843737
2023-03-16 14:15:00,83821.85083707666
2023-03-16 14:30:00,83704.87834229232
2023-03-16 14:45:00,83435.79245618125
2023-03-16 15:00:00,83438.24986153386
2023-03-16 15:15:00,83601.66731748258
2023-03-17 09:15:00,84071.27748036683
2023-03-17 09:30:00,83892.37837069664
2023-03-17 09:45:00,83827.99435045819
2023-03-17 10:00:00,83949.88165594777
2023-03-17 10:15:00,83884.51467356828
2023-03-17 10:30:00,83878.37116018675
2023-03-17 10:45:00,83845.93340953226
2023-03-17 11:00:00,83692.09983445871
2023-03-17 11:15:00,83669.00022414415
2023-03-17 11:30:00,83590.36325286055
2023-03-17 11:45:00,83507.75486878661
2023-03-17 12:00:00,83507.75486878661
2023-03-17 12:15:00,83507.75486878661
2023-03-17 12:30:00,83507.75486878661
2023-03-17 12:45:00,83507.75486878661
2023-03-17 13:00:00,83507.75486878661
2023-03-17 13:15:00,83507.75486878661
2023-03-17 13:30:00,83507.75486878661
2023-03-17 13:45:00,83507.75486878661
2023-03-17 14:00:00,83507.75486878661
2023-03-17 14:15:00,83507.75486878661
2023-03-17 14:30:00,83507.75486878661
2023-03-17 14:45:00,83540.82901280084
2023-03-17 15:00:00,83654.72244022116
2023-03-17 15:15:00,83702.87052005336
2023-03-20 09:15:00,82892.66298379083
2023-03-20 09:30:00,82864.80064317727
2023-03-20 09:45:00,82659.01037303155
2023-03-20 10:00:00,82573.90974175738
2023-03-20 10:15:00,82573.90974175738
2023-03-20 10:30:00,82573.90974175738
2023-03-20 10:45:00,82573.90974175738
2023-03-20 11:00:00,82573.90974175738
2023-03-20 11:15:00,82573.90974175738
2023-03-20 11:30:00,82573.90974175738
2023-03-20 11:45:00,82573.90974175738
2023-03-20 12:00:00,82573.90974175738
2023-03-20 12:15:00,82573.90974175738
2023-03-20 12:30:00,82573.90974175738
2023-03-20 12:45:00,82573.90974175738
2023-03-20 13:00:00,82573.90974175738
2023-03-20 13:15:00,82573.90974175738
2023-03-20 13:30:00,82573.90974175738
2023-03-20 13:45:00,82573.90974175738
2023-03-20 14:00:00,82573.90974175738
2023-03-20 14:15:00,82573.90974175738
2023-03-20 14:30:00,82573.90974175738
2023-03-20 14:45:00,82573.90974175738
2023-03-20 15:00:00,82573.90974175738
2023-03-20 15:15:00,82567.33092294978
2023-03-21 09:15:00,82922.05561258168
2023-03-21 09:30:00,82741.9011158624
2023-03-21 09:45:00,82742.38670749776
2023-03-21 10:00:00,82871.31128668635
2023-03-21 10:15:00,82937.59454491326
2023-03-21 10:30:00,82903.60313043791
2023-03-21 10:45:00,82835.62030148724
2023-03-21 11:00:00,82868.1549410565
2023-03-21 11:15:00,82868.1549410565
2023-03-21 11:30:00,82833.19234331044
2023-03-21 11:45:00,82700.8686226743
2023-03-21 12:00:00,82700.8686226743
2023-03-21 12:15:00,82812.31190298987
2023-03-21 12:30:00,82796.2873790229
2023-03-21 12:45:00,82954.59025215091
2023-03-21 13:00:00,83025.24383509607
2023-03-21 13:15:00,82925.21195821151
2023-03-21 13:30:00,82894.86248100139
2023-03-21 13:45:00,83051.22298758791
2023-03-21 14:00:00,82979.84101718971
2023-03-21 14:15:00,83041.75395069836
2023-03-21 14:30:00,83150.28368120175
2023-03-21 14:45:00,83126.00409943365
2023-03-21 15:00:00,83056.5644955769
2023-03-21 15:15:00,83069.91826554934
2023-03-22 09:15:00,83387.49519507603
2023-03-22 09:30:00,83369.52830456765
2023-03-22 09:45:00,83307.12977942363
2023-03-22 10:00:00,83234.29103411933
2023-03-22 10:15:00,83266.58287787091
2023-03-22 10:30:00,83193.01574511357
2023-03-22 10:45:00,83187.6742371246
2023-03-22 11:00:00,83181.1187500472
2023-03-22 11:15:00,83257.11384098134
2023-03-22 11:30:00,83272.8955691306
2023-03-22 11:45:00,83249.82996645091
2023-03-22 12:00:00,83223.122426506
2023-03-22 12:15:00,83279.2082603903
2023-03-22 12:30:00,83196.41488656109
2023-03-22 12:45:00,83236.71899229613
2023-03-22 13:00:00,83204.42714854456
2023-03-22 13:15:00,83186.46025803617
2023-03-22 13:30:00,83243.51727519119
2023-03-22 13:45:00,83209.52586071586
2023-03-22 14:00:00,83240.36092956133
2023-03-22 14:15:00,83176.9912211466
2023-03-22 14:30:00,83126.0040994336
2023-03-22 14:45:00,83235.74780902539
2023-03-22 15:00:00,83328.7386071972
2023-03-22 15:15:00,83243.76007100886
2023-03-23 09:15:00,82841.69019692918
2023-03-23 09:30:00,82940.750890543
2023-03-23 09:45:00,83158.05314736746
2023-03-23 10:00:00,83214.38177706946
2023-03-23 10:15:00,83368.0715296615
2023-03-23 10:30:00,83299.60310907547
2023-03-23 10:45:00,83234.0482383016
2023-03-23 11:00:00,83212.68220634568
2023-03-23 11:15:00,83256.14265771057
2023-03-23 11:30:00,83323.88269084357
2023-03-23 11:45:00,83366.12916312006
2023-03-23 12:00:00,83366.37195893774
2023-03-23 12:15:00,83336.02248172762
2023-03-23 12:30:00,83486.79868450749
2023-03-23 12:45:00,83451.59329094375
2023-03-23 13:00:00,83408.61843121423
2023-03-23 13:15:00,83455.96361566201
2023-03-23 13:30:00,83398.90659850698
2023-03-23 13:45:00,83327.52462810877
2023-03-23 14:00:00,83179.41917932339
2023-03-23 14:15:00,83074.28859026752
2023-03-23 14:30:00,82984.42281706509
2023-03-23 14:45:00,82984.42281706509
2023-03-23 15:00:00,82984.42281706509
2023-03-23 15:15:00,82984.42281706509
2023-03-24 09:15:00,82984.42281706509
2023-03-24 09:30:00,82984.42281706509
2023-03-24 09:45:00,82984.42281706509
2023-03-24 10:00:00,82984.42281706509
2023-03-24 10:15:00,82984.42281706509
2023-03-24 10:30:00,82984.42281706509
2023-03-24 10:45:00,82984.42281706509
2023-03-24 11:00:00,82984.42281706509
2023-03-24 11:15:00,82984.42281706509
2023-03-24 11:30:00,82984.42281706509
2023-03-24 11:45:00,82984.42281706509
2023-03-24 12:00:00,82984.42281706509
2023-03-24 12:15:00,82984.42281706509
2023-03-24 12:30:00,82984.42281706509
2023-03-24 12:45:00,82984.42281706509
2023-03-24 13:00:00,82984.42281706509
2023-03-24 13:15:00,82984.42281706509
2023-03-24 13:30:00,82984.42281706509
2023-03-24 13:45:00,82984.42281706509
2023-03-24 14:00:00,82984.42281706509
2023-03-24 14:15:00,82984.42281706509
2023-03-24 14:30:00,82984.42281706509
2023-03-24 14:45:00,82984.42281706509
2023-03-24 15:00:00,82984.42281706509
2023-03-24 15:15:00,82984.42281706509
2023-03-27 09:15:00,82984.42281706509
2023-03-27 09:30:00,82984.42281706509
2023-03-27 09:45:00,82984.42281706509
2023-03-27 10:00:00,82984.42281706509
2023-03-27 10:15:00,82984.42281706509
2023-03-27 10:30:00,82984.42281706509
2023-03-27 10:45:00,82984.42281706509
2023-03-27 11:00:00,82984.42281706509
2023-03-27 11:15:00,82984.42281706509
2023-03-27 11:30:00,82984.42281706509
2023-03-27 11:45:00,82984.42281706509
2023-03-27 12:00:00,82984.42281706509
2023-03-27 12:15:00,82944.02045804882
2023-03-27 12:30:00,82982.22265243011
2023-03-27 12:45:00,82884.16224264885
2023-03-27 13:00:00,82781.23531129035
2023-03-27 13:15:00,82671.98190188147
2023-03-27 13:30:00,82813.3543537001
2023-03-27 13:45:00,82938.66728431385
2023-03-27 14:00:00,82924.79769781872
2023-03-27 14:15:00,83137.95134290156
2023-03-27 14:30:00,83038.674302726
2023-03-27 14:45:00,82998.52549971381
2023-03-27 15:00:00,82645.45935928554
2023-03-27 15:15:00,82552.9954493181
2023-03-28 09:15:00,82802.49349417008
2023-03-28 09:30:00,82802.49349417008
2023-03-28 09:45:00,82802.49349417008
2023-03-28 10:00:00,82802.49349417008
2023-03-28 10:15:00,82802.49349417008
2023-03-28 10:30:00,82802.49349417008
2023-03-28 10:45:00,82802.49349417008
2023-03-28 11:00:00,82802.49349417008
2023-03-28 11:15:00,82802.49349417008
2023-03-28 11:30:00,82802.49349417008
2023-03-28 11:45:00,82802.49349417008
2023-03-28 12:00:00,82802.49349417008
2023-03-28 12:15:00,82802.49349417008
2023-03-28 12:30:00,82802.49349417008
2023-03-28 12:45:00,82802.49349417008
2023-03-28 13:00:00,82802.49349417008
2023-03-28 13:15:00,82802.49349417008
2023-03-28 13:30:00,82802.49349417008
2023-03-28 13:45:00,82802.49349417008
2023-03-28 14:00:00,82802.49349417008
2023-03-28 14:15:00,82802.49349417008
2023-03-28 14:30:00,82802.49349417008
2023-03-28 14:45:00,82802.49349417008
2023-03-28 15:00:00,82802.49349417008
2023-03-28 15:15:00,82802.49349417008
2023-03-29 09:15:00,82802.49349417008
2023-03-29 09:30:00,82802.49349417008
2023-03-29 09:45:00,82802.49349417008
2023-03-29 10:00:00,82677.66332817145
2023-03-29 10:15:00,82808.36210162463
2023-03-29 10:30:00,82744.71325656006
2023-03-29 10:45:00,82681.79321506493
2023-03-29 11:00:00,82489.38907273235
2023-03-29 11:15:00,82539.19064997752
2023-03-29 11:30:00,82444.93205499639
2023-03-29 11:45:00,82476.75647752867
2023-03-29 12:00:00,82364.52072783466
2023-03-29 12:15:00,82284.34043140445
2023-03-29 12:30:00,82284.34043140445
2023-03-29 12:45:00,82284.34043140445
2023-03-29 13:00:00,82284.34043140445
2023-03-29 13:15:00,82284.34043140445
2023-03-29 13:30:00,82284.34043140445
2023-03-29 13:45:00,82284.34043140445
2023-03-29 14:00:00,82298.13701195958
2023-03-29 14:15:00,82168.50019143251
2023-03-29 14:30:00,82118.28704679632
2023-03-29 14:45:00,82159.56804551167
2023-03-29 15:00:00,82537.13226767989
2023-03-29 15:15:00,82640.93828784123
2023-03-31 09:15:00,83382.3063992726
2023-03-31 09:30:00,83422.62176059106
2023-03-31 09:45:00,83341.99103795411
2023-03-31 10:00:00,83319.53996847737
2023-03-31 10:15:00,83316.40164693761
2023-03-31 10:30:00,83277.53474171441
2023-03-31 10:45:00,83283.3285660955
2023-03-31 11:00:00,83264.49863685692
2023-03-31 11:15:00,83329.67916114427
2023-03-31 11:30:00,83409.34424638437
2023-03-31 11:45:00,83417.3107549084
2023-03-31 12:00:00,83424.79444473398
2023-03-31 12:15:00,83476.69745481465
2023-03-31 12:30:00,83635.061987898
2023-03-31 12:45:00,83583.15897781734
2023-03-31 13:00:00,83610.67964362755
2023-03-31 13:15:00,83650.99500494602
2023-03-31 13:30:00,83741.76492024989
2023-03-31 13:45:00,83792.94370228294
2023-03-31 14:00:00,83822.63705223605
2023-03-31 14:15:00,83821.43000549
2023-03-31 14:30:00,83806.46262583883
2023-03-31 14:45:00,83846.05375910968
2023-03-31 15:00:00,83832.776244903
2023-03-31 15:15:00,83809.11812868017
2023-04-03 09:15:00,83742.24773894834
2023-04-03 09:30:00,83808.15249128331
2023-04-03 09:45:00,83888.54180457105
2023-04-03 10:00:00,83855.46872372896
2023-04-03 10:15:00,83830.36215141087
2023-04-03 10:30:00,83710.38170485228
2023-04-03 10:45:00,83715.20989183652
2023-04-03 11:00:00,83644.95977121571
2023-04-03 11:15:00,83614.05937451654
2023-04-03 11:30:00,83532.37465866092
2023-04-03 11:45:00,83532.37465866092
2023-04-03 12:00:00,83532.37465866092
2023-04-03 12:15:00,83532.37465866092
2023-04-03 12:30:00,83532.37465866092
2023-04-03 12:45:00,83532.37465866092
2023-04-03 13:00:00,83532.37465866092
2023-04-03 13:15:00,83532.37465866092
2023-04-03 13:30:00,83532.37465866092
2023-04-03 13:45:00,83532.37465866092
2023-04-03 14:00:00,83532.37465866092
2023-04-03 14:15:00,83532.37465866092
2023-04-03 14:30:00,83512.00597487204
2023-04-03 14:45:00,83494.71401387347
2023-04-03 15:00:00,83597.50511536498
2023-04-03 15:15:00,83576.37049636674
2023-04-05 09:15:00,83894.59061196554
2023-04-05 09:30:00,83856.16403196871
2023-04-05 09:45:00,83929.41470008767
2023-04-05 10:00:00,84018.03600020538
2023-04-05 10:15:00,84062.7068994517
2023-04-05 10:30:00,84082.88085395005
2023-04-05 10:45:00,83999.06287633195
2023-04-05 11:00:00,83990.65706195765
2023-04-05 11:15:00,84035.80829345393
2023-04-05 11:30:00,84001.46453758176
2023-04-05 11:45:00,84078.31769757543
2023-04-05 12:00:00,84105.45646969818
2023-04-05 12:15:00,84096.57032307393
2023-04-05 12:30:00,84181.58913131693
2023-04-05 12:45:00,84227.46086118816
2023-04-05 13:00:00,84238.02817068729
2023-04-05 13:15:00,84251.71763981116
2023-04-05 13:30:00,84181.58913131694
2023-04-05 13:45:00,84169.8209911929
2023-04-05 14:00:00,84234.90601106253
2023-04-05 14:15:00,84248.35531406141
2023-04-05 14:30:00,84265.16694281003
2023-04-05 14:45:00,84276.21458455913
2023-04-05 15:00:00,84310.5583404313
2023-04-05 15:15:00,84351.14641555295
2023-04-06 09:15:00,84211.60989693945
2023-04-06 09:30:00,84217.61405006396
2023-04-06 09:45:00,84191.91627469106
2023-04-06 10:00:00,84483.23778429207
2023-04-06 10:15:00,84453.9375170445
2023-04-06 10:30:00,84525.26685616362
2023-04-06 10:45:00,84586.2690519086
2023-04-06 11:00:00,84626.13662865532
2023-04-06 11:15:00,84572.81974890972
2023-04-06 11:30:00,84587.7100486585
2023-04-06 11:45:00,84528.1488496634
2023-04-06 12:00:00,84549.52363478664
2023-04-06 12:15:00,84605.962674157
2023-04-06 12:30:00,84657.59839102774
2023-04-06 12:45:00,84695.06430652465
2023-04-06 13:00:00,84627.09729315525
2023-04-06 13:15:00,84619.1718110309
2023-04-06 13:30:00,84414.55027254776
2023-04-06 13:45:00,84385.97050367511
2023-04-06 14:00:00,84421.27492404719
2023-04-06 14:15:00,84451.29568966973
2023-04-06 14:30:00,84518.78237078918
2023-04-06 14:45:00,84565.61476516031
2023-04-06 15:00:00,84496.92725341595
2023-04-06 15:15:00,84548.08263803675
2023-04-10 09:15:00,84706.83244664867
2023-04-10 09:30:00,84782.9651082674
2023-04-10 09:45:00,84677.0518471511
2023-04-10 10:00:00,84682.57566802565
2023-04-10 10:15:00,84583.14689228382
2023-04-10 10:30:00,84678.73301002596
2023-04-10 10:45:00,84650.63357340326
2023-04-10 11:00:00,84730.60889302168
2023-04-10 11:15:00,84706.59228052365
2023-04-10 11:30:00,84765.19281501882
2023-04-10 11:45:00,84861.01909888592
2023-04-10 12:00:00,84884.79554525895
2023-04-10 12:15:00,84935.47059762978
2023-04-10 12:30:00,84910.73348675681
2023-04-10 12:45:00,84952.28222637839
2023-04-10 13:00:00,84862.70026176076
2023-04-10 13:15:00,84852.61328451161
2023-04-10 13:30:00,84826.43517688876
2023-04-10 13:45:00,84735.17204939628
2023-04-10 14:00:00,84665.764039277
2023-04-10 14:15:00,84582.29790503198
2023-04-10 14:30:00,84582.29790503198
2023-04-10 14:45:00,84582.29790503198
2023-04-10 15:00:00,84582.29790503198
2023-04-10 15:15:00,84582.29790503198
2023-04-11 09:15:00,84582.29790503198
2023-04-11 09:30:00,84582.29790503198
2023-04-11 09:45:00,84582.29790503198
2023-04-11 10:00:00,84571.84059176482
2023-04-11 10:15:00,84482.46159099568
2023-04-11 10:30:00,84453.14527874341
2023-04-11 10:45:00,84441.4664226429
2023-04-11 11:00:00,84394.03596623475
2023-04-11 11:15:00,84396.6577502573
2023-04-11 11:30:00,84301.55849343895
2023-04-11 11:45:00,84333.25824571174
2023-04-11 12:00:00,84257.70319706158
2023-04-11 12:15:00,84171.54064860012
2023-04-11 12:30:00,84171.54064860012
2023-04-11 12:45:00,84171.54064860012
2023-04-11 13:00:00,84171.54064860012
2023-04-11 13:15:00,84171.54064860012
2023-04-11 13:30:00,84171.54064860012
2023-04-11 13:45:00,84171.54064860012
2023-04-11 14:00:00,84171.54064860012
2023-04-11 14:15:00,84171.54064860012
2023-04-11 14:30:00,84171.54064860012
2023-04-11 14:45:00,84171.54064860012
2023-04-11 15:00:00,84171.54064860012
2023-04-11 15:15:00,84171.54064860012
2023-04-12 09:15:00,84171.54064860012
2023-04-12 09:30:00,84084.52901408573
2023-04-12 09:45:00,84074.58868555546
2023-04-12 10:00:00,84026.78043881462
2023-04-12 10:15:00,83982.28563491722
2023-04-12 10:30:00,83988.91252060405
2023-04-12 10:45:00,84039.08751223305
2023-04-12 11:00:00,84040.0342101883
2023-04-12 11:15:00,84076.48208146596
2023-04-12 11:30:00,84116.24339558705
2023-04-12 11:45:00,84088.7891548844
2023-04-12 12:00:00,84072.69528964492
2023-04-12 12:15:00,84140.38419344628
2023-04-12 12:30:00,84096.36273852651
2023-04-12 12:45:00,84127.3670965614
2023-04-12 13:00:00,84219.90682168843
2023-04-12 13:15:00,84257.77473989897
2023-04-12 13:30:00,84294.93263464309
2023-04-12 13:45:00,84295.40598362072
2023-04-12 14:00:00,84289.48912140033
2023-04-12 14:15:00,84267.00504496282
2023-04-12 14:30:00,84230.79384817398
2023-04-12 14:45:00,84153.63796481997
2023-04-12 15:00:00,84314.10326823717
2023-04-12 15:15:00,84340.8474854734
2023-04-13 09:15:00,84298.24607748653
2023-04-13 09:30:00,84250.4378307457
2023-04-13 09:45:00,84253.75127358912
2023-04-13 10:00:00,84220.14349617726
2023-04-13 10:15:00,84248.54443483517
2023-04-13 10:30:00,84220.38017066607
2023-04-13 10:45:00,84065.12170600281
2023-04-13 11:00:00,84008.08315419816
2023-04-13 11:15:00,83920.7649416434
2023-04-13 11:30:00,83920.7649416434
2023-04-13 11:45:00,83920.7649416434
2023-04-13 12:00:00,83920.7649416434
2023-04-13 12:15:00,83920.7649416434
2023-04-13 12:30:00,83920.7649416434
2023-04-13 12:45:00,83920.7649416434
2023-04-13 13:00:00,83920.7649416434
2023-04-13 13:15:00,83920.7649416434
2023-04-13 13:30:00,83920.7649416434
2023-04-13 13:45:00,83920.7649416434
2023-04-13 14:00:00,83920.7649416434
2023-04-13 14:15:00,83920.7649416434
2023-04-13 14:30:00,83807.88084220634
2023-04-13 14:45:00,83921.85038607442
2023-04-13 15:00:00,84000.96973884234
2023-04-13 15:15:00,83961.4100624584
2023-04-17 09:15:00,83049.18276298547
2023-04-17 09:30:00,83059.30815634562
2023-04-17 09:45:00,82808.05711645466
2023-04-17 10:00:00,82726.89573086768
2023-04-17 10:15:00,82726.89573086768
2023-04-17 10:30:00,82726.89573086768
2023-04-17 10:45:00,82726.89573086768
2023-04-17 11:00:00,82726.89573086768
2023-04-17 11:15:00,82726.89573086768
2023-04-17 11:30:00,82726.89573086768
2023-04-17 11:45:00,82726.89573086768
2023-04-17 12:00:00,82726.89573086768
2023-04-17 12:15:00,82726.89573086768
2023-04-17 12:30:00,82624.53839123297
2023-04-17 12:45:00,82636.45687503173
2023-04-17 13:00:00,82593.92424657343
2023-04-17 13:15:00,82578.26663060252
2023-04-17 13:30:00,82639.0275284001
2023-04-17 13:45:00,82668.23949849508
2023-04-17 14:00:00,82673.14710947103
2023-04-17 14:15:00,82701.65799228374
2023-04-17 14:30:00,82671.0438476242
2023-04-17 14:45:00,82662.39710447608
2023-04-17 15:00:00,82781.1145509421
2023-04-17 15:15:00,82747.46236139268
2023-04-18 09:15:00,82912.68526424996
2023-04-18 09:30:00,82825.5167454865
2023-04-18 09:45:00,82647.67427154821
2023-04-18 10:00:00,82589.71772287975
2023-04-18 10:15:00,82584.81011190379
2023-04-18 10:30:00,82697.68516435084
2023-04-18 10:45:00,82636.6905707925
2023-04-18 11:00:00,82643.23405209377
2023-04-18 11:15:00,82663.79927904064
2023-04-18 11:30:00,82610.98403710891
2023-04-18 11:45:00,82529.30690133177
2023-04-18 12:00:00,82529.30690133177
2023-04-18 12:15:00,82529.30690133177
2023-04-18 12:30:00,82529.30690133177
2023-04-18 12:45:00,82529.30690133177
2023-04-18 13:00:00,82529.30690133177
2023-04-18 13:15:00,82529.30690133177
2023-04-18 13:30:00,82529.30690133177
2023-04-18 13:45:00,82529.30690133177
2023-04-18 14:00:00,82529.30690133177
2023-04-18 14:15:00,82529.30690133177
2023-04-18 14:30:00,82529.30690133177
2023-04-18 14:45:00,82529.30690133177
2023-04-18 15:00:00,82529.30690133177
2023-04-18 15:15:00,82529.30690133177
2023-04-19 09:15:00,82529.30690133177
2023-04-19 09:30:00,82529.30690133177
2023-04-19 09:45:00,82529.30690133177
2023-04-19 10:00:00,82529.30690133177
2023-04-19 10:15:00,82529.30690133177
2023-04-19 10:30:00,82529.30690133177
2023-04-19 10:45:00,82529.30690133177
2023-04-19 11:00:00,82529.30690133177
2023-04-19 11:15:00,82529.30690133177
2023-04-19 11:30:00,82529.30690133177
2023-04-19 11:45:00,82529.30690133177
2023-04-19 12:00:00,82529.30690133177
2023-04-19 12:15:00,82529.30690133177
2023-04-19 12:30:00,82529.30690133177
2023-04-19 12:45:00,82529.30690133177
2023-04-19 13:00:00,82529.30690133177
2023-04-19 13:15:00,82529.30690133177
2023-04-19 13:30:00,82529.30690133177
2023-04-19 13:45:00,82529.30690133177
2023-04-19 14:00:00,82529.30690133177
2023-04-19 14:15:00,82529.30690133177
2023-04-19 14:30:00,82529.30690133177
2023-04-19 14:45:00,82529.30690133177
2023-04-19 15:00:00,82529.30690133177
2023-04-19 15:15:00,82529.30690133177
2023-04-20 09:15:00,82529.30690133177
2023-04-20 09:30:00,82529.30690133177
2023-04-20 09:45:00,82529.30690133177
2023-04-20 10:00:00,82529.30690133177
2023-04-20 10:15:00,82529.30690133177
2023-04-20 10:30:00,82529.30690133177
2023-04-20 10:45:00,82529.30690133177
2023-04-20 11:00:00,82529.30690133177
2023-04-20 11:15:00,82529.30690133177
2023-04-20 11:30:00,82529.30690133177
2023-04-20 11:45:00,82529.30690133177
2023-04-20 12:00:00,82529.30690133177
2023-04-20 12:15:00,82529.30690133177
2023-04-20 12:30:00,82529.30690133177
2023-04-20 12:45:00,82529.30690133177
2023-04-20 13:00:00,82529.30690133177
2023-04-20 13:15:00,82529.30690133177
2023-04-20 13:30:00,82529.30690133177
2023-04-20 13:45:00,82529.30690133177
2023-04-20 14:00:00,82529.30690133177
2023-04-20 14:15:00,82529.30690133177
2023-04-20 14:30:00,82529.30690133177
2023-04-20 14:45:00,82529.30690133177
2023-04-20 15:00:00,82529.30690133177
2023-04-20 15:15:00,82529.30690133177
2023-04-21 09:15:00,82529.30690133177
2023-04-21 09:30:00,82266.10942009198
2023-04-21 09:45:00,82201.4516884489
2023-04-21 10:00:00,82246.73544274045
2023-04-21 10:15:00,82153.13345577697
2023-04-21 10:30:00,82152.9000343631
2023-04-21 10:45:00,82177.64270423375
2023-04-21 11:00:00,82207.52064520962
2023-04-21 11:15:00,82185.34561089159
2023-04-21 11:30:00,82198.18378865466
2023-04-21 11:45:00,82201.91853127663
2023-04-21 12:00:00,82142.62949215264
2023-04-21 12:15:00,82060.95323864541
2023-04-21 12:30:00,82060.95323864541
2023-04-21 12:45:00,82060.95323864541
2023-04-21 13:00:00,82060.95323864541
2023-04-21 13:15:00,82060.95323864541
2023-04-21 13:30:00,82060.95323864541
2023-04-21 13:45:00,82060.95323864541
2023-04-21 14:00:00,82060.95323864541
2023-04-21 14:15:00,82060.95323864541
2023-04-21 14:30:00,81912.39834408002
2023-04-21 14:45:00,81968.42995198123
2023-04-21 15:00:00,81989.81961142899
2023-04-21 15:15:00,81926.58061827911
2023-04-24 09:15:00,82106.06776060158
2023-04-24 09:30:00,81964.24501861102
2023-04-24 09:45:00,81995.16702629093
2023-04-24 10:00:00,81992.84206330749
2023-04-24 10:15:00,81957.50262595901
2023-04-24 10:30:00,81993.30705590417
2023-04-24 10:45:00,82000.74693745121
2023-04-24 11:00:00,82018.64915242381
2023-04-24 11:15:00,81967.26747048952
2023-04-24 11:30:00,81951.22522590369
2023-04-24 11:45:00,81956.10764816894
2023-04-24 12:00:00,82012.37175236846
2023-04-24 12:15:00,82046.54870822522
2023-04-24 12:30:00,82101.88282723137
2023-04-24 12:45:00,82169.07425745312
2023-04-24 13:00:00,82243.24057662523
2023-04-24 13:15:00,82296.48222894629
2023-04-24 13:30:00,82355.30379242761
2023-04-24 13:45:00,82290.66982148767
2023-04-24 14:00:00,82381.57587414063
2023-04-24 14:15:00,82372.04352590848
2023-04-24 14:30:00,82334.84411817325
2023-04-24 14:45:00,82438.76996353353
2023-04-24 15:00:00,82526.88606060635
2023-04-24 15:15:00,82526.88606060635
2023-04-25 09:15:00,82437.14248944512
2023-04-25 09:30:00,82491.54662325789
2023-04-25 09:45:00,82475.27188237372
2023-04-25 10:00:00,82554.08812751273
2023-04-25 10:15:00,82577.57025364561
2023-04-25 10:30:00,82639.87926160211
2023-04-25 10:45:00,82606.63229093877
2023-04-25 11:00:00,82657.7814765747
2023-04-25 11:15:00,82685.91352867446
2023-04-25 11:30:00,82672.89373596714
2023-04-25 11:45:00,82697.07335099502
2023-04-25 12:00:00,82661.26892104988
2023-04-25 12:15:00,82632.43938005508
2023-04-25 12:30:00,82537.11589773356
2023-04-25 12:45:00,82632.43938005508
2023-04-25 13:00:00,82664.05887663002
2023-04-25 13:15:00,82652.6665580111
2023-04-25 13:30:00,82710.32564000071
2023-04-25 13:45:00,82588.73007596617
2023-04-25 14:00:00,82727.76286237659
2023-04-25 14:15:00,82762.63730712836
2023-04-25 14:30:00,82743.3401143657
2023-04-25 14:45:00,82678.93863972409
2023-04-25 15:00:00,82659.17645436474
2023-04-25 15:15:00,82591.75252784464
2023-04-26 09:15:00,82477.59684535715
2023-04-26 09:30:00,82460.15962298127
2023-04-26 09:45:00,82376.07361674395
2023-04-26 10:00:00,82376.07361674395
2023-04-26 10:15:00,82376.07361674395
2023-04-26 10:30:00,82376.07361674395
2023-04-26 10:45:00,82376.07361674395
2023-04-26 11:00:00,82376.07361674395
2023-04-26 11:15:00,82376.07361674395
2023-04-26 11:30:00,82376.07361674395
2023-04-26 11:45:00,82376.07361674395
2023-04-26 12:00:00,82249.97929822071
2023-04-26 12:15:00,82308.27029142938
2023-04-26 12:30:00,82361.70370187066
2023-04-26 12:45:00,82279.35610829017
2023-04-26 13:00:00,82261.08234454617
2023-04-26 13:15:00,82269.87225622051
2023-04-26 13:30:00,82258.30658296483
2023-04-26 13:45:00,82267.79043503448
2023-04-26 14:00:00,82323.07435319667
2023-04-26 14:15:00,82260.38840415084
2023-04-26 14:30:00,82267.09649463913
2023-04-26 14:45:00,82280.05004868552
2023-04-26 15:00:00,82423.46439705606
2023-04-26 15:15:00,82430.63511447457
2023-04-27 09:15:00,82488.00085382277
2023-04-27 09:30:00,82503.96148291563
2023-04-27 09:45:00,82513.4453349853
2023-04-27 10:00:00,82499.33521361336
2023-04-27 10:15:00,82544.67265277567
2023-04-27 10:30:00,82511.82614072952
2023-04-27 10:45:00,82487.30691342747
2023-04-27 11:00:00,82473.42810552064
2023-04-27 11:15:00,82547.91104128725
2023-04-27 11:30:00,82562.48378958943
2023-04-27 11:45:00,82605.04546717036
2023-04-27 12:00:00,82571.27370126374
2023-04-27 12:15:00,82569.42319354284
2023-04-27 12:30:00,82580.52623986828
2023-04-27 12:45:00,82575.66865710089
2023-04-27 13:00:00,82588.15958421704
2023-04-27 13:15:00,82683.4607318439
2023-04-27 13:30:00,82709.59915340177
2023-04-27 13:45:00,82757.01841375009
2023-04-27 14:00:00,82738.05070961078
2023-04-27 14:15:00,82695.95165896007
2023-04-27 14:30:00,82768.8154004709
2023-04-27 14:45:00,82753.31739830828
2023-04-27 15:00:00,82907.14085260894
2023-04-27 15:15:00,82917.54995853906
2023-04-28 09:15:00,82795.41644895899
2023-04-28 09:30:00,82864.579175028
2023-04-28 09:45:00,82869.20544433028
2023-04-28 10:00:00,82760.25680226169
2023-04-28 10:15:00,82856.48320374901
2023-04-28 10:30:00,82844.22359009797
2023-04-28 10:45:00,82956.87324760838
2023-04-28 11:00:00,83023.95415249137
2023-04-28 11:15:00,83013.54504656125
2023-04-28 11:30:00,83057.72591839798
2023-04-28 11:45:00,83052.63702216548
2023-04-28 12:00:00,83105.83911914164
2023-04-28 12:15:00,83141.46139276915
2023-04-28 12:30:00,83136.60381000176
2023-04-28 12:45:00,83097.51183439753
2023-04-28 13:00:00,83149.32605058301
2023-04-28 13:15:00,83132.44016762971
2023-04-28 13:30:00,83175.23315867575
2023-04-28 13:45:00,83170.37557590834
2023-04-28 14:00:00,83188.64933965234
2023-04-28 14:15:00,83148.86342365279
2023-04-28 14:30:00,83283.95048727922
2023-04-28 14:45:00,83201.3715802336
2023-04-28 15:00:00,83569.15998976446
2023-04-28 15:15:00,83499.07200983501
2023-05-02 09:15:00,84017.90811208516
2023-05-02 09:30:00,84019.29599287585
2023-05-02 09:45:00,84020.68387366655
2023-05-02 10:00:00,84034.56268157338
2023-05-02 10:15:00,83966.55652282994
2023-05-02 10:30:00,83969.33228441128
2023-05-02 10:45:00,83989.68786934129
2023-05-02 11:00:00,83904.3332007143
2023-05-02 11:15:00,83976.27168836468
2023-05-02 11:30:00,83984.13634617855
2023-05-02 11:45:00,83992.46363092265
2023-05-02 12:00:00,84029.01115841063
2023-05-02 12:15:00,83969.79491134151
2023-05-02 12:30:00,83981.12927113207
2023-05-02 12:45:00,84057.23140115451
2023-05-02 13:00:00,84063.9394916428
2023-05-02 13:15:00,84050.06068373597
2023-05-02 13:30:00,84038.03238355006
2023-05-02 13:45:00,84064.1708051079
2023-05-02 14:00:00,84050.75462413131
2023-05-02 14:15:00,84050.75462413131
2023-05-02 14:30:00,84010.96870813174
2023-05-02 14:45:00,83965.39995550434
2023-05-02 15:00:00,83934.17263771399
2023-05-02 15:15:00,83902.25137952827
2023-05-03 09:15:00,83589.97820162469
2023-05-03 09:30:00,83512.62744151759
2023-05-03 09:45:00,83512.62744151759
2023-05-03 10:00:00,83512.62744151759
2023-05-03 10:15:00,83512.62744151759
2023-05-03 10:30:00,83512.62744151759
2023-05-03 10:45:00,83512.62744151759
2023-05-03 11:00:00,83512.62744151759
2023-05-03 11:15:00,83512.62744151759
2023-05-03 11:30:00,83512.62744151759
2023-05-03 11:45:00,83512.62744151759
2023-05-03 12:00:00,83512.62744151759
2023-05-03 12:15:00,83512.62744151759
2023-05-03 12:30:00,83512.62744151759
2023-05-03 12:45:00,83512.62744151759
2023-05-03 13:00:00,83512.62744151759
2023-05-03 13:15:00,83512.62744151759
2023-05-03 13:30:00,83512.62744151759
2023-05-03 13:45:00,83512.62744151759
2023-05-03 14:00:00,83512.62744151759
2023-05-03 14:15:00,83512.62744151759
2023-05-03 14:30:00,83512.62744151759
2023-05-03 14:45:00,83512.62744151759
2023-05-03 15:00:00,83512.62744151759
2023-05-03 15:15:00,83512.62744151759
2023-05-04 09:15:00,83512.62744151759
2023-05-04 09:30:00,83512.62744151759
2023-05-04 09:45:00,83512.62744151759
2023-05-04 10:00:00,83512.62744151759
2023-05-04 10:15:00,83454.65891807804
2023-05-04 10:30:00,83512.42081091138
2023-05-04 10:45:00,83519.3246228038
2023-05-04 11:00:00,83547.16999743663
2023-05-04 11:15:00,83527.37907001165
2023-05-04 11:30:00,83599.40884075602
2023-05-04 11:45:00,83609.76455859466
2023-05-04 12:00:00,83554.07380932906
2023-05-04 12:15:00,83611.14532097314
2023-05-04 12:30:00,83646.12463456146
2023-05-04 12:45:00,83613.90684573012
2023-05-04 13:00:00,83671.43861150036
2023-05-04 13:15:00,83682.94496465441
2023-05-04 13:30:00,83706.87817921482
2023-05-04 13:45:00,83673.97000919424
2023-05-04 14:00:00,83677.19178807737
2023-05-04 14:15:00,83759.80740372345
2023-05-04 14:30:00,83827.69488733236
2023-05-04 14:45:00,83899.03427688747
2023-05-04 15:00:00,84056.90144216106
2023-05-04 15:15:00,83943.90905418828
2023-05-05 09:15:00,83626.33370713648
2023-05-05 09:30:00,83661.54314778789
2023-05-05 09:45:00,83702.50576501632
2023-05-05 10:00:00,83765.56058030052
2023-05-05 10:15:00,83774.76566282375
2023-05-05 10:30:00,83823.78272726001
2023-05-05 10:45:00,83814.3475176737
2023-05-05 11:00:00,83585.37108990809
2023-05-05 11:15:00,83456.49993458272
2023-05-05 11:30:00,83370.28467141592
2023-05-05 11:45:00,83370.28467141592
2023-05-05 12:00:00,83370.28467141592
2023-05-05 12:15:00,83370.28467141592
2023-05-05 12:30:00,83370.28467141592
2023-05-05 12:45:00,83370.28467141592
2023-05-05 13:00:00,83370.28467141592
2023-05-05 13:15:00,83370.28467141592
2023-05-05 13:30:00,83370.28467141592
2023-05-05 13:45:00,83370.28467141592
2023-05-05 14:00:00,83370.28467141592
2023-05-05 14:15:00,83370.28467141592
2023-05-05 14:30:00,83370.28467141592
2023-05-05 14:45:00,83370.28467141592
2023-05-05 15:00:00,83370.28467141592
2023-05-05 15:15:00,83370.28467141592
2023-05-08 09:15:00,83370.28467141592
2023-05-08 09:30:00,83370.28467141592
2023-05-08 09:45:00,83370.28467141592
2023-05-08 10:00:00,83208.47946141228
2023-05-08 10:15:00,83390.73204301514
2023-05-08 10:30:00,83440.5828118852
2023-05-08 10:45:00,83395.30550804909
2023-05-08 11:00:00,83390.50336976345
2023-05-08 11:15:00,83394.16214179061
2023-05-08 11:30:00,83456.13259300063
2023-05-08 11:45:00,83504.38264910878
2023-05-08 12:00:00,83556.7488237475
2023-05-08 12:15:00,83515.58763844195
2023-05-08 12:30:00,83575.95737689007
2023-05-08 12:45:00,83535.02486483625
2023-05-08 13:00:00,83558.80688301276
2023-05-08 13:15:00,83603.16949384208
2023-05-08 13:30:00,83553.77607147544
2023-05-08 13:45:00,83617.11856219562
2023-05-08 14:00:00,83576.87206989688
2023-05-08 14:15:00,83564.75238755692
2023-05-08 14:30:00,83555.83413074071
2023-05-08 14:45:00,83535.48221133964
2023-05-08 15:00:00,83539.36965661848
2023-05-08 15:15:00,83556.0628039924
2023-05-09 09:15:00,83691.43736899729
2023-05-09 09:30:00,83758.66730499634
2023-05-09 09:45:00,83790.4528869823
2023-05-09 10:00:00,83837.10223032857
2023-05-09 10:15:00,83832.07141879121
2023-05-09 10:30:00,83845.10579413797
2023-05-09 10:45:00,83871.86056458656
2023-05-09 11:00:00,83834.12947805648
2023-05-09 11:15:00,83817.43633068257
2023-05-09 11:30:00,83832.0714187912
2023-05-09 11:45:00,83840.532329104
2023-05-09 12:00:00,83823.61050847838
2023-05-09 12:15:00,83805.31664834257
2023-05-09 12:30:00,83816.06429117234
2023-05-09 12:45:00,83716.13408018056
2023-05-09 13:00:00,83661.70984627656
2023-05-09 13:15:00,83612.08775065822
2023-05-09 13:30:00,83529.38944122134
2023-05-09 13:45:00,83529.38944122134
2023-05-09 14:00:00,83529.38944122134
2023-05-09 14:15:00,83529.38944122134
2023-05-09 14:30:00,83529.38944122134
2023-05-09 14:45:00,83529.38944122134
2023-05-09 15:00:00,83529.38944122134
2023-05-09 15:15:00,83529.38944122134
2023-05-10 09:15:00,83529.38944122134
2023-05-10 09:30:00,83529.38944122134
2023-05-10 09:45:00,83529.38944122134
2023-05-10 10:00:00,83529.38944122134
2023-05-10 10:15:00,83529.38944122134
2023-05-10 10:30:00,83529.38944122134
2023-05-10 10:45:00,83529.38944122134
2023-05-10 11:00:00,83529.38944122134
2023-05-10 11:15:00,83529.38944122134
2023-05-10 11:30:00,83529.38944122134
2023-05-10 11:45:00,83529.38944122134
2023-05-10 12:00:00,83529.38944122134
2023-05-10 12:15:00,83529.38944122134
2023-05-10 12:30:00,83529.38944122134
2023-05-10 12:45:00,83529.38944122134
2023-05-10 13:00:00,83529.38944122134
2023-05-10 13:15:00,83529.38944122134
2023-05-10 13:30:00,83529.38944122134
2023-05-10 13:45:00,83529.38944122134
2023-05-10 14:00:00,83529.38944122134
2023-05-10 14:15:00,83441.98171396981
2023-05-10 14:30:00,83436.96268856821
2023-05-10 14:45:00,83440.15661382377
2023-05-10 15:00:00,83586.84903806112
2023-05-10 15:15:00,83548.97821003092
2023-05-11 09:15:00,83518.63592010314
2023-05-11 09:30:00,83553.31282287776
2023-05-11 09:45:00,83527.53328331506
2023-05-11 10:00:00,83604.1874894484
2023-05-11 10:15:00,83602.81866433889
2023-05-11 10:30:00,83648.21803047143
2023-05-11 10:45:00,83660.53745645714
2023-05-11 11:00:00,83619.47270317141
2023-05-11 11:15:00,83650.27126813571
2023-05-11 11:30:00,83620.38525324443
2023-05-11 11:45:00,83519.32033265788
2023-05-11 12:00:00,83532.55230871662
2023-05-11 12:15:00,83606.69700214919
2023-05-11 12:30:00,83552.85654784123
2023-05-11 12:45:00,83569.28244915552
2023-05-11 13:00:00,83590.7273758714
2023-05-11 13:15:00,83598.02777645552
2023-05-11 13:30:00,83593.2368885722
2023-05-11 13:45:00,83586.84903806109
2023-05-11 14:00:00,83597.57150141904
2023-05-11 14:15:00,83602.13425178411
2023-05-11 14:30:00,83579.3204999587
2023-05-11 14:45:00,83449.96652710867
2023-05-11 15:00:00,83496.73471835075
2023-05-11 15:15:00,83518.86405762138
2023-05-12 09:15:00,83193.76809410937
2023-05-12 09:30:00,83110.57432601527
2023-05-12 09:45:00,83110.57432601527
2023-05-12 10:00:00,83110.57432601527
2023-05-12 10:15:00,83110.57432601527
2023-05-12 10:30:00,83110.57432601527
2023-05-12 10:45:00,83110.57432601527
2023-05-12 11:00:00,83110.57432601527
2023-05-12 11:15:00,82962.07653341707
2023-05-12 11:30:00,82976.3799874141
2023-05-12 11:45:00,83020.87962207159
2023-05-12 12:00:00,82995.45125941017
2023-05-12 12:15:00,83058.3410492067
2023-05-12 12:30:00,83086.94795720078
2023-05-12 12:45:00,83129.85831919192
2023-05-12 13:00:00,83101.70548910249
2023-05-12 13:15:00,83077.41232120275
2023-05-12 13:30:00,83173.44979804005
2023-05-12 13:45:00,83241.10740583559
2023-05-12 14:00:00,83228.62026345723
2023-05-12 14:15:00,83191.83995317911
2023-05-12 14:30:00,83244.5129901206
2023-05-12 14:45:00,83229.52841926654
2023-05-12 15:00:00,83166.86566842237
2023-05-12 15:15:00,83151.654058616
2023-05-15 09:15:00,83317.84657172448
2023-05-15 09:30:00,83390.27199751903
2023-05-15 09:45:00,83422.05745084578
2023-05-15 10:00:00,83475.18456569195
2023-05-15 10:15:00,83452.02659255387
2023-05-15 10:30:00,83477.68199416761
2023-05-15 10:45:00,83467.01116340792
2023-05-15 11:00:00,83540.57178396413
2023-05-15 11:15:00,83610.72682023534
2023-05-15 11:30:00,83618.4461446147
2023-05-15 11:45:00,83613.6783266157
2023-05-15 12:00:00,83641.15003984811
2023-05-15 12:15:00,83663.6268961292
2023-05-15 12:30:00,83695.63938840828
2023-05-15 12:45:00,83702.67759593063
2023-05-15 13:00:00,83703.81279069229
2023-05-15 13:15:00,83704.03982964462
2023-05-15 13:30:00,83753.76136020577
2023-05-15 13:45:00,83746.04203582641
2023-05-15 14:00:00,83786.0008914372
2023-05-15 14:15:00,83690.87157040925
2023-05-15 14:30:00,83709.94284240532
2023-05-15 14:45:00,83736.05232192374
2023-05-15 15:00:00,83504.9266684477
2023-05-15 15:15:00,83480.40646159562
2023-05-16 09:15:00,83613.53143241353
2023-05-16 09:30:00,83613.53143241353
2023-05-16 09:45:00,83613.53143241353
2023-05-16 10:00:00,83613.53143241353
2023-05-16 10:15:00,83613.53143241353
2023-05-16 10:30:00,83613.53143241353
2023-05-16 10:45:00,83613.53143241353
2023-05-16 11:00:00,83613.53143241353
2023-05-16 11:15:00,83613.53143241353
2023-05-16 11:30:00,83613.53143241353
2023-05-16 11:45:00,83613.53143241353
2023-05-16 12:00:00,83613.53143241353
2023-05-16 12:15:00,83613.53143241353
2023-05-16 12:30:00,83613.53143241353
2023-05-16 12:45:00,83613.53143241353
2023-05-16 13:00:00,83613.53143241353
2023-05-16 13:15:00,83613.53143241353
2023-05-16 13:30:00,83613.53143241353
2023-05-16 13:45:00,83613.53143241353
2023-05-16 14:00:00,83613.53143241353
2023-05-16 14:15:00,83613.53143241353
2023-05-16 14:30:00,83613.53143241353
2023-05-16 14:45:00,83613.53143241353
2023-05-16 15:00:00,83613.53143241353
2023-05-16 15:15:00,83613.53143241353
2023-05-17 09:15:00,83613.53143241353
2023-05-17 09:30:00,83613.53143241353
2023-05-17 09:45:00,83613.53143241353
2023-05-17 10:00:00,83613.53143241353
2023-05-17 10:15:00,83613.53143241353
2023-05-17 10:30:00,83613.53143241353
2023-05-17 10:45:00,83613.53143241353
2023-05-17 11:00:00,83613.53143241353
2023-05-17 11:15:00,83613.53143241353
2023-05-17 11:30:00,83613.53143241353
2023-05-17 11:45:00,83613.53143241353
2023-05-17 12:00:00,83613.53143241353
2023-05-17 12:15:00,83613.53143241353
2023-05-17 12:30:00,83613.53143241353
2023-05-17 12:45:00,83613.53143241353
2023-05-17 13:00:00,83613.53143241353
2023-05-17 13:15:00,83613.53143241353
2023-05-17 13:30:00,83613.53143241353
2023-05-17 13:45:00,83613.53143241353
2023-05-17 14:00:00,83613.53143241353
2023-05-17 14:15:00,83613.53143241353
2023-05-17 14:30:00,83613.53143241353
2023-05-17 14:45:00,83613.53143241353
2023-05-17 15:00:00,83613.53143241353
2023-05-17 15:15:00,83613.53143241353
2023-05-18 09:15:00,83467.34183124804
2023-05-18 09:30:00,83404.99414133152
2023-05-18 09:45:00,83347.67080737896
2023-05-18 10:00:00,83231.88224039115
2023-05-18 10:15:00,83292.8596514084
2023-05-18 10:30:00,83286.23663672864
2023-05-18 10:45:00,83285.77987709556
2023-05-18 11:00:00,83321.4071284764
2023-05-18 11:15:00,83315.46925324626
2023-05-18 11:30:00,83291.94613214224
2023-05-18 11:45:00,83348.35594682861
2023-05-18 12:00:00,83264.99731379004
2023-05-18 12:15:00,83171.13320919045
2023-05-18 12:30:00,83141.9005926728
2023-05-18 12:45:00,83067.44877247945
2023-05-18 13:00:00,82984.38132370697
2023-05-18 13:15:00,82984.38132370697
2023-05-18 13:30:00,82984.38132370697
2023-05-18 13:45:00,82984.38132370697
2023-05-18 14:00:00,82984.38132370697
2023-05-18 14:15:00,82984.38132370697
2023-05-18 14:30:00,82984.38132370697
2023-05-18 14:45:00,82984.38132370697
2023-05-18 15:00:00,82984.38132370697
2023-05-18 15:15:00,82984.38132370697
2023-05-19 09:15:00,82984.38132370697
2023-05-19 09:30:00,82984.38132370697
2023-05-19 09:45:00,82984.38132370697
2023-05-19 10:00:00,82984.38132370697
2023-05-19 10:15:00,82984.38132370697
2023-05-19 10:30:00,82984.38132370697
2023-05-19 10:45:00,82984.38132370697
2023-05-19 11:00:00,82984.38132370697
2023-05-19 11:15:00,82984.38132370697
2023-05-19 11:30:00,82984.38132370697
2023-05-19 11:45:00,82984.38132370697
2023-05-19 12:00:00,82834.03511890845
2023-05-19 12:15:00,82839.28705768783
2023-05-19 12:30:00,82739.04353055073
2023-05-19 12:45:00,82710.27203984623
2023-05-19 13:00:00,82757.53948886077
2023-05-19 13:15:00,82779.91731496426
2023-05-19 13:30:00,82776.0354471708
2023-05-19 13:45:00,82851.16100623255
2023-05-19 14:00:00,82956.42812698471
2023-05-19 14:15:00,82967.61704003646
2023-05-19 14:30:00,83037.94735064745
2023-05-19 14:45:00,83050.04964435648
2023-05-19 15:00:00,83137.04915196293
2023-05-19 15:15:00,83142.52943590663
2023-05-22 09:15:00,83349.41015478184
2023-05-22 09:30:00,83501.71637938422
2023-05-22 09:45:00,83463.1260466139
2023-05-22 10:00:00,83440.06318501742
2023-05-22 10:15:00,83450.56706257623
2023-05-22 10:30:00,83476.8267564732
2023-05-22 10:45:00,83588.71588699069
2023-05-22 11:00:00,83560.40108661483
2023-05-22 11:15:00,83562.45619309373
2023-05-22 11:30:00,83592.82609994846
2023-05-22 11:45:00,83573.18841581682
2023-05-22 12:00:00,83651.7391523434
2023-05-22 12:15:00,83569.5348931877
2023-05-22 12:30:00,83512.44860210734
2023-05-22 12:45:00,83562.45619309373
2023-05-22 13:00:00,83554.46411234248
2023-05-22 13:15:00,83476.8267564732
2023-05-22 13:30:00,83400.10278126119
2023-05-22 13:45:00,83517.92888605106
2023-05-22 14:00:00,83589.62926764796
2023-05-22 14:15:00,83551.26728004198
2023-05-22 14:30:00,83535.05477337516
2023-05-22 14:45:00,83620.91255516
2023-05-22 15:00:00,83618.17241318813
2023-05-22 15:15:00,83589.40092248363
2023-05-23 09:15:00,83938.08398840245
2023-05-23 09:30:00,84052.25657056316
2023-05-23 09:45:00,84018.6898314079
2023-05-23 10:00:00,83991.74510201797
2023-05-23 10:15:00,84003.61905056269
2023-05-23 10:30:00,84059.79196098576
2023-05-23 10:45:00,84036.7290993893
2023-05-23 11:00:00,84085.13827422544
2023-05-23 11:15:00,84023.9417701873
2023-05-23 11:30:00,84062.30375779328
2023-05-23 11:45:00,84033.53226708878
2023-05-23 12:00:00,84060.47699647873
2023-05-23 12:15:00,84062.53210295762
2023-05-23 12:30:00,84065.5005900938
2023-05-23 12:45:00,84101.35078089226
2023-05-23 13:00:00,84024.62680568025
2023-05-23 13:15:00,84014.12292812148
2023-05-23 13:30:00,84016.86307009334
2023-05-23 13:45:00,84028.73701863804
2023-05-23 14:00:00,84032.61888643149
2023-05-23 14:15:00,84047.91801244103
2023-05-23 14:30:00,83937.17060774515
2023-05-23 14:45:00,83911.13925901252
2023-05-23 15:00:00,83774.81719591263
2023-05-23 15:15:00,83692.63919645081
2023-05-24 09:15:00,83692.63919645081
2023-05-24 09:30:00,83692.63919645081
2023-05-24 09:45:00,83692.63919645081
2023-05-24 10:00:00,83692.63919645081
2023-05-24 10:15:00,83692.63919645081
2023-05-24 10:30:00,83692.63919645081
2023-05-24 10:45:00,83692.63919645081
2023-05-24 11:00:00,83580.28991201508
2023-05-24 11:15:00,83632.37222756897
2023-05-24 11:30:00,83522.06688676703
2023-05-24 11:45:00,83505.00935983889
2023-05-24 12:00:00,83427.45447073897
2023-05-24 12:15:00,83385.83410503433
2023-05-24 12:30:00,83309.94607746581
2023-05-24 12:45:00,83309.94607746581
2023-05-24 13:00:00,83309.94607746581
2023-05-24 13:15:00,83309.94607746581
2023-05-24 13:30:00,83309.94607746581
2023-05-24 13:45:00,83309.94607746581
2023-05-24 14:00:00,83309.94607746581
2023-05-24 14:15:00,83309.94607746581
2023-05-24 14:30:00,83309.94607746581
2023-05-24 14:45:00,83309.94607746581
2023-05-24 15:00:00,83309.94607746581
2023-05-24 15:15:00,83309.94607746581
2023-05-25 09:15:00,83309.94607746581
2023-05-25 09:30:00,83309.94607746581
2023-05-25 09:45:00,83309.94607746581
2023-05-25 10:00:00,83309.94607746581
2023-05-25 10:15:00,83309.94607746581
2023-05-25 10:30:00,83309.94607746581
2023-05-25 10:45:00,83309.94607746581
2023-05-25 11:00:00,83309.94607746581
2023-05-25 11:15:00,83309.94607746581
2023-05-25 11:30:00,83309.94607746581
2023-05-25 11:45:00,83309.94607746581
2023-05-25 12:00:00,83309.94607746581
2023-05-25 12:15:00,83309.94607746581
2023-05-25 12:30:00,83309.94607746581
2023-05-25 12:45:00,83309.94607746581
2023-05-25 13:00:00,83309.94607746581
2023-05-25 13:15:00,83309.94607746581
2023-05-25 13:30:00,83309.94607746581
2023-05-25 13:45:00,83309.94607746581
2023-05-25 14:00:00,83309.94607746581
2023-05-25 14:15:00,83309.94607746581
2023-05-25 14:30:00,83309.94607746581
2023-05-25 14:45:00,83309.94607746581
2023-05-25 15:00:00,83368.32229786926
2023-05-25 15:15:00,83401.07158835602
2023-05-26 09:15:00,83521.83459702595
2023-05-26 09:30:00,83606.4369307834
2023-05-26 09:45:00,83595.97535187792
2023-05-26 10:00:00,83594.38337247926
2023-05-26 10:15:00,83652.6043333446
2023-05-26 10:30:00,83652.14948208783
2023-05-26 10:45:00,83641.23305192558
2023-05-26 11:00:00,83755.62814300084
2023-05-26 11:15:00,83746.07626660887
2023-05-26 11:30:00,83829.9963234812
2023-05-26 11:45:00,83829.31404659605
2023-05-26 12:00:00,83845.23384058267
2023-05-26 12:15:00,83822.0364264879
2023-05-26 12:30:00,83850.00977877867
2023-05-26 12:45:00,83883.21392052219
2023-05-26 13:00:00,83849.78235315028
2023-05-26 13:15:00,83855.69541948817
2023-05-26 13:30:00,83928.01676931311
2023-05-26 13:45:00,83998.74613973936
2023-05-26 14:00:00,84084.48560163875
2023-05-26 14:15:00,84101.0876725105
2023-05-26 14:30:00,84071.2949151927
2023-05-26 14:45:00,84107.91044136194
2023-05-26 15:00:00,84170.22506353814
2023-05-26 15:15:00,84110.63954890252
2023-05-29 09:15:00,84734.24062192121
2023-05-29 09:30:00,84725.59844804276
2023-05-29 09:45:00,84615.97929516347
2023-05-29 10:00:00,84549.79843730481
2023-05-29 10:15:00,84637.12987860283
2023-05-29 10:30:00,84679.65847110994
2023-05-29 10:45:00,84691.93945504249
2023-05-29 11:00:00,84751.52496967812
2023-05-29 11:15:00,84747.65873399567
2023-05-29 11:30:00,84694.21371132632
2023-05-29 11:45:00,84718.54825356301
2023-05-29 12:00:00,84682.38757865055
2023-05-29 12:15:00,84656.00620575844
2023-05-29 12:30:00,84642.8155193124
2023-05-29 12:45:00,84576.86208708212
2023-05-29 13:00:00,84583.23000467675
2023-05-29 13:15:00,84620.52780773112
2023-05-29 13:30:00,84644.40749871105
2023-05-29 13:45:00,84672.60827663021
2023-05-29 14:00:00,84706.03984400211
2023-05-29 14:15:00,84567.53763631852
2023-05-29 14:30:00,84549.79843730487
2023-05-29 14:45:00,84614.15989013648
2023-05-29 15:00:00,84599.37722429176
2023-05-29 15:15:00,84607.33712128508
2023-05-30 09:15:00,84790.64217775958
2023-05-30 09:30:00,84779.27089634057
2023-05-30 09:45:00,84759.03001541473
2023-05-30 10:00:00,84842.2677954019
2023-05-30 10:15:00,84773.1304043743
2023-05-30 10:30:00,84728.10012995501
2023-05-30 10:45:00,84580.7283227646
2023-05-30 11:00:00,84633.71849417721
2023-05-30 11:15:00,84656.00620575847
2023-05-30 11:30:00,84652.13997007601
2023-05-30 11:45:00,84602.5611830891
2023-05-30 12:00:00,84519.09461291977
2023-05-30 12:15:00,84519.09461291977
2023-05-30 12:30:00,84519.09461291977
2023-05-30 12:45:00,84519.09461291977
2023-05-30 13:00:00,84519.09461291977
2023-05-30 13:15:00,84519.09461291977
2023-05-30 13:30:00,84519.09461291977
2023-05-30 13:45:00,84519.09461291977
2023-05-30 14:00:00,84519.09461291977
2023-05-30 14:15:00,84519.09461291977
2023-05-30 14:30:00,84519.09461291977
2023-05-30 14:45:00,84519.09461291977
2023-05-30 15:00:00,84519.09461291977
2023-05-30 15:15:00,84519.09461291977
2023-05-31 09:15:00,84519.09461291977
2023-05-31 09:30:00,84519.09461291977
2023-05-31 09:45:00,84519.09461291977
2023-05-31 10:00:00,84519.09461291977
2023-05-31 10:15:00,84519.09461291977
2023-05-31 10:30:00,84519.09461291977
2023-05-31 10:45:00,84519.09461291977
2023-05-31 11:00:00,84519.09461291977
2023-05-31 11:15:00,84519.09461291977
2023-05-31 11:30:00,84519.09461291977
2023-05-31 11:45:00,84519.09461291977
2023-05-31 12:00:00,84519.09461291977
2023-05-31 12:15:00,84519.09461291977
2023-05-31 12:30:00,84519.09461291977
2023-05-31 12:45:00,84519.09461291977
2023-05-31 13:00:00,84519.09461291977
2023-05-31 13:15:00,84519.09461291977
2023-05-31 13:30:00,84519.09461291977
2023-05-31 13:45:00,84519.09461291977
2023-05-31 14:00:00,84519.09461291977
2023-05-31 14:15:00,84519.09461291977
2023-05-31 14:30:00,84519.09461291977
2023-05-31 14:45:00,84464.18210724907
2023-05-31 15:00:00,84382.87785915393
2023-05-31 15:15:00,84361.92550390252
2023-06-01 09:15:00,84351.22158328495
2023-06-01 09:30:00,84563.70579469326
2023-06-01 09:45:00,84590.1239817494
2023-06-01 10:00:00,84535.01017771852
2023-06-01 10:15:00,84549.35798620591
2023-06-01 10:30:00,84572.81551436782
2023-06-01 10:45:00,84571.90454240037
2023-06-01 11:00:00,84579.19231813998
2023-06-01 11:15:00,84524.30625710097
2023-06-01 11:30:00,84534.78243472666
2023-06-01 11:45:00,84523.16754214164
2023-06-01 12:00:00,84434.80326129873
2023-06-01 12:15:00,84508.36424767054
2023-06-01 12:30:00,84501.98744389837
2023-06-01 12:45:00,84485.36220549238
2023-06-01 13:00:00,84496.2938691018
2023-06-01 13:15:00,84537.05986464533
2023-06-01 13:30:00,84493.33321020761
2023-06-01 13:45:00,84393.35403677968
2023-06-01 14:00:00,84374.22362546317
2023-06-01 14:15:00,84399.95858354372
2023-06-01 14:30:00,84321.38725135093
2023-06-01 14:45:00,84372.85716751199
2023-06-01 15:00:00,84225.50745177652
2023-06-01 15:15:00,84143.55709681347
2023-06-02 09:15:00,84143.55709681347
2023-06-02 09:30:00,84143.55709681347
2023-06-02 09:45:00,84143.55709681347
2023-06-02 10:00:00,84143.55709681347
2023-06-02 10:15:00,84143.55709681347
2023-06-02 10:30:00,84143.55709681347
2023-06-02 10:45:00,84143.55709681347
2023-06-02 11:00:00,84143.55709681347
2023-06-02 11:15:00,84143.55709681347
2023-06-02 11:30:00,84143.55709681347
2023-06-02 11:45:00,84143.55709681347
2023-06-02 12:00:00,84040.36386444017
2023-06-02 12:15:00,84006.34658716072
2023-06-02 12:30:00,84039.91030074311
2023-06-02 12:45:00,84066.4437770211
2023-06-02 13:00:00,84114.7483107579
2023-06-02 13:15:00,84154.4351342506
2023-06-02 13:30:00,84185.27746565064
2023-06-02 13:45:00,84156.02260719032
2023-06-02 14:00:00,84094.33794439022
2023-06-02 14:15:00,84006.57336900923
2023-06-02 14:30:00,83974.14356466949
2023-06-02 14:45:00,84043.99237401666
2023-06-02 15:00:00,84078.23643314464
2023-06-02 15:15:00,84026.53017167987
2023-06-05 09:15:00,84417.27529669655
2023-06-05 09:30:00,84386.88652899356
2023-06-05 09:45:00,84450.61222843041
2023-06-05 10:00:00,84445.8498096113
2023-06-05 10:15:00,84446.75693700543
2023-06-05 10:30:00,84431.10898945687
2023-06-05 10:45:00,84455.82821094661
2023-06-05 11:00:00,84505.72021762314
2023-06-05 11:15:00,84528.85196617317
2023-06-05 11:30:00,84479.18674134518
2023-06-05 11:45:00,84449.02475549073
2023-06-05 12:00:00,84480.32065058782
2023-06-05 12:15:00,84445.16946406571
2023-06-05 12:30:00,84413.193223423
2023-06-05 12:45:00,84423.8519703039
2023-06-05 13:00:00,84392.5560752068
2023-06-05 13:15:00,84307.48385393155
2023-06-05 13:30:00,84307.48385393155
2023-06-05 13:45:00,84307.48385393155
2023-06-05 14:00:00,84307.48385393155
2023-06-05 14:15:00,84307.48385393155
2023-06-05 14:30:00,84307.48385393155
2023-06-05 14:45:00,84307.48385393155
2023-06-05 15:00:00,84307.48385393155
2023-06-05 15:15:00,84307.48385393155
2023-06-06 09:15:00,84307.48385393155
2023-06-06 09:30:00,84307.48385393155
2023-06-06 09:45:00,84307.48385393155
2023-06-06 10:00:00,84307.48385393155
2023-06-06 10:15:00,84307.48385393155
2023-06-06 10:30:00,84307.48385393155
2023-06-06 10:45:00,84307.48385393155
2023-06-06 11:00:00,84307.48385393155
2023-06-06 11:15:00,84307.48385393155
2023-06-06 11:30:00,84307.48385393155
2023-06-06 11:45:00,84307.48385393155
2023-06-06 12:00:00,84307.48385393155
2023-06-06 12:15:00,84307.48385393155
2023-06-06 12:30:00,84307.48385393155
2023-06-06 12:45:00,84307.48385393155
2023-06-06 13:00:00,84307.48385393155
2023-06-06 13:15:00,84307.48385393155
2023-06-06 13:30:00,84307.48385393155
2023-06-06 13:45:00,84307.48385393155
2023-06-06 14:00:00,84307.48385393155
2023-06-06 14:15:00,84307.48385393155
2023-06-06 14:30:00,84307.48385393155
2023-06-06 14:45:00,84307.48385393155
2023-06-06 15:00:00,84307.48385393155
2023-06-06 15:15:00,84258.47811574709
2023-06-07 09:15:00,84420.50407664025
2023-06-07 09:30:00,84464.17867224413
2023-06-07 09:45:00,84448.56443858265
2023-06-07 10:00:00,84458.06875472443
2023-06-07 10:15:00,84465.08384521003
2023-06-07 10:30:00,84390.40707552464
2023-06-07 10:45:00,84426.38770091851
2023-06-07 11:00:00,84459.8791006562
2023-06-07 11:15:00,84419.37261043293
2023-06-07 11:30:00,84425.0299414697
2023-06-07 11:45:00,84471.42005597122
2023-06-07 12:00:00,84442.22822782147
2023-06-07 12:15:00,84462.59461955386
2023-06-07 12:30:00,84494.27567335978
2023-06-07 12:45:00,84528.21965958041
2023-06-07 13:00:00,84555.14855531545
2023-06-07 13:15:00,84528.67224606335
2023-06-07 13:30:00,84497.21748549888
2023-06-07 13:45:00,84548.13346482982
2023-06-07 14:00:00,84568.72614980368
2023-06-07 14:15:00,84628.46756555198
2023-06-07 14:30:00,84701.56028254709
2023-06-07 14:45:00,84698.84476364944
2023-06-07 15:00:00,84755.64436725863
2023-06-07 15:15:00,84771.03230767864
2023-06-08 09:15:00,84842.0883855005
2023-06-08 09:30:00,84818.55388838753
2023-06-08 09:45:00,84855.21339350582
2023-06-08 10:00:00,84874.90090551379
2023-06-08 10:15:00,84946.40956981857
2023-06-08 10:30:00,84951.84060761386
2023-06-08 10:45:00,84957.27164540917
2023-06-08 11:00:00,84931.70050912295
2023-06-08 11:15:00,84925.59059160324
2023-06-08 11:30:00,84758.81247263921
2023-06-08 11:45:00,84623.7154074811
2023-06-08 12:00:00,84536.6049556431
2023-06-08 12:15:00,84536.6049556431
2023-06-08 12:30:00,84536.6049556431
2023-06-08 12:45:00,84536.6049556431
2023-06-08 13:00:00,84536.6049556431
2023-06-08 13:15:00,84536.6049556431
2023-06-08 13:30:00,84536.6049556431
2023-06-08 13:45:00,84536.6049556431
2023-06-08 14:00:00,84536.6049556431
2023-06-08 14:15:00,84536.6049556431
2023-06-08 14:30:00,84536.6049556431
2023-06-08 14:45:00,84536.6049556431
2023-06-08 15:00:00,84536.6049556431
2023-06-08 15:15:00,84536.6049556431
2023-06-09 09:15:00,84536.6049556431
2023-06-09 09:30:00,84536.6049556431
2023-06-09 09:45:00,84536.6049556431
2023-06-09 10:00:00,84536.6049556431
2023-06-09 10:15:00,84536.6049556431
2023-06-09 10:30:00,84536.6049556431
2023-06-09 10:45:00,84536.6049556431
2023-06-09 11:00:00,84536.6049556431
2023-06-09 11:15:00,84536.6049556431
2023-06-09 11:30:00,84536.6049556431
2023-06-09 11:45:00,84536.6049556431
2023-06-09 12:00:00,84536.6049556431
2023-06-09 12:15:00,84536.6049556431
2023-06-09 12:30:00,84536.6049556431
2023-06-09 12:45:00,84536.6049556431
2023-06-09 13:00:00,84536.6049556431
2023-06-09 13:15:00,84536.6049556431
2023-06-09 13:30:00,84536.6049556431
2023-06-09 13:45:00,84536.6049556431
2023-06-09 14:00:00,84536.6049556431
2023-06-09 14:15:00,84536.6049556431
2023-06-09 14:30:00,84536.6049556431
2023-06-09 14:45:00,84536.6049556431
2023-06-09 15:00:00,84536.6049556431
2023-06-09 15:15:00,84536.6049556431
2023-06-12 09:15:00,84536.6049556431
2023-06-12 09:30:00,84536.6049556431
2023-06-12 09:45:00,84536.6049556431
2023-06-12 10:00:00,84536.6049556431
2023-06-12 10:15:00,84536.6049556431
2023-06-12 10:30:00,84536.6049556431
2023-06-12 10:45:00,84536.6049556431
2023-06-12 11:00:00,84536.6049556431
2023-06-12 11:15:00,84412.81586265065
2023-06-12 11:30:00,84447.75738379323
2023-06-12 11:45:00,84476.57279408615
2023-06-12 12:00:00,84430.96730220524
2023-06-12 12:15:00,84331.81506363826
2023-06-12 12:30:00,84366.75658478086
2023-06-12 12:45:00,84361.99183189779
2023-06-12 13:00:00,84407.5973237787
2023-06-12 13:15:00,84427.11012129988
2023-06-12 13:30:00,84429.3790512442
2023-06-12 13:45:00,84465.45503735897
2023-06-12 14:00:00,84497.90073556281
2023-06-12 14:15:00,84402.37878490674
2023-06-12 14:30:00,84432.10176717742
2023-06-12 14:45:00,84500.16966550714
2023-06-12 15:00:00,84389.21899122969
2023-06-12 15:15:00,84471.8080412031
2023-06-13 09:15:00,84768.81097091512
2023-06-13 09:30:00,84845.95458902215
2023-06-13 09:45:00,84806.47520799092
2023-06-13 10:00:00,84851.40002088853
2023-06-13 10:15:00,84835.74440427269
2023-06-13 10:30:00,84864.55981456561
2023-06-13 10:45:00,84844.59323105555
2023-06-13 11:00:00,84892.01386689192
2023-06-13 11:15:00,84920.37549119597
2023-06-13 11:30:00,84902.67783763024
2023-06-13 11:45:00,84901.31647966366
2023-06-13 12:00:00,84900.86269367479
2023-06-13 12:15:00,84900.86269367479
2023-06-13 12:30:00,84901.54337265807
2023-06-13 12:45:00,84892.46765288078
2023-06-13 13:00:00,84915.15695232402
2023-06-13 13:15:00,84877.71960824267
2023-06-13 13:30:00,84902.45094463581
2023-06-13 13:45:00,84792.63473533052
2023-06-13 14:00:00,84834.83683229497
2023-06-13 14:15:00,84828.03004246199
2023-06-13 14:30:00,84819.86189466242
2023-06-13 14:45:00,84895.87104779728
2023-06-13 15:00:00,84945.78750657241
2023-06-13 15:15:00,84942.61100465037
2023-06-14 09:15:00,84940.79586069491
2023-06-14 09:30:00,84865.2404935489
2023-06-14 09:45:00,84870.68592541528
2023-06-14 10:00:00,84892.24075988636
2023-06-14 10:15:00,84901.5433726581
2023-06-14 10:30:00,84936.71178679512
2023-06-14 10:45:00,85032.23373745118
2023-06-14 11:00:00,84977.7794187874
2023-06-14 11:15:00,84978.68699076511
2023-06-14 11:30:00,84980.50213472058
2023-06-14 11:45:00,85040.1749922563
2023-06-14 12:00:00,85057.41885983317
2023-06-14 12:15:00,85042.89770818948
2023-06-14 12:30:00,85063.54497068284
2023-06-14 12:45:00,85048.34314005588
2023-06-14 13:00:00,85119.36064731321
2023-06-14 13:15:00,85126.62122313507
2023-06-14 13:30:00,85139.78101681215
2023-06-14 13:45:00,85140.46169579544
2023-06-14 14:00:00,85157.7055633723
2023-06-14 14:15:00,85100.75542176978
2023-06-14 14:30:00,85120.04132629653
2023-06-14 14:45:00,85119.8144333021
2023-06-14 15:00:00,85122.31025624086
2023-06-14 15:15:00,85083.28466119849
2023-06-15 09:15:00,85082.60398221518
2023-06-15 09:30:00,85048.57003305032
2023-06-15 09:45:00,85185.15961569863
2023-06-15 10:00:00,85204.67241321984
2023-06-15 10:15:00,85257.99226691146
2023-06-15 10:30:00,85229.17685661853
2023-06-15 10:45:00,85208.98338011405
2023-06-15 11:00:00,85140.6885887899
2023-06-15 11:15:00,85034.50266739553
2023-06-15 11:30:00,84956.67837030519
2023-06-15 11:45:00,84871.04169363057
2023-06-15 12:00:00,84871.04169363057
2023-06-15 12:15:00,84871.04169363057
2023-06-15 12:30:00,84871.04169363057
2023-06-15 12:45:00,84871.04169363057
2023-06-15 13:00:00,84871.04169363057
2023-06-15 13:15:00,84871.04169363057
2023-06-15 13:30:00,84871.04169363057
2023-06-15 13:45:00,84871.04169363057
2023-06-15 14:00:00,84871.04169363057
2023-06-15 14:15:00,84871.04169363057
2023-06-15 14:30:00,84871.04169363057
2023-06-15 14:45:00,84871.04169363057
2023-06-15 15:00:00,84871.04169363057
2023-06-15 15:15:00,84871.04169363057
2023-06-16 09:15:00,84871.04169363057
2023-06-16 09:30:00,84871.04169363057
2023-06-16 09:45:00,84736.25218890188
2023-06-16 10:00:00,84771.26287564592
2023-06-16 10:15:00,84850.31926506794
2023-06-16 10:30:00,84827.50584983474
2023-06-16 10:45:00,84801.3043036263
2023-06-16 11:00:00,84758.83972873674
2023-06-16 11:15:00,84750.03058820115
2023-06-16 11:30:00,84780.97551777492
2023-06-16 11:45:00,84804.69243460153
2023-06-16 12:00:00,84771.94050184097
2023-06-16 12:15:00,84738.73681828372
2023-06-16 12:30:00,84705.30725932814
2023-06-16 12:45:00,84746.19070642925
2023-06-16 13:00:00,84768.32649546742
2023-06-16 13:15:00,84758.61385333842
2023-06-16 13:30:00,84784.13777335183
2023-06-16 13:45:00,84777.36151140138
2023-06-16 14:00:00,84883.29707322689
2023-06-16 14:15:00,84966.19334442084
2023-06-16 14:30:00,85037.11821950231
2023-06-16 14:45:00,85163.60844257755
2023-06-16 15:00:00,85033.05246233202
2023-06-16 15:15:00,85035.7629671122
2023-06-19 09:15:00,85176.03158948672
2023-06-19 09:30:00,85113.68997954248
2023-06-19 09:45:00,85101.04095723496
2023-06-19 10:00:00,85051.34836959826
2023-06-19 10:15:00,84948.34918795127
2023-06-19 10:30:00,84927.34277590484
2023-06-19 10:45:00,84871.77742791107
2023-06-19 11:00:00,84785.10045429957
2023-06-19 11:15:00,84785.10045429957
2023-06-19 11:30:00,84785.10045429957
2023-06-19 11:45:00,84785.10045429957
2023-06-19 12:00:00,84785.10045429957
2023-06-19 12:15:00,84785.10045429957
2023-06-19 12:30:00,84785.10045429957
2023-06-19 12:45:00,84785.10045429957
2023-06-19 13:00:00,84785.10045429957
2023-06-19 13:15:00,84785.10045429957
2023-06-19 13:30:00,84785.10045429957
2023-06-19 13:45:00,84785.10045429957
2023-06-19 14:00:00,84785.10045429957
2023-06-19 14:15:00,84785.10045429957
2023-06-19 14:30:00,84785.10045429957
2023-06-19 14:45:00,84785.10045429957
2023-06-19 15:00:00,84785.10045429957
2023-06-19 15:15:00,84785.10045429957
2023-06-20 09:15:00,84785.10045429957
2023-06-20 09:30:00,84785.10045429957
2023-06-20 09:45:00,84785.10045429957
2023-06-20 10:00:00,84785.10045429957
2023-06-20 10:15:00,84785.10045429957
2023-06-20 10:30:00,84785.10045429957
2023-06-20 10:45:00,84785.10045429957
2023-06-20 11:00:00,84785.10045429957
2023-06-20 11:15:00,84785.10045429957
2023-06-20 11:30:00,84785.10045429957
2023-06-20 11:45:00,84688.0993211189
2023-06-20 12:00:00,84685.38464717972
2023-06-20 12:15:00,84698.95801687567
2023-06-20 12:30:00,84729.49809869155
2023-06-20 12:45:00,84752.57282717466
2023-06-20 13:00:00,84803.92540919103
2023-06-20 13:15:00,84867.0415782772
2023-06-20 13:30:00,84827.2263605024
2023-06-20 13:45:00,84784.47024596017
2023-06-20 14:00:00,84844.87174110714
2023-06-20 14:15:00,84893.5096491843
2023-06-20 14:30:00,84867.94646959024
2023-06-20 14:45:00,84894.41454049735
2023-06-20 15:00:00,85152.08234189216
2023-06-20 15:15:00,85212.25761421087
2023-06-21 09:15:00,85312.47432713263
2023-06-21 09:30:00,85299.12718026496
2023-06-21 09:45:00,85388.48519742997
2023-06-21 10:00:00,85374.23315924921
2023-06-21 10:15:00,85298.22228895189
2023-06-21 10:30:00,85192.12378249521
2023-06-21 10:45:00,85148.23655381163
2023-06-21 11:00:00,85063.85543886847
2023-06-21 11:15:00,84981.72953930029
2023-06-21 11:30:00,84981.72953930029
2023-06-21 11:45:00,84981.72953930029
2023-06-21 12:00:00,84981.72953930029
2023-06-21 12:15:00,84981.72953930029
2023-06-21 12:30:00,84981.72953930029
2023-06-21 12:45:00,84981.72953930029
2023-06-21 13:00:00,84981.72953930029
2023-06-21 13:15:00,84878.73597691047
2023-06-21 13:30:00,84877.15994153605
2023-06-21 13:45:00,84907.78005738194
2023-06-21 14:00:00,84949.4324208488
2023-06-21 14:15:00,84858.02236913238
2023-06-21 14:30:00,84843.61290285195
2023-06-21 14:45:00,84867.92887720016
2023-06-21 15:00:00,84930.970292177
2023-06-21 15:15:00,84935.24810247897
2023-06-22 09:15:00,84994.46200297508
2023-06-22 09:30:00,84937.04928576403
2023-06-22 09:45:00,84868.15402511078
2023-06-22 10:00:00,84938.1750253172
2023-06-22 10:15:00,84967.44425369932
2023-06-22 10:30:00,84964.5173308611
2023-06-22 10:45:00,84872.88213123406
2023-06-22 11:00:00,84891.11911199521
2023-06-22 11:15:00,84794.53065833426
2023-06-22 11:30:00,84814.34367446984
2023-06-22 11:45:00,84820.87296387817
2023-06-22 12:00:00,84708.97445229426
2023-06-22 12:15:00,84624.94024613014
2023-06-22 12:30:00,84624.94024613014
2023-06-22 12:45:00,84624.94024613014
2023-06-22 13:00:00,84624.94024613014
2023-06-22 13:15:00,84624.94024613014
2023-06-22 13:30:00,84624.94024613014
2023-06-22 13:45:00,84624.94024613014
2023-06-22 14:00:00,84624.94024613014
2023-06-22 14:15:00,84624.94024613014
2023-06-22 14:30:00,84624.94024613014
2023-06-22 14:45:00,84624.94024613014
2023-06-22 15:00:00,84624.94024613014
2023-06-22 15:15:00,84624.94024613014
2023-06-23 09:15:00,84624.94024613014
2023-06-23 09:30:00,84624.94024613014
2023-06-23 09:45:00,84624.94024613014
2023-06-23 10:00:00,84624.94024613014
2023-06-23 10:15:00,84624.94024613014
2023-06-23 10:30:00,84624.94024613014
2023-06-23 10:45:00,84624.94024613014
2023-06-23 11:00:00,84624.94024613014
2023-06-23 11:15:00,84624.94024613014
2023-06-23 11:30:00,84624.94024613014
2023-06-23 11:45:00,84624.94024613014
2023-06-23 12:00:00,84624.94024613014
2023-06-23 12:15:00,84624.94024613014
2023-06-23 12:30:00,84624.94024613014
2023-06-23 12:45:00,84485.51959222883
2023-06-23 13:00:00,84416.96857596883
2023-06-23 13:15:00,84380.66359696271
2023-06-23 13:30:00,84377.0556487385
2023-06-23 13:45:00,84360.14339143751
2023-06-23 14:00:00,84288.88641400934
2023-06-23 14:15:00,84296.32780722178
2023-06-23 14:30:00,84296.32780722178
2023-06-23 14:45:00,84348.64305647282
2023-06-23 15:00:00,84186.28538638334
2023-06-23 15:15:00,84107.73088267818
2023-06-26 09:15:00,84107.73088267818
2023-06-26 09:30:00,84107.73088267818
2023-06-26 09:45:00,84107.73088267818
2023-06-26 10:00:00,84107.73088267818
2023-06-26 10:15:00,84107.73088267818
2023-06-26 10:30:00,84107.73088267818
2023-06-26 10:45:00,84107.73088267818
2023-06-26 11:00:00,84107.73088267818
2023-06-26 11:15:00,84107.73088267818
2023-06-26 11:30:00,84107.73088267818
2023-06-26 11:45:00,84107.73088267818
2023-06-26 12:00:00,84107.73088267818
2023-06-26 12:15:00,84107.73088267818
2023-06-26 12:30:00,84107.73088267818
2023-06-26 12:45:00,84107.73088267818
2023-06-26 13:00:00,84107.73088267818
2023-06-26 13:15:00,84107.73088267818
2023-06-26 13:30:00,84107.73088267818
2023-06-26 13:45:00,84107.73088267818
2023-06-26 14:00:00,84107.73088267818
2023-06-26 14:15:00,84107.73088267818
2023-06-26 14:30:00,84107.73088267818
2023-06-26 14:45:00,84107.73088267818
2023-06-26 15:00:00,84107.73088267818
2023-06-26 15:15:00,84107.73088267818
2023-06-27 09:15:00,84107.73088267818
2023-06-27 09:30:00,83996.27499563756
2023-06-27 09:45:00,83978.11761327041
2023-06-27 10:00:00,83975.42763069751
2023-06-27 10:15:00,83991.56752613497
2023-06-27 10:30:00,83942.92367460817
2023-06-27 10:45:00,83929.02543131479
2023-06-27 11:00:00,83937.76787467676
2023-06-27 11:15:00,83997.17165649521
2023-06-27 11:30:00,83999.4133086393
2023-06-27 11:45:00,84029.45144737014
2023-06-27 12:00:00,84064.64538603238
2023-06-27 12:15:00,84042.00469937705
2023-06-27 12:30:00,84048.2813253805
2023-06-27 12:45:00,83988.20504791883
2023-06-27 13:00:00,84030.34810822777
2023-06-27 13:15:00,84037.52139508886
2023-06-27 13:30:00,84060.16208174419
2023-06-27 13:45:00,84098.04600297935
2023-06-27 14:00:00,84175.83133237936
2023-06-27 14:15:00,84191.29873217357
2023-06-27 14:30:00,84161.70892387156
2023-06-27 14:45:00,84274.01569629057
2023-06-27 15:00:00,84397.30656421566
2023-06-27 15:15:00,84369.5100776289
2023-06-28 09:15:00,84604.65938754418
2023-06-28 09:30:00,84600.62441368481
2023-06-28 09:45:00,84685.35886473149
2023-06-28 10:00:00,84681.99638651535
2023-06-28 10:15:00,84728.84691632689
2023-06-28 10:30:00,84825.68628895166
2023-06-28 10:45:00,84812.46054130154
2023-06-28 11:00:00,84911.5415660704
2023-06-28 11:15:00,84974.08366089058
2023-06-28 11:30:00,84989.3268954704
2023-06-28 11:45:00,85055.00730329231
2023-06-28 12:00:00,84988.20606939835
2023-06-28 12:15:00,85064.64640751191
2023-06-28 12:30:00,85007.93260826638
2023-06-28 12:45:00,85096.0295375292
2023-06-28 13:00:00,85159.91662363584
2023-06-28 13:15:00,85158.57163234937
2023-06-28 13:30:00,85219.32040545427
2023-06-28 13:45:00,85143.55256298394
2023-06-28 14:00:00,85091.09790281218
2023-06-28 14:15:00,85179.19483207501
2023-06-28 14:30:00,85083.25212030785
2023-06-28 14:45:00,85096.02953752919
2023-06-28 15:00:00,85061.50809451017
2023-06-28 15:15:00,85146.46671077126
2023-06-30 09:15:00,85574.84643550728
2023-06-30 09:30:00,85644.33765197414
2023-06-30 09:45:00,85532.92754041274
2023-06-30 10:00:00,85587.17552229977
2023-06-30 10:15:00,85568.56980950381
2023-06-30 10:30:00,85585.3822005845
2023-06-30 10:45:00,85640.975173758
2023-06-30 11:00:00,85612.28202631361
2023-06-30 11:15:00,85616.09283495857
2023-06-30 11:30:00,85707.77640765192
2023-06-30 11:45:00,85639.63018247153
2023-06-30 12:00:00,85713.15637279775
2023-06-30 12:15:00,85734.90039859546
2023-06-30 12:30:00,85769.64600682889
2023-06-30 12:45:00,85783.99258055106
2023-06-30 13:00:00,85834.65391900757
2023-06-30 13:15:00,85880.38362274705
2023-06-30 13:30:00,85851.69047530268
2023-06-30 13:45:00,85868.9511968122
2023-06-30 14:00:00,85831.73977122027
2023-06-30 14:15:00,85877.24530974535
2023-06-30 14:30:00,85932.38995249002
2023-06-30 14:45:00,85941.5807262808
2023-06-30 15:00:00,86053.66333348541
2023-06-30 15:15:00,86004.12282110097
2023-07-03 09:15:00,86458.9540411373
2023-07-03 09:30:00,86554.44842247563
2023-07-03 09:45:00,86573.50246570043
2023-07-03 10:00:00,86635.37206487736
2023-07-03 10:15:00,86673.03182089812
2023-07-03 10:30:00,86574.62329177247
2023-07-03 10:45:00,86522.16863160071
2023-07-03 11:00:00,86380.27205087966
2023-07-03 11:15:00,86391.70447681454
2023-07-03 11:30:00,86481.81889300705
2023-07-03 11:45:00,86526.42777067449
2023-07-03 12:00:00,86542.56766611195
2023-07-03 12:15:00,86548.17179647219
2023-07-03 12:30:00,86613.8522042941
2023-07-03 12:45:00,86617.88717815347
2023-07-03 13:00:00,86614.30053472292
2023-07-03 13:15:00,86537.63603139497
2023-07-03 13:30:00,86617.43884772465
2023-07-03 13:45:00,86636.94122137825
2023-07-03 14:00:00,86548.3959616866
2023-07-03 14:15:00,86619.23216943993
2023-07-03 14:30:00,86583.58990034886
2023-07-03 14:45:00,86604.21310007451
2023-07-03 15:00:00,86600.40229142956
2023-07-03 15:15:00,86665.18603839383
2023-07-04 09:15:00,86881.72963551314
2023-07-04 09:30:00,86743.64386343706
2023-07-04 09:45:00,86565.43251798172
2023-07-04 10:00:00,86641.42452566644
2023-07-04 10:15:00,86647.7011516699
2023-07-04 10:30:00,86725.26231585548
2023-07-04 10:45:00,86686.48173376269
2023-07-04 11:00:00,86710.46741170446
2023-07-04 11:15:00,86730.86644621569
2023-07-04 11:30:00,86746.55801122435
2023-07-04 11:45:00,86750.1446546549
2023-07-04 12:00:00,86872.98719215115
2023-07-04 12:15:00,86911.09527860073
2023-07-04 12:30:00,86969.60239956154
2023-07-04 12:45:00,86979.46566899556
2023-07-04 13:00:00,86942.25424340363
2023-07-04 13:15:00,87121.81058014541
2023-07-04 13:30:00,87068.90758954483
2023-07-04 13:45:00,87046.71523331832
2023-07-04 14:00:00,86856.62313149929
2023-07-04 14:15:00,86815.15256683358
2023-07-04 14:30:00,86936.20178261456
2023-07-04 14:45:00,86920.95854803475
2023-07-04 15:00:00,86931.04598268316
2023-07-04 15:15:00,86911.31944381514
2023-07-05 09:15:00,86993.1397470745
2023-07-05 09:30:00,86880.38464422667
2023-07-05 09:45:00,86860.43394014424
2023-07-05 10:00:00,86927.01100882377
2023-07-05 10:15:00,86847.6565229229
2023-07-05 10:30:00,86872.09053129352
2023-07-05 10:45:00,86881.50547029873
2023-07-05 11:00:00,86859.53727928661
2023-07-05 11:15:00,86768.87074417101
2023-07-05 11:30:00,86768.87074417101
2023-07-05 11:45:00,86768.87074417101
2023-07-05 12:00:00,86768.87074417101
2023-07-05 12:15:00,86768.87074417101
2023-07-05 12:30:00,86768.87074417101
2023-07-05 12:45:00,86768.87074417101
2023-07-05 13:00:00,86768.87074417101
2023-07-05 13:15:00,86768.87074417101
2023-07-05 13:30:00,86768.87074417101
2023-07-05 13:45:00,86768.87074417101
2023-07-05 14:00:00,86768.87074417101
2023-07-05 14:15:00,86768.87074417101
2023-07-05 14:30:00,86768.87074417101
2023-07-05 14:45:00,86768.87074417101
2023-07-05 15:00:00,86768.87074417101
2023-07-05 15:15:00,86768.87074417101
2023-07-06 09:15:00,86768.87074417101
2023-07-06 09:30:00,86768.87074417101
2023-07-06 09:45:00,86768.87074417101
2023-07-06 10:00:00,86790.75849388026
2023-07-06 10:15:00,86826.01053911977
2023-07-06 10:30:00,86751.93662127474
2023-07-06 10:45:00,86820.20956964999
2023-07-06 11:00:00,86825.7874249094
2023-07-06 11:15:00,86819.09399859811
2023-07-06 11:30:00,86849.88375963007
2023-07-06 11:45:00,86847.20638910556
2023-07-06 12:00:00,86792.32029335291
2023-07-06 12:15:00,86780.71835441331
2023-07-06 12:30:00,86738.77288286251
2023-07-06 12:45:00,86838.28182069048
2023-07-06 13:00:00,86792.3202933529
2023-07-06 13:15:00,86821.99448333298
2023-07-06 13:30:00,86786.96555230385
2023-07-06 13:45:00,86801.6910901887
2023-07-06 14:00:00,86827.12611017164
2023-07-06 14:15:00,86869.07158172246
2023-07-06 14:30:00,86956.30923797972
2023-07-06 14:45:00,86968.8036337608
2023-07-06 15:00:00,87038.86149581907
2023-07-06 15:15:00,86953.18563903445
2023-07-07 09:15:00,86948.27712640616
2023-07-07 09:30:00,86975.72017428247
2023-07-07 09:45:00,87111.37361419147
2023-07-07 10:00:00,86999.14716637201
2023-07-07 10:15:00,86885.8051475007
2023-07-07 10:30:00,86772.24001441899
2023-07-07 10:45:00,86682.3249876372
2023-07-07 11:00:00,86592.74507839941
2023-07-07 11:15:00,86592.74507839941
2023-07-07 11:30:00,86592.74507839941
2023-07-07 11:45:00,86592.74507839941
2023-07-07 12:00:00,86592.74507839941
2023-07-07 12:15:00,86592.74507839941
2023-07-07 12:30:00,86592.74507839941
2023-07-07 12:45:00,86592.74507839941
2023-07-07 13:00:00,86592.74507839941
2023-07-07 13:15:00,86592.74507839941
2023-07-07 13:30:00,86592.74507839941
2023-07-07 13:45:00,86592.74507839941
2023-07-07 14:00:00,86592.74507839941
2023-07-07 14:15:00,86592.74507839941
2023-07-07 14:30:00,86592.74507839941
2023-07-07 14:45:00,86592.74507839941
2023-07-07 15:00:00,86592.74507839941
2023-07-07 15:15:00,86592.74507839941
2023-07-10 09:15:00,86592.74507839941
2023-07-10 09:30:00,86592.74507839941
2023-07-10 09:45:00,86592.74507839941
2023-07-10 10:00:00,86592.74507839941
2023-07-10 10:15:00,86592.74507839941
2023-07-10 10:30:00,86519.28745833882
2023-07-10 10:45:00,86477.65579090953
2023-07-10 11:00:00,86334.72782037687
2023-07-10 11:15:00,86236.54832659976
2023-07-10 11:30:00,86193.80351298253
2023-07-10 11:45:00,86108.49933590293
2023-07-10 12:00:00,86108.49933590293
2023-07-10 12:15:00,86108.49933590293
2023-07-10 12:30:00,86108.49933590293
2023-07-10 12:45:00,86108.49933590293
2023-07-10 13:00:00,86108.49933590293
2023-07-10 13:15:00,86108.49933590293
2023-07-10 13:30:00,86108.49933590293
2023-07-10 13:45:00,86108.49933590293
2023-07-10 14:00:00,86108.49933590293
2023-07-10 14:15:00,86108.49933590293
2023-07-10 14:30:00,86108.49933590293
2023-07-10 14:45:00,86108.49933590293
2023-07-10 15:00:00,86108.49933590293
2023-07-10 15:15:00,86108.49933590293
2023-07-11 09:15:00,86108.49933590293
2023-07-11 09:30:00,86108.49933590293
2023-07-11 09:45:00,86049.56368535988
2023-07-11 10:00:00,86039.18056427645
2023-07-11 10:15:00,86048.90093295029
2023-07-11 10:30:00,86131.0822317384
2023-07-11 10:45:00,86105.2348877647
2023-07-11 11:00:00,86160.24333775997
2023-07-11 11:15:00,86133.51232390685
2023-07-11 11:30:00,86155.82498836276
2023-07-11 11:45:00,86206.85692390053
2023-07-11 12:00:00,86128.43122210006
2023-07-11 12:15:00,86067.2370829487
2023-07-11 12:30:00,86090.43341728405
2023-07-11 12:45:00,86129.31489197949
2023-07-11 13:00:00,86098.82828113876
2023-07-11 13:15:00,86045.80808837224
2023-07-11 13:30:00,86020.844414278
2023-07-11 13:45:00,86006.48477873708
2023-07-11 14:00:00,85920.47829395834
2023-07-11 14:15:00,85920.47829395834
2023-07-11 14:30:00,85920.47829395834
2023-07-11 14:45:00,85920.47829395834
2023-07-11 15:00:00,85920.47829395834
2023-07-11 15:15:00,85920.47829395834
2023-07-12 09:15:00,85920.47829395834
2023-07-12 09:30:00,85920.47829395834
2023-07-12 09:45:00,85920.47829395834
2023-07-12 10:00:00,85920.47829395834
2023-07-12 10:15:00,85920.47829395834
2023-07-12 10:30:00,85920.47829395834
2023-07-12 10:45:00,85920.47829395834
2023-07-12 11:00:00,85920.47829395834
2023-07-12 11:15:00,85920.47829395834
2023-07-12 11:30:00,85920.47829395834
2023-07-12 11:45:00,85920.47829395834
2023-07-12 12:00:00,85920.47829395834
2023-07-12 12:15:00,85920.47829395834
2023-07-12 12:30:00,85920.47829395834
2023-07-12 12:45:00,85920.47829395834
2023-07-12 13:00:00,85920.47829395834
2023-07-12 13:15:00,85920.47829395834
2023-07-12 13:30:00,85920.47829395834
2023-07-12 13:45:00,85920.47829395834
2023-07-12 14:00:00,85920.47829395834
2023-07-12 14:15:00,85920.47829395834
2023-07-12 14:30:00,85920.47829395834
2023-07-12 14:45:00,85920.47829395834
2023-07-12 15:00:00,85920.47829395834
2023-07-12 15:15:00,85920.47829395834
2023-07-13 09:15:00,85920.47829395834
2023-07-13 09:30:00,85920.47829395834
2023-07-13 09:45:00,85923.58800780895
2023-07-13 10:00:00,85998.3294036834
2023-07-13 10:15:00,86011.07940650903
2023-07-13 10:30:00,85950.84663453962
2023-07-13 10:45:00,85947.9888752856
2023-07-13 11:00:00,85968.65267296856
2023-07-13 11:15:00,85976.34664019092
2023-07-13 11:30:00,85969.9716387781
2023-07-13 11:45:00,85948.42853055545
2023-07-13 12:00:00,85947.54922001575
2023-07-13 12:15:00,85874.78627285562
2023-07-13 12:30:00,85892.37248364961
2023-07-13 12:45:00,85916.11386822151
2023-07-13 13:00:00,85934.79921719013
2023-07-13 13:15:00,85845.98885268049
2023-07-13 13:30:00,85803.78194677492
2023-07-13 13:45:00,85694.30778458233
2023-07-13 14:00:00,85607.07622214672
2023-07-13 14:15:00,85607.07622214672
2023-07-13 14:30:00,85607.07622214672
2023-07-13 14:45:00,85607.07622214672
2023-07-13 15:00:00,85607.07622214672
2023-07-13 15:15:00,85607.07622214672
2023-07-14 09:15:00,85607.07622214672
2023-07-14 09:30:00,85607.07622214672
2023-07-14 09:45:00,85607.07622214672
2023-07-14 10:00:00,85607.07622214672
2023-07-14 10:15:00,85607.07622214672
2023-07-14 10:30:00,85607.07622214672
2023-07-14 10:45:00,85607.07622214672
2023-07-14 11:00:00,85607.07622214672
2023-07-14 11:15:00,85610.6246917397
2023-07-14 11:30:00,85483.69881617039
2023-07-14 11:45:00,85514.6617027712
2023-07-14 12:00:00,85577.46585573457
2023-07-14 12:15:00,85516.63805723509
2023-07-14 12:30:00,85607.33076763322
2023-07-14 12:45:00,85550.01648818064
2023-07-14 13:00:00,85648.17542655347
2023-07-14 13:15:00,85619.40848935695
2023-07-14 13:30:00,85637.63486941275
2023-07-14 13:45:00,85623.14160334428
2023-07-14 14:00:00,85695.60793368662
2023-07-14 14:15:00,85676.50317386909
2023-07-14 14:30:00,85651.68894560036
2023-07-14 14:45:00,85677.1619586904
2023-07-14 15:00:00,85933.86844405463
2023-07-14 15:15:00,86025.65912915493
2023-07-17 09:15:00,85952.75360893173
2023-07-17 09:30:00,86023.02398986976
2023-07-17 09:45:00,86091.09842140347
2023-07-17 10:00:00,86223.51417048357
2023-07-17 10:15:00,86096.58829491425
2023-07-17 10:30:00,86147.31472615388
2023-07-17 10:45:00,86194.08844846576
2023-07-17 11:00:00,86169.71341007788
2023-07-17 11:15:00,86187.28100531238
2023-07-17 11:30:00,86157.63568835414
2023-07-17 11:45:00,86156.53771365198
2023-07-17 12:00:00,86208.14252465335
2023-07-17 12:15:00,86209.24049935551
2023-07-17 12:30:00,86190.3553344784
2023-07-17 12:45:00,86256.2338166078
2023-07-17 13:00:00,86287.19670320862
2023-07-17 13:15:00,86292.46698177897
2023-07-17 13:30:00,86349.56166629112
2023-07-17 13:45:00,86351.538020755
2023-07-17 14:00:00,86293.3453615407
2023-07-17 14:15:00,86336.38596986525
2023-07-17 14:30:00,86396.11579366258
2023-07-17 14:45:00,86401.1664772925
2023-07-17 15:00:00,86652.82227902682
2023-07-17 15:15:00,86604.29179719149
2023-07-18 09:15:00,86913.70106825924
2023-07-18 09:30:00,86737.36633109288
2023-07-18 09:45:00,86807.63671203092
2023-07-18 10:00:00,86799.73129417538
2023-07-18 10:15:00,86853.7516495215
2023-07-18 10:30:00,86826.52187690801
2023-07-18 10:45:00,86930.1706887916
2023-07-18 11:00:00,86990.12010752936
2023-07-18 11:15:00,86934.78218254066
2023-07-18 11:30:00,86553.7849608923
2023-07-18 11:45:00,86620.322227843
2023-07-18 12:00:00,86533.14303649176
2023-07-18 12:15:00,86634.15670909018
2023-07-18 12:30:00,86735.1703816886
2023-07-18 12:45:00,86634.15670909018
2023-07-18 13:00:00,86599.02151862117
2023-07-18 13:15:00,86513.51937383001
2023-07-18 13:30:00,86513.51937383001
2023-07-18 13:45:00,86513.51937383001
2023-07-18 14:00:00,86513.51937383001
2023-07-18 14:15:00,86513.51937383001
2023-07-18 14:30:00,86513.51937383001
2023-07-18 14:45:00,86513.51937383001
2023-07-18 15:00:00,86513.51937383001
2023-07-18 15:15:00,86513.51937383001
2023-07-19 09:15:00,86513.51937383001
2023-07-19 09:30:00,86358.76580331725
2023-07-19 09:45:00,86493.06571226798
2023-07-19 10:00:00,86449.67986505825
2023-07-19 10:15:00,86411.30846250088
2023-07-19 10:30:00,86248.44802096483
2023-07-19 10:45:00,86197.21347777745
2023-07-19 11:00:00,86100.84893271864
2023-07-19 11:15:00,86012.7878719655
2023-07-19 11:30:00,86012.7878719655
2023-07-19 11:45:00,86012.7878719655
2023-07-19 12:00:00,86012.7878719655
2023-07-19 12:15:00,86012.7878719655
2023-07-19 12:30:00,86012.7878719655
2023-07-19 12:45:00,86012.7878719655
2023-07-19 13:00:00,86012.7878719655
2023-07-19 13:15:00,86012.7878719655
2023-07-19 13:30:00,86012.7878719655
2023-07-19 13:45:00,86012.7878719655
2023-07-19 14:00:00,86012.7878719655
2023-07-19 14:15:00,86012.7878719655
2023-07-19 14:30:00,86012.7878719655
2023-07-19 14:45:00,86012.7878719655
2023-07-19 15:00:00,86058.03254554719
2023-07-19 15:15:00,86118.5628459531
2023-07-20 09:15:00,85971.90161629577
2023-07-20 09:30:00,85835.00333831683
2023-07-20 09:45:00,85740.84509324098
2023-07-20 10:00:00,85859.08528579015
2023-07-20 10:15:00,86051.74086557669
2023-07-20 10:30:00,86043.4965952705
2023-07-20 10:45:00,86046.53395801487
2023-07-20 11:00:00,86047.61873042356
2023-07-20 11:15:00,86059.98513588285
2023-07-20 11:30:00,86092.74526262582
2023-07-20 11:45:00,86130.2783879671
2023-07-20 12:00:00,86174.9710112059
2023-07-20 12:15:00,86230.51135853174
2023-07-20 12:30:00,86266.74275698258
2023-07-20 12:45:00,86317.72706019186
2023-07-20 13:00:00,86344.84637040955
2023-07-20 13:15:00,86401.68844462585
2023-07-20 13:30:00,86367.62659099241
2023-07-20 13:45:00,86473.9342870458
2023-07-20 14:00:00,86531.2102702256
2023-07-20 14:15:00,86610.39865606127
2023-07-20 14:30:00,86564.40430593207
2023-07-20 14:45:00,86591.306661668
2023-07-20 15:00:00,86725.60148586605
2023-07-20 15:15:00,86651.40305311042
2023-07-21 09:15:00,86114.0068018365
2023-07-21 09:30:00,86017.24510297975
2023-07-21 09:45:00,86210.985455175
2023-07-21 10:00:00,86103.59298671292
2023-07-21 10:15:00,85959.31825635476
2023-07-21 10:30:00,85876.17652595277
2023-07-21 10:45:00,85876.17652595277
2023-07-21 11:00:00,85876.17652595277
2023-07-21 11:15:00,85876.17652595277
2023-07-21 11:30:00,85876.17652595277
2023-07-21 11:45:00,85876.17652595277
2023-07-21 12:00:00,85876.17652595277
2023-07-21 12:15:00,85876.17652595277
2023-07-21 12:30:00,85876.17652595277
2023-07-21 12:45:00,85876.17652595277
2023-07-21 13:00:00,85876.17652595277
2023-07-21 13:15:00,85876.17652595277
2023-07-21 13:30:00,85876.17652595277
2023-07-21 13:45:00,85876.17652595277
2023-07-21 14:00:00,85876.17652595277
2023-07-21 14:15:00,85876.17652595277
2023-07-21 14:30:00,85876.17652595277
2023-07-21 14:45:00,85876.17652595277
2023-07-21 15:00:00,85876.17652595277
2023-07-21 15:15:00,85876.17652595277
2023-07-24 09:15:00,85876.17652595277
2023-07-24 09:30:00,85876.17652595277
2023-07-24 09:45:00,85876.17652595277
2023-07-24 10:00:00,85876.17652595277
2023-07-24 10:15:00,85876.17652595277
2023-07-24 10:30:00,85876.17652595277
2023-07-24 10:45:00,85876.17652595277
2023-07-24 11:00:00,85876.17652595277
2023-07-24 11:15:00,85876.17652595277
2023-07-24 11:30:00,85876.17652595277
2023-07-24 11:45:00,85876.17652595277
2023-07-24 12:00:00,85876.17652595277
2023-07-24 12:15:00,85876.17652595277
2023-07-24 12:30:00,85876.17652595277
2023-07-24 12:45:00,85876.17652595277
2023-07-24 13:00:00,85876.17652595277
2023-07-24 13:15:00,85876.17652595277
2023-07-24 13:30:00,85876.17652595277
2023-07-24 13:45:00,85876.17652595277
2023-07-24 14:00:00,85743.19502523002
2023-07-24 14:15:00,85587.76916290318
2023-07-24 14:30:00,85686.3213158311
2023-07-24 14:45:00,85535.01988281183
2023-07-24 15:00:00,85405.20889723717
2023-07-24 15:15:00,85317.85196497655
2023-07-25 09:15:00,85317.85196497655
2023-07-25 09:30:00,85317.85196497655
2023-07-25 09:45:00,85317.85196497655
2023-07-25 10:00:00,85317.85196497655
2023-07-25 10:15:00,85317.85196497655
2023-07-25 10:30:00,85317.85196497655
2023-07-25 10:45:00,85317.85196497655
2023-07-25 11:00:00,85317.85196497655
2023-07-25 11:15:00,85317.85196497655
2023-07-25 11:30:00,85317.85196497655
2023-07-25 11:45:00,85317.85196497655
2023-07-25 12:00:00,85317.85196497655
2023-07-25 12:15:00,85317.85196497655
2023-07-25 12:30:00,85317.85196497655
2023-07-25 12:45:00,85317.85196497655
2023-07-25 13:00:00,85317.85196497655
2023-07-25 13:15:00,85317.85196497655
2023-07-25 13:30:00,85317.85196497655
2023-07-25 13:45:00,85317.85196497655
2023-07-25 14:00:00,85317.85196497655
2023-07-25 14:15:00,85317.85196497655
2023-07-25 14:30:00,85317.85196497655
2023-07-25 14:45:00,85317.85196497655
2023-07-25 15:00:00,85317.85196497655
2023-07-25 15:15:00,85317.85196497655
2023-07-26 09:15:00,85317.85196497655
2023-07-26 09:30:00,85273.7408298864
2023-07-26 09:45:00,85417.2092420422
2023-07-26 10:00:00,85501.56435355035
2023-07-26 10:15:00,85517.96074351101
2023-07-26 10:30:00,85472.22344519969
2023-07-26 10:45:00,85435.76305173454
2023-07-26 11:00:00,85452.80666761471
2023-07-26 11:15:00,85421.95556545188
2023-07-26 11:30:00,85416.1305321764
2023-07-26 11:45:00,85460.57337864871
2023-07-26 12:00:00,85487.32538332137
2023-07-26 12:15:00,85497.89674000652
2023-07-26 12:30:00,85418.50369388121
2023-07-26 12:45:00,85406.63788535705
2023-07-26 13:00:00,85394.77207683289
2023-07-26 13:15:00,85457.9844749707
2023-07-26 13:30:00,85435.9787937077
2023-07-26 13:45:00,85432.95840608336
2023-07-26 14:00:00,85402.3230458937
2023-07-26 14:15:00,85532.41545571317
2023-07-26 14:30:00,85399.08691629622
2023-07-26 14:45:00,85276.97695948392
2023-07-26 15:00:00,85367.80433018706
2023-07-26 15:15:00,85317.7521924124
2023-07-27 09:15:00,85625.400246148
2023-07-27 09:30:00,85673.9421901105
2023-07-27 09:45:00,85499.83841776503
2023-07-27 10:00:00,85462.51505640721
2023-07-27 10:15:00,85500.05415973818
2023-07-27 10:30:00,85440.94085909055
2023-07-27 10:45:00,85413.54162849838
2023-07-27 11:00:00,85350.1134883874
2023-07-27 11:15:00,85266.70311097977
2023-07-27 11:30:00,85266.70311097977
2023-07-27 11:45:00,85266.70311097977
2023-07-27 12:00:00,85266.70311097977
2023-07-27 12:15:00,85266.70311097977
2023-07-27 12:30:00,85266.70311097977
2023-07-27 12:45:00,85266.70311097977
2023-07-27 13:00:00,85266.70311097977
2023-07-27 13:15:00,85266.70311097977
2023-07-27 13:30:00,85266.70311097977
2023-07-27 13:45:00,85266.70311097977
2023-07-27 14:00:00,85266.70311097977
2023-07-27 14:15:00,85266.70311097977
2023-07-27 14:30:00,85266.70311097977
2023-07-27 14:45:00,85266.70311097977
2023-07-27 15:00:00,85266.70311097977
2023-07-27 15:15:00,85266.70311097977
2023-07-28 09:15:00,85266.70311097977
2023-07-28 09:30:00,85266.70311097977
2023-07-28 09:45:00,85266.70311097977
2023-07-28 10:00:00,85266.70311097977
2023-07-28 10:15:00,85266.70311097977
2023-07-28 10:30:00,85266.70311097977
2023-07-28 10:45:00,85266.70311097977
2023-07-28 11:00:00,85266.70311097977
2023-07-28 11:15:00,85266.70311097977
2023-07-28 11:30:00,85266.70311097977
2023-07-28 11:45:00,85266.70311097977
2023-07-28 12:00:00,85266.70311097977
2023-07-28 12:15:00,85266.70311097977
2023-07-28 12:30:00,85266.70311097977
2023-07-28 12:45:00,85266.70311097977
2023-07-28 13:00:00,85266.70311097977
2023-07-28 13:15:00,85266.70311097977
2023-07-28 13:30:00,85266.70311097977
2023-07-28 13:45:00,85266.70311097977
2023-07-28 14:00:00,85266.70311097977
2023-07-28 14:15:00,85266.70311097977
2023-07-28 14:30:00,85266.70311097977
2023-07-28 14:45:00,85266.70311097977
2023-07-28 15:00:00,85266.70311097977
2023-07-28 15:15:00,85266.70311097977
2023-07-31 09:15:00,85266.70311097977
2023-07-31 09:30:00,85266.70311097977
2023-07-31 09:45:00,85266.70311097977
2023-07-31 10:00:00,85247.30141446415
2023-07-31 10:15:00,85262.03437646573
2023-07-31 10:30:00,85299.08344267562
2023-07-31 10:45:00,85326.59941582565
2023-07-31 11:00:00,85336.3491700914
2023-07-31 11:15:00,85430.8134558663
2023-07-31 11:30:00,85406.54740080486
2023-07-31 11:45:00,85359.0985967115
2023-07-31 12:00:00,85397.44763015682
2023-07-31 12:15:00,85311.43313141225
2023-07-31 12:30:00,85293.66691252799
2023-07-31 12:45:00,85357.36530706426
2023-07-31 13:00:00,85366.8984001241
2023-07-31 13:15:00,85402.64749909856
2023-07-31 13:30:00,85419.98039557101
2023-07-31 13:45:00,85376.86481559576
2023-07-31 14:00:00,85380.11473368436
2023-07-31 14:15:00,85433.41339033717
2023-07-31 14:30:00,85468.5125056939
2023-07-31 14:45:00,85454.21286610414
2023-07-31 15:00:00,85624.50857394605
2023-07-31 15:15:00,85548.67715187905
2023-08-01 09:15:00,85665.67420306815
2023-08-01 09:30:00,85648.99129021341
2023-08-01 09:45:00,85705.75652616071
2023-08-01 10:00:00,85709.22310545521
2023-08-01 10:15:00,85599.80919647282
2023-08-01 10:30:00,85515.52798737549
2023-08-01 10:45:00,85560.5935182039
2023-08-01 11:00:00,85496.2451400499
2023-08-01 11:15:00,85539.57738123105
2023-08-01 11:30:00,85572.50988452873
2023-08-01 11:45:00,85528.09433731806
2023-08-01 12:00:00,85488.2286754314
2023-08-01 12:15:00,85401.22533494308
2023-08-01 12:30:00,85401.22533494308
2023-08-01 12:45:00,85401.22533494308
2023-08-01 13:00:00,85401.22533494308
2023-08-01 13:15:00,85401.22533494308
2023-08-01 13:30:00,85401.22533494308
2023-08-01 13:45:00,85401.22533494308
2023-08-01 14:00:00,85401.22533494308
2023-08-01 14:15:00,85401.22533494308
2023-08-01 14:30:00,85401.22533494308
2023-08-01 14:45:00,85401.22533494308
2023-08-01 15:00:00,85401.22533494308
2023-08-01 15:15:00,85401.22533494308
2023-08-02 09:15:00,85401.22533494308
2023-08-02 09:30:00,85401.22533494308
2023-08-02 09:45:00,85401.22533494308
2023-08-02 10:00:00,85401.22533494308
2023-08-02 10:15:00,85401.22533494308
2023-08-02 10:30:00,85401.22533494308
2023-08-02 10:45:00,85401.22533494308
2023-08-02 11:00:00,85401.22533494308
2023-08-02 11:15:00,85401.22533494308
2023-08-02 11:30:00,85401.22533494308
2023-08-02 11:45:00,85401.22533494308
2023-08-02 12:00:00,85401.22533494308
2023-08-02 12:15:00,85401.22533494308
2023-08-02 12:30:00,85401.22533494308
2023-08-02 12:45:00,85401.22533494308
2023-08-02 13:00:00,85401.22533494308
2023-08-02 13:15:00,85401.22533494308
2023-08-02 13:30:00,85401.22533494308
2023-08-02 13:45:00,85401.22533494308
2023-08-02 14:00:00,85401.22533494308
2023-08-02 14:15:00,85401.22533494308
2023-08-02 14:30:00,85401.22533494308
2023-08-02 14:45:00,85401.22533494308
2023-08-02 15:00:00,85401.22533494308
2023-08-02 15:15:00,85401.22533494308
2023-08-03 09:15:00,85401.22533494308
2023-08-03 09:30:00,85401.22533494308
2023-08-03 09:45:00,85401.22533494308
2023-08-03 10:00:00,85401.22533494308
2023-08-03 10:15:00,85401.22533494308
2023-08-03 10:30:00,85401.22533494308
2023-08-03 10:45:00,85401.22533494308
2023-08-03 11:00:00,85401.22533494308
2023-08-03 11:15:00,85401.22533494308
2023-08-03 11:30:00,85401.22533494308
2023-08-03 11:45:00,85401.22533494308
2023-08-03 12:00:00,85401.22533494308
2023-08-03 12:15:00,85401.22533494308
2023-08-03 12:30:00,85401.22533494308
2023-08-03 12:45:00,85401.22533494308
2023-08-03 13:00:00,85401.22533494308
2023-08-03 13:15:00,85401.22533494308
2023-08-03 13:30:00,85401.22533494308
2023-08-03 13:45:00,85401.22533494308
2023-08-03 14:00:00,85401.22533494308
2023-08-03 14:15:00,85401.22533494308
2023-08-03 14:30:00,85401.22533494308
2023-08-03 14:45:00,85401.22533494308
2023-08-03 15:00:00,85401.22533494308
2023-08-03 15:15:00,85401.22533494308
2023-08-04 09:15:00,85401.22533494308
2023-08-04 09:30:00,85148.75199519224
2023-08-04 09:45:00,85207.65422163768
2023-08-04 10:00:00,85302.68606653479
2023-08-04 10:15:00,85267.65128500591
2023-08-04 10:30:00,85252.54253547157
2023-08-04 10:45:00,85265.89954592945
2023-08-04 11:00:00,85273.1254696198
2023-08-04 11:15:00,85473.69959387268
2023-08-04 11:30:00,85445.0148664959
2023-08-04 11:45:00,85471.94785479622
2023-08-04 12:00:00,85509.61024493979
2023-08-04 12:15:00,85536.98116800924
2023-08-04 12:30:00,85489.24627817613
2023-08-04 12:45:00,85435.16133419091
2023-08-04 13:00:00,85460.12361603024
2023-08-04 13:15:00,85427.71644311603
2023-08-04 13:30:00,85375.1642708227
2023-08-04 13:45:00,85234.14927516892
2023-08-04 14:00:00,85320.42242468381
2023-08-04 14:15:00,85316.69997914636
2023-08-04 14:30:00,85426.4026388087
2023-08-04 14:45:00,85427.71644311602
2023-08-04 15:00:00,85532.60182031814
2023-08-04 15:15:00,85441.29242095847
2023-08-07 09:15:00,85631.7940455218
2023-08-07 09:30:00,85648.43556674803
2023-08-07 09:45:00,85593.91268799371
2023-08-07 10:00:00,85683.47034827691
2023-08-07 10:15:00,85758.79512856402
2023-08-07 10:30:00,85722.4465427278
2023-08-07 10:45:00,85581.43154707403
2023-08-07 11:00:00,85564.57105846326
2023-08-07 11:15:00,85621.72154583226
2023-08-07 11:30:00,85606.61279629792
2023-08-07 11:45:00,85595.00752491648
2023-08-07 12:00:00,85551.65198277448
2023-08-07 12:15:00,85664.85812058969
2023-08-07 12:30:00,85716.75339072937
2023-08-07 12:45:00,85718.94306457492
2023-08-07 13:00:00,85767.55382394625
2023-08-07 13:15:00,85873.31507068657
2023-08-07 13:30:00,85901.1239285251
2023-08-07 13:45:00,85797.33338824578
2023-08-07 14:00:00,85772.59007379101
2023-08-07 14:15:00,85826.01811562257
2023-08-07 14:30:00,85820.10599623957
2023-08-07 14:45:00,85792.51610578557
2023-08-07 15:00:00,85827.55088731446
2023-08-07 15:15:00,85826.23708300712
2023-08-08 09:15:00,85845.94414761712
2023-08-08 09:30:00,85803.90240978244
2023-08-08 09:45:00,85778.72116055856
2023-08-08 10:00:00,85793.61094270834
2023-08-08 10:15:00,85845.94414761712
2023-08-08 10:30:00,85829.95952854455
2023-08-08 10:45:00,85796.67648609211
2023-08-08 11:00:00,85663.76328366688
2023-08-08 11:15:00,85588.00056861066
2023-08-08 11:30:00,85499.787587036
2023-08-08 11:45:00,85499.787587036
2023-08-08 12:00:00,85499.787587036
2023-08-08 12:15:00,85499.787587036
2023-08-08 12:30:00,85499.787587036
2023-08-08 12:45:00,85499.787587036
2023-08-08 13:00:00,85499.787587036
2023-08-08 13:15:00,85499.787587036
2023-08-08 13:30:00,85499.787587036
2023-08-08 13:45:00,85499.787587036
2023-08-08 14:00:00,85499.787587036
2023-08-08 14:15:00,85499.787587036
2023-08-08 14:30:00,85300.0771778667
2023-08-08 14:45:00,85263.89595041885
2023-08-08 15:00:00,85298.76942265772
2023-08-08 15:15:00,85312.71881155326
2023-08-09 09:15:00,85107.61920294842
2023-08-09 09:30:00,85026.97429839605
2023-08-09 09:45:00,84948.69730260868
2023-08-09 10:00:00,84948.69730260868
2023-08-09 10:15:00,84948.69730260868
2023-08-09 10:30:00,84948.69730260868
2023-08-09 10:45:00,84948.69730260868
2023-08-09 11:00:00,84948.69730260868
2023-08-09 11:15:00,84948.69730260868
2023-08-09 11:30:00,84948.69730260868
2023-08-09 11:45:00,84948.69730260868
2023-08-09 12:00:00,84948.69730260868
2023-08-09 12:15:00,84948.69730260868
2023-08-09 12:30:00,84948.69730260868
2023-08-09 12:45:00,84948.69730260868
2023-08-09 13:00:00,84948.69730260868
2023-08-09 13:15:00,84948.69730260868
2023-08-09 13:30:00,84948.69730260868
2023-08-09 13:45:00,84948.69730260868
2023-08-09 14:00:00,84899.18132240017
2023-08-09 14:15:00,84926.13627282757
2023-08-09 14:30:00,85100.25655744331
2023-08-09 14:45:00,85201.55500017857
2023-08-09 15:00:00,85381.97926513622
2023-08-09 15:15:00,85346.9813053071
2023-08-10 09:15:00,85147.21034205881
2023-08-10 09:30:00,85170.90461299903
2023-08-10 09:45:00,85136.12403180238
2023-08-10 10:00:00,85289.81072496508
2023-08-10 10:15:00,84949.83054376778
2023-08-10 10:30:00,84803.31734547688
2023-08-10 10:45:00,84977.43763009262
2023-08-10 11:00:00,84928.09268051987
2023-08-10 11:15:00,84938.96161214382
2023-08-10 11:30:00,84972.22054291313
2023-08-10 11:45:00,85104.16937282794
2023-08-10 12:00:00,84999.17549334055
2023-08-10 12:15:00,85040.04267624661
2023-08-10 12:30:00,85063.0848112894
2023-08-10 12:45:00,85036.99937539191
2023-08-10 13:00:00,85147.21034205881
2023-08-10 13:15:00,84967.22083436612
2023-08-10 13:30:00,84977.65500872511
2023-08-10 13:45:00,84837.66316940858
2023-08-10 14:00:00,84753.47699000072
2023-08-10 14:15:00,84753.47699000072
2023-08-10 14:30:00,84753.47699000072
2023-08-10 14:45:00,84753.47699000072
2023-08-10 15:00:00,84753.47699000072
2023-08-10 15:15:00,84753.47699000072
2023-08-11 09:15:00,84753.47699000072
2023-08-11 09:30:00,84753.47699000072
2023-08-11 09:45:00,84753.47699000072
2023-08-11 10:00:00,84753.47699000072
2023-08-11 10:15:00,84753.47699000072
2023-08-11 10:30:00,84753.47699000072
2023-08-11 10:45:00,84753.47699000072
2023-08-11 11:00:00,84753.47699000072
2023-08-11 11:15:00,84753.47699000072
2023-08-11 11:30:00,84753.47699000072
2023-08-11 11:45:00,84753.47699000072
2023-08-11 12:00:00,84753.47699000072
2023-08-11 12:15:00,84753.47699000072
2023-08-11 12:30:00,84753.47699000072
2023-08-11 12:45:00,84753.47699000072
2023-08-11 13:00:00,84753.47699000072
2023-08-11 13:15:00,84753.47699000072
2023-08-11 13:30:00,84753.47699000072
2023-08-11 13:45:00,84753.47699000072
2023-08-11 14:00:00,84753.47699000072
2023-08-11 14:15:00,84753.47699000072
2023-08-11 14:30:00,84753.47699000072
2023-08-11 14:45:00,84753.47699000072
2023-08-11 15:00:00,84753.47699000072
2023-08-11 15:15:00,84753.47699000072
2023-08-14 09:15:00,84753.47699000072
2023-08-14 09:30:00,84753.47699000072
2023-08-14 09:45:00,84753.47699000072
2023-08-14 10:00:00,84753.47699000072
2023-08-14 10:15:00,84753.47699000072
2023-08-14 10:30:00,84753.47699000072
2023-08-14 10:45:00,84753.47699000072
2023-08-14 11:00:00,84753.47699000072
2023-08-14 11:15:00,84753.47699000072
2023-08-14 11:30:00,84753.47699000072
2023-08-14 11:45:00,84675.50441300972
2023-08-14 12:00:00,84778.74908396185
2023-08-14 12:15:00,84757.3126904167
2023-08-14 12:30:00,84716.40855171322
2023-08-14 12:45:00,84665.22369365643
2023-08-14 13:00:00,84705.03413881172
2023-08-14 13:15:00,84751.40674525632
2023-08-14 13:30:00,84812.21610653745
2023-08-14 13:45:00,84887.24348394547
2023-08-14 14:00:00,85003.39373876662
2023-08-14 14:15:00,84964.23950974029
2023-08-14 14:30:00,85014.98689037778
2023-08-14 14:45:00,85126.32489358676
2023-08-14 15:00:00,85006.01860328237
2023-08-14 15:15:00,84930.33500974542
2023-08-16 09:15:00,84714.87738074572
2023-08-16 09:30:00,84730.18909042081
2023-08-16 09:45:00,84743.53215170912
2023-08-16 10:00:00,84774.15557105934
2023-08-16 10:15:00,84825.77790653541
2023-08-16 10:30:00,84872.15051298
2023-08-16 10:45:00,84780.49899363903
2023-08-16 11:00:00,84696.15553458726
2023-08-16 11:15:00,84696.15553458726
2023-08-16 11:30:00,84696.15553458726
2023-08-16 11:45:00,84696.15553458726
2023-08-16 12:00:00,84696.15553458726
2023-08-16 12:15:00,84696.15553458726
2023-08-16 12:30:00,84696.15553458726
2023-08-16 12:45:00,84696.15553458726
2023-08-16 13:00:00,84696.15553458726
2023-08-16 13:15:00,84589.68053580589
2023-08-16 13:30:00,84588.80938207601
2023-08-16 13:45:00,84635.19831819164
2023-08-16 14:00:00,84601.65889959161
2023-08-16 14:15:00,84660.89735322286
2023-08-16 14:30:00,84667.21321776442
2023-08-16 14:45:00,84635.85168348905
2023-08-16 15:00:00,84770.8805116191
2023-08-16 15:15:00,84706.6329240411
2023-08-17 09:15:00,84554.61659817853
2023-08-17 09:30:00,84525.21515979538
2023-08-17 09:45:00,84429.17046107707
2023-08-17 10:00:00,84498.86275946678
2023-08-17 10:15:00,84447.2469009719
2023-08-17 10:30:00,84508.44545049536
2023-08-17 10:45:00,84531.53102433695
2023-08-17 11:00:00,84503.87189341354
2023-08-17 11:15:00,84354.03345187566
2023-08-17 11:30:00,84269.02670649168
2023-08-17 11:45:00,84269.02670649168
2023-08-17 12:00:00,84269.02670649168
2023-08-17 12:15:00,84269.02670649168
2023-08-17 12:30:00,84269.02670649168
2023-08-17 12:45:00,84269.02670649168
2023-08-17 13:00:00,84269.02670649168
2023-08-17 13:15:00,84269.02670649168
2023-08-17 13:30:00,84269.02670649168
2023-08-17 13:45:00,84269.02670649168
2023-08-17 14:00:00,84269.02670649168
2023-08-17 14:15:00,84269.02670649168
2023-08-17 14:30:00,84269.02670649168
2023-08-17 14:45:00,84269.02670649168
2023-08-17 15:00:00,84269.02670649168
2023-08-17 15:15:00,84269.02670649168
2023-08-18 09:15:00,84269.02670649168
2023-08-18 09:30:00,84269.02670649168
2023-08-18 09:45:00,84269.02670649168
2023-08-18 10:00:00,84269.02670649168
2023-08-18 10:15:00,84269.02670649168
2023-08-18 10:30:00,84269.02670649168
2023-08-18 10:45:00,84269.02670649168
2023-08-18 11:00:00,84269.02670649168
2023-08-18 11:15:00,84269.02670649168
2023-08-18 11:30:00,84269.02670649168
2023-08-18 11:45:00,84269.02670649168
2023-08-18 12:00:00,84183.01336534397
2023-08-18 12:15:00,84135.04471821059
2023-08-18 12:30:00,84149.21727304545
2023-08-18 12:45:00,84122.61647781695
2023-08-18 13:00:00,84026.02506563472
2023-08-18 13:15:00,84054.80625391475
2023-08-18 13:30:00,84004.43917442468
2023-08-18 13:45:00,84182.79532603882
2023-08-18 14:00:00,84397.78208091843
2023-08-18 14:15:00,84434.41268418393
2023-08-18 14:30:00,84374.66991457235
2023-08-18 14:45:00,84325.82911021836
2023-08-18 15:00:00,84234.47064135977
2023-08-18 15:15:00,84082.497245669
2023-08-21 09:15:00,84436.15699862514
2023-08-21 09:30:00,84391.45894106904
2023-08-21 09:45:00,84266.52241921709
2023-08-21 10:00:00,84179.96081507184
2023-08-21 10:15:00,84331.4981321523
2023-08-21 10:30:00,84360.71539904263
2023-08-21 10:45:00,84431.7962125221
2023-08-21 11:00:00,84487.61427464096
2023-08-21 11:15:00,84469.29897300822
2023-08-21 11:30:00,84483.03544923278
2023-08-21 11:45:00,84504.6213404428
2023-08-21 12:00:00,84482.81740992762
2023-08-21 12:15:00,84503.96722252735
2023-08-21 12:30:00,84583.7696082129
2023-08-21 12:45:00,84578.97274349954
2023-08-21 13:00:00,84613.42295371353
2023-08-21 13:15:00,84551.71783035557
2023-08-21 13:30:00,84587.69431570561
2023-08-21 13:45:00,84637.40727728022
2023-08-21 14:00:00,84553.0260661865
2023-08-21 14:15:00,84581.15313655106
2023-08-21 14:30:00,84605.79157803321
2023-08-21 14:45:00,84676.43631290238
2023-08-21 15:00:00,84589.65666945199
2023-08-21 15:15:00,84514.65114847978
2023-08-22 09:15:00,84722.4426062894
2023-08-22 09:30:00,84773.24576438977
2023-08-22 09:45:00,84580.71705794077
2023-08-22 10:00:00,84601.86687054049
2023-08-22 10:15:00,84654.19630377692
2023-08-22 10:30:00,84683.19553136211
2023-08-22 10:45:00,84642.42218129874
2023-08-22 11:00:00,84664.44415111905
2023-08-22 11:15:00,84689.73671051665
2023-08-22 11:30:00,84709.7963265906
2023-08-22 11:45:00,84725.05907795121
2023-08-22 12:00:00,84737.92339695517
2023-08-22 12:15:00,84711.10456242152
2023-08-22 12:30:00,84703.4731867412
2023-08-22 12:45:00,84742.2841830582
2023-08-22 13:00:00,84704.56338326696
2023-08-22 13:15:00,84698.02220411239
2023-08-22 13:30:00,84684.06768858268
2023-08-22 13:45:00,84638.71551311112
2023-08-22 14:00:00,84660.08336501599
2023-08-22 14:15:00,84632.39237326171
2023-08-22 14:30:00,84607.53589247442
2023-08-22 14:45:00,84522.27489278441
2023-08-22 15:00:00,84522.27489278441
2023-08-22 15:15:00,84522.27489278441
2023-08-23 09:15:00,84522.27489278441
2023-08-23 09:30:00,84522.27489278441
2023-08-23 09:45:00,84522.27489278441
2023-08-23 10:00:00,84522.27489278441
2023-08-23 10:15:00,84522.27489278441
2023-08-23 10:30:00,84522.27489278441
2023-08-23 10:45:00,84522.27489278441
2023-08-23 11:00:00,84522.27489278441
2023-08-23 11:15:00,84522.27489278441
2023-08-23 11:30:00,84470.14247642522
2023-08-23 11:45:00,84435.79618348354
2023-08-23 12:00:00,84439.4916706988
2023-08-23 12:15:00,84529.05289026821
2023-08-23 12:30:00,84555.13868237582
2023-08-23 12:45:00,84551.87795836237
2023-08-23 13:00:00,84515.57523101263
2023-08-23 13:15:00,84538.18291750588
2023-08-23 13:30:00,84575.5725528601
2023-08-23 13:45:00,84627.0919922726
2023-08-23 14:00:00,84609.70146420086
2023-08-23 14:15:00,84561.87751200359
2023-08-23 14:30:00,84599.04976575694
2023-08-23 14:45:00,84591.87617292734
2023-08-23 15:00:00,84529.92241667179
2023-08-23 15:15:00,84524.70525825027
2023-08-24 09:15:00,85006.42288583728
2023-08-24 09:30:00,85072.07212930807
2023-08-24 09:45:00,85086.63669656814
2023-08-24 10:00:00,85048.81229801211
2023-08-24 10:15:00,84956.85988083284
2023-08-24 10:30:00,84886.8630053441
2023-08-24 10:45:00,84772.73766487335
2023-08-24 11:00:00,84722.52251506622
2023-08-24 11:15:00,84638.88581364763
2023-08-24 11:30:00,84638.88581364763
2023-08-24 11:45:00,84638.88581364763
2023-08-24 12:00:00,84638.88581364763
2023-08-24 12:15:00,84638.88581364763
2023-08-24 12:30:00,84638.88581364763
2023-08-24 12:45:00,84638.88581364763
2023-08-24 13:00:00,84638.88581364763
2023-08-24 13:15:00,84638.88581364763
2023-08-24 13:30:00,84638.88581364763
2023-08-24 13:45:00,84638.88581364763
2023-08-24 14:00:00,84638.88581364763
2023-08-24 14:15:00,84638.88581364763
2023-08-24 14:30:00,84638.88581364763
2023-08-24 14:45:00,84638.88581364763
2023-08-24 15:00:00,84638.88581364763
2023-08-24 15:15:00,84638.88581364763
2023-08-25 09:15:00,84638.88581364763
2023-08-25 09:30:00,84638.88581364763
2023-08-25 09:45:00,84638.88581364763
2023-08-25 10:00:00,84638.88581364763
2023-08-25 10:15:00,84638.88581364763
2023-08-25 10:30:00,84638.88581364763
2023-08-25 10:45:00,84638.88581364763
2023-08-25 11:00:00,84638.88581364763
2023-08-25 11:15:00,84638.88581364763
2023-08-25 11:30:00,84638.88581364763
2023-08-25 11:45:00,84638.88581364763
2023-08-25 12:00:00,84638.88581364763
2023-08-25 12:15:00,84638.88581364763
2023-08-25 12:30:00,84638.88581364763
2023-08-25 12:45:00,84638.88581364763
2023-08-25 13:00:00,84638.88581364763
2023-08-25 13:15:00,84638.88581364763
2023-08-25 13:30:00,84638.88581364763
2023-08-25 13:45:00,84638.88581364763
2023-08-25 14:00:00,84638.88581364763
2023-08-25 14:15:00,84638.88581364763
2023-08-25 14:30:00,84638.88581364763
2023-08-25 14:45:00,84638.88581364763
2023-08-25 15:00:00,84638.88581364763
2023-08-25 15:15:00,84638.88581364763
2023-08-28 09:15:00,84638.88581364763
2023-08-28 09:30:00,84638.88581364763
2023-08-28 09:45:00,84638.88581364763
2023-08-28 10:00:00,84638.88581364763
2023-08-28 10:15:00,84638.88581364763
2023-08-28 10:30:00,84568.4799538146
2023-08-28 10:45:00,84558.6263204434
2023-08-28 11:00:00,84594.75630947111
2023-08-28 11:15:00,84611.3980013869
2023-08-28 11:30:00,84614.68254584396
2023-08-28 11:45:00,84568.91789307554
2023-08-28 12:00:00,84591.03382575311
2023-08-28 12:15:00,84621.25163475808
2023-08-28 12:30:00,84684.97179722514
2023-08-28 12:45:00,84702.27039803233
2023-08-28 13:00:00,84668.98701420076
2023-08-28 13:15:00,84739.27626558192
2023-08-28 13:30:00,84741.9039011476
2023-08-28 13:45:00,84704.67906396753
2023-08-28 14:00:00,84679.2785868329
2023-08-28 14:15:00,84633.294964434
2023-08-28 14:30:00,84608.5513961908
2023-08-28 14:45:00,84662.19895565617
2023-08-28 15:00:00,84525.99984550325
2023-08-28 15:15:00,84533.88275220022
2023-08-29 09:15:00,84623.87927032379
2023-08-29 09:30:00,84738.83832632104
2023-08-29 09:45:00,84691.10294687837
2023-08-29 10:00:00,84698.54791431437
2023-08-29 10:15:00,84603.73406432045
2023-08-29 10:30:00,84679.71652609388
2023-08-29 10:45:00,84706.64979064181
2023-08-29 11:00:00,84637.89332667395
2023-08-29 11:15:00,84662.85586454763
2023-08-29 11:30:00,84698.76688394486
2023-08-29 11:45:00,84653.44017043737
2023-08-29 12:00:00,84717.81724179584
2023-08-29 12:15:00,84767.96128717368
2023-08-29 12:30:00,84706.8687602723
2023-08-29 12:45:00,84754.82310934541
2023-08-29 13:00:00,84753.29032193212
2023-08-29 13:15:00,84790.95309837311
2023-08-29 13:30:00,84776.50110276203
2023-08-29 13:45:00,84718.0362114263
2023-08-29 14:00:00,84654.7539882202
2023-08-29 14:15:00,84608.98933545177
2023-08-29 14:30:00,84625.19308810662
2023-08-29 14:45:00,84583.58885831715
2023-08-29 15:00:00,84703.58421581524
2023-08-29 15:15:00,84754.16620045403
2023-08-30 09:15:00,85109.55391070836
2023-08-30 09:30:00,85059.19089570004
2023-08-30 09:45:00,85093.35015805352
2023-08-30 10:00:00,85137.80099303913
2023-08-30 10:15:00,85122.69208853663
2023-08-30 10:30:00,85149.4063834541
2023-08-30 10:45:00,85152.4719582807
2023-08-30 11:00:00,85169.11365019648
2023-08-30 11:15:00,85171.74128576212
2023-08-30 11:30:00,85149.18741382363
2023-08-30 11:45:00,85165.82910573941
2023-08-30 12:00:00,85170.64643760977
2023-08-30 12:15:00,85153.78577606351
2023-08-30 12:30:00,85125.75766336323
2023-08-30 12:45:00,85127.29045077653
2023-08-30 13:00:00,85152.69092791116
2023-08-30 13:15:00,85139.33378045243
2023-08-30 13:30:00,85103.20379142472
2023-08-30 13:45:00,85109.99184996932
2023-08-30 14:00:00,85016.49181775821
2023-08-30 14:15:00,84927.97531536702
2023-08-30 14:30:00,84927.97531536702
2023-08-30 14:45:00,84927.97531536702
2023-08-30 15:00:00,84927.97531536702
2023-08-30 15:15:00,84927.97531536702
2023-08-31 09:15:00,84927.97531536702
2023-08-31 09:30:00,84927.97531536702
2023-08-31 09:45:00,84927.97531536702
2023-08-31 10:00:00,84927.97531536702
2023-08-31 10:15:00,84927.97531536702
2023-08-31 10:30:00,84927.97531536702
2023-08-31 10:45:00,84927.97531536702
2023-08-31 11:00:00,84927.97531536702
2023-08-31 11:15:00,84927.97531536702
2023-08-31 11:30:00,84927.97531536702
2023-08-31 11:45:00,84927.97531536702
2023-08-31 12:00:00,84927.97531536702
2023-08-31 12:15:00,84927.97531536702
2023-08-31 12:30:00,84927.97531536702
2023-08-31 12:45:00,84927.97531536702
2023-08-31 13:00:00,84927.97531536702
2023-08-31 13:15:00,84927.97531536702
2023-08-31 13:30:00,84927.97531536702
2023-08-31 13:45:00,84927.97531536702
2023-08-31 14:00:00,84927.97531536702
2023-08-31 14:15:00,84927.97531536702
2023-08-31 14:30:00,84927.97531536702
2023-08-31 14:45:00,84927.97531536702
2023-08-31 15:00:00,84927.97531536702
2023-08-31 15:15:00,84927.97531536702
2023-09-01 09:15:00,84927.97531536702
2023-09-01 09:30:00,84927.97531536702
2023-09-01 09:45:00,84927.97531536702
2023-09-01 10:00:00,84927.97531536702
2023-09-01 10:15:00,84927.97531536702
2023-09-01 10:30:00,84735.54137763423
2023-09-01 10:45:00,84840.85334081863
2023-09-01 11:00:00,84813.64775032933
2023-09-01 11:15:00,84872.00812992734
2023-09-01 11:30:00,84819.13274841185
2023-09-01 11:45:00,84843.26673997493
2023-09-01 12:00:00,84836.6847422759
2023-09-01 12:15:00,84854.89493590988
2023-09-01 12:30:00,84981.04989180787
2023-09-01 12:45:00,85032.82827370687
2023-09-01 13:00:00,85088.33645430197
2023-09-01 13:15:00,85103.91384885632
2023-09-01 13:30:00,85131.55823919222
2023-09-01 13:45:00,85199.57221541548
2023-09-01 14:00:00,85284.91878557952
2023-09-01 14:15:00,85293.47538258825
2023-09-01 14:30:00,85302.03197959697
2023-09-01 14:45:00,85301.59317975037
2023-09-01 15:00:00,85281.4083868067
2023-09-01 15:15:00,85229.63000490768
2023-09-04 09:15:00,85631.79006431812
2023-09-04 09:30:00,85428.84513526484
2023-09-04 09:45:00,85503.87990903373
2023-09-04 10:00:00,85387.15914983768
2023-09-04 10:15:00,85370.92355551342
2023-09-04 10:30:00,85320.02277330763
2023-09-04 10:45:00,85312.5631759154
2023-09-04 11:00:00,85447.71352866871
2023-09-04 11:15:00,85407.12454285806
2023-09-04 11:30:00,85437.62113219689
2023-09-04 11:45:00,85482.37871655026
2023-09-04 12:00:00,85523.18710228422
2023-09-04 12:15:00,85588.56827942787
2023-09-04 12:30:00,85588.12947958126
2023-09-04 12:45:00,85565.09248763467
2023-09-04 13:00:00,85622.35586761619
2023-09-04 13:15:00,85620.16186838318
2023-09-04 13:30:00,85618.18726907347
2023-09-04 13:45:00,85571.67448533369
2023-09-04 14:00:00,85601.29347497929
2023-09-04 14:15:00,85591.85927827736
2023-09-04 14:30:00,85702.21743969768
2023-09-04 14:45:00,85665.57765250644
2023-09-04 15:00:00,85699.58464061806
2023-09-04 15:15:00,85721.30523302485
2023-09-05 09:15:00,85786.24761032188
2023-09-05 09:30:00,85866.1091824034
2023-09-05 09:45:00,85895.5087721257
2023-09-05 10:00:00,85920.3009634587
2023-09-05 10:15:00,85837.5871923743
2023-09-05 10:30:00,85892.43717319952
2023-09-05 10:45:00,85847.67958884615
2023-09-05 11:00:00,85907.79516783058
2023-09-05 11:15:00,85901.43257005485
2023-09-05 11:30:00,85895.94757197233
2023-09-05 11:45:00,85922.71436261502
2023-09-05 12:00:00,85866.9867820966
2023-09-05 12:15:00,85842.8527905335
2023-09-05 12:30:00,85724.37683195106
2023-09-05 12:45:00,85781.85961185588
2023-09-05 13:00:00,85810.16220196168
2023-09-05 13:15:00,85718.67243394522
2023-09-05 13:30:00,85641.06344087626
2023-09-05 13:45:00,85641.06344087626
2023-09-05 14:00:00,85641.06344087626
2023-09-05 14:15:00,85641.06344087626
2023-09-05 14:30:00,85641.06344087626
2023-09-05 14:45:00,85641.06344087626
2023-09-05 15:00:00,85641.06344087626
2023-09-05 15:15:00,85641.06344087626
2023-09-06 09:15:00,85641.06344087626
2023-09-06 09:30:00,85641.06344087626
2023-09-06 09:45:00,85641.06344087626
2023-09-06 10:00:00,85641.06344087626
2023-09-06 10:15:00,85641.06344087626
2023-09-06 10:30:00,85575.52637968998
2023-09-06 10:45:00,85504.94385003521
2023-09-06 11:00:00,85533.35167930805
2023-09-06 11:15:00,85515.86993821707
2023-09-06 11:30:00,85418.8462751622
2023-09-06 11:45:00,85416.00549223491
2023-09-06 12:00:00,85450.96897441684
2023-09-06 12:15:00,85422.12410161675
2023-09-06 12:30:00,85274.18486763442
2023-09-06 12:45:00,85188.47407628305
2023-09-06 13:00:00,85188.47407628305
2023-09-06 13:15:00,85188.47407628305
2023-09-06 13:30:00,85188.47407628305
2023-09-06 13:45:00,85188.47407628305
2023-09-06 14:00:00,85188.47407628305
2023-09-06 14:15:00,85188.47407628305
2023-09-06 14:30:00,85188.47407628305
2023-09-06 14:45:00,85188.47407628305
2023-09-06 15:00:00,85188.47407628305
2023-09-06 15:15:00,85120.20646959647
2023-09-07 09:15:00,84904.79081167397
2023-09-07 09:30:00,84881.36191836518
2023-09-07 09:45:00,84980.50084653293
2023-09-07 10:00:00,85005.23134502555
2023-09-07 10:15:00,85012.17323933926
2023-09-07 10:30:00,85081.80911667373
2023-09-07 10:45:00,85122.80967996412
2023-09-07 11:00:00,85203.07533296646
2023-09-07 11:15:00,85156.00061215159
2023-09-07 11:30:00,85034.95133005617
2023-09-07 11:45:00,85112.39683849354
2023-09-07 12:00:00,85098.29611566881
2023-09-07 12:15:00,85054.69234201079
2023-09-07 12:30:00,85104.15333899602
2023-09-07 12:45:00,85108.4920229421
2023-09-07 13:00:00,85117.82019342613
2023-09-07 13:15:00,85194.18103087701
2023-09-07 13:30:00,85263.81690821146
2023-09-07 13:45:00,85238.65254132425
2023-09-07 14:00:00,85353.19379750054
2023-09-07 14:15:00,85411.76603077252
2023-09-07 14:30:00,85590.30287515339
2023-09-07 14:45:00,85602.88505859699
2023-09-07 15:00:00,85528.04276052724
2023-09-07 15:15:00,85572.94813936908
2023-09-08 09:15:00,85824.15793984666
2023-09-08 09:30:00,85803.33225690549
2023-09-08 09:45:00,85799.86130974862
2023-09-08 10:00:00,85809.62334862728
2023-09-08 10:15:00,85713.5214992218
2023-09-08 10:30:00,85654.94926594982
2023-09-08 10:45:00,85699.85464479167
2023-09-08 11:00:00,85675.12414629906
2023-09-08 11:15:00,85798.55970456482
2023-09-08 11:30:00,85944.77335354745
2023-09-08 11:45:00,85989.89566658658
2023-09-08 12:00:00,85992.93274534884
2023-09-08 12:15:00,85925.03234159281
2023-09-08 12:30:00,86023.95433556326
2023-09-08 12:45:00,85991.63114016503
2023-09-08 13:00:00,85951.06444526925
2023-09-08 13:15:00,85982.73683807557
2023-09-08 13:30:00,86034.80104542844
2023-09-08 13:45:00,86023.52046716864
2023-09-08 14:00:00,86083.17737142713
2023-09-08 14:15:00,86165.82930059983
2023-09-08 14:30:00,85979.04895672141
2023-09-08 14:45:00,85995.75288991381
2023-09-08 15:00:00,85980.78443029986
2023-09-08 15:15:00,85994.88515312459
2023-09-11 09:15:00,86311.82601538516
2023-09-11 09:30:00,86327.87914598564
2023-09-11 09:45:00,86458.25659856512
2023-09-11 10:00:00,86465.63236127344
2023-09-11 10:15:00,86444.589744135
2023-09-11 10:30:00,86521.60138417777
2023-09-11 10:45:00,86469.53717682492
2023-09-11 11:00:00,86467.58476904918
2023-09-11 11:15:00,86518.99817381013
2023-09-11 11:30:00,86515.52722665328
2023-09-11 11:45:00,86499.04022765822
2023-09-11 12:00:00,86510.320805918
2023-09-11 12:15:00,86543.94560650007
2023-09-11 12:30:00,86562.81888166549
2023-09-11 12:45:00,86513.35788468026
2023-09-11 13:00:00,86552.8399085895
2023-09-11 13:15:00,86536.13597539713
2023-09-11 13:30:00,86489.49512297685
2023-09-11 13:45:00,86543.51173810544
2023-09-11 14:00:00,86533.09889663487
2023-09-11 14:15:00,86604.25331335046
2023-09-11 14:30:00,86623.77739110778
2023-09-11 14:45:00,86636.793442946
2023-09-11 15:00:00,86764.56768515783
2023-09-11 15:15:00,86773.67892144457
2023-09-12 09:15:00,87014.69281464888
2023-09-12 09:30:00,86933.77635905464
2023-09-12 09:45:00,86648.07402120577
2023-09-12 10:00:00,86642.43373207588
2023-09-12 10:15:00,86562.81888166546
2023-09-12 10:30:00,86624.42819369968
2023-09-12 10:45:00,86740.92185765175
2023-09-12 11:00:00,86780.18694736369
2023-09-12 11:15:00,86846.78574593588
2023-09-12 11:30:00,86933.99329325194
2023-09-12 11:45:00,86923.36351758406
2023-09-12 12:00:00,86817.06576090529
2023-09-12 12:15:00,86679.31254561749
2023-09-12 12:30:00,86586.89857756616
2023-09-12 12:45:00,86597.96222162864
2023-09-12 13:00:00,86711.41880681843
2023-09-12 13:15:00,86766.30315873623
2023-09-12 13:30:00,86772.16038206343
2023-09-12 13:45:00,86704.693846702
2023-09-12 14:00:00,86822.27218164057
2023-09-12 14:15:00,86771.07571107692
2023-09-12 14:30:00,86806.43598523739
2023-09-12 14:45:00,86793.8538017938
2023-09-12 15:00:00,86709.03253064807
2023-09-12 15:15:00,86711.41880681842
2023-09-13 09:15:00,86828.12940496775
2023-09-13 09:30:00,86654.14817873026
2023-09-13 09:45:00,86700.78903115055
2023-09-13 10:00:00,86678.66174302557
2023-09-13 10:15:00,86718.14376693484
2023-09-13 10:30:00,86645.90467923273
2023-09-13 10:45:00,86686.0375057339
2023-09-13 11:00:00,86803.61584067246
2023-09-13 11:15:00,86892.12499317233
2023-09-13 11:30:00,86868.47916566623
2023-09-13 11:45:00,86877.15653355837
2023-09-13 12:00:00,86960.89313371759
2023-09-13 12:15:00,87027.49193228979
2023-09-13 12:30:00,87029.01047167092
2023-09-13 12:45:00,87054.82564115006
2023-09-13 13:00:00,87139.86384649308
2023-09-13 13:15:00,87023.80405093565
2023-09-13 13:30:00,87058.94739089883
2023-09-13 13:45:00,87094.74153345391
2023-09-13 14:00:00,87120.77363713033
2023-09-13 14:15:00,87148.3242801879
2023-09-13 14:30:00,87149.1920169771
2023-09-13 14:45:00,87154.83230610698
2023-09-13 15:00:00,87067.19089039633
2023-09-13 15:15:00,87048.53454942821
2023-09-14 09:15:00,87416.45494805514
2023-09-14 09:30:00,87451.59828801833
2023-09-14 09:45:00,87386.30109462995
2023-09-14 10:00:00,87259.39458920734
2023-09-14 10:15:00,87173.2717128778
2023-09-14 10:30:00,87129.66793921978
2023-09-14 10:45:00,87133.57275477126
2023-09-14 11:00:00,87196.7006061866
2023-09-14 11:15:00,87188.02323829445
2023-09-14 11:30:00,87117.73655836808
2023-09-14 11:45:00,87025.85104202137
2023-09-14 12:00:00,87025.85104202137
2023-09-14 12:15:00,87025.85104202137
2023-09-14 12:30:00,87025.85104202137
2023-09-14 12:45:00,87025.85104202137
2023-09-14 13:00:00,87025.85104202137
2023-09-14 13:15:00,87025.85104202137
2023-09-14 13:30:00,87025.85104202137
2023-09-14 13:45:00,87025.85104202137
2023-09-14 14:00:00,87025.85104202137
2023-09-14 14:15:00,87025.85104202137
2023-09-14 14:30:00,87025.85104202137
2023-09-14 14:45:00,87025.85104202137
2023-09-14 15:00:00,87025.85104202137
2023-09-14 15:15:00,87025.85104202137
2023-09-15 09:15:00,87025.85104202137
2023-09-15 09:30:00,86932.78712862312
2023-09-15 09:45:00,86906.26278327257
2023-09-15 10:00:00,86951.76389602838
2023-09-15 10:15:00,86903.45939717861
2023-09-15 10:30:00,86911.43826529219
2023-09-15 10:45:00,86981.09162747291
2023-09-15 11:00:00,87044.70692729739
2023-09-15 11:15:00,87044.70692729739
2023-09-15 11:30:00,87008.6941982442
2023-09-15 11:45:00,87038.66886494115
2023-09-15 12:00:00,87071.87820790037
2023-09-15 12:15:00,86988.63920541816
2023-09-15 12:30:00,86890.30504704539
2023-09-15 12:45:00,86912.94778088122
2023-09-15 13:00:00,86990.14872100721
2023-09-15 13:15:00,87016.8887114419
2023-09-15 13:30:00,86959.74276414195
2023-09-15 13:45:00,86991.22694642797
2023-09-15 14:00:00,87040.82531578265
2023-09-15 14:15:00,87054.62660116832
2023-09-15 14:30:00,87102.28416476563
2023-09-15 14:45:00,87107.89093695354
2023-09-15 15:00:00,87061.31159877697
2023-09-15 15:15:00,86986.91404474495
2023-09-18 09:15:00,86909.28181445066
2023-09-18 09:30:00,87007.40032773926
2023-09-18 09:45:00,87024.22064430303
2023-09-18 10:00:00,87022.92677379811
2023-09-18 10:15:00,87039.31580019358
2023-09-18 10:30:00,87025.29886972377
2023-09-18 10:45:00,87028.7491910702
2023-09-18 11:00:00,87012.14451959057
2023-09-18 11:15:00,87046.64773305469
2023-09-18 11:30:00,87067.34966113318
2023-09-18 11:45:00,87063.89933978676
2023-09-18 12:00:00,87011.28193925398
2023-09-18 12:15:00,87012.79145484304
2023-09-18 12:30:00,87008.26290807588
2023-09-18 12:45:00,86964.91824616157
2023-09-18 13:00:00,86878.81504567167
2023-09-18 13:15:00,86878.81504567167
2023-09-18 13:30:00,86878.81504567167
2023-09-18 13:45:00,86878.81504567167
2023-09-18 14:00:00,86878.81504567167
2023-09-18 14:15:00,86878.81504567167
2023-09-18 14:30:00,86878.81504567167
2023-09-18 14:45:00,86878.81504567167
2023-09-18 15:00:00,86878.81504567167
2023-09-18 15:15:00,86878.81504567167
2023-09-20 09:15:00,86878.81504567167
2023-09-20 09:30:00,86878.81504567167
2023-09-20 09:45:00,86878.81504567167
2023-09-20 10:00:00,86878.81504567167
2023-09-20 10:15:00,86878.81504567167
2023-09-20 10:30:00,86878.81504567167
2023-09-20 10:45:00,86878.81504567167
2023-09-20 11:00:00,86878.81504567167
2023-09-20 11:15:00,86878.81504567167
2023-09-20 11:30:00,86878.81504567167
2023-09-20 11:45:00,86878.81504567167
2023-09-20 12:00:00,86878.81504567167
2023-09-20 12:15:00,86878.81504567167
2023-09-20 12:30:00,86878.81504567167
2023-09-20 12:45:00,86878.81504567167
2023-09-20 13:00:00,86878.81504567167
2023-09-20 13:15:00,86878.81504567167
2023-09-20 13:30:00,86878.81504567167
2023-09-20 13:45:00,86878.81504567167
2023-09-20 14:00:00,86878.81504567167
2023-09-20 14:15:00,86878.81504567167
2023-09-20 14:30:00,86878.81504567167
2023-09-20 14:45:00,86878.81504567167
2023-09-20 15:00:00,86878.81504567167
2023-09-20 15:15:00,86878.81504567167
2023-09-21 09:15:00,86878.81504567167
2023-09-21 09:30:00,86878.81504567167
2023-09-21 09:45:00,86878.81504567167
2023-09-21 10:00:00,86878.81504567167
2023-09-21 10:15:00,86878.81504567167
2023-09-21 10:30:00,86878.81504567167
2023-09-21 10:45:00,86878.81504567167
2023-09-21 11:00:00,86878.81504567167
2023-09-21 11:15:00,86878.81504567167
2023-09-21 11:30:00,86878.81504567167
2023-09-21 11:45:00,86878.81504567167
2023-09-21 12:00:00,86878.81504567167
2023-09-21 12:15:00,86878.81504567167
2023-09-21 12:30:00,86878.81504567167
2023-09-21 12:45:00,86878.81504567167
2023-09-21 13:00:00,86878.81504567167
2023-09-21 13:15:00,86878.81504567167
2023-09-21 13:30:00,86878.81504567167
2023-09-21 13:45:00,86878.81504567167
2023-09-21 14:00:00,86878.81504567167
2023-09-21 14:15:00,86878.81504567167
2023-09-21 14:30:00,86878.81504567167
2023-09-21 14:45:00,86878.81504567167
2023-09-21 15:00:00,86878.81504567167
2023-09-21 15:15:00,86878.81504567167
2023-09-22 09:15:00,86878.81504567167
2023-09-22 09:30:00,86878.81504567167
2023-09-22 09:45:00,86878.81504567167
2023-09-22 10:00:00,86878.81504567167
2023-09-22 10:15:00,86878.81504567167
2023-09-22 10:30:00,86878.81504567167
2023-09-22 10:45:00,86878.81504567167
2023-09-22 11:00:00,86878.81504567167
2023-09-22 11:15:00,86878.81504567167
2023-09-22 11:30:00,86878.81504567167
2023-09-22 11:45:00,86878.81504567167
2023-09-22 12:00:00,86840.66269876482
2023-09-22 12:15:00,86834.07804090822
2023-09-22 12:30:00,86868.53775035775
2023-09-22 12:45:00,86766.6950421757
2023-09-22 13:00:00,86782.0592438411
2023-09-22 13:15:00,86649.0491551378
2023-09-22 13:30:00,86518.45344098195
2023-09-22 13:45:00,86428.20741272836
2023-09-22 14:00:00,86428.20741272836
2023-09-22 14:15:00,86428.20741272836
2023-09-22 14:30:00,86428.20741272836
2023-09-22 14:45:00,86428.20741272836
2023-09-22 15:00:00,86428.20741272836
2023-09-22 15:15:00,86428.20741272836
2023-09-25 09:15:00,86428.20741272836
2023-09-25 09:30:00,86428.20741272836
2023-09-25 09:45:00,86428.20741272836
2023-09-25 10:00:00,86428.20741272836
2023-09-25 10:15:00,86428.20741272836
2023-09-25 10:30:00,86428.20741272836
2023-09-25 10:45:00,86428.20741272836
2023-09-25 11:00:00,86428.20741272836
2023-09-25 11:15:00,86428.20741272836
2023-09-25 11:30:00,86428.20741272836
2023-09-25 11:45:00,86428.20741272836
2023-09-25 12:00:00,86428.20741272836
2023-09-25 12:15:00,86428.20741272836
2023-09-25 12:30:00,86503.90794166183
2023-09-25 12:45:00,86549.10214962842
2023-09-25 13:00:00,86503.03038422558
2023-09-25 13:15:00,86482.84656319195
2023-09-25 13:30:00,86515.09679897393
2023-09-25 13:45:00,86343.75370954716
2023-09-25 14:00:00,86165.60954998949
2023-09-25 14:15:00,86209.7068111608
2023-09-25 14:30:00,86268.28377003013
2023-09-25 14:45:00,86445.11159343342
2023-09-25 15:00:00,86350.77416903712
2023-09-25 15:15:00,86329.05462249006
2023-09-26 09:15:00,86284.51858260065
2023-09-26 09:30:00,86199.76825380596
2023-09-26 09:45:00,86199.76825380596
2023-09-26 10:00:00,86199.76825380596
2023-09-26 10:15:00,86199.76825380596
2023-09-26 10:30:00,86199.76825380596
2023-09-26 10:45:00,86199.76825380596
2023-09-26 11:00:00,86199.76825380596
2023-09-26 11:15:00,86199.76825380596
2023-09-26 11:30:00,86199.76825380596
2023-09-26 11:45:00,86199.76825380596
2023-09-26 12:00:00,86199.76825380596
2023-09-26 12:15:00,86199.76825380596
2023-09-26 12:30:00,86199.76825380596
2023-09-26 12:45:00,86199.76825380596
2023-09-26 13:00:00,86199.76825380596
2023-09-26 13:15:00,86199.76825380596
2023-09-26 13:30:00,86199.76825380596
2023-09-26 13:45:00,86199.76825380596
2023-09-26 14:00:00,86199.76825380596
2023-09-26 14:15:00,86199.76825380596
2023-09-26 14:30:00,86199.76825380596
2023-09-26 14:45:00,86199.76825380596
2023-09-26 15:00:00,86199.76825380596
2023-09-26 15:15:00,86199.76825380596
2023-09-27 09:15:00,86199.76825380596
2023-09-27 09:30:00,86199.76825380596
2023-09-27 09:45:00,86199.76825380596
2023-09-27 10:00:00,86199.76825380596
2023-09-27 10:15:00,86199.76825380596
2023-09-27 10:30:00,86199.76825380596
2023-09-27 10:45:00,86199.76825380596
2023-09-27 11:00:00,86199.76825380596
2023-09-27 11:15:00,86199.76825380596
2023-09-27 11:30:00,86199.76825380596
2023-09-27 11:45:00,86055.5023799123
2023-09-27 12:00:00,86108.3096684376
2023-09-27 12:15:00,86121.2375938442
2023-09-27 12:30:00,86138.98610160583
2023-09-27 12:45:00,86198.14779414455
2023-09-27 13:00:00,86261.25359951917
2023-09-27 13:15:00,86319.75793991858
2023-09-27 13:30:00,86257.52860406303
2023-09-27 13:45:00,86326.98881345107
2023-09-27 14:00:00,86299.81825835921
2023-09-27 14:15:00,86338.38291719927
2023-09-27 14:30:00,86407.40489182777
2023-09-27 14:45:00,86444.87396376894
2023-09-27 15:00:00,86373.22258058315
2023-09-27 15:15:00,86455.82983275759
2023-09-28 09:15:00,86473.79745789897
2023-09-28 09:30:00,86275.05799444485
2023-09-28 09:45:00,86248.10655673276
2023-09-28 10:00:00,86473.35922313941
2023-09-28 10:15:00,86390.31373620544
2023-09-28 10:30:00,86280.09769417961
2023-09-28 10:45:00,86297.18884980191
2023-09-28 11:00:00,86152.7904965315
2023-09-28 11:15:00,86063.79202862387
2023-09-28 11:30:00,86063.79202862387
2023-09-28 11:45:00,86063.79202862387
2023-09-28 12:00:00,86063.79202862387
2023-09-28 12:15:00,86063.79202862387
2023-09-28 12:30:00,86063.79202862387
2023-09-28 12:45:00,86063.79202862387
2023-09-28 13:00:00,86063.79202862387
2023-09-28 13:15:00,86063.79202862387
2023-09-28 13:30:00,86063.79202862387
2023-09-28 13:45:00,86063.79202862387
2023-09-28 14:00:00,86063.79202862387
2023-09-28 14:15:00,86063.79202862387
2023-09-28 14:30:00,86063.79202862387
2023-09-28 14:45:00,86063.79202862387
2023-09-28 15:00:00,86063.79202862387
2023-09-28 15:15:00,86063.79202862387
2023-09-29 09:15:00,86063.79202862387
2023-09-29 09:30:00,86063.79202862387
2023-09-29 09:45:00,86063.79202862387
2023-09-29 10:00:00,86039.6343610542
2023-09-29 10:15:00,85984.75304504449
2023-09-29 10:30:00,86004.94936933604
2023-09-29 10:45:00,85986.50924715679
2023-09-29 11:00:00,86089.90564651908
2023-09-29 11:15:00,86115.37057714757
2023-09-29 11:30:00,86347.18925597255
2023-09-29 11:45:00,86334.01774013022
2023-09-29 12:00:00,86351.79928651737
2023-09-29 12:15:00,86391.31383404435
2023-09-29 12:30:00,86377.26421714589
2023-09-29 12:45:00,86311.84568846232
2023-09-29 13:00:00,86350.70166019718
2023-09-29 13:15:00,86393.50908668475
2023-09-29 13:30:00,86392.63098562861
2023-09-29 13:45:00,86494.05165761453
2023-09-29 14:00:00,86539.27386200652
2023-09-29 14:15:00,86557.27493365773
2023-09-29 14:30:00,86523.68756825977
2023-09-29 14:45:00,86425.55977523442
2023-09-29 15:00:00,86158.39752889918
2023-09-29 15:15:00,86221.62080494237
2023-10-03 09:15:00,85750.08053778698
2023-10-03 09:30:00,85661.91809412268
2023-10-03 09:45:00,85661.91809412268
2023-10-03 10:00:00,85661.91809412268
2023-10-03 10:15:00,85661.91809412268
2023-10-03 10:30:00,85661.91809412268
2023-10-03 10:45:00,85661.91809412268
2023-10-03 11:00:00,85661.91809412268
2023-10-03 11:15:00,85661.91809412268
2023-10-03 11:30:00,85661.91809412268
2023-10-03 11:45:00,85661.91809412268
2023-10-03 12:00:00,85661.91809412268
2023-10-03 12:15:00,85661.91809412268
2023-10-03 12:30:00,85661.91809412268
2023-10-03 12:45:00,85661.91809412268
2023-10-03 13:00:00,85661.91809412268
2023-10-03 13:15:00,85661.91809412268
2023-10-03 13:30:00,85661.91809412268
2023-10-03 13:45:00,85661.91809412268
2023-10-03 14:00:00,85406.70163320015
2023-10-03 14:15:00,85457.02104591051
2023-10-03 14:30:00,85432.73645977638
2023-10-03 14:45:00,85456.14592568947
2023-10-03 15:00:00,85449.5825240316
2023-10-03 15:15:00,85424.64159773168
2023-10-04 09:15:00,84873.09707841497
2023-10-04 09:30:00,84784.72700093321
2023-10-04 09:45:00,84784.72700093321
2023-10-04 10:00:00,84784.72700093321
2023-10-04 10:15:00,84784.72700093321
2023-10-04 10:30:00,84784.72700093321
2023-10-04 10:45:00,84784.72700093321
2023-10-04 11:00:00,84784.72700093321
2023-10-04 11:15:00,84784.72700093321
2023-10-04 11:30:00,84784.72700093321
2023-10-04 11:45:00,84784.72700093321
2023-10-04 12:00:00,84784.72700093321
2023-10-04 12:15:00,84784.72700093321
2023-10-04 12:30:00,84784.72700093321
2023-10-04 12:45:00,84784.72700093321
2023-10-04 13:00:00,84784.72700093321
2023-10-04 13:15:00,84784.72700093321
2023-10-04 13:30:00,84784.72700093321
2023-10-04 13:45:00,84784.72700093321
2023-10-04 14:00:00,84784.72700093321
2023-10-04 14:15:00,84784.72700093321
2023-10-04 14:30:00,84784.72700093321
2023-10-04 14:45:00,84656.54130135383
2023-10-04 15:00:00,84815.31470857549
2023-10-04 15:15:00,84822.29375944239
2023-10-05 09:15:00,85155.10724765703
2023-10-05 09:30:00,85248.01586232246
2023-10-05 09:45:00,85214.42918002556
2023-10-05 10:00:00,85166.44820531571
2023-10-05 10:15:00,85047.58624523904
2023-10-05 10:30:00,85033.62814350527
2023-10-05 10:45:00,85324.78542185819
2023-10-05 11:00:00,85369.2768711346
2023-10-05 11:15:00,85351.82924396738
2023-10-05 11:30:00,85302.53969722
2023-10-05 11:45:00,85304.7206506159
2023-10-05 12:00:00,85296.21493237188
2023-10-05 12:15:00,85204.17869906481
2023-10-05 12:30:00,85195.4548854812
2023-10-05 12:45:00,85246.27109960571
2023-10-05 13:00:00,85185.20440452045
2023-10-05 13:15:00,85248.23395766203
2023-10-05 13:30:00,85315.40732225582
2023-10-05 13:45:00,85299.70445780532
2023-10-05 14:00:00,85282.2568306381
2023-10-05 14:15:00,85261.97396405622
2023-10-05 14:30:00,85331.98256806466
2023-10-05 14:45:00,85319.9873243872
2023-10-05 15:00:00,85232.53109321152
2023-10-05 15:15:00,85260.44729667906
2023-10-06 09:15:00,85545.06171484427
2023-10-06 09:30:00,85459.35024638532
2023-10-06 09:45:00,85515.83693933918
2023-10-06 10:00:00,85508.4216977931
2023-10-06 10:15:00,85491.84645198425
2023-10-06 10:30:00,85669.81224908985
2023-10-06 10:45:00,85717.7932237997
2023-10-06 11:00:00,85678.53606267346
2023-10-06 11:15:00,85521.7255135081
2023-10-06 11:30:00,85587.80840140395
2023-10-06 11:45:00,85599.14935906263
2023-10-06 12:00:00,85601.33031245854
2023-10-06 12:15:00,85633.1722320387
2023-10-06 12:30:00,85660.65224482707
2023-10-06 12:45:00,85659.77986346872
2023-10-06 13:00:00,85704.48940808472
2023-10-06 13:15:00,85741.34752047545
2023-10-06 13:30:00,85724.99037000618
2023-10-06 13:45:00,85745.2732365881
2023-10-06 14:00:00,85776.0246794703
2023-10-06 14:15:00,85748.54466668193
2023-10-06 14:30:00,85774.06182141397
2023-10-06 14:45:00,85814.40945923816
2023-10-06 15:00:00,85757.05038492594
2023-10-06 15:15:00,85711.0322682724
2023-10-09 09:15:00,85090.11483645908
2023-10-09 09:30:00,85002.19231744736
2023-10-09 09:45:00,85002.19231744736
2023-10-09 10:00:00,85002.19231744736
2023-10-09 10:15:00,85002.19231744736
2023-10-09 10:30:00,85002.19231744736
2023-10-09 10:45:00,85002.19231744736
2023-10-09 11:00:00,85002.19231744736
2023-10-09 11:15:00,85002.19231744736
2023-10-09 11:30:00,85002.19231744736
2023-10-09 11:45:00,85002.19231744736
2023-10-09 12:00:00,85002.19231744736
2023-10-09 12:15:00,85002.19231744736
2023-10-09 12:30:00,85002.19231744736
2023-10-09 12:45:00,85002.19231744736
2023-10-09 13:00:00,85002.19231744736
2023-10-09 13:15:00,85002.19231744736
2023-10-09 13:30:00,85002.19231744736
2023-10-09 13:45:00,85002.19231744736
2023-10-09 14:00:00,85002.19231744736
2023-10-09 14:15:00,85002.19231744736
2023-10-09 14:30:00,85002.19231744736
2023-10-09 14:45:00,85002.19231744736
2023-10-09 15:00:00,85002.19231744736
2023-10-09 15:15:00,85002.19231744736
2023-10-10 09:15:00,85002.19231744736
2023-10-10 09:30:00,85002.19231744736
2023-10-10 09:45:00,85002.19231744736
2023-10-10 10:00:00,85002.19231744736
2023-10-10 10:15:00,84890.78626647028
2023-10-10 10:30:00,84933.42200545345
2023-10-10 10:45:00,84885.1592146248
2023-10-10 11:00:00,84937.31765673112
2023-10-10 11:15:00,84961.12441453898
2023-10-10 11:30:00,84932.98915531152
2023-10-10 11:45:00,84936.4519564472
2023-10-10 12:00:00,85065.65772382257
2023-10-10 12:15:00,85124.74176820024
2023-10-10 12:30:00,85147.4664006532
2023-10-10 12:45:00,85143.13789923358
2023-10-10 13:00:00,85169.75818296419
2023-10-10 13:15:00,85229.92435269678
2023-10-10 13:30:00,85274.72434238975
2023-10-10 13:45:00,85268.01516518935
2023-10-10 14:00:00,85254.38038571757
2023-10-10 14:15:00,85334.67408705133
2023-10-10 14:30:00,85263.9030888407
2023-10-10 14:45:00,85282.732070016
2023-10-10 15:00:00,85220.83449971558
2023-10-10 15:15:00,85234.68570425834
2023-10-11 09:15:00,85706.70878406685
2023-10-11 09:30:00,85743.28462106257
2023-10-11 09:45:00,85730.73196694569
2023-10-11 10:00:00,85749.34452305002
2023-10-11 10:15:00,85782.45755891003
2023-10-11 10:30:00,85846.08652977832
2023-10-11 10:45:00,85806.91359193085
2023-10-11 11:00:00,85740.47109513982
2023-10-11 11:15:00,85774.44983128377
2023-10-11 11:30:00,85761.46432702494
2023-10-11 11:45:00,85773.36770592886
2023-10-11 12:00:00,85746.96384726923
2023-10-11 12:15:00,85702.81313278922
2023-10-11 12:30:00,85654.33391688958
2023-10-11 12:45:00,85645.46048897938
2023-10-11 13:00:00,85768.6063543673
2023-10-11 13:15:00,85734.62761822336
2023-10-11 13:30:00,85741.76964556573
2023-10-11 13:45:00,85675.97642398765
2023-10-11 14:00:00,85718.17931282884
2023-10-11 14:15:00,85724.45563988728
2023-10-11 14:30:00,85792.41311217516
2023-10-11 14:45:00,85804.31649107908
2023-10-11 15:00:00,85746.96384726925
2023-10-11 15:15:00,85741.12037035279
2023-10-12 09:15:00,85795.87591331085
2023-10-12 09:30:00,85762.11360223788
2023-10-12 09:45:00,85617.32522975192
2023-10-12 10:00:00,85682.46917611707
2023-10-12 10:15:00,85655.4160422445
2023-10-12 10:30:00,85762.76287745083
2023-10-12 10:45:00,85762.76287745083
2023-10-12 11:00:00,85810.15996799557
2023-10-12 11:15:00,85729.43341651982
2023-10-12 11:30:00,85785.70393497476
2023-10-12 11:45:00,85832.23532523557
2023-10-12 12:00:00,85790.24886146534
2023-10-12 12:15:00,85768.38992929632
2023-10-12 12:30:00,85753.88944954063
2023-10-12 12:45:00,85737.00829400415
2023-10-12 13:00:00,85714.28366155119
2023-10-12 13:15:00,85737.44114414611
2023-10-12 13:30:00,85759.30007631515
2023-10-12 13:45:00,85717.53003761591
2023-10-12 14:00:00,85717.53003761591
2023-10-12 14:15:00,85702.81313278925
2023-10-12 14:30:00,85675.11072370374
2023-10-12 14:45:00,85678.7899499104
2023-10-12 15:00:00,85700.86530715041
2023-10-12 15:15:00,85630.31073401077
2023-10-13 09:15:00,85375.79485053766
2023-10-13 09:30:00,85292.14872485441
2023-10-13 09:45:00,85292.14872485441
2023-10-13 10:00:00,85292.14872485441
2023-10-13 10:15:00,85292.14872485441
2023-10-13 10:30:00,85292.14872485441
2023-10-13 10:45:00,85292.14872485441
2023-10-13 11:00:00,85292.14872485441
2023-10-13 11:15:00,85292.14872485441
2023-10-13 11:30:00,85292.14872485441
2023-10-13 11:45:00,85292.14872485441
2023-10-13 12:00:00,85292.14872485441
2023-10-13 12:15:00,85292.14872485441
2023-10-13 12:30:00,85292.14872485441
2023-10-13 12:45:00,85292.14872485441
2023-10-13 13:00:00,85292.14872485441
2023-10-13 13:15:00,85147.09211815662
2023-10-13 13:30:00,85223.0382885771
2023-10-13 13:45:00,85223.46980090904
2023-10-13 14:00:00,85338.4678373696
2023-10-13 14:15:00,85434.47933122503
2023-10-13 14:30:00,85346.45081551038
2023-10-13 14:45:00,85274.3882560773
2023-10-13 15:00:00,85247.85024766333
2023-10-13 15:15:00,85141.48245784147
2023-10-16 09:15:00,85101.99907946945
2023-10-16 09:30:00,85008.92208522733
2023-10-16 09:45:00,85008.92208522733
2023-10-16 10:00:00,85008.92208522733
2023-10-16 10:15:00,85008.92208522733
2023-10-16 10:30:00,85008.92208522733
2023-10-16 10:45:00,85008.92208522733
2023-10-16 11:00:00,85008.92208522733
2023-10-16 11:15:00,85008.92208522733
2023-10-16 11:30:00,85008.92208522733
2023-10-16 11:45:00,85008.92208522733
2023-10-16 12:00:00,85008.92208522733
2023-10-16 12:15:00,85008.92208522733
2023-10-16 12:30:00,85008.92208522733
2023-10-16 12:45:00,85008.92208522733
2023-10-16 13:00:00,85008.92208522733
2023-10-16 13:15:00,85008.92208522733
2023-10-16 13:30:00,85008.92208522733
2023-10-16 13:45:00,84945.829954358
2023-10-16 14:00:00,84891.89745832668
2023-10-16 14:15:00,84935.73104075852
2023-10-16 14:30:00,84906.72352297275
2023-10-16 14:45:00,84870.84014911923
2023-10-16 15:00:00,84789.8339698212
2023-10-16 15:15:00,84791.98267484235
2023-10-17 09:15:00,85165.4276075214
2023-10-17 09:30:00,85204.74890940878
2023-10-17 09:45:00,85223.44264309293
2023-10-17 10:00:00,85180.46854266957
2023-10-17 10:15:00,85164.3532550108
2023-10-17 10:30:00,85230.10362865857
2023-10-17 10:45:00,85220.21958556118
2023-10-17 11:00:00,85237.19435522842
2023-10-17 11:15:00,85218.71549204638
2023-10-17 11:30:00,85215.92217551886
2023-10-17 11:45:00,85212.484247485
2023-10-17 12:00:00,85233.32668619034
2023-10-17 12:15:00,85203.67455689822
2023-10-17 12:30:00,85273.93721109041
2023-10-17 12:45:00,85274.36695209466
2023-10-17 13:00:00,85267.4910960269
2023-10-17 13:15:00,85264.48290899728
2023-10-17 13:30:00,85199.8068878601
2023-10-17 13:45:00,85163.49377300237
2023-10-17 14:00:00,85012.65468051634
2023-10-17 14:15:00,84924.63684699322
2023-10-17 14:30:00,84924.63684699322
2023-10-17 14:45:00,84924.63684699322
2023-10-17 15:00:00,84924.63684699322
2023-10-17 15:15:00,84924.63684699322
2023-10-18 09:15:00,84924.63684699322
2023-10-18 09:30:00,84924.63684699322
2023-10-18 09:45:00,84924.63684699322
2023-10-18 10:00:00,84924.63684699322
2023-10-18 10:15:00,84924.63684699322
2023-10-18 10:30:00,84924.63684699322
2023-10-18 10:45:00,84924.63684699322
2023-10-18 11:00:00,84924.63684699322
2023-10-18 11:15:00,84924.63684699322
2023-10-18 11:30:00,84924.63684699322
2023-10-18 11:45:00,84924.63684699322
2023-10-18 12:00:00,84924.63684699322
2023-10-18 12:15:00,84924.63684699322
2023-10-18 12:30:00,84924.63684699322
2023-10-18 12:45:00,84924.63684699322
2023-10-18 13:00:00,84924.63684699322
2023-10-18 13:15:00,84924.63684699322
2023-10-18 13:30:00,84924.63684699322
2023-10-18 13:45:00,84924.63684699322
2023-10-18 14:00:00,84924.63684699322
2023-10-18 14:15:00,84924.63684699322
2023-10-18 14:30:00,84924.63684699322
2023-10-18 14:45:00,84924.63684699322
2023-10-18 15:00:00,84924.63684699322
2023-10-18 15:15:00,84924.63684699322
2023-10-19 09:15:00,84924.63684699322
2023-10-19 09:30:00,84924.63684699322
2023-10-19 09:45:00,84924.63684699322
2023-10-19 10:00:00,84924.63684699322
2023-10-19 10:15:00,84924.63684699322
2023-10-19 10:30:00,84924.63684699322
2023-10-19 10:45:00,84924.63684699322
2023-10-19 11:00:00,84924.63684699322
2023-10-19 11:15:00,84924.63684699322
2023-10-19 11:30:00,84924.63684699322
2023-10-19 11:45:00,84924.63684699322
2023-10-19 12:00:00,84924.63684699322
2023-10-19 12:15:00,84787.93068598562
2023-10-19 12:30:00,84774.55379224413
2023-10-19 12:45:00,84802.38636148044
2023-10-19 13:00:00,84765.06051281469
2023-10-19 13:15:00,84761.82416755465
2023-10-19 13:30:00,84800.01304162308
2023-10-19 13:45:00,84819.64686953399
2023-10-19 14:00:00,84825.2565346514
2023-10-19 14:15:00,84754.91996433322
2023-10-19 14:30:00,84767.00231997072
2023-10-19 14:45:00,84754.70420798256
2023-10-19 15:00:00,84671.85376932558
2023-10-19 15:15:00,84627.83947378908
2023-10-20 09:15:00,84475.94700291795
2023-10-20 09:30:00,84392.97984007526
2023-10-20 09:45:00,84392.97984007526
2023-10-20 10:00:00,84392.97984007526
2023-10-20 10:15:00,84392.97984007526
2023-10-20 10:30:00,84392.97984007526
2023-10-20 10:45:00,84392.97984007526
2023-10-20 11:00:00,84392.97984007526
2023-10-20 11:15:00,84392.97984007526
2023-10-20 11:30:00,84392.97984007526
2023-10-20 11:45:00,84392.97984007526
2023-10-20 12:00:00,84392.97984007526
2023-10-20 12:15:00,84392.97984007526
2023-10-20 12:30:00,84392.97984007526
2023-10-20 12:45:00,84392.97984007526
2023-10-20 13:00:00,84392.97984007526
2023-10-20 13:15:00,84392.97984007526
2023-10-20 13:30:00,84392.97984007526
2023-10-20 13:45:00,84392.97984007526
2023-10-20 14:00:00,84392.97984007526
2023-10-20 14:15:00,84392.97984007526
2023-10-20 14:30:00,84392.97984007526
2023-10-20 14:45:00,84392.97984007526
2023-10-20 15:00:00,84392.97984007526
2023-10-20 15:15:00,84392.97984007526
2023-10-23 09:15:00,84392.97984007526
2023-10-23 09:30:00,84392.97984007526
2023-10-23 09:45:00,84392.97984007526
2023-10-23 10:00:00,84392.97984007526
2023-10-23 10:15:00,84392.97984007526
2023-10-23 10:30:00,84392.97984007526
2023-10-23 10:45:00,84392.97984007526
2023-10-23 11:00:00,84392.97984007526
2023-10-23 11:15:00,84392.97984007526
2023-10-23 11:30:00,84392.97984007526
2023-10-23 11:45:00,84392.97984007526
2023-10-23 12:00:00,84392.97984007526
2023-10-23 12:15:00,84392.97984007526
2023-10-23 12:30:00,84392.97984007526
2023-10-23 12:45:00,84392.97984007526
2023-10-23 13:00:00,84392.97984007526
2023-10-23 13:15:00,84392.97984007526
2023-10-23 13:30:00,84392.97984007526
2023-10-23 13:45:00,84392.97984007526
2023-10-23 14:00:00,84392.97984007526
2023-10-23 14:15:00,84392.97984007526
2023-10-23 14:30:00,84392.97984007526
2023-10-23 14:45:00,84392.97984007526
2023-10-23 15:00:00,84392.97984007526
2023-10-23 15:15:00,84392.97984007526
2023-10-25 09:15:00,84392.97984007526
2023-10-25 09:30:00,84392.97984007526
2023-10-25 09:45:00,84392.97984007526
2023-10-25 10:00:00,84392.97984007526
2023-10-25 10:15:00,84392.97984007526
2023-10-25 10:30:00,84392.97984007526
2023-10-25 10:45:00,84392.97984007526
2023-10-25 11:00:00,84392.97984007526
2023-10-25 11:15:00,84392.97984007526
2023-10-25 11:30:00,84392.97984007526
2023-10-25 11:45:00,84392.97984007526
2023-10-25 12:00:00,84392.97984007526
2023-10-25 12:15:00,84392.97984007526
2023-10-25 12:30:00,84392.97984007526
2023-10-25 12:45:00,84392.97984007526
2023-10-25 13:00:00,84392.97984007526
2023-10-25 13:15:00,84392.97984007526
2023-10-25 13:30:00,84392.97984007526
2023-10-25 13:45:00,84392.97984007526
2023-10-25 14:00:00,84392.97984007526
2023-10-25 14:15:00,84392.97984007526
2023-10-25 14:30:00,84392.97984007526
2023-10-25 14:45:00,84392.97984007526
2023-10-25 15:00:00,84392.97984007526
2023-10-25 15:15:00,84392.97984007526
2023-10-26 09:15:00,84392.97984007526
2023-10-26 09:30:00,84392.97984007526
2023-10-26 09:45:00,84392.97984007526
2023-10-26 10:00:00,84392.97984007526
2023-10-26 10:15:00,84392.97984007526
2023-10-26 10:30:00,84392.97984007526
2023-10-26 10:45:00,84392.97984007526
2023-10-26 11:00:00,84392.97984007526
2023-10-26 11:15:00,84392.97984007526
2023-10-26 11:30:00,84392.97984007526
2023-10-26 11:45:00,84392.97984007526
2023-10-26 12:00:00,84392.97984007526
2023-10-26 12:15:00,84392.97984007526
2023-10-26 12:30:00,84392.97984007526
2023-10-26 12:45:00,84392.97984007526
2023-10-26 13:00:00,84392.97984007526
2023-10-26 13:15:00,84392.97984007526
2023-10-26 13:30:00,84392.97984007526
2023-10-26 13:45:00,84392.97984007526
2023-10-26 14:00:00,84392.97984007526
2023-10-26 14:15:00,84392.97984007526
2023-10-26 14:30:00,84392.97984007526
2023-10-26 14:45:00,84392.97984007526
2023-10-26 15:00:00,84392.97984007526
2023-10-26 15:15:00,84392.97984007526
2023-10-27 09:15:00,84392.97984007526
2023-10-27 09:30:00,84392.97984007526
2023-10-27 09:45:00,84363.85604223076
2023-10-27 10:00:00,84311.69436444377
2023-10-27 10:15:00,84308.36489564886
2023-10-27 10:30:00,84348.76245036049
2023-10-27 10:45:00,84387.82821755415
2023-10-27 11:00:00,84396.26287183461
2023-10-27 11:15:00,84481.49727298442
2023-10-27 11:30:00,84439.76793075481
2023-10-27 11:45:00,84574.27847006936
2023-10-27 12:00:00,84563.18024075298
2023-10-27 12:15:00,84450.42223089855
2023-10-27 12:30:00,84484.82674177932
2023-10-27 12:45:00,84433.33095775131
2023-10-27 13:00:00,84471.28690201332
2023-10-27 13:15:00,84535.87859663468
2023-10-27 13:30:00,84583.37901810877
2023-10-27 13:45:00,84671.27699429452
2023-10-27 14:00:00,84609.79280388175
2023-10-27 14:15:00,84603.13386629192
2023-10-27 14:30:00,84637.31641258637
2023-10-27 14:45:00,84641.97766889924
2023-10-27 15:00:00,84510.13070462062
2023-10-27 15:15:00,84615.1199539536
2023-10-30 09:15:00,84406.69520739195
2023-10-30 09:30:00,84109.0406971266
2023-10-30 09:45:00,84176.96186054285
2023-10-30 10:00:00,84394.93108431659
2023-10-30 10:15:00,84606.90726425947
2023-10-30 10:30:00,84633.32105003245
2023-10-30 10:45:00,84733.20511387987
2023-10-30 11:00:00,84682.15325902452
2023-10-30 11:15:00,84810.00486074925
2023-10-30 11:30:00,84837.52846945386
2023-10-30 11:45:00,84853.73188425579
2023-10-30 12:00:00,84829.53774434607
2023-10-30 12:15:00,84809.78289616291
2023-10-30 12:30:00,84846.62901749331
2023-10-30 12:45:00,84865.49600733117
2023-10-30 13:00:00,84914.1062517369
2023-10-30 13:15:00,84901.2323057299
2023-10-30 13:30:00,84890.7999701725
2023-10-30 13:45:00,84877.26013040653
2023-10-30 14:00:00,84877.48209499287
2023-10-30 14:15:00,84844.18740704373
2023-10-30 14:30:00,84911.44267670102
2023-10-30 14:45:00,84922.76287060372
2023-10-30 15:00:00,84960.94077945208
2023-10-30 15:15:00,85007.33137799455
2023-10-31 09:15:00,85055.05376405499
2023-10-31 09:30:00,85078.58201020573
2023-10-31 09:45:00,84897.68087234872
2023-10-31 10:00:00,84805.34360443642
2023-10-31 10:15:00,84806.00949819542
2023-10-31 10:30:00,84641.31177514032
2023-10-31 10:45:00,84554.45303714776
2023-10-31 11:00:00,84554.45303714776
2023-10-31 11:15:00,84554.45303714776
2023-10-31 11:30:00,84554.45303714776
2023-10-31 11:45:00,84554.45303714776
2023-10-31 12:00:00,84554.45303714776
2023-10-31 12:15:00,84554.45303714776
2023-10-31 12:30:00,84554.45303714776
2023-10-31 12:45:00,84554.45303714776
2023-10-31 13:00:00,84554.45303714776
2023-10-31 13:15:00,84554.45303714776
2023-10-31 13:30:00,84554.45303714776
2023-10-31 13:45:00,84554.45303714776
2023-10-31 14:00:00,84554.45303714776
2023-10-31 14:15:00,84554.45303714776
2023-10-31 14:30:00,84449.59278946262
2023-10-31 14:45:00,84384.9232478119
2023-10-31 15:00:00,84274.34495304395
2023-10-31 15:15:00,84253.81844323673
2023-11-01 09:15:00,84183.63102260558
2023-11-01 09:30:00,84102.09332491166
2023-11-01 09:45:00,84102.09332491166
2023-11-01 10:00:00,84102.09332491166
2023-11-01 10:15:00,84102.09332491166
2023-11-01 10:30:00,84102.09332491166
2023-11-01 10:45:00,84102.09332491166
2023-11-01 11:00:00,84102.09332491166
2023-11-01 11:15:00,84102.09332491166
2023-11-01 11:30:00,84102.09332491166
2023-11-01 11:45:00,84102.09332491166
2023-11-01 12:00:00,84102.09332491166
2023-11-01 12:15:00,84102.09332491166
2023-11-01 12:30:00,84102.09332491166
2023-11-01 12:45:00,84102.09332491166
2023-11-01 13:00:00,84102.09332491166
2023-11-01 13:15:00,84102.09332491166
2023-11-01 13:30:00,84102.09332491166
2023-11-01 13:45:00,84102.09332491166
2023-11-01 14:00:00,84102.09332491166
2023-11-01 14:15:00,84102.09332491166
2023-11-01 14:30:00,84102.09332491166
2023-11-01 14:45:00,84102.09332491166
2023-11-01 15:00:00,84102.09332491166
2023-11-01 15:15:00,84102.09332491166
2023-11-02 09:15:00,84102.09332491166
2023-11-02 09:30:00,84102.09332491166
2023-11-02 09:45:00,84102.09332491166
2023-11-02 10:00:00,84102.09332491166
2023-11-02 10:15:00,84102.09332491166
2023-11-02 10:30:00,84102.09332491166
2023-11-02 10:45:00,84102.09332491166
2023-11-02 11:00:00,84102.09332491166
2023-11-02 11:15:00,83961.98743668076
2023-11-02 11:30:00,83858.76475587365
2023-11-02 11:45:00,83792.65831561208
2023-11-02 12:00:00,83804.51794276865
2023-11-02 12:15:00,83871.06362848046
2023-11-02 12:30:00,83888.85306921533
2023-11-02 12:45:00,83902.03043272262
2023-11-02 13:00:00,83951.8847913252
2023-11-02 13:15:00,83888.85306921533
2023-11-02 13:30:00,83950.34743224934
2023-11-02 13:45:00,84037.31803139746
2023-11-02 14:00:00,84009.2063225819
2023-11-02 14:15:00,83956.49686855273
2023-11-02 14:30:00,83946.83346864738
2023-11-02 14:45:00,84038.85539047331
2023-11-02 15:00:00,83985.70669099392
2023-11-02 15:15:00,84092.88258085321
2023-11-03 09:15:00,84548.38011275524
2023-11-03 09:30:00,84555.62766268426
2023-11-03 09:45:00,84558.92200356109
2023-11-03 10:00:00,84620.19674387
2023-11-03 10:15:00,84594.72050775589
2023-11-03 10:30:00,84578.46842609691
2023-11-03 10:45:00,84644.57486635848
2023-11-03 11:00:00,84636.00958007874
2023-11-03 11:15:00,84572.09936706838
2023-11-03 11:30:00,84558.70238083598
2023-11-03 11:45:00,84514.77783581168
2023-11-03 12:00:00,84535.64199469822
2023-11-03 12:15:00,84543.98765825284
2023-11-03 12:30:00,84563.53408078867
2023-11-03 12:45:00,84567.70691256599
2023-11-03 13:00:00,84571.8797443433
2023-11-03 13:15:00,84594.94013048106
2023-11-03 13:30:00,84592.96352595497
2023-11-03 13:45:00,84561.55747626259
2023-11-03 14:00:00,84576.27219884573
2023-11-03 14:15:00,84632.71523920196
2023-11-03 14:30:00,84503.3574541054
2023-11-03 14:45:00,84515.43670398708
2023-11-03 15:00:00,84457.456304555
2023-11-03 15:15:00,84449.54988645064
2023-11-06 09:15:00,84955.3410224055
2023-11-06 09:30:00,84947.87384975136
2023-11-06 09:45:00,84983.67235394617
2023-11-06 10:00:00,85015.29802636364
2023-11-06 10:15:00,85052.63388963431
2023-11-06 10:30:00,84978.84065399348
2023-11-06 10:45:00,84958.19611783206
2023-11-06 11:00:00,84915.15006370825
2023-11-06 11:15:00,84948.75234065184
2023-11-06 11:30:00,84961.27083598377
2023-11-06 11:45:00,84953.58404060452
2023-11-06 12:00:00,84979.71914489398
2023-11-06 12:15:00,84971.37348133937
2023-11-06 12:30:00,85016.17651726416
2023-11-06 12:45:00,85008.48972188491
2023-11-06 13:00:00,85019.47085814098
2023-11-06 13:15:00,85020.56897176658
2023-11-06 13:30:00,85050.87690783336
2023-11-06 13:45:00,85031.11086257242
2023-11-06 14:00:00,85099.4135300852
2023-11-06 14:15:00,85111.05353451666
2023-11-06 14:30:00,85126.20750255002
2023-11-06 14:45:00,85148.16977506217
2023-11-06 15:00:00,85286.09284643849
2023-11-06 15:15:00,85265.66793300219
2023-11-07 09:15:00,85082.94182570108
2023-11-07 09:30:00,85065.37200769136
2023-11-07 09:45:00,85033.08746709849
2023-11-07 10:00:00,85065.15238496622
2023-11-07 10:15:00,85084.69880750203
2023-11-07 10:30:00,85183.08978835646
2023-11-07 10:45:00,85130.3803343273
2023-11-07 11:00:00,85185.72526105793
2023-11-07 11:15:00,85169.47317939893
2023-11-07 11:30:00,85015.73727181386
2023-11-07 11:45:00,84971.59310406445
2023-11-07 12:00:00,85004.75613555781
2023-11-07 12:15:00,85008.92896733512
2023-11-07 12:30:00,85053.07313508453
2023-11-07 12:45:00,85068.00748039277
2023-11-07 13:00:00,85067.78785766766
2023-11-07 13:15:00,85017.49425361483
2023-11-07 13:30:00,84932.03795315642
2023-11-07 13:45:00,84932.03795315642
2023-11-07 14:00:00,84932.03795315642
2023-11-07 14:15:00,84932.03795315642
2023-11-07 14:30:00,84932.03795315642
2023-11-07 14:45:00,84932.03795315642
2023-11-07 15:00:00,84838.35881342618
2023-11-07 15:15:00,84922.11231294171
2023-11-08 09:15:00,84998.21209840228
2023-11-08 09:30:00,84957.75675268329
2023-11-08 09:45:00,85039.32347675455
2023-11-08 10:00:00,84965.84782182709
2023-11-08 10:15:00,84955.56997723902
2023-11-08 10:30:00,84992.7451597916
2023-11-08 10:45:00,84972.18947061547
2023-11-08 11:00:00,84882.75035494484
2023-11-08 11:15:00,84988.59028644749
2023-11-08 11:30:00,85015.05026932314
2023-11-08 11:45:00,84984.65409064779
2023-11-08 12:00:00,85020.07985284495
2023-11-08 12:15:00,85003.4603594685
2023-11-08 12:30:00,84981.15524993696
2023-11-08 12:45:00,85010.89539597902
2023-11-08 13:00:00,85057.03635785311
2023-11-08 13:15:00,85077.59204702925
2023-11-08 13:30:00,85084.5897284509
2023-11-08 13:45:00,85116.2979723928
2023-11-08 14:00:00,85027.95224444431
2023-11-08 14:15:00,84981.37392748136
2023-11-08 14:30:00,84953.60187933914
2023-11-08 14:45:00,84992.74515979156
2023-11-08 15:00:00,85062.50329646378
2023-11-08 15:15:00,85006.30316754605
2023-11-09 09:15:00,85025.54679145562
2023-11-09 09:30:00,84966.94120954922
2023-11-09 09:45:00,85010.89539597904
2023-11-09 10:00:00,85055.28693749772
2023-11-09 10:15:00,84956.44468741672
2023-11-09 10:30:00,84951.19642635046
2023-11-09 10:45:00,84974.59492360416
2023-11-09 11:00:00,84985.5288008255
2023-11-09 11:15:00,85076.93601439596
2023-11-09 11:30:00,85067.53287998562
2023-11-09 11:45:00,85086.99518143962
2023-11-09 12:00:00,85045.22777045406
2023-11-09 12:15:00,85010.02068580133
2023-11-09 12:30:00,85014.6129142343
2023-11-09 12:45:00,85004.11639210182
2023-11-09 13:00:00,84981.59260502584
2023-11-09 13:15:00,84993.61986996933
2023-11-09 13:30:00,84936.10767578505
2023-11-09 13:45:00,84853.57461564497
2023-11-09 14:00:00,84853.57461564497
2023-11-09 14:15:00,84853.57461564497
2023-11-09 14:30:00,84853.57461564497
2023-11-09 14:45:00,84853.57461564497
2023-11-09 15:00:00,84853.57461564497
2023-11-09 15:15:00,84853.57461564497
2023-11-10 09:15:00,84853.57461564497
2023-11-10 09:30:00,84853.57461564497
2023-11-10 09:45:00,84853.57461564497
2023-11-10 10:00:00,84853.57461564497
2023-11-10 10:15:00,84853.57461564497
2023-11-10 10:30:00,84853.57461564497
2023-11-10 10:45:00,84853.57461564497
2023-11-10 11:00:00,84853.57461564497
2023-11-10 11:15:00,84853.57461564497
2023-11-10 11:30:00,84784.03564165461
2023-11-10 11:45:00,84769.15860104721
2023-11-10 12:00:00,84821.22824317314
2023-11-10 12:15:00,84794.31830207445
2023-11-10 12:30:00,84872.20398525444
2023-11-10 12:45:00,84878.98616553134
2023-11-10 13:00:00,84849.45086432545
2023-11-10 13:15:00,84879.20494554029
2023-11-10 13:30:00,84925.80508744293
2023-11-10 13:45:00,84849.23208431652
2023-11-10 14:00:00,84850.54476437012
2023-11-10 14:15:00,84776.37834134197
2023-11-10 14:30:00,84792.56806200299
2023-11-10 14:45:00,84882.48664567427
2023-11-10 15:00:00,84997.78371038176
2023-11-10 15:15:00,85076.76329360642
2023-11-12 18:15:00,85501.6340709535
2023-11-12 18:30:00,85482.1626501585
2023-11-12 18:45:00,85448.68930879181
2023-11-12 19:00:00,85421.77936769309
2023-11-13 09:15:00,85099.51641453539
2023-11-13 09:30:00,85082.8891338565
2023-11-13 09:45:00,85162.7438371169
2023-11-13 10:00:00,85190.52889825136
2023-11-13 10:15:00,85006.75369074798
2023-11-13 10:30:00,84921.5283758283
2023-11-13 10:45:00,84921.5283758283
2023-11-13 11:00:00,84921.5283758283
2023-11-13 11:15:00,84921.5283758283
2023-11-13 11:30:00,84921.5283758283
2023-11-13 11:45:00,84921.5283758283
2023-11-13 12:00:00,84921.5283758283
2023-11-13 12:15:00,84921.5283758283
2023-11-13 12:30:00,84831.15288482381
2023-11-13 12:45:00,84831.58920183411
2023-11-13 13:00:00,84820.68127657677
2023-11-13 13:15:00,84855.58663740025
2023-11-13 13:30:00,84837.69763997821
2023-11-13 13:45:00,84847.95108972013
2023-11-13 14:00:00,84887.00146214139
2023-11-13 14:15:00,84882.20197502816
2023-11-13 14:30:00,84867.80351368847
2023-11-13 14:45:00,84855.80479590541
2023-11-13 15:00:00,84826.13523920545
2023-11-13 15:15:00,84820.68127657678
2023-11-15 09:15:00,85643.13884098007
2023-11-15 09:30:00,85621.97746598083
2023-11-15 09:45:00,85663.42758195872
2023-11-15 10:00:00,85651.2107056705
2023-11-15 10:15:00,85643.57515799036
2023-11-15 10:30:00,85656.22835128888
2023-11-15 10:45:00,85607.7971631463
2023-11-15 11:00:00,85621.54114897056
2023-11-15 11:15:00,85598.63450593014
2023-11-15 11:30:00,85594.05317732206
2023-11-15 11:45:00,85618.0506128882
2023-11-15 12:00:00,85656.22835128888
2023-11-15 12:15:00,85683.06184742192
2023-11-15 12:30:00,85675.42629974178
2023-11-15 12:45:00,85675.8626167521
2023-11-15 13:00:00,85743.27359484244
2023-11-15 13:15:00,85828.79172885997
2023-11-15 13:30:00,85788.21424690267
2023-11-15 13:45:00,85767.92550592402
2023-11-15 14:00:00,85775.56105360416
2023-11-15 14:15:00,85774.25210257329
2023-11-15 14:30:00,85818.75643762323
2023-11-15 14:45:00,85719.93063479174
2023-11-15 15:00:00,85855.84338349818
2023-11-15 15:15:00,85853.22548143641
2023-11-16 09:15:00,85702.47795438001
2023-11-16 09:30:00,85939.61624947454
2023-11-16 09:45:00,85929.58095823778
2023-11-16 10:00:00,86014.44461673989
2023-11-16 10:15:00,85998.51904586417
2023-11-16 10:30:00,86033.20624818251
2023-11-16 10:45:00,86014.0082997296
2023-11-16 11:00:00,86371.13377265484
2023-11-16 11:15:00,86332.73787574901
2023-11-16 11:30:00,86339.2826309034
2023-11-16 11:45:00,86385.31407548937
2023-11-16 12:00:00,86394.91304971583
2023-11-16 12:15:00,86411.92941311728
2023-11-16 12:30:00,86435.27237316799
2023-11-16 12:45:00,86431.78183708564
2023-11-16 13:00:00,86406.69360899377
2023-11-16 13:15:00,86391.20435512833
2023-11-16 13:30:00,86419.78311930258
2023-11-16 13:45:00,86447.27109095106
2023-11-16 14:00:00,86467.55983192971
2023-11-16 14:15:00,86593.8736064097
2023-11-16 14:30:00,86647.32244017067
2023-11-16 14:45:00,86589.94675331708
2023-11-16 15:00:00,86088.18219147953
2023-11-16 15:15:00,86221.25887961905
2023-11-17 09:15:00,86224.3130986911
2023-11-17 09:30:00,86300.23225848218
2023-11-17 09:45:00,86360.44400590268
2023-11-17 10:00:00,86297.83251492557
2023-11-17 10:15:00,86321.3936334814
2023-11-17 10:30:00,86388.80461157176
2023-11-17 10:45:00,86346.04554456299
2023-11-17 11:00:00,86240.02051106167
2023-11-17 11:15:00,86156.3957747103
2023-11-17 11:30:00,86156.3957747103
2023-11-17 11:45:00,86156.3957747103
2023-11-17 12:00:00,86156.3957747103
2023-11-17 12:15:00,86156.3957747103
2023-11-17 12:30:00,86156.3957747103
2023-11-17 12:45:00,86156.3957747103
2023-11-17 13:00:00,86156.3957747103
2023-11-17 13:15:00,86156.3957747103
2023-11-17 13:30:00,86156.3957747103
2023-11-17 13:45:00,86156.3957747103
2023-11-17 14:00:00,86156.3957747103
2023-11-17 14:15:00,86156.3957747103
2023-11-17 14:30:00,86156.3957747103
2023-11-17 14:45:00,86156.3957747103
2023-11-17 15:00:00,86156.3957747103
2023-11-17 15:15:00,86156.3957747103
2023-11-20 09:15:00,86156.3957747103
2023-11-20 09:30:00,86156.3957747103
2023-11-20 09:45:00,86156.3957747103
2023-11-20 10:00:00,86156.3957747103
2023-11-20 10:15:00,86156.3957747103
2023-11-20 10:30:00,86156.3957747103
2023-11-20 10:45:00,86156.3957747103
2023-11-20 11:00:00,86156.3957747103
2023-11-20 11:15:00,86156.3957747103
2023-11-20 11:30:00,86156.3957747103
2023-11-20 11:45:00,86156.3957747103
2023-11-20 12:00:00,86156.3957747103
2023-11-20 12:15:00,86156.3957747103
2023-11-20 12:30:00,86156.3957747103
2023-11-20 12:45:00,86156.3957747103
2023-11-20 13:00:00,86156.3957747103
2023-11-20 13:15:00,86156.3957747103
2023-11-20 13:30:00,86156.3957747103
2023-11-20 13:45:00,86156.3957747103
2023-11-20 14:00:00,86156.3957747103
2023-11-20 14:15:00,86156.3957747103
2023-11-20 14:30:00,86156.3957747103
2023-11-20 14:45:00,86156.3957747103
2023-11-20 15:00:00,86156.3957747103
2023-11-20 15:15:00,86156.3957747103
2023-11-21 09:15:00,86156.3957747103
2023-11-21 09:30:00,86120.50591673881
2023-11-21 09:45:00,86046.95574454189
2023-11-21 10:00:00,86027.371379164
2023-11-21 10:15:00,86071.32739923435
2023-11-21 10:30:00,86080.90197786353
2023-11-21 10:45:00,86060.66480030639
2023-11-21 11:00:00,86071.1097951746
2023-11-21 11:15:00,86090.25895243298
2023-11-21 11:30:00,86089.1709321342
2023-11-21 11:45:00,86105.70884067552
2023-11-21 12:00:00,86161.4154799726
2023-11-21 12:15:00,86244.97543891822
2023-11-21 12:30:00,86184.04630218704
2023-11-21 12:45:00,86209.50597717827
2023-11-21 13:00:00,86066.10490180025
2023-11-21 13:15:00,86135.08538874234
2023-11-21 13:30:00,86175.99495197613
2023-11-21 13:45:00,86166.85558146646
2023-11-21 14:00:00,86148.5768404471
2023-11-21 14:15:00,86106.7968609743
2023-11-21 14:30:00,86123.55237357537
2023-11-21 14:45:00,86099.1807188829
2023-11-21 15:00:00,86100.05113512192
2023-11-21 15:15:00,86087.64770371592
2023-11-22 09:15:00,86124.20518575462
2023-11-22 09:30:00,86193.40327675643
2023-11-22 09:45:00,86210.37639341726
2023-11-22 10:00:00,86241.0585658426
2023-11-22 10:15:00,86200.36660666857
2023-11-22 10:30:00,86219.29815986718
2023-11-22 10:45:00,86174.25411949806
2023-11-22 11:00:00,86166.4203733469
2023-11-22 11:15:00,86143.35434301295
2023-11-22 11:30:00,86124.20518575459
2023-11-22 11:45:00,86038.46918621143
2023-11-22 12:00:00,85977.97525759976
2023-11-22 12:15:00,85889.82341778521
2023-11-22 12:30:00,85889.82341778521
2023-11-22 12:45:00,85889.82341778521
2023-11-22 13:00:00,85889.82341778521
2023-11-22 13:15:00,85889.82341778521
2023-11-22 13:30:00,85889.82341778521
2023-11-22 13:45:00,85889.82341778521
2023-11-22 14:00:00,85889.82341778521
2023-11-22 14:15:00,85889.82341778521
2023-11-22 14:30:00,85889.82341778521
2023-11-22 14:45:00,85889.82341778521
2023-11-22 15:00:00,85822.56072623443
2023-11-22 15:15:00,85817.36245687619
2023-11-23 09:15:00,86026.37620398856
2023-11-23 09:30:00,86064.28025139235
2023-11-23 09:45:00,85962.91399890678
2023-11-23 10:00:00,85929.77503174802
2023-11-23 10:15:00,85912.88065633377
2023-11-23 10:30:00,85784.65667883062
2023-11-23 10:45:00,85797.21916311303
2023-11-23 11:00:00,85810.4314310652
2023-11-23 11:15:00,85827.97559014923
2023-11-23 11:30:00,85777.50905846304
2023-11-23 11:45:00,85691.51517144253
2023-11-23 12:00:00,85691.51517144253
2023-11-23 12:15:00,85691.51517144253
2023-11-23 12:30:00,85691.51517144253
2023-11-23 12:45:00,85691.51517144253
2023-11-23 13:00:00,85691.51517144253
2023-11-23 13:15:00,85691.51517144253
2023-11-23 13:30:00,85691.51517144253
2023-11-23 13:45:00,85691.51517144253
2023-11-23 14:00:00,85691.51517144253
2023-11-23 14:15:00,85691.51517144253
2023-11-23 14:30:00,85691.51517144253
2023-11-23 14:45:00,85691.51517144253
2023-11-23 15:00:00,85691.51517144253
2023-11-23 15:15:00,85691.51517144253
2023-11-24 09:15:00,85691.51517144253
2023-11-24 09:30:00,85691.51517144253
2023-11-24 09:45:00,85691.51517144253
2023-11-24 10:00:00,85691.51517144253
2023-11-24 10:15:00,85691.51517144253
2023-11-24 10:30:00,85691.51517144253
2023-11-24 10:45:00,85691.51517144253
2023-11-24 11:00:00,85691.51517144253
2023-11-24 11:15:00,85691.51517144253
2023-11-24 11:30:00,85691.51517144253
2023-11-24 11:45:00,85691.51517144253
2023-11-24 12:00:00,85691.51517144253
2023-11-24 12:15:00,85691.51517144253
2023-11-24 12:30:00,85691.51517144253
2023-11-24 12:45:00,85691.51517144253
2023-11-24 13:00:00,85691.51517144253
2023-11-24 13:15:00,85691.51517144253
2023-11-24 13:30:00,85691.51517144253
2023-11-24 13:45:00,85691.51517144253
2023-11-24 14:00:00,85691.51517144253
2023-11-24 14:15:00,85691.51517144253
2023-11-24 14:30:00,85691.51517144253
2023-11-24 14:45:00,85691.51517144253
2023-11-24 15:00:00,85691.51517144253
2023-11-24 15:15:00,85691.51517144253
2023-11-28 09:15:00,85691.51517144253
2023-11-28 09:30:00,85691.51517144253
2023-11-28 09:45:00,85691.51517144253
2023-11-28 10:00:00,85691.51517144253
2023-11-28 10:15:00,85691.51517144253
2023-11-28 10:30:00,85691.51517144253
2023-11-28 10:45:00,85614.89531882567
2023-11-28 11:00:00,85627.8548367608
2023-11-28 11:15:00,85603.8797285808
2023-11-28 11:30:00,85624.61495727701
2023-11-28 11:45:00,85661.117599461
2023-11-28 12:00:00,85683.58076388191
2023-11-28 12:15:00,85680.12489243253
2023-11-28 12:30:00,85685.30869960658
2023-11-28 12:45:00,85655.0698244246
2023-11-28 13:00:00,85646.64613776676
2023-11-28 13:15:00,85633.25463590046
2023-11-28 13:30:00,85643.62225024858
2023-11-28 13:45:00,85611.43944737632
2023-11-28 14:00:00,85632.6066600037
2023-11-28 14:15:00,85836.9350594477
2023-11-28 14:30:00,85861.34215155886
2023-11-28 14:45:00,85824.40752544372
2023-11-28 15:00:00,85948.17092172428
2023-11-28 15:15:00,86001.30494525832
2023-11-29 09:15:00,86332.42062850107
2023-11-29 09:30:00,86422.48927815027
2023-11-29 09:45:00,86402.83400928199
2023-11-29 10:00:00,86458.1279524719
2023-11-29 10:15:00,86441.06458719063
2023-11-29 10:30:00,86403.26599321315
2023-11-29 10:45:00,86427.02510942757
2023-11-29 11:00:00,86429.40102104901
2023-11-29 11:15:00,86470.2235025447
2023-11-29 11:30:00,86520.54963052615
2023-11-29 11:45:00,86504.99820900397
2023-11-29 12:00:00,86530.26926897748
2023-11-29 12:15:00,86550.35652177694
2023-11-29 12:30:00,86552.3004494672
2023-11-29 12:45:00,86557.26826467569
2023-11-29 13:00:00,86585.13122823622
2023-11-29 13:15:00,86581.45936482126
2023-11-29 13:30:00,86641.28913928846
2023-11-29 13:45:00,86663.3203197782
2023-11-29 14:00:00,86677.57578950684
2023-11-29 14:15:00,86716.45434331225
2023-11-29 14:30:00,86754.68492122089
2023-11-29 14:45:00,86752.30900959946
2023-11-29 15:00:00,86836.97786010904
2023-11-29 15:15:00,86812.35477603227
2023-11-30 09:15:00,86879.96026126055
2023-11-30 09:30:00,86926.39853386146
2023-11-30 09:45:00,86600.25066582719
2023-11-30 10:00:00,86601.33062565511
2023-11-30 10:15:00,86597.65876224017
2023-11-30 10:30:00,86822.72239038037
2023-11-30 10:45:00,86727.25394159154
2023-11-30 11:00:00,86681.03166095621
2023-11-30 11:15:00,86680.81566899063
2023-11-30 11:30:00,86656.40857687945
2023-11-30 11:45:00,86570.18372024981
2023-11-30 12:00:00,86570.18372024981
2023-11-30 12:15:00,86570.18372024981
2023-11-30 12:30:00,86570.18372024981
2023-11-30 12:45:00,86570.18372024981
2023-11-30 13:00:00,86570.18372024981
2023-11-30 13:15:00,86570.18372024981
2023-11-30 13:30:00,86570.18372024981
2023-11-30 13:45:00,86570.18372024981
2023-11-30 14:00:00,86570.18372024981
2023-11-30 14:15:00,86570.18372024981
2023-11-30 14:30:00,86570.18372024981
2023-11-30 14:45:00,86570.18372024981
2023-11-30 15:00:00,86570.18372024981
2023-11-30 15:15:00,86457.41067646326
2023-12-01 09:15:00,86882.88498622832
2023-12-01 09:30:00,86854.53435074676
2023-12-01 09:45:00,87004.01951964958
2023-12-01 10:00:00,87022.06083313785
2023-12-01 10:15:00,87031.51104496502
2023-12-01 10:30:00,87032.7997102142
2023-12-01 10:45:00,87041.82036695833
2023-12-01 11:00:00,87041.17603433374
2023-12-01 11:15:00,87113.34128828683
2023-12-01 11:30:00,87094.0113095494
2023-12-01 11:45:00,87120.42894715721
2023-12-01 12:00:00,87063.72767619407
2023-12-01 12:15:00,87093.58175446633
2023-12-01 12:30:00,87102.1728561274
2023-12-01 12:45:00,87102.60241121048
2023-12-01 13:00:00,87102.1728561274
2023-12-01 13:15:00,87080.90987951623
2023-12-01 13:30:00,87092.72264430021
2023-12-01 13:45:00,87101.74330104436
2023-12-01 14:00:00,87078.11777147639
2023-12-01 14:15:00,87058.78779273895
2023-12-01 14:30:00,86985.97820616128
2023-12-01 14:45:00,87055.56612961604
2023-12-01 15:00:00,87059.43212536351
2023-12-01 15:15:00,87009.60373572925
2023-12-04 09:15:00,88335.21072203419
2023-12-04 09:30:00,88359.0510291437
2023-12-04 09:45:00,88309.2226395094
2023-12-04 10:00:00,88255.0986990446
2023-12-04 10:15:00,88263.26024562262
2023-12-04 10:30:00,88254.66914396154
2023-12-04 10:45:00,88295.26209931014
2023-12-04 11:00:00,88373.01156934294
2023-12-04 11:15:00,88332.41861399432
2023-12-04 11:30:00,88377.73667525651
2023-12-04 11:45:00,88374.72978967514
2023-12-04 12:00:00,88413.81930223308
2023-12-04 12:15:00,88393.84499087106
2023-12-04 12:30:00,88408.66464123642
2023-12-04 12:45:00,88429.49806276454
2023-12-04 13:00:00,88434.00839113661
2023-12-04 13:15:00,88525.50362382714
2023-12-04 13:30:00,88554.71336947482
2023-12-04 13:45:00,88538.17549877723
2023-12-04 14:00:00,88667.04202369346
2023-12-04 14:15:00,88693.88921638434
2023-12-04 14:30:00,88785.5992266164
2023-12-04 14:45:00,88838.21972429052
2023-12-04 15:00:00,88824.68873917431
2023-12-04 15:15:00,88861.2009212339
2023-12-05 09:15:00,89131.60584601646
2023-12-05 09:30:00,89248.6596061487
2023-12-05 09:45:00,89242.2162799029
2023-12-05 10:00:00,89377.31135352342
2023-12-05 10:15:00,89463.43714767577
2023-12-05 10:30:00,89518.20542076517
2023-12-05 10:45:00,89531.09207325679
2023-12-05 11:00:00,89443.24805877222
2023-12-05 11:15:00,89341.01394900536
2023-12-05 11:30:00,89092.08677837551
2023-12-05 11:45:00,89188.0923394381
2023-12-05 12:00:00,89247.37094089955
2023-12-05 12:15:00,89260.68714847422
2023-12-05 12:30:00,89257.68026289284
2023-12-05 12:45:00,89378.81479631411
2023-12-05 13:00:00,89356.04837691224
2023-12-05 13:15:00,89361.20303790888
2023-12-05 13:30:00,89429.07274103143
2023-12-05 13:45:00,89371.94191498523
2023-12-05 14:00:00,89402.86988096514
2023-12-05 14:15:00,89387.40589797519
2023-12-05 14:30:00,89426.06585545006
2023-12-05 14:45:00,89505.53354581507
2023-12-05 15:00:00,89595.5253357149
2023-12-05 15:15:00,89591.01500734284
2023-12-06 09:15:00,89922.20197637753
2023-12-06 09:30:00,89906.093660763
2023-12-06 09:45:00,89900.07988960025
2023-12-06 10:00:00,89771.8576973086
2023-12-06 10:15:00,89772.71680747472
2023-12-06 10:30:00,89793.9797840859
2023-12-06 10:45:00,89946.25706102856
2023-12-06 11:00:00,89892.77745318832
2023-12-06 11:15:00,89893.4217858129
2023-12-06 11:30:00,89944.32406315481
2023-12-06 11:45:00,89905.87888322146
2023-12-06 12:00:00,89908.02665863672
2023-12-06 12:15:00,89842.94906355401
2023-12-06 12:30:00,89760.68926514917
2023-12-06 12:45:00,89795.69800441805
2023-12-06 13:00:00,89662.75070621283
2023-12-06 13:15:00,89574.58989485452
2023-12-06 13:30:00,89574.58989485452
2023-12-06 13:45:00,89574.58989485452
2023-12-06 14:00:00,89574.58989485452
2023-12-06 14:15:00,89574.58989485452
2023-12-06 14:30:00,89543.99344826308
2023-12-06 14:45:00,89551.89993848854
2023-12-06 15:00:00,89490.14383915995
2023-12-06 15:15:00,89475.39930333411
2023-12-07 09:15:00,89115.54715361325
2023-12-07 09:30:00,89232.22130667
2023-12-07 09:45:00,89217.47677084415
2023-12-07 10:00:00,89194.61205586784
2023-12-07 10:15:00,89218.75890439421
2023-12-07 10:30:00,89326.45812260047
2023-12-07 10:45:00,89360.64835060244
2023-12-07 11:00:00,89437.36267468188
2023-12-07 11:15:00,89346.54488155161
2023-12-07 11:30:00,89256.34443572571
2023-12-07 11:45:00,89256.34443572571
2023-12-07 12:00:00,89256.34443572571
2023-12-07 12:15:00,89256.34443572571
2023-12-07 12:30:00,89256.34443572571
2023-12-07 12:45:00,89256.34443572571
2023-12-07 13:00:00,89256.34443572571
2023-12-07 13:15:00,89256.34443572571
2023-12-07 13:30:00,89256.34443572571
2023-12-07 13:45:00,89256.34443572571
2023-12-07 14:00:00,89256.34443572571
2023-12-07 14:15:00,89256.34443572571
2023-12-07 14:30:00,89256.34443572571
2023-12-07 14:45:00,89256.34443572571
2023-12-07 15:00:00,89256.34443572571
2023-12-07 15:15:00,89256.34443572571
2023-12-08 09:15:00,89256.34443572571
2023-12-08 09:30:00,89256.34443572571
2023-12-08 09:45:00,89244.88938779273
2023-12-08 10:00:00,89246.3773907313
2023-12-08 10:15:00,89267.63457556813
2023-12-08 10:30:00,89251.26654324378
2023-12-08 10:45:00,89184.73155470454
2023-12-08 11:00:00,89092.2628006644
2023-12-08 11:15:00,89143.91775981786
2023-12-08 11:30:00,89176.22868076981
2023-12-08 11:45:00,89171.97724380245
2023-12-08 12:00:00,89142.21718503091
2023-12-08 12:15:00,89095.66395023829
2023-12-08 12:30:00,88972.7974218815
2023-12-08 12:45:00,88888.9212470961
2023-12-08 13:00:00,88888.9212470961
2023-12-08 13:15:00,88888.9212470961
2023-12-08 13:30:00,88888.9212470961
2023-12-08 13:45:00,88888.9212470961
2023-12-08 14:00:00,88888.9212470961
2023-12-08 14:15:00,88888.9212470961
2023-12-08 14:30:00,88888.9212470961
2023-12-08 14:45:00,88888.9212470961
2023-12-08 15:00:00,88888.9212470961
2023-12-08 15:15:00,88775.48076504025
2023-12-11 09:15:00,88791.98957317029
2023-12-11 09:30:00,88804.47700496095
2023-12-11 09:45:00,88914.95902860034
2023-12-11 10:00:00,88940.99214911308
2023-12-11 10:15:00,88980.78260973416
2023-12-11 10:30:00,88754.31562641205
2023-12-11 10:45:00,88803.41874802955
2023-12-11 11:00:00,88932.52609366177
2023-12-11 11:15:00,88866.91416391425
2023-12-11 11:30:00,88887.44434838364
2023-12-11 11:45:00,88838.55287815242
2023-12-11 12:00:00,88831.5683824051
2023-12-11 12:15:00,88756.22048888858
2023-12-11 12:30:00,88778.6555358345
2023-12-11 12:45:00,88807.44012436892
2023-12-11 13:00:00,88818.02269368303
2023-12-11 13:15:00,88822.25572140867
2023-12-11 13:30:00,88857.38985153154
2023-12-11 13:45:00,88808.92168407288
2023-12-11 14:00:00,88861.41122787089
2023-12-11 14:15:00,88827.12370329315
2023-12-11 14:30:00,88870.30058609476
2023-12-11 14:45:00,88876.01517352439
2023-12-11 15:00:00,88895.91040383492
2023-12-11 15:15:00,88863.10443896115
2023-12-12 09:15:00,89041.3149062109
2023-12-12 09:30:00,88984.8039860735
2023-12-12 09:45:00,89015.70508847073
2023-12-12 10:00:00,88909.87939532955
2023-12-12 10:15:00,88865.64425559655
2023-12-12 10:30:00,88901.20168849197
2023-12-12 10:45:00,88908.60948701185
2023-12-12 11:00:00,88960.46407665103
2023-12-12 11:15:00,88890.61911917785
2023-12-12 11:30:00,88894.64049551722
2023-12-12 11:45:00,88921.94352434765
2023-12-12 12:00:00,88949.03490179179
2023-12-12 12:15:00,88937.39407554625
2023-12-12 12:30:00,88837.49462122099
2023-12-12 12:45:00,88724.68443233249
2023-12-12 13:00:00,88744.15635987048
2023-12-12 13:15:00,88763.41663602217
2023-12-12 13:30:00,88766.5914068164
2023-12-12 13:45:00,88693.99498132155
2023-12-12 14:00:00,88597.90059561886
2023-12-12 14:15:00,88597.90059561886
2023-12-12 14:30:00,88597.90059561886
2023-12-12 14:45:00,88597.90059561886
2023-12-12 15:00:00,88597.90059561886
2023-12-12 15:15:00,88597.90059561886
2023-12-13 09:15:00,88597.90059561886
2023-12-13 09:30:00,88597.90059561886
2023-12-13 09:45:00,88597.90059561886
2023-12-13 10:00:00,88597.90059561886
2023-12-13 10:15:00,88597.90059561886
2023-12-13 10:30:00,88597.90059561886
2023-12-13 10:45:00,88597.90059561886
2023-12-13 11:00:00,88597.90059561886
2023-12-13 11:15:00,88597.90059561886
2023-12-13 11:30:00,88597.90059561886
2023-12-13 11:45:00,88597.90059561886
2023-12-13 12:00:00,88597.90059561886
2023-12-13 12:15:00,88597.90059561886
2023-12-13 12:30:00,88597.90059561886
2023-12-13 12:45:00,88597.90059561886
2023-12-13 13:00:00,88597.90059561886
2023-12-13 13:15:00,88597.90059561886
2023-12-13 13:30:00,88597.90059561886
2023-12-13 13:45:00,88528.81191516279
2023-12-13 14:00:00,88572.91971721742
2023-12-13 14:15:00,88541.74737634229
2023-12-13 14:30:00,88453.10765875176
2023-12-13 14:45:00,88557.22751840952
2023-12-13 15:00:00,88742.35305299451
2023-12-13 15:15:00,88798.54808926601
2023-12-14 09:15:00,89611.149519426
2023-12-14 09:30:00,89646.13888163278
2023-12-14 09:45:00,89849.07718243216
2023-12-14 10:00:00,89776.5537771308
2023-12-14 10:15:00,89767.64739402362
2023-12-14 10:30:00,89664.16370458779
2023-12-14 10:45:00,89746.65377669955
2023-12-14 11:00:00,89760.01335136032
2023-12-14 11:15:00,89732.02186159488
2023-12-14 11:30:00,89825.11477073899
2023-12-14 11:45:00,89740.50413122076
2023-12-14 12:00:00,89727.56867004129
2023-12-14 12:15:00,89764.8906563952
2023-12-14 12:30:00,89752.59136543768
2023-12-14 12:45:00,89785.24810349733
2023-12-14 13:00:00,89819.38923874155
2023-12-14 13:15:00,89903.78782151913
2023-12-14 13:30:00,89940.4736376511
2023-12-14 13:45:00,89908.87718329467
2023-12-14 14:00:00,89890.85236033966
2023-12-14 14:15:00,89884.70271486089
2023-12-14 14:30:00,89887.8835659706
2023-12-14 14:45:00,89789.4892383103
2023-12-14 15:00:00,89796.48711075167
2023-12-14 15:15:00,89891.91264404291
2023-12-15 09:15:00,90139.80697385946
2023-12-15 09:30:00,90105.24172513396
2023-12-15 09:45:00,90284.00555749955
2023-12-15 10:00:00,90449.40981520434
2023-12-15 10:15:00,90516.6318019895
2023-12-15 10:30:00,90402.54527552132
2023-12-15 10:45:00,90392.36655197025
2023-12-15 11:00:00,90388.5495306386
2023-12-15 11:15:00,90395.33534633931
2023-12-15 11:30:00,90458.95236853347
2023-12-15 11:45:00,90402.54527552132
2023-12-15 12:00:00,90383.24811212241
2023-12-15 12:15:00,90451.31832587016
2023-12-15 12:30:00,90476.34102126652
2023-12-15 12:45:00,90458.31619831151
2023-12-15 13:00:00,90427.56797091768
2023-12-15 13:15:00,90431.38499224934
2023-12-15 13:30:00,90495.21407118415
2023-12-15 13:45:00,90598.27364713867
2023-12-15 14:00:00,90466.16229771549
2023-12-15 14:15:00,90532.53605753805
2023-12-15 14:30:00,90581.94527810885
2023-12-15 14:45:00,90766.43464247188
2023-12-15 15:00:00,91007.96727006903
2023-12-15 15:15:00,90966.82826238348
2023-12-18 09:15:00,91023.65946887693
2023-12-18 09:30:00,90913.60202048105
2023-12-18 09:45:00,90898.33393515444
2023-12-18 10:00:00,91013.48074532587
2023-12-18 10:15:00,91074.3410298916
2023-12-18 10:30:00,90992.27507126115
2023-12-18 10:45:00,91025.78003628338
2023-12-18 11:00:00,91056.95237715852
2023-12-18 11:15:00,91072.43251922575
2023-12-18 11:30:00,91085.79209388653
2023-12-18 11:45:00,90970.43322697446
2023-12-18 12:00:00,91016.02542621361
2023-12-18 12:15:00,90881.36939590266
2023-12-18 12:30:00,90969.37294327123
2023-12-18 12:45:00,90904.69563737384
2023-12-18 13:00:00,90834.92896970091
2023-12-18 13:15:00,90740.70452578871
2023-12-18 13:30:00,90740.70452578871
2023-12-18 13:45:00,90740.70452578871
2023-12-18 14:00:00,90740.70452578871
2023-12-18 14:15:00,90740.70452578871
2023-12-18 14:30:00,90740.70452578871
2023-12-18 14:45:00,90740.70452578871
2023-12-18 15:00:00,90740.70452578871
2023-12-18 15:15:00,90740.70452578871
2023-12-19 09:15:00,90740.70452578871
2023-12-19 09:30:00,90740.70452578871
2023-12-19 09:45:00,90740.70452578871
2023-12-19 10:00:00,90740.70452578871
2023-12-19 10:15:00,90740.70452578871
2023-12-19 10:30:00,90740.70452578871
2023-12-19 10:45:00,90740.70452578871
2023-12-19 11:00:00,90740.70452578871
2023-12-19 11:15:00,90740.70452578871
2023-12-19 11:30:00,90740.70452578871
2023-12-19 11:45:00,90740.70452578871
2023-12-19 12:00:00,90617.41294470715
2023-12-19 12:15:00,90671.5234927479
2023-12-19 12:30:00,90758.8190253293
2023-12-19 12:45:00,90766.8510598041
2023-12-19 13:00:00,90727.74773407153
2023-12-19 13:15:00,90700.48109072287
2023-12-19 13:30:00,90752.26657615251
2023-12-19 13:45:00,90782.49239009715
2023-12-19 14:00:00,90808.7021868044
2023-12-19 14:15:00,90833.43239821367
2023-12-19 14:30:00,90842.73264865816
2023-12-19 14:45:00,90600.29202911614
2023-12-19 15:00:00,90693.29453356122
2023-12-19 15:15:00,90660.53228767715
2023-12-20 09:15:00,91160.2093797411
2023-12-20 09:30:00,91226.79071815065
2023-12-20 09:45:00,91180.71220458468
2023-12-20 10:00:00,91125.3334405742
2023-12-20 10:15:00,91110.53758759431
2023-12-20 10:30:00,91183.67137518065
2023-12-20 10:45:00,91220.66100763039
2023-12-20 11:00:00,91163.80265832193
2023-12-20 11:15:00,91088.1324387962
2023-12-20 11:30:00,90978.22038808839
2023-12-20 11:45:00,90993.65034905313
2023-12-20 12:00:00,91010.13715665932
2023-12-20 12:15:00,90927.91448795675
2023-12-20 12:30:00,90836.98657346879
2023-12-20 12:45:00,90836.98657346879
2023-12-20 13:00:00,90836.98657346879
2023-12-20 13:15:00,90836.98657346879
2023-12-20 13:30:00,90836.98657346879
2023-12-20 13:45:00,90836.98657346879
2023-12-20 14:00:00,90836.98657346879
2023-12-20 14:15:00,90836.98657346879
2023-12-20 14:30:00,90836.98657346879
2023-12-20 14:45:00,90836.98657346879
2023-12-20 15:00:00,90836.98657346879
2023-12-20 15:15:00,90836.98657346879
2023-12-21 09:15:00,90836.98657346879
2023-12-21 09:30:00,90836.98657346879
2023-12-21 09:45:00,90836.98657346879
2023-12-21 10:00:00,90836.98657346879
2023-12-21 10:15:00,90836.98657346879
2023-12-21 10:30:00,90836.98657346879
2023-12-21 10:45:00,90836.98657346879
2023-12-21 11:00:00,90747.43633132338
2023-12-21 11:15:00,90682.24128030182
2023-12-21 11:30:00,90741.0026091831
2023-12-21 11:45:00,90776.816995764
2023-12-21 12:00:00,90844.371078237
2023-12-21 12:15:00,90976.47683951753
2023-12-21 12:30:00,91145.25481699771
2023-12-21 12:45:00,91109.65488782147
2023-12-21 13:00:00,91148.04276325849
2023-12-21 13:15:00,91117.16089698514
2023-12-21 13:30:00,90963.18048042763
2023-12-21 13:45:00,91024.30084076033
2023-12-21 14:00:00,91002.21172807868
2023-12-21 14:15:00,91115.01632293836
2023-12-21 14:30:00,91187.28846831423
2023-12-21 14:45:00,91113.72957851029
2023-12-21 15:00:00,91176.56559808043
2023-12-21 15:15:00,91285.9388744653
2023-12-22 09:15:00,91167.9873018934
2023-12-22 09:30:00,91233.6112677243
2023-12-22 09:45:00,91533.6371768663
2023-12-22 10:00:00,91576.09974299217
2023-12-22 10:15:00,91589.39610208209
2023-12-22 10:30:00,91555.9407469526
2023-12-22 10:45:00,91693.62240075471
2023-12-22 11:00:00,91654.37669569897
2023-12-22 11:15:00,91686.5453064004
2023-12-22 11:30:00,91723.21752260003
2023-12-22 11:45:00,91716.78380045974
2023-12-22 12:00:00,91628.42734973315
2023-12-22 12:15:00,91538.56969717384
2023-12-22 12:30:00,91437.34580216667
2023-12-22 12:45:00,91582.9623799418
2023-12-22 13:00:00,91480.45174050659
2023-12-22 13:15:00,91514.12155304075
2023-12-22 13:30:00,91253.12689154982
2023-12-22 13:45:00,91162.73073644737
2023-12-22 14:00:00,91162.73073644737
2023-12-22 14:15:00,91162.73073644737
2023-12-22 14:30:00,91162.73073644737
2023-12-22 14:45:00,91162.73073644737
2023-12-22 15:00:00,91162.73073644737
2023-12-22 15:15:00,91162.73073644737
2023-12-26 09:15:00,91162.73073644737
2023-12-26 09:30:00,91162.73073644737
2023-12-26 09:45:00,91162.73073644737
2023-12-26 10:00:00,91147.33487828495
2023-12-26 10:15:00,91280.13973358329
2023-12-26 10:30:00,91316.1077152266
2023-12-26 10:45:00,91299.9327649018
2023-12-26 11:00:00,91331.64418067015
2023-12-26 11:15:00,91303.55084589549
2023-12-26 11:30:00,91320.15145280778
2023-12-26 11:45:00,91361.227313501
2023-12-26 12:00:00,91364.20690961347
2023-12-26 12:15:00,91316.32054352031
2023-12-26 12:30:00,91258.00559103354
2023-12-26 12:45:00,91273.11639988961
2023-12-26 13:00:00,91255.66447980232
2023-12-26 13:15:00,91285.88609751445
2023-12-26 13:30:00,91312.7024625266
2023-12-26 13:45:00,91270.13680377715
2023-12-26 14:00:00,91218.63235669029
2023-12-26 14:15:00,91332.70832213886
2023-12-26 14:30:00,91255.45165150857
2023-12-26 14:45:00,91245.02306511495
2023-12-26 15:00:00,91254.38751003983
2023-12-26 15:15:00,91321.00276598276
2023-12-27 09:15:00,91667.0615716159
2023-12-27 09:30:00,91754.53400034604
2023-12-27 09:45:00,91778.79642583324
2023-12-27 10:00:00,91770.0704657896
2023-12-27 10:15:00,91840.94228760745
2023-12-27 10:30:00,91777.94511265824
2023-12-27 10:45:00,91854.56329840727
2023-12-27 11:00:00,91848.8169344761
2023-12-27 11:15:00,91890.10562346305
2023-12-27 11:30:00,91858.8198642822
2023-12-27 11:45:00,91908.40885672533
2023-12-27 12:00:00,91869.88693555705
2023-12-27 12:15:00,91691.32399710306
2023-12-27 12:30:00,91755.17248522726
2023-12-27 12:45:00,91830.9393578013
2023-12-27 13:00:00,91660.67672280344
2023-12-27 13:15:00,91566.25204502975
2023-12-27 13:30:00,91566.25204502975
2023-12-27 13:45:00,91566.25204502975
2023-12-27 14:00:00,91566.25204502975
2023-12-27 14:15:00,91566.25204502975
2023-12-27 14:30:00,91566.25204502975
2023-12-27 14:45:00,91566.25204502975
2023-12-27 15:00:00,91566.25204502975
2023-12-27 15:15:00,91392.99802005863
2023-12-28 09:15:00,91743.3900176227
2023-12-28 09:30:00,91776.52950172966
2023-12-28 09:45:00,91776.52950172966
2023-12-28 10:00:00,91597.53407164874
2023-12-28 10:15:00,91657.90281339774
2023-12-28 10:30:00,91610.62100167824
2023-12-28 10:45:00,91579.38123322072
2023-12-28 11:00:00,91725.4482587113
2023-12-28 11:15:00,91744.02325617251
2023-12-28 11:30:00,91738.957347774
2023-12-28 11:45:00,91750.98888022047
2023-12-28 12:00:00,91729.45876952677
2023-12-28 12:15:00,91888.82380456345
2023-12-28 12:30:00,91882.91357809851
2023-12-28 12:45:00,91829.08830136427
2023-12-28 13:00:00,91892.62323586235
2023-12-28 13:15:00,91837.32040251189
2023-12-28 13:30:00,91832.46557362998
2023-12-28 13:45:00,91823.38915441599
2023-12-28 14:00:00,91824.86671103221
2023-12-28 14:15:00,91830.56585798053
2023-12-28 14:30:00,91839.64227719455
2023-12-28 14:45:00,91882.06926003213
2023-12-28 15:00:00,91951.72550051173
2023-12-28 15:15:00,91919.6414139878
2023-12-29 09:15:00,91746.55621037181
2023-12-29 09:30:00,91746.97836940503
2023-12-29 09:45:00,91712.57240819844
2023-12-29 10:00:00,91538.0096479662
2023-12-29 10:15:00,91652.41474596605
2023-12-29 10:30:00,91669.30110729442
2023-12-29 10:45:00,91653.47014354906
2023-12-29 11:00:00,91693.15309267076
2023-12-29 11:15:00,91737.26871164118
2023-12-29 11:30:00,91747.61160795482
2023-12-29 11:45:00,91801.85904372226
2023-12-29 12:00:00,91768.5084800987
2023-12-29 12:15:00,91761.33177653413
2023-12-29 12:30:00,91659.16929049738
2023-12-29 12:45:00,91656.2141772649
2023-12-29 13:00:00,91772.09683188098
2023-12-29 13:15:00,91682.81019635711
2023-12-29 13:30:00,91705.39570463383
2023-12-29 13:45:00,91679.85508312464
2023-12-29 14:00:00,91575.58180192183
2023-12-29 14:15:00,91486.95837823913
2023-12-29 14:30:00,91486.95837823913
2023-12-29 14:45:00,91486.95837823913
2023-12-29 15:00:00,91486.95837823913
2023-12-29 15:15:00,91486.95837823913
2024-01-01 09:15:00,91486.95837823913
2024-01-01 09:30:00,91486.95837823913
2024-01-01 09:45:00,91486.95837823913
2024-01-01 10:00:00,91486.95837823913
2024-01-01 10:15:00,91486.95837823913
2024-01-01 10:30:00,91486.95837823913
2024-01-01 10:45:00,91486.95837823913
2024-01-01 11:00:00,91486.95837823913
2024-01-01 11:15:00,91486.95837823913
2024-01-01 11:30:00,91486.95837823913
2024-01-01 11:45:00,91486.95837823913
2024-01-01 12:00:00,91486.95837823913
2024-01-01 12:15:00,91486.95837823913
2024-01-01 12:30:00,91486.95837823913
2024-01-01 12:45:00,91486.95837823913
2024-01-01 13:00:00,91486.95837823913
2024-01-01 13:15:00,91486.95837823913
2024-01-01 13:30:00,91349.04632261606
2024-01-01 13:45:00,91442.10658541902
2024-01-01 14:00:00,91558.90456762772
2024-01-01 14:15:00,91565.62675365411
2024-01-01 14:30:00,91662.46824609692
2024-01-01 14:45:00,91685.785828876
2024-01-01 15:00:00,91280.35398415882
2024-01-01 15:15:00,91125.323568925
2024-01-02 09:15:00,91303.67156693789
2024-01-02 09:30:00,91324.6783982704
2024-01-02 09:45:00,90904.12163499379
2024-01-02 10:00:00,90810.06963968361
2024-01-02 10:15:00,90810.06963968361
2024-01-02 10:30:00,90810.06963968361
2024-01-02 10:45:00,90810.06963968361
2024-01-02 11:00:00,90810.06963968361
2024-01-02 11:15:00,90810.06963968361
2024-01-02 11:30:00,90810.06963968361
2024-01-02 11:45:00,90810.06963968361
2024-01-02 12:00:00,90810.06963968361
2024-01-02 12:15:00,90810.06963968361
2024-01-02 12:30:00,90810.06963968361
2024-01-02 12:45:00,90810.06963968361
2024-01-02 13:00:00,90810.06963968361
2024-01-02 13:15:00,90810.06963968361
2024-01-02 13:30:00,90810.06963968361
2024-01-02 13:45:00,90810.06963968361
2024-01-02 14:00:00,90810.06963968361
2024-01-02 14:15:00,90673.82162786087
2024-01-02 14:30:00,90751.5058515932
2024-01-02 14:45:00,90713.8153926395
2024-01-02 15:00:00,90712.76843544634
2024-01-02 15:15:00,90714.65295839404
2024-01-03 09:15:00,90559.07511949072
2024-01-03 09:30:00,90293.98555818303
2024-01-03 09:45:00,90407.68510936004
2024-01-03 10:00:00,90400.14701756931
2024-01-03 10:15:00,90296.07947256936
2024-01-03 10:30:00,90203.69157262486
2024-01-03 10:45:00,90203.69157262486
2024-01-03 11:00:00,90203.69157262486
2024-01-03 11:15:00,90203.69157262486
2024-01-03 11:30:00,90203.69157262486
2024-01-03 11:45:00,90203.69157262486
2024-01-03 12:00:00,90203.69157262486
2024-01-03 12:15:00,90203.69157262486
2024-01-03 12:30:00,90203.69157262486
2024-01-03 12:45:00,90203.69157262486
2024-01-03 13:00:00,90203.69157262486
2024-01-03 13:15:00,90203.69157262486
2024-01-03 13:30:00,90203.69157262486
2024-01-03 13:45:00,90203.69157262486
2024-01-03 14:00:00,90203.69157262486
2024-01-03 14:15:00,90203.69157262486
2024-01-03 14:30:00,90203.69157262486
2024-01-03 14:45:00,90203.69157262486
2024-01-03 15:00:00,90203.69157262486
2024-01-03 15:15:00,90203.69157262486
2024-01-04 09:15:00,90203.69157262486
2024-01-04 09:30:00,90203.69157262486
2024-01-04 09:45:00,90203.69157262486
2024-01-04 10:00:00,90203.69157262486
2024-01-04 10:15:00,90135.77541229354
2024-01-04 10:30:00,90135.98370697805
2024-01-04 10:45:00,90129.52657175859
2024-01-04 11:00:00,90194.72280800654
2024-01-04 11:15:00,90179.72559072268
2024-01-04 11:30:00,90154.93852326738
2024-01-04 11:45:00,90166.18643623029
2024-01-04 12:00:00,90158.68782758834
2024-01-04 12:15:00,90256.79462398702
2024-01-04 12:30:00,90263.04346452196
2024-01-04 12:45:00,90229.92460968674
2024-01-04 13:00:00,90268.45912631892
2024-01-04 13:15:00,90231.79926184723
2024-01-04 13:30:00,90257.83609740953
2024-01-04 13:45:00,90235.75686085269
2024-01-04 14:00:00,90211.17808808191
2024-01-04 14:15:00,90187.43249404912
2024-01-04 14:30:00,90169.51915118228
2024-01-04 14:45:00,90192.84815584608
2024-01-04 15:00:00,90198.88870169653
2024-01-04 15:15:00,90273.2499040624
2024-01-05 09:15:00,90495.50033242203
2024-01-05 09:30:00,90514.87173808034
2024-01-05 09:45:00,90569.86153478788
2024-01-05 10:00:00,90520.4956945618
2024-01-05 10:15:00,90539.24221616663
2024-01-05 10:30:00,90422.38889816312
2024-01-05 10:45:00,90351.98529480271
2024-01-05 11:00:00,90371.35670046105
2024-01-05 11:15:00,90342.40373931579
2024-01-05 11:30:00,90328.44799545441
2024-01-05 11:45:00,90323.24062834194
2024-01-05 12:00:00,90361.15026092062
2024-01-05 12:15:00,90397.39353602333
2024-01-05 12:30:00,90357.60925128416
2024-01-05 12:45:00,90310.53465258756
2024-01-05 13:00:00,90218.9755995961
2024-01-05 13:15:00,90218.9755995961
2024-01-05 13:30:00,90218.9755995961
2024-01-05 13:45:00,90218.9755995961
2024-01-05 14:00:00,90218.9755995961
2024-01-05 14:15:00,90218.9755995961
2024-01-05 14:30:00,90218.9755995961
2024-01-05 14:45:00,90218.9755995961
2024-01-05 15:00:00,90218.9755995961
2024-01-05 15:15:00,90218.9755995961
2024-01-08 09:15:00,90218.9755995961
2024-01-08 09:30:00,89907.00066778476
2024-01-08 09:45:00,89928.78212279151
2024-01-08 10:00:00,90000.55720309954
2024-01-08 10:15:00,90024.20563996401
2024-01-08 10:30:00,89941.22866850966
2024-01-08 10:45:00,89759.71654345328
2024-01-08 11:00:00,89698.10614214843
2024-01-08 11:15:00,89732.33414287334
2024-01-08 11:30:00,89778.3863620305
2024-01-08 11:45:00,89437.1435669245
2024-01-08 12:00:00,89347.91365834378
2024-01-08 12:15:00,89347.91365834378
2024-01-08 12:30:00,89347.91365834378
2024-01-08 12:45:00,89347.91365834378
2024-01-08 13:00:00,89347.91365834378
2024-01-08 13:15:00,89347.91365834378
2024-01-08 13:30:00,89347.91365834378
2024-01-08 13:45:00,89347.91365834378
2024-01-08 14:00:00,89347.91365834378
2024-01-08 14:15:00,89347.91365834378
2024-01-08 14:30:00,89347.91365834378
2024-01-08 14:45:00,89347.91365834378
2024-01-08 15:00:00,89347.91365834378
2024-01-08 15:15:00,89347.91365834378
2024-01-09 09:15:00,89347.91365834378
2024-01-09 09:30:00,89347.91365834378
2024-01-09 09:45:00,89347.91365834378
2024-01-09 10:00:00,89347.91365834378
2024-01-09 10:15:00,89378.91168677589
2024-01-09 10:30:00,89467.31649697592
2024-01-09 10:45:00,89352.94663762623
2024-01-09 11:00:00,89418.06533231902
2024-01-09 11:15:00,89380.76633314372
2024-01-09 11:30:00,89415.18032685797
2024-01-09 11:45:00,89432.49035962438
2024-01-09 12:00:00,89395.6035040864
2024-01-09 12:15:00,89458.04326513674
2024-01-09 12:30:00,89451.8611105773
2024-01-09 12:45:00,89498.02119795447
2024-01-09 13:00:00,89469.37721516239
2024-01-09 13:15:00,89479.2686624575
2024-01-09 13:30:00,89441.14537600761
2024-01-09 13:45:00,89344.70376488031
2024-01-09 14:00:00,89251.35323103273
2024-01-09 14:15:00,88855.48926740975
2024-01-09 14:30:00,88775.07427376237
2024-01-09 14:45:00,88775.07427376237
2024-01-09 15:00:00,88775.07427376237
2024-01-09 15:15:00,88775.07427376237
2024-01-10 09:15:00,88775.07427376237
2024-01-10 09:30:00,88775.07427376237
2024-01-10 09:45:00,88775.07427376237
2024-01-10 10:00:00,88775.07427376237
2024-01-10 10:15:00,88775.07427376237
2024-01-10 10:30:00,88775.07427376237
2024-01-10 10:45:00,88775.07427376237
2024-01-10 11:00:00,88775.07427376237
2024-01-10 11:15:00,88775.07427376237
2024-01-10 11:30:00,88775.07427376237
2024-01-10 11:45:00,88775.07427376237
2024-01-10 12:00:00,88775.07427376237
2024-01-10 12:15:00,88775.07427376237
2024-01-10 12:30:00,88775.07427376237
2024-01-10 12:45:00,88775.07427376237
2024-01-10 13:00:00,88775.07427376237
2024-01-10 13:15:00,88775.07427376237
2024-01-10 13:30:00,88775.07427376237
2024-01-10 13:45:00,88775.07427376237
2024-01-10 14:00:00,88775.07427376237
2024-01-10 14:15:00,88775.07427376237
2024-01-10 14:30:00,88775.07427376237
2024-01-10 14:45:00,88775.07427376237
2024-01-10 15:00:00,88705.38736801226
2024-01-10 15:15:00,88771.88808415916
2024-01-11 09:15:00,89097.41319468076
2024-01-11 09:30:00,89008.95082227547
2024-01-11 09:45:00,88973.85322208681
2024-01-11 10:00:00,88963.79601501522
2024-01-11 10:15:00,88917.82021125933
2024-01-11 10:30:00,88930.95615518957
2024-01-11 10:45:00,88904.88951645297
2024-01-11 11:00:00,88892.77981814225
2024-01-11 11:15:00,88891.13782515099
2024-01-11 11:30:00,88928.69841482656
2024-01-11 11:45:00,88924.38818322445
2024-01-11 12:00:00,88902.22127784215
2024-01-11 12:15:00,88941.83435875682
2024-01-11 12:30:00,88959.89628166094
2024-01-11 12:45:00,88966.25900450215
2024-01-11 13:00:00,88970.36398698036
2024-01-11 13:15:00,88928.28791657876
2024-01-11 13:30:00,88931.36665343742
2024-01-11 13:45:00,88936.7031306591
2024-01-11 14:00:00,88693.4829188255
2024-01-11 14:15:00,88884.364604062
2024-01-11 14:30:00,88862.40294780361
2024-01-11 14:45:00,88894.2165620097
2024-01-11 15:00:00,88858.91371269712
2024-01-11 15:15:00,88952.50731320019
2024-01-12 09:15:00,89215.43144092917
2024-01-12 09:30:00,89237.80359543538
2024-01-12 09:45:00,89303.27806596272
2024-01-12 10:00:00,89507.09044600556
2024-01-12 10:15:00,89561.07096559396
2024-01-12 10:30:00,89573.59116215247
2024-01-12 10:45:00,89637.62888881247
2024-01-12 11:00:00,89579.54338674589
2024-01-12 11:15:00,89656.1013099644
2024-01-12 11:30:00,89637.62888881248
2024-01-12 11:45:00,89630.23992035171
2024-01-12 12:00:00,89601.71029212819
2024-01-12 12:15:00,89604.37853073904
2024-01-12 12:30:00,89605.61002548249
2024-01-12 12:45:00,89688.73592066613
2024-01-12 13:00:00,89665.54276966427
2024-01-12 13:15:00,89721.57578049177
2024-01-12 13:30:00,89843.08326184661
2024-01-12 13:45:00,89870.58664445058
2024-01-12 14:00:00,89813.32213887964
2024-01-12 14:15:00,89863.40292511373
2024-01-12 14:30:00,89959.87001335152
2024-01-12 14:45:00,89917.79394294992
2024-01-12 15:00:00,89802.8544335602
2024-01-12 15:15:00,89932.9823781193
2024-01-15 09:15:00,90601.8892729427
2024-01-15 09:30:00,90485.30777056169
2024-01-15 09:45:00,90238.80357274551
2024-01-15 10:00:00,90351.69059089613
2024-01-15 10:15:00,90413.4705771931
2024-01-15 10:30:00,90437.68997381453
2024-01-15 10:45:00,90497.62271799632
2024-01-15 11:00:00,90482.43428282696
2024-01-15 11:15:00,90544.41951824784
2024-01-15 11:30:00,90526.76809359157
2024-01-15 11:45:00,90516.71088651997
2024-01-15 12:00:00,90523.484107609
2024-01-15 12:15:00,90564.53393239103
2024-01-15 12:30:00,90549.9612445934
2024-01-15 12:45:00,90559.40270429327
2024-01-15 13:00:00,90555.29772181508
2024-01-15 13:15:00,90548.52450072605
2024-01-15 13:30:00,90524.30510410464
2024-01-15 13:45:00,90572.33339909963
2024-01-15 14:00:00,90599.8367817036
2024-01-15 14:15:00,90572.53864822353
2024-01-15 14:30:00,90598.81053608406
2024-01-15 14:45:00,90702.66659278261
2024-01-15 15:00:00,90666.33749785052
2024-01-15 15:15:00,90760.34159660139
2024-01-16 09:15:00,90556.93971480637
2024-01-16 09:30:00,90603.7365150579
2024-01-16 09:45:00,90635.7553783879
2024-01-16 10:00:00,90722.78100692583
2024-01-16 10:15:00,90696.0986208175
2024-01-16 10:30:00,90724.62824904101
2024-01-16 10:45:00,90776.5562773903
2024-01-16 11:00:00,90797.08118978131
2024-01-16 11:15:00,90757.87860711447
2024-01-16 11:30:00,90667.9794908418
2024-01-16 11:45:00,90747.82140004289
2024-01-16 12:00:00,90628.98215729887
2024-01-16 12:15:00,90650.12281706162
2024-01-16 12:30:00,90593.26880973848
2024-01-16 12:45:00,90538.67254277837
2024-01-16 13:00:00,90444.64812436423
2024-01-16 13:15:00,90444.64812436423
2024-01-16 13:30:00,90444.64812436423
2024-01-16 13:45:00,90444.64812436423
2024-01-16 14:00:00,90444.64812436423
2024-01-16 14:15:00,90444.64812436423
2024-01-16 14:30:00,90444.64812436423
2024-01-16 14:45:00,90444.64812436423
2024-01-16 15:00:00,90444.64812436423
2024-01-16 15:15:00,90444.64812436423
2024-01-17 09:15:00,90444.64812436423
2024-01-17 09:30:00,90444.64812436423
2024-01-17 09:45:00,90444.64812436423
2024-01-17 10:00:00,90444.64812436423
2024-01-17 10:15:00,90444.64812436423
2024-01-17 10:30:00,90444.64812436423
2024-01-17 10:45:00,90444.64812436423
2024-01-17 11:00:00,90444.64812436423
2024-01-17 11:15:00,90444.64812436423
2024-01-17 11:30:00,90444.64812436423
2024-01-17 11:45:00,90444.64812436423
2024-01-17 12:00:00,90444.64812436423
2024-01-17 12:15:00,90444.64812436423
2024-01-17 12:30:00,90444.64812436423
2024-01-17 12:45:00,90444.64812436423
2024-01-17 13:00:00,90444.64812436423
2024-01-17 13:15:00,90444.64812436423
2024-01-17 13:30:00,90444.64812436423
2024-01-17 13:45:00,90444.64812436423
2024-01-17 14:00:00,90444.64812436423
2024-01-17 14:15:00,90444.64812436423
2024-01-17 14:30:00,90444.64812436423
2024-01-17 14:45:00,90444.64812436423
2024-01-17 15:00:00,90444.64812436423
2024-01-17 15:15:00,90444.64812436423
2024-01-18 09:15:00,90444.64812436423
2024-01-18 09:30:00,90444.64812436423
2024-01-18 09:45:00,90444.64812436423
2024-01-18 10:00:00,90444.64812436423
2024-01-18 10:15:00,90444.64812436423
2024-01-18 10:30:00,90444.64812436423
2024-01-18 10:45:00,90444.64812436423
2024-01-18 11:00:00,90444.64812436423
2024-01-18 11:15:00,90444.64812436423
2024-01-18 11:30:00,90444.64812436423
2024-01-18 11:45:00,90444.64812436423
2024-01-18 12:00:00,90400.40799853746
2024-01-18 12:15:00,90384.6564568451
2024-01-18 12:30:00,90105.32911750069
2024-01-18 12:45:00,90070.88574633341
2024-01-18 13:00:00,90109.31950806276
2024-01-18 13:15:00,90094.8280897058
2024-01-18 13:30:00,90051.35383463491
2024-01-18 13:45:00,90104.69905583301
2024-01-18 14:00:00,90117.09026863099
2024-01-18 14:15:00,90011.44992901427
2024-01-18 14:30:00,89921.43847908525
2024-01-18 14:45:00,89921.43847908525
2024-01-18 15:00:00,89921.43847908525
2024-01-18 15:15:00,89921.43847908525
2024-01-19 09:15:00,89921.43847908525
2024-01-19 09:30:00,89760.58350372131
2024-01-19 09:45:00,89768.6724158222
2024-01-19 10:00:00,89762.03535973941
2024-01-19 10:15:00,89851.01339284937
2024-01-19 10:30:00,89788.1687680654
2024-01-19 10:45:00,89699.60555096062
2024-01-19 11:00:00,89545.91622104343
2024-01-19 11:15:00,89589.88671759193
2024-01-19 11:30:00,89595.6941416644
2024-01-19 11:45:00,89582.00521349363
2024-01-19 12:00:00,89552.13846112107
2024-01-19 12:15:00,89562.09404524526
2024-01-19 12:30:00,89618.09420594384
2024-01-19 12:45:00,89643.3979822595
2024-01-19 13:00:00,89714.95374315212
2024-01-19 13:15:00,89561.2644132349
2024-01-19 13:30:00,89645.47206228535
2024-01-19 13:45:00,89623.48681401108
2024-01-19 14:00:00,89554.62735715209
2024-01-19 14:15:00,89465.90153217326
2024-01-19 14:30:00,89465.90153217326
2024-01-19 14:45:00,89465.90153217326
2024-01-19 15:00:00,89465.90153217326
2024-01-19 15:15:00,89465.90153217326
2024-01-20 09:15:00,89465.90153217326
2024-01-20 09:30:00,89465.90153217326
2024-01-20 09:45:00,89465.90153217326
2024-01-20 10:00:00,89465.90153217326
2024-01-20 10:15:00,89465.90153217326
2024-01-20 10:30:00,89465.90153217326
2024-01-20 10:45:00,89328.82052682289
2024-01-20 11:00:00,89317.68972333292
2024-01-20 11:15:00,89279.7625410708
2024-01-20 11:30:00,89268.01335960916
2024-01-20 11:45:00,89245.95787861978
2024-01-20 12:00:00,89244.51499668589
2024-01-20 12:15:00,89226.37590951707
2024-01-20 12:30:00,89022.92955683927
2024-01-20 12:45:00,88941.93750200044
2024-01-20 13:00:00,88941.93750200044
2024-01-20 13:15:00,88941.93750200044
2024-01-20 13:30:00,88941.93750200044
2024-01-20 13:45:00,88941.93750200044
2024-01-20 14:00:00,88941.93750200044
2024-01-20 14:15:00,88941.93750200044
2024-01-20 14:30:00,88941.93750200044
2024-01-20 14:45:00,88941.93750200044
2024-01-20 15:00:00,88941.93750200044
2024-01-20 15:15:00,88941.93750200044
2024-01-23 09:15:00,88941.93750200044
2024-01-23 09:30:00,88941.93750200044
2024-01-23 09:45:00,88941.93750200044
2024-01-23 10:00:00,88941.93750200044
2024-01-23 10:15:00,88941.93750200044
2024-01-23 10:30:00,88941.93750200044
2024-01-23 10:45:00,88941.93750200044
2024-01-23 11:00:00,88941.93750200044
2024-01-23 11:15:00,88941.93750200044
2024-01-23 11:30:00,88941.93750200044
2024-01-23 11:45:00,88941.93750200044
2024-01-23 12:00:00,88941.93750200044
2024-01-23 12:15:00,88941.93750200044
2024-01-23 12:30:00,88941.93750200044
2024-01-23 12:45:00,88941.93750200044
2024-01-23 13:00:00,88941.93750200044
2024-01-23 13:15:00,88941.93750200044
2024-01-23 13:30:00,88941.93750200044
2024-01-23 13:45:00,88941.93750200044
2024-01-23 14:00:00,88941.93750200044
2024-01-23 14:15:00,88941.93750200044
2024-01-23 14:30:00,88941.93750200044
2024-01-23 14:45:00,88941.93750200044
2024-01-23 15:00:00,88941.93750200044
2024-01-23 15:15:00,88941.93750200044
2024-01-24 09:15:00,88941.93750200044
2024-01-24 09:30:00,88941.93750200044
2024-01-24 09:45:00,88941.93750200044
2024-01-24 10:00:00,88941.93750200044
2024-01-24 10:15:00,88941.93750200044
2024-01-24 10:30:00,88941.93750200044
2024-01-24 10:45:00,88941.93750200044
2024-01-24 11:00:00,88941.93750200044
2024-01-24 11:15:00,88941.93750200044
2024-01-24 11:30:00,88941.93750200044
2024-01-24 11:45:00,88941.93750200044
2024-01-24 12:00:00,88941.93750200044
2024-01-24 12:15:00,88941.93750200044
2024-01-24 12:30:00,88941.93750200044
2024-01-24 12:45:00,88941.93750200044
2024-01-24 13:00:00,88941.93750200044
2024-01-24 13:15:00,88941.93750200044
2024-01-24 13:30:00,88941.93750200044
2024-01-24 13:45:00,88941.93750200044
2024-01-24 14:00:00,88941.93750200044
2024-01-24 14:15:00,88974.5716903095
2024-01-24 14:30:00,89225.01018234836
2024-01-24 14:45:00,89250.19975636058
2024-01-24 15:00:00,89333.67925370688
2024-01-24 15:15:00,89353.0398353857
2024-01-25 09:15:00,89258.52688826546
2024-01-25 09:30:00,89041.60510214369
2024-01-25 09:45:00,88990.60141922638
2024-01-25 10:00:00,88971.03265924995
2024-01-25 10:15:00,88753.06998164006
2024-01-25 10:30:00,88667.85240368693
2024-01-25 10:45:00,88667.85240368693
2024-01-25 11:00:00,88667.85240368693
2024-01-25 11:15:00,88667.85240368693
2024-01-25 11:30:00,88667.85240368693
2024-01-25 11:45:00,88667.85240368693
2024-01-25 12:00:00,88667.85240368693
2024-01-25 12:15:00,88667.85240368693
2024-01-25 12:30:00,88667.85240368693
2024-01-25 12:45:00,88667.85240368693
2024-01-25 13:00:00,88667.85240368693
2024-01-25 13:15:00,88667.85240368693
2024-01-25 13:30:00,88667.85240368693
2024-01-25 13:45:00,88667.85240368693
2024-01-25 14:00:00,88667.85240368693
2024-01-25 14:15:00,88667.85240368693
2024-01-25 14:30:00,88667.85240368693
2024-01-25 14:45:00,88667.85240368693
2024-01-25 15:00:00,88667.85240368693
2024-01-25 15:15:00,88667.85240368693
2024-01-29 09:15:00,88667.85240368693
2024-01-29 09:30:00,88538.48457369742
2024-01-29 09:45:00,88720.1955847372
2024-01-29 10:00:00,88690.80115648078
2024-01-29 10:15:00,88732.9400221631
2024-01-29 10:30:00,88808.17331406417
2024-01-29 10:45:00,88915.67881041464
2024-01-29 11:00:00,88942.60657336283
2024-01-29 11:15:00,88936.43991009225
2024-01-29 11:30:00,88951.8565682687
2024-01-29 11:45:00,89023.38986220745
2024-01-29 12:00:00,89055.25095577212
2024-01-29 12:15:00,89031.20096901686
2024-01-29 12:30:00,89138.50090992497
2024-01-29 12:45:00,89215.58420080724
2024-01-29 13:00:00,89231.82308075309
2024-01-29 13:15:00,89135.62313373204
2024-01-29 13:30:00,89203.45642970843
2024-01-29 13:45:00,89327.4063614471
2024-01-29 14:00:00,89297.3952668636
2024-01-29 14:15:00,89271.90639201186
2024-01-29 14:30:00,89331.51747029414
2024-01-29 14:45:00,89219.69530965427
2024-01-29 15:00:00,89381.87855367057
2024-01-29 15:15:00,89395.2396574235
2024-01-30 09:15:00,89221.95641952018
2024-01-30 09:30:00,89464.5118414964
2024-01-30 09:45:00,89379.82299924706
2024-01-30 10:00:00,89469.85628299756
2024-01-30 10:15:00,89351.8674590871
2024-01-30 10:30:00,89281.97860868718
2024-01-30 10:45:00,89233.46752429193
2024-01-30 11:00:00,89134.59535652028
2024-01-30 11:15:00,89203.45642970843
2024-01-30 11:30:00,89285.88416209187
2024-01-30 11:45:00,89339.53413254593
2024-01-30 12:00:00,89253.81751308485
2024-01-30 12:15:00,89254.43417941191
2024-01-30 12:30:00,89141.58424156027
2024-01-30 12:45:00,89209.41753753665
2024-01-30 13:00:00,89111.7787024191
2024-01-30 13:15:00,89171.3897807014
2024-01-30 13:30:00,89158.02867694847
2024-01-30 13:45:00,89042.09540746156
2024-01-30 14:00:00,88951.20516307189
2024-01-30 14:15:00,88951.20516307189
2024-01-30 14:30:00,88951.20516307189
2024-01-30 14:45:00,88951.20516307189
2024-01-30 15:00:00,88951.20516307189
2024-01-30 15:15:00,88951.20516307189
2024-01-31 09:15:00,88951.20516307189
2024-01-31 09:30:00,88951.20516307189
2024-01-31 09:45:00,88951.20516307189
2024-01-31 10:00:00,88951.20516307189
2024-01-31 10:15:00,88951.20516307189
2024-01-31 10:30:00,88951.20516307189
2024-01-31 10:45:00,88977.94931473059
2024-01-31 11:00:00,89014.32245533
2024-01-31 11:15:00,89042.27017918037
2024-01-31 11:30:00,89188.37923548638
2024-01-31 11:45:00,89255.16607557
2024-01-31 12:00:00,89255.16607557
2024-01-31 12:15:00,89093.4391735829
2024-01-31 12:30:00,89059.73750658685
2024-01-31 12:45:00,89052.1340817158
2024-01-31 13:00:00,89156.32155224626
2024-01-31 13:15:00,89182.00879843227
2024-01-31 13:30:00,89105.9745497217
2024-01-31 13:45:00,89127.9628324569
2024-01-31 14:00:00,89127.75733448741
2024-01-31 14:15:00,89081.52029135259
2024-01-31 14:30:00,89185.91325985253
2024-01-31 14:45:00,89124.67486494509
2024-01-31 15:00:00,89299.75913494894
2024-01-31 15:15:00,89220.23142075705
2024-02-01 09:15:00,89249.82312836332
2024-02-01 09:30:00,89346.6126719922
2024-02-01 09:45:00,89419.97544709945
2024-02-01 10:00:00,89538.13677955509
2024-02-01 10:15:00,89569.37247091727
2024-02-01 10:30:00,89541.0137511279
2024-02-01 10:45:00,89585.19581456784
2024-02-01 11:00:00,89528.27287701966
2024-02-01 11:15:00,89384.42429837801
2024-02-01 11:30:00,89383.39680853058
2024-02-01 11:45:00,89306.12957200308
2024-02-01 12:00:00,89344.35219432785
2024-02-01 12:15:00,89254.75507963105
2024-02-01 12:30:00,89282.90830145091
2024-02-01 12:45:00,89353.59960295481
2024-02-01 13:00:00,89310.03403342335
2024-02-01 13:15:00,89225.16337202478
2024-02-01 13:30:00,89132.24294416541
2024-02-01 13:45:00,89132.24294416541
2024-02-01 14:00:00,89132.24294416541
2024-02-01 14:15:00,89132.24294416541
2024-02-01 14:30:00,89132.24294416541
2024-02-01 14:45:00,89132.24294416541
2024-02-01 15:00:00,89132.24294416541
2024-02-01 15:15:00,89132.24294416541
2024-02-02 09:15:00,89132.24294416541
2024-02-02 09:30:00,89132.24294416541
2024-02-02 09:45:00,89132.24294416541
2024-02-02 10:00:00,89132.24294416541
2024-02-02 10:15:00,89132.24294416541
2024-02-02 10:30:00,89132.24294416541
2024-02-02 10:45:00,89132.24294416541
2024-02-02 11:00:00,89132.24294416541
2024-02-02 11:15:00,89269.49646763154
2024-02-02 11:30:00,89456.80132803362
2024-02-02 11:45:00,89422.58022380879
2024-02-02 12:00:00,89334.49631648457
2024-02-02 12:15:00,88853.17344818647
2024-02-02 12:30:00,88841.4289272099
2024-02-02 12:45:00,88747.53026705183
2024-02-02 13:00:00,88747.53026705183
2024-02-02 13:15:00,88747.53026705183
2024-02-02 13:30:00,88747.53026705183
2024-02-02 13:45:00,88747.53026705183
2024-02-02 14:00:00,88747.53026705183
2024-02-02 14:15:00,88747.53026705183
2024-02-02 14:30:00,88747.53026705183
2024-02-02 14:45:00,88747.53026705183
2024-02-02 15:00:00,88747.53026705183
2024-02-02 15:15:00,88747.53026705183
2024-02-05 09:15:00,88747.53026705183
2024-02-05 09:30:00,88747.53026705183
2024-02-05 09:45:00,88747.53026705183
2024-02-05 10:00:00,88747.53026705183
2024-02-05 10:15:00,88747.53026705183
2024-02-05 10:30:00,88747.53026705183
2024-02-05 10:45:00,88747.53026705183
2024-02-05 11:00:00,88747.53026705183
2024-02-05 11:15:00,88747.53026705183
2024-02-05 11:30:00,88747.53026705183
2024-02-05 11:45:00,88747.53026705183
2024-02-05 12:00:00,88747.53026705183
2024-02-05 12:15:00,88747.53026705183
2024-02-05 12:30:00,88747.53026705183
2024-02-05 12:45:00,88747.53026705183
2024-02-05 13:00:00,88679.60163235781
2024-02-05 13:15:00,88555.49675971853
2024-02-05 13:30:00,88623.00657643111
2024-02-05 13:45:00,88699.20777673245
2024-02-05 14:00:00,88576.31565529159
2024-02-05 14:15:00,88487.58269260649
2024-02-05 14:30:00,88031.99249239649
2024-02-05 14:45:00,87868.27108060851
2024-02-05 15:00:00,87745.67204070729
2024-02-05 15:15:00,87745.67204070729
2024-02-06 09:15:00,87745.67204070729
2024-02-06 09:30:00,87745.67204070729
2024-02-06 09:45:00,87745.67204070729
2024-02-06 10:00:00,87745.67204070729
2024-02-06 10:15:00,87745.67204070729
2024-02-06 10:30:00,87745.67204070729
2024-02-06 10:45:00,87745.67204070729
2024-02-06 11:00:00,87745.67204070729
2024-02-06 11:15:00,87745.67204070729
2024-02-06 11:30:00,87745.67204070729
2024-02-06 11:45:00,87770.15288360456
2024-02-06 12:00:00,87769.75207462265
2024-02-06 12:15:00,87687.98704231068
2024-02-06 12:30:00,87772.75814198705
2024-02-06 12:45:00,87681.37369410896
2024-02-06 13:00:00,87799.01113030291
2024-02-06 13:15:00,87839.49283747697
2024-02-06 13:30:00,87848.51103957019
2024-02-06 13:45:00,87846.90780364252
2024-02-06 14:00:00,87836.88757909449
2024-02-06 14:15:00,87823.86128718204
2024-02-06 14:30:00,87927.0696000268
2024-02-06 14:45:00,87827.86937700126
2024-02-06 15:00:00,87855.12438777192
2024-02-06 15:15:00,87932.6809257737
2024-02-07 09:15:00,88137.6947200265
2024-02-07 09:30:00,88051.52078891339
2024-02-07 09:45:00,88213.44761760964
2024-02-07 10:00:00,88217.25530293789
2024-02-07 10:15:00,88167.35458468867
2024-02-07 10:30:00,88025.4682050885
2024-02-07 10:45:00,88064.7474853168
2024-02-07 11:00:00,88030.67872185347
2024-02-07 11:15:00,87907.02915093073
2024-02-07 11:30:00,87760.93427702037
2024-02-07 11:45:00,87671.97211822453
2024-02-07 12:00:00,87671.97211822453
2024-02-07 12:15:00,87671.97211822453
2024-02-07 12:30:00,87671.97211822453
2024-02-07 12:45:00,87671.97211822453
2024-02-07 13:00:00,87671.97211822453
2024-02-07 13:15:00,87671.97211822453
2024-02-07 13:30:00,87671.97211822453
2024-02-07 13:45:00,87671.97211822453
2024-02-07 14:00:00,87671.97211822453
2024-02-07 14:15:00,87671.97211822453
2024-02-07 14:30:00,87671.97211822453
2024-02-07 14:45:00,87671.97211822453
2024-02-07 15:00:00,87671.97211822453
2024-02-07 15:15:00,87671.97211822453
2024-02-08 09:15:00,87539.93029258163
2024-02-08 09:30:00,87444.62464308247
2024-02-08 09:45:00,87408.0145397258
2024-02-08 10:00:00,87305.74501187076
2024-02-08 10:15:00,87378.169346772
2024-02-08 10:30:00,87058.42784626021
2024-02-08 10:45:00,86863.83718820136
2024-02-08 11:00:00,86785.12287940114
2024-02-08 11:15:00,86785.12287940114
2024-02-08 11:30:00,86785.12287940114
2024-02-08 11:45:00,86785.12287940114
2024-02-08 12:00:00,86785.12287940114
2024-02-08 12:15:00,86785.12287940114
2024-02-08 12:30:00,86785.12287940114
2024-02-08 12:45:00,86785.12287940114
2024-02-08 13:00:00,86785.12287940114
2024-02-08 13:15:00,86785.12287940114
2024-02-08 13:30:00,86785.12287940114
2024-02-08 13:45:00,86785.12287940114
2024-02-08 14:00:00,86785.12287940114
2024-02-08 14:15:00,86785.12287940114
2024-02-08 14:30:00,86785.12287940114
2024-02-08 14:45:00,86785.12287940114
2024-02-08 15:00:00,86785.12287940114
2024-02-08 15:15:00,86785.12287940114
2024-02-09 09:15:00,86785.12287940114
2024-02-09 09:30:00,86785.12287940114
2024-02-09 09:45:00,86785.12287940114
2024-02-09 10:00:00,86785.12287940114
2024-02-09 10:15:00,86785.12287940114
2024-02-09 10:30:00,86785.12287940114
2024-02-09 10:45:00,86785.12287940114
2024-02-09 11:00:00,86785.12287940114
2024-02-09 11:15:00,86785.12287940114
2024-02-09 11:30:00,86785.12287940114
2024-02-09 11:45:00,86785.12287940114
2024-02-09 12:00:00,86785.12287940114
2024-02-09 12:15:00,86785.12287940114
2024-02-09 12:30:00,86785.12287940114
2024-02-09 12:45:00,86663.475544214
2024-02-09 13:00:00,86670.6471993173
2024-02-09 13:15:00,86634.98813644252
2024-02-09 13:30:00,86611.87946999853
2024-02-09 13:45:00,86625.62514227987
2024-02-09 14:00:00,86700.72830822282
2024-02-09 14:15:00,86734.79366996353
2024-02-09 14:30:00,86718.25902069757
2024-02-09 14:45:00,86707.70075068437
2024-02-09 15:00:00,86788.1826579548
2024-02-09 15:15:00,86800.93226702735
2024-02-12 09:15:00,86860.69605955492
2024-02-12 09:30:00,86636.18341229306
2024-02-12 09:45:00,86549.5259131281
2024-02-12 10:00:00,86419.44005805977
2024-02-12 10:15:00,86306.28727754092
2024-02-12 10:30:00,86220.77704397983
2024-02-12 10:45:00,86220.77704397983
2024-02-12 11:00:00,86220.77704397983
2024-02-12 11:15:00,86220.77704397983
2024-02-12 11:30:00,86220.77704397983
2024-02-12 11:45:00,86220.77704397983
2024-02-12 12:00:00,86220.77704397983
2024-02-12 12:15:00,86220.77704397983
2024-02-12 12:30:00,86220.77704397983
2024-02-12 12:45:00,86220.77704397983
2024-02-12 13:00:00,86220.77704397983
2024-02-12 13:15:00,86220.77704397983
2024-02-12 13:30:00,86220.77704397983
2024-02-12 13:45:00,86220.77704397983
2024-02-12 14:00:00,86220.77704397983
2024-02-12 14:15:00,86220.77704397983
2024-02-12 14:30:00,86220.77704397983
2024-02-12 14:45:00,86220.77704397983
2024-02-12 15:00:00,86220.77704397983
2024-02-12 15:15:00,86220.77704397983
2024-02-13 09:15:00,86220.77704397983
2024-02-13 09:30:00,86220.77704397983
2024-02-13 09:45:00,86220.77704397983
2024-02-13 10:00:00,86220.77704397983
2024-02-13 10:15:00,86220.77704397983
2024-02-13 10:30:00,86220.77704397983
2024-02-13 10:45:00,86220.77704397983
2024-02-13 11:00:00,86276.07466125529
2024-02-13 11:15:00,86133.7634467996
2024-02-13 11:30:00,86036.44477507571
2024-02-13 11:45:00,86115.33037863192
2024-02-13 12:00:00,85810.4910362463
2024-02-13 12:15:00,85777.98541066032
2024-02-13 12:30:00,85789.48130263583
2024-02-13 12:45:00,85971.23531886967
2024-02-13 13:00:00,85965.68557791597
2024-02-13 13:15:00,86067.16655535513
2024-02-13 13:30:00,86156.16061564845
2024-02-13 13:45:00,86160.91753646592
2024-02-13 14:00:00,86133.16883169739
2024-02-13 14:15:00,86187.47701103007
2024-02-13 14:30:00,86080.84270270531
2024-02-13 14:45:00,86152.79113006941
2024-02-13 15:00:00,86234.64980913655
2024-02-13 15:15:00,86131.97960149302
2024-02-14 09:15:00,85481.0742696371
2024-02-14 09:30:00,85394.00914073524
2024-02-14 09:45:00,85394.00914073524
2024-02-14 10:00:00,85394.00914073524
2024-02-14 10:15:00,85394.00914073524
2024-02-14 10:30:00,85394.00914073524
2024-02-14 10:45:00,85394.00914073524
2024-02-14 11:00:00,85394.00914073524
2024-02-14 11:15:00,85394.00914073524
2024-02-14 11:30:00,85394.00914073524
2024-02-14 11:45:00,85394.00914073524
2024-02-14 12:00:00,85394.00914073524
2024-02-14 12:15:00,85394.00914073524
2024-02-14 12:30:00,85394.00914073524
2024-02-14 12:45:00,85394.00914073524
2024-02-14 13:00:00,85394.00914073524
2024-02-14 13:15:00,85239.1942597828
2024-02-14 13:30:00,85199.86232107929
2024-02-14 13:45:00,85190.61931548397
2024-02-14 14:00:00,85424.84101046338
2024-02-14 14:15:00,85557.58630358774
2024-02-14 14:30:00,85804.19755925877
2024-02-14 14:45:00,85896.82427490554
2024-02-14 15:00:00,85799.67438630786
2024-02-14 15:15:00,85935.17291514146
2024-02-15 09:15:00,86043.92572565666
2024-02-15 09:30:00,85837.43304746323
2024-02-15 09:45:00,85776.4685424728
2024-02-15 10:00:00,86079.32447048984
2024-02-15 10:15:00,86023.07979814382
2024-02-15 10:30:00,85980.01132526348
2024-02-15 10:45:00,85931.04306157761
2024-02-15 11:00:00,86013.05015377443
2024-02-15 11:15:00,85988.46769208473
2024-02-15 11:30:00,85971.75161813574
2024-02-15 11:45:00,85984.9278176014
2024-02-15 12:00:00,85971.16163905518
2024-02-15 12:15:00,85971.35829874872
2024-02-15 12:30:00,85941.26936564052
2024-02-15 12:45:00,85972.14493752277
2024-02-15 13:00:00,85984.53449821437
2024-02-15 13:15:00,86013.24681346794
2024-02-15 13:30:00,86309.80963129242
2024-02-15 13:45:00,86338.71860623949
2024-02-15 14:00:00,86194.96037027816
2024-02-15 14:15:00,86107.05348727581
2024-02-15 14:30:00,86144.81214843119
2024-02-15 14:45:00,86179.03093510325
2024-02-15 15:00:00,86175.49106061993
2024-02-15 15:15:00,86243.33865488348
2024-02-16 09:15:00,86552.09437370604
2024-02-16 09:30:00,86507.05930389052
2024-02-16 09:45:00,86554.45429002827
2024-02-16 10:00:00,86674.61336276749
2024-02-16 10:15:00,86688.57620100722
2024-02-16 10:30:00,86657.11065004441
2024-02-16 10:45:00,86664.38705870455
2024-02-16 11:00:00,86666.55031533325
2024-02-16 11:15:00,86676.77661939616
2024-02-16 11:30:00,86638.42797916023
2024-02-16 11:45:00,86694.47599181272
2024-02-16 12:00:00,86716.69853718021
2024-02-16 12:15:00,86629.38163325841
2024-02-16 12:30:00,86712.76534330986
2024-02-16 12:45:00,86768.42003657532
2024-02-16 13:00:00,86747.37744936894
2024-02-16 13:15:00,86690.34613824885
2024-02-16 13:30:00,86754.65385802908
2024-02-16 13:45:00,86749.54070599763
2024-02-16 14:00:00,86708.63548974597
2024-02-16 14:15:00,86740.69101978934
2024-02-16 14:30:00,86702.14571985991
2024-02-16 14:45:00,86706.86555250434
2024-02-16 15:00:00,86673.43340460636
2024-02-16 15:15:00,86662.02714238234
2024-02-19 09:15:00,86816.40500179362
2024-02-19 09:30:00,86774.31982738087
2024-02-19 09:45:00,86629.97161233898
2024-02-19 10:00:00,86786.51272837898
2024-02-19 10:15:00,86894.28224042659
2024-02-19 10:30:00,86868.7164802693
2024-02-19 10:45:00,86977.86261017153
2024-02-19 11:00:00,87022.70102029353
2024-02-19 11:15:00,87006.18160603805
2024-02-19 11:30:00,87069.11270796368
2024-02-19 11:45:00,87114.54109716623
2024-02-19 12:00:00,87120.63754766529
2024-02-19 12:15:00,87079.92899110717
2024-02-19 12:30:00,87164.0993399327
2024-02-19 12:45:00,87149.34986291888
2024-02-19 13:00:00,87179.63545572058
2024-02-19 13:15:00,87092.51521149231
2024-02-19 13:30:00,87141.09015579116
2024-02-19 13:45:00,87166.85257564195
2024-02-19 14:00:00,87149.74318230593
2024-02-19 14:15:00,87246.69641121008
2024-02-19 14:30:00,87165.67261748084
2024-02-19 14:45:00,87037.64715700092
2024-02-19 15:00:00,86993.39872595946
2024-02-19 15:15:00,86990.25217086317
2024-02-20 09:15:00,86895.85551797475
2024-02-20 09:30:00,86787.15226570232
2024-02-20 09:45:00,86787.15226570232
2024-02-20 10:00:00,86787.15226570232
2024-02-20 10:15:00,86787.15226570232
2024-02-20 10:30:00,86787.15226570232
2024-02-20 10:45:00,86787.15226570232
2024-02-20 11:00:00,86787.15226570232
2024-02-20 11:15:00,86787.15226570232
2024-02-20 11:30:00,86787.15226570232
2024-02-20 11:45:00,86787.15226570232
2024-02-20 12:00:00,86787.15226570232
2024-02-20 12:15:00,86702.3214064938
2024-02-20 12:30:00,86710.53783733396
2024-02-20 12:45:00,86667.89064868733
2024-02-20 13:00:00,86644.41513200112
2024-02-20 13:15:00,86729.70950929433
2024-02-20 13:30:00,86715.4285699769
2024-02-20 13:45:00,86587.68263334276
2024-02-20 14:00:00,86561.27267707077
2024-02-20 14:15:00,86657.91355409568
2024-02-20 14:30:00,86623.67842559496
2024-02-20 14:45:00,86614.87510683763
2024-02-20 15:00:00,86862.73743718289
2024-02-20 15:15:00,86891.2993158178
2024-02-21 09:15:00,86887.77798831486
2024-02-21 09:30:00,86987.74456353698
2024-02-21 09:45:00,87021.78406273198
2024-02-21 10:00:00,86913.79668597541
2024-02-21 10:15:00,86819.69898992483
2024-02-21 10:30:00,86760.22768098644
2024-02-21 10:45:00,86868.41068704873
2024-02-21 11:00:00,86890.71242790064
2024-02-21 11:15:00,86815.9820331162
2024-02-21 11:30:00,86909.2972119439
2024-02-21 11:45:00,86909.2972119439
2024-02-21 12:00:00,86903.42833277234
2024-02-21 12:15:00,86906.75403096955
2024-02-21 12:30:00,86896.77693637791
2024-02-21 12:45:00,86980.11502061396
2024-02-21 13:00:00,86939.03286641308
2024-02-21 13:15:00,86832.21926549081
2024-02-21 13:30:00,86875.45334205459
2024-02-21 13:45:00,86670.04257105023
2024-02-21 14:00:00,86516.8648246727
2024-02-21 14:15:00,86432.10686293573
2024-02-21 14:30:00,86432.10686293573
2024-02-21 14:45:00,86432.10686293573
2024-02-21 15:00:00,86432.10686293573
2024-02-21 15:15:00,86432.10686293573
2024-02-22 09:15:00,86432.10686293573
2024-02-22 09:30:00,86432.10686293573
2024-02-22 09:45:00,86432.10686293573
2024-02-22 10:00:00,86432.10686293573
2024-02-22 10:15:00,86432.10686293573
2024-02-22 10:30:00,86432.10686293573
2024-02-22 10:45:00,86432.10686293573
2024-02-22 11:00:00,86432.10686293573
2024-02-22 11:15:00,86432.10686293573
2024-02-22 11:30:00,86432.10686293573
2024-02-22 11:45:00,86432.10686293573
2024-02-22 12:00:00,86432.10686293573
2024-02-22 12:15:00,86432.10686293573
2024-02-22 12:30:00,86432.10686293573
2024-02-22 12:45:00,86432.10686293573
2024-02-22 13:00:00,86432.10686293573
2024-02-22 13:15:00,86432.10686293573
2024-02-22 13:30:00,86432.10686293573
2024-02-22 13:45:00,86615.31195396431
2024-02-22 14:00:00,86507.65317458799
2024-02-22 14:15:00,86599.82007132181
2024-02-22 14:30:00,86711.40084630383
2024-02-22 14:45:00,86995.35332815612
2024-02-22 15:00:00,87094.5798169802
2024-02-22 15:15:00,87134.58417215828
2024-02-23 09:15:00,87195.57120382684
2024-02-23 09:30:00,87290.48349748466
2024-02-23 09:45:00,87279.10971022813
2024-02-23 10:00:00,87342.64603904038
2024-02-23 10:15:00,87177.33392426034
2024-02-23 10:30:00,87176.5495251392
2024-02-23 10:45:00,87189.09991107741
2024-02-23 11:00:00,87212.23968515101
2024-02-23 11:15:00,87259.10753263907
2024-02-23 11:30:00,87282.83560605352
2024-02-23 11:45:00,87202.43469613677
2024-02-23 12:00:00,87205.18009306076
2024-02-23 12:15:00,87288.13030012119
2024-02-23 12:30:00,87318.13356650475
2024-02-23 12:45:00,87299.11188781713
2024-02-23 13:00:00,87274.0111159407
2024-02-23 13:15:00,87190.08040997882
2024-02-23 13:30:00,87198.90490009163
2024-02-23 13:45:00,87215.37728163555
2024-02-23 14:00:00,87115.56249347061
2024-02-23 14:15:00,87211.84748559042
2024-02-23 14:30:00,87249.69474318538
2024-02-23 14:45:00,87235.57555900488
2024-02-23 15:00:00,87120.26888819745
2024-02-23 15:15:00,87045.75097168925
2024-02-26 09:15:00,86860.55747678483
2024-02-26 09:30:00,86860.55747678483
2024-02-26 09:45:00,86860.55747678483
2024-02-26 10:00:00,86860.55747678483
2024-02-26 10:15:00,86860.55747678483
2024-02-26 10:30:00,86860.55747678483
2024-02-26 10:45:00,86860.55747678483
2024-02-26 11:00:00,86860.55747678483
2024-02-26 11:15:00,86860.55747678483
2024-02-26 11:30:00,86860.55747678483
2024-02-26 11:45:00,86860.55747678483
2024-02-26 12:00:00,86860.55747678483
2024-02-26 12:15:00,86860.55747678483
2024-02-26 12:30:00,86860.55747678483
2024-02-26 12:45:00,86860.55747678483
2024-02-26 13:00:00,86860.55747678483
2024-02-26 13:15:00,86860.55747678483
2024-02-26 13:30:00,86860.55747678483
2024-02-26 13:45:00,86860.55747678483
2024-02-26 14:00:00,86755.68315009351
2024-02-26 14:15:00,86779.766776326
2024-02-26 14:30:00,86711.62773625362
2024-02-26 14:45:00,86616.07643868084
2024-02-26 15:00:00,86647.7963366456
2024-02-26 15:15:00,86611.57299637723
2024-02-27 09:15:00,86644.27190353839
2024-02-27 09:30:00,86654.64940102068
2024-02-27 09:45:00,86702.81665348564
2024-02-27 10:00:00,86579.85309841248
2024-02-27 10:15:00,86582.79012600181
2024-02-27 10:30:00,86681.67005484249
2024-02-27 10:45:00,86729.05409995031
2024-02-27 11:00:00,86721.02622453948
2024-02-27 11:15:00,86788.77366093331
2024-02-27 11:30:00,86755.09574457568
2024-02-27 11:45:00,86685.390289789
2024-02-27 12:00:00,86639.57265939549
2024-02-27 12:15:00,86671.6841610388
2024-02-27 12:30:00,86783.6828131118
2024-02-27 12:45:00,86955.59682800708
2024-02-27 13:00:00,86959.31706295357
2024-02-27 13:15:00,86902.33872772063
2024-02-27 13:30:00,86812.26988164794
2024-02-27 13:45:00,86721.0262245395
2024-02-27 14:00:00,86791.51488668335
2024-02-27 14:15:00,86757.83697032573
2024-02-27 14:30:00,86854.17147525566
2024-02-27 14:45:00,86892.35283391691
2024-02-27 15:00:00,86951.28918754276
2024-02-27 15:15:00,86913.3036307208
2024-02-28 09:15:00,86933.27541832822
2024-02-28 09:30:00,86973.21899354307
2024-02-28 09:45:00,86841.24855386264
2024-02-28 10:00:00,87011.79195588289
2024-02-28 10:15:00,87004.74308966851
2024-02-28 10:30:00,86939.14947350688
2024-02-28 10:45:00,86403.23983937436
2024-02-28 11:00:00,86395.79936948139
2024-02-28 11:15:00,86311.94644859876
2024-02-28 11:30:00,86311.94644859876
2024-02-28 11:45:00,86311.94644859876
2024-02-28 12:00:00,86311.94644859876
2024-02-28 12:15:00,86311.94644859876
2024-02-28 12:30:00,86311.94644859876
2024-02-28 12:45:00,86311.94644859876
2024-02-28 13:00:00,86311.94644859876
2024-02-28 13:15:00,86311.94644859876
2024-02-28 13:30:00,86311.94644859876
2024-02-28 13:45:00,86311.94644859876
2024-02-28 14:00:00,86311.94644859876
2024-02-28 14:15:00,86311.94644859876
2024-02-28 14:30:00,86311.94644859876
2024-02-28 14:45:00,86311.94644859876
2024-02-28 15:00:00,86311.94644859876
2024-02-28 15:15:00,86311.94644859876
2024-02-29 09:15:00,86311.94644859876
2024-02-29 09:30:00,86311.94644859876
2024-02-29 09:45:00,86311.94644859876
2024-02-29 10:00:00,86311.94644859876
2024-02-29 10:15:00,86311.94644859876
2024-02-29 10:30:00,86311.94644859876
2024-02-29 10:45:00,86311.94644859876
2024-02-29 11:00:00,86311.94644859876
2024-02-29 11:15:00,86311.94644859876
2024-02-29 11:30:00,86311.94644859876
2024-02-29 11:45:00,86311.94644859876
2024-02-29 12:00:00,86311.94644859876
2024-02-29 12:15:00,86311.94644859876
2024-02-29 12:30:00,86311.94644859876
2024-02-29 12:45:00,86311.94644859876
2024-02-29 13:00:00,86311.94644859876
2024-02-29 13:15:00,86228.77440417583
2024-02-29 13:30:00,86164.99514427962
2024-02-29 13:45:00,86244.67015818073
2024-02-29 14:00:00,86199.53406656187
2024-02-29 14:15:00,86125.15763732906
2024-02-29 14:30:00,86282.34898248866
2024-02-29 14:45:00,86102.58959151965
2024-02-29 15:00:00,86334.35360978867
2024-02-29 15:15:00,86512.34680586825
2024-03-01 09:15:00,86816.52481460405
2024-03-01 09:30:00,86982.54713421082
2024-03-01 09:45:00,87040.04659005572
2024-03-01 10:00:00,87120.31033558666
2024-03-01 10:15:00,87132.47745593608
2024-03-01 10:30:00,87048.68132062629
2024-03-01 10:45:00,87024.15083605083
2024-03-01 11:00:00,87166.42764658855
2024-03-01 11:15:00,87284.56646030399
2024-03-01 11:30:00,87442.93526872322
2024-03-01 11:45:00,87461.77468087718
2024-03-01 12:00:00,87471.58687470737
2024-03-01 12:15:00,87490.42628686133
2024-03-01 12:30:00,87547.53325495301
2024-03-01 12:45:00,87522.41403874774
2024-03-01 13:00:00,87479.04414201829
2024-03-01 13:15:00,87580.69847009903
2024-03-01 13:30:00,87582.26842111186
2024-03-01 13:45:00,87601.69656489562
2024-03-01 14:00:00,87641.141584093
2024-03-01 14:15:00,87646.8326565145
2024-03-01 14:30:00,87649.77631466356
2024-03-01 14:45:00,87684.90396857563
2024-03-01 15:00:00,87638.98290145035
2024-03-01 15:15:00,87627.01202497752
2024-03-02 09:15:00,87859.56101875295
2024-03-02 09:30:00,87923.73276640239
2024-03-02 09:45:00,87895.27740429486
2024-03-02 11:30:00,87890.56755125636
2024-03-02 11:45:00,87826.98453523674
2024-03-02 12:00:00,87821.29346281523
2024-03-02 12:15:00,87812.85497612128
2024-03-04 09:15:00,87842.88028924163
2024-03-04 09:30:00,87901.16472059296
2024-03-04 09:45:00,87814.42492713411
2024-03-04 10:00:00,87899.20228182695
2024-03-04 10:15:00,87974.36368656617
2024-03-04 10:30:00,88013.21997413371
2024-03-04 10:45:00,87825.61082810054
2024-03-04 11:00:00,87935.11491124543
2024-03-04 11:15:00,87888.80135636695
2024-03-04 11:30:00,87950.81442137374
2024-03-04 11:45:00,87905.87457363149
2024-03-04 12:00:00,87930.20881433036
2024-03-04 12:15:00,87971.22378454053
2024-03-04 12:30:00,87965.92519987223
2024-03-04 12:45:00,87919.21915724053
2024-03-04 13:00:00,87923.92901027901
2024-03-04 13:15:00,87921.96657151297
2024-03-04 13:30:00,87948.45949485447
2024-03-04 13:45:00,87904.10837874202
2024-03-04 14:00:00,88027.93826487898
2024-03-04 14:15:00,88020.08850981483
2024-03-04 14:30:00,87948.06700710124
2024-03-04 14:45:00,87952.18812850994
2024-03-04 15:00:00,87934.7224234922
2024-03-04 15:15:00,87908.0332562741
2024-03-05 09:15:00,87784.20337013713
2024-03-05 09:30:00,87818.93853629599
2024-03-05 09:45:00,87709.82694090431
2024-03-05 10:00:00,87621.72501869795
2024-03-05 10:15:00,87621.72501869795
2024-03-05 10:30:00,87621.72501869795
2024-03-05 10:45:00,87621.72501869795
2024-03-05 11:00:00,87621.72501869795
2024-03-05 11:15:00,87621.72501869795
2024-03-05 11:30:00,87621.72501869795
2024-03-05 11:45:00,87621.72501869795
2024-03-05 12:00:00,87621.72501869795
2024-03-05 12:15:00,87621.72501869795
2024-03-05 12:30:00,87621.72501869795
2024-03-05 12:45:00,87621.72501869795
2024-03-05 13:00:00,87487.21651285319
2024-03-05 13:15:00,87517.49755880334
2024-03-05 13:30:00,87453.61431992784
2024-03-05 13:45:00,87402.23422260596
2024-03-05 14:00:00,87346.36080878825
2024-03-05 14:15:00,87312.36789268935
2024-03-05 14:30:00,87418.05851113475
2024-03-05 14:45:00,87405.16464640757
2024-03-05 15:00:00,87340.89068435853
2024-03-05 15:15:00,87359.84075827572
2024-03-06 09:15:00,87239.30265923541
2024-03-06 09:30:00,87154.40535127843
2024-03-06 09:45:00,87154.40535127843
2024-03-06 10:00:00,87154.40535127843
2024-03-06 10:15:00,87154.40535127843
2024-03-06 10:30:00,87154.40535127843
2024-03-06 10:45:00,87154.40535127843
2024-03-06 11:00:00,87154.40535127843
2024-03-06 11:15:00,87154.40535127843
2024-03-06 11:30:00,87154.40535127843
2024-03-06 11:45:00,87154.40535127843
2024-03-06 12:00:00,87154.40535127843
2024-03-06 12:15:00,87154.40535127843
2024-03-06 12:30:00,87154.40535127843
2024-03-06 12:45:00,87154.40535127843
2024-03-06 13:00:00,87154.40535127843
2024-03-06 13:15:00,87154.40535127843
2024-03-06 13:30:00,87154.40535127843
2024-03-06 13:45:00,87275.48469991099
2024-03-06 14:00:00,87362.443739496
2024-03-06 14:15:00,87402.80365248723
2024-03-06 14:30:00,87600.7037089419
2024-03-06 14:45:00,87482.54860134434
2024-03-06 15:00:00,87634.82440833063
2024-03-06 15:15:00,87661.14609071624
2024-03-07 09:15:00,87672.06471452063
2024-03-07 09:30:00,87635.01938375572
2024-03-07 09:45:00,87629.17012100336
2024-03-07 10:00:00,87688.05269937708
2024-03-07 10:15:00,87673.03959164603
2024-03-07 10:30:00,87519.78890753434
2024-03-07 10:45:00,87581.98606813439
2024-03-07 11:00:00,87733.67694884546
2024-03-07 11:15:00,87719.44374281472
2024-03-07 11:30:00,87663.87574666736
2024-03-07 11:45:00,87700.72610200719
2024-03-07 12:00:00,87686.68787140152
2024-03-07 12:15:00,87659.7812627407
2024-03-07 12:30:00,87724.70807929181
2024-03-07 12:45:00,87742.25586754887
2024-03-07 13:00:00,87774.62178811191
2024-03-07 13:15:00,87746.35035147553
2024-03-07 13:30:00,87776.18159151252
2024-03-07 13:45:00,87790.0248466931
2024-03-07 14:00:00,87735.82167852127
2024-03-07 14:15:00,87801.33342134763
2024-03-07 14:30:00,87690.00245362782
2024-03-07 14:45:00,87742.25586754885
2024-03-07 15:00:00,87741.8659166987
2024-03-07 15:15:00,87674.59939504662
2024-03-11 09:15:00,87695.85171638017
2024-03-11 09:30:00,87637.74903970677
2024-03-11 09:45:00,87604.21326659327
2024-03-11 10:00:00,87472.60485466529
2024-03-11 10:15:00,87381.82098216651
2024-03-11 10:30:00,87381.82098216651
2024-03-11 10:45:00,87381.82098216651
2024-03-11 11:00:00,87381.82098216651
2024-03-11 11:15:00,87381.82098216651
2024-03-11 11:30:00,87381.82098216651
2024-03-11 11:45:00,87381.82098216651
2024-03-11 12:00:00,87381.82098216651
2024-03-11 12:15:00,87381.82098216651
2024-03-11 12:30:00,87381.82098216651
2024-03-11 12:45:00,87381.82098216651
2024-03-11 13:00:00,87381.82098216651
2024-03-11 13:15:00,87381.82098216651
2024-03-11 13:30:00,87381.82098216651
2024-03-11 13:45:00,87381.82098216651
2024-03-11 14:00:00,87381.82098216651
2024-03-11 14:15:00,87381.82098216651
2024-03-11 14:30:00,87381.82098216651
2024-03-11 14:45:00,87381.82098216651
2024-03-11 15:00:00,87381.82098216651
2024-03-11 15:15:00,87381.82098216651
2024-03-12 09:15:00,87381.82098216651
2024-03-12 09:30:00,87381.82098216651
2024-03-12 09:45:00,87381.82098216651
2024-03-12 10:00:00,87381.82098216651
2024-03-12 10:15:00,87381.82098216651
2024-03-12 10:30:00,87381.82098216651
2024-03-12 10:45:00,87381.82098216651
2024-03-12 11:00:00,87381.82098216651
2024-03-12 11:15:00,87381.82098216651
2024-03-12 11:30:00,87381.82098216651
2024-03-12 11:45:00,87381.82098216651
2024-03-12 12:00:00,87381.82098216651
2024-03-12 12:15:00,87381.82098216651
2024-03-12 12:30:00,87381.82098216651
2024-03-12 12:45:00,87381.82098216651
2024-03-12 13:00:00,87381.82098216651
2024-03-12 13:15:00,87381.82098216651
2024-03-12 13:30:00,87381.82098216651
2024-03-12 13:45:00,87381.82098216651
2024-03-12 14:00:00,87381.82098216651
2024-03-12 14:15:00,87381.82098216651
2024-03-12 14:30:00,87381.82098216651
2024-03-12 14:45:00,87381.82098216651
2024-03-12 15:00:00,87381.82098216651
2024-03-12 15:15:00,87381.82098216651
2024-03-13 09:15:00,87381.82098216651
2024-03-13 09:30:00,87381.82098216651
2024-03-13 09:45:00,87381.82098216651
2024-03-13 10:00:00,87381.82098216651
2024-03-13 10:15:00,87381.82098216651
2024-03-13 10:30:00,87381.82098216651
2024-03-13 10:45:00,87381.82098216651
2024-03-13 11:00:00,87381.82098216651
2024-03-13 11:15:00,87381.82098216651
2024-03-13 11:30:00,87381.82098216651
2024-03-13 11:45:00,87381.82098216651
2024-03-13 12:00:00,87381.82098216651
2024-03-13 12:15:00,87381.82098216651
2024-03-13 12:30:00,87381.82098216651
2024-03-13 12:45:00,87381.82098216651
2024-03-13 13:00:00,87381.82098216651
2024-03-13 13:15:00,87381.82098216651
2024-03-13 13:30:00,87381.82098216651
2024-03-13 13:45:00,87381.82098216651
2024-03-13 14:00:00,87381.82098216651
2024-03-13 14:15:00,87381.82098216651
2024-03-13 14:30:00,87381.82098216651
2024-03-13 14:45:00,87381.82098216651
2024-03-13 15:00:00,87381.82098216651
2024-03-13 15:15:00,87381.82098216651
2024-03-14 09:15:00,87381.82098216651
2024-03-14 09:30:00,87381.82098216651
2024-03-14 09:45:00,87381.82098216651
2024-03-14 10:00:00,87381.82098216651
2024-03-14 10:15:00,87381.82098216651
2024-03-14 10:30:00,87381.82098216651
2024-03-14 10:45:00,87381.82098216651
2024-03-14 11:00:00,87381.82098216651
2024-03-14 11:15:00,87381.82098216651
2024-03-14 11:30:00,87381.82098216651
2024-03-14 11:45:00,87314.32485139702
2024-03-14 12:00:00,87322.20037227332
2024-03-14 12:15:00,87423.00703949001
2024-03-14 12:30:00,87194.2231580334
2024-03-14 12:45:00,87251.91134845234
2024-03-14 13:00:00,87250.533132299
2024-03-14 13:15:00,87282.62587986993
2024-03-14 13:30:00,87086.91918609379
2024-03-14 13:45:00,87048.72290984374
2024-03-14 14:00:00,87032.3812040254
2024-03-14 14:15:00,87137.12563168023
2024-03-14 14:30:00,87071.56192038502
2024-03-14 14:45:00,87130.23455091346
2024-03-14 15:00:00,87198.75158253731
2024-03-14 15:15:00,87233.40387439306
2024-03-15 09:15:00,87051.47934215046
2024-03-15 09:30:00,86963.05102487112
2024-03-15 09:45:00,86963.05102487112
2024-03-15 10:00:00,86963.05102487112
2024-03-15 10:15:00,86963.05102487112
2024-03-15 10:30:00,86963.05102487112
2024-03-15 10:45:00,86963.05102487112
2024-03-15 11:00:00,86963.05102487112
2024-03-15 11:15:00,86963.05102487112
2024-03-15 11:30:00,86963.05102487112
2024-03-15 11:45:00,86963.05102487112
2024-03-15 12:00:00,86963.05102487112
2024-03-15 12:15:00,86963.05102487112
2024-03-15 12:30:00,86963.05102487112
2024-03-15 12:45:00,86963.05102487112
2024-03-15 13:00:00,86963.05102487112
2024-03-15 13:15:00,86963.05102487112
2024-03-15 13:30:00,86963.05102487112
2024-03-15 13:45:00,86835.64369434377
2024-03-15 14:00:00,86848.86206862019
2024-03-15 14:15:00,86776.65423302064
2024-03-15 14:30:00,86848.27020111529
2024-03-15 14:45:00,86997.22352318541
2024-03-15 15:00:00,86843.53526107597
2024-03-15 15:15:00,86792.83194482164
2024-03-18 09:15:00,86929.55333845687
2024-03-18 09:30:00,86664.79127459184
2024-03-18 09:45:00,86861.29128622341
2024-03-18 10:00:00,86717.2701933609
2024-03-18 10:15:00,86911.40273497281
2024-03-18 10:30:00,86809.60152412753
2024-03-18 10:45:00,86816.90122335481
2024-03-18 11:00:00,86608.76115079326
2024-03-18 11:15:00,86687.47952894687
2024-03-18 11:30:00,86759.68736454644
2024-03-18 11:45:00,86753.76868949729
2024-03-18 12:00:00,86941.78526689173
2024-03-18 12:15:00,87138.28527852331
2024-03-18 12:30:00,87024.25213924314
2024-03-18 12:45:00,87038.85153769769
2024-03-18 13:00:00,87089.55485395202
2024-03-18 13:15:00,87074.16629882426
2024-03-18 13:30:00,87056.0156953402
2024-03-18 13:45:00,87115.59702416825
2024-03-18 14:00:00,87053.45093615224
2024-03-18 14:15:00,87230.41932012164
2024-03-18 14:30:00,87222.52775338946
2024-03-18 14:45:00,87152.09552030465
2024-03-18 15:00:00,87028.98707928245
2024-03-18 15:15:00,87010.4418974618
2024-03-19 09:15:00,86560.81988289519
2024-03-19 09:30:00,86473.6677873749
2024-03-19 09:45:00,86473.6677873749
2024-03-19 10:00:00,86473.6677873749
2024-03-19 10:15:00,86473.6677873749
2024-03-19 10:30:00,86473.6677873749
2024-03-19 10:45:00,86473.6677873749
2024-03-19 11:00:00,86473.6677873749
2024-03-19 11:15:00,86473.6677873749
2024-03-19 11:30:00,86473.6677873749
2024-03-19 11:45:00,86473.6677873749
2024-03-19 12:00:00,86473.6677873749
2024-03-19 12:15:00,86473.6677873749
2024-03-19 12:30:00,86473.6677873749
2024-03-19 12:45:00,86473.6677873749
2024-03-19 13:00:00,86473.6677873749
2024-03-19 13:15:00,86473.6677873749
2024-03-19 13:30:00,86473.6677873749
2024-03-19 13:45:00,86473.6677873749
2024-03-19 14:00:00,86473.6677873749
2024-03-19 14:15:00,86473.6677873749
2024-03-19 14:30:00,86473.6677873749
2024-03-19 14:45:00,86473.6677873749
2024-03-19 15:00:00,86473.6677873749
2024-03-19 15:15:00,86473.6677873749
2024-03-20 09:15:00,86473.6677873749
2024-03-20 09:30:00,86473.6677873749
2024-03-20 09:45:00,86473.6677873749
2024-03-20 10:00:00,86473.6677873749
2024-03-20 10:15:00,86473.6677873749
2024-03-20 10:30:00,86473.6677873749
2024-03-20 10:45:00,86473.6677873749
2024-03-20 11:00:00,86473.6677873749
2024-03-20 11:15:00,86473.6677873749
2024-03-20 11:30:00,86473.6677873749
2024-03-20 11:45:00,86473.6677873749
2024-03-20 12:00:00,86473.6677873749
2024-03-20 12:15:00,86473.6677873749
2024-03-20 12:30:00,86425.51696234857
2024-03-20 12:45:00,86387.78674086733
2024-03-20 13:00:00,86556.09118433333
2024-03-20 13:15:00,86559.05429073238
2024-03-20 13:30:00,86518.36096285211
2024-03-20 13:45:00,86359.93354071627
2024-03-20 14:00:00,86346.30325128064
2024-03-20 14:15:00,86292.57225524455
2024-03-20 14:30:00,86322.99348094146
2024-03-20 14:45:00,86282.49769348779
2024-03-20 15:00:00,86294.5476595106
2024-03-20 15:15:00,86345.31554914764
2024-03-21 09:15:00,86898.62628406344
2024-03-21 09:30:00,86953.14744180595
2024-03-21 09:45:00,86939.51715237032
2024-03-21 10:00:00,87186.83776647762
2024-03-21 10:15:00,87118.09369801969
2024-03-21 10:30:00,87121.64942569855
2024-03-21 10:45:00,87147.52722158359
2024-03-21 11:00:00,87209.94999639022
2024-03-21 11:15:00,87157.00916206054
2024-03-21 11:30:00,87032.55869330047
2024-03-21 11:45:00,86962.03676100311
2024-03-21 12:00:00,86729.13659803785
2024-03-21 12:15:00,86640.43403257804
2024-03-21 12:30:00,86640.43403257804
2024-03-21 12:45:00,86640.43403257804
2024-03-21 13:00:00,86640.43403257804
2024-03-21 13:15:00,86640.43403257804
2024-03-21 13:30:00,86640.43403257804
2024-03-21 13:45:00,86640.43403257804
2024-03-21 14:00:00,86640.43403257804
2024-03-21 14:15:00,86640.43403257804
2024-03-21 14:30:00,86640.43403257804
2024-03-21 14:45:00,86640.43403257804
2024-03-21 15:00:00,86640.43403257804
2024-03-21 15:15:00,86640.43403257804
2024-03-22 09:15:00,86640.43403257804
2024-03-22 09:30:00,86640.43403257804
2024-03-22 09:45:00,86640.43403257804
2024-03-22 10:00:00,86640.43403257804
2024-03-22 10:15:00,86640.43403257804
2024-03-22 10:30:00,86640.43403257804
2024-03-22 10:45:00,86640.43403257804
2024-03-22 11:00:00,86640.43403257804
2024-03-22 11:15:00,86640.43403257804
2024-03-22 11:30:00,86640.43403257804
2024-03-22 11:45:00,86601.60265692166
2024-03-22 12:00:00,86513.03833566738
2024-03-22 12:15:00,86550.2667007964
2024-03-22 12:30:00,86538.11849743853
2024-03-22 12:45:00,86591.21790243832
2024-03-22 13:00:00,86631.18941026104
2024-03-22 13:15:00,86633.34473666325
2024-03-22 13:30:00,86573.58341369299
2024-03-22 13:45:00,86578.87376031658
2024-03-22 14:00:00,86624.52749229058
2024-03-22 14:15:00,86762.27244326792
2024-03-22 14:30:00,86807.73023647808
2024-03-22 14:45:00,86725.04407813892
2024-03-22 15:00:00,86525.1865390253
2024-03-22 15:15:00,86529.69313059353
2024-03-26 09:15:00,86467.58054245725
2024-03-26 09:30:00,86381.89593321508
2024-03-26 09:45:00,86381.89593321508
2024-03-26 10:00:00,86381.89593321508
2024-03-26 10:15:00,86381.89593321508
2024-03-26 10:30:00,86381.89593321508
2024-03-26 10:45:00,86381.89593321508
2024-03-26 11:00:00,86381.89593321508
2024-03-26 11:15:00,86381.89593321508
2024-03-26 11:30:00,86381.89593321508
2024-03-26 11:45:00,86381.89593321508
2024-03-26 12:00:00,86381.89593321508
2024-03-26 12:15:00,86381.89593321508
2024-03-26 12:30:00,86381.89593321508
2024-03-26 12:45:00,86381.89593321508
2024-03-26 13:00:00,86381.89593321508
2024-03-26 13:15:00,86381.89593321508
2024-03-26 13:30:00,86381.89593321508
2024-03-26 13:45:00,86381.89593321508
2024-03-26 14:00:00,86381.89593321508
2024-03-26 14:15:00,86381.89593321508
2024-03-26 14:30:00,86381.89593321508
2024-03-26 14:45:00,86381.89593321508
2024-03-26 15:00:00,86381.89593321508
2024-03-26 15:15:00,86381.89593321508
2024-03-27 09:15:00,86381.89593321508
2024-03-27 09:30:00,86381.89593321508
2024-03-27 09:45:00,86374.14862980174
2024-03-27 10:00:00,86425.66111720931
2024-03-27 10:15:00,86398.539012097
2024-03-27 10:30:00,86471.31991286603
2024-03-27 10:45:00,86436.0026393025
2024-03-27 11:00:00,86467.61257475715
2024-03-27 11:15:00,86508.58841701316
2024-03-27 11:30:00,86518.73481604797
2024-03-27 11:45:00,86527.12510755754
2024-03-27 12:00:00,86499.02738715342
2024-03-27 12:15:00,86468.97843616566
2024-03-27 12:30:00,86475.02725097488
2024-03-27 12:45:00,86514.83235488072
2024-03-27 13:00:00,86477.17360461687
2024-03-27 13:15:00,86505.85669419606
2024-03-27 13:30:00,86557.36918160363
2024-03-27 13:45:00,86546.24716727699
2024-03-27 14:00:00,86592.8815782255
2024-03-27 14:15:00,86538.05199882579
2024-03-27 14:30:00,86511.12501677182
2024-03-27 14:45:00,86456.68568348885
2024-03-27 15:00:00,86307.41654384193
2024-03-27 15:15:00,86227.54174916311
2024-03-28 09:15:00,86227.54174916311
2024-03-28 09:30:00,86227.54174916311
2024-03-28 09:45:00,86227.54174916311
2024-03-28 10:00:00,86163.13866170091
2024-03-28 10:15:00,86082.4074945155
2024-03-28 10:30:00,86353.37837384836
2024-03-28 10:45:00,86318.4206196365
2024-03-28 11:00:00,86398.95865005831
2024-03-28 11:15:00,86406.29784707517
2024-03-28 11:30:00,86368.05676788207
2024-03-28 11:45:00,86257.77567586563
2024-03-28 12:00:00,86271.10211255413
2024-03-28 12:15:00,86347.0048606495
2024-03-28 12:30:00,86580.31407108007
2024-03-28 12:45:00,86539.94848748736
2024-03-28 13:00:00,86558.6827535567
2024-03-28 13:15:00,86575.48565199
2024-03-28 13:30:00,86588.61895191492
2024-03-28 13:45:00,86651.77467361258
2024-03-28 14:00:00,86787.74295518802
2024-03-28 14:15:00,86862.2937459382
2024-03-28 14:30:00,86923.90437352707
2024-03-28 14:45:00,86602.33166213064
2024-03-28 15:00:00,86018.86549929064
2024-03-28 15:15:00,86305.4804564752
2024-04-01 09:15:00,86887.7877987336
2024-04-01 09:30:00,86844.33202692326
2024-04-01 09:45:00,86993.4336084236
2024-04-01 10:00:00,86925.64260439949
2024-04-01 10:15:00,86911.73675742018
2024-04-01 10:30:00,86881.02801200755
2024-04-01 10:45:00,86822.89384616351
2024-04-01 11:00:00,86832.16441081637
2024-04-01 11:15:00,86841.04870194204
2024-04-01 11:30:00,86785.03904049762
2024-04-01 11:45:00,86697.0963396961
2024-04-01 12:00:00,86697.0963396961
2024-04-01 12:15:00,86697.0963396961
2024-04-01 12:30:00,86697.0963396961
2024-04-01 12:45:00,86697.0963396961
2024-04-01 13:00:00,86697.0963396961
2024-04-01 13:15:00,86697.0963396961
2024-04-01 13:30:00,86697.0963396961
2024-04-01 13:45:00,86697.0963396961
2024-04-01 14:00:00,86697.0963396961
2024-04-01 14:15:00,86697.0963396961
2024-04-01 14:30:00,86697.0963396961
2024-04-01 14:45:00,86697.0963396961
2024-04-01 15:00:00,86697.0963396961
2024-04-01 15:15:00,86697.0963396961
2024-04-02 09:15:00,86697.0963396961
2024-04-02 09:30:00,86697.0963396961
2024-04-02 09:45:00,86697.0963396961
2024-04-02 10:00:00,86697.0963396961
2024-04-02 10:15:00,86697.0963396961
2024-04-02 10:30:00,86697.0963396961
2024-04-02 10:45:00,86697.0963396961
2024-04-02 11:00:00,86697.0963396961
2024-04-02 11:15:00,86697.0963396961
2024-04-02 11:30:00,86697.0963396961
2024-04-02 11:45:00,86697.0963396961
2024-04-02 12:00:00,86697.0963396961
2024-04-02 12:15:00,86697.0963396961
2024-04-02 12:30:00,86697.0963396961
2024-04-02 12:45:00,86697.0963396961
2024-04-02 13:00:00,86697.0963396961
2024-04-02 13:15:00,86697.0963396961
2024-04-02 13:30:00,86697.0963396961
2024-04-02 13:45:00,86697.0963396961
2024-04-02 14:00:00,86697.0963396961
2024-04-02 14:15:00,86697.0963396961
2024-04-02 14:30:00,86697.0963396961
2024-04-02 14:45:00,86697.0963396961
2024-04-02 15:00:00,86697.0963396961
2024-04-02 15:15:00,86697.0963396961
2024-04-03 09:15:00,86526.24837098953
2024-04-03 09:30:00,86546.36720024506
2024-04-03 09:45:00,86638.25608386406
2024-04-03 10:00:00,86853.75969723576
2024-04-03 10:15:00,86872.91127508477
2024-04-03 10:30:00,86883.16413999384
2024-04-03 10:45:00,86838.47712501281
2024-04-03 11:00:00,86850.2775921723
2024-04-03 11:15:00,86891.67595237118
2024-04-03 11:30:00,86868.6553688961
2024-04-03 11:45:00,86872.71782480346
2024-04-03 12:00:00,86971.37746826807
2024-04-03 12:15:00,86989.94869527317
2024-04-03 12:30:00,87062.87945132446
2024-04-03 12:45:00,87063.26635188705
2024-04-03 13:00:00,86995.75220371225
2024-04-03 13:15:00,87017.99898606211
2024-04-03 13:30:00,87037.15056391114
2024-04-03 13:45:00,86952.61279098167
2024-04-03 14:00:00,87033.08810800378
2024-04-03 14:15:00,86956.48179660774
2024-04-03 14:30:00,86853.95314751708
2024-04-03 14:45:00,86841.76577979498
2024-04-03 15:00:00,86784.50449652925
2024-04-03 15:15:00,86697.91324886373
2024-04-04 09:15:00,86697.91324886373
2024-04-04 09:30:00,86697.91324886373
2024-04-04 09:45:00,86697.91324886373
2024-04-04 10:00:00,86697.91324886373
2024-04-04 10:15:00,86697.91324886373
2024-04-04 10:30:00,86697.91324886373
2024-04-04 10:45:00,86697.91324886373
2024-04-04 11:00:00,86697.91324886373
2024-04-04 11:15:00,86697.91324886373
2024-04-04 11:30:00,86697.91324886373
2024-04-04 11:45:00,86697.91324886373
2024-04-04 12:00:00,86697.91324886373
2024-04-04 12:15:00,86697.91324886373
2024-04-04 12:30:00,86697.91324886373
2024-04-04 12:45:00,86697.91324886373
2024-04-04 13:00:00,86697.91324886373
2024-04-04 13:15:00,86697.91324886373
2024-04-04 13:30:00,86594.31273794977
2024-04-04 13:45:00,86498.46732618977
2024-04-04 14:00:00,86550.13549405237
2024-04-04 14:15:00,86653.66390475108
2024-04-04 14:30:00,86678.24950135486
2024-04-04 14:45:00,86490.20810233071
2024-04-04 15:00:00,86461.58893128413
2024-04-04 15:15:00,86592.0078382682
2024-04-05 09:15:00,86316.57232631657
2024-04-05 09:30:00,86321.75835060018
2024-04-05 09:45:00,86384.75894189735
2024-04-05 10:00:00,86336.16397361021
2024-04-05 10:15:00,86407.80793871339
2024-04-05 10:30:00,86402.04568950938
2024-04-05 10:45:00,86458.3236567352
2024-04-05 11:00:00,86489.05565248991
2024-04-05 11:15:00,86384.75894189735
2024-04-05 11:30:00,86301.06054353438
2024-04-05 11:45:00,86301.06054353438
2024-04-05 12:00:00,86301.06054353438
2024-04-05 12:15:00,86301.06054353438
2024-04-05 12:30:00,86301.06054353438
2024-04-05 12:45:00,86301.06054353438
2024-04-05 13:00:00,86301.06054353438
2024-04-05 13:15:00,86301.06054353438
2024-04-05 13:30:00,86301.06054353438
2024-04-05 13:45:00,86301.06054353438
2024-04-05 14:00:00,86301.06054353438
2024-04-05 14:15:00,86301.06054353438
2024-04-05 14:30:00,86301.06054353438
2024-04-05 14:45:00,86301.06054353438
2024-04-05 15:00:00,86301.06054353438
2024-04-05 15:15:00,86301.06054353438
2024-04-08 09:15:00,86301.06054353438
2024-04-08 09:30:00,86302.56232872714
2024-04-08 09:45:00,86243.96347298575
2024-04-08 10:00:00,86376.04949309341
2024-04-08 10:15:00,86332.14807022526
2024-04-08 10:30:00,86351.42652113692
2024-04-08 10:45:00,86387.69291394105
2024-04-08 11:00:00,86366.88745701658
2024-04-08 11:15:00,86383.11189590264
2024-04-08 11:30:00,86470.53299013575
2024-04-08 11:45:00,86452.39979373368
2024-04-08 12:00:00,86481.22203222539
2024-04-08 12:15:00,86505.84500418187
2024-04-08 12:30:00,86555.28182384644
2024-04-08 12:45:00,86585.44019259933
2024-04-08 13:00:00,86639.45803030232
2024-04-08 13:15:00,86427.77682177718
2024-04-08 13:30:00,86544.21103025359
2024-04-08 13:45:00,86489.04793804098
2024-04-08 14:00:00,86508.32638895267
2024-04-08 14:15:00,86538.10300620236
2024-04-08 14:30:00,86524.55082783871
2024-04-08 14:45:00,86562.34422665564
2024-04-08 15:00:00,86549.3646755468
2024-04-08 15:15:00,86508.70814045586
2024-04-09 09:15:00,86678.01493212565
2024-04-09 09:30:00,86772.11667766479
2024-04-09 09:45:00,86811.43708249452
2024-04-09 10:00:00,86844.84033902464
2024-04-09 10:15:00,86855.91113261748
2024-04-09 10:30:00,86887.21475587999
2024-04-09 10:45:00,86836.8235574574
2024-04-09 11:00:00,86770.78054740358
2024-04-09 11:15:00,86807.04694020771
2024-04-09 11:30:00,86818.30860955214
2024-04-09 11:45:00,86834.151296935
2024-04-09 12:00:00,86735.85028486066
2024-04-09 12:15:00,86708.17330087857
2024-04-09 12:30:00,86610.06316455582
2024-04-09 12:45:00,86522.11830726032
2024-04-09 13:00:00,86522.11830726032
2024-04-09 13:15:00,86522.11830726032
2024-04-09 13:30:00,86522.11830726032
2024-04-09 13:45:00,86522.11830726032
2024-04-09 14:00:00,86522.11830726032
2024-04-09 14:15:00,86522.11830726032
2024-04-09 14:30:00,86522.11830726032
2024-04-09 14:45:00,86522.11830726032
2024-04-09 15:00:00,86522.11830726032
2024-04-09 15:15:00,86522.11830726032
2024-04-10 09:15:00,86522.11830726032
2024-04-10 09:30:00,86522.11830726032
2024-04-10 09:45:00,86522.11830726032
2024-04-10 10:00:00,86522.11830726032
2024-04-10 10:15:00,86522.11830726032
2024-04-10 10:30:00,86522.11830726032
2024-04-10 10:45:00,86522.11830726032
2024-04-10 11:00:00,86522.11830726032
2024-04-10 11:15:00,86341.56831803721
2024-04-10 11:30:00,86360.60230000399
2024-04-10 11:45:00,86383.44307836411
2024-04-10 12:00:00,86436.73822787109
2024-04-10 12:15:00,86418.84628482231
2024-04-10 12:30:00,86423.41444049435
2024-04-10 12:45:00,86409.13895401928
2024-04-10 13:00:00,86470.9993954113
2024-04-10 13:15:00,86520.86842816425
2024-04-10 13:30:00,86577.97037406456
2024-04-10 13:45:00,86557.98469299945
2024-04-10 14:00:00,86495.36289232876
2024-04-10 14:15:00,86578.54139352357
2024-04-10 14:30:00,86579.49309262191
2024-04-10 14:45:00,86582.34818991693
2024-04-10 15:00:00,86612.23154160476
2024-04-10 15:15:00,86547.7063427374
2024-04-12 09:15:00,86483.75216332905
2024-04-12 09:30:00,86187.96408356538
2024-04-12 09:45:00,86226.60306695793
2024-04-12 10:00:00,86192.34189941775
2024-04-12 10:15:00,86216.70539633521
2024-04-12 10:30:00,86281.61127484191
2024-04-12 10:45:00,86259.72219558012
2024-04-12 11:00:00,86253.82166117041
2024-04-12 11:15:00,86305.78443193971
2024-04-12 11:30:00,86344.04273569293
2024-04-12 11:45:00,86377.73288377412
2024-04-12 12:00:00,86368.4062326104
2024-04-12 12:15:00,86137.14335171411
2024-04-12 12:30:00,86055.18949691906
2024-04-12 12:45:00,86055.18949691906
2024-04-12 13:00:00,86055.18949691906
2024-04-12 13:15:00,86055.18949691906
2024-04-12 13:30:00,86055.18949691906
2024-04-12 13:45:00,86055.18949691906
2024-04-12 14:00:00,86055.18949691906
2024-04-12 14:15:00,86055.18949691906
2024-04-12 14:30:00,86055.18949691906
2024-04-12 14:45:00,86055.18949691906
2024-04-12 15:00:00,86055.18949691906
2024-04-12 15:15:00,86055.18949691906
2024-04-15 09:15:00,86055.18949691906
2024-04-15 09:30:00,86055.18949691906
2024-04-15 09:45:00,86055.18949691906
2024-04-15 10:00:00,86055.18949691906
2024-04-15 10:15:00,86055.18949691906
2024-04-15 10:30:00,86055.18949691906
2024-04-15 10:45:00,86055.18949691906
2024-04-15 11:00:00,86055.18949691906
2024-04-15 11:15:00,86055.18949691906
2024-04-15 11:30:00,86055.18949691906
2024-04-15 11:45:00,86055.18949691906
2024-04-15 12:00:00,86055.18949691906
2024-04-15 12:15:00,86055.18949691906
2024-04-15 12:30:00,86055.18949691906
2024-04-15 12:45:00,86055.18949691906
2024-04-15 13:00:00,86055.18949691906
2024-04-15 13:15:00,86055.18949691906
2024-04-15 13:30:00,86055.18949691906
2024-04-15 13:45:00,86055.18949691906
2024-04-15 14:00:00,86055.18949691906
2024-04-15 14:15:00,86055.18949691906
2024-04-15 14:30:00,86055.18949691906
2024-04-15 14:45:00,86055.18949691906
2024-04-15 15:00:00,86055.18949691906
2024-04-15 15:15:00,86055.18949691906
2024-04-16 09:15:00,86055.18949691906
2024-04-16 09:30:00,86055.18949691906
2024-04-16 09:45:00,86055.18949691906
2024-04-16 10:00:00,86055.18949691906
2024-04-16 10:15:00,86055.18949691906
2024-04-16 10:30:00,86055.18949691906
2024-04-16 10:45:00,86055.18949691906
2024-04-16 11:00:00,86055.18949691906
2024-04-16 11:15:00,86055.18949691906
2024-04-16 11:30:00,86055.18949691906
2024-04-16 11:45:00,86055.18949691906
2024-04-16 12:00:00,86055.18949691906
2024-04-16 12:15:00,86055.18949691906
2024-04-16 12:30:00,86055.18949691906
2024-04-16 12:45:00,86055.18949691906
2024-04-16 13:00:00,86055.18949691906
2024-04-16 13:15:00,86055.18949691906
2024-04-16 13:30:00,86055.18949691906
2024-04-16 13:45:00,86055.18949691906
2024-04-16 14:00:00,86055.18949691906
2024-04-16 14:15:00,86055.18949691906
2024-04-16 14:30:00,86055.18949691906
2024-04-16 14:45:00,86055.18949691906
2024-04-16 15:00:00,86055.18949691906
2024-04-16 15:15:00,86055.18949691906
2024-04-18 09:15:00,86055.18949691906
2024-04-18 09:30:00,85714.31313636478
2024-04-18 09:45:00,85740.56743883736
2024-04-18 10:00:00,85628.21446796208
2024-04-18 10:15:00,85621.0717533188
2024-04-18 10:30:00,85678.4065168067
2024-04-18 10:45:00,85687.86578755049
2024-04-18 11:00:00,86033.03264652818
2024-04-18 11:15:00,86006.19920503048
2024-04-18 11:30:00,86031.29522945281
2024-04-18 11:45:00,86110.44422955396
2024-04-18 12:00:00,86070.67668316168
2024-04-18 12:15:00,86149.05349789598
2024-04-18 12:30:00,86136.50548568481
2024-04-18 12:45:00,86093.64919782517
2024-04-18 13:00:00,86065.65747827721
2024-04-18 13:15:00,85456.4032238401
2024-04-18 13:30:00,85304.86184559767
2024-04-18 13:45:00,85483.42971167952
2024-04-18 14:00:00,85472.61911654373
2024-04-18 14:15:00,85472.23302386032
2024-04-18 14:30:00,85154.09265272204
2024-04-18 14:45:00,85069.90282654617
2024-04-18 15:00:00,85069.90282654617
2024-04-18 15:15:00,85069.90282654617
2024-04-19 09:15:00,85069.90282654617
2024-04-19 09:30:00,85069.90282654617
2024-04-19 09:45:00,85069.90282654617
2024-04-19 10:00:00,85069.90282654617
2024-04-19 10:15:00,85069.90282654617
2024-04-19 10:30:00,85069.90282654617
2024-04-19 10:45:00,85069.90282654617
2024-04-19 11:00:00,85069.90282654617
2024-04-19 11:15:00,85069.90282654617
2024-04-19 11:30:00,85069.90282654617
2024-04-19 11:45:00,85069.90282654617
2024-04-19 12:00:00,85069.90282654617
2024-04-19 12:15:00,85117.53696892968
2024-04-19 12:30:00,85336.64393992614
2024-04-19 12:45:00,85411.22942519019
2024-04-19 13:00:00,85414.5228102538
2024-04-19 13:15:00,85412.58552492227
2024-04-19 13:30:00,85354.46696497625
2024-04-19 13:45:00,85790.93735017079
2024-04-19 14:00:00,85820.96527280957
2024-04-19 14:15:00,85754.3226574048
2024-04-19 14:30:00,85667.9197316184
2024-04-19 14:45:00,85803.91716189208
2024-04-19 15:00:00,85869.39740609791
2024-04-19 15:15:00,85820.57781574327
2024-04-22 09:15:00,86195.63625592818
2024-04-22 09:30:00,86086.37336322968
2024-04-22 09:45:00,86121.05077066414
2024-04-22 10:00:00,86193.89269912979
2024-04-22 10:15:00,86164.25223355733
2024-04-22 10:30:00,86216.7526660419
2024-04-22 10:45:00,86321.75353101101
2024-04-22 11:00:00,86339.77028459427
2024-04-22 11:15:00,86332.98978593391
2024-04-22 11:30:00,86351.58772511664
2024-04-22 11:45:00,86431.59760930897
2024-04-22 12:00:00,86351.39399658347
2024-04-22 12:15:00,86343.45112672418
2024-04-22 12:30:00,86374.0602349624
2024-04-22 12:45:00,86301.41203502988
2024-04-22 13:00:00,86301.41203502988
2024-04-22 13:15:00,86311.679647287
2024-04-22 13:30:00,86347.32569738723
2024-04-22 13:45:00,86364.18007977157
2024-04-22 14:00:00,86373.28532082977
2024-04-22 14:15:00,86332.40860033441
2024-04-22 14:30:00,86460.65688928196
2024-04-22 14:45:00,86434.69726583941
2024-04-22 15:00:00,86586.58043583164
2024-04-22 15:15:00,86676.08301814848
2024-04-23 09:15:00,86786.8957391122
2024-04-23 09:30:00,86785.15218231383
2024-04-23 09:45:00,86760.35493007019
2024-04-23 10:00:00,86858.76902491211
2024-04-23 10:15:00,86793.09505217311
2024-04-23 10:30:00,86701.65518452472
2024-04-23 10:45:00,86719.09075250852
2024-04-23 11:00:00,86718.31583837593
2024-04-23 11:15:00,86789.41421004321
2024-04-23 11:30:00,86753.57443140983
2024-04-23 11:45:00,86801.61910763186
2024-04-23 12:00:00,86870.97392250077
2024-04-23 12:15:00,86831.45330173748
2024-04-23 12:30:00,86802.58775029764
2024-04-23 12:45:00,86816.72993321782
2024-04-23 13:00:00,86722.38413757214
2024-04-23 13:15:00,86743.3068191527
2024-04-23 13:30:00,86742.33817648693
2024-04-23 13:45:00,86747.37511834892
2024-04-23 14:00:00,86776.62812685508
2024-04-23 14:15:00,86776.62812685508
2024-04-23 14:30:00,86765.00441486588
2024-04-23 14:45:00,86834.7466868011
2024-04-23 15:00:00,86703.20501278996
2024-04-23 15:15:00,86639.27459684934
2024-04-24 09:15:00,86826.99754547495
2024-04-24 09:30:00,86852.5697118512
2024-04-24 09:45:00,86925.99282591633
2024-04-24 10:00:00,86926.38028298263
2024-04-24 10:15:00,87015.10795116688
2024-04-24 10:30:00,87073.03278257974
2024-04-24 10:45:00,87046.10451647142
2024-04-24 11:00:00,87019.95116449571
2024-04-24 11:15:00,87029.63759115337
2024-04-24 11:30:00,86992.24798425476
2024-04-24 11:45:00,87007.74626690704
2024-04-24 12:00:00,87022.66336395984
2024-04-24 12:15:00,87015.88286529949
2024-04-24 12:30:00,87007.9399954402
2024-04-24 12:45:00,86964.738532547
2024-04-24 13:00:00,86979.84935813295
2024-04-24 13:15:00,86979.07444400035
2024-04-24 13:30:00,86972.87513093943
2024-04-24 13:45:00,86971.71275974052
2024-04-24 14:00:00,86981.78664346451
2024-04-24 14:15:00,86914.9502995266
2024-04-24 14:30:00,86824.5517227439
2024-04-24 14:45:00,86824.5517227439
2024-04-24 15:00:00,86824.5517227439
2024-04-24 15:15:00,86824.5517227439
2024-04-25 09:15:00,86824.5517227439
2024-04-25 09:30:00,86824.5517227439
2024-04-25 09:45:00,86824.5517227439
2024-04-25 10:00:00,86824.5517227439
2024-04-25 10:15:00,86824.5517227439
2024-04-25 10:30:00,86824.5517227439
2024-04-25 10:45:00,86824.5517227439
2024-04-25 11:00:00,86824.5517227439
2024-04-25 11:15:00,86824.5517227439
2024-04-25 11:30:00,86824.5517227439
2024-04-25 11:45:00,86824.5517227439
2024-04-25 12:00:00,86824.5517227439
2024-04-25 12:15:00,86824.5517227439
2024-04-25 12:30:00,86824.5517227439
2024-04-25 12:45:00,86824.5517227439
2024-04-25 13:00:00,86824.5517227439
2024-04-25 13:15:00,86824.5517227439
2024-04-25 13:30:00,86824.5517227439
2024-04-25 13:45:00,86781.31590699163
2024-04-25 14:00:00,87089.71585750853
2024-04-25 14:15:00,87146.41978837282
2024-04-25 14:30:00,87181.90796279127
2024-04-25 14:45:00,87164.35674609517
2024-04-25 15:00:00,87062.71398566841
2024-04-25 15:15:00,87020.28247277677
2024-04-26 09:15:00,87194.83028717189
2024-04-26 09:30:00,87150.47006914883
2024-04-26 09:45:00,87115.94624729609
2024-04-26 10:00:00,86938.89111623011
2024-04-26 10:15:00,86897.61682641735
2024-04-26 10:30:00,86927.51175595462
2024-04-26 10:45:00,86984.60142784518
2024-04-26 11:00:00,86853.06373788112
2024-04-26 11:15:00,86771.99100342215
2024-04-26 11:30:00,86771.99100342215
2024-04-26 11:45:00,86771.99100342215
2024-04-26 12:00:00,86771.99100342215
2024-04-26 12:15:00,86771.99100342215
2024-04-26 12:30:00,86771.99100342215
2024-04-26 12:45:00,86771.99100342215
2024-04-26 13:00:00,86771.99100342215
2024-04-26 13:15:00,86771.99100342215
2024-04-26 13:30:00,86771.99100342215
2024-04-26 13:45:00,86771.99100342215
2024-04-26 14:00:00,86771.99100342215
2024-04-26 14:15:00,86771.99100342215
2024-04-26 14:30:00,86771.99100342215
2024-04-26 14:45:00,86771.99100342215
2024-04-26 15:00:00,86771.99100342215
2024-04-26 15:15:00,86771.99100342215
2024-04-29 09:15:00,86771.99100342215
2024-04-29 09:30:00,86771.99100342215
2024-04-29 09:45:00,86771.99100342215
2024-04-29 10:00:00,86771.99100342215
2024-04-29 10:15:00,86771.99100342215
2024-04-29 10:30:00,86771.99100342215
2024-04-29 10:45:00,86771.99100342215
2024-04-29 11:00:00,86771.99100342215
2024-04-29 11:15:00,86690.98870575942
2024-04-29 11:30:00,86698.68163021369
2024-04-29 11:45:00,86754.26300939574
2024-04-29 12:00:00,86771.18744319513
2024-04-29 12:15:00,86815.03711258442
2024-04-29 12:30:00,86817.72963614341
2024-04-29 12:45:00,86826.19185304311
2024-04-29 13:00:00,86836.96194727908
2024-04-29 13:15:00,86926.7768402826
2024-04-29 13:30:00,87004.47537727065
2024-04-29 13:45:00,87009.66810127728
2024-04-29 14:00:00,86972.93438700816
2024-04-29 14:15:00,86982.55054257599
2024-04-29 14:30:00,86961.97196966082
2024-04-29 14:45:00,87037.55495242398
2024-04-29 15:00:00,87134.10115432496
2024-04-29 15:15:00,87057.55655600505
2024-04-30 09:15:00,87234.10917223038
2024-04-30 09:30:00,87338.15597547429
2024-04-30 09:45:00,87496.63021923213
2024-04-30 10:00:00,87419.50865157814
2024-04-30 10:15:00,87443.35671738636
2024-04-30 10:30:00,87478.93649298733
2024-04-30 10:45:00,87488.55264855515
2024-04-30 11:00:00,87446.62621027941
2024-04-30 11:15:00,87427.39389914376
2024-04-30 11:30:00,87449.70338006111
2024-04-30 11:45:00,87486.0524481075
2024-04-30 12:00:00,87488.7449716665
2024-04-30 12:15:00,87495.09163434128
2024-04-30 12:30:00,87476.43629253969
2024-04-30 12:45:00,87460.08882807437
2024-04-30 13:00:00,87371.23555062764
2024-04-30 13:15:00,87442.01045560684
2024-04-30 13:30:00,87466.82013697184
2024-04-30 13:45:00,87464.31993652422
2024-04-30 14:00:00,87576.4443104451
2024-04-30 14:15:00,87597.21520647162
2024-04-30 14:30:00,87482.5906321031
2024-04-30 14:45:00,87291.42145941466
2024-04-30 15:00:00,86943.70127408196
2024-04-30 15:15:00,86882.9271708933
2024-05-02 09:15:00,86719.57619000081
2024-05-02 09:30:00,86719.57619000081
2024-05-02 09:45:00,86719.57619000081
2024-05-02 10:00:00,86719.57619000081
2024-05-02 10:15:00,86719.57619000081
2024-05-02 10:30:00,86719.57619000081
2024-05-02 10:45:00,86719.57619000081
2024-05-02 11:00:00,86719.57619000081
2024-05-02 11:15:00,86719.57619000081
2024-05-02 11:30:00,86719.57619000081
2024-05-02 11:45:00,86719.57619000081
2024-05-02 12:00:00,86719.57619000081
2024-05-02 12:15:00,86646.60043753077
2024-05-02 12:30:00,86603.26921552472
2024-05-02 12:45:00,86584.18057146919
2024-05-02 13:00:00,86602.88744264361
2024-05-02 13:15:00,86663.78021718073
2024-05-02 13:30:00,86635.338137538
2024-05-02 13:45:00,86634.95636465687
2024-05-02 14:00:00,86584.37145790971
2024-05-02 14:15:00,86474.42086814987
2024-05-02 14:30:00,86506.48979016316
2024-05-02 14:45:00,86538.3678257359
2024-05-02 15:00:00,86439.67953596883
2024-05-02 15:15:00,86497.32724101651
2024-05-03 09:15:00,87011.00265255076
2024-05-03 09:30:00,86928.92148311199
2024-05-03 09:45:00,86920.90425260867
2024-05-03 10:00:00,86591.43425621027
2024-05-03 10:15:00,86441.0157410527
2024-05-03 10:30:00,86356.48168085278
2024-05-03 10:45:00,86356.48168085278
2024-05-03 11:00:00,86356.48168085278
2024-05-03 11:15:00,86356.48168085278
2024-05-03 11:30:00,86356.48168085278
2024-05-03 11:45:00,86356.48168085278
2024-05-03 12:00:00,86356.48168085278
2024-05-03 12:15:00,86356.48168085278
2024-05-03 12:30:00,86356.48168085278
2024-05-03 12:45:00,86356.48168085278
2024-05-03 13:00:00,86356.48168085278
2024-05-03 13:15:00,86356.48168085278
2024-05-03 13:30:00,86356.48168085278
2024-05-03 13:45:00,86356.48168085278
2024-05-03 14:00:00,86356.48168085278
2024-05-03 14:15:00,86356.48168085278
2024-05-03 14:30:00,86356.48168085278
2024-05-03 14:45:00,86356.48168085278
2024-05-03 15:00:00,86356.48168085278
2024-05-03 15:15:00,86356.48168085278
2024-05-06 09:15:00,86356.48168085278
2024-05-06 09:30:00,85994.61228291842
2024-05-06 09:45:00,85812.72026053745
2024-05-06 10:00:00,85849.78649198901
2024-05-06 10:15:00,85962.13156463607
2024-05-06 10:30:00,86021.74323583655
2024-05-06 10:45:00,86058.61840423942
2024-05-06 11:00:00,85955.82648402831
2024-05-06 11:15:00,85928.31340501271
2024-05-06 11:30:00,85953.53372744368
2024-05-06 11:45:00,86053.84182802141
2024-05-06 12:00:00,86058.42734119068
2024-05-06 12:15:00,85937.86655744867
2024-05-06 12:30:00,85916.46749599208
2024-05-06 12:45:00,85859.33964442494
2024-05-06 13:00:00,85746.80350872916
2024-05-06 13:15:00,85673.81742411832
2024-05-06 13:30:00,85600.35941377711
2024-05-06 13:45:00,85600.35941377711
2024-05-06 14:00:00,85600.35941377711
2024-05-06 14:15:00,85600.35941377711
2024-05-06 14:30:00,85600.35941377711
2024-05-06 14:45:00,85600.35941377711
2024-05-06 15:00:00,85600.35941377711
2024-05-06 15:15:00,85600.35941377711
2024-05-07 09:15:00,85600.35941377711
2024-05-07 09:30:00,85600.35941377711
2024-05-07 09:45:00,85600.35941377711
2024-05-07 10:00:00,85600.35941377711
2024-05-07 10:15:00,85600.35941377711
2024-05-07 10:30:00,85600.35941377711
2024-05-07 10:45:00,85600.35941377711
2024-05-07 11:00:00,85600.35941377711
2024-05-07 11:15:00,85600.35941377711
2024-05-07 11:30:00,85600.35941377711
2024-05-07 11:45:00,85600.35941377711
2024-05-07 12:00:00,85600.35941377711
2024-05-07 12:15:00,85600.35941377711
2024-05-07 12:30:00,85600.35941377711
2024-05-07 12:45:00,85600.35941377711
2024-05-07 13:00:00,85600.35941377711
2024-05-07 13:15:00,85600.35941377711
2024-05-07 13:30:00,85600.35941377711
2024-05-07 13:45:00,85600.35941377711
2024-05-07 14:00:00,85600.35941377711
2024-05-07 14:15:00,85600.35941377711
2024-05-07 14:30:00,85600.35941377711
2024-05-07 14:45:00,85600.35941377711
2024-05-07 15:00:00,85600.35941377711
2024-05-07 15:15:00,85600.35941377711
2024-05-08 09:15:00,85600.35941377711
2024-05-08 09:30:00,85600.35941377711
2024-05-08 09:45:00,85600.35941377711
2024-05-08 10:00:00,85600.35941377711
2024-05-08 10:15:00,85600.35941377711
2024-05-08 10:30:00,85600.35941377711
2024-05-08 10:45:00,85600.35941377711
2024-05-08 11:00:00,85600.35941377711
2024-05-08 11:15:00,85600.35941377711
2024-05-08 11:30:00,85600.35941377711
2024-05-08 11:45:00,85600.35941377711
2024-05-08 12:00:00,85604.84217777183
2024-05-08 12:15:00,85582.99222868976
2024-05-08 12:30:00,85558.65061874747
2024-05-08 12:45:00,85626.50046063388
2024-05-08 13:00:00,85624.20046599365
2024-05-08 13:15:00,85692.24197410006
2024-05-08 13:30:00,85537.95066698552
2024-05-08 13:45:00,85477.19247523979
2024-05-08 14:00:00,85388.2593491514
2024-05-08 14:15:00,85348.0094429476
2024-05-08 14:30:00,85260.17226430528
2024-05-08 14:45:00,85260.17226430528
2024-05-08 15:00:00,85260.17226430528
2024-05-08 15:15:00,85260.17226430528
2024-05-09 09:15:00,85260.17226430528
2024-05-09 09:30:00,85260.17226430528
2024-05-09 09:45:00,85260.17226430528
2024-05-09 10:00:00,85260.17226430528
2024-05-09 10:15:00,85260.17226430528
2024-05-09 10:30:00,85260.17226430528
2024-05-09 10:45:00,85260.17226430528
2024-05-09 11:00:00,85260.17226430528
2024-05-09 11:15:00,85260.17226430528
2024-05-09 11:30:00,85260.17226430528
2024-05-09 11:45:00,85260.17226430528
2024-05-09 12:00:00,85260.17226430528
2024-05-09 12:15:00,85260.17226430528
2024-05-09 12:30:00,85260.17226430528
2024-05-09 12:45:00,85260.17226430528
2024-05-09 13:00:00,85260.17226430528
2024-05-09 13:15:00,85260.17226430528
2024-05-09 13:30:00,85260.17226430528
2024-05-09 13:45:00,85260.17226430528
2024-05-09 14:00:00,85260.17226430528
2024-05-09 14:15:00,85260.17226430528
2024-05-09 14:30:00,85260.17226430528
2024-05-09 14:45:00,85260.17226430528
2024-05-09 15:00:00,85260.17226430528
2024-05-09 15:15:00,85260.17226430528
2024-05-10 09:15:00,85260.17226430528
2024-05-10 09:30:00,85260.17226430528
2024-05-10 09:45:00,85260.17226430528
2024-05-10 10:00:00,85260.17226430528
2024-05-10 10:15:00,85260.17226430528
2024-05-10 10:30:00,85260.17226430528
2024-05-10 10:45:00,85260.17226430528
2024-05-10 11:00:00,85260.17226430528
2024-05-10 11:15:00,85260.17226430528
2024-05-10 11:30:00,85106.42536875104
2024-05-10 11:45:00,84997.61829287632
2024-05-10 12:00:00,85009.57935440863
2024-05-10 12:15:00,84955.1758164713
2024-05-10 12:30:00,84980.44838196701
2024-05-10 12:45:00,84864.50325324238
2024-05-10 13:00:00,84856.01475796137
2024-05-10 13:15:00,84948.61652466324
2024-05-10 13:30:00,85020.1899735099
2024-05-10 13:45:00,85116.2643064631
2024-05-10 14:00:00,84989.3227179426
2024-05-10 14:15:00,84955.75457751317
2024-05-10 14:30:00,85003.2129829479
2024-05-10 14:45:00,85028.8713891382
2024-05-10 15:00:00,85095.62182930249
2024-05-10 15:15:00,85093.30678513495
2024-05-13 09:15:00,84698.97759526278
2024-05-13 09:30:00,84334.74397956874
2024-05-13 09:45:00,84346.12628005916
2024-05-13 10:00:00,84445.48025891639
2024-05-13 10:15:00,84398.02185348167
2024-05-13 10:30:00,84240.0200890466
2024-05-13 10:45:00,84155.39461410366
2024-05-13 11:00:00,84155.39461410366
2024-05-13 11:15:00,84155.39461410366
2024-05-13 11:30:00,84155.39461410366
2024-05-13 11:45:00,84105.3076185959
2024-05-13 12:00:00,84158.13277676085
2024-05-13 12:15:00,84304.35893921737
2024-05-13 12:30:00,84299.95684270364
2024-05-13 12:45:00,84289.43009017078
2024-05-13 13:00:00,84325.79523528433
2024-05-13 13:15:00,84112.96343861982
2024-05-13 13:30:00,84131.52880217778
2024-05-13 13:45:00,84604.4670841544
2024-05-13 14:00:00,84608.48638966694
2024-05-13 14:15:00,84597.19405513168
2024-05-13 14:30:00,84678.91993388685
2024-05-13 14:45:00,84672.41248686654
2024-05-13 15:00:00,84590.87800361197
2024-05-13 15:15:00,84671.07271836235
2024-05-14 09:15:00,84711.26577348784
2024-05-14 09:30:00,84764.09093165277
2024-05-14 09:45:00,84756.05232062766
2024-05-14 10:00:00,84593.36614511971
2024-05-14 10:15:00,84739.20951657508
2024-05-14 10:30:00,84808.3032922908
2024-05-14 10:45:00,84763.32534965036
2024-05-14 11:00:00,84898.83336407345
2024-05-14 11:15:00,84835.67284887625
2024-05-14 11:30:00,84890.60335754775
2024-05-14 11:45:00,84906.68057959795
2024-05-14 12:00:00,84923.33198814993
2024-05-14 12:15:00,84922.37501064695
2024-05-14 12:30:00,84959.12294676171
2024-05-14 12:45:00,85070.5151281095
2024-05-14 13:00:00,85057.88302507006
2024-05-14 13:15:00,85097.50189369374
2024-05-14 13:30:00,85138.26913532102
2024-05-14 13:45:00,85203.5350010248
2024-05-14 14:00:00,85174.25148943336
2024-05-14 14:15:00,85196.26197200207
2024-05-14 14:30:00,85120.85214476664
2024-05-14 14:45:00,85120.27795826484
2024-05-14 15:00:00,85064.00768108915
2024-05-14 15:15:00,85070.70652361006
2024-05-15 09:15:00,85270.14063523275
2024-05-15 09:30:00,85299.42414682417
2024-05-15 09:45:00,85168.70101991603
2024-05-15 10:00:00,84939.79200120132
2024-05-15 10:15:00,84860.36286845332
2024-05-15 10:30:00,84846.3909969097
2024-05-15 10:45:00,84953.95526824554
2024-05-15 11:00:00,85095.77933418835
2024-05-15 11:15:00,84894.23987205912
2024-05-15 11:30:00,84804.94793776983
2024-05-15 11:45:00,84804.94793776983
2024-05-15 12:00:00,84804.94793776983
2024-05-15 12:15:00,84804.94793776983
2024-05-15 12:30:00,84804.94793776983
2024-05-15 12:45:00,84804.94793776983
2024-05-15 13:00:00,84804.94793776983
2024-05-15 13:15:00,84804.94793776983
2024-05-15 13:30:00,84804.94793776983
2024-05-15 13:45:00,84804.94793776983
2024-05-15 14:00:00,84804.94793776983
2024-05-15 14:15:00,84804.94793776983
2024-05-15 14:30:00,84804.94793776983
2024-05-15 14:45:00,84804.94793776983
2024-05-15 15:00:00,84804.94793776983
2024-05-15 15:15:00,84804.94793776983
2024-05-16 09:15:00,84804.94793776983
2024-05-16 09:30:00,84448.26024893255
2024-05-16 09:45:00,84456.61418789873
2024-05-16 10:00:00,84467.62619835416
2024-05-16 10:15:00,84246.05695350099
2024-05-16 10:30:00,84356.74664480296
2024-05-16 10:45:00,84158.91018110374
2024-05-16 11:00:00,84097.96439910041
2024-05-16 11:15:00,84069.86478621417
2024-05-16 11:30:00,84232.00714705787
2024-05-16 11:45:00,84165.74522207608
2024-05-16 12:00:00,84638.69208491173
2024-05-16 12:15:00,84223.65320809167
2024-05-16 12:30:00,84203.33794742389
2024-05-16 12:45:00,84075.37079144188
2024-05-16 13:00:00,83992.43345497231
2024-05-16 13:15:00,83992.43345497231
2024-05-16 13:30:00,83992.43345497231
2024-05-16 13:45:00,83992.43345497231
2024-05-16 14:00:00,83992.43345497231
2024-05-16 14:15:00,83992.43345497231
2024-05-16 14:30:00,83992.43345497231
2024-05-16 14:45:00,83992.43345497231
2024-05-16 15:00:00,84066.0419840263
2024-05-16 15:15:00,84025.14078185135
2024-05-17 09:15:00,83966.22804110395
2024-05-17 09:30:00,83900.93621377881
2024-05-17 09:45:00,84080.3011187295
2024-05-17 10:00:00,84023.07695972327
2024-05-17 10:15:00,84164.91782598133
2024-05-17 10:30:00,84271.48609586836
2024-05-17 10:45:00,84274.30039877031
2024-05-17 11:00:00,84313.88825959101
2024-05-17 11:15:00,84275.98898051148
2024-05-17 11:30:00,84367.17239453451
2024-05-17 11:45:00,84357.22852428097
2024-05-17 12:00:00,84271.86133625529
2024-05-17 12:15:00,84344.28273093203
2024-05-17 12:30:00,84332.83789913077
2024-05-17 12:45:00,84294.75099985777
2024-05-17 13:00:00,84333.77600009809
2024-05-17 13:15:00,84367.54763492144
2024-05-17 13:30:00,84336.40268280658
2024-05-17 13:45:00,84327.02167313344
2024-05-17 14:00:00,84361.91902911756
2024-05-17 14:15:00,84315.20160094526
2024-05-17 14:30:00,84344.28273093204
2024-05-17 14:45:00,84291.74907676238
2024-05-17 15:00:00,84333.02551932426
2024-05-17 15:15:00,84299.81674508129
2024-05-18 09:15:00,84474.30352500193
2024-05-18 09:30:00,84464.54727494185
2024-05-18 09:45:00,84362.48188969796
2024-05-18 11:30:00,84413.5145823199
2024-05-18 11:45:00,84404.69643322715
2024-05-18 12:00:00,84454.41578449486
2024-05-18 12:15:00,84454.60340468831
2024-05-21 09:15:00,84316.70256249297
2024-05-21 09:30:00,84329.64835584193
2024-05-21 09:45:00,84284.99474979771
2024-05-21 10:00:00,84300.37960566168
2024-05-21 10:15:00,84352.16277905749
2024-05-21 10:30:00,84271.67371606182
2024-05-21 10:45:00,84185.9025817596
2024-05-21 11:00:00,84185.9025817596
2024-05-21 11:15:00,84185.9025817596
2024-05-21 11:30:00,84185.9025817596
2024-05-21 11:45:00,84181.64920495637
2024-05-21 12:00:00,84214.14513833362
2024-05-21 12:15:00,84156.62360109114
2024-05-21 12:30:00,84241.22508281466
2024-05-21 12:45:00,84348.05079483645
2024-05-21 13:00:00,84316.675410886
2024-05-21 13:15:00,84243.27942343049
2024-05-21 13:30:00,84198.83096283402
2024-05-21 13:45:00,84201.63233640102
2024-05-21 14:00:00,84173.80535896878
2024-05-21 14:15:00,84194.7222816024
2024-05-21 14:30:00,84217.13327013842
2024-05-21 14:45:00,84101.90343741565
2024-05-21 15:00:00,84135.89343669529
2024-05-21 15:15:00,84069.40750403839
2024-05-22 09:15:00,84256.72601655209
2024-05-22 09:30:00,84064.92530633118
2024-05-22 09:45:00,84244.02645638165
2024-05-22 10:00:00,84259.34063188128
2024-05-22 10:15:00,84207.42184177278
2024-05-22 10:30:00,84214.5186548092
2024-05-22 10:45:00,84249.44244527785
2024-05-22 11:00:00,84214.1451383336
2024-05-22 11:15:00,84232.44744563803
2024-05-22 11:30:00,84187.43871032816
2024-05-22 11:45:00,84238.23695100985
2024-05-22 12:00:00,84281.19134570392
2024-05-22 12:15:00,84290.71601583174
2024-05-22 12:30:00,84269.61233496031
2024-05-22 12:45:00,84266.0639284421
2024-05-22 13:00:00,84284.36623574654
2024-05-22 13:15:00,84308.08453194718
2024-05-22 13:30:00,84331.24255343442
2024-05-22 13:45:00,84350.10513545225
2024-05-22 14:00:00,84328.0676633918
2024-05-22 14:15:00,84314.6210702702
2024-05-22 14:30:00,84374.3837063663
2024-05-22 14:45:00,84236.74288510747
2024-05-22 15:00:00,84406.87963974354
2024-05-22 15:15:00,84491.29436322926
2024-05-23 09:15:00,84360.19008029347
2024-05-23 09:30:00,84714.65721563842
2024-05-23 09:45:00,84725.30243519305
2024-05-23 10:00:00,84692.9932600536
2024-05-23 10:15:00,84782.63721419773
2024-05-23 10:30:00,84640.51419523172
2024-05-23 10:45:00,84768.63034636273
2024-05-23 11:00:00,84776.28743411253
2024-05-23 11:15:00,84825.21809241621
2024-05-23 11:30:00,84873.02820129308
2024-05-23 11:45:00,85013.8439125945
2024-05-23 12:00:00,85008.05440722269
2024-05-23 12:15:00,85148.30984381071
2024-05-23 12:30:00,85276.42599494172
2024-05-23 12:45:00,85318.82011492238
2024-05-23 13:00:00,85275.1186872771
2024-05-23 13:15:00,85347.39412530583
2024-05-23 13:30:00,85287.07121449633
2024-05-23 13:45:00,85378.02247630508
2024-05-23 14:00:00,85590.92686739741
2024-05-23 14:15:00,85639.67076746328
2024-05-23 14:30:00,85640.79131689007
2024-05-23 14:45:00,85611.84379003102
2024-05-23 15:00:00,85829.04362059275
2024-05-23 15:15:00,85725.76631508919
2024-05-24 09:15:00,85856.6838397872
2024-05-24 09:30:00,85805.32532439212
2024-05-24 09:45:00,85705.59642540677
2024-05-24 10:00:00,85608.85565822622
2024-05-24 10:15:00,85667.68450313332
2024-05-24 10:30:00,85719.9768097174
2024-05-24 10:45:00,85824.00114817216
2024-05-24 11:00:00,85757.70197375306
2024-05-24 11:15:00,85816.34406042237
2024-05-24 11:30:00,85819.14543398937
2024-05-24 11:45:00,85807.19290677014
2024-05-24 12:00:00,85794.49334659973
2024-05-24 12:15:00,85790.01114889253
2024-05-24 12:30:00,85850.52081793983
2024-05-24 12:45:00,85918.31405826133
2024-05-24 13:00:00,85876.10669651847
2024-05-24 13:15:00,85958.840595864
2024-05-24 13:30:00,85937.73691499257
2024-05-24 13:45:00,85907.29532223112
2024-05-24 14:00:00,85930.64010195615
2024-05-24 14:15:00,85849.77378498863
2024-05-24 14:30:00,85871.81125704906
2024-05-24 14:45:00,85807.75318148357
2024-05-24 15:00:00,85753.21977604587
2024-05-24 15:15:00,85729.50147984523
2024-05-27 09:15:00,85863.40713634803
2024-05-27 09:30:00,85899.63823448129
2024-05-27 09:45:00,85734.17043579023
2024-05-27 10:00:00,85725.39279861363
2024-05-27 10:15:00,85850.52081793983
2024-05-27 10:30:00,85902.99988276171
2024-05-27 10:45:00,85919.99488240153
2024-05-27 11:00:00,85866.95554286624
2024-05-27 11:15:00,85910.65697051151
2024-05-27 11:30:00,85979.01048554642
2024-05-27 11:45:00,86164.27465744432
2024-05-27 12:00:00,86162.40707506631
2024-05-27 12:15:00,86234.68251309502
2024-05-27 12:30:00,86284.73372082549
2024-05-27 12:45:00,86154.37647084089
2024-05-27 13:00:00,86188.36647012053
2024-05-27 13:15:00,86217.50075521738
2024-05-27 13:30:00,86181.64317355971
2024-05-27 13:45:00,86174.54636052331
2024-05-27 14:00:00,86163.71438273089
2024-05-27 14:15:00,86122.81432865262
2024-05-27 14:30:00,85975.0885625526
2024-05-27 14:45:00,85629.77258085986
2024-05-27 15:00:00,85539.47852128993
2024-05-27 15:15:00,85539.47852128993
2024-05-28 09:15:00,85539.47852128993
2024-05-28 09:30:00,85539.47852128993
2024-05-28 09:45:00,85539.47852128993
2024-05-28 10:00:00,85539.47852128993
2024-05-28 10:15:00,85539.47852128993
2024-05-28 10:30:00,85539.47852128993
2024-05-28 10:45:00,85539.47852128993
2024-05-28 11:00:00,85539.47852128993
2024-05-28 11:15:00,85539.47852128993
2024-05-28 11:30:00,85539.47852128993
2024-05-28 11:45:00,85539.47852128993
2024-05-28 12:00:00,85539.47852128993
2024-05-28 12:15:00,85539.47852128993
2024-05-28 12:30:00,85539.47852128993
2024-05-28 12:45:00,85539.47852128993
2024-05-28 13:00:00,85539.47852128993
2024-05-28 13:15:00,85539.47852128993
2024-05-28 13:30:00,85539.47852128993
2024-05-28 13:45:00,85539.47852128993
2024-05-28 14:00:00,85539.47852128993
2024-05-28 14:15:00,85539.47852128993
2024-05-28 14:30:00,85539.47852128993
2024-05-28 14:45:00,85539.47852128993
2024-05-28 15:00:00,85539.47852128993
2024-05-28 15:15:00,85539.47852128993
2024-05-29 09:15:00,85539.47852128993
2024-05-29 09:30:00,85539.47852128993
2024-05-29 09:45:00,85539.47852128993
2024-05-29 10:00:00,85539.47852128993
2024-05-29 10:15:00,85539.47852128993
2024-05-29 10:30:00,85539.47852128993
2024-05-29 10:45:00,85539.47852128993
2024-05-29 11:00:00,85539.47852128993
2024-05-29 11:15:00,85539.47852128993
2024-05-29 11:30:00,85539.47852128993
2024-05-29 11:45:00,85539.47852128993
2024-05-29 12:00:00,85539.47852128993
2024-05-29 12:15:00,85539.47852128993
2024-05-29 12:30:00,85539.47852128993
2024-05-29 12:45:00,85539.47852128993
2024-05-29 13:00:00,85539.47852128993
2024-05-29 13:15:00,85539.47852128993
2024-05-29 13:30:00,85539.47852128993
2024-05-29 13:45:00,85539.47852128993
2024-05-29 14:00:00,85539.47852128993
2024-05-29 14:15:00,85539.47852128993
2024-05-29 14:30:00,85539.47852128993
2024-05-29 14:45:00,85539.47852128993
2024-05-29 15:00:00,85539.47852128993
2024-05-29 15:15:00,85539.47852128993
2024-05-30 09:15:00,85539.47852128993
2024-05-30 09:30:00,85539.47852128993
2024-05-30 09:45:00,85539.47852128993
2024-05-30 10:00:00,85539.47852128993
2024-05-30 10:15:00,85539.47852128993
2024-05-30 10:30:00,85539.47852128993
2024-05-30 10:45:00,85539.47852128993
2024-05-30 11:00:00,85539.47852128993
2024-05-30 11:15:00,85539.47852128993
2024-05-30 11:30:00,85539.47852128993
2024-05-30 11:45:00,85539.47852128993
2024-05-30 12:00:00,85539.47852128993
2024-05-30 12:15:00,85539.47852128993
2024-05-30 12:30:00,85539.47852128993
2024-05-30 12:45:00,85539.47852128993
2024-05-30 13:00:00,85539.47852128993
2024-05-30 13:15:00,85539.47852128993
2024-05-30 13:30:00,85539.47852128993
2024-05-30 13:45:00,85539.47852128993
2024-05-30 14:00:00,85539.47852128993
2024-05-30 14:15:00,85539.47852128993
2024-05-30 14:30:00,85539.47852128993
2024-05-30 14:45:00,85539.47852128993
2024-05-30 15:00:00,85539.47852128993
2024-05-30 15:15:00,85539.47852128993
2024-05-31 09:15:00,85539.47852128993
2024-05-31 09:30:00,85539.47852128993
2024-05-31 09:45:00,85539.47852128993
2024-05-31 10:00:00,85539.47852128993
2024-05-31 10:15:00,85539.47852128993
2024-05-31 10:30:00,85539.47852128993
2024-05-31 10:45:00,85539.47852128993
2024-05-31 11:00:00,85539.47852128993
2024-05-31 11:15:00,85539.47852128993
2024-05-31 11:30:00,85539.47852128993
2024-05-31 11:45:00,85539.47852128993
2024-05-31 12:00:00,85539.47852128993
2024-05-31 12:15:00,85539.47852128993
2024-05-31 12:30:00,85539.47852128993
2024-05-31 12:45:00,85539.47852128993
2024-05-31 13:00:00,85539.47852128993
2024-05-31 13:15:00,85539.47852128993
2024-05-31 13:30:00,85521.9537465289
2024-05-31 13:45:00,85642.63721810348
2024-05-31 14:00:00,85655.33077005873
2024-05-31 14:15:00,85343.67565115733
2024-05-31 14:30:00,85279.07115538507
2024-05-31 14:45:00,85323.59331522814
2024-05-31 15:00:00,85344.43347515467
2024-05-31 15:15:00,85446.36080279537
2024-06-03 09:15:00,87653.52319501498
2024-06-03 09:30:00,87550.26967537895
2024-06-03 09:45:00,87767.9546186116
2024-06-03 10:00:00,87896.59524215813
2024-06-03 10:15:00,87918.95105007934
2024-06-03 10:30:00,87703.72903483802
2024-06-03 10:45:00,87696.90861886207
2024-06-03 11:00:00,87813.99242644935
2024-06-03 11:15:00,87869.50303425368
2024-06-03 11:30:00,87922.92962606534
2024-06-03 11:45:00,88012.54231374945
2024-06-03 12:00:00,87989.61813783027
2024-06-03 12:15:00,88007.23754576815
2024-06-03 12:30:00,87959.49463393645
2024-06-03 12:45:00,88013.48959374613
2024-06-03 13:00:00,88014.05796174413
2024-06-03 13:15:00,88034.519209672
2024-06-03 13:30:00,87921.98234606869
2024-06-03 13:45:00,88054.03317760321
2024-06-03 14:00:00,88062.74815357248
2024-06-03 14:15:00,87990.75487382626
2024-06-03 14:30:00,88145.72988127996
2024-06-03 14:45:00,88075.63116152705
2024-06-03 15:00:00,88152.73975325526
2024-06-03 15:15:00,88309.0409527043
2024-06-04 09:15:00,85177.14382774447
2024-06-04 09:30:00,85574.05414634533
2024-06-04 09:45:00,86329.79412768128
2024-06-04 10:00:00,86520.38686300944
2024-06-04 10:15:00,86146.40072032776
2024-06-04 10:30:00,85459.6227227487
2024-06-04 10:45:00,85368.10657063928
2024-06-04 11:00:00,85368.10657063928
2024-06-04 11:15:00,85368.10657063928
2024-06-04 11:30:00,85368.10657063928
2024-06-04 11:45:00,85368.10657063928
2024-06-04 12:00:00,85368.10657063928
2024-06-04 12:15:00,85368.10657063928
2024-06-04 12:30:00,85368.10657063928
2024-06-04 12:45:00,85368.10657063928
2024-06-04 13:00:00,85368.10657063928
2024-06-04 13:15:00,85368.10657063928
2024-06-04 13:30:00,85368.10657063928
2024-06-04 13:45:00,85368.10657063928
2024-06-04 14:00:00,84590.63138102973
2024-06-04 14:15:00,84010.48843552398
2024-06-04 14:30:00,84317.23949725868
2024-06-04 14:45:00,83592.9235527376
2024-06-04 15:00:00,84163.67224697775
2024-06-04 15:15:00,84342.92989867895
2024-06-05 09:15:00,84385.87504732182
2024-06-05 09:30:00,84097.5290492912
2024-06-05 09:45:00,83814.74291425453
2024-06-05 10:00:00,84599.25875464102
2024-06-05 10:15:00,84209.49318682437
2024-06-05 10:30:00,84555.73844775742
2024-06-05 10:45:00,85190.52142613468
2024-06-05 11:00:00,85704.90461278107
2024-06-05 11:15:00,85991.14169726227
2024-06-05 11:30:00,85725.80202886174
2024-06-05 11:45:00,85385.5000697498
2024-06-05 12:00:00,85551.33736250013
2024-06-05 12:15:00,85625.34105614363
2024-06-05 12:30:00,85515.86927098705
2024-06-05 12:45:00,85733.27908599153
2024-06-05 13:00:00,85804.59870784485
2024-06-05 13:15:00,85878.60240148834
2024-06-05 13:30:00,85999.00219321922
2024-06-05 13:45:00,86219.28779942746
2024-06-05 14:00:00,86178.45156433404
2024-06-05 14:15:00,86419.63458662294
2024-06-05 14:30:00,86569.36744863218
2024-06-05 14:45:00,86714.88248354258
2024-06-05 15:00:00,86794.63775959359
2024-06-05 15:15:00,86553.64645671827
2024-06-06 09:15:00,87105.79836784073
2024-06-06 09:30:00,87166.38170253333
2024-06-06 09:45:00,87233.10005846062
2024-06-06 10:00:00,87373.63038861782
2024-06-06 10:15:00,87621.52359038219
2024-06-06 10:30:00,87665.0438972658
2024-06-06 10:45:00,87752.08451103301
2024-06-06 11:00:00,87795.41309850304
2024-06-06 11:15:00,87731.57053377951
2024-06-06 11:30:00,87410.82395485316
2024-06-06 11:45:00,87339.12089417267
2024-06-06 12:00:00,87120.17732385952
2024-06-06 12:15:00,87299.62669497431
2024-06-06 12:30:00,87116.34293558783
2024-06-06 12:45:00,87211.244045312
2024-06-06 13:00:00,87037.9296954319
2024-06-06 13:15:00,86953.19009806652
2024-06-06 13:30:00,86953.19009806652
2024-06-06 13:45:00,86953.19009806652
2024-06-06 14:00:00,86953.19009806652
2024-06-06 14:15:00,86953.19009806652
2024-06-06 14:30:00,86953.19009806652
2024-06-06 14:45:00,86953.19009806652
2024-06-06 15:00:00,86953.19009806652
2024-06-06 15:15:00,86953.19009806652
2024-06-07 09:15:00,86953.19009806652
2024-06-07 09:30:00,86954.35672027078
2024-06-07 09:45:00,87092.88485530949
2024-06-07 10:00:00,87097.43297465412
2024-06-07 10:15:00,87133.8179294112
2024-06-07 10:30:00,87300.39280040852
2024-06-07 10:45:00,87365.3930060423
2024-06-07 11:00:00,87459.7664824435
2024-06-07 11:15:00,87335.26171538408
2024-06-07 11:30:00,87673.14908169606
2024-06-07 11:45:00,87865.68613395233
2024-06-07 12:00:00,87891.4588102386
2024-06-07 12:15:00,87967.63980926127
2024-06-07 12:30:00,87997.96060489219
2024-06-07 12:45:00,87991.70694079332
2024-06-07 13:00:00,87961.5756501351
2024-06-07 13:15:00,87849.00969635534
2024-06-07 13:30:00,88029.41843035926
2024-06-07 13:45:00,87933.7184191492
2024-06-07 14:00:00,88095.93467577458
2024-06-07 14:15:00,88157.90280184525
2024-06-07 14:30:00,88075.08912877833
2024-06-07 14:45:00,88343.80718005727
2024-06-07 15:00:00,88262.88855671727
2024-06-07 15:15:00,88195.80379638387
2024-06-10 09:15:00,88687.00068560462
2024-06-10 09:30:00,88403.12223651021
2024-06-10 09:45:00,88181.0224085138
2024-06-10 10:00:00,88367.11629169852
2024-06-10 10:15:00,88501.2858123653
2024-06-10 10:30:00,88414.87154481719
2024-06-10 10:45:00,88498.63274274758
2024-06-10 11:00:00,88451.82501449235
2024-06-10 11:15:00,88561.92740362711
2024-06-10 11:30:00,88468.69095706205
2024-06-10 11:45:00,88432.30600230496
2024-06-10 12:00:00,88340.20658557607
2024-06-10 12:15:00,88350.8188640469
2024-06-10 12:30:00,88437.80164651308
2024-06-10 12:45:00,88450.30897471083
2024-06-10 13:00:00,88435.90659678615
2024-06-10 13:15:00,88423.96778350648
2024-06-10 13:30:00,88530.46957816005
2024-06-10 13:45:00,88568.3705726987
2024-06-10 14:00:00,88549.041065484
2024-06-10 14:15:00,88165.10399080759
2024-06-10 14:30:00,88299.65252141976
2024-06-10 14:45:00,88250.00221857414
2024-06-10 15:00:00,88165.86201069837
2024-06-10 15:15:00,88075.61367854275
2024-06-11 09:15:00,88075.61367854275
2024-06-11 09:30:00,88075.61367854275
2024-06-11 09:45:00,88075.61367854275
2024-06-11 10:00:00,88075.61367854275
2024-06-11 10:15:00,88075.61367854275
2024-06-11 10:30:00,88075.61367854275
2024-06-11 10:45:00,88075.61367854275
2024-06-11 11:00:00,88075.61367854275
2024-06-11 11:15:00,88075.61367854275
2024-06-11 11:30:00,88075.61367854275
2024-06-11 11:45:00,88075.61367854275
2024-06-11 12:00:00,88075.61367854275
2024-06-11 12:15:00,88075.61367854275
2024-06-11 12:30:00,88075.61367854275
2024-06-11 12:45:00,88075.61367854275
2024-06-11 13:00:00,88075.61367854275
2024-06-11 13:15:00,88075.61367854275
2024-06-11 13:30:00,88086.06454537499
2024-06-11 13:45:00,88067.97937878028
2024-06-11 14:00:00,87902.19868499541
2024-06-11 14:15:00,87956.83095908361
2024-06-11 14:30:00,87912.55997835696
2024-06-11 14:45:00,87890.33029441762
2024-06-11 15:00:00,87653.33925716608
2024-06-11 15:15:00,87644.48506102074
2024-06-12 09:15:00,88001.10193981025
2024-06-12 09:30:00,88063.08131282755
2024-06-12 09:45:00,88182.51876721345
2024-06-12 10:00:00,88197.77812652776
2024-06-12 10:15:00,88183.27231582158
2024-06-12 10:30:00,88301.39106014332
2024-06-12 10:45:00,88258.81556378493
2024-06-12 11:00:00,88213.41426014612
2024-06-12 11:15:00,88088.51357835138
2024-06-12 11:30:00,88176.30199119655
2024-06-12 11:45:00,88297.2465427987
2024-06-12 12:00:00,88215.10974451438
2024-06-12 12:15:00,88218.68910040292
2024-06-12 12:30:00,88211.9071629299
2024-06-12 12:45:00,88178.56263702089
2024-06-12 13:00:00,88209.26974280151
2024-06-12 13:15:00,88146.91359548016
2024-06-12 13:30:00,88166.5058592911
2024-06-12 13:45:00,88036.89549869567
2024-06-12 14:00:00,87987.16129056021
2024-06-12 14:15:00,87994.32000233729
2024-06-12 14:30:00,88084.74583531087
2024-06-12 14:45:00,88067.22583017223
2024-06-12 15:00:00,87883.54835694468
2024-06-12 15:15:00,87798.48779006087
2024-06-13 09:15:00,87798.48779006087
2024-06-13 09:30:00,87798.48779006087
2024-06-13 09:45:00,87798.48779006087
2024-06-13 10:00:00,87798.48779006087
2024-06-13 10:15:00,87798.48779006087
2024-06-13 10:30:00,87798.48779006087
2024-06-13 10:45:00,87798.48779006087
2024-06-13 11:00:00,87798.48779006087
2024-06-13 11:15:00,87798.48779006087
2024-06-13 11:30:00,87798.48779006087
2024-06-13 11:45:00,87798.48779006087
2024-06-13 12:00:00,87798.48779006087
2024-06-13 12:15:00,87798.48779006087
2024-06-13 12:30:00,87798.48779006087
2024-06-13 12:45:00,87798.48779006087
2024-06-13 13:00:00,87798.48779006087
2024-06-13 13:15:00,87798.48779006087
2024-06-13 13:30:00,87798.48779006087
2024-06-13 13:45:00,87798.48779006087
2024-06-13 14:00:00,87798.48779006087
2024-06-13 14:15:00,87798.48779006087
2024-06-13 14:30:00,87798.48779006087
2024-06-13 14:45:00,87798.48779006087
2024-06-13 15:00:00,87798.48779006087
2024-06-13 15:15:00,87798.48779006087
2024-06-14 09:15:00,87798.48779006087
2024-06-14 09:30:00,87798.48779006087
2024-06-14 09:45:00,87798.48779006087
2024-06-14 10:00:00,87798.48779006087
2024-06-14 10:15:00,87798.48779006087
2024-06-14 10:30:00,87798.48779006087
2024-06-14 10:45:00,87798.48779006087
2024-06-14 11:00:00,87798.48779006087
2024-06-14 11:15:00,87798.48779006087
2024-06-14 11:30:00,87798.48779006087
2024-06-14 11:45:00,87798.48779006087
2024-06-14 12:00:00,87798.48779006087
2024-06-14 12:15:00,87798.48779006087
2024-06-14 12:30:00,87798.48779006087
2024-06-14 12:45:00,87798.48779006087
2024-06-14 13:00:00,87764.18774039358
2024-06-14 13:15:00,87749.97137222109
2024-06-14 13:30:00,87702.6458308048
2024-06-14 13:45:00,87665.98256551787
2024-06-14 14:00:00,87716.30102654941
2024-06-14 14:15:00,87723.03509568376
2024-06-14 14:30:00,87750.53254464896
2024-06-14 14:45:00,87787.94403983971
2024-06-14 15:00:00,87811.8873967618
2024-06-14 15:15:00,87745.48199279823
2024-06-18 09:15:00,87977.80737793275
2024-06-18 09:30:00,88117.9134274221
2024-06-18 09:45:00,88150.83554318995
2024-06-18 10:00:00,88075.4513803806
2024-06-18 10:15:00,88047.95393141541
2024-06-18 10:30:00,88053.00448326615
2024-06-18 10:45:00,88059.92560987645
2024-06-18 11:00:00,88068.53025377031
2024-06-18 11:15:00,88083.68190932256
2024-06-18 11:30:00,88075.0772654287
2024-06-18 11:45:00,88067.59496639055
2024-06-18 12:00:00,88043.27749451656
2024-06-18 12:15:00,88011.47772360443
2024-06-18 12:30:00,88019.70825254639
2024-06-18 12:45:00,88024.5717469212
2024-06-18 13:00:00,88038.03988518986
2024-06-18 13:15:00,88053.19154074212
2024-06-18 13:30:00,88059.55149492454
2024-06-18 13:45:00,88063.85381687149
2024-06-18 14:00:00,88064.78910425126
2024-06-18 14:15:00,88065.35027667914
2024-06-18 14:30:00,88046.27041413185
2024-06-18 14:45:00,88055.81034540548
2024-06-18 15:00:00,88125.58278393622
2024-06-18 15:15:00,88150.08731328615
2024-06-19 09:15:00,88127.6404161717
2024-06-19 09:30:00,88217.42800462949
2024-06-19 09:45:00,88197.03873975053
2024-06-19 10:00:00,88003.06013718653
2024-06-19 10:15:00,87720.04217606854
2024-06-19 10:30:00,87771.29592447987
2024-06-19 10:45:00,87943.94997478517
2024-06-19 11:00:00,87930.66889399246
2024-06-19 11:15:00,87919.25838795927
2024-06-19 11:30:00,88074.51609300086
2024-06-19 11:45:00,88049.63744869902
2024-06-19 12:00:00,88127.82747364767
2024-06-19 12:15:00,88115.66873771069
2024-06-19 12:30:00,88139.0509222049
2024-06-19 12:45:00,88070.21377105394
2024-06-19 13:00:00,88111.92758819161
2024-06-19 13:15:00,88067.03379396272
2024-06-19 13:30:00,88062.54441453984
2024-06-19 13:45:00,88111.74053071566
2024-06-19 14:00:00,88143.9144165797
2024-06-19 14:15:00,88232.57966018176
2024-06-19 14:30:00,88333.96481214867
2024-06-19 14:45:00,88132.1297955946
2024-06-19 15:00:00,87958.16634295764
2024-06-19 15:15:00,87997.07429795602
2024-06-20 09:15:00,87916.265468344
2024-06-20 09:30:00,87946.94289440042
2024-06-20 09:45:00,87909.71845668563
2024-06-20 10:00:00,87869.68815683153
2024-06-20 10:15:00,88008.29774651324
2024-06-20 10:30:00,88036.35636790631
2024-06-20 10:45:00,88054.68800054975
2024-06-20 11:00:00,88042.90337956467
2024-06-20 11:15:00,88038.03988518986
2024-06-20 11:30:00,88113.61110547518
2024-06-20 11:45:00,88141.4826693923
2024-06-20 12:00:00,88128.76276102744
2024-06-20 12:15:00,88104.25823167751
2024-06-20 12:30:00,88060.11266735244
2024-06-20 12:45:00,88108.56055362447
2024-06-20 13:00:00,88113.42404799927
2024-06-20 13:15:00,88317.50375426478
2024-06-20 13:30:00,88337.33184671585
2024-06-20 13:45:00,88052.2562533624
2024-06-20 14:00:00,88151.77083056977
2024-06-20 14:15:00,88229.5867405665
2024-06-20 14:30:00,88214.6221424902
2024-06-20 14:45:00,88133.25214045033
2024-06-20 15:00:00,88167.10954359795
2024-06-20 15:15:00,88213.12568268258
2024-06-21 09:15:00,88327.41780049031
2024-06-21 09:30:00,88252.03363768096
2024-06-21 09:45:00,88327.23074301437
2024-06-21 10:00:00,88234.0761199894
2024-06-21 10:15:00,88324.05076592314
2024-06-21 10:30:00,88089.85480602909
2024-06-21 10:45:00,88044.02572442043
2024-06-21 11:00:00,88025.69409177695
2024-06-21 11:15:00,88003.06013718656
2024-06-21 11:30:00,88096.96299011532
2024-06-21 11:45:00,88053.56565569407
2024-06-21 12:00:00,88064.04087434747
2024-06-21 12:15:00,88036.91754033418
2024-06-21 12:30:00,87768.49006234058
2024-06-21 12:45:00,87681.8427947891
2024-06-21 13:00:00,87681.8427947891
2024-06-21 13:15:00,87681.8427947891
2024-06-21 13:30:00,87681.8427947891
2024-06-21 13:45:00,87681.8427947891
2024-06-21 14:00:00,87681.8427947891
2024-06-21 14:15:00,87681.8427947891
2024-06-21 14:30:00,87681.8427947891
2024-06-21 14:45:00,87681.8427947891
2024-06-21 15:00:00,87681.8427947891
2024-06-21 15:15:00,87681.8427947891
2024-06-24 09:15:00,87681.8427947891
2024-06-24 09:30:00,87681.8427947891
2024-06-24 09:45:00,87681.8427947891
2024-06-24 10:00:00,87681.8427947891
2024-06-24 10:15:00,87681.8427947891
2024-06-24 10:30:00,87681.8427947891
2024-06-24 10:45:00,87681.8427947891
2024-06-24 11:00:00,87681.8427947891
2024-06-24 11:15:00,87687.91591363649
2024-06-24 11:30:00,87611.12258521387
2024-06-24 11:45:00,87734.32741552297
2024-06-24 12:00:00,87733.20906607993
2024-06-24 12:15:00,87772.16490501275
2024-06-24 12:30:00,87686.42478104575
2024-06-24 12:45:00,87696.30353445934
2024-06-24 13:00:00,87777.75665222797
2024-06-24 13:15:00,87720.90722220637
2024-06-24 13:30:00,87738.98720486899
2024-06-24 13:45:00,87736.93689755673
2024-06-24 14:00:00,87678.40994337056
2024-06-24 14:15:00,87709.53733620205
2024-06-24 14:30:00,87678.22355179672
2024-06-24 14:45:00,87653.99264719736
2024-06-24 15:00:00,87775.33356176804
2024-06-24 15:15:00,87785.39870675547
2024-06-25 09:15:00,87897.0472594864
2024-06-25 09:30:00,87977.94120253352
2024-06-25 09:45:00,87882.69510830061
2024-06-25 10:00:00,87957.62452098481
2024-06-25 10:15:00,87960.79317774011
2024-06-25 10:30:00,87940.10371304373
2024-06-25 10:45:00,87990.9886127024
2024-06-25 11:00:00,87906.73962132614
2024-06-25 11:15:00,87877.10336108536
2024-06-25 11:30:00,87907.11240447381
2024-06-25 11:45:00,87933.58000795927
2024-06-25 12:00:00,87933.76639953311
2024-06-25 12:15:00,88060.1398865975
2024-06-25 12:30:00,88142.89774538303
2024-06-25 12:45:00,88182.78554218507
2024-06-25 13:00:00,88247.0906351603
2024-06-25 13:15:00,88274.11741336729
2024-06-25 13:30:00,88250.63207506329
2024-06-25 13:45:00,88272.43988920271
2024-06-25 14:00:00,88331.89880125808
2024-06-25 14:15:00,88322.57922256601
2024-06-25 14:30:00,88313.44603544778
2024-06-25 14:45:00,88293.31574547292
2024-06-25 15:00:00,88467.59186701455
2024-06-25 15:15:00,88431.24551011549
2024-06-26 09:15:00,88334.32189171802
2024-06-26 09:30:00,88354.07939854519
2024-06-26 09:45:00,88358.1800131697
2024-06-26 10:00:00,88324.44313830441
2024-06-26 10:15:00,88468.33743330989
2024-06-26 10:30:00,88442.6153961198
2024-06-26 10:45:00,88589.30556473289
2024-06-26 11:00:00,88627.14305422267
2024-06-26 11:15:00,88746.80644462878
2024-06-26 11:30:00,88742.51943843043
2024-06-26 11:45:00,88820.61750786992
2024-06-26 12:00:00,88829.75069498815
2024-06-26 12:15:00,88854.16799116135
2024-06-26 12:30:00,88887.15929973125
2024-06-26 12:45:00,88835.15605062954
2024-06-26 13:00:00,88827.70038767588
2024-06-26 13:15:00,88897.97001101404
2024-06-26 13:30:00,88886.78651658355
2024-06-26 13:45:00,88915.11803580743
2024-06-26 14:00:00,88991.53858108238
2024-06-26 14:15:00,88966.00293546611
2024-06-26 14:30:00,88994.14806311615
2024-06-26 14:45:00,88998.4350693145
2024-06-26 15:00:00,89002.72207551285
2024-06-26 15:15:00,88872.43436539778
2024-06-27 09:15:00,88795.82742854902
2024-06-27 09:30:00,88936.18028365151
2024-06-27 09:45:00,89145.87080422297
2024-06-27 10:00:00,89266.4661524983
2024-06-27 10:15:00,89359.10276469741
2024-06-27 10:30:00,88912.32216219984
2024-06-27 10:45:00,89055.2844993361
2024-06-27 11:00:00,89177.18458862831
2024-06-27 11:15:00,89162.83243744254
2024-06-27 11:30:00,89272.24429128738
2024-06-27 11:45:00,89295.35684644371
2024-06-27 12:00:00,89490.88160740324
2024-06-27 12:15:00,89397.12664576106
2024-06-27 12:30:00,89436.82805098926
2024-06-27 12:45:00,89282.12304470099
2024-06-27 13:00:00,89325.73867297985
2024-06-27 13:15:00,89300.38941893743
2024-06-27 13:30:00,89299.64385264205
2024-06-27 13:45:00,89359.47554784511
2024-06-27 14:00:00,89297.77993690364
2024-06-27 14:15:00,89257.33296538008
2024-06-27 14:30:00,89398.24499520409
2024-06-27 14:45:00,89578.8584302563
2024-06-27 15:00:00,89637.94455916398
2024-06-27 15:15:00,89602.53016013413
2024-06-28 09:15:00,89977.17722355513
2024-06-28 09:30:00,90047.4468468933
2024-06-28 09:45:00,89973.63578365215
2024-06-28 10:00:00,89964.3162049601
2024-06-28 10:15:00,89993.2068989055
2024-06-28 10:30:00,89985.37845280416
2024-06-28 10:45:00,89969.7215606015
2024-06-28 11:00:00,90018.92893609559
2024-06-28 11:15:00,89890.69153329279
2024-06-28 11:30:00,89991.71576631475
2024-06-28 11:45:00,89873.7299000732
2024-06-28 12:00:00,89881.3719546007
2024-06-28 12:15:00,89664.59855422328
2024-06-28 12:30:00,89641.85878221465
2024-06-28 12:45:00,89598.05676236194
2024-06-28 13:00:00,89694.42120603789
2024-06-28 13:15:00,89699.82656167929
2024-06-28 13:30:00,89766.36835354063
2024-06-28 13:45:00,89801.78275257048
2024-06-28 14:00:00,89904.85729290472
2024-06-28 14:15:00,89827.69118133442
2024-06-28 14:30:00,89733.37704497074
2024-06-28 14:45:00,89703.18161000844
2024-06-28 15:00:00,89426.57651442797
2024-06-28 15:15:00,89334.35686017953
2024-07-01 09:15:00,89334.35686017953
2024-07-01 09:30:00,89334.35686017953
2024-07-01 09:45:00,89334.35686017953
2024-07-01 10:00:00,89334.35686017953
2024-07-01 10:15:00,89334.35686017953
2024-07-01 10:30:00,89334.35686017953
2024-07-01 10:45:00,89334.35686017953
2024-07-01 11:00:00,89334.35686017953
2024-07-01 11:15:00,89334.35686017953
2024-07-01 11:30:00,89334.35686017953
2024-07-01 11:45:00,89334.35686017953
2024-07-01 12:00:00,89334.35686017953
2024-07-01 12:15:00,89334.35686017953
2024-07-01 12:30:00,89334.35686017953
2024-07-01 12:45:00,89334.35686017953
2024-07-01 13:00:00,89334.35686017953
2024-07-01 13:15:00,89334.35686017953
2024-07-01 13:30:00,89334.35686017953
2024-07-01 13:45:00,89270.34978529537
2024-07-01 14:00:00,89261.29112239883
2024-07-01 14:15:00,89221.5439280569
2024-07-01 14:30:00,89278.66896550648
2024-07-01 14:45:00,89253.34168353045
2024-07-01 15:00:00,89282.92099094772
2024-07-01 15:15:00,89193.25871533915
2024-07-02 09:15:00,89273.49258670847
2024-07-02 09:30:00,89076.42045104096
2024-07-02 09:45:00,89203.24173159247
2024-07-02 10:00:00,89218.58599731518
2024-07-02 10:15:00,89248.3501754038
2024-07-02 10:30:00,89269.4254319386
2024-07-02 10:45:00,89338.38219235509
2024-07-02 11:00:00,89412.51533156961
2024-07-02 11:15:00,89406.78434075753
2024-07-02 11:30:00,89220.43470402877
2024-07-02 11:45:00,89326.5504693882
2024-07-02 12:00:00,89248.16530473245
2024-07-02 12:15:00,89293.45861921513
2024-07-02 12:30:00,89144.08311675796
2024-07-02 12:45:00,88997.48067437117
2024-07-02 13:00:00,89124.11708425132
2024-07-02 13:15:00,89154.99048636807
2024-07-02 13:30:00,89188.82181922658
2024-07-02 13:45:00,89176.25061357423
2024-07-02 14:00:00,89138.1672552745
2024-07-02 14:15:00,89194.73768071002
2024-07-02 14:30:00,89271.45900932355
2024-07-02 14:45:00,89227.45978954039
2024-07-02 15:00:00,89200.28380085077
2024-07-02 15:15:00,89173.47755350388
2024-07-03 09:15:00,89590.91552943
2024-07-03 09:30:00,89785.58434636984
2024-07-03 09:45:00,89747.87072941284
2024-07-03 10:00:00,89728.27443824889
2024-07-03 10:15:00,89771.16443400393
2024-07-03 10:30:00,89781.33232092863
2024-07-03 10:45:00,89762.47551245012
2024-07-03 11:00:00,89730.30801563387
2024-07-03 11:15:00,89681.50215839538
2024-07-03 11:30:00,89701.65306157338
2024-07-03 11:45:00,89690.93056263462
2024-07-03 12:00:00,89670.59478878525
2024-07-03 12:15:00,89731.78698100471
2024-07-03 12:30:00,89754.89581492446
2024-07-03 12:45:00,89781.51719159998
2024-07-03 13:00:00,89757.85374566617
2024-07-03 13:15:00,89781.33232092863
2024-07-03 13:30:00,89796.49171597997
2024-07-03 13:45:00,89743.80357464297
2024-07-03 14:00:00,89716.07297393928
2024-07-03 14:15:00,89671.7040128134
2024-07-03 14:30:00,89687.23314920747
2024-07-03 14:45:00,89655.43539373393
2024-07-03 15:00:00,89564.48715773539
2024-07-03 15:15:00,89564.48715773539
2024-07-04 09:15:00,89564.48715773539
2024-07-04 09:30:00,89585.46964645178
2024-07-04 09:45:00,89608.79101843851
2024-07-04 10:00:00,89521.19814885054
2024-07-04 10:15:00,89410.28390727584
2024-07-04 10:30:00,89369.33378166133
2024-07-04 10:45:00,89338.85072851332
2024-07-04 11:00:00,89372.45554011624
2024-07-04 11:15:00,89420.20008119143
2024-07-04 11:30:00,89349.68506668037
2024-07-04 11:45:00,89355.92858359021
2024-07-04 12:00:00,89361.98846764976
2024-07-04 12:15:00,89417.26195558683
2024-07-04 12:30:00,89432.50348216083
2024-07-04 12:45:00,89425.34180099954
2024-07-04 13:00:00,89399.81683480933
2024-07-04 13:15:00,89404.77492176714
2024-07-04 13:30:00,89380.16811982839
2024-07-04 13:45:00,89341.60522126766
2024-07-04 14:00:00,89253.18086213358
2024-07-04 14:15:00,89253.18086213358
2024-07-04 14:30:00,89253.18086213358
2024-07-04 14:45:00,89253.18086213358
2024-07-04 15:00:00,89253.18086213358
2024-07-04 15:15:00,89253.18086213358
2024-07-05 09:15:00,89253.18086213358
2024-07-05 09:30:00,89253.18086213358
2024-07-05 09:45:00,89253.18086213358
2024-07-05 10:00:00,89253.18086213358
2024-07-05 10:15:00,89253.18086213358
2024-07-05 10:30:00,89253.18086213358
2024-07-05 10:45:00,89253.18086213358
2024-07-05 11:00:00,89253.18086213358
2024-07-05 11:15:00,89253.18086213358
2024-07-05 11:30:00,89253.18086213358
2024-07-05 11:45:00,89167.6006138521
2024-07-05 12:00:00,89153.45982341659
2024-07-05 12:15:00,89174.57918575534
2024-07-05 12:30:00,89180.82317114246
2024-07-05 12:45:00,89162.82580149728
2024-07-05 13:00:00,89081.47034483583
2024-07-05 13:15:00,89087.53068359391
2024-07-05 13:30:00,89086.61245044874
2024-07-05 13:45:00,89062.55474204545
2024-07-05 14:00:00,88976.24413203947
2024-07-05 14:15:00,88976.24413203947
2024-07-05 14:30:00,88976.24413203947
2024-07-05 14:45:00,88976.24413203947
2024-07-05 15:00:00,88976.24413203947
2024-07-05 15:15:00,88976.24413203947
2024-07-08 09:15:00,88976.24413203947
2024-07-08 09:30:00,88976.24413203947
2024-07-08 09:45:00,88976.24413203947
2024-07-08 10:00:00,88976.24413203947
2024-07-08 10:15:00,88957.30566703151
2024-07-08 10:30:00,88891.10807945211
2024-07-08 10:45:00,88855.44915796597
2024-07-08 11:00:00,88763.46742715812
2024-07-08 11:15:00,88831.49367737785
2024-07-08 11:30:00,88766.57615364666
2024-07-08 11:45:00,88815.95004493516
2024-07-08 12:00:00,88699.82996727516
2024-07-08 12:15:00,88770.9649439834
2024-07-08 12:30:00,88834.78527013041
2024-07-08 12:45:00,88863.12954105528
2024-07-08 13:00:00,88865.87253501575
2024-07-08 13:15:00,88816.13291119918
2024-07-08 13:30:00,88812.65845218257
2024-07-08 13:45:00,88859.10648324659
2024-07-08 14:00:00,88832.408008698
2024-07-08 14:15:00,88901.53145650189
2024-07-08 14:30:00,88862.94667479125
2024-07-08 14:45:00,88854.90055917385
2024-07-08 15:00:00,88915.06356004022
2024-07-08 15:15:00,88986.56426927654
2024-07-09 09:15:00,89096.64976022353
2024-07-09 09:30:00,89144.19498887174
2024-07-09 09:45:00,89134.86880940612
2024-07-09 10:00:00,89103.23294572868
2024-07-09 10:15:00,89078.91173261248
2024-07-09 10:30:00,89158.82428999426
2024-07-09 10:45:00,89149.86384305671
2024-07-09 11:00:00,89176.19658507724
2024-07-09 11:15:00,89178.20811398157
2024-07-09 11:30:00,89234.89665583134
2024-07-09 11:45:00,89197.22620544086
2024-07-09 12:00:00,89195.58040906457
2024-07-09 12:15:00,89235.81098715149
2024-07-09 12:30:00,89180.2196428859
2024-07-09 12:45:00,89262.87519422812
2024-07-09 13:00:00,89322.85532883045
2024-07-09 13:15:00,89299.26558077038
2024-07-09 13:30:00,89309.50609155615
2024-07-09 13:45:00,89340.04475764942
2024-07-09 14:00:00,89355.40552382807
2024-07-09 14:15:00,89287.01354108029
2024-07-09 14:30:00,89332.18150829607
2024-07-09 14:45:00,89297.98551692218
2024-07-09 15:00:00,89363.26877318142
2024-07-09 15:15:00,89301.82570846683
2024-07-10 09:15:00,89267.62971709293
2024-07-10 09:30:00,89240.01691122417
2024-07-10 09:45:00,89125.90836246852
2024-07-10 10:00:00,88985.46707169231
2024-07-10 10:15:00,88891.91451967644
2024-07-10 10:30:00,88891.91451967644
2024-07-10 10:45:00,88891.91451967644
2024-07-10 11:00:00,88891.91451967644
2024-07-10 11:15:00,88891.91451967644
2024-07-10 11:30:00,88891.91451967644
2024-07-10 11:45:00,88891.91451967644
2024-07-10 12:00:00,88891.91451967644
2024-07-10 12:15:00,88891.91451967644
2024-07-10 12:30:00,88891.91451967644
2024-07-10 12:45:00,88848.75021720887
2024-07-10 13:00:00,88819.11872459912
2024-07-10 13:15:00,88816.00924697956
2024-07-10 13:30:00,88777.2322319594
2024-07-10 13:45:00,88749.61275427994
2024-07-10 14:00:00,88668.58342572363
2024-07-10 14:15:00,88756.92917220826
2024-07-10 14:30:00,88909.47648601401
2024-07-10 14:45:00,88872.52857547592
2024-07-10 15:00:00,89007.33357580547
2024-07-10 15:15:00,88939.83962041659
2024-07-11 09:15:00,89065.86491923213
2024-07-11 09:30:00,89038.61126244909
2024-07-11 09:45:00,89046.11059082564
2024-07-11 10:00:00,88843.62872465898
2024-07-11 10:15:00,88699.86111236722
2024-07-11 10:30:00,88725.46857511639
2024-07-11 10:45:00,88679.37514216789
2024-07-11 11:00:00,88581.74211767547
2024-07-11 11:15:00,88581.74211767547
2024-07-11 11:30:00,88581.74211767547
2024-07-11 11:45:00,88581.74211767547
2024-07-11 12:00:00,88581.74211767547
2024-07-11 12:15:00,88581.74211767547
2024-07-11 12:30:00,88581.74211767547
2024-07-11 12:45:00,88581.74211767547
2024-07-11 13:00:00,88581.74211767547
2024-07-11 13:15:00,88581.74211767547
2024-07-11 13:30:00,88581.74211767547
2024-07-11 13:45:00,88581.74211767547
2024-07-11 14:00:00,88466.59142705708
2024-07-11 14:15:00,88486.97308618094
2024-07-11 14:30:00,88466.22746885844
2024-07-11 14:45:00,88555.94316482323
2024-07-11 15:00:00,88546.11629345996
2024-07-11 15:15:00,88581.966176026
2024-07-12 09:15:00,88931.00208852188
2024-07-12 09:30:00,88881.68575260614
2024-07-12 09:45:00,88739.01413873922
2024-07-12 10:00:00,88670.7719764942
2024-07-12 10:15:00,88732.46289116368
2024-07-12 10:30:00,88741.19788793105
2024-07-12 10:45:00,89267.48144316467
2024-07-12 11:00:00,89308.97267780964
2024-07-12 11:15:00,89143.73565562701
2024-07-12 11:30:00,89167.93887583658
2024-07-12 11:45:00,89148.64909130866
2024-07-12 12:00:00,89229.44781140678
2024-07-12 12:15:00,89174.4901234121
2024-07-12 12:30:00,89129.54128588006
2024-07-12 12:45:00,89187.41063946382
2024-07-12 13:00:00,89237.0909335782
2024-07-12 13:15:00,89337.17943820424
2024-07-12 13:30:00,89318.25361187496
2024-07-12 13:45:00,89363.56640760566
2024-07-12 14:00:00,89441.45346211466
2024-07-12 14:15:00,89404.51170495269
2024-07-12 14:30:00,89389.58941880845
2024-07-12 14:45:00,89259.65634189392
2024-07-12 15:00:00,89137.54836625016
2024-07-12 15:15:00,89214.88948346119
2024-07-15 09:15:00,89416.88628370645
2024-07-15 09:30:00,89323.89496395389
2024-07-15 09:45:00,89299.50976464502
2024-07-15 10:00:00,89395.41274998669
2024-07-15 10:15:00,89352.28370344783
2024-07-15 10:30:00,89479.30511477323
2024-07-15 10:45:00,89457.2856437555
2024-07-15 11:00:00,89464.5648077283
2024-07-15 11:15:00,89464.20084952966
2024-07-15 11:30:00,89524.61791050392
2024-07-15 11:45:00,89503.14437678414
2024-07-15 12:00:00,89529.71332528489
2024-07-15 12:15:00,89449.64252158406
2024-07-15 12:30:00,89490.58781893108
2024-07-15 12:45:00,89491.49771442768
2024-07-15 13:00:00,89587.58267886867
2024-07-15 13:15:00,89631.07568360616
2024-07-15 13:30:00,89577.75580750538
2024-07-15 13:45:00,89580.66747309452
2024-07-15 14:00:00,89513.51718544542
2024-07-15 14:15:00,89586.12684607413
2024-07-15 14:30:00,89508.42177066446
2024-07-15 14:45:00,89492.22563082496
2024-07-15 15:00:00,89477.30334468072
2024-07-15 15:15:00,89491.31573532836
2024-07-16 09:15:00,89615.60746016397
2024-07-16 09:30:00,89656.55275751099
2024-07-16 09:45:00,89649.4555726375
2024-07-16 10:00:00,89658.91848580215
2024-07-16 10:15:00,89686.94326709742
2024-07-16 10:30:00,89741.90095509207
2024-07-16 10:45:00,89737.53345670839
2024-07-16 11:00:00,89730.4362718349
2024-07-16 11:15:00,89739.17126860228
2024-07-16 11:30:00,89726.06877345122
2024-07-16 11:45:00,89680.93795681985
2024-07-16 12:00:00,89681.11993591917
2024-07-16 12:15:00,89648.90963533953
2024-07-16 12:30:00,89702.2295114403
2024-07-16 12:45:00,89724.43096155734
2024-07-16 13:00:00,89726.25075255055
2024-07-16 13:15:00,89652.73119642524
2024-07-16 13:30:00,89615.06152286599
2024-07-16 13:45:00,89611.60391997891
2024-07-16 14:00:00,89625.07037332858
2024-07-16 14:15:00,89567.74695704276
2024-07-16 14:30:00,89593.76996824554
2024-07-16 14:45:00,89573.93424641965
2024-07-16 15:00:00,89549.36706801144
2024-07-16 15:15:00,89457.27254126033
2024-07-18 09:15:00,89457.27254126033
2024-07-18 09:30:00,89457.27254126033
2024-07-18 09:45:00,89457.27254126033
2024-07-18 10:00:00,89457.27254126033
2024-07-18 10:15:00,89457.27254126033
2024-07-18 10:30:00,89457.27254126033
2024-07-18 10:45:00,89457.27254126033
2024-07-18 11:00:00,89457.27254126033
2024-07-18 11:15:00,89457.27254126033
2024-07-18 11:30:00,89457.27254126033
2024-07-18 11:45:00,89457.27254126033
2024-07-18 12:00:00,89457.27254126033
2024-07-18 12:15:00,89457.27254126033
2024-07-18 12:30:00,89457.27254126033
2024-07-18 12:45:00,89259.03685135933
2024-07-18 13:00:00,89602.95794757843
2024-07-18 13:15:00,89675.47689248493
2024-07-18 13:30:00,89609.48465262003
2024-07-18 13:45:00,89771.20189976152
2024-07-18 14:00:00,89995.64803424715
2024-07-18 14:15:00,89920.0470341821
2024-07-18 14:30:00,89999.27398149247
2024-07-18 14:45:00,89923.67298142743
2024-07-18 15:00:00,89929.65579438223
2024-07-18 15:15:00,89848.61587344919
2024-07-19 09:15:00,89812.17510363366
2024-07-19 09:30:00,89733.85464313465
2024-07-19 09:45:00,89630.15255191833
2024-07-19 10:00:00,89509.58980601128
2024-07-19 10:15:00,89416.82012703702
2024-07-19 10:30:00,89416.82012703702
2024-07-19 10:45:00,89416.82012703702
2024-07-19 11:00:00,89416.82012703702
2024-07-19 11:15:00,89416.82012703702
2024-07-19 11:30:00,89416.82012703702
2024-07-19 11:45:00,89416.82012703702
2024-07-19 12:00:00,89416.82012703702
2024-07-19 12:15:00,89416.82012703702
2024-07-19 12:30:00,89416.82012703702
2024-07-19 12:45:00,89416.82012703702
2024-07-19 13:00:00,89416.82012703702
2024-07-19 13:15:00,89416.82012703702
2024-07-19 13:30:00,89416.82012703702
2024-07-19 13:45:00,89416.82012703702
2024-07-19 14:00:00,89416.82012703702
2024-07-19 14:15:00,89416.82012703702
2024-07-19 14:30:00,89416.82012703702
2024-07-19 14:45:00,89416.82012703702
2024-07-19 15:00:00,89416.82012703702
2024-07-19 15:15:00,89416.82012703702
2024-07-22 09:15:00,89416.82012703702
2024-07-22 09:30:00,89416.82012703702
2024-07-22 09:45:00,89416.82012703702
2024-07-22 10:00:00,89416.82012703702
2024-07-22 10:15:00,89416.82012703702
2024-07-22 10:30:00,89416.82012703702
2024-07-22 10:45:00,89416.82012703702
2024-07-22 11:00:00,89416.82012703702
2024-07-22 11:15:00,89416.82012703702
2024-07-22 11:30:00,89416.82012703702
2024-07-22 11:45:00,89416.82012703702
2024-07-22 12:00:00,89416.82012703702
2024-07-22 12:15:00,89416.82012703702
2024-07-22 12:30:00,89416.82012703702
2024-07-22 12:45:00,89416.82012703702
2024-07-22 13:00:00,89416.82012703702
2024-07-22 13:15:00,89416.82012703702
2024-07-22 13:30:00,89416.82012703702
2024-07-22 13:45:00,89416.82012703702
2024-07-22 14:00:00,89416.82012703702
2024-07-22 14:15:00,89416.82012703702
2024-07-22 14:30:00,89416.82012703702
2024-07-22 14:45:00,89416.82012703702
2024-07-22 15:00:00,89416.82012703702
2024-07-22 15:15:00,89416.82012703702
2024-07-23 09:15:00,89416.82012703702
2024-07-23 09:30:00,89416.82012703702
2024-07-23 09:45:00,89416.82012703702
2024-07-23 10:00:00,89416.82012703702
2024-07-23 10:15:00,89416.82012703702
2024-07-23 10:30:00,89416.82012703702
2024-07-23 10:45:00,89416.82012703702
2024-07-23 11:00:00,89416.82012703702
2024-07-23 11:15:00,89416.82012703702
2024-07-23 11:30:00,89416.82012703702
2024-07-23 11:45:00,89416.82012703702
2024-07-23 12:00:00,89416.82012703702
2024-07-23 12:15:00,89416.82012703702
2024-07-23 12:30:00,89416.82012703702
2024-07-23 12:45:00,89416.82012703702
2024-07-23 13:00:00,89416.82012703702
2024-07-23 13:15:00,89416.82012703702
2024-07-23 13:30:00,89416.82012703702
2024-07-23 13:45:00,89416.82012703702
2024-07-23 14:00:00,89416.82012703702
2024-07-23 14:15:00,89416.82012703702
2024-07-23 14:30:00,89416.82012703702
2024-07-23 14:45:00,89166.08297122052
2024-07-23 15:00:00,89074.49817567674
2024-07-23 15:15:00,89131.8524710968
2024-07-24 09:15:00,89033.16666754862
2024-07-24 09:30:00,88886.7766563812
2024-07-24 09:45:00,89082.87372357935
2024-07-24 10:00:00,89003.48809563284
2024-07-24 10:15:00,88856.00562169553
2024-07-24 10:30:00,88995.47670198687
2024-07-24 10:45:00,89055.74423146002
2024-07-24 11:00:00,88970.16798115072
2024-07-24 11:15:00,88883.86342232814
2024-07-24 11:30:00,88811.94295664266
2024-07-24 11:45:00,88856.91600733715
2024-07-24 12:00:00,88780.26153631539
2024-07-24 12:15:00,88691.48127477907
2024-07-24 12:30:00,88691.48127477907
2024-07-24 12:45:00,88691.48127477907
2024-07-24 13:00:00,88691.48127477907
2024-07-24 13:15:00,88691.48127477907
2024-07-24 13:30:00,88691.48127477907
2024-07-24 13:45:00,88691.48127477907
2024-07-24 14:00:00,88691.48127477907
2024-07-24 14:15:00,88691.48127477907
2024-07-24 14:30:00,88691.48127477907
2024-07-24 14:45:00,88691.48127477907
2024-07-24 15:00:00,88691.48127477907
2024-07-24 15:15:00,88691.48127477907
2024-07-25 09:15:00,88665.86607090727
2024-07-25 09:30:00,88808.83896635404
2024-07-25 09:45:00,88762.58302959186
2024-07-25 10:00:00,88836.81192415884
2024-07-25 10:15:00,88777.39224254733
2024-07-25 10:30:00,88920.3651379941
2024-07-25 10:45:00,88929.14096789365
2024-07-25 11:00:00,88943.76735105956
2024-07-25 11:15:00,88961.31901085866
2024-07-25 11:30:00,88992.94856445494
2024-07-25 11:45:00,89068.0916079698
2024-07-25 12:00:00,89085.46043797933
2024-07-25 12:15:00,89112.3364170467
2024-07-25 12:30:00,89069.00575691769
2024-07-25 12:45:00,88979.75410420098
2024-07-25 13:00:00,88979.75410420098
2024-07-25 13:15:00,88979.75410420098
2024-07-25 13:30:00,88979.75410420098
2024-07-25 13:45:00,88979.75410420098
2024-07-25 14:00:00,88979.75410420098
2024-07-25 14:15:00,88979.75410420098
2024-07-25 14:30:00,88979.75410420098
2024-07-25 14:45:00,88979.75410420098
2024-07-25 15:00:00,88979.75410420098
2024-07-25 15:15:00,88979.75410420098
2024-07-26 09:15:00,89086.76581722774
2024-07-26 09:30:00,89266.56114640635
2024-07-26 09:45:00,89347.54183616798
2024-07-26 10:00:00,89456.18334580325
2024-07-26 10:15:00,89500.40426178544
2024-07-26 10:30:00,89529.88487244023
2024-07-26 10:45:00,89581.93088878141
2024-07-26 11:00:00,89696.75968707263
2024-07-26 11:15:00,89677.65188387045
2024-07-26 11:30:00,89663.82147393364
2024-07-26 11:45:00,89719.50707183714
2024-07-26 12:00:00,89675.65011401118
2024-07-26 12:15:00,89718.77915552468
2024-07-26 12:30:00,89965.54278545002
2024-07-26 12:45:00,89957.17174785667
2024-07-26 13:00:00,90172.63497634605
2024-07-26 13:15:00,90202.47954515707
2024-07-26 13:30:00,90245.42660759244
2024-07-26 13:45:00,90225.5908880778
2024-07-26 14:00:00,90253.61566610767
2024-07-26 14:15:00,90201.93360792272
2024-07-26 14:30:00,90266.90013881015
2024-07-26 14:45:00,90364.80488283654
2024-07-26 15:00:00,90440.14422117658
2024-07-26 15:15:00,90449.97109139485
2024-07-29 09:15:00,90692.36722344538
2024-07-29 09:30:00,90678.35483443046
2024-07-29 09:45:00,90650.33005640059
2024-07-29 10:00:00,90546.78396095258
2024-07-29 10:15:00,90636.13568830756
2024-07-29 10:30:00,90533.13553009389
2024-07-29 10:45:00,90732.22064155282
2024-07-29 11:00:00,90764.43093837936
2024-07-29 11:15:00,90832.49111359475
2024-07-29 11:30:00,90945.31814202669
2024-07-29 11:45:00,90912.37992888769
2024-07-29 12:00:00,90649.42016101004
2024-07-29 12:15:00,90510.93408256376
2024-07-29 12:30:00,90530.22386484405
2024-07-29 12:45:00,90561.16030812377
2024-07-29 13:00:00,90381.91091617949
2024-07-29 13:15:00,90292.61978785753
2024-07-29 13:30:00,90292.61978785753
2024-07-29 13:45:00,90292.61978785753
2024-07-29 14:00:00,90292.61978785753
2024-07-29 14:15:00,90292.61978785753
2024-07-29 14:30:00,90292.61978785753
2024-07-29 14:45:00,90292.61978785753
2024-07-29 15:00:00,90292.61978785753
2024-07-29 15:15:00,90292.61978785753
2024-07-30 09:15:00,90292.61978785753
2024-07-30 09:30:00,90292.61978785753
2024-07-30 09:45:00,90292.61978785753
2024-07-30 10:00:00,90292.61978785753
2024-07-30 10:15:00,90292.61978785753
2024-07-30 10:30:00,90292.61978785753
2024-07-30 10:45:00,90292.61978785753
2024-07-30 11:00:00,90180.62017432218
2024-07-30 11:15:00,90213.72333978712
2024-07-30 11:30:00,90264.91566670832
2024-07-30 11:45:00,90213.18066494343
2024-07-30 12:00:00,90215.35136431818
2024-07-30 12:15:00,90268.35260738501
2024-07-30 12:30:00,90221.13989598419
2024-07-30 12:45:00,90185.14246468624
2024-07-30 13:00:00,90217.7029553075
2024-07-30 13:15:00,90045.31324662939
2024-07-30 13:30:00,90148.24057531547
2024-07-30 13:45:00,90125.62912349515
2024-07-30 14:00:00,90189.48386343573
2024-07-30 14:15:00,90270.34241514518
2024-07-30 14:30:00,90314.84175232756
2024-07-30 14:45:00,90133.5883545359
2024-07-30 15:00:00,89894.08785685508
2024-07-30 15:15:00,89870.21016373283
2024-07-31 09:15:00,90181.16284916583
2024-07-31 09:30:00,90023.4253612673
2024-07-31 09:45:00,90134.85459583784
2024-07-31 10:00:00,90229.09912702492
2024-07-31 10:15:00,90211.3717487978
2024-07-31 10:30:00,90251.52968723068
2024-07-31 10:45:00,90207.39213327742
2024-07-31 11:00:00,90167.23419484454
2024-07-31 11:15:00,90090.35525865546
2024-07-31 11:30:00,90184.96157307168
2024-07-31 11:45:00,90205.04054228813
2024-07-31 12:00:00,90215.35136431818
2024-07-31 12:15:00,90246.82650525206
2024-07-31 12:30:00,90205.76410874637
2024-07-31 12:45:00,90207.9348081211
2024-07-31 13:00:00,90218.0647385366
2024-07-31 13:15:00,90236.515683222
2024-07-31 13:30:00,90208.83926619391
2024-07-31 13:45:00,90208.11569973566
2024-07-31 14:00:00,90179.17304140565
2024-07-31 14:15:00,90296.93348248587
2024-07-31 14:30:00,90264.9156667083
2024-07-31 14:45:00,90267.99082415586
2024-07-31 15:00:00,90249.72077108505
2024-07-31 15:15:00,90370.91815284194
2024-08-01 09:15:00,90638.99952562363
2024-08-01 09:30:00,90610.59954213731
2024-08-01 09:45:00,90639.54220046732
2024-08-01 10:00:00,90579.84796766168
2024-08-01 10:15:00,90524.13335037643
2024-08-01 10:30:00,90518.52571032499
2024-08-01 10:45:00,90497.90406626488
2024-08-01 11:00:00,90566.8237714132
2024-08-01 11:15:00,90529.37920719874
2024-08-01 11:30:00,90440.19964121941
2024-08-01 11:45:00,90445.26460642715
2024-08-01 12:00:00,90411.61876611852
2024-08-01 12:15:00,90367.8429953944
2024-08-01 12:30:00,90272.41525215645
2024-08-01 12:45:00,90272.41525215645
2024-08-01 13:00:00,90272.41525215645
2024-08-01 13:15:00,90272.41525215645
2024-08-01 13:30:00,90272.41525215645
2024-08-01 13:45:00,90272.41525215645
2024-08-01 14:00:00,90272.41525215645
2024-08-01 14:15:00,90272.41525215645
2024-08-01 14:30:00,90272.41525215645
2024-08-01 14:45:00,90272.41525215645
2024-08-01 15:00:00,90272.41525215645
2024-08-01 15:15:00,90272.41525215645
2024-08-02 09:15:00,90272.41525215645
2024-08-02 09:30:00,90272.41525215645
2024-08-02 09:45:00,90272.41525215645
2024-08-02 10:00:00,90272.41525215645
2024-08-02 10:15:00,90272.41525215645
2024-08-02 10:30:00,90272.41525215645
2024-08-02 10:45:00,90272.41525215645
2024-08-02 11:00:00,90272.41525215645
2024-08-02 11:15:00,90272.41525215645
2024-08-02 11:30:00,90272.41525215645
2024-08-02 11:45:00,90272.41525215645
2024-08-02 12:00:00,90272.41525215645
2024-08-02 12:15:00,90272.41525215645
2024-08-02 12:30:00,90272.41525215645
2024-08-02 12:45:00,90272.41525215645
2024-08-02 13:00:00,90272.41525215645
2024-08-02 13:15:00,90272.41525215645
2024-08-02 13:30:00,90272.41525215645
2024-08-02 13:45:00,90272.41525215645
2024-08-02 14:00:00,90272.41525215645
2024-08-02 14:15:00,90272.41525215645
2024-08-02 14:30:00,90272.41525215645
2024-08-02 14:45:00,90272.41525215645
2024-08-02 15:00:00,90272.41525215645
2024-08-02 15:15:00,90272.41525215645
2024-08-05 09:15:00,90272.41525215645
2024-08-05 09:30:00,90272.41525215645
2024-08-05 09:45:00,90272.41525215645
2024-08-05 10:00:00,90272.41525215645
2024-08-05 10:15:00,90272.41525215645
2024-08-05 10:30:00,90272.41525215645
2024-08-05 10:45:00,90272.41525215645
2024-08-05 11:00:00,90272.41525215645
2024-08-05 11:15:00,90272.41525215645
2024-08-05 11:30:00,90272.41525215645
2024-08-05 11:45:00,90272.41525215645
2024-08-05 12:00:00,90272.41525215645
2024-08-05 12:15:00,90272.41525215645
2024-08-05 12:30:00,90272.41525215645
2024-08-05 12:45:00,90272.41525215645
2024-08-05 13:00:00,90272.41525215645
2024-08-05 13:15:00,90272.41525215645
2024-08-05 13:30:00,90272.41525215645
2024-08-05 13:45:00,90272.41525215645
2024-08-05 14:00:00,90272.41525215645
2024-08-05 14:15:00,90272.41525215645
2024-08-05 14:30:00,90272.41525215645
2024-08-05 14:45:00,90272.41525215645
2024-08-05 15:00:00,89961.99661366642
2024-08-05 15:15:00,89973.03198084657
2024-08-06 09:15:00,90972.01327083257
2024-08-06 09:30:00,90767.57841781728
2024-08-06 09:45:00,91050.94420218888
2024-08-06 10:00:00,90837.34438321041
2024-08-06 10:15:00,90642.44857640169
2024-08-06 10:30:00,90362.44951422063
2024-08-06 10:45:00,90745.13360321357
2024-08-06 11:00:00,90623.93160435364
2024-08-06 11:15:00,90633.4706505602
2024-08-06 11:30:00,90670.50459465629
2024-08-06 11:45:00,90642.63561652337
2024-08-06 12:00:00,90660.40442808463
2024-08-06 12:15:00,90501.98144500691
2024-08-06 12:30:00,90412.97428821451
2024-08-06 12:45:00,90412.97428821451
2024-08-06 13:00:00,90412.97428821451
2024-08-06 13:15:00,90412.97428821451
2024-08-06 13:30:00,90412.97428821451
2024-08-06 13:45:00,90412.97428821451
2024-08-06 14:00:00,90412.97428821451
2024-08-06 14:15:00,90412.97428821451
2024-08-06 14:30:00,90412.97428821451
2024-08-06 14:45:00,90412.97428821451
2024-08-06 15:00:00,90412.97428821451
2024-08-06 15:15:00,90412.97428821451
2024-08-07 09:15:00,90412.97428821451
2024-08-07 09:30:00,90212.75773698548
2024-08-07 09:45:00,90189.3081595371
2024-08-07 10:00:00,90104.25691434737
2024-08-07 10:15:00,90330.93616301498
2024-08-07 10:30:00,90459.53662346597
2024-08-07 10:45:00,90449.48680455952
2024-08-07 11:00:00,90257.05138327683
2024-08-07 11:15:00,90159.5309183328
2024-08-07 11:30:00,90242.9071937048
2024-08-07 11:45:00,90169.2085217242
2024-08-07 12:00:00,90165.6724743312
2024-08-07 12:15:00,90300.97281405317
2024-08-07 12:30:00,90194.70528450535
2024-08-07 12:45:00,90152.6449313043
2024-08-07 13:00:00,90195.82193105051
2024-08-07 13:15:00,90059.03272926832
2024-08-07 13:30:00,90155.06433215213
2024-08-07 13:45:00,90186.88875868921
2024-08-07 14:00:00,90247.37377988541
2024-08-07 14:15:00,90386.3962747579
2024-08-07 14:30:00,90331.12227077247
2024-08-07 14:45:00,90340.61376640633
2024-08-07 15:00:00,90483.35841642937
2024-08-07 15:15:00,90505.13302406
2024-08-08 09:15:00,90154.1337933645
2024-08-08 09:30:00,90189.86648280964
2024-08-08 09:45:00,90096.25428077368
2024-08-08 10:00:00,89931.54891536248
2024-08-08 10:15:00,90215.54935334834
2024-08-08 10:30:00,90063.87153096401
2024-08-08 10:45:00,89887.81359234368
2024-08-08 11:00:00,90025.34722515596
2024-08-08 11:15:00,90065.54650078175
2024-08-08 11:30:00,90046.00518624144
2024-08-08 11:45:00,90171.44181481448
2024-08-08 12:00:00,90474.79745958312
2024-08-08 12:15:00,90513.69398090622
2024-08-08 12:30:00,90467.35314928205
2024-08-08 12:45:00,90162.50864245319
2024-08-08 13:00:00,89928.57119124202
2024-08-08 13:15:00,89748.79109747116
2024-08-08 13:30:00,89664.24811256723
2024-08-08 13:45:00,89664.24811256723
2024-08-08 14:00:00,89664.24811256723
2024-08-08 14:15:00,89664.24811256723
2024-08-08 14:30:00,89664.24811256723
2024-08-08 14:45:00,89664.24811256723
2024-08-08 15:00:00,89664.24811256723
2024-08-08 15:15:00,89664.24811256723
2024-08-09 09:15:00,89664.24811256723
2024-08-09 09:30:00,89664.24811256723
2024-08-09 09:45:00,89664.24811256723
2024-08-09 10:00:00,89664.24811256723
2024-08-09 10:15:00,89664.24811256723
2024-08-09 10:30:00,89664.24811256723
2024-08-09 10:45:00,89664.24811256723
2024-08-09 11:00:00,89664.24811256723
2024-08-09 11:15:00,89664.24811256723
2024-08-09 11:30:00,89664.24811256723
2024-08-09 11:45:00,89664.24811256723
2024-08-09 12:00:00,89504.38218696656
2024-08-09 12:15:00,89515.04108040716
2024-08-09 12:30:00,89513.93843625812
2024-08-09 12:45:00,89475.34589104215
2024-08-09 13:00:00,89503.09576879269
2024-08-09 13:15:00,89575.50273457884
2024-08-09 13:30:00,89538.74792961124
2024-08-09 13:45:00,89552.16343342443
2024-08-09 14:00:00,89631.92136020411
2024-08-09 14:15:00,89554.55249574732
2024-08-09 14:30:00,89558.04420221924
2024-08-09 14:45:00,89598.65826170845
2024-08-09 15:00:00,89575.31896055402
2024-08-09 15:15:00,89550.87701525057
2024-08-12 09:15:00,89221.18641469124
2024-08-12 09:30:00,89219.34867444285
2024-08-12 09:45:00,89032.63426520747
2024-08-12 10:00:00,88942.31649918656
2024-08-12 10:15:00,88942.31649918656
2024-08-12 10:30:00,88942.31649918656
2024-08-12 10:45:00,88942.31649918656
2024-08-12 11:00:00,88942.31649918656
2024-08-12 11:15:00,88910.8287937453
2024-08-12 11:30:00,88785.19228665346
2024-08-12 11:45:00,88793.73775095637
2024-08-12 12:00:00,88684.1012621338
2024-08-12 12:15:00,88696.46491261463
2024-08-12 12:30:00,88825.91960588437
2024-08-12 12:45:00,88737.5558686244
2024-08-12 13:00:00,88744.28314903309
2024-08-12 13:15:00,88783.01046598035
2024-08-12 13:30:00,88798.82866586023
2024-08-12 13:45:00,88813.73777379298
2024-08-12 14:00:00,88855.73782174988
2024-08-12 14:15:00,88756.10134434565
2024-08-12 14:30:00,88773.73772811974
2024-08-12 14:45:00,88541.9192816044
2024-08-12 15:00:00,88529.91926790243
2024-08-12 15:15:00,88449.56299433106
2024-08-13 09:15:00,88449.56299433106
2024-08-13 09:30:00,88449.56299433106
2024-08-13 09:45:00,88449.56299433106
2024-08-13 10:00:00,88449.56299433106
2024-08-13 10:15:00,88449.56299433106
2024-08-13 10:30:00,88449.56299433106
2024-08-13 10:45:00,88449.56299433106
2024-08-13 11:00:00,88449.56299433106
2024-08-13 11:15:00,88449.56299433106
2024-08-13 11:30:00,88449.56299433106
2024-08-13 11:45:00,88449.56299433106
2024-08-13 12:00:00,88449.56299433106
2024-08-13 12:15:00,88449.56299433106
2024-08-13 12:30:00,88449.56299433106
2024-08-13 12:45:00,88449.56299433106
2024-08-13 13:00:00,88449.56299433106
2024-08-13 13:15:00,88449.56299433106
2024-08-13 13:30:00,88449.56299433106
2024-08-13 13:45:00,88449.56299433106
2024-08-13 14:00:00,88449.56299433106
2024-08-13 14:15:00,88449.56299433106
2024-08-13 14:30:00,88449.56299433106
2024-08-13 14:45:00,88449.56299433106
2024-08-13 15:00:00,88449.56299433106
2024-08-13 15:15:00,88449.56299433106
2024-08-14 09:15:00,88449.56299433106
2024-08-14 09:30:00,88449.56299433106
2024-08-14 09:45:00,88449.56299433106
2024-08-14 10:00:00,88449.56299433106
2024-08-14 10:15:00,88449.56299433106
2024-08-14 10:30:00,88449.56299433106
2024-08-14 10:45:00,88449.56299433106
2024-08-14 11:00:00,88449.56299433106
2024-08-14 11:15:00,88449.56299433106
2024-08-14 11:30:00,88449.56299433106
2024-08-14 11:45:00,88449.56299433106
2024-08-14 12:00:00,88449.56299433106
2024-08-14 12:15:00,88449.56299433106
2024-08-14 12:30:00,88449.56299433106
2024-08-14 12:45:00,88449.56299433106
2024-08-14 13:00:00,88449.56299433106
2024-08-14 13:15:00,88449.56299433106
2024-08-14 13:30:00,88449.56299433106
2024-08-14 13:45:00,88449.56299433106
2024-08-14 14:00:00,88449.56299433106
2024-08-14 14:15:00,88449.56299433106
2024-08-14 14:30:00,88449.56299433106
2024-08-14 14:45:00,88449.56299433106
2024-08-14 15:00:00,88449.56299433106
2024-08-14 15:15:00,88449.56299433106
2024-08-16 09:15:00,88449.56299433106
2024-08-16 09:30:00,88180.11760123026
2024-08-16 09:45:00,88052.56898822231
2024-08-16 10:00:00,88033.9077564896
2024-08-16 10:15:00,87830.80833151528
2024-08-16 10:30:00,87900.01794823266
2024-08-16 10:45:00,87895.85087706907
2024-08-16 11:00:00,87814.14004686083
2024-08-16 11:15:00,87724.69694434301
2024-08-16 11:30:00,87724.69694434301
2024-08-16 11:45:00,87724.69694434301
2024-08-16 12:00:00,87761.67966861019
2024-08-16 12:15:00,87723.94399360383
2024-08-16 12:30:00,87813.79083885706
2024-08-16 12:45:00,87789.89157801971
2024-08-16 13:00:00,87844.33876624318
2024-08-16 13:15:00,87827.26786564506
2024-08-16 13:30:00,87927.71663863819
2024-08-16 13:45:00,87984.49984483824
2024-08-16 14:00:00,88107.41032914468
2024-08-16 14:15:00,88072.0106721149
2024-08-16 14:30:00,87981.80443948063
2024-08-16 14:45:00,88098.96472569086
2024-08-16 15:00:00,88245.23538976314
2024-08-16 15:15:00,88190.78820153968
2024-08-19 09:15:00,88341.37151418412
2024-08-19 09:30:00,88466.43832277665
2024-08-19 09:45:00,88356.28609049617
2024-08-19 10:00:00,88339.03549620755
2024-08-19 10:15:00,88258.35302917013
2024-08-19 10:30:00,88284.9476953651
2024-08-19 10:45:00,88238.58672321442
2024-08-19 11:00:00,88207.85910213781
2024-08-19 11:15:00,88357.3642526392
2024-08-19 11:30:00,88348.37956811389
2024-08-19 11:45:00,88387.37309895382
2024-08-19 12:00:00,88301.4795148917
2024-08-19 12:15:00,88253.32160583597
2024-08-19 12:30:00,88302.91706441577
2024-08-19 12:45:00,88318.19102810882
2024-08-19 13:00:00,88374.97423430887
2024-08-19 13:15:00,88275.78331714928
2024-08-19 13:30:00,88256.01701119357
2024-08-19 13:45:00,88299.68257798666
2024-08-19 14:00:00,88309.92511834553
2024-08-19 14:15:00,88348.19987442342
2024-08-19 14:30:00,88360.05965799683
2024-08-19 14:45:00,88329.69142430123
2024-08-19 15:00:00,88306.69063191641
2024-08-19 15:15:00,88333.82437918289
2024-08-20 09:15:00,88491.41574575707
2024-08-20 09:30:00,88659.96842745216
2024-08-20 09:45:00,88752.870065444
2024-08-20 10:00:00,88849.90465831751
2024-08-20 10:15:00,88836.96671260105
2024-08-20 10:30:00,88784.31646128264
2024-08-20 10:45:00,88716.5719399617
2024-08-20 11:00:00,88795.63716378456
2024-08-20 11:15:00,88802.64521771431
2024-08-20 11:30:00,88788.6291098548
2024-08-20 11:45:00,88811.62990223963
2024-08-20 12:00:00,88803.90307354784
2024-08-20 12:15:00,88832.83375771939
2024-08-20 12:30:00,88780.72258747251
2024-08-20 12:45:00,88874.3430002264
2024-08-20 13:00:00,88866.0770904631
2024-08-20 13:15:00,88809.11419057255
2024-08-20 13:30:00,88814.86438866875
2024-08-20 13:45:00,88845.23262236436
2024-08-20 14:00:00,88838.58395581563
2024-08-20 14:15:00,88822.95060474156
2024-08-20 14:30:00,88856.91271224729
2024-08-20 14:45:00,88843.61537914979
2024-08-20 15:00:00,88761.85474996934
2024-08-20 15:15:00,88671.10943626356
2024-08-21 09:15:00,88687.82094948068
2024-08-21 09:30:00,88713.69684091362
2024-08-21 09:45:00,88734.00222794086
2024-08-21 10:00:00,88814.50500128778
2024-08-21 10:15:00,88916.75071118596
2024-08-21 10:30:00,88849.90465831754
2024-08-21 10:45:00,88857.27209962832
2024-08-21 11:00:00,88745.32293044277
2024-08-21 11:15:00,88905.25031499355
2024-08-21 11:30:00,88777.66779473393
2024-08-21 11:45:00,88826.54447855169
2024-08-21 12:00:00,88854.93608165171
2024-08-21 12:15:00,88857.9908743903
2024-08-21 12:30:00,88864.63954093905
2024-08-21 12:45:00,88850.98282046057
2024-08-21 13:00:00,88868.59280213021
2024-08-21 13:15:00,88821.1536678365
2024-08-21 13:30:00,88855.65485641375
2024-08-21 13:45:00,88857.0924059378
2024-08-21 14:00:00,88911.89898154228
2024-08-21 14:15:00,88913.69591844734
2024-08-21 14:30:00,88899.67981058784
2024-08-21 14:45:00,88953.9473051208
2024-08-21 15:00:00,89009.65234917782
2024-08-21 15:15:00,89063.02137525825
2024-08-22 09:15:00,89224.56600302357
2024-08-22 09:30:00,89238.94149826409
2024-08-22 09:45:00,89161.31382396529
2024-08-22 10:00:00,89177.48625611087
2024-08-22 10:15:00,89159.87627444124
2024-08-22 10:30:00,89214.68285004572
2024-08-22 10:45:00,89221.87059766598
2024-08-22 11:00:00,89214.86254373624
2024-08-22 11:15:00,89215.76101218877
2024-08-22 11:30:00,89285.30247041477
2024-08-22 11:45:00,89271.28636255526
2024-08-22 12:00:00,89245.41047112233
2024-08-22 12:15:00,89234.08976862043
2024-08-22 12:30:00,89217.01886802231
2024-08-22 12:45:00,89224.7456967141
2024-08-22 13:00:00,89157.36056277418
2024-08-22 13:15:00,89167.96249051404
2024-08-22 13:30:00,89186.47094063621
2024-08-22 13:45:00,89222.589372428
2024-08-22 14:00:00,89243.07445314575
2024-08-22 14:15:00,89162.75137348934
2024-08-22 14:30:00,89150.17281515388
2024-08-22 14:45:00,89164.18892301338
2024-08-22 15:00:00,89166.16555360895
2024-08-22 15:15:00,89167.24371575199
2024-08-23 09:15:00,89234.62884969192
2024-08-23 09:30:00,89072.36544716454
2024-08-23 09:45:00,89208.03418349694
2024-08-23 10:00:00,89133.46130193674
2024-08-23 10:15:00,89192.40083242286
2024-08-23 10:30:00,89235.88670552542
2024-08-23 10:45:00,89260.86412850583
2024-08-23 11:00:00,89248.10587647987
2024-08-23 11:15:00,89300.03735303624
2024-08-23 11:30:00,89280.81012815205
2024-08-23 11:45:00,89252.95760612354
2024-08-23 12:00:00,89269.66911934066
2024-08-23 12:15:00,89270.20820041218
2024-08-23 12:30:00,89252.59821874255
2024-08-23 12:45:00,89259.24688529129
2024-08-23 13:00:00,89268.95034457864
2024-08-23 13:15:00,89210.72958885453
2024-08-23 13:30:00,89269.84881303117
2024-08-23 13:45:00,89259.78596636282
2024-08-23 14:00:00,89240.37904778811
2024-08-23 14:15:00,89281.7085966046
2024-08-23 14:30:00,89244.15261528874
2024-08-23 14:45:00,89215.94070587923
2024-08-23 15:00:00,89209.6514267115
2024-08-23 15:15:00,89242.53537207418
2024-08-26 09:15:00,89556.63994307954
2024-08-26 09:30:00,89785.3900110943
2024-08-26 09:45:00,89779.2804256171
2024-08-26 10:00:00,89876.85409956212
2024-08-26 10:15:00,89855.82993777287
2024-08-26 10:30:00,89872.18206360895
2024-08-26 10:45:00,89795.09347038167
2024-08-26 11:00:00,89783.41338049875
2024-08-26 11:15:00,89817.55518169499
2024-08-26 11:30:00,89875.05716265706
2024-08-26 11:45:00,89856.9080999159
2024-08-26 12:00:00,89850.61882074818
2024-08-26 12:15:00,89873.0805320615
2024-08-26 12:30:00,89904.88631528117
2024-08-26 12:45:00,89928.42618873752
2024-08-26 13:00:00,89942.26260290653
2024-08-26 13:15:00,89930.04343195209
2024-08-26 13:30:00,89889.97173896914
2024-08-26 13:45:00,89947.29402624072
2024-08-26 14:00:00,89881.88552289637
2024-08-26 14:15:00,89930.76220671413
2024-08-26 14:30:00,89918.00395468817
2024-08-26 14:45:00,89912.79283766348
2024-08-26 15:00:00,89875.23685634763
2024-08-26 15:15:00,89887.9951083736
2024-08-27 09:15:00,89856.54871253496
2024-08-27 09:30:00,89836.06363181722
2024-08-27 09:45:00,89947.83310731224
2024-08-27 10:00:00,89895.54224337485
2024-08-27 10:15:00,89823.84446086275
2024-08-27 10:30:00,89870.74451408496
2024-08-27 10:45:00,89939.38750385844
2024-08-27 11:00:00,89982.87337696101
2024-08-27 11:15:00,90094.46315876556
2024-08-27 11:30:00,90077.03287078642
2024-08-27 11:45:00,89997.06917851104
2024-08-27 12:00:00,90010.72589898953
2024-08-27 12:15:00,90003.53815136927
2024-08-27 12:30:00,90032.82822292185
2024-08-27 12:45:00,90003.35845767878
2024-08-27 13:00:00,90059.0635017358
2024-08-27 13:15:00,90018.99180875285
2024-08-27 13:30:00,90078.47042031049
2024-08-27 13:45:00,90056.72748375921
2024-08-27 14:00:00,90036.06270935097
2024-08-27 14:15:00,90015.57762863323
2024-08-27 14:30:00,89998.68642172561
2024-08-27 14:45:00,89904.5269279002
2024-08-27 15:00:00,89935.2545489768
2024-08-27 15:15:00,89836.24332550772
2024-08-28 09:15:00,89867.57903003301
2024-08-28 09:30:00,89867.57903003301
2024-08-28 09:45:00,89867.57903003301
2024-08-28 10:00:00,89867.57903003301
2024-08-28 10:15:00,89867.57903003301
2024-08-28 10:30:00,89867.57903003301
2024-08-28 10:45:00,89867.57903003301
2024-08-28 11:00:00,89867.57903003301
2024-08-28 11:15:00,89867.57903003301
2024-08-28 11:30:00,89867.57903003301
2024-08-28 11:45:00,89745.88197779183
2024-08-28 12:00:00,89719.05938800715
2024-08-28 12:15:00,89769.12822227187
2024-08-28 12:30:00,89762.3331661931
2024-08-28 12:45:00,89759.4720899494
2024-08-28 13:00:00,89772.70456757651
2024-08-28 13:15:00,89789.33457324302
2024-08-28 13:30:00,89771.09521218944
2024-08-28 13:45:00,89797.38135017843
2024-08-28 14:00:00,89842.44330101667
2024-08-28 14:15:00,89818.66060474093
2024-08-28 14:30:00,89726.74853041212
2024-08-28 14:45:00,89623.39215110852
2024-08-28 15:00:00,89589.05923618414
2024-08-28 15:15:00,89569.03170247826
2024-08-29 09:15:00,89445.34272721429
2024-08-29 09:30:00,89445.34272721429
2024-08-29 09:45:00,89445.34272721429
2024-08-29 10:00:00,89445.34272721429
2024-08-29 10:15:00,89445.34272721429
2024-08-29 10:30:00,89445.34272721429
2024-08-29 10:45:00,89445.34272721429
2024-08-29 11:00:00,89445.34272721429
2024-08-29 11:15:00,89445.34272721429
2024-08-29 11:30:00,89445.34272721429
2024-08-29 11:45:00,89445.34272721429
2024-08-29 12:00:00,89445.34272721429
2024-08-29 12:15:00,89445.34272721429
2024-08-29 12:30:00,89423.9524132481
2024-08-29 12:45:00,89335.6407962919
2024-08-29 13:00:00,89390.01374355266
2024-08-29 13:15:00,89372.24480653934
2024-08-29 13:30:00,89352.87666519482
2024-08-29 13:45:00,89337.41768999324
2024-08-29 14:00:00,89118.50438598909
2024-08-29 14:15:00,88969.9560725577
2024-08-29 14:30:00,88931.75285797907
2024-08-29 14:45:00,89462.15562782675
2024-08-29 15:00:00,89306.8551183303
2024-08-29 15:15:00,89401.74124198145
2024-08-30 09:15:00,89743.79327948792
2024-08-30 09:30:00,89637.17965740798
2024-08-30 09:45:00,89645.53105780423
2024-08-30 10:00:00,89622.4314396869
2024-08-30 10:15:00,89621.54299283624
2024-08-30 10:30:00,89643.93185347304
2024-08-30 10:45:00,89643.2210959925
2024-08-30 11:00:00,89694.39563459085
2024-08-30 11:15:00,89660.10158615514
2024-08-30 11:30:00,89644.64261095354
2024-08-30 11:45:00,89698.30480073378
2024-08-30 12:00:00,89719.98290389002
2024-08-30 12:15:00,89740.7725601956
2024-08-30 12:30:00,89699.19324758442
2024-08-30 12:45:00,89693.86256648043
2024-08-30 13:00:00,89705.59006490922
2024-08-30 13:15:00,89681.60199994124
2024-08-30 13:30:00,89705.76775427935
2024-08-30 13:45:00,89690.84184718816
2024-08-30 14:00:00,89719.62752514976
2024-08-30 14:15:00,89716.78449522764
2024-08-30 14:30:00,89689.9534003375
2024-08-30 14:45:00,89678.75897001912
2024-08-30 15:00:00,89706.12313301965
2024-08-30 15:15:00,89722.4705550719
2024-09-02 09:15:00,89941.02848033575
2024-09-02 09:30:00,89947.95836577094
2024-09-02 09:45:00,89900.15992520511
2024-09-02 10:00:00,89929.30098190696
2024-09-02 10:15:00,89892.51928228937
2024-09-02 10:30:00,89934.45397364082
2024-09-02 10:45:00,89962.52889412186
2024-09-02 11:00:00,89965.54961341413
2024-09-02 11:15:00,89946.89222955014
2024-09-02 11:30:00,89904.4244700883
2024-09-02 11:45:00,89867.28739173045
2024-09-02 12:00:00,89912.59818111442
2024-09-02 12:15:00,89875.6387921267
2024-09-02 12:30:00,89828.37341967128
2024-09-02 12:45:00,89738.72255793237
2024-09-02 13:00:00,89738.72255793237
2024-09-02 13:15:00,89738.72255793237
2024-09-02 13:30:00,89738.72255793237
2024-09-02 13:45:00,89738.72255793237
2024-09-02 14:00:00,89738.72255793237
2024-09-02 14:15:00,89738.72255793237
2024-09-02 14:30:00,89738.72255793237
2024-09-02 14:45:00,89738.72255793237
2024-09-02 15:00:00,89738.72255793237
2024-09-02 15:15:00,89738.72255793237
2024-09-03 09:15:00,89738.72255793237
2024-09-03 09:30:00,89738.72255793237
2024-09-03 09:45:00,89738.72255793237
2024-09-03 10:00:00,89738.72255793237
2024-09-03 10:15:00,89738.72255793237
2024-09-03 10:30:00,89738.72255793237
2024-09-03 10:45:00,89738.72255793237
2024-09-03 11:00:00,89738.72255793237
2024-09-03 11:15:00,89738.72255793237
2024-09-03 11:30:00,89738.72255793237
2024-09-03 11:45:00,89738.72255793237
2024-09-03 12:00:00,89738.72255793237
2024-09-03 12:15:00,89738.72255793237
2024-09-03 12:30:00,89738.72255793237
2024-09-03 12:45:00,89738.72255793237
2024-09-03 13:00:00,89738.72255793237
2024-09-03 13:15:00,89738.72255793237
2024-09-03 13:30:00,89738.72255793237
2024-09-03 13:45:00,89738.72255793237
2024-09-03 14:00:00,89738.72255793237
2024-09-03 14:15:00,89738.72255793237
2024-09-03 14:30:00,89738.72255793237
2024-09-03 14:45:00,89738.72255793237
2024-09-03 15:00:00,89563.94232946151
2024-09-03 15:15:00,89537.5440286677
2024-09-04 09:15:00,88955.89556218404
2024-09-04 09:30:00,88869.77154876875
2024-09-04 09:45:00,88869.77154876875
2024-09-04 10:00:00,88869.77154876875
2024-09-04 10:15:00,88869.77154876875
2024-09-04 10:30:00,88869.77154876875
2024-09-04 10:45:00,88869.77154876875
2024-09-04 11:00:00,88869.77154876875
2024-09-04 11:15:00,88869.77154876875
2024-09-04 11:30:00,88869.77154876875
2024-09-04 11:45:00,88869.77154876875
2024-09-04 12:00:00,88869.77154876875
2024-09-04 12:15:00,88869.77154876875
2024-09-04 12:30:00,88869.77154876875
2024-09-04 12:45:00,88869.77154876875
2024-09-04 13:00:00,88869.77154876875
2024-09-04 13:15:00,88869.77154876875
2024-09-04 13:30:00,88761.8541690292
2024-09-04 13:45:00,88808.76772253611
2024-09-04 14:00:00,88760.61960183166
2024-09-04 14:15:00,88733.63549022804
2024-09-04 14:30:00,88818.99699360154
2024-09-04 14:45:00,88782.84181138757
2024-09-04 15:00:00,88924.46430562084
2024-09-04 15:15:00,88911.2367999328
2024-09-05 09:15:00,88949.15564957185
2024-09-05 09:30:00,88920.23150380068
2024-09-05 09:45:00,88926.75707327345
2024-09-05 10:00:00,88913.5295675854
2024-09-05 10:15:00,88802.24215306336
2024-09-05 10:30:00,88789.01464737531
2024-09-05 10:45:00,88802.41851980585
2024-09-05 11:00:00,88866.26328059346
2024-09-05 11:15:00,88795.89295033309
2024-09-05 11:30:00,88805.24038768598
2024-09-05 11:45:00,88804.71128745846
2024-09-05 12:00:00,88849.68480679778
2024-09-05 12:15:00,88825.87529655932
2024-09-05 12:30:00,88836.10456762473
2024-09-05 12:45:00,88841.21920315744
2024-09-05 13:00:00,88792.89471571046
2024-09-05 13:15:00,88785.66367926766
2024-09-05 13:30:00,88790.95468154288
2024-09-05 13:45:00,88800.65485238077
2024-09-05 14:00:00,88795.71658359056
2024-09-05 14:15:00,88702.24221006174
2024-09-05 14:30:00,88615.83044273662
2024-09-05 14:45:00,88615.83044273662
2024-09-05 15:00:00,88615.83044273662
2024-09-05 15:15:00,88615.83044273662
2024-09-06 09:15:00,88615.83044273662
2024-09-06 09:30:00,88615.83044273662
2024-09-06 09:45:00,88615.83044273662
2024-09-06 10:00:00,88615.83044273662
2024-09-06 10:15:00,88615.83044273662
2024-09-06 10:30:00,88615.83044273662
2024-09-06 10:45:00,88615.83044273662
2024-09-06 11:00:00,88615.83044273662
2024-09-06 11:15:00,88615.83044273662
2024-09-06 11:30:00,88615.83044273662
2024-09-06 11:45:00,88615.83044273662
2024-09-06 12:00:00,88615.83044273662
2024-09-06 12:15:00,88615.83044273662
2024-09-06 12:30:00,88615.83044273662
2024-09-06 12:45:00,88615.83044273662
2024-09-06 13:00:00,88615.83044273662
2024-09-06 13:15:00,88615.83044273662
2024-09-06 13:30:00,88615.83044273662
2024-09-06 13:45:00,88615.83044273662
2024-09-06 14:00:00,88615.83044273662
2024-09-06 14:15:00,88615.83044273662
2024-09-06 14:30:00,88615.83044273662
2024-09-06 14:45:00,88615.83044273662
2024-09-06 15:00:00,88615.83044273662
2024-09-06 15:15:00,88615.83044273662
2024-09-09 09:15:00,88615.83044273662
2024-09-09 09:30:00,88615.83044273662
2024-09-09 09:45:00,88615.83044273662
2024-09-09 10:00:00,88615.83044273662
2024-09-09 10:15:00,88615.83044273662
2024-09-09 10:30:00,88615.83044273662
2024-09-09 10:45:00,88615.83044273662
2024-09-09 11:00:00,88615.83044273662
2024-09-09 11:15:00,88615.83044273662
2024-09-09 11:30:00,88615.83044273662
2024-09-09 11:45:00,88615.83044273662
2024-09-09 12:00:00,88615.83044273662
2024-09-09 12:15:00,88615.83044273662
2024-09-09 12:30:00,88615.83044273662
2024-09-09 12:45:00,88615.83044273662
2024-09-09 13:00:00,88615.83044273662
2024-09-09 13:15:00,88615.83044273662
2024-09-09 13:30:00,88451.73430244032
2024-09-09 13:45:00,88413.01734350368
2024-09-09 14:00:00,88421.89737995704
2024-09-09 14:15:00,88336.11622781758
2024-09-09 14:30:00,88451.02389952407
2024-09-09 14:45:00,88532.36503343683
2024-09-09 15:00:00,88589.19726673832
2024-09-09 15:15:00,88595.23569152661
2024-09-10 09:15:00,88783.84766579598
2024-09-10 09:30:00,88683.68085460209
2024-09-10 09:45:00,88520.11058313119
2024-09-10 10:00:00,88498.62089491406
2024-09-10 10:15:00,88569.30598508281
2024-09-10 10:30:00,88643.18788837477
2024-09-10 10:45:00,88692.38329032638
2024-09-10 11:00:00,88734.82986457345
2024-09-10 11:15:00,88766.44279434741
2024-09-10 11:30:00,88819.72301306759
2024-09-10 11:45:00,88887.56649157126
2024-09-10 12:00:00,88882.06086897018
2024-09-10 12:15:00,88938.00509862635
2024-09-10 12:30:00,89058.95119512112
2024-09-10 12:45:00,89038.70471200746
2024-09-10 13:00:00,89150.41557059073
2024-09-10 13:15:00,89225.71827971522
2024-09-10 13:30:00,89242.94555043473
2024-09-10 13:45:00,89214.17423232584
2024-09-10 14:00:00,89205.29419587247
2024-09-10 14:15:00,89202.80778566553
2024-09-10 14:30:00,89049.00555429334
2024-09-10 14:45:00,89003.184566194
2024-09-10 15:00:00,88952.923559868
2024-09-10 15:15:00,88985.42449328728
2024-09-11 09:15:00,88818.6574086932
2024-09-11 09:30:00,88724.6934805627
2024-09-11 09:45:00,88724.6934805627
2024-09-11 10:00:00,88724.6934805627
2024-09-11 10:15:00,88724.6934805627
2024-09-11 10:30:00,88724.6934805627
2024-09-11 10:45:00,88724.6934805627
2024-09-11 11:00:00,88724.6934805627
2024-09-11 11:15:00,88724.6934805627
2024-09-11 11:30:00,88724.6934805627
2024-09-11 11:45:00,88724.6934805627
2024-09-11 12:00:00,88724.6934805627
2024-09-11 12:15:00,88724.6934805627
2024-09-11 12:30:00,88724.6934805627
2024-09-11 12:45:00,88724.6934805627
2024-09-11 13:00:00,88724.6934805627
2024-09-11 13:15:00,88724.6934805627
2024-09-11 13:30:00,88724.6934805627
2024-09-11 13:45:00,88724.6934805627
2024-09-11 14:00:00,88724.6934805627
2024-09-11 14:15:00,88724.6934805627
2024-09-11 14:30:00,88724.6934805627
2024-09-11 14:45:00,88724.6934805627
2024-09-11 15:00:00,88724.6934805627
2024-09-11 15:15:00,88724.6934805627
2024-09-12 09:15:00,88724.6934805627
2024-09-12 09:30:00,88724.6934805627
2024-09-12 09:45:00,88724.6934805627
2024-09-12 10:00:00,88724.6934805627
2024-09-12 10:15:00,88724.6934805627
2024-09-12 10:30:00,88724.6934805627
2024-09-12 10:45:00,88724.6934805627
2024-09-12 11:00:00,88724.6934805627
2024-09-12 11:15:00,88724.6934805627
2024-09-12 11:30:00,88724.6934805627
2024-09-12 11:45:00,88724.6934805627
2024-09-12 12:00:00,88724.6934805627
2024-09-12 12:15:00,88724.6934805627
2024-09-12 12:30:00,88724.6934805627
2024-09-12 12:45:00,88724.6934805627
2024-09-12 13:00:00,88724.6934805627
2024-09-12 13:15:00,88724.6934805627
2024-09-12 13:30:00,88724.6934805627
2024-09-12 13:45:00,88724.6934805627
2024-09-12 14:00:00,89323.13250626806
2024-09-12 14:15:00,89490.05056286247
2024-09-12 14:30:00,89513.08596345405
2024-09-12 14:45:00,89830.97449161795
2024-09-12 15:00:00,90068.23911771127
2024-09-12 15:15:00,89713.84833937918
2024-09-13 09:15:00,89717.21505177334
2024-09-13 09:30:00,89801.73725240554
2024-09-13 09:45:00,89754.9576696657
2024-09-13 10:00:00,89753.00852038487
2024-09-13 10:15:00,89847.09927203204
2024-09-13 10:30:00,89870.13467262362
2024-09-13 10:45:00,89901.85264728435
2024-09-13 11:00:00,89952.707723975
2024-09-13 11:15:00,89886.9682345944
2024-09-13 11:30:00,89888.38579770774
2024-09-13 11:45:00,89902.73862423019
2024-09-13 12:00:00,89932.15305883174
2024-09-13 12:15:00,89963.69383810331
2024-09-13 12:30:00,89943.67075912755
2024-09-13 12:45:00,89957.13760870416
2024-09-13 13:00:00,89962.63066576832
2024-09-13 13:15:00,89850.28878903703
2024-09-13 13:30:00,89890.51214237772
2024-09-13 13:45:00,89927.36878332426
2024-09-13 14:00:00,89963.87103349245
2024-09-13 14:15:00,89909.29485362931
2024-09-13 14:30:00,89892.81568243688
2024-09-13 14:45:00,89898.13154411186
2024-09-13 15:00:00,89853.83269682036
2024-09-13 15:15:00,89815.20410198216
2024-09-16 09:15:00,90005.86634072482
2024-09-16 09:30:00,90138.76288259935
2024-09-16 09:45:00,90076.21291022374
2024-09-16 10:00:00,90048.39323412467
2024-09-16 10:15:00,90044.31774017385
2024-09-16 10:30:00,90020.39636263644
2024-09-16 10:45:00,89985.1344801924
2024-09-16 11:00:00,89959.08675798499
2024-09-16 11:15:00,89947.74625307837
2024-09-16 11:30:00,89896.00519944188
2024-09-16 11:45:00,89805.75515785487
2024-09-16 12:00:00,89805.75515785487
2024-09-16 12:15:00,89805.75515785487
2024-09-16 12:30:00,89805.75515785487
2024-09-16 12:45:00,89805.75515785487
2024-09-16 13:00:00,89805.75515785487
2024-09-16 13:15:00,89805.75515785487
2024-09-16 13:30:00,89805.75515785487
2024-09-16 13:45:00,89687.88327101778
2024-09-16 14:00:00,89688.41282067209
2024-09-16 14:15:00,89653.10951038374
2024-09-16 14:30:00,89634.04572282804
2024-09-16 14:45:00,89640.22380212852
2024-09-16 15:00:00,89622.3956304329
2024-09-16 15:15:00,89589.91658496762
2024-09-17 09:15:00,89595.91814771664
2024-09-17 09:30:00,89634.92830558527
2024-09-17 09:45:00,89542.9631822841
2024-09-17 10:00:00,89578.26649257247
2024-09-17 10:15:00,89604.03790908298
2024-09-17 10:30:00,89680.46957585728
2024-09-17 10:45:00,89703.41672754471
2024-09-17 11:00:00,89675.35059586547
2024-09-17 11:15:00,89734.13060749558
2024-09-17 11:30:00,89696.70909858993
2024-09-17 11:45:00,89747.7223819566
2024-09-17 12:00:00,89714.71378683698
2024-09-17 12:15:00,89731.65937577539
2024-09-17 12:30:00,89766.08010330654
2024-09-17 12:45:00,89763.60887158636
2024-09-17 13:00:00,89761.13763986617
2024-09-17 13:15:00,89751.25271298543
2024-09-17 13:30:00,89800.85386394057
2024-09-17 13:45:00,89762.37325572626
2024-09-17 14:00:00,89762.90280538058
2024-09-17 14:15:00,89771.72863295265
2024-09-17 14:30:00,89750.19361367675
2024-09-17 14:45:00,89730.6002764667
2024-09-17 15:00:00,89735.54273990708
2024-09-17 15:15:00,89695.64999928123
2024-09-18 09:15:00,89684.52945654039
2024-09-18 09:30:00,89789.38028809681
2024-09-18 09:45:00,89782.49614259058
2024-09-18 10:00:00,89719.47973372586
2024-09-18 10:15:00,89755.84214332287
2024-09-18 10:30:00,89905.1751458426
2024-09-18 10:45:00,89894.76066930754
2024-09-18 11:00:00,89886.64090794121
2024-09-18 11:15:00,89871.99003417154
2024-09-18 11:30:00,89889.64168931571
2024-09-18 11:45:00,89892.81898724167
2024-09-18 12:00:00,89891.75988793302
2024-09-18 12:15:00,89932.88824441894
2024-09-18 12:30:00,89939.77238992517
2024-09-18 12:45:00,89765.90358675501
2024-09-18 13:00:00,89580.03165808682
2024-09-18 13:15:00,89536.25555332926
2024-09-18 13:30:00,89447.95367802015
2024-09-18 13:45:00,89447.95367802015
2024-09-18 14:00:00,89447.95367802015
2024-09-18 14:15:00,89447.95367802015
2024-09-18 14:30:00,89447.95367802015
2024-09-18 14:45:00,89447.95367802015
2024-09-18 15:00:00,89447.95367802015
2024-09-18 15:15:00,89447.95367802015
2024-09-19 09:15:00,89447.95367802015
2024-09-19 09:30:00,89499.72016509165
2024-09-19 09:45:00,89221.31100158422
2024-09-19 10:00:00,89178.49226645597
2024-09-19 10:15:00,89176.74456298134
2024-09-19 10:30:00,89125.0125401325
2024-09-19 10:45:00,89174.29777811687
2024-09-19 11:00:00,89153.15056607395
2024-09-19 11:15:00,88923.32755916103
2024-09-19 11:30:00,88866.17765554086
2024-09-19 11:45:00,88777.13688230822
2024-09-19 12:00:00,88777.13688230822
2024-09-19 12:15:00,88777.13688230822
2024-09-19 12:30:00,88777.13688230822
2024-09-19 12:45:00,88777.13688230822
2024-09-19 13:00:00,88777.13688230822
2024-09-19 13:15:00,88777.13688230822
2024-09-19 13:30:00,88777.13688230822
2024-09-19 13:45:00,88777.13688230822
2024-09-19 14:00:00,88777.13688230822
2024-09-19 14:15:00,88777.13688230822
2024-09-19 14:30:00,88777.13688230822
2024-09-19 14:45:00,88777.13688230822
2024-09-19 15:00:00,88777.13688230822
2024-09-19 15:15:00,88777.13688230822
2024-09-20 09:15:00,88777.13688230822
2024-09-20 09:30:00,88587.10660117127
2024-09-20 09:45:00,89023.26060915472
2024-09-20 10:00:00,88913.30874116687
2024-09-20 10:15:00,89012.99611514952
2024-09-20 10:30:00,89345.1133872837
2024-09-20 10:45:00,89315.18977764143
2024-09-20 11:00:00,89430.70882881855
2024-09-20 11:15:00,89404.43868314424
2024-09-20 11:30:00,89385.1275164565
2024-09-20 11:45:00,89424.79369667996
2024-09-20 12:00:00,89458.02282134084
2024-09-20 12:15:00,89446.19255706367
2024-09-20 12:30:00,89505.34387844954
2024-09-20 12:45:00,89661.05103327411
2024-09-20 13:00:00,89722.29004835595
2024-09-20 13:15:00,89708.89401380681
2024-09-20 13:30:00,88907.3936090283
2024-09-20 13:45:00,89303.7074623136
2024-09-20 14:00:00,89335.54479117718
2024-09-20 14:15:00,89241.77254933311
2024-09-20 14:30:00,89230.98613190392
2024-09-20 14:45:00,89431.57870119189
2024-09-20 15:00:00,89745.9505769103
2024-09-20 15:15:00,89841.63653797566
2024-09-23 09:15:00,90090.94196016963
2024-09-23 09:30:00,90090.24606227096
2024-09-23 09:45:00,90133.21775751305
2024-09-23 10:00:00,90108.51338211072
2024-09-23 10:15:00,90090.42003674562
2024-09-23 10:30:00,90029.87691956245
2024-09-23 10:45:00,90065.01976344462
2024-09-23 11:00:00,90054.23334601543
2024-09-23 11:15:00,90008.9999826027
2024-09-23 11:30:00,89992.99433093358
2024-09-23 11:45:00,90049.0141117755
2024-09-23 12:00:00,90004.82459521077
2024-09-23 12:15:00,90003.25882493879
2024-09-23 12:30:00,90017.17678291195
2024-09-23 12:45:00,90023.26588952521
2024-09-23 13:00:00,90061.71424842601
2024-09-23 13:15:00,90097.72696468153
2024-09-23 13:30:00,90136.69724700635
2024-09-23 13:45:00,90139.82878755029
2024-09-23 14:00:00,90143.83020046758
2024-09-23 14:15:00,90221.77076511718
2024-09-23 14:30:00,90217.42140325057
2024-09-23 14:45:00,90202.6335729041
2024-09-23 15:00:00,90253.60809398076
2024-09-23 15:15:00,90223.6844843385
2024-09-24 09:15:00,90231.5133356984
2024-09-24 09:30:00,90312.23749194264
2024-09-24 09:45:00,90340.2473823636
2024-09-24 10:00:00,90314.15121116395
2024-09-24 10:15:00,90359.73252352599
2024-09-24 10:30:00,90297.2756871215
2024-09-24 10:45:00,90329.11301598507
2024-09-24 11:00:00,90289.09888681228
2024-09-24 11:15:00,90224.38038223716
2024-09-24 11:30:00,90196.71844076554
2024-09-24 11:45:00,90159.31392871271
2024-09-24 12:00:00,90068.28561228306
2024-09-24 12:15:00,90068.28561228306
2024-09-24 12:30:00,90068.28561228306
2024-09-24 12:45:00,90068.28561228306
2024-09-24 13:00:00,90068.28561228306
2024-09-24 13:15:00,89961.06350278106
2024-09-24 13:30:00,89989.1333964188
2024-09-24 13:45:00,89979.43022330946
2024-09-24 14:00:00,90008.71301358586
2024-09-24 14:15:00,90008.53974263747
2024-09-24 14:30:00,90028.46590170129
2024-09-24 14:45:00,89929.35491922736
2024-09-24 15:00:00,89907.34950878298
2024-09-24 15:15:00,89934.20650578203
2024-09-25 09:15:00,89890.02241394487
2024-09-25 09:30:00,89800.30548920835
2024-09-25 09:45:00,89800.30548920835
2024-09-25 10:00:00,89800.30548920835
2024-09-25 10:15:00,89800.30548920835
2024-09-25 10:30:00,89800.30548920835
2024-09-25 10:45:00,89800.30548920835
2024-09-25 11:00:00,89800.30548920835
2024-09-25 11:15:00,89800.30548920835
2024-09-25 11:30:00,89800.30548920835
2024-09-25 11:45:00,89800.30548920835
2024-09-25 12:00:00,89800.30548920835
2024-09-25 12:15:00,89800.30548920835
2024-09-25 12:30:00,89800.30548920835
2024-09-25 12:45:00,89800.30548920835
2024-09-25 13:00:00,89800.30548920835
2024-09-25 13:15:00,89800.30548920835
2024-09-25 13:30:00,89800.30548920835
2024-09-25 13:45:00,89800.30548920835
2024-09-25 14:00:00,89800.30548920835
2024-09-25 14:15:00,89674.02766002809
2024-09-25 14:30:00,89682.15298521047
2024-09-25 14:45:00,89650.68896003619
2024-09-25 15:00:00,89957.8954036334
2024-09-25 15:15:00,89943.89218363827
2024-09-26 09:15:00,90067.50085396579
2024-09-26 09:30:00,90004.91856213563
2024-09-26 09:45:00,90056.09082285862
2024-09-26 10:00:00,90116.94432209678
2024-09-26 10:15:00,90125.24252653836
2024-09-26 10:30:00,90125.06964727918
2024-09-26 10:45:00,90119.88326950319
2024-09-26 11:00:00,90150.65577764066
2024-09-26 11:15:00,90117.11720135598
2024-09-26 11:30:00,90142.01181468069
2024-09-26 11:45:00,90177.10630429816
2024-09-26 12:00:00,90227.75992724355
2024-09-26 12:15:00,90218.4244472468
2024-09-26 12:30:00,90222.91930798597
2024-09-26 12:45:00,90218.77020576519
2024-09-26 13:00:00,90214.6211035444
2024-09-26 13:15:00,90264.58320945302
2024-09-26 13:30:00,90217.9058094692
2024-09-26 13:45:00,90227.75992724355
2024-09-26 14:00:00,90198.71621169806
2024-09-26 14:15:00,90278.24067092975
2024-09-26 14:30:00,90553.81021009349
2024-09-26 14:45:00,90634.02618636197
2024-09-26 15:00:00,90614.83658859084
2024-09-26 15:15:00,90535.65788787756
2024-09-27 09:15:00,90694.53392708175
2024-09-27 09:30:00,90729.9741752176
2024-09-27 09:45:00,90798.78012037894
2024-09-27 10:00:00,90803.96649815493
2024-09-27 10:15:00,90813.30197815169
2024-09-27 10:30:00,90818.48835592766
2024-09-27 10:45:00,90787.37008927178
2024-09-27 11:00:00,90730.49281299519
2024-09-27 11:15:00,90705.25244115209
2024-09-27 11:30:00,90665.66309079544
2024-09-27 11:45:00,90635.06346191716
2024-09-27 12:00:00,90547.53711329417
2024-09-27 12:15:00,90547.53711329417
2024-09-27 12:30:00,90547.53711329417
2024-09-27 12:45:00,90547.53711329417
2024-09-27 13:00:00,90547.53711329417
2024-09-27 13:15:00,90547.53711329417
2024-09-27 13:30:00,90547.53711329417
2024-09-27 13:45:00,90547.53711329417
2024-09-27 14:00:00,90547.53711329417
2024-09-27 14:15:00,90547.53711329417
2024-09-27 14:30:00,90547.53711329417
2024-09-27 14:45:00,90547.53711329417
2024-09-27 15:00:00,90547.53711329417
2024-09-27 15:15:00,90547.53711329417
2024-09-30 09:15:00,90547.53711329417
2024-09-30 09:30:00,90547.53711329417
2024-09-30 09:45:00,90547.53711329417
2024-09-30 10:00:00,90547.53711329417
2024-09-30 10:15:00,90547.53711329417
2024-09-30 10:30:00,90547.53711329417
2024-09-30 10:45:00,90547.53711329417
2024-09-30 11:00:00,90547.53711329417
2024-09-30 11:15:00,90547.53711329417
2024-09-30 11:30:00,90547.53711329417
2024-09-30 11:45:00,90547.53711329417
2024-09-30 12:00:00,90547.53711329417
2024-09-30 12:15:00,90547.53711329417
2024-09-30 12:30:00,90547.53711329417
2024-09-30 12:45:00,90547.53711329417
2024-09-30 13:00:00,90547.53711329417
2024-09-30 13:15:00,90547.53711329417
2024-09-30 13:30:00,90547.53711329417
2024-09-30 13:45:00,90547.53711329417
2024-09-30 14:00:00,90547.53711329417
2024-09-30 14:15:00,90547.53711329417
2024-09-30 14:30:00,90547.53711329417
2024-09-30 14:45:00,90547.53711329417
2024-09-30 15:00:00,90547.53711329417
2024-09-30 15:15:00,90547.53711329417
2024-10-01 09:15:00,90547.53711329417
2024-10-01 09:30:00,90547.53711329417
2024-10-01 09:45:00,90547.53711329417
2024-10-01 10:00:00,90547.53711329417
2024-10-01 10:15:00,90547.53711329417
2024-10-01 10:30:00,90547.53711329417
2024-10-01 10:45:00,90547.53711329417
2024-10-01 11:00:00,90547.53711329417
2024-10-01 11:15:00,90547.53711329417
2024-10-01 11:30:00,90547.53711329417
2024-10-01 11:45:00,90547.53711329417
2024-10-01 12:00:00,90547.53711329417
2024-10-01 12:15:00,90547.53711329417
2024-10-01 12:30:00,90547.53711329417
2024-10-01 12:45:00,90547.53711329417
2024-10-01 13:00:00,90547.53711329417
2024-10-01 13:15:00,90547.53711329417
2024-10-01 13:30:00,90547.53711329417
2024-10-01 13:45:00,90547.53711329417
2024-10-01 14:00:00,90547.53711329417
2024-10-01 14:15:00,90547.53711329417
2024-10-01 14:30:00,90547.53711329417
2024-10-01 14:45:00,90547.53711329417
2024-10-01 15:00:00,90547.53711329417
2024-10-01 15:15:00,90547.53711329417
2024-10-03 09:15:00,90547.53711329417
2024-10-03 09:30:00,90547.53711329417
2024-10-03 09:45:00,90547.53711329417
2024-10-03 10:00:00,90547.53711329417
2024-10-03 10:15:00,90547.53711329417
2024-10-03 10:30:00,90547.53711329417
2024-10-03 10:45:00,90547.53711329417
2024-10-03 11:00:00,90547.53711329417
2024-10-03 11:15:00,90547.53711329417
2024-10-03 11:30:00,90547.53711329417
2024-10-03 11:45:00,90547.53711329417
2024-10-03 12:00:00,90547.53711329417
2024-10-03 12:15:00,90547.53711329417
2024-10-03 12:30:00,90547.53711329417
2024-10-03 12:45:00,90547.53711329417
2024-10-03 13:00:00,90547.53711329417
2024-10-03 13:15:00,90547.53711329417
2024-10-03 13:30:00,90547.53711329417
2024-10-03 13:45:00,90547.53711329417
2024-10-03 14:00:00,90547.53711329417
2024-10-03 14:15:00,90547.53711329417
2024-10-03 14:30:00,90547.53711329417
2024-10-03 14:45:00,90547.53711329417
2024-10-03 15:00:00,90547.53711329417
2024-10-03 15:15:00,90547.53711329417
2024-10-04 09:15:00,90547.53711329417
2024-10-04 09:30:00,90547.53711329417
2024-10-04 09:45:00,90547.53711329417
2024-10-04 10:00:00,90547.53711329417
2024-10-04 10:15:00,90547.53711329417
2024-10-04 10:30:00,90547.53711329417
2024-10-04 10:45:00,90547.53711329417
2024-10-04 11:00:00,90547.53711329417
2024-10-04 11:15:00,90547.53711329417
2024-10-04 11:30:00,90547.53711329417
2024-10-04 11:45:00,90547.53711329417
2024-10-04 12:00:00,90627.791712996
2024-10-04 12:15:00,90605.19601364649
2024-10-04 12:30:00,89682.15279927477
2024-10-04 12:45:00,89376.66606082524
2024-10-04 13:00:00,89366.52468395185
2024-10-04 13:15:00,89271.11496616472
2024-10-04 13:30:00,89271.11496616472
2024-10-04 13:45:00,89271.11496616472
2024-10-04 14:00:00,89271.11496616472
2024-10-04 14:15:00,89271.11496616472
2024-10-04 14:30:00,89271.11496616472
2024-10-04 14:45:00,89271.11496616472
2024-10-04 15:00:00,89271.11496616472
2024-10-04 15:15:00,89271.11496616472
2024-10-07 09:15:00,89271.11496616472
2024-10-07 09:30:00,89271.11496616472
2024-10-07 09:45:00,89271.11496616472
2024-10-07 10:00:00,89271.11496616472
2024-10-07 10:15:00,89271.11496616472
2024-10-07 10:30:00,89271.11496616472
2024-10-07 10:45:00,89271.11496616472
2024-10-07 11:00:00,89271.11496616472
2024-10-07 11:15:00,89271.11496616472
2024-10-07 11:30:00,89271.11496616472
2024-10-07 11:45:00,89271.11496616472
2024-10-07 12:00:00,89271.11496616472
2024-10-07 12:15:00,89271.11496616472
2024-10-07 12:30:00,89271.11496616472
2024-10-07 12:45:00,89271.11496616472
2024-10-07 13:00:00,89271.11496616472
2024-10-07 13:15:00,89271.11496616472
2024-10-07 13:30:00,89271.11496616472
2024-10-07 13:45:00,89271.11496616472
2024-10-07 14:00:00,89271.11496616472
2024-10-07 14:15:00,89271.11496616472
2024-10-07 14:30:00,89271.11496616472
2024-10-07 14:45:00,89271.11496616472
2024-10-07 15:00:00,89271.11496616472
2024-10-07 15:15:00,89271.11496616472
2024-10-08 09:15:00,89271.11496616472
2024-10-08 09:30:00,89271.11496616472
2024-10-08 09:45:00,89271.11496616472
2024-10-08 10:00:00,89271.11496616472
2024-10-08 10:15:00,89271.11496616472
2024-10-08 10:30:00,89271.11496616472
2024-10-08 10:45:00,89085.22465527925
2024-10-08 11:00:00,89239.99429318703
2024-10-08 11:15:00,89368.46203887231
2024-10-08 11:30:00,89321.58383640776
2024-10-08 11:45:00,89232.65839127461
2024-10-08 12:00:00,89212.79777878009
2024-10-08 12:15:00,89214.40809871208
2024-10-08 12:30:00,89159.83614546136
2024-10-08 12:45:00,89142.83832395704
2024-10-08 13:00:00,89373.29299866827
2024-10-08 13:15:00,89343.23369327115
2024-10-08 13:30:00,89442.89460461753
2024-10-08 13:45:00,89486.73109165499
2024-10-08 14:00:00,89591.93866054491
2024-10-08 14:15:00,89582.81351426365
2024-10-08 14:30:00,89352.00099067864
2024-10-08 14:45:00,89343.41261770803
2024-10-08 15:00:00,89501.40289547978
2024-10-08 15:15:00,89603.5687489426
2024-10-09 09:15:00,89660.64564430974
2024-10-09 09:30:00,89771.93664405383
2024-10-09 09:45:00,89737.58315217141
2024-10-09 10:00:00,90074.14001795699
2024-10-09 10:15:00,89883.04871936102
2024-10-09 10:30:00,90105.80964328608
2024-10-09 10:45:00,90179.70543572067
2024-10-09 11:00:00,90233.74061566072
2024-10-09 11:15:00,90222.4683761368
2024-10-09 11:30:00,90051.59553890915
2024-10-09 11:45:00,89900.22546530224
2024-10-09 12:00:00,89883.58549267169
2024-10-09 12:15:00,89951.39785425209
2024-10-09 12:30:00,89944.59872565036
2024-10-09 12:45:00,89964.99611145555
2024-10-09 13:00:00,89835.63374358581
2024-10-09 13:15:00,89740.97198100606
2024-10-09 13:30:00,89740.97198100606
2024-10-09 13:45:00,89740.97198100606
2024-10-09 14:00:00,89740.97198100606
2024-10-09 14:15:00,89740.97198100606
2024-10-09 14:30:00,89740.97198100606
2024-10-09 14:45:00,89740.97198100606
2024-10-09 15:00:00,89740.97198100606
2024-10-09 15:15:00,89740.97198100606
2024-10-10 09:15:00,89740.97198100606
2024-10-10 09:30:00,89740.97198100606
2024-10-10 09:45:00,89740.97198100606
2024-10-10 10:00:00,89740.97198100606
2024-10-10 10:15:00,89740.97198100606
2024-10-10 10:30:00,89740.97198100606
2024-10-10 10:45:00,89740.97198100606
2024-10-10 11:00:00,89740.97198100606
2024-10-10 11:15:00,89740.97198100606
2024-10-10 11:30:00,89740.97198100606
2024-10-10 11:45:00,89740.97198100606
2024-10-10 12:00:00,89740.97198100606
2024-10-10 12:15:00,89740.97198100606
2024-10-10 12:30:00,89740.97198100606
2024-10-10 12:45:00,89740.97198100606
2024-10-10 13:00:00,89740.97198100606
2024-10-10 13:15:00,89740.97198100606
2024-10-10 13:30:00,89740.97198100606
2024-10-10 13:45:00,89740.97198100606
2024-10-10 14:00:00,89740.97198100606
2024-10-10 14:15:00,89740.97198100606
2024-10-10 14:30:00,89740.97198100606
2024-10-10 14:45:00,89740.97198100606
2024-10-10 15:00:00,89740.97198100606
2024-10-10 15:15:00,89740.97198100606
2024-10-11 09:15:00,89740.97198100606
2024-10-11 09:30:00,89740.97198100606
2024-10-11 09:45:00,89740.97198100606
2024-10-11 10:00:00,89740.97198100606
2024-10-11 10:15:00,89740.97198100606
2024-10-11 10:30:00,89740.97198100606
2024-10-11 10:45:00,89740.97198100606
2024-10-11 11:00:00,89740.97198100606
2024-10-11 11:15:00,89740.97198100606
2024-10-11 11:30:00,89740.97198100606
2024-10-11 11:45:00,89740.97198100606
2024-10-11 12:00:00,89740.97198100606
2024-10-11 12:15:00,89740.97198100606
2024-10-11 12:30:00,89740.97198100606
2024-10-11 12:45:00,89740.97198100606
2024-10-11 13:00:00,89740.97198100606
2024-10-11 13:15:00,89740.97198100606
2024-10-11 13:30:00,89740.97198100606
2024-10-11 13:45:00,89740.97198100606
2024-10-11 14:00:00,89740.97198100606
2024-10-11 14:15:00,89740.97198100606
2024-10-11 14:30:00,89740.97198100606
2024-10-11 14:45:00,89740.97198100606
2024-10-11 15:00:00,89740.97198100606
2024-10-11 15:15:00,89740.97198100606
2024-10-14 09:15:00,89740.97198100606
2024-10-14 09:30:00,89833.64070110706
2024-10-14 09:45:00,89862.99810002898
2024-10-14 10:00:00,89862.81909149898
2024-10-14 10:15:00,89860.31297207881
2024-10-14 10:30:00,89834.1777266971
2024-10-14 10:45:00,89825.22730019652
2024-10-14 11:00:00,89867.6523218093
2024-10-14 11:15:00,89908.82428371202
2024-10-14 11:30:00,89969.50817538601
2024-10-14 11:45:00,90011.03815434875
2024-10-14 12:00:00,90057.75938068182
2024-10-14 12:15:00,89936.57060586386
2024-10-14 12:30:00,89997.25449753786
2024-10-14 12:45:00,89893.60855866104
2024-10-14 13:00:00,89881.79399568026
2024-10-14 13:15:00,89878.21382508002
2024-10-14 13:30:00,89907.39221547193
2024-10-14 13:45:00,89967.5390815559
2024-10-14 14:00:00,89982.21778101685
2024-10-14 14:15:00,89941.9408617642
2024-10-14 14:30:00,89991.8842416375
2024-10-14 14:45:00,89937.46564851391
2024-10-14 15:00:00,89945.34202383444
2024-10-14 15:15:00,90013.72328229895
2024-10-15 09:15:00,90135.09106564694
2024-10-15 09:30:00,90068.32088395253
2024-10-15 09:45:00,89818.96200164614
2024-10-15 10:00:00,89702.24844007846
2024-10-15 10:15:00,89623.12666981327
2024-10-15 10:30:00,89535.64949740123
2024-10-15 10:45:00,89535.64949740123
2024-10-15 11:00:00,89535.64949740123
2024-10-15 11:15:00,89535.64949740123
2024-10-15 11:30:00,89535.64949740123
2024-10-15 11:45:00,89535.64949740123
2024-10-15 12:00:00,89535.64949740123
2024-10-15 12:15:00,89535.64949740123
2024-10-15 12:30:00,89535.64949740123
2024-10-15 12:45:00,89535.64949740123
2024-10-15 13:00:00,89535.64949740123
2024-10-15 13:15:00,89535.64949740123
2024-10-15 13:30:00,89535.64949740123
2024-10-15 13:45:00,89535.64949740123
2024-10-15 14:00:00,89535.64949740123
2024-10-15 14:15:00,89535.64949740123
2024-10-15 14:30:00,89535.64949740123
2024-10-15 14:45:00,89535.64949740123
2024-10-15 15:00:00,89535.64949740123
2024-10-15 15:15:00,89535.64949740123
2024-10-16 09:15:00,89535.64949740123
2024-10-16 09:30:00,89535.64949740123
2024-10-16 09:45:00,89535.64949740123
2024-10-16 10:00:00,89535.64949740123
2024-10-16 10:15:00,89535.64949740123
2024-10-16 10:30:00,89535.64949740123
2024-10-16 10:45:00,89535.64949740123
2024-10-16 11:00:00,89535.64949740123
2024-10-16 11:15:00,89535.64949740123
2024-10-16 11:30:00,89535.64949740123
2024-10-16 11:45:00,89535.64949740123
2024-10-16 12:00:00,89535.64949740123
2024-10-16 12:15:00,89535.64949740123
2024-10-16 12:30:00,89535.64949740123
2024-10-16 12:45:00,89535.64949740123
2024-10-16 13:00:00,89535.64949740123
2024-10-16 13:15:00,89535.64949740123
2024-10-16 13:30:00,89535.64949740123
2024-10-16 13:45:00,89535.64949740123
2024-10-16 14:00:00,89535.64949740123
2024-10-16 14:15:00,89535.64949740123
2024-10-16 14:30:00,89350.77835734717
2024-10-16 14:45:00,89265.08353437488
2024-10-16 15:00:00,89151.89495569897
2024-10-16 15:15:00,89122.25882942104
2024-10-17 09:15:00,89053.52444016201
2024-10-17 09:30:00,88730.56207608519
2024-10-17 09:45:00,88680.57342935135
2024-10-17 10:00:00,88592.42791297293
2024-10-17 10:15:00,88592.42791297293
2024-10-17 10:30:00,88592.42791297293
2024-10-17 10:45:00,88592.42791297293
2024-10-17 11:00:00,88592.42791297293
2024-10-17 11:15:00,88592.42791297293
2024-10-17 11:30:00,88592.42791297293
2024-10-17 11:45:00,88592.42791297293
2024-10-17 12:00:00,88592.42791297293
2024-10-17 12:15:00,88592.42791297293
2024-10-17 12:30:00,88592.42791297293
2024-10-17 12:45:00,88592.42791297293
2024-10-17 13:00:00,88592.42791297293
2024-10-17 13:15:00,88592.42791297293
2024-10-17 13:30:00,88592.42791297293
2024-10-17 13:45:00,88592.42791297293
2024-10-17 14:00:00,88592.42791297293
2024-10-17 14:15:00,88592.42791297293
2024-10-17 14:30:00,88592.42791297293
2024-10-17 14:45:00,88592.42791297293
2024-10-17 15:00:00,88592.42791297293
2024-10-17 15:15:00,88592.42791297293
2024-10-18 09:15:00,88592.42791297293
2024-10-18 09:30:00,88592.42791297293
2024-10-18 09:45:00,88592.42791297293
2024-10-18 10:00:00,88592.42791297293
2024-10-18 10:15:00,88592.42791297293
2024-10-18 10:30:00,88592.42791297293
2024-10-18 10:45:00,88592.42791297293
2024-10-18 11:00:00,88592.42791297293
2024-10-18 11:15:00,88592.42791297293
2024-10-18 11:30:00,88592.42791297293
2024-10-18 11:45:00,88592.42791297293
2024-10-18 12:00:00,88592.42791297293
2024-10-18 12:15:00,88592.42791297293
2024-10-18 12:30:00,88541.42467444674
2024-10-18 12:45:00,88512.74287590991
2024-10-18 13:00:00,88435.78301896638
2024-10-18 13:15:00,88555.85464762364
2024-10-18 13:30:00,88603.77641039634
2024-10-18 13:45:00,88604.48900166435
2024-10-18 14:00:00,88614.28713159928
2024-10-18 14:15:00,88644.0378170381
2024-10-18 14:30:00,88583.82385489249
2024-10-18 14:45:00,88632.1019132992
2024-10-18 15:00:00,88513.98991062891
2024-10-18 15:15:00,88584.53644616049
2024-10-21 09:15:00,88691.78143199383
2024-10-21 09:30:00,88262.44519302645
2024-10-21 09:45:00,88159.83205043507
2024-10-21 10:00:00,88375.74720463775
2024-10-21 10:15:00,88373.60943083378
2024-10-21 10:30:00,88425.45044558046
2024-10-21 10:45:00,88442.55263601235
2024-10-21 11:00:00,88391.95865598465
2024-10-21 11:15:00,88354.36946659788
2024-10-21 11:30:00,88236.4356117446
2024-10-21 11:45:00,88149.26699414795
2024-10-21 12:00:00,88149.26699414795
2024-10-21 12:15:00,88149.26699414795
2024-10-21 12:30:00,88149.26699414795
2024-10-21 12:45:00,88149.26699414795
2024-10-21 13:00:00,88149.26699414795
2024-10-21 13:15:00,88149.26699414795
2024-10-21 13:30:00,88149.26699414795
2024-10-21 13:45:00,88149.26699414795
2024-10-21 14:00:00,88149.26699414795
2024-10-21 14:15:00,88149.26699414795
2024-10-21 14:30:00,88149.26699414795
2024-10-21 14:45:00,88149.26699414795
2024-10-21 15:00:00,88149.26699414795
2024-10-21 15:15:00,88149.26699414795
2024-10-22 09:15:00,88149.26699414795
2024-10-22 09:30:00,88149.26699414795
2024-10-22 09:45:00,88149.26699414795
2024-10-22 10:00:00,87703.68355292261
2024-10-22 10:15:00,87281.06812194361
2024-10-22 10:30:00,87388.58177098144
2024-10-22 10:45:00,87565.3505053138
2024-10-22 11:00:00,87603.96331501768
2024-10-22 11:15:00,87486.35365610315
2024-10-22 11:30:00,87397.62868144587
2024-10-22 11:45:00,87397.62868144587
2024-10-22 12:00:00,87397.62868144587
2024-10-22 12:15:00,87397.62868144587
2024-10-22 12:30:00,87397.62868144587
2024-10-22 12:45:00,87397.62868144587
2024-10-22 13:00:00,87397.62868144587
2024-10-22 13:15:00,87397.62868144587
2024-10-22 13:30:00,87397.62868144587
2024-10-22 13:45:00,87397.62868144587
2024-10-22 14:00:00,87397.62868144587
2024-10-22 14:15:00,87397.62868144587
2024-10-22 14:30:00,87397.62868144587
2024-10-22 14:45:00,87397.62868144587
2024-10-22 15:00:00,87397.62868144587
2024-10-22 15:15:00,87397.62868144587
2024-10-23 09:15:00,87397.62868144587
2024-10-23 09:30:00,87397.62868144587
2024-10-23 09:45:00,87397.62868144587
2024-10-23 10:00:00,87397.62868144587
2024-10-23 10:15:00,87397.62868144587
2024-10-23 10:30:00,87397.62868144587
2024-10-23 10:45:00,87397.62868144587
2024-10-23 11:00:00,87397.62868144587
2024-10-23 11:15:00,87397.62868144587
2024-10-23 11:30:00,87397.62868144587
2024-10-23 11:45:00,87308.45516235936
2024-10-23 12:00:00,87158.39242313126
2024-10-23 12:15:00,87137.969683473
2024-10-23 12:30:00,87219.30546402503
2024-10-23 12:45:00,87224.98831332126
2024-10-23 13:00:00,87186.27390249082
2024-10-23 13:15:00,87175.97373814143
2024-10-23 13:30:00,87174.19784773636
2024-10-23 13:45:00,87125.89362871856
2024-10-23 14:00:00,86966.77384842462
2024-10-23 14:15:00,86861.10836932318
2024-10-23 14:30:00,86774.42467240532
2024-10-23 14:45:00,86774.42467240532
2024-10-23 15:00:00,86774.42467240532
2024-10-23 15:15:00,86774.42467240532
2024-10-24 09:15:00,86774.42467240532
2024-10-24 09:30:00,86774.42467240532
2024-10-24 09:45:00,86774.42467240532
2024-10-24 10:00:00,86774.42467240532
2024-10-24 10:15:00,86774.42467240532
2024-10-24 10:30:00,86774.42467240532
2024-10-24 10:45:00,86774.42467240532
2024-10-24 11:00:00,86774.42467240532
2024-10-24 11:15:00,86774.42467240532
2024-10-24 11:30:00,86774.42467240532
2024-10-24 11:45:00,86774.42467240532
2024-10-24 12:00:00,86774.42467240532
2024-10-24 12:15:00,86774.42467240532
2024-10-24 12:30:00,86774.42467240532
2024-10-24 12:45:00,86774.42467240532
2024-10-24 13:00:00,86774.42467240532
2024-10-24 13:15:00,86774.42467240532
2024-10-24 13:30:00,86774.42467240532
2024-10-24 13:45:00,86774.42467240532
2024-10-24 14:00:00,86774.42467240532
2024-10-24 14:15:00,86774.42467240532
2024-10-24 14:30:00,86774.42467240532
2024-10-24 14:45:00,86774.42467240532
2024-10-24 15:00:00,86774.42467240532
2024-10-24 15:15:00,86774.42467240532
2024-10-25 09:15:00,86774.42467240532
2024-10-25 09:30:00,86774.42467240532
2024-10-25 09:45:00,86774.42467240532
2024-10-25 10:00:00,86774.42467240532
2024-10-25 10:15:00,86774.42467240532
2024-10-25 10:30:00,86774.42467240532
2024-10-25 10:45:00,86774.42467240532
2024-10-25 11:00:00,86774.42467240532
2024-10-25 11:15:00,86774.42467240532
2024-10-25 11:30:00,86774.42467240532
2024-10-25 11:45:00,86774.42467240532
2024-10-25 12:00:00,86774.42467240532
2024-10-25 12:15:00,86774.42467240532
2024-10-25 12:30:00,86774.42467240532
2024-10-25 12:45:00,86774.42467240532
2024-10-25 13:00:00,86774.42467240532
2024-10-25 13:15:00,86774.42467240532
2024-10-25 13:30:00,86774.42467240532
2024-10-25 13:45:00,86774.42467240532
2024-10-25 14:00:00,86774.42467240532
2024-10-25 14:15:00,86774.42467240532
2024-10-25 14:30:00,86774.42467240532
2024-10-25 14:45:00,86774.42467240532
2024-10-25 15:00:00,86774.42467240532
2024-10-25 15:15:00,86774.42467240532
2024-10-28 09:15:00,86561.28862140432
2024-10-28 09:30:00,86322.14879675416
2024-10-28 09:45:00,86819.37375353796
2024-10-28 10:00:00,86833.13591086086
2024-10-28 10:15:00,87137.51193580797
2024-10-28 10:30:00,87289.07439567593
2024-10-28 10:45:00,87225.98294716958
2024-10-28 11:00:00,87217.58266932312
2024-10-28 11:15:00,87239.38764586073
2024-10-28 11:30:00,87319.45837937588
2024-10-28 11:45:00,87286.39345593771
2024-10-28 12:00:00,87507.66034899966
2024-10-28 12:15:00,87502.83465747086
2024-10-28 12:30:00,87405.06972168338
2024-10-28 12:45:00,87321.2456725347
2024-10-28 13:00:00,87296.93848557475
2024-10-28 13:15:00,87350.02109239173
2024-10-28 13:30:00,87284.24870414715
2024-10-28 13:45:00,87277.99317809127
2024-10-28 14:00:00,87156.99343123914
2024-10-28 14:15:00,87125.89453027566
2024-10-28 14:30:00,87213.65062437374
2024-10-28 14:45:00,87206.68018105434
2024-10-28 15:00:00,87019.37185800998
2024-10-28 15:15:00,87104.44701236981
2024-10-29 09:15:00,86728.40053175403
2024-10-29 09:30:00,86636.49416421186
2024-10-29 09:45:00,86636.49416421186
2024-10-29 10:00:00,86636.49416421186
2024-10-29 10:15:00,86636.49416421186
2024-10-29 10:30:00,86636.49416421186
2024-10-29 10:45:00,86636.49416421186
2024-10-29 11:00:00,86636.49416421186
2024-10-29 11:15:00,86636.49416421186
2024-10-29 11:30:00,86636.49416421186
2024-10-29 11:45:00,86636.49416421186
2024-10-29 12:00:00,86636.49416421186
2024-10-29 12:15:00,86482.34524690546
2024-10-29 12:30:00,86586.73120986411
2024-10-29 12:45:00,86650.68097215449
2024-10-29 13:00:00,86655.66869734704
2024-10-29 13:15:00,86603.47571586772
2024-10-29 13:30:00,86573.54936471234
2024-10-29 13:45:00,86649.25590781376
2024-10-29 14:00:00,86991.27134958956
2024-10-29 14:15:00,86991.27134958956
2024-10-29 14:30:00,87050.23338668737
2024-10-29 14:45:00,87089.42265605752
2024-10-29 15:00:00,87193.45235293098
2024-10-29 15:15:00,87121.3084706814
2024-10-30 09:15:00,86871.20967888283
2024-10-30 09:30:00,86932.66557857693
2024-10-30 09:45:00,86940.32529940837
2024-10-30 10:00:00,86993.94334522843
2024-10-30 10:15:00,86951.19141500645
2024-10-30 10:30:00,86940.14716636579
2024-10-30 10:45:00,87085.32559607792
2024-10-30 11:00:00,87061.27763532806
2024-10-30 11:15:00,87085.14746303533
2024-10-30 11:30:00,87110.26422204076
2024-10-30 11:45:00,87096.19171167603
2024-10-30 12:00:00,87069.64988832988
2024-10-30 12:15:00,87068.22482398913
2024-10-30 12:30:00,87110.97675421112
2024-10-30 12:45:00,87142.50630274984
2024-10-30 13:00:00,87032.59821547083
2024-10-30 13:15:00,86875.84113799025
2024-10-30 13:30:00,86818.83856436095
2024-10-30 13:45:00,86805.65671920919
2024-10-30 14:00:00,86658.51882602855
2024-10-30 14:15:00,86567.94529919245
2024-10-30 14:30:00,86567.94529919245
2024-10-30 14:45:00,86567.94529919245
2024-10-30 15:00:00,86567.94529919245
2024-10-30 15:15:00,86567.94529919245
2024-10-31 09:15:00,86567.94529919245
2024-10-31 09:30:00,86567.94529919245
2024-10-31 09:45:00,86567.94529919245
2024-10-31 10:00:00,86567.94529919245
2024-10-31 10:15:00,86567.94529919245
2024-10-31 10:30:00,86567.94529919245
2024-10-31 10:45:00,86567.94529919245
2024-10-31 11:00:00,86567.94529919245
2024-10-31 11:15:00,86567.94529919245
2024-10-31 11:30:00,86567.94529919245
2024-10-31 11:45:00,86567.94529919245
2024-10-31 12:00:00,86567.94529919245
2024-10-31 12:15:00,86567.94529919245
2024-10-31 12:30:00,86567.94529919245
2024-10-31 12:45:00,86567.94529919245
2024-10-31 13:00:00,86567.94529919245
2024-10-31 13:15:00,86567.94529919245
2024-10-31 13:30:00,86567.94529919245
2024-10-31 13:45:00,86567.94529919245
2024-10-31 14:00:00,86567.94529919245
2024-10-31 14:15:00,86567.94529919245
2024-10-31 14:30:00,86567.94529919245
2024-10-31 14:45:00,86567.94529919245
2024-10-31 15:00:00,86567.94529919245
2024-10-31 15:15:00,86567.94529919245
2024-11-01 18:00:00,86567.94529919245
2024-11-01 18:15:00,86567.94529919245
2024-11-01 18:30:00,86567.94529919245
2024-11-01 18:45:00,86567.94529919245
2024-11-04 09:15:00,86567.94529919245
2024-11-04 09:30:00,86567.94529919245
2024-11-04 09:45:00,86567.94529919245
2024-11-04 10:00:00,86567.94529919245
2024-11-04 10:15:00,86567.94529919245
2024-11-04 10:30:00,86567.94529919245
2024-11-04 10:45:00,86567.94529919245
2024-11-04 11:00:00,86567.94529919245
2024-11-04 11:15:00,86567.94529919245
2024-11-04 11:30:00,86567.94529919245
2024-11-04 11:45:00,86567.94529919245
2024-11-04 12:00:00,86567.94529919245
2024-11-04 12:15:00,86567.94529919245
2024-11-04 12:30:00,86567.94529919245
2024-11-04 12:45:00,86567.94529919245
2024-11-04 13:00:00,86567.94529919245
2024-11-04 13:15:00,86567.94529919245
2024-11-04 13:30:00,86567.94529919245
2024-11-04 13:45:00,86567.94529919245
2024-11-04 14:00:00,86567.94529919245
2024-11-04 14:15:00,86567.94529919245
2024-11-04 14:30:00,86567.94529919245
2024-11-04 14:45:00,86551.23861166033
2024-11-04 15:00:00,86639.15187401837
2024-11-04 15:15:00,86616.94790837147
2024-11-05 09:15:00,86590.77250171456
2024-11-05 09:30:00,86500.33195871378
2024-11-05 09:45:00,86644.56747539566
2024-11-05 10:00:00,86541.12948908938
2024-11-05 10:15:00,86732.3002177078
2024-11-05 10:30:00,86537.51908817118
2024-11-05 10:45:00,86586.44002061272
2024-11-05 11:00:00,86584.45430010771
2024-11-05 11:15:00,86402.30957378476
2024-11-05 11:30:00,86170.70235488254
2024-11-05 11:45:00,86155.17763093431
2024-11-05 12:00:00,86196.51672144765
2024-11-05 12:15:00,86214.02716590089
2024-11-05 12:30:00,86318.54827248263
2024-11-05 12:45:00,86356.27696207777
2024-11-05 13:00:00,86342.91847868044
2024-11-05 13:15:00,86826.53168167267
2024-11-05 13:30:00,86914.4449440307
2024-11-05 13:45:00,87100.56111136368
2024-11-05 14:00:00,87242.08882735693
2024-11-05 14:15:00,87346.79045398459
2024-11-05 14:30:00,87380.006142432
2024-11-05 14:45:00,87333.25145054137
2024-11-05 15:00:00,87399.50230739026
2024-11-05 15:15:00,87365.02297862149
2024-11-06 09:15:00,87894.4882732748
2024-11-06 09:30:00,87900.26491474392
2024-11-06 09:45:00,87934.20268337496
2024-11-06 10:00:00,88018.86658490665
2024-11-06 10:15:00,87822.28025491092
2024-11-06 10:30:00,87730.75659163468
2024-11-06 10:45:00,87953.69884833322
2024-11-06 11:00:00,87982.04049554105
2024-11-06 11:15:00,87956.40664902187
2024-11-06 11:30:00,88063.99659638407
2024-11-06 11:45:00,88223.39579692238
2024-11-06 12:00:00,88177.72422530722
2024-11-06 12:15:00,88189.45802829135
2024-11-06 12:30:00,88173.39174420538
2024-11-06 12:45:00,88206.96847274459
2024-11-06 13:00:00,88300.47785652585
2024-11-06 13:15:00,88288.74405354171
2024-11-06 13:30:00,88329.72210396323
2024-11-06 13:45:00,88412.76132508172
2024-11-06 14:00:00,88399.58336173031
2024-11-06 14:15:00,88533.70975584126
2024-11-06 14:30:00,88349.57930901332
2024-11-06 14:45:00,88328.27794359598
2024-11-06 15:00:00,88352.46762974789
2024-11-06 15:15:00,88432.79905017772
2024-11-07 09:15:00,87926.62084144678
2024-11-07 09:30:00,87960.73913012374
2024-11-07 09:45:00,87659.81221359217
2024-11-07 10:00:00,87572.33274090444
2024-11-07 10:15:00,87572.33274090444
2024-11-07 10:30:00,87572.33274090444
2024-11-07 10:45:00,87572.33274090444
2024-11-07 11:00:00,87572.33274090444
2024-11-07 11:15:00,87572.33274090444
2024-11-07 11:30:00,87572.33274090444
2024-11-07 11:45:00,87572.33274090444
2024-11-07 12:00:00,87572.33274090444
2024-11-07 12:15:00,87572.33274090444
2024-11-07 12:30:00,87572.33274090444
2024-11-07 12:45:00,87572.33274090444
2024-11-07 13:00:00,87572.33274090444
2024-11-07 13:15:00,87572.33274090444
2024-11-07 13:30:00,87572.33274090444
2024-11-07 13:45:00,87572.33274090444
2024-11-07 14:00:00,87572.33274090444
2024-11-07 14:15:00,87572.33274090444
2024-11-07 14:30:00,87572.33274090444
2024-11-07 14:45:00,87572.33274090444
2024-11-07 15:00:00,87572.33274090444
2024-11-07 15:15:00,87572.33274090444
2024-11-08 09:15:00,87572.33274090444
2024-11-08 09:30:00,87572.33274090444
2024-11-08 09:45:00,87572.33274090444
2024-11-08 10:00:00,87572.33274090444
2024-11-08 10:15:00,87572.33274090444
2024-11-08 10:30:00,87572.33274090444
2024-11-08 10:45:00,87572.33274090444
2024-11-08 11:00:00,87572.33274090444
2024-11-08 11:15:00,87572.33274090444
2024-11-08 11:30:00,87572.33274090444
2024-11-08 11:45:00,87572.33274090444
2024-11-08 12:00:00,87572.33274090444
2024-11-08 12:15:00,87572.33274090444
2024-11-08 12:30:00,87572.33274090444
2024-11-08 12:45:00,87572.33274090444
2024-11-08 13:00:00,87572.33274090444
2024-11-08 13:15:00,87572.33274090444
2024-11-08 13:30:00,87572.33274090444
2024-11-08 13:45:00,87572.33274090444
2024-11-08 14:00:00,87572.33274090444
2024-11-08 14:15:00,87572.33274090444
2024-11-08 14:30:00,87572.33274090444
2024-11-08 14:45:00,87572.33274090444
2024-11-08 15:00:00,87572.33274090444
2024-11-08 15:15:00,87572.33274090444
2024-11-11 09:15:00,87572.33274090444
2024-11-11 09:30:00,87572.33274090444
2024-11-11 09:45:00,87572.33274090444
2024-11-11 10:00:00,87572.33274090444
2024-11-11 10:15:00,87572.33274090444
2024-11-11 10:30:00,87572.33274090444
2024-11-11 10:45:00,87582.57669840046
2024-11-11 11:00:00,87744.6413268742
2024-11-11 11:15:00,87750.59693126132
2024-11-11 11:30:00,87824.22985822933
2024-11-11 11:45:00,87666.31610554055
2024-11-11 12:00:00,87542.33125057233
2024-11-11 12:15:00,87453.53860334618
2024-11-11 12:30:00,87509.30471715286
2024-11-11 12:45:00,87468.69832360432
2024-11-11 13:00:00,87430.43807723856
2024-11-11 13:15:00,87344.99085542225
2024-11-11 13:30:00,87344.99085542225
2024-11-11 13:45:00,87344.99085542225
2024-11-11 14:00:00,87344.99085542225
2024-11-11 14:15:00,87344.99085542225
2024-11-11 14:30:00,87344.99085542225
2024-11-11 14:45:00,87344.99085542225
2024-11-11 15:00:00,87344.99085542225
2024-11-11 15:15:00,87344.99085542225
2024-11-12 09:15:00,87344.99085542225
2024-11-12 09:30:00,87344.99085542225
2024-11-12 09:45:00,87344.99085542225
2024-11-12 10:00:00,87344.99085542225
2024-11-12 10:15:00,87344.99085542225
2024-11-12 10:30:00,87344.99085542225
2024-11-12 10:45:00,87344.99085542225
2024-11-12 11:00:00,87344.99085542225
2024-11-12 11:15:00,87344.99085542225
2024-11-12 11:30:00,87344.99085542225
2024-11-12 11:45:00,87344.99085542225
2024-11-12 12:00:00,87344.99085542225
2024-11-12 12:15:00,87344.99085542225
2024-11-12 12:30:00,87344.99085542225
2024-11-12 12:45:00,87344.99085542225
2024-11-12 13:00:00,87344.99085542225
2024-11-12 13:15:00,87344.99085542225
2024-11-12 13:30:00,87344.99085542225
2024-11-12 13:45:00,87344.99085542225
2024-11-12 14:00:00,87344.99085542225
2024-11-12 14:15:00,87344.99085542225
2024-11-12 14:30:00,87344.99085542225
2024-11-12 14:45:00,87344.99085542225
2024-11-12 15:00:00,87344.99085542225
2024-11-12 15:15:00,87344.99085542225
2024-11-13 09:15:00,87344.99085542225
2024-11-13 09:30:00,87344.99085542225
2024-11-13 09:45:00,87344.99085542225
2024-11-13 10:00:00,87344.99085542225
2024-11-13 10:15:00,87344.99085542225
2024-11-13 10:30:00,87344.99085542225
2024-11-13 10:45:00,87344.99085542225
2024-11-13 11:00:00,87344.99085542225
2024-11-13 11:15:00,87344.99085542225
2024-11-13 11:30:00,87344.99085542225
2024-11-13 11:45:00,87344.99085542225
2024-11-13 12:00:00,87344.99085542225
2024-11-13 12:15:00,87344.99085542225
2024-11-13 12:30:00,87344.99085542225
2024-11-13 12:45:00,87344.99085542225
2024-11-13 13:00:00,87344.99085542225
2024-11-13 13:15:00,87344.99085542225
2024-11-13 13:30:00,87344.99085542225
2024-11-13 13:45:00,87344.99085542225
2024-11-13 14:00:00,87344.99085542225
2024-11-13 14:15:00,87344.99085542225
2024-11-13 14:30:00,87344.99085542225
2024-11-13 14:45:00,87344.99085542225
2024-11-13 15:00:00,87344.99085542225
2024-11-13 15:15:00,87344.99085542225
2024-11-14 09:15:00,87344.99085542225
2024-11-14 09:30:00,87344.99085542225
2024-11-14 09:45:00,87344.99085542225
2024-11-14 10:00:00,87344.99085542225
2024-11-14 10:15:00,87344.99085542225
2024-11-14 10:30:00,87344.99085542225
2024-11-14 10:45:00,87344.99085542225
2024-11-14 11:00:00,87344.99085542225
2024-11-14 11:15:00,87344.99085542225
2024-11-14 11:30:00,87344.99085542225
2024-11-14 11:45:00,87344.99085542225
2024-11-14 12:00:00,87344.99085542225
2024-11-14 12:15:00,87344.99085542225
2024-11-14 12:30:00,87344.99085542225
2024-11-14 12:45:00,87344.99085542225
2024-11-14 13:00:00,87344.99085542225
2024-11-14 13:15:00,87344.99085542225
2024-11-14 13:30:00,87123.57796829498
2024-11-14 13:45:00,87151.72481944597
2024-11-14 14:00:00,87213.20346801262
2024-11-14 14:15:00,87158.02082562448
2024-11-14 14:30:00,87168.94624811072
2024-11-14 14:45:00,87138.3921004797
2024-11-14 15:00:00,87181.72343712005
2024-11-14 15:15:00,87253.75715486832
2024-11-18 09:15:00,86930.43871993649
2024-11-18 09:30:00,86545.4564597857
2024-11-18 09:45:00,86684.33894901759
2024-11-18 10:00:00,86847.8499330066
2024-11-18 10:15:00,86685.26483227912
2024-11-18 10:30:00,86552.86352587806
2024-11-18 10:45:00,86465.57069644956
2024-11-18 11:00:00,86465.57069644956
2024-11-18 11:15:00,86465.57069644956
2024-11-18 11:30:00,86465.57069644956
2024-11-18 11:45:00,86465.57069644956
2024-11-18 12:00:00,86465.57069644956
2024-11-18 12:15:00,86617.70161932912
2024-11-18 12:30:00,86555.89096255075
2024-11-18 12:45:00,86389.03898130674
2024-11-18 13:00:00,86432.45360928205
2024-11-18 13:15:00,86312.69546177394
2024-11-18 13:30:00,86327.4122848164
2024-11-18 13:45:00,86433.37341072218
2024-11-18 14:00:00,86405.04352636542
2024-11-18 14:15:00,86252.35648729981
2024-11-18 14:30:00,86229.54541158398
2024-11-18 14:45:00,86277.55904676004
2024-11-18 15:00:00,86290.4362669222
2024-11-18 15:15:00,86333.66693460946
2024-11-19 09:15:00,87064.17323837998
2024-11-19 09:30:00,87206.74246160389
2024-11-19 09:45:00,87107.7718266433
2024-11-19 10:00:00,87167.19099967726
2024-11-19 10:15:00,87357.22197721314
2024-11-19 10:30:00,87244.27036036219
2024-11-19 10:45:00,87248.31748669887
2024-11-19 11:00:00,87330.54773544865
2024-11-19 11:15:00,87413.88174592664
2024-11-19 11:30:00,87462.07934139072
2024-11-19 11:45:00,87389.41502761854
2024-11-19 12:00:00,87378.74533091274
2024-11-19 12:15:00,87367.52375334287
2024-11-19 12:30:00,87317.67051528652
2024-11-19 12:45:00,87387.39146445022
2024-11-19 13:00:00,87417.92887226334
2024-11-19 13:15:00,87362.00494470196
2024-11-19 13:30:00,87398.42908173207
2024-11-19 13:45:00,87442.02766999537
2024-11-19 14:00:00,87224.21868896684
2024-11-19 14:15:00,87194.60108259387
2024-11-19 14:30:00,87192.02563856143
2024-11-19 14:45:00,86760.086882265
2024-11-19 15:00:00,86677.00232193759
2024-11-19 15:15:00,86677.00232193759
2024-11-21 09:15:00,86677.00232193759
2024-11-21 09:30:00,86677.00232193759
2024-11-21 09:45:00,86677.00232193759
2024-11-21 10:00:00,86677.00232193759
2024-11-21 10:15:00,86677.00232193759
2024-11-21 10:30:00,86677.00232193759
2024-11-21 10:45:00,86677.00232193759
2024-11-21 11:00:00,86677.00232193759
2024-11-21 11:15:00,86677.00232193759
2024-11-21 11:30:00,86677.00232193759
2024-11-21 11:45:00,86677.00232193759
2024-11-21 12:00:00,86677.00232193759
2024-11-21 12:15:00,86677.00232193759
2024-11-21 12:30:00,86677.00232193759
2024-11-21 12:45:00,86677.00232193759
2024-11-21 13:00:00,86677.00232193759
2024-11-21 13:15:00,86677.00232193759
2024-11-21 13:30:00,86677.00232193759
2024-11-21 13:45:00,86677.00232193759
2024-11-21 14:00:00,86677.00232193759
2024-11-21 14:15:00,86677.00232193759
2024-11-21 14:30:00,86677.00232193759
2024-11-21 14:45:00,86677.00232193759
2024-11-21 15:00:00,86677.00232193759
2024-11-21 15:15:00,86677.00232193759
2024-11-22 09:15:00,86677.00232193759
2024-11-22 09:30:00,86677.00232193759
2024-11-22 09:45:00,86677.00232193759
2024-11-22 10:00:00,86677.00232193759
2024-11-22 10:15:00,86499.42368590274
2024-11-22 10:30:00,86396.21819469739
2024-11-22 10:45:00,86428.35513590902
2024-11-22 11:00:00,86448.37185929227
2024-11-22 11:15:00,86401.54374495531
2024-11-22 11:30:00,86520.72588693445
2024-11-22 11:45:00,86622.27862116319
2024-11-22 12:00:00,86806.83648355
2024-11-22 12:15:00,86812.345673472
2024-11-22 12:30:00,86952.83001648284
2024-11-22 12:45:00,86951.17725950625
2024-11-22 13:00:00,87049.60811944587
2024-11-22 13:15:00,87047.58808314113
2024-11-22 13:30:00,87111.12740690814
2024-11-22 13:45:00,87408.44002303177
2024-11-22 14:00:00,87577.572153637
2024-11-22 14:15:00,87597.40523735617
2024-11-22 14:30:00,87609.3418155205
2024-11-22 14:45:00,87888.47410490154
2024-11-22 15:00:00,87853.58256872892
2024-11-22 15:15:00,87682.43040181897
2024-11-25 09:15:00,89292.21569702566
2024-11-25 09:30:00,89212.14880349267
2024-11-25 09:45:00,89088.55930957592
2024-11-25 10:00:00,89108.39239329511
2024-11-25 10:15:00,89307.8250684713
2024-11-25 10:30:00,89313.15061872923
2024-11-25 10:45:00,89293.13389534598
2024-11-25 11:00:00,89377.24086148842
2024-11-25 11:15:00,89325.82175554981
2024-11-25 11:30:00,89267.60798204073
2024-11-25 11:45:00,89176.70634832783
2024-11-25 12:00:00,89262.46607144688
2024-11-25 12:15:00,89185.1537728749
2024-11-25 12:30:00,89193.60119742196
2024-11-25 12:45:00,88727.34009035717
2024-11-25 13:00:00,88636.22782194958
2024-11-25 13:15:00,88636.22782194958
2024-11-25 13:30:00,88636.22782194958
2024-11-25 13:45:00,88636.22782194958
2024-11-25 14:00:00,88636.22782194958
2024-11-25 14:15:00,88636.22782194958
2024-11-25 14:30:00,88636.22782194958
2024-11-25 14:45:00,88636.22782194958
2024-11-25 15:00:00,88636.22782194958
2024-11-25 15:15:00,88636.22782194958
2024-11-26 09:15:00,88636.22782194958
2024-11-26 09:30:00,88382.74768325465
2024-11-26 09:45:00,88193.86024063003
2024-11-26 10:00:00,88292.40229121818
2024-11-26 10:15:00,88164.1701218761
2024-11-26 10:30:00,88176.73833165536
2024-11-26 10:45:00,88229.0147984184
2024-11-26 11:00:00,88200.05327153574
2024-11-26 11:15:00,88186.75646988522
2024-11-26 11:30:00,88248.14033503902
2024-11-26 11:45:00,88162.53079016575
2024-11-26 12:00:00,88113.71513479121
2024-11-26 12:15:00,87970.36468412045
2024-11-26 12:30:00,87876.9353448409
2024-11-26 12:45:00,87876.9353448409
2024-11-26 13:00:00,87876.9353448409
2024-11-26 13:15:00,87876.9353448409
2024-11-26 13:30:00,87876.9353448409
2024-11-26 13:45:00,87876.9353448409
2024-11-26 14:00:00,87876.9353448409
2024-11-26 14:15:00,87876.9353448409
2024-11-26 14:30:00,87876.9353448409
2024-11-26 14:45:00,87876.9353448409
2024-11-26 15:00:00,87876.9353448409
2024-11-26 15:15:00,87876.9353448409
2024-11-27 09:15:00,87876.9353448409
2024-11-27 09:30:00,87876.9353448409
2024-11-27 09:45:00,87876.9353448409
2024-11-27 10:00:00,87876.9353448409
2024-11-27 10:15:00,87876.9353448409
2024-11-27 10:30:00,87876.9353448409
2024-11-27 10:45:00,87876.9353448409
2024-11-27 11:00:00,87876.9353448409
2024-11-27 11:15:00,87876.9353448409
2024-11-27 11:30:00,87876.9353448409
2024-11-27 11:45:00,87876.9353448409
2024-11-27 12:00:00,87876.9353448409
2024-11-27 12:15:00,87876.9353448409
2024-11-27 12:30:00,87876.9353448409
2024-11-27 12:45:00,87846.52439969822
2024-11-27 13:00:00,87902.90612593431
2024-11-27 13:15:00,87908.86957774773
2024-11-27 13:30:00,87934.16907028956
2024-11-27 13:45:00,87863.14978051142
2024-11-27 14:00:00,87781.4685617335
2024-11-27 14:15:00,87847.78937432532
2024-11-27 14:30:00,87779.48074446237
2024-11-27 14:45:00,87798.45536386874
2024-11-27 15:00:00,87731.7731299549
2024-11-27 15:15:00,87640.79181771862
2024-11-28 09:15:00,87640.79181771862
2024-11-28 09:30:00,87640.79181771862
2024-11-28 09:45:00,87640.79181771862
2024-11-28 10:00:00,87640.79181771862
2024-11-28 10:15:00,87640.79181771862
2024-11-28 10:30:00,87640.79181771862
2024-11-28 10:45:00,87640.79181771862
2024-11-28 11:00:00,87640.79181771862
2024-11-28 11:15:00,87640.79181771862
2024-11-28 11:30:00,87640.79181771862
2024-11-28 11:45:00,87640.79181771862
2024-11-28 12:00:00,87640.79181771862
2024-11-28 12:15:00,87640.79181771862
2024-11-28 12:30:00,87640.79181771862
2024-11-28 12:45:00,87640.79181771862
2024-11-28 13:00:00,87640.79181771862
2024-11-28 13:15:00,87640.79181771862
2024-11-28 13:30:00,87640.79181771862
2024-11-28 13:45:00,87640.79181771862
2024-11-28 14:00:00,87640.79181771862
2024-11-28 14:15:00,87640.79181771862
2024-11-28 14:30:00,87640.79181771862
2024-11-28 14:45:00,87640.79181771862
2024-11-28 15:00:00,87640.79181771862
2024-11-28 15:15:00,87640.79181771862
2024-11-29 09:15:00,87640.79181771862
2024-11-29 09:30:00,87640.79181771862
2024-11-29 09:45:00,87640.79181771862
2024-11-29 10:00:00,87212.76327487399
2024-11-29 10:15:00,87459.82183494592
2024-11-29 10:30:00,87625.19461190126
2024-11-29 10:45:00,87798.57223174555
2024-11-29 11:00:00,87765.46129070499
2024-11-29 11:15:00,87805.84936164458
2024-11-29 11:30:00,87701.24061934608
2024-11-29 11:45:00,87623.55725767398
2024-11-29 12:00:00,87762.91429524033
2024-11-29 12:15:00,87723.98165028055
2024-11-29 12:30:00,87711.6105294522
2024-11-29 12:45:00,87782.01676122528
2024-11-29 13:00:00,87756.00102183626
2024-11-29 13:15:00,87823.86025814469
2024-11-29 13:30:00,87856.97119918525
2024-11-29 13:45:00,87852.78684949332
2024-11-29 14:00:00,87716.70452038154
2024-11-29 14:15:00,87838.5964461902
2024-11-29 14:30:00,87914.64245363502
2024-11-29 14:45:00,87872.9808849631
2024-11-29 15:00:00,87788.56617813438
2024-11-29 15:15:00,87775.46734431613
2024-12-02 09:15:00,87451.453135562
2024-12-02 09:30:00,87764.18779297265
2024-12-02 09:45:00,87820.76747793757
2024-12-02 10:00:00,87756.18295008372
2024-12-02 10:15:00,87922.64729652394
2024-12-02 10:30:00,87769.8275686444
2024-12-02 10:45:00,87734.89734512908
2024-12-02 11:00:00,87801.48308370516
2024-12-02 11:15:00,87861.7013336196
2024-12-02 11:30:00,87890.44599672075
2024-12-02 11:45:00,87851.51335176096
2024-12-02 12:00:00,87837.14102021039
2024-12-02 12:15:00,88004.15115139303
2024-12-02 12:30:00,87948.84496416044
2024-12-02 12:45:00,88003.42343840313
2024-12-02 13:00:00,87915.73402311988
2024-12-02 13:15:00,87862.24711836204
2024-12-02 13:30:00,87981.59204870606
2024-12-02 13:45:00,88149.14796463112
2024-12-02 14:00:00,88231.5614607376
2024-12-02 14:15:00,88284.68450900048
2024-12-02 14:30:00,88394.3872422283
2024-12-02 14:45:00,88279.95437456612
2024-12-02 15:00:00,88328.16536014716
2024-12-02 15:15:00,88327.07379066231
2024-12-03 09:15:00,88417.31020141022
2024-12-03 09:30:00,88481.16701627416
2024-12-03 09:45:00,88554.8479565018
2024-12-03 10:00:00,88551.57324804725
2024-12-03 10:15:00,88764.61122584122
2024-12-03 10:30:00,88808.0920769879
2024-12-03 10:45:00,88814.45956564954
2024-12-03 11:00:00,88841.93073101835
2024-12-03 11:15:00,88876.13324154376
2024-12-03 11:30:00,88860.85126875581
2024-12-03 11:45:00,88923.25265763994
2024-12-03 12:00:00,88852.84642586687
2024-12-03 12:15:00,88788.98961100292
2024-12-03 12:30:00,88917.79481021567
2024-12-03 12:45:00,88884.50194092763
2024-12-03 13:00:00,88825.19333225056
2024-12-03 13:15:00,88854.84763658908
2024-12-03 13:30:00,88953.81660321583
2024-12-03 13:45:00,89001.48180405445
2024-12-03 14:00:00,89005.6661537464
2024-12-03 14:15:00,89036.41202756978
2024-12-03 14:30:00,88982.56126631699
2024-12-03 14:45:00,88983.28897930688
2024-12-03 15:00:00,89004.21072776658
2024-12-03 15:15:00,88947.81297104913
2024-12-04 09:15:00,89204.14987174231
2024-12-04 09:30:00,89371.16000292494
2024-12-04 09:45:00,89310.39596826807
2024-12-04 10:00:00,89300.75377115187
2024-12-04 10:15:00,89265.4596911416
2024-12-04 10:30:00,89253.08857031325
2024-12-04 10:45:00,89268.5524713487
2024-12-04 11:00:00,89252.36085732335
2024-12-04 11:15:00,89299.48027341954
2024-12-04 11:30:00,89293.29471300537
2024-12-04 11:45:00,88831.92467740714
2024-12-04 12:00:00,88961.82144610475
2024-12-04 12:15:00,89127.01229481261
2024-12-04 12:30:00,88926.1635095995
2024-12-04 12:45:00,88839.60004823987
2024-12-04 13:00:00,88839.60004823987
2024-12-04 13:15:00,88839.60004823987
2024-12-04 13:30:00,88839.60004823987
2024-12-04 13:45:00,88839.60004823987
2024-12-04 14:00:00,88839.60004823987
2024-12-04 14:15:00,88839.60004823987
2024-12-04 14:30:00,88839.60004823987
2024-12-04 14:45:00,88839.60004823987
2024-12-04 15:00:00,88839.60004823987
2024-12-04 15:15:00,88839.60004823987
2024-12-05 09:15:00,88839.60004823987
2024-12-05 09:30:00,88839.60004823987
2024-12-05 09:45:00,88839.60004823987
2024-12-05 10:00:00,88839.60004823987
2024-12-05 10:15:00,88839.60004823987
2024-12-05 10:30:00,88839.60004823987
2024-12-05 10:45:00,88839.60004823987
2024-12-05 11:00:00,88839.60004823987
2024-12-05 11:15:00,88839.60004823987
2024-12-05 11:30:00,88839.60004823987
2024-12-05 11:45:00,88839.60004823987
2024-12-05 12:00:00,88839.60004823987
2024-12-05 12:15:00,88839.60004823987
2024-12-05 12:30:00,88706.40012523162
2024-12-05 12:45:00,88701.71163581309
2024-12-05 13:00:00,88832.80901301601
2024-12-05 13:15:00,88650.13825220917
2024-12-05 13:30:00,88902.23472171357
2024-12-05 13:45:00,88953.98843183358
2024-12-05 14:00:00,89214.01926804628
2024-12-05 14:15:00,89541.85287431166
2024-12-05 14:30:00,89493.88602102971
2024-12-05 14:45:00,88440.41851398771
2024-12-05 15:00:00,89265.23199861798
2024-12-05 15:15:00,89086.88907419749
2024-12-06 09:15:00,89101.67584851751
2024-12-06 09:30:00,89173.98678147263
2024-12-06 09:45:00,89035.31569059359
2024-12-06 10:00:00,88904.03798687455
2024-12-06 10:15:00,89157.57706850773
2024-12-06 10:30:00,89168.93763902187
2024-12-06 10:45:00,89125.65927515845
2024-12-06 11:00:00,89107.8069500648
2024-12-06 11:15:00,89003.39789724431
2024-12-06 11:30:00,89037.47960878674
2024-12-06 11:45:00,89104.02009322675
2024-12-06 12:00:00,89088.15135981017
2024-12-06 12:15:00,89120.24947967553
2024-12-06 12:30:00,89120.24947967553
2024-12-06 12:45:00,89115.560990257
2024-12-06 13:00:00,89110.33152129017
2024-12-06 13:15:00,89025.3977322082
2024-12-06 13:30:00,89034.23373149699
2024-12-06 13:45:00,89020.34858975747
2024-12-06 14:00:00,89055.5122603965
2024-12-06 14:15:00,89001.05365253503
2024-12-06 14:30:00,89009.34867227552
2024-12-06 14:45:00,89001.77495859943
2024-12-06 15:00:00,89030.44687465894
2024-12-06 15:15:00,88969.49651221796
2024-12-09 09:15:00,88946.95569770577
2024-12-09 09:30:00,88880.95619281406
2024-12-09 09:45:00,88826.49758495258
2024-12-09 10:00:00,88734.42845595516
2024-12-09 10:15:00,88734.42845595516
2024-12-09 10:30:00,88734.42845595516
2024-12-09 10:45:00,88734.42845595516
2024-12-09 11:00:00,88734.42845595516
2024-12-09 11:15:00,88734.42845595516
2024-12-09 11:30:00,88734.42845595516
2024-12-09 11:45:00,88609.60722917388
2024-12-09 12:00:00,88544.43554861624
2024-12-09 12:15:00,88553.77143674021
2024-12-09 12:30:00,88440.48402508213
2024-12-09 12:45:00,88473.8777787563
2024-12-09 13:00:00,88513.01669435292
2024-12-09 13:15:00,88461.1307007409
2024-12-09 13:30:00,88478.00711388807
2024-12-09 13:45:00,88430.2504554078
2024-12-09 14:00:00,88387.52081360966
2024-12-09 14:15:00,88299.85071989112
2024-12-09 14:30:00,88299.85071989112
2024-12-09 14:45:00,88299.85071989112
2024-12-09 15:00:00,88299.85071989112
2024-12-09 15:15:00,88299.85071989112
2024-12-10 09:15:00,88299.85071989112
2024-12-10 09:30:00,88299.85071989112
2024-12-10 09:45:00,88299.85071989112
2024-12-10 10:00:00,88299.85071989112
2024-12-10 10:15:00,88299.85071989112
2024-12-10 10:30:00,88299.85071989112
2024-12-10 10:45:00,88299.85071989112
2024-12-10 11:00:00,88299.85071989112
2024-12-10 11:15:00,88299.85071989112
2024-12-10 11:30:00,88299.85071989112
2024-12-10 11:45:00,88111.55176768644
2024-12-10 12:00:00,88087.93838415155
2024-12-10 12:15:00,87982.93038312905
2024-12-10 12:30:00,87851.98343807201
2024-12-10 12:45:00,87765.38242729349
2024-12-10 13:00:00,87765.38242729349
2024-12-10 13:15:00,87765.38242729349
2024-12-10 13:30:00,87765.38242729349
2024-12-10 13:45:00,87765.38242729349
2024-12-10 14:00:00,87765.38242729349
2024-12-10 14:15:00,87765.38242729349
2024-12-10 14:30:00,87765.38242729349
2024-12-10 14:45:00,87765.38242729349
2024-12-10 15:00:00,87765.38242729349
2024-12-10 15:15:00,87765.38242729349
2024-12-11 09:15:00,87765.38242729349
2024-12-11 09:30:00,87765.38242729349
2024-12-11 09:45:00,87765.38242729349
2024-12-11 10:00:00,87765.38242729349
2024-12-11 10:15:00,87765.38242729349
2024-12-11 10:30:00,87724.20668725479
2024-12-11 10:45:00,87684.01867511806
2024-12-11 11:00:00,87677.6170448662
2024-12-11 11:15:00,87695.75499724649
2024-12-11 11:30:00,87779.8653058335
2024-12-11 11:45:00,87742.34463963508
2024-12-11 12:00:00,87708.55825775024
2024-12-11 12:15:00,87678.86180630408
2024-12-11 12:30:00,87633.87257147845
2024-12-11 12:45:00,87617.69067278624
2024-12-11 13:00:00,87687.5751363691
2024-12-11 13:15:00,87694.86588193373
2024-12-11 13:30:00,87674.2384066777
2024-12-11 13:45:00,87657.16739267272
2024-12-11 14:00:00,87673.88276055259
2024-12-11 14:15:00,87648.09841648258
2024-12-11 14:30:00,87610.7555733467
2024-12-11 14:45:00,87619.2910803492
2024-12-11 15:00:00,87668.90371480114
2024-12-11 15:15:00,87593.86238240427
2024-12-12 09:15:00,87417.26825503775
2024-12-12 09:30:00,87417.26825503775
2024-12-12 09:45:00,87417.26825503775
2024-12-12 10:00:00,87417.26825503775
2024-12-12 10:15:00,87417.26825503775
2024-12-12 10:30:00,87417.26825503775
2024-12-12 10:45:00,87417.26825503775
2024-12-12 11:00:00,87417.26825503775
2024-12-12 11:15:00,87417.26825503775
2024-12-12 11:30:00,87417.26825503775
2024-12-12 11:45:00,87417.26825503775
2024-12-12 12:00:00,87417.26825503775
2024-12-12 12:15:00,87417.26825503775
2024-12-12 12:30:00,87417.26825503775
2024-12-12 12:45:00,87417.26825503775
2024-12-12 13:00:00,87417.26825503775
2024-12-12 13:15:00,87417.26825503775
2024-12-12 13:30:00,87417.26825503775
2024-12-12 13:45:00,87417.26825503775
2024-12-12 14:00:00,87417.26825503775
2024-12-12 14:15:00,87417.26825503775
2024-12-12 14:30:00,87417.26825503775
2024-12-12 14:45:00,87417.26825503775
2024-12-12 15:00:00,87417.26825503775
2024-12-12 15:15:00,87417.26825503775
2024-12-13 09:15:00,87417.26825503775
2024-12-13 09:30:00,87417.26825503775
2024-12-13 09:45:00,87417.26825503775
2024-12-13 10:00:00,87417.26825503775
2024-12-13 10:15:00,87417.26825503775
2024-12-13 10:30:00,87417.26825503775
2024-12-13 10:45:00,87417.26825503775
2024-12-13 11:00:00,87417.26825503775
2024-12-13 11:15:00,87417.26825503775
2024-12-13 11:30:00,87417.26825503775
2024-12-13 11:45:00,87417.26825503775
2024-12-13 12:00:00,87417.26825503775
2024-12-13 12:15:00,87412.51957392786
2024-12-13 12:30:00,87216.07056576572
2024-12-13 12:45:00,87592.07930084529
2024-12-13 13:00:00,87611.45752879976
2024-12-13 13:15:00,87695.9039350233
2024-12-13 13:30:00,87898.04196423628
2024-12-13 13:45:00,87959.02115862508
2024-12-13 14:00:00,87922.93143133375
2024-12-13 14:15:00,88035.11181518018
2024-12-13 14:30:00,87960.97675961131
2024-12-13 14:45:00,87984.79953526173
2024-12-13 15:00:00,88078.31281878507
2024-12-13 15:15:00,88113.33585462935
2024-12-16 09:15:00,87834.75160504559
2024-12-16 09:30:00,87989.24408295771
2024-12-16 09:45:00,87924.35368659647
2024-12-16 10:00:00,87915.46459120452
2024-12-16 10:15:00,87700.70404653496
2024-12-16 10:30:00,87739.81606625955
2024-12-16 10:45:00,87659.81420773198
2024-12-16 11:00:00,87571.4439770205
2024-12-16 11:15:00,87571.4439770205
2024-12-16 11:30:00,87571.4439770205
2024-12-16 11:45:00,87571.4439770205
2024-12-16 12:00:00,87571.4439770205
2024-12-16 12:15:00,87571.4439770205
2024-12-16 12:30:00,87571.4439770205
2024-12-16 12:45:00,87571.4439770205
2024-12-16 13:00:00,87571.4439770205
2024-12-16 13:15:00,87571.4439770205
2024-12-16 13:30:00,87571.4439770205
2024-12-16 13:45:00,87571.4439770205
2024-12-16 14:00:00,87571.4439770205
2024-12-16 14:15:00,87571.4439770205
2024-12-16 14:30:00,87571.4439770205
2024-12-16 14:45:00,87571.4439770205
2024-12-16 15:00:00,87571.4439770205
2024-12-16 15:15:00,87571.4439770205
2024-12-17 09:15:00,87571.4439770205
2024-12-17 09:30:00,87571.4439770205
2024-12-17 09:45:00,87571.4439770205
2024-12-17 10:00:00,87571.4439770205
2024-12-17 10:15:00,87571.4439770205
2024-12-17 10:30:00,87571.4439770205
2024-12-17 10:45:00,87571.4439770205
2024-12-17 11:00:00,87571.4439770205
2024-12-17 11:15:00,87571.4439770205
2024-12-17 11:30:00,87571.4439770205
2024-12-17 11:45:00,87571.4439770205
2024-12-17 12:00:00,87571.4439770205
2024-12-17 12:15:00,87571.4439770205
2024-12-17 12:30:00,87571.4439770205
2024-12-17 12:45:00,87571.4439770205
2024-12-17 13:00:00,87571.4439770205
2024-12-17 13:15:00,87571.4439770205
2024-12-17 13:30:00,87571.4439770205
2024-12-17 13:45:00,87571.4439770205
2024-12-17 14:00:00,87571.4439770205
2024-12-17 14:15:00,87571.4439770205
2024-12-17 14:30:00,87571.4439770205
2024-12-17 14:45:00,87571.4439770205
2024-12-17 15:00:00,87571.4439770205
2024-12-17 15:15:00,87571.4439770205
2024-12-18 09:15:00,87571.4439770205
2024-12-18 09:30:00,87571.4439770205
2024-12-18 09:45:00,87571.4439770205
2024-12-18 10:00:00,87571.4439770205
2024-12-18 10:15:00,87571.4439770205
2024-12-18 10:30:00,87571.4439770205
2024-12-18 10:45:00,87571.4439770205
2024-12-18 11:00:00,87571.4439770205
2024-12-18 11:15:00,87571.4439770205
2024-12-18 11:30:00,87571.4439770205
2024-12-18 11:45:00,87571.4439770205
2024-12-18 12:00:00,87571.4439770205
2024-12-18 12:15:00,87571.4439770205
2024-12-18 12:30:00,87571.4439770205
2024-12-18 12:45:00,87571.4439770205
2024-12-18 13:00:00,87571.4439770205
2024-12-18 13:15:00,87571.4439770205
2024-12-18 13:30:00,87571.4439770205
2024-12-18 13:45:00,87571.4439770205
2024-12-18 14:00:00,87571.4439770205
2024-12-18 14:15:00,87571.4439770205
2024-12-18 14:30:00,87571.4439770205
2024-12-18 14:45:00,87571.4439770205
2024-12-18 15:00:00,87571.4439770205
2024-12-18 15:15:00,87571.4439770205
2024-12-19 09:15:00,87571.4439770205
2024-12-19 09:30:00,87571.4439770205
2024-12-19 09:45:00,87571.4439770205
2024-12-19 10:00:00,87571.4439770205
2024-12-19 10:15:00,87571.4439770205
2024-12-19 10:30:00,87571.4439770205
2024-12-19 10:45:00,87571.4439770205
2024-12-19 11:00:00,87571.4439770205
2024-12-19 11:15:00,87571.4439770205
2024-12-19 11:30:00,87571.4439770205
2024-12-19 11:45:00,87571.4439770205
2024-12-19 12:00:00,87571.4439770205
2024-12-19 12:15:00,87571.4439770205
2024-12-19 12:30:00,87571.4439770205
2024-12-19 12:45:00,87571.4439770205
2024-12-19 13:00:00,87571.4439770205
2024-12-19 13:15:00,87571.4439770205
2024-12-19 13:30:00,87571.4439770205
2024-12-19 13:45:00,87571.4439770205
2024-12-19 14:00:00,87571.4439770205
2024-12-19 14:15:00,87571.4439770205
2024-12-19 14:30:00,87571.4439770205
2024-12-19 14:45:00,87571.4439770205
2024-12-19 15:00:00,87571.4439770205
2024-12-19 15:15:00,87571.4439770205
2024-12-20 09:15:00,87571.4439770205
2024-12-20 09:30:00,87571.4439770205
2024-12-20 09:45:00,87571.4439770205
2024-12-20 10:00:00,87571.4439770205
2024-12-20 10:15:00,87571.4439770205
2024-12-20 10:30:00,87571.4439770205
2024-12-20 10:45:00,87571.4439770205
2024-12-20 11:00:00,87571.4439770205
2024-12-20 11:15:00,87571.4439770205
2024-12-20 11:30:00,87571.4439770205
2024-12-20 11:45:00,87571.4439770205
2024-12-20 12:00:00,87571.4439770205
2024-12-20 12:15:00,87571.4439770205
2024-12-20 12:30:00,87571.4439770205
2024-12-20 12:45:00,87571.4439770205
2024-12-20 13:00:00,87571.4439770205
2024-12-20 13:15:00,87571.4439770205
2024-12-20 13:30:00,87571.4439770205
2024-12-20 13:45:00,87571.4439770205
2024-12-20 14:00:00,87571.4439770205
2024-12-20 14:15:00,87571.4439770205
2024-12-20 14:30:00,87571.4439770205
2024-12-20 14:45:00,87571.4439770205
2024-12-20 15:00:00,87571.4439770205
2024-12-20 15:15:00,87571.4439770205
2024-12-23 09:15:00,87571.4439770205
2024-12-23 09:30:00,87571.4439770205
2024-12-23 09:45:00,87571.4439770205
2024-12-23 10:00:00,87571.4439770205
2024-12-23 10:15:00,87571.4439770205
2024-12-23 10:30:00,87571.4439770205
2024-12-23 10:45:00,87571.4439770205
2024-12-23 11:00:00,87516.91947056161
2024-12-23 11:15:00,87621.20091784101
2024-12-23 11:30:00,87578.23989906746
2024-12-23 11:45:00,87420.16538127244
2024-12-23 12:00:00,87278.0635499445
2024-12-23 12:15:00,87189.0204127429
2024-12-23 12:30:00,87162.03208043643
2024-12-23 12:45:00,87071.38524879472
2024-12-23 13:00:00,87071.38524879472
2024-12-23 13:15:00,87071.38524879472
2024-12-23 13:30:00,87071.38524879472
2024-12-23 13:45:00,87071.38524879472
2024-12-23 14:00:00,87071.38524879472
2024-12-23 14:15:00,87071.38524879472
2024-12-23 14:30:00,87071.38524879472
2024-12-23 14:45:00,87071.38524879472
2024-12-23 15:00:00,87071.38524879472
2024-12-23 15:15:00,86931.416723182
2024-12-24 09:15:00,86996.2111442506
2024-12-24 09:30:00,86903.22931966626
2024-12-24 09:45:00,87117.0143021751
2024-12-24 10:00:00,87142.45617937435
2024-12-24 10:15:00,87317.98682854044
2024-12-24 10:30:00,87226.1032144827
2024-12-24 10:45:00,87210.91130219825
2024-12-24 11:00:00,87227.93356536033
2024-12-24 11:15:00,87246.78617940006
2024-12-24 11:30:00,87218.23270570881
2024-12-24 11:45:00,87203.4068635999
2024-12-24 12:00:00,87100.17507410076
2024-12-24 12:15:00,87054.96540742296
2024-12-24 12:30:00,87136.23298639037
2024-12-24 12:45:00,87100.5411442763
2024-12-24 13:00:00,87071.07249514622
2024-12-24 13:15:00,87054.96540742295
2024-12-24 13:30:00,86950.63540739723
2024-12-24 13:45:00,86867.1589609907
2024-12-24 14:00:00,86867.1589609907
2024-12-24 14:15:00,86867.1589609907
2024-12-24 14:30:00,86867.1589609907
2024-12-24 14:45:00,86867.1589609907
2024-12-24 15:00:00,86867.1589609907
2024-12-24 15:15:00,86867.1589609907
2024-12-26 09:15:00,86867.1589609907
2024-12-26 09:30:00,86867.1589609907
2024-12-26 09:45:00,86867.1589609907
2024-12-26 10:00:00,86867.1589609907
2024-12-26 10:15:00,86867.1589609907
2024-12-26 10:30:00,86867.1589609907
2024-12-26 10:45:00,86867.1589609907
2024-12-26 11:00:00,86867.1589609907
2024-12-26 11:15:00,86867.1589609907
2024-12-26 11:30:00,86867.1589609907
2024-12-26 11:45:00,86867.1589609907
2024-12-26 12:00:00,86867.1589609907
2024-12-26 12:15:00,86867.1589609907
2024-12-26 12:30:00,86867.1589609907
2024-12-26 12:45:00,86867.1589609907
2024-12-26 13:00:00,86867.1589609907
2024-12-26 13:15:00,86867.1589609907
2024-12-26 13:30:00,86867.1589609907
2024-12-26 13:45:00,86867.1589609907
2024-12-26 14:00:00,86867.1589609907
2024-12-26 14:15:00,86867.1589609907
2024-12-26 14:30:00,86867.1589609907
2024-12-26 14:45:00,86867.1589609907
2024-12-26 15:00:00,86867.1589609907
2024-12-26 15:15:00,86867.1589609907
2024-12-27 09:15:00,86867.1589609907
2024-12-27 09:30:00,86807.57548211838
2024-12-27 09:45:00,87010.92984437928
2024-12-27 10:00:00,87034.7575916567
2024-12-27 10:15:00,86981.64536108408
2024-12-27 10:30:00,86992.55883311955
2024-12-27 10:45:00,86943.44820895995
2024-12-27 11:00:00,86956.90815780369
2024-12-27 11:15:00,86891.60921679146
2024-12-27 11:30:00,86842.13481023068
2024-12-27 11:45:00,86789.38636205926
2024-12-27 12:00:00,86706.04945257562
2024-12-27 12:15:00,86706.04945257562
2024-12-27 12:30:00,86706.04945257562
2024-12-27 12:45:00,86706.04945257562
2024-12-27 13:00:00,86706.04945257562
2024-12-27 13:15:00,86706.04945257562
2024-12-27 13:30:00,86706.04945257562
2024-12-27 13:45:00,86706.04945257562
2024-12-27 14:00:00,86706.04945257562
2024-12-27 14:15:00,86706.04945257562
2024-12-27 14:30:00,86706.04945257562
2024-12-27 14:45:00,86706.04945257562
2024-12-27 15:00:00,86706.04945257562
2024-12-27 15:15:00,86706.04945257562
2024-12-30 09:15:00,86706.04945257562
2024-12-30 09:30:00,86706.04945257562
2024-12-30 09:45:00,86706.04945257562
2024-12-30 10:00:00,86706.04945257562
2024-12-30 10:15:00,86706.04945257562
2024-12-30 10:30:00,86706.04945257562
2024-12-30 10:45:00,86706.04945257562
2024-12-30 11:00:00,86706.04945257562
2024-12-30 11:15:00,86706.04945257562
2024-12-30 11:30:00,86743.60645889523
2024-12-30 11:45:00,86824.08677133248
2024-12-30 12:00:00,86771.22047128905
2024-12-30 12:15:00,86455.29436896763
2024-12-30 12:30:00,86494.53533394833
2024-12-30 12:45:00,86458.01943598018
2024-12-30 13:00:00,86374.45071426204
2024-12-30 13:15:00,86288.43924247385
2024-12-30 13:30:00,86288.43924247385
2024-12-30 13:45:00,86288.43924247385
2024-12-30 14:00:00,86288.43924247385
2024-12-30 14:15:00,86288.43924247385
2024-12-30 14:30:00,86288.43924247385
2024-12-30 14:45:00,86288.43924247385
2024-12-30 15:00:00,86288.43924247385
2024-12-30 15:15:00,86288.43924247385
2024-12-31 09:15:00,86288.43924247385
2024-12-31 09:30:00,86288.43924247385
2024-12-31 09:45:00,86288.43924247385
2024-12-31 10:00:00,86288.43924247385
2024-12-31 10:15:00,86288.43924247385
2024-12-31 10:30:00,86288.43924247385
2024-12-31 10:45:00,86288.43924247385
2024-12-31 11:00:00,86288.43924247385
2024-12-31 11:15:00,86288.43924247385
2024-12-31 11:30:00,86288.43924247385
2024-12-31 11:45:00,86143.55806280593
2024-12-31 12:00:00,86113.44029903584
2024-12-31 12:15:00,86192.4766124446
2024-12-31 12:30:00,86141.9152756912
2024-12-31 12:45:00,86095.18710887214
2024-12-31 13:00:00,86128.40791497006
2024-12-31 13:15:00,86234.27641791945
2024-12-31 13:30:00,86298.89271109892
2024-12-31 13:45:00,86319.15375218062
2024-12-31 14:00:00,86448.56887044116
2024-12-31 14:15:00,86299.80537060711
2024-12-31 14:30:00,86331.9309852952
2024-12-31 14:45:00,86389.06347050755
2024-12-31 15:00:00,86329.37553867229
2024-12-31 15:15:00,86406.22146926142
2025-01-01 09:15:00,86304.1861362464
2025-01-01 09:30:00,86193.75433575608
2025-01-01 09:45:00,86126.0350002488
2025-01-01 10:00:00,86263.1164583781
2025-01-01 10:15:00,86349.45404785236
2025-01-01 10:30:00,86361.68368526203
2025-01-01 10:45:00,86663.95651437271
2025-01-01 11:00:00,86717.4383615523
2025-01-01 11:15:00,86676.73374748728
2025-01-01 11:30:00,86609.37947578327
2025-01-01 11:45:00,86489.09095260456
2025-01-01 12:00:00,86572.14296784933
2025-01-01 12:15:00,86698.63757568368
2025-01-01 12:30:00,86738.7945940438
2025-01-01 12:45:00,86643.69547329097
2025-01-01 13:00:00,86618.87113466834
2025-01-01 13:15:00,86682.75730024125
2025-01-01 13:30:00,86701.55808610986
2025-01-01 13:45:00,86833.89371479659
2025-01-01 14:00:00,86845.39322459971
2025-01-01 14:15:00,86810.52963138708
2025-01-01 14:30:00,86766.5394430926
2025-01-01 14:45:00,86670.5276628316
2025-01-01 15:00:00,86665.96436529068
2025-01-01 15:15:00,86734.41382840452
2025-01-02 09:15:00,86761.79361365005
2025-01-02 09:30:00,86982.65721463069
2025-01-02 09:45:00,87006.0212980402
2025-01-02 10:00:00,87009.67193607293
2025-01-02 10:15:00,87171.7602647265
2025-01-02 10:30:00,87192.56890151312
2025-01-02 10:45:00,87369.80737800254
2025-01-02 11:00:00,87409.5993325594
2025-01-02 11:15:00,87495.57185823038
2025-01-02 11:30:00,87462.89864783738
2025-01-02 11:45:00,87386.78284485481
2025-01-02 12:00:00,87397.91729085466
2025-01-02 12:15:00,87672.2627390149
2025-01-02 12:30:00,87812.08217566877
2025-01-02 12:45:00,87815.1852179966
2025-01-02 13:00:00,87924.70435897874
2025-01-02 13:15:00,87979.82899327307
2025-01-02 13:30:00,88153.41683172976
2025-01-02 13:45:00,88067.26177415714
2025-01-02 14:00:00,88143.56010904137
2025-01-02 14:15:00,88187.73282923749
2025-01-02 14:30:00,88264.39622792498
2025-01-02 14:45:00,88375.19309221857
2025-01-02 15:00:00,88295.24411930161
2025-01-02 15:15:00,88228.43744330251
2025-01-03 09:15:00,88101.94283546814
2025-01-03 09:30:00,87919.77599763454
2025-01-03 09:45:00,87827.5973873079
2025-01-03 10:00:00,87738.85804307192
2025-01-03 10:15:00,87738.85804307192
2025-01-03 10:30:00,87738.85804307192
2025-01-03 10:45:00,87738.85804307192
2025-01-03 11:00:00,87738.85804307192
2025-01-03 11:15:00,87738.85804307192
2025-01-03 11:30:00,87738.85804307192
2025-01-03 11:45:00,87738.85804307192
2025-01-03 12:00:00,87573.40334587873
2025-01-03 12:15:00,87372.57690171975
2025-01-03 12:30:00,87436.49273204882
2025-01-03 12:45:00,87457.55590340726
2025-01-03 13:00:00,87514.75330838925
2025-01-03 13:15:00,87517.6585734042
2025-01-03 13:30:00,87453.37958494826
2025-01-03 13:45:00,87309.20580858098
2025-01-03 14:00:00,87272.70841683056
2025-01-03 14:15:00,87188.8822606168
2025-01-03 14:30:00,87188.8822606168
2025-01-03 14:45:00,87188.8822606168
2025-01-03 15:00:00,87188.8822606168
2025-01-03 15:15:00,87188.8822606168
2025-01-06 09:15:00,87188.8822606168
2025-01-06 09:30:00,87188.8822606168
2025-01-06 09:45:00,87188.8822606168
2025-01-06 10:00:00,87188.8822606168
2025-01-06 10:15:00,87188.8822606168
2025-01-06 10:30:00,87188.8822606168
2025-01-06 10:45:00,87188.8822606168
2025-01-06 11:00:00,87188.8822606168
2025-01-06 11:15:00,87188.8822606168
2025-01-06 11:30:00,87188.8822606168
2025-01-06 11:45:00,87188.8822606168
2025-01-06 12:00:00,87188.8822606168
2025-01-06 12:15:00,87188.8822606168
2025-01-06 12:30:00,87188.8822606168
2025-01-06 12:45:00,87188.8822606168
2025-01-06 13:00:00,87188.8822606168
2025-01-06 13:15:00,87188.8822606168
2025-01-06 13:30:00,87188.8822606168
2025-01-06 13:45:00,87188.8822606168
2025-01-06 14:00:00,87188.8822606168
2025-01-06 14:15:00,87188.8822606168
2025-01-06 14:30:00,87188.8822606168
2025-01-06 14:45:00,87188.8822606168
2025-01-06 15:00:00,87188.8822606168
2025-01-06 15:15:00,87188.8822606168
2025-01-07 09:15:00,87188.8822606168
2025-01-07 09:30:00,87188.8822606168
2025-01-07 09:45:00,86718.98172380778
2025-01-07 10:00:00,86964.90600708936
2025-01-07 10:15:00,87012.33295375347
2025-01-07 10:30:00,86952.27102902053
2025-01-07 10:45:00,86887.8143293071
2025-01-07 11:00:00,86912.71805419638
2025-01-07 11:15:00,86975.70982891628
2025-01-07 11:30:00,86959.59565398794
2025-01-07 11:45:00,86937.07243221308
2025-01-07 12:00:00,86870.05211376106
2025-01-07 12:15:00,86871.51703875455
2025-01-07 12:30:00,86911.61936045124
2025-01-07 12:45:00,86895.5051855229
2025-01-07 13:00:00,86894.40649177779
2025-01-07 13:15:00,86909.6050885852
2025-01-07 13:30:00,86905.7596604773
2025-01-07 13:45:00,86757.0697736384
2025-01-07 14:00:00,86870.96769188199
2025-01-07 14:15:00,86835.9926076625
2025-01-07 14:30:00,86785.45269538721
2025-01-07 14:45:00,86872.0663856271
2025-01-07 15:00:00,86813.10315463926
2025-01-07 15:15:00,86777.02937667465
2025-01-08 09:15:00,86572.30610883489
2025-01-08 09:30:00,86614.42270239764
2025-01-08 09:45:00,86687.11960519942
2025-01-08 10:00:00,86684.00663958826
2025-01-08 10:15:00,86458.5913062155
2025-01-08 10:30:00,86371.40098487504
2025-01-08 10:45:00,86371.40098487504
2025-01-08 11:00:00,86371.40098487504
2025-01-08 11:15:00,86371.40098487504
2025-01-08 11:30:00,86371.40098487504
2025-01-08 11:45:00,86371.40098487504
2025-01-08 12:00:00,86371.40098487504
2025-01-08 12:15:00,86371.40098487504
2025-01-08 12:30:00,86371.40098487504
2025-01-08 12:45:00,86371.40098487504
2025-01-08 13:00:00,86371.40098487504
2025-01-08 13:15:00,86371.40098487504
2025-01-08 13:30:00,86371.40098487504
2025-01-08 13:45:00,86371.40098487504
2025-01-08 14:00:00,86395.31837678775
2025-01-08 14:15:00,86263.70100741244
2025-01-08 14:30:00,86389.66721549878
2025-01-08 14:45:00,86327.50444132014
2025-01-08 15:00:00,86427.03779821616
2025-01-08 15:15:00,86317.66048294582
2025-01-09 09:15:00,86095.80682847247
2025-01-09 09:30:00,86072.1084101639
2025-01-09 09:45:00,86161.79780868557
2025-01-09 10:00:00,86186.04311357049
2025-01-09 10:15:00,86153.59451004029
2025-01-09 10:30:00,86108.38521972855
2025-01-09 10:45:00,86027.01177848686
2025-01-09 11:00:00,86027.01177848686
2025-01-09 11:15:00,86027.01177848686
2025-01-09 11:30:00,86027.01177848686
2025-01-09 11:45:00,86027.01177848686
2025-01-09 12:00:00,86027.01177848686
2025-01-09 12:15:00,86027.01177848686
2025-01-09 12:30:00,86027.01177848686
2025-01-09 12:45:00,86027.01177848686
2025-01-09 13:00:00,86027.01177848686
2025-01-09 13:15:00,86027.01177848686
2025-01-09 13:30:00,86027.01177848686
2025-01-09 13:45:00,86027.01177848686
2025-01-09 14:00:00,86027.01177848686
2025-01-09 14:15:00,86027.01177848686
2025-01-09 14:30:00,86027.01177848686
2025-01-09 14:45:00,86027.01177848686
2025-01-09 15:00:00,86027.01177848686
2025-01-09 15:15:00,86027.01177848686
2025-01-10 09:15:00,86027.01177848686
2025-01-10 09:30:00,86027.01177848686
2025-01-10 09:45:00,86027.01177848686
2025-01-10 10:00:00,86027.01177848686
2025-01-10 10:15:00,86027.01177848686
2025-01-10 10:30:00,86027.01177848686
2025-01-10 10:45:00,86027.01177848686
2025-01-10 11:00:00,86027.01177848686
2025-01-10 11:15:00,86027.01177848686
2025-01-10 11:30:00,86027.01177848686
2025-01-10 11:45:00,86027.01177848686
2025-01-10 12:00:00,86027.01177848686
2025-01-10 12:15:00,86027.01177848686
2025-01-10 12:30:00,86027.01177848686
2025-01-10 12:45:00,86027.01177848686
2025-01-10 13:00:00,86027.01177848686
2025-01-10 13:15:00,86027.01177848686
2025-01-10 13:30:00,86027.01177848686
2025-01-10 13:45:00,86027.01177848686
2025-01-10 14:00:00,85647.77370331837
2025-01-10 14:15:00,85620.0054281562
2025-01-10 14:30:00,85598.44847770136
2025-01-10 14:45:00,85527.9316736711
2025-01-10 15:00:00,85541.6331252314
2025-01-10 15:15:00,85633.52419369569
2025-01-13 09:15:00,84973.11422849013
2025-01-13 09:30:00,84885.76857090947
2025-01-13 09:45:00,84885.76857090947
2025-01-13 10:00:00,84885.76857090947
2025-01-13 10:15:00,84885.76857090947
2025-01-13 10:30:00,84885.76857090947
2025-01-13 10:45:00,84885.76857090947
2025-01-13 11:00:00,84885.76857090947
2025-01-13 11:15:00,84885.76857090947
2025-01-13 11:30:00,84885.76857090947
2025-01-13 11:45:00,84885.76857090947
2025-01-13 12:00:00,84885.76857090947
2025-01-13 12:15:00,84885.76857090947
2025-01-13 12:30:00,84885.76857090947
2025-01-13 12:45:00,84885.76857090947
2025-01-13 13:00:00,84885.76857090947
2025-01-13 13:15:00,84885.76857090947
2025-01-13 13:30:00,84885.76857090947
2025-01-13 13:45:00,84885.76857090947
2025-01-13 14:00:00,84885.76857090947
2025-01-13 14:15:00,84885.76857090947
2025-01-13 14:30:00,84885.76857090947
2025-01-13 14:45:00,84885.76857090947
2025-01-13 15:00:00,84885.76857090947
2025-01-13 15:15:00,84885.76857090947
2025-01-14 09:15:00,84885.76857090947
2025-01-14 09:30:00,84885.76857090947
2025-01-14 09:45:00,84885.76857090947
2025-01-14 10:00:00,84885.76857090947
2025-01-14 10:15:00,84885.76857090947
2025-01-14 10:30:00,84885.76857090947
2025-01-14 10:45:00,84908.59653591781
2025-01-14 11:00:00,85073.91608626698
2025-01-14 11:15:00,84962.36196490304
2025-01-14 11:30:00,84848.97908745118
2025-01-14 11:45:00,84840.74968505547
2025-01-14 12:00:00,84785.1554999823
2025-01-14 12:15:00,84753.33514405227
2025-01-14 12:30:00,84788.081509723
2025-01-14 12:45:00,84711.2737540298
2025-01-14 13:00:00,84737.97359291361
2025-01-14 13:15:00,84736.51058804325
2025-01-14 13:30:00,84702.3128491989
2025-01-14 13:45:00,84699.38683945821
2025-01-14 14:00:00,84790.0931414197
2025-01-14 14:15:00,84792.47052433401
2025-01-14 14:30:00,84764.85630740623
2025-01-14 14:45:00,84676.25490370195
2025-01-14 15:00:00,84676.25490370195
2025-01-14 15:15:00,84676.25490370195
2025-01-15 09:15:00,84676.25490370195
2025-01-15 09:30:00,84676.25490370195
2025-01-15 09:45:00,84676.25490370195
2025-01-15 10:00:00,84676.25490370195
2025-01-15 10:15:00,84676.25490370195
2025-01-15 10:30:00,84713.72558694107
2025-01-15 10:45:00,84751.22524306242
2025-01-15 11:00:00,84674.22352199773
2025-01-15 11:15:00,84637.45201453893
2025-01-15 11:30:00,84562.2706651306
2025-01-15 11:45:00,84616.15366615933
2025-01-15 12:00:00,84543.52083706993
2025-01-15 12:15:00,84548.61787770779
2025-01-15 12:30:00,84652.37906212122
2025-01-15 12:45:00,84650.74072763047
2025-01-15 13:00:00,84510.20803575823
2025-01-15 13:15:00,84369.31126955475
2025-01-15 13:30:00,84347.64884684388
2025-01-15 13:45:00,84256.57255824356
2025-01-15 14:00:00,84256.57255824356
2025-01-15 14:15:00,84256.57255824356
2025-01-15 14:30:00,84256.57255824356
2025-01-15 14:45:00,84256.57255824356
2025-01-15 15:00:00,84256.57255824356
2025-01-15 15:15:00,84256.57255824356
2025-01-16 09:15:00,84256.57255824356
2025-01-16 09:30:00,84093.72574016578
2025-01-16 09:45:00,84036.9460903065
2025-01-16 10:00:00,84026.67167747482
2025-01-16 10:15:00,84020.36282749045
2025-01-16 10:30:00,84041.8129174373
2025-01-16 10:45:00,83960.87938478072
2025-01-16 11:00:00,83960.15837335393
2025-01-16 11:15:00,83952.407500516
2025-01-16 11:30:00,84023.06662034089
2025-01-16 11:45:00,83997.29046183334
2025-01-16 12:00:00,83993.86565755613
2025-01-16 12:15:00,83995.8484389798
2025-01-16 12:30:00,84032.62002174582
2025-01-16 12:45:00,84084.89335018772
2025-01-16 13:00:00,84062.72224881408
2025-01-16 13:15:00,84076.78197163637
2025-01-16 13:30:00,84092.46397016893
2025-01-16 13:45:00,84114.99557725595
2025-01-16 14:00:00,84118.05987581977
2025-01-16 14:15:00,83992.60388755926
2025-01-16 14:30:00,84010.62917322888
2025-01-16 14:45:00,84013.87372464941
2025-01-16 15:00:00,84032.62002174582
2025-01-16 15:15:00,84180.96812280675
2025-01-17 09:15:00,83711.95018968338
2025-01-17 09:30:00,83614.97415278085
2025-01-17 09:45:00,83731.05699249318
2025-01-17 10:00:00,83652.28649411697
2025-01-17 10:15:00,83866.78739358539
2025-01-17 10:30:00,83630.65615131344
2025-01-17 10:45:00,83304.39848069342
2025-01-17 11:00:00,83223.07488085497
2025-01-17 11:15:00,83223.07488085497
2025-01-17 11:30:00,83223.07488085497
2025-01-17 11:45:00,83223.07488085497
2025-01-17 12:00:00,83223.07488085497
2025-01-17 12:15:00,83223.07488085497
2025-01-17 12:30:00,83223.07488085497
2025-01-17 12:45:00,83223.07488085497
2025-01-17 13:00:00,83223.07488085497
2025-01-17 13:15:00,83223.07488085497
2025-01-17 13:30:00,83223.07488085497
2025-01-17 13:45:00,83223.07488085497
2025-01-17 14:00:00,83223.07488085497
2025-01-17 14:15:00,83223.07488085497
2025-01-17 14:30:00,83208.26124343819
2025-01-17 14:45:00,83245.15219662563
2025-01-17 15:00:00,83082.18730633163
2025-01-17 15:15:00,83105.28892264802
2025-01-20 09:15:00,83127.31604518228
2025-01-20 09:30:00,83138.59822989495
2025-01-20 09:45:00,83189.63668454747
2025-01-20 10:00:00,83194.6509888642
2025-01-20 10:15:00,83274.87985793203
2025-01-20 10:30:00,83314.45704557486
2025-01-20 10:45:00,83347.76635282177
2025-01-20 11:00:00,83356.36230307903
2025-01-20 11:15:00,83563.2023561445
2025-01-20 11:30:00,83710.5870865972
2025-01-20 11:45:00,83641.282237648
2025-01-20 12:00:00,83606.18210743084
2025-01-20 12:15:00,83592.93001745088
2025-01-20 12:30:00,83587.73663083711
2025-01-20 12:45:00,83582.9014088174
2025-01-20 13:00:00,83666.17467693465
2025-01-20 13:15:00,83602.95862608434
2025-01-20 13:30:00,83602.0632145992
2025-01-20 13:45:00,83589.34837151034
2025-01-20 14:00:00,83667.07008841977
2025-01-20 14:15:00,83578.78251598577
2025-01-20 14:30:00,83644.68480129149
2025-01-20 14:45:00,83656.14606830117
2025-01-20 15:00:00,83637.52150941042
2025-01-20 15:15:00,83585.05039638169
2025-01-21 09:15:00,83859.94172231715
2025-01-21 09:30:00,83595.97441650028
2025-01-21 09:45:00,83449.30601523569
2025-01-21 10:00:00,83332.00711068342
2025-01-21 10:15:00,82884.65953271156
2025-01-21 10:30:00,82799.98584103156
2025-01-21 10:45:00,82799.98584103156
2025-01-21 11:00:00,82799.98584103156
2025-01-21 11:15:00,82799.98584103156
2025-01-21 11:30:00,82799.98584103156
2025-01-21 11:45:00,82799.98584103156
2025-01-21 12:00:00,82799.98584103156
2025-01-21 12:15:00,82799.98584103156
2025-01-21 12:30:00,82799.98584103156
2025-01-21 12:45:00,82799.98584103156
2025-01-21 13:00:00,82799.98584103156
2025-01-21 13:15:00,82799.98584103156
2025-01-21 13:30:00,82799.98584103156
2025-01-21 13:45:00,82799.98584103156
2025-01-21 14:00:00,82799.98584103156
2025-01-21 14:15:00,82799.98584103156
2025-01-21 14:30:00,82799.98584103156
2025-01-21 14:45:00,82799.98584103156
2025-01-21 15:00:00,82799.98584103156
2025-01-21 15:15:00,82799.98584103156
2025-01-22 09:15:00,82799.98584103156
2025-01-22 09:30:00,82799.98584103156
2025-01-22 09:45:00,82799.98584103156
2025-01-22 10:00:00,82799.98584103156
2025-01-22 10:15:00,82799.98584103156
2025-01-22 10:30:00,82799.98584103156
2025-01-22 10:45:00,82799.98584103156
2025-01-22 11:00:00,82799.98584103156
2025-01-22 11:15:00,82799.98584103156
2025-01-22 11:30:00,82799.98584103156
2025-01-22 11:45:00,82799.98584103156
2025-01-22 12:00:00,82799.98584103156
2025-01-22 12:15:00,82799.98584103156
2025-01-22 12:30:00,82799.98584103156
2025-01-22 12:45:00,82799.98584103156
2025-01-22 13:00:00,82799.98584103156
2025-01-22 13:15:00,82799.98584103156
2025-01-22 13:30:00,82799.98584103156
2025-01-22 13:45:00,82799.98584103156
2025-01-22 14:00:00,82799.98584103156
2025-01-22 14:15:00,82799.98584103156
2025-01-22 14:30:00,82799.98584103156
2025-01-22 14:45:00,82799.98584103156
2025-01-22 15:00:00,82735.22282488587
2025-01-22 15:15:00,82726.29363196738
2025-01-23 09:15:00,82531.28005862748
2025-01-23 09:30:00,82855.58834542717
2025-01-23 09:45:00,82874.69681827274
2025-01-23 10:00:00,82925.77180176652
2025-01-23 10:15:00,83007.20604118319
2025-01-23 10:30:00,82989.52623920457
2025-01-23 10:45:00,82905.41324191236
2025-01-23 11:00:00,82947.73761634603
2025-01-23 11:15:00,82952.91654823875
2025-01-23 11:30:00,82941.13001358633
2025-01-23 11:45:00,82925.7718017665
2025-01-23 12:00:00,82979.88271085259
2025-01-23 12:15:00,83048.81608018336
2025-01-23 12:30:00,83057.20952152675
2025-01-23 12:45:00,83025.77876245364
2025-01-23 13:00:00,83022.02850142788
2025-01-23 13:15:00,83013.99222780124
2025-01-23 13:30:00,83048.81608018337
2025-01-23 13:45:00,83044.70865144087
2025-01-23 14:00:00,83005.59878645786
2025-01-23 14:15:00,82951.30929351342
2025-01-23 14:30:00,82971.48926950921
2025-01-23 14:45:00,82912.37801238878
2025-01-23 15:00:00,82867.37488007957
2025-01-23 15:15:00,82921.12862144891
2025-01-24 09:15:00,82989.8834069213
2025-01-24 09:30:00,82970.9535179341
2025-01-24 09:45:00,82669.50396500574
2025-01-24 10:00:00,82707.00657526341
2025-01-24 10:15:00,82802.37035563291
2025-01-24 10:30:00,82911.12792538016
2025-01-24 10:45:00,82938.62983956911
2025-01-24 11:00:00,83145.78711527817
2025-01-24 11:15:00,83143.46552511936
2025-01-24 11:30:00,83297.76197875095
2025-01-24 11:45:00,83304.90533308574
2025-01-24 12:00:00,83222.93534209397
2025-01-24 12:15:00,83204.00545310677
2025-01-24 12:30:00,82911.30650923855
2025-01-24 12:45:00,82933.09373995969
2025-01-24 13:00:00,82921.84295688238
2025-01-24 13:15:00,82841.1230528992
2025-01-24 13:30:00,82705.3993205381
2025-01-24 13:45:00,82626.79724253132
2025-01-24 14:00:00,82626.79724253132
2025-01-24 14:15:00,82626.79724253132
2025-01-24 14:30:00,82626.79724253132
2025-01-24 14:45:00,82626.79724253132
2025-01-24 15:00:00,82626.79724253132
2025-01-24 15:15:00,82626.79724253132
2025-01-27 09:15:00,82626.79724253132
2025-01-27 09:30:00,82626.79724253132
2025-01-27 09:45:00,82626.79724253132
2025-01-27 10:00:00,82626.79724253132
2025-01-27 10:15:00,82626.79724253132
2025-01-27 10:30:00,82626.79724253132
2025-01-27 10:45:00,82626.79724253132
2025-01-27 11:00:00,82626.79724253132
2025-01-27 11:15:00,82626.79724253132
2025-01-27 11:30:00,82626.79724253132
2025-01-27 11:45:00,82626.79724253132
2025-01-27 12:00:00,82626.79724253132
2025-01-27 12:15:00,82626.79724253132
2025-01-27 12:30:00,82626.79724253132
2025-01-27 12:45:00,82626.79724253132
2025-01-27 13:00:00,82626.79724253132
2025-01-27 13:15:00,82626.79724253132
2025-01-27 13:30:00,82626.79724253132
2025-01-27 13:45:00,82626.79724253132
2025-01-27 14:00:00,82626.79724253132
2025-01-27 14:15:00,82626.79724253132
2025-01-27 14:30:00,82626.79724253132
2025-01-27 14:45:00,82626.79724253132
2025-01-27 15:00:00,82626.79724253132
2025-01-27 15:15:00,82626.79724253132
2025-01-28 09:15:00,82626.79724253132
2025-01-28 09:30:00,82626.79724253132
2025-01-28 09:45:00,82626.79724253132
2025-01-28 10:00:00,82626.79724253132
2025-01-28 10:15:00,82626.79724253132
2025-01-28 10:30:00,82626.79724253132
2025-01-28 10:45:00,82626.79724253132
2025-01-28 11:00:00,82626.79724253132
2025-01-28 11:15:00,82589.65170417199
2025-01-28 11:30:00,82719.4440714197
2025-01-28 11:45:00,82675.76049075324
2025-01-28 12:00:00,82810.58635700778
2025-01-28 12:15:00,82724.47757042653
2025-01-28 12:30:00,82725.01687389155
2025-01-28 12:45:00,82854.98900896094
2025-01-28 13:00:00,82927.79497673838
2025-01-28 13:15:00,82787.21654019032
2025-01-28 13:30:00,82829.4619782834
2025-01-28 13:45:00,82900.47026784414
2025-01-28 14:00:00,82879.25766488675
2025-01-28 14:15:00,83112.05699395294
2025-01-28 14:30:00,83158.25732412282
2025-01-28 14:45:00,82648.61554968063
2025-01-28 15:00:00,82576.52865318987
2025-01-28 15:15:00,82607.9880219826
2025-01-29 09:15:00,82648.97508532398
2025-01-29 09:30:00,82838.63013718871
2025-01-29 09:45:00,82897.05467923234
2025-01-29 10:00:00,82934.62615396194
2025-01-29 10:15:00,83035.65566974202
2025-01-29 10:30:00,82959.61388117445
2025-01-29 10:45:00,83134.88750730535
2025-01-29 11:00:00,83000.24140887248
2025-01-29 11:15:00,82932.1094044585
2025-01-29 11:30:00,83026.48751083668
2025-01-29 11:45:00,83098.39463950577
2025-01-29 12:00:00,83128.05633008177
2025-01-29 12:15:00,83181.80690876192
2025-01-29 12:30:00,83172.27921421327
2025-01-29 12:45:00,83133.08982908861
2025-01-29 13:00:00,83098.75417514912
2025-01-29 13:15:00,83279.06130028686
2025-01-29 13:30:00,83223.87257903333
2025-01-29 13:45:00,83262.3428928713
2025-01-29 14:00:00,83318.9697566982
2025-01-29 14:15:00,83206.2553325094
2025-01-29 14:30:00,83213.98534884134
2025-01-29 14:45:00,83192.23344241893
2025-01-29 15:00:00,83266.11801712641
2025-01-29 15:15:00,83326.69977303012
2025-01-30 09:15:00,83302.43111710431
2025-01-30 09:30:00,83427.18998534519
2025-01-30 09:45:00,83521.9276273667
2025-01-30 10:00:00,83668.977705495
2025-01-30 10:15:00,83773.60257770852
2025-01-30 10:30:00,83756.16509900626
2025-01-30 10:45:00,83580.71170505368
2025-01-30 11:00:00,83729.73922922037
2025-01-30 11:15:00,83649.38301293267
2025-01-30 11:30:00,83573.52099218676
2025-01-30 11:45:00,83652.97836936613
2025-01-30 12:00:00,83594.91336296583
2025-01-30 12:15:00,83675.26957925355
2025-01-30 12:30:00,83681.74122083376
2025-01-30 12:45:00,83634.64205155551
2025-01-30 13:00:00,83635.00158719886
2025-01-30 13:15:00,83497.11966797587
2025-01-30 13:30:00,83500.35548876598
2025-01-30 13:45:00,83382.42779774868
2025-01-30 14:00:00,83294.19649249695
2025-01-30 14:15:00,83294.19649249695
2025-01-30 14:30:00,83294.19649249695
2025-01-30 14:45:00,83294.19649249695
2025-01-30 15:00:00,83294.19649249695
2025-01-30 15:15:00,83294.19649249695
2025-01-31 09:15:00,83294.19649249695
2025-01-31 09:30:00,83296.87668632802
2025-01-31 09:45:00,83439.751139957
2025-01-31 10:00:00,83263.87821701296
2025-01-31 10:15:00,83442.24832141868
2025-01-31 10:30:00,83525.90390038498
2025-01-31 10:45:00,83588.69017713578
2025-01-31 11:00:00,83558.54562949121
2025-01-31 11:15:00,83489.5163990862
2025-01-31 11:30:00,83476.85212167341
2025-01-31 11:45:00,83589.76039776223
2025-01-31 12:00:00,83634.8880341769
2025-01-31 12:15:00,83601.53282465301
2025-01-31 12:30:00,83699.99312228498
2025-01-31 12:45:00,83765.63332070629
2025-01-31 13:00:00,83834.30581090249
2025-01-31 13:15:00,83914.21561767627
2025-01-31 13:30:00,83857.67229457965
2025-01-31 13:45:00,83769.02235269
2025-01-31 14:00:00,83647.9090517985
2025-01-31 14:15:00,83635.95825480332
2025-01-31 14:30:00,83777.94085791027
2025-01-31 14:45:00,83813.07976847822
2025-01-31 15:00:00,83887.99521232862
2025-01-31 15:15:00,83954.70563137636
2025-02-01 09:15:00,83857.85066468405
2025-02-01 09:30:00,84043.89068357921
2025-02-01 09:45:00,84050.31200733782
2025-02-01 10:00:00,84033.36684741928
2025-02-01 10:15:00,84077.6026333119
2025-02-01 10:30:00,84125.40582129263
2025-02-01 10:45:00,84156.79895966803
2025-02-01 11:00:00,84129.86507390277
2025-02-01 11:15:00,84188.90557846105
2025-02-01 11:30:00,84287.90098640624
2025-02-01 11:45:00,83569.24783575554
2025-02-01 12:00:00,83645.05513012798
2025-02-01 12:15:00,83653.61689513945
2025-02-01 12:30:00,83543.02743040789
2025-02-01 12:45:00,83460.5535533833
2025-02-01 13:00:00,83460.5535533833
2025-02-01 13:15:00,83460.5535533833
2025-02-01 13:30:00,83460.5535533833
2025-02-01 13:45:00,83460.5535533833
2025-02-01 14:00:00,83460.5535533833
2025-02-01 14:15:00,83423.35275450122
2025-02-01 14:30:00,83202.15668618795
2025-02-01 14:45:00,83324.27534890256
2025-02-01 15:00:00,83236.36409098319
2025-02-01 15:15:00,83286.34589488088
2025-02-03 09:15:00,82718.46752719203
2025-02-03 09:30:00,82632.5619220844
2025-02-03 09:45:00,82632.5619220844
2025-02-03 10:00:00,82632.5619220844
2025-02-03 10:15:00,82632.5619220844
2025-02-03 10:30:00,82632.5619220844
2025-02-03 10:45:00,82632.5619220844
2025-02-03 11:00:00,82632.5619220844
2025-02-03 11:15:00,82632.5619220844
2025-02-03 11:30:00,82632.5619220844
2025-02-03 11:45:00,82632.5619220844
2025-02-03 12:00:00,82632.5619220844
2025-02-03 12:15:00,82632.5619220844
2025-02-03 12:30:00,82632.5619220844
2025-02-03 12:45:00,82632.5619220844
2025-02-03 13:00:00,82632.5619220844
2025-02-03 13:15:00,82632.5619220844
2025-02-03 13:30:00,82632.5619220844
2025-02-03 13:45:00,82632.5619220844
2025-02-03 14:00:00,82632.5619220844
2025-02-03 14:15:00,82632.5619220844
2025-02-03 14:30:00,82514.77060539453
2025-02-03 14:45:00,82526.0779436113
2025-02-03 15:00:00,82567.95043044527
2025-02-03 15:15:00,82542.50891945754
2025-02-04 09:15:00,83088.97137421483
2025-02-04 09:30:00,83294.09355655342
2025-02-04 09:45:00,83243.03385741831
2025-02-04 10:00:00,83082.96435078717
2025-02-04 10:15:00,83041.6218954321
2025-02-04 10:30:00,82894.09646713518
2025-02-04 10:45:00,82920.06800960182
2025-02-04 11:00:00,83061.2330601518
2025-02-04 11:15:00,83141.44449062702
2025-02-04 11:30:00,83180.31346574717
2025-02-04 11:45:00,83201.69140206324
2025-02-04 12:00:00,83269.35875420422
2025-02-04 12:15:00,83312.46798115564
2025-02-04 12:30:00,83359.28742845946
2025-02-04 12:45:00,83458.93334649474
2025-02-04 13:00:00,83533.1377535423
2025-02-04 13:15:00,83566.52973671368
2025-02-04 13:30:00,83640.91082092086
2025-02-04 13:45:00,83674.12612693262
2025-02-04 14:00:00,83573.95017741842
2025-02-04 14:15:00,83557.87255589144
2025-02-04 14:30:00,83749.03724261871
2025-02-04 14:45:00,83917.23389859314
2025-02-04 15:00:00,83900.44956842763
2025-02-04 15:15:00,83772.18195053116
2025-02-05 09:15:00,83971.47378660171
2025-02-05 09:30:00,84089.67080639888
2025-02-05 09:45:00,83936.31503183395
2025-02-05 10:00:00,83908.93007209021
2025-02-05 10:15:00,84007.6926043273
2025-02-05 10:30:00,83988.96482540578
2025-02-05 10:45:00,83945.85559845435
2025-02-05 11:00:00,83861.93394762676
2025-02-05 11:15:00,83926.06775657501
2025-02-05 11:30:00,83900.62624558728
2025-02-05 11:45:00,83890.73232464762
2025-02-05 12:00:00,83859.99049887077
2025-02-05 12:15:00,83880.83840370794
2025-02-05 12:30:00,83859.6371445515
2025-02-05 12:45:00,83822.88829534699
2025-02-05 13:00:00,83942.49873242126
2025-02-05 13:15:00,83920.06073314734
2025-02-05 13:30:00,83869.35438833153
2025-02-05 13:45:00,83994.7951716738
2025-02-05 14:00:00,83897.26937955417
2025-02-05 14:15:00,83876.59815187663
2025-02-05 14:30:00,83869.17771117188
2025-02-05 14:45:00,83851.86334952744
2025-02-05 15:00:00,83730.30946369717
2025-02-05 15:15:00,83646.75565471595
2025-02-06 09:15:00,83646.75565471595
2025-02-06 09:30:00,83646.75565471595
2025-02-06 09:45:00,83646.75565471595
2025-02-06 10:00:00,83646.75565471595
2025-02-06 10:15:00,83646.75565471595
2025-02-06 10:30:00,83646.75565471595
2025-02-06 10:45:00,83646.75565471595
2025-02-06 11:00:00,83646.75565471595
2025-02-06 11:15:00,83646.75565471595
2025-02-06 11:30:00,83646.75565471595
2025-02-06 11:45:00,83646.75565471595
2025-02-06 12:00:00,83646.75565471595
2025-02-06 12:15:00,83646.75565471595
2025-02-06 12:30:00,83646.75565471595
2025-02-06 12:45:00,83646.75565471595
2025-02-06 13:00:00,83646.75565471595
2025-02-06 13:15:00,83646.75565471595
2025-02-06 13:30:00,83646.75565471595
2025-02-06 13:45:00,83646.75565471595
2025-02-06 14:00:00,83646.75565471595
2025-02-06 14:15:00,83646.75565471595
2025-02-06 14:30:00,83646.75565471595
2025-02-06 14:45:00,83646.75565471595
2025-02-06 15:00:00,83646.75565471595
2025-02-06 15:15:00,83646.75565471595
2025-02-07 09:15:00,83646.75565471595
2025-02-07 09:30:00,83646.75565471595
2025-02-07 09:45:00,83646.75565471595
2025-02-07 10:00:00,83646.75565471595
2025-02-07 10:15:00,83646.75565471595
2025-02-07 10:30:00,83646.75565471595
2025-02-07 10:45:00,83646.75565471595
2025-02-07 11:00:00,83646.75565471595
2025-02-07 11:15:00,83646.75565471595
2025-02-07 11:30:00,83568.93101800342
2025-02-07 11:45:00,83438.37441142055
2025-02-07 12:00:00,83181.84832226989
2025-02-07 12:15:00,83251.18446603618
2025-02-07 12:30:00,83214.66390176232
2025-02-07 12:45:00,83123.45070500104
2025-02-07 13:00:00,83034.51095747278
2025-02-07 13:15:00,83034.51095747278
2025-02-07 13:30:00,83034.51095747278
2025-02-07 13:45:00,83034.51095747278
2025-02-07 14:00:00,83034.51095747278
2025-02-07 14:15:00,83034.51095747278
2025-02-07 14:30:00,83034.51095747278
2025-02-07 14:45:00,83034.51095747278
2025-02-07 15:00:00,83034.51095747278
2025-02-07 15:15:00,83034.51095747278
2025-02-10 09:15:00,83034.51095747278
2025-02-10 09:30:00,83034.51095747278
2025-02-10 09:45:00,83034.51095747278
2025-02-10 10:00:00,83034.51095747278
2025-02-10 10:15:00,83034.51095747278
2025-02-10 10:30:00,83034.51095747278
2025-02-10 10:45:00,83034.51095747278
2025-02-10 11:00:00,83034.51095747278
2025-02-10 11:15:00,83034.51095747278
2025-02-10 11:30:00,83034.51095747278
2025-02-10 11:45:00,83034.51095747278
2025-02-10 12:00:00,83034.51095747278
2025-02-10 12:15:00,83034.51095747278
2025-02-10 12:30:00,83034.51095747278
2025-02-10 12:45:00,83034.51095747278
2025-02-10 13:00:00,83034.51095747278
2025-02-10 13:15:00,83034.51095747278
2025-02-10 13:30:00,83034.51095747278
2025-02-10 13:45:00,83034.51095747278
2025-02-10 14:00:00,83034.51095747278
2025-02-10 14:15:00,83034.51095747278
2025-02-10 14:30:00,83034.51095747278
2025-02-10 14:45:00,83034.51095747278
2025-02-10 15:00:00,83034.51095747278
2025-02-10 15:15:00,83034.51095747278
2025-02-11 09:15:00,83034.51095747278
2025-02-11 09:30:00,83034.51095747278
2025-02-11 09:45:00,83034.51095747278
2025-02-11 10:00:00,83034.51095747278
2025-02-11 10:15:00,83034.51095747278
2025-02-11 10:30:00,83034.51095747278
2025-02-11 10:45:00,83034.51095747278
2025-02-11 11:00:00,83034.51095747278
2025-02-11 11:15:00,83034.51095747278
2025-02-11 11:30:00,83034.51095747278
2025-02-11 11:45:00,83034.51095747278
2025-02-11 12:00:00,83034.51095747278
2025-02-11 12:15:00,83034.51095747278
2025-02-11 12:30:00,83034.51095747278
2025-02-11 12:45:00,83034.51095747278
2025-02-11 13:00:00,83034.51095747278
2025-02-11 13:15:00,83034.51095747278
2025-02-11 13:30:00,83034.51095747278
2025-02-11 13:45:00,83034.51095747278
2025-02-11 14:00:00,83034.51095747278
2025-02-11 14:15:00,83034.51095747278
2025-02-11 14:30:00,83034.51095747278
2025-02-11 14:45:00,83034.51095747278
2025-02-11 15:00:00,83034.51095747278
2025-02-11 15:15:00,83034.51095747278
2025-02-12 09:15:00,83034.51095747278
2025-02-12 09:30:00,83034.51095747278
2025-02-12 09:45:00,83034.51095747278
2025-02-12 10:00:00,83034.51095747278
2025-02-12 10:15:00,83034.51095747278
2025-02-12 10:30:00,83034.51095747278
2025-02-12 10:45:00,83034.51095747278
2025-02-12 11:00:00,83034.51095747278
2025-02-12 11:15:00,83034.51095747278
2025-02-12 11:30:00,83034.51095747278
2025-02-12 11:45:00,83034.51095747278
2025-02-12 12:00:00,82926.6463854133
2025-02-12 12:15:00,82827.32614100522
2025-02-12 12:30:00,82919.62919423229
2025-02-12 12:45:00,83036.04259664538
2025-02-12 13:00:00,83137.70190478045
2025-02-12 13:15:00,83201.57633732549
2025-02-12 13:30:00,83127.26608199844
2025-02-12 13:45:00,82771.54846751517
2025-02-12 14:00:00,82774.96709911617
2025-02-12 14:15:00,82760.57286079616
2025-02-12 14:30:00,82736.10265565215
2025-02-12 14:45:00,82729.98510436615
2025-02-12 15:00:00,82952.37608641031
2025-02-12 15:15:00,82974.86708378533
2025-02-13 09:15:00,82857.73396945624
2025-02-13 09:30:00,83197.25806582949
2025-02-13 09:45:00,83392.83977900265
2025-02-13 10:00:00,83384.74301994765
2025-02-13 10:15:00,83297.29802215358
2025-02-13 10:30:00,83452.39594005169
2025-02-13 10:45:00,83402.19603391064
2025-02-13 11:00:00,83419.28919191565
2025-02-13 11:15:00,83475.4267213637
2025-02-13 11:30:00,83567.36991863279
2025-02-13 11:45:00,83561.61222330478
2025-02-13 12:00:00,83471.46830582572
2025-02-13 12:15:00,83468.94931411972
2025-02-13 12:30:00,83468.94931411972
2025-02-13 12:45:00,83451.31637217771
2025-02-13 13:00:00,83317.8098117596
2025-02-13 13:15:00,83310.4327646206
2025-02-13 13:30:00,83077.06617585743
2025-02-13 13:45:00,82997.40432265097
2025-02-13 14:00:00,82997.40432265097
2025-02-13 14:15:00,82997.40432265097
2025-02-13 14:30:00,82997.40432265097
2025-02-13 14:45:00,82997.40432265097
2025-02-13 15:00:00,82997.40432265097
2025-02-13 15:15:00,82997.40432265097
2025-02-14 09:15:00,82997.40432265097
2025-02-14 09:30:00,82997.40432265097
2025-02-14 09:45:00,82997.40432265097
2025-02-14 10:00:00,82997.40432265097
2025-02-14 10:15:00,82997.40432265097
2025-02-14 10:30:00,82997.40432265097
2025-02-14 10:45:00,82997.40432265097
2025-02-14 11:00:00,82997.40432265097
2025-02-14 11:15:00,82997.40432265097
2025-02-14 11:30:00,82997.40432265097
2025-02-14 11:45:00,82997.40432265097
2025-02-14 12:00:00,82997.40432265097
2025-02-14 12:15:00,82997.40432265097
2025-02-14 12:30:00,82997.40432265097
2025-02-14 12:45:00,82997.40432265097
2025-02-14 13:00:00,82997.40432265097
2025-02-14 13:15:00,82997.40432265097
2025-02-14 13:30:00,82997.40432265097
2025-02-14 13:45:00,82997.40432265097
2025-02-14 14:00:00,82997.40432265097
2025-02-14 14:15:00,82997.40432265097
2025-02-14 14:30:00,82997.40432265097
2025-02-14 14:45:00,82997.40432265097
2025-02-14 15:00:00,82997.40432265097
2025-02-14 15:15:00,82997.40432265097
2025-02-17 09:15:00,82997.40432265097
2025-02-17 09:30:00,82997.40432265097
2025-02-17 09:45:00,82997.40432265097
2025-02-17 10:00:00,82997.40432265097
2025-02-17 10:15:00,82997.40432265097
2025-02-17 10:30:00,82997.40432265097
2025-02-17 10:45:00,82997.40432265097
2025-02-17 11:00:00,82997.40432265097
2025-02-17 11:15:00,82997.40432265097
2025-02-17 11:30:00,82997.40432265097
2025-02-17 11:45:00,82997.40432265097
2025-02-17 12:00:00,82997.40432265097
2025-02-17 12:15:00,82997.40432265097
2025-02-17 12:30:00,82997.40432265097
2025-02-17 12:45:00,82997.40432265097
2025-02-17 13:00:00,82997.40432265097
2025-02-17 13:15:00,82997.40432265097
2025-02-17 13:30:00,82997.40432265097
2025-02-17 13:45:00,82773.97297200961
2025-02-17 14:00:00,82729.5112592755
2025-02-17 14:15:00,82834.15894900334
2025-02-17 14:30:00,82823.13389015464
2025-02-17 14:45:00,82919.28686240889
2025-02-17 15:00:00,83034.05591763718
2025-02-17 15:15:00,83007.8488105378
2025-02-18 09:15:00,82780.84104145637
2025-02-18 09:30:00,82866.69190954052
2025-02-18 09:45:00,82830.72491428
2025-02-18 10:00:00,82758.24870775003
2025-02-18 10:15:00,82514.9744584
2025-02-18 10:30:00,82566.66571792013
2025-02-18 10:45:00,82668.60232760319
2025-02-18 11:00:00,82466.35575626392
2025-02-18 11:15:00,82386.23665361041
2025-02-18 11:30:00,82386.23665361041
2025-02-18 11:45:00,82386.23665361041
2025-02-18 12:00:00,82386.23665361041
2025-02-18 12:15:00,82386.23665361041
2025-02-18 12:30:00,82386.23665361041
2025-02-18 12:45:00,82386.23665361041
2025-02-18 13:00:00,82386.23665361041
2025-02-18 13:15:00,82386.23665361041
2025-02-18 13:30:00,82386.23665361041
2025-02-18 13:45:00,82386.23665361041
2025-02-18 14:00:00,82386.23665361041
2025-02-18 14:15:00,82386.23665361041
2025-02-18 14:30:00,82302.77442538805
2025-02-18 14:45:00,82289.32453077871
2025-02-18 15:00:00,82318.3763031349
2025-02-18 15:15:00,82217.05376374455
2025-02-19 09:15:00,81965.09240472963
2025-02-19 09:30:00,82178.31806726965
2025-02-19 09:45:00,82453.59257694076
2025-02-19 10:00:00,82441.03934197205
2025-02-19 10:15:00,82615.70863996532
2025-02-19 10:30:00,82567.10968744359
2025-02-19 10:45:00,82234.26962884451
2025-02-19 11:00:00,82392.61972137845
2025-02-19 11:15:00,82350.83538212544
2025-02-19 11:30:00,82348.50406705982
2025-02-19 11:45:00,82498.60489090005
2025-02-19 12:00:00,82490.35562220632
2025-02-19 12:15:00,82382.93579725975
2025-02-19 12:30:00,82291.65584584438
2025-02-19 12:45:00,82309.23037480058
2025-02-19 13:00:00,82273.36398917568
2025-02-19 13:15:00,82236.60094391015
2025-02-19 13:30:00,82273.00532531943
2025-02-19 13:45:00,82236.2422800539
2025-02-19 14:00:00,82316.22431999743
2025-02-19 14:15:00,82002.39344577954
2025-02-19 14:30:00,81918.24122117941
2025-02-19 14:45:00,81918.24122117941
2025-02-19 15:00:00,81918.24122117941
2025-02-19 15:15:00,81918.24122117941
2025-02-20 09:15:00,81918.24122117941
2025-02-20 09:30:00,81918.24122117941
2025-02-20 09:45:00,81918.24122117941
2025-02-20 10:00:00,81918.24122117941
2025-02-20 10:15:00,81918.24122117941
2025-02-20 10:30:00,81918.24122117941
2025-02-20 10:45:00,81918.24122117941
2025-02-20 11:00:00,81918.24122117941
2025-02-20 11:15:00,81918.24122117941
2025-02-20 11:30:00,81918.24122117941
2025-02-20 11:45:00,81918.24122117941
2025-02-20 12:00:00,81918.24122117941
2025-02-20 12:15:00,81918.24122117941
2025-02-20 12:30:00,81918.24122117941
2025-02-20 12:45:00,81918.24122117941
2025-02-20 13:00:00,81918.24122117941
2025-02-20 13:15:00,81918.24122117941
2025-02-20 13:30:00,81918.24122117941
2025-02-20 13:45:00,81918.24122117941
2025-02-20 14:00:00,81918.24122117941
2025-02-20 14:15:00,81918.24122117941
2025-02-20 14:30:00,81918.24122117941
2025-02-20 14:45:00,81918.24122117941
2025-02-20 15:00:00,81918.24122117941
2025-02-20 15:15:00,81918.24122117941
2025-02-21 09:15:00,81918.24122117941
2025-02-21 09:30:00,81918.24122117941
2025-02-21 09:45:00,81918.24122117941
2025-02-21 10:00:00,81918.24122117941
2025-02-21 10:15:00,81918.24122117941
2025-02-21 10:30:00,81918.24122117941
2025-02-21 10:45:00,81918.24122117941
2025-02-21 11:00:00,81918.24122117941
2025-02-21 11:15:00,81918.24122117941
2025-02-21 11:30:00,81918.24122117941
2025-02-21 11:45:00,81918.24122117941
2025-02-21 12:00:00,81918.24122117941
2025-02-21 12:15:00,81918.24122117941
2025-02-21 12:30:00,81918.24122117941
2025-02-21 12:45:00,81918.24122117941
2025-02-21 13:00:00,81918.24122117941
2025-02-21 13:15:00,81918.24122117941
2025-02-21 13:30:00,81918.24122117941
2025-02-21 13:45:00,81918.24122117941
2025-02-21 14:00:00,81918.24122117941
2025-02-21 14:15:00,81918.24122117941
2025-02-21 14:30:00,81918.24122117941
2025-02-21 14:45:00,81918.24122117941
2025-02-21 15:00:00,81918.24122117941
2025-02-21 15:15:00,81918.24122117941
2025-02-24 09:15:00,81918.24122117941
2025-02-24 09:30:00,81918.24122117941
2025-02-24 09:45:00,81918.24122117941
2025-02-24 10:00:00,81918.24122117941
2025-02-24 10:15:00,81918.24122117941
2025-02-24 10:30:00,81918.24122117941
2025-02-24 10:45:00,81918.24122117941
2025-02-24 11:00:00,81918.24122117941
2025-02-24 11:15:00,81918.24122117941
2025-02-24 11:30:00,81918.24122117941
2025-02-24 11:45:00,81918.24122117941
2025-02-24 12:00:00,81918.24122117941
2025-02-24 12:15:00,81918.24122117941
2025-02-24 12:30:00,81918.24122117941
2025-02-24 12:45:00,81918.24122117941
2025-02-24 13:00:00,81918.24122117941
2025-02-24 13:15:00,81918.24122117941
2025-02-24 13:30:00,81918.24122117941
2025-02-24 13:45:00,81918.24122117941
2025-02-24 14:00:00,81918.24122117941
2025-02-24 14:15:00,81918.24122117941
2025-02-24 14:30:00,81918.24122117941
2025-02-24 14:45:00,81918.24122117941
2025-02-24 15:00:00,81918.24122117941
2025-02-24 15:15:00,81918.24122117941
2025-02-25 09:15:00,81918.24122117941
2025-02-25 09:30:00,81918.24122117941
2025-02-25 09:45:00,81918.24122117941
2025-02-25 10:00:00,81918.24122117941
2025-02-25 10:15:00,81918.24122117941
2025-02-25 10:30:00,81918.24122117941
2025-02-25 10:45:00,81918.24122117941
2025-02-25 11:00:00,81918.24122117941
2025-02-25 11:15:00,81918.24122117941
2025-02-25 11:30:00,81918.24122117941
2025-02-25 11:45:00,81918.24122117941
2025-02-25 12:00:00,81918.24122117941
2025-02-25 12:15:00,81918.24122117941
2025-02-25 12:30:00,81918.24122117941
2025-02-25 12:45:00,81918.24122117941
2025-02-25 13:00:00,81918.24122117941
2025-02-25 13:15:00,81779.63520242524
2025-02-25 13:30:00,81815.67631338073
2025-02-25 13:45:00,81797.56520234782
2025-02-25 14:00:00,81797.20298012716
2025-02-25 14:15:00,81795.93520235486
2025-02-25 14:30:00,81792.13186903796
2025-02-25 14:45:00,81761.34298028202
2025-02-25 15:00:00,81693.24520279828
2025-02-25 15:15:00,81595.26409211026
2025-02-27 09:15:00,81668.00211735172
2025-02-27 09:30:00,81668.00211735172
2025-02-27 09:45:00,81668.00211735172
2025-02-27 10:00:00,81668.00211735172
2025-02-27 10:15:00,81668.00211735172
2025-02-27 10:30:00,81668.00211735172
2025-02-27 10:45:00,81668.00211735172
2025-02-27 11:00:00,81668.00211735172
2025-02-27 11:15:00,81668.00211735172
2025-02-27 11:30:00,81668.00211735172
2025-02-27 11:45:00,81668.00211735172
2025-02-27 12:00:00,81668.00211735172
2025-02-27 12:15:00,81668.00211735172
2025-02-27 12:30:00,81668.00211735172
2025-02-27 12:45:00,81668.00211735172
2025-02-27 13:00:00,81668.00211735172
2025-02-27 13:15:00,81668.00211735172
2025-02-27 13:30:00,81668.00211735172
2025-02-27 13:45:00,81668.00211735172
2025-02-27 14:00:00,81668.00211735172
2025-02-27 14:15:00,81668.00211735172
2025-02-27 14:30:00,81668.00211735172
2025-02-27 14:45:00,81668.00211735172
2025-02-27 15:00:00,81668.00211735172
2025-02-27 15:15:00,81668.00211735172
2025-02-28 09:15:00,81668.00211735172
2025-02-28 09:30:00,81668.00211735172
2025-02-28 09:45:00,81668.00211735172
2025-02-28 10:00:00,81668.00211735172
2025-02-28 10:15:00,81668.00211735172
2025-02-28 10:30:00,81668.00211735172
2025-02-28 10:45:00,81668.00211735172
2025-02-28 11:00:00,81668.00211735172
2025-02-28 11:15:00,81668.00211735172
2025-02-28 11:30:00,81668.00211735172
2025-02-28 11:45:00,81668.00211735172
2025-02-28 12:00:00,81668.00211735172
2025-02-28 12:15:00,81668.00211735172
2025-02-28 12:30:00,81668.00211735172
2025-02-28 12:45:00,81668.00211735172
2025-02-28 13:00:00,81668.00211735172
2025-02-28 13:15:00,81668.00211735172
2025-02-28 13:30:00,81668.00211735172
2025-02-28 13:45:00,81668.00211735172
2025-02-28 14:00:00,81668.00211735172
2025-02-28 14:15:00,81668.00211735172
2025-02-28 14:30:00,81668.00211735172
2025-02-28 14:45:00,81668.00211735172
2025-02-28 15:00:00,81668.00211735172
2025-02-28 15:15:00,81668.00211735172
2025-03-03 09:15:00,81668.00211735172
2025-03-03 09:30:00,81668.00211735172
2025-03-03 09:45:00,81668.00211735172
2025-03-03 10:00:00,81668.00211735172
2025-03-03 10:15:00,81668.00211735172
2025-03-03 10:30:00,81668.00211735172
2025-03-03 10:45:00,81668.00211735172
2025-03-03 11:00:00,81668.00211735172
2025-03-03 11:15:00,81668.00211735172
2025-03-03 11:30:00,81668.00211735172
2025-03-03 11:45:00,81668.00211735172
2025-03-03 12:00:00,81668.00211735172
2025-03-03 12:15:00,81668.00211735172
2025-03-03 12:30:00,81668.00211735172
2025-03-03 12:45:00,81668.00211735172
2025-03-03 13:00:00,81738.52298957855
2025-03-03 13:15:00,81599.61605335897
2025-03-03 13:30:00,81606.81043650978
2025-03-03 13:45:00,81537.08026135575
2025-03-03 14:00:00,81618.06318964313
2025-03-03 14:15:00,81709.56098561246
2025-03-03 14:30:00,81678.9387393808
2025-03-03 14:45:00,81650.34567814038
2025-03-03 15:00:00,81599.98499608468
2025-03-03 15:15:00,81695.54116203653
2025-03-04 09:15:00,81173.30273383248
2025-03-04 09:30:00,81320.14193865425
2025-03-04 09:45:00,81383.60008747168
2025-03-04 10:00:00,81351.68654170012
2025-03-04 10:15:00,81386.92057200284
2025-03-04 10:30:00,81361.64799529358
2025-03-04 10:45:00,81471.03951345853
2025-03-04 11:00:00,81476.2047116181
2025-03-04 11:15:00,81423.81484457114
2025-03-04 11:30:00,81343.49675107544
2025-03-04 11:45:00,81343.49675107544
2025-03-04 12:00:00,81343.49675107544
2025-03-04 12:15:00,81343.49675107544
2025-03-04 12:30:00,81343.49675107544
2025-03-04 12:45:00,81343.49675107544
2025-03-04 13:00:00,81343.49675107544
2025-03-04 13:15:00,81343.49675107544
2025-03-04 13:30:00,81343.49675107544
2025-03-04 13:45:00,81343.49675107544
2025-03-04 14:00:00,81343.49675107544
2025-03-04 14:15:00,81343.49675107544
2025-03-04 14:30:00,81343.49675107544
2025-03-04 14:45:00,81343.49675107544
2025-03-04 15:00:00,81204.78563420333
2025-03-04 15:15:00,81198.35016399746
2025-03-05 09:15:00,81613.8976687203
2025-03-05 09:30:00,81776.80700021783
2025-03-05 09:45:00,81846.12620786409
2025-03-05 10:00:00,81781.95537638255
2025-03-05 10:15:00,81826.45205609182
2025-03-05 10:30:00,81942.65826095238
2025-03-05 10:45:00,81948.72599000363
2025-03-05 11:00:00,81941.3711669112
2025-03-05 11:15:00,81969.6872358171
2025-03-05 11:30:00,82143.8126725306
2025-03-05 11:45:00,82217.5447740323
2025-03-05 12:00:00,82234.6447377222
2025-03-05 12:15:00,82258.36404219533
2025-03-05 12:30:00,82272.15433549366
2025-03-05 12:45:00,82208.53511574406
2025-03-05 13:00:00,82185.7351641575
2025-03-05 13:15:00,82206.69640997094
2025-03-05 13:30:00,82057.02576003979
2025-03-05 13:45:00,82114.76112131545
2025-03-05 14:00:00,82104.83211014065
2025-03-05 14:15:00,82092.69665203812
2025-03-05 14:30:00,82145.6513783037
2025-03-05 14:45:00,82166.42875353982
2025-03-05 15:00:00,82134.98688481965
2025-03-05 15:15:00,82177.82872933311
2025-03-06 09:15:00,82235.19634945413
2025-03-06 09:30:00,82061.99026562717
2025-03-06 09:45:00,82059.23220696751
2025-03-06 10:00:00,82122.48368556247
2025-03-06 10:15:00,82221.95766788773
2025-03-06 10:30:00,82250.82534852554
2025-03-06 10:45:00,82250.0898662163
2025-03-06 11:00:00,82507.32480387438
2025-03-06 11:15:00,82154.10942485997
2025-03-06 11:30:00,82280.42851147262
2025-03-06 11:45:00,82372.73154128274
2025-03-06 12:00:00,82419.80240907436
2025-03-06 12:15:00,82478.82486439118
2025-03-06 12:30:00,82547.59246030549
2025-03-06 12:45:00,82568.18596496432
2025-03-06 13:00:00,82617.27940910636
2025-03-06 13:15:00,82621.3245618072
2025-03-06 13:30:00,82685.1276521341
2025-03-06 13:45:00,82776.8790702123
2025-03-06 14:00:00,82775.59197617113
2025-03-06 14:15:00,82722.82112048287
2025-03-06 14:30:00,82885.17884024848
2025-03-06 14:45:00,82911.10459164932
2025-03-06 15:00:00,82917.7239324325
2025-03-06 15:15:00,82849.14020709551
2025-03-07 09:15:00,82783.6822815728
2025-03-07 09:30:00,82731.83077877108
2025-03-07 09:45:00,82920.84973224679
2025-03-07 10:00:00,83130.46219038132
2025-03-07 10:15:00,83095.71065126955
2025-03-07 10:30:00,83076.77198180651
2025-03-07 10:45:00,83000.83343337708
2025-03-07 11:00:00,83165.39760007041
2025-03-07 11:15:00,83113.3622266914
2025-03-07 11:30:00,83106.19127417628
2025-03-07 11:45:00,82971.59801158465
2025-03-07 12:00:00,82840.4982899619
2025-03-07 12:15:00,82906.14008606195
2025-03-07 12:30:00,83024.92047900484
2025-03-07 12:45:00,82947.14322480229
2025-03-07 13:00:00,82885.91432255773
2025-03-07 13:15:00,82979.87218756364
2025-03-07 13:30:00,82993.11086913003
2025-03-07 13:45:00,82864.76920616697
2025-03-07 14:00:00,82938.86904882328
2025-03-07 14:15:00,83014.25598552078
2025-03-07 14:30:00,83073.09457026029
2025-03-07 14:45:00,83113.5460972687
2025-03-07 15:00:00,82950.82063634848
2025-03-07 15:15:00,82877.64014657872
2025-03-10 09:15:00,83049.7430069418
2025-03-10 09:30:00,83307.5295563318
2025-03-10 09:45:00,83325.36500233097
2025-03-10 10:00:00,83226.25876116035
2025-03-10 10:15:00,83138.73636636033
2025-03-10 10:30:00,83268.73286451919
2025-03-10 10:45:00,83250.5296773654
2025-03-10 11:00:00,83171.649199699
2025-03-10 11:15:00,83171.28145854437
2025-03-10 11:30:00,83246.30065408726
2025-03-10 11:45:00,83152.71053023596
2025-03-10 12:00:00,83063.53330024013
2025-03-10 12:15:00,83069.96877044601
2025-03-10 12:30:00,83065.18813543592
2025-03-10 12:45:00,83094.42355722838
2025-03-10 13:00:00,83116.12028535108
2025-03-10 13:15:00,83076.03649949729
2025-03-10 13:30:00,82981.52702275943
2025-03-10 13:45:00,82897.627062203
2025-03-10 14:00:00,82897.627062203
2025-03-10 14:15:00,82897.627062203
2025-03-10 14:30:00,82897.627062203
2025-03-10 14:45:00,82897.627062203
2025-03-10 15:00:00,82897.627062203
2025-03-10 15:15:00,82897.627062203
2025-03-11 09:15:00,82897.627062203
2025-03-11 09:30:00,82897.627062203
2025-03-11 09:45:00,82897.627062203
2025-03-11 10:00:00,82897.627062203
2025-03-11 10:15:00,82897.627062203
2025-03-11 10:30:00,82897.627062203
2025-03-11 10:45:00,82897.627062203
2025-03-11 11:00:00,82897.627062203
2025-03-11 11:15:00,82897.627062203
2025-03-11 11:30:00,82897.627062203
2025-03-11 11:45:00,82897.627062203
2025-03-11 12:00:00,82897.627062203
2025-03-11 12:15:00,82897.627062203
2025-03-11 12:30:00,82848.290813459
2025-03-11 12:45:00,82800.71479364527
2025-03-11 13:00:00,82784.85612037402
2025-03-11 13:15:00,82842.75871813182
2025-03-11 13:30:00,82883.8806267305
2025-03-11 13:45:00,82968.52168523632
2025-03-11 14:00:00,82987.14640617114
2025-03-11 14:15:00,82984.19595532998
2025-03-11 14:30:00,82933.48508149752
2025-03-11 14:45:00,82999.87022542366
2025-03-11 15:00:00,82979.58587589067
2025-03-11 15:15:00,83062.93611215347
2025-03-12 09:15:00,82838.7018482252
2025-03-12 09:30:00,82911.3567001888
2025-03-12 09:45:00,82872.07882336584
2025-03-12 10:00:00,82705.5627540178
2025-03-12 10:15:00,82689.70408074655
2025-03-12 10:30:00,82798.13314915923
2025-03-12 10:45:00,82644.52530224127
2025-03-12 11:00:00,82560.40702674387
2025-03-12 11:15:00,82560.40702674387
2025-03-12 11:30:00,82560.40702674387
2025-03-12 11:45:00,82560.40702674387
2025-03-12 12:00:00,82560.40702674387
2025-03-12 12:15:00,82560.40702674387
2025-03-12 12:30:00,82560.40702674387
2025-03-12 12:45:00,82560.40702674387
2025-03-12 13:00:00,82560.40702674387
2025-03-12 13:15:00,82560.40702674387
2025-03-12 13:30:00,82560.40702674387
2025-03-12 13:45:00,82560.40702674387
2025-03-12 14:00:00,82560.40702674387
2025-03-12 14:15:00,82580.9581724576
2025-03-12 14:30:00,82499.35116814962
2025-03-12 14:45:00,82637.75223626653
2025-03-12 15:00:00,82613.30689488599
2025-03-12 15:15:00,82594.00794116451
2025-03-13 09:15:00,82650.6182054142
2025-03-13 09:30:00,82673.59315032072
2025-03-13 09:45:00,82817.32440565595
2025-03-13 10:00:00,82875.5888659389
2025-03-13 10:15:00,82851.32732411762
2025-03-13 10:30:00,82797.29025369747
2025-03-13 10:45:00,82683.3345269611
2025-03-13 11:00:00,82782.03489027955
2025-03-13 11:15:00,82606.50631119369
2025-03-13 11:30:00,82465.34824968799
2025-03-13 11:45:00,82386.92244815154
2025-03-13 12:00:00,82386.92244815154
2025-03-13 12:15:00,82386.92244815154
2025-03-13 12:30:00,82386.92244815154
2025-03-13 12:45:00,82386.92244815154
2025-03-13 13:00:00,82386.92244815154
2025-03-13 13:15:00,82386.92244815154
2025-03-13 13:30:00,82386.92244815154
2025-03-13 13:45:00,82386.92244815154
2025-03-13 14:00:00,82386.92244815154
2025-03-13 14:15:00,82386.92244815154
2025-03-13 14:30:00,82386.92244815154
2025-03-13 14:45:00,82386.92244815154
2025-03-13 15:00:00,82386.92244815154
2025-03-13 15:15:00,82386.92244815154
2025-03-17 09:15:00,82386.92244815154
2025-03-17 09:30:00,82386.92244815154
2025-03-17 09:45:00,82276.61867388178
2025-03-17 10:00:00,82157.28781707569
2025-03-17 10:15:00,82072.44248310805
2025-03-17 10:30:00,82007.85055144236
2025-03-17 10:45:00,82097.07499942124
2025-03-17 11:00:00,82026.4617859901
2025-03-17 11:15:00,82100.54179801347
2025-03-17 11:30:00,82172.97964228262
2025-03-17 11:45:00,82129.37096525409
2025-03-17 12:00:00,82145.2452535448
2025-03-17 12:15:00,82044.16070511885
2025-03-17 12:30:00,81987.59714914042
2025-03-17 12:45:00,81956.03103564278
2025-03-17 13:00:00,81990.15163231363
2025-03-17 13:15:00,82089.77647606918
2025-03-17 13:30:00,82083.20780505231
2025-03-17 13:45:00,82148.34712596942
2025-03-17 14:00:00,82183.74496422689
2025-03-17 14:15:00,82120.06534798021
2025-03-17 14:30:00,82070.25292610243
2025-03-17 14:45:00,82148.52958905323
2025-03-17 15:00:00,82146.70495821521
2025-03-17 15:15:00,82164.03895117634
2025-03-18 09:15:00,82634.79370738388
2025-03-18 09:30:00,82770.18131556449
2025-03-18 09:45:00,82777.66230200036
2025-03-18 10:00:00,83003.73406283025
2025-03-18 10:15:00,83071.24540383676
2025-03-18 10:30:00,83106.09585284283
2025-03-18 10:45:00,83023.6225389646
2025-03-18 11:00:00,83046.43042443978
2025-03-18 11:15:00,83033.84047165747
2025-03-18 11:30:00,83077.81407485361
2025-03-18 11:45:00,83093.32343697673
2025-03-18 12:00:00,83092.41112155773
2025-03-18 12:15:00,82950.63730544406
2025-03-18 12:30:00,82852.47216635893
2025-03-18 12:45:00,82970.70824466221
2025-03-18 13:00:00,83061.5748603953
2025-03-18 13:15:00,83097.70255098795
2025-03-18 13:30:00,83142.22354343548
2025-03-18 13:45:00,83158.0978317262
2025-03-18 14:00:00,83109.56265143503
2025-03-18 14:15:00,83176.70906627394
2025-03-18 14:30:00,83181.81803262037
2025-03-18 14:45:00,83219.77035405106
2025-03-18 15:00:00,83359.90200241051
2025-03-18 15:15:00,83381.06772013147
2025-03-19 09:15:00,83381.79757246668
2025-03-19 09:30:00,83413.54614904811
2025-03-19 09:45:00,83437.81373919368
2025-03-19 10:00:00,83437.08388685847
2025-03-19 10:15:00,83558.23937450258
2025-03-19 10:30:00,83596.92154826847
2025-03-19 10:45:00,83572.47149503908
2025-03-19 11:00:00,83577.21553521791
2025-03-19 11:15:00,83535.2490259436
2025-03-19 11:30:00,83527.03818717254
2025-03-19 11:45:00,83584.33159548618
2025-03-19 12:00:00,83521.1993684909
2025-03-19 12:15:00,83572.83642120668
2025-03-19 12:30:00,83592.17750808963
2025-03-19 12:45:00,83692.1672780128
2025-03-19 13:00:00,83582.32450156438
2025-03-19 13:15:00,83620.64174916268
2025-03-19 13:30:00,83631.77199727455
2025-03-19 13:45:00,83615.89770898383
2025-03-19 14:00:00,83600.02342069312
2025-03-19 14:15:00,83668.08215095104
2025-03-19 14:30:00,83691.43742567762
2025-03-19 14:45:00,83681.21949298475
2025-03-19 15:00:00,83610.24135338601
2025-03-19 15:15:00,83611.15366880503
2025-03-20 09:15:00,84170.95040990764
2025-03-20 09:30:00,84128.43651138192
2025-03-20 09:45:00,84026.80457370456
2025-03-20 10:00:00,83887.95016693173
2025-03-20 10:15:00,84108.73049833138
2025-03-20 10:30:00,84064.20950588385
2025-03-20 10:45:00,84078.62408950416
2025-03-20 11:00:00,84164.92912814219
2025-03-20 11:15:00,84127.34173287911
2025-03-20 11:30:00,84142.85109500223
2025-03-20 11:45:00,84163.46942347179
2025-03-20 12:00:00,84197.77248322644
2025-03-20 12:15:00,84226.41918738326
2025-03-20 12:30:00,84274.95436767442
2025-03-20 12:45:00,84351.7713259548
2025-03-20 13:00:00,84456.14020988918
2025-03-20 13:15:00,84521.27953080628
2025-03-20 13:30:00,84581.49234846073
2025-03-20 13:45:00,84626.01334090826
2025-03-20 14:00:00,84598.64387833806
2025-03-20 14:15:00,84699.18103751261
2025-03-20 14:30:00,84644.624575456
2025-03-20 14:45:00,84681.29965530006
2025-03-20 15:00:00,84603.93530776828
2025-03-20 15:15:00,84537.70120834839
2025-03-21 09:15:00,84642.61748153417
2025-03-21 09:30:00,84932.36885861075
2025-03-21 09:45:00,84896.24116801808
2025-03-21 10:00:00,84871.9735778725
2025-03-21 10:15:00,85025.78995751706
2025-03-21 10:30:00,85061.73518502593
2025-03-21 10:45:00,85170.84810913916
2025-03-21 11:00:00,85141.47155264714
2025-03-21 11:15:00,85209.16535673745
2025-03-21 11:30:00,85160.08278719487
2025-03-21 11:45:00,85193.83845769813
2025-03-21 12:00:00,85233.98033613444
2025-03-21 12:15:00,85299.48458321912
2025-03-21 12:30:00,85350.0268574321
2025-03-21 12:45:00,85390.7161251198
2025-03-21 13:00:00,85287.44201968823
2025-03-21 13:15:00,85325.39434111891
2025-03-21 13:30:00,85153.51411617802
2025-03-21 13:45:00,85097.8628756186
2025-03-21 14:00:00,85158.98800869206
2025-03-21 14:15:00,85315.35887150983
2025-03-21 14:30:00,85217.01126934089
2025-03-21 14:45:00,85180.15372641302
2025-03-21 15:00:00,85205.88102122901
2025-03-21 15:15:00,85230.8784637098
2025-03-24 09:15:00,85757.64938664436
2025-03-24 09:30:00,85658.75439522402
2025-03-24 09:45:00,85911.28330320511
2025-03-24 10:00:00,85918.39936347336
2025-03-24 10:15:00,85973.68567786517
2025-03-24 10:30:00,86036.63544177664
2025-03-24 10:45:00,86211.80000222597
2025-03-24 11:00:00,86174.03014387908
2025-03-24 11:15:00,86235.70266620396
2025-03-24 11:30:00,86086.81278982204
2025-03-24 11:45:00,86200.4872910303
2025-03-24 12:00:00,86224.93734425968
2025-03-24 12:15:00,86292.9960745176
2025-03-24 12:30:00,86256.13853158972
2025-03-24 12:45:00,86205.96118354434
2025-03-24 13:00:00,86322.00770484202
2025-03-24 13:15:00,86343.72081181438
2025-03-24 13:30:00,86306.68080580271
2025-03-24 13:45:00,86378.02387156904
2025-03-24 14:00:00,86441.3385616481
2025-03-24 14:15:00,86443.16319248611
2025-03-24 14:30:00,86373.0973683064
2025-03-24 14:45:00,86384.41007950208
2025-03-24 15:00:00,86315.62149690896
2025-03-24 15:15:00,86393.16830752454
2025-03-25 09:15:00,86573.25937123648
2025-03-25 09:30:00,86809.00167550784
2025-03-25 09:45:00,87084.52093204792
2025-03-25 10:00:00,86744.40974384217
2025-03-25 10:15:00,86899.86829124093
2025-03-25 10:30:00,86710.4716102551
2025-03-25 10:45:00,86492.06329894486
2025-03-25 11:00:00,86491.51590969345
2025-03-25 11:15:00,86351.7491875016
2025-03-25 11:30:00,86262.84550962405
2025-03-25 11:45:00,86262.84550962405
2025-03-25 12:00:00,86262.84550962405
2025-03-25 12:15:00,86262.84550962405
2025-03-25 12:30:00,86262.84550962405
2025-03-25 12:45:00,86262.84550962405
2025-03-25 13:00:00,86262.84550962405
2025-03-25 13:15:00,86262.84550962405
2025-03-25 13:30:00,86262.84550962405
2025-03-25 13:45:00,86262.84550962405
2025-03-25 14:00:00,86262.84550962405
2025-03-25 14:15:00,86262.84550962405
2025-03-25 14:30:00,86262.84550962405
2025-03-25 14:45:00,86262.84550962405
2025-03-25 15:00:00,86262.84550962405
2025-03-25 15:15:00,86262.84550962405
2025-03-26 09:15:00,86262.84550962405
2025-03-26 09:30:00,86262.84550962405
2025-03-26 09:45:00,86262.84550962405
2025-03-26 10:00:00,86262.84550962405
2025-03-26 10:15:00,86262.84550962405
2025-03-26 10:30:00,86262.84550962405
2025-03-26 10:45:00,86262.84550962405
2025-03-26 11:00:00,86262.84550962405
2025-03-26 11:15:00,86262.84550962405
2025-03-26 11:30:00,86262.84550962405
2025-03-26 11:45:00,86262.84550962405
2025-03-26 12:00:00,86262.84550962405
2025-03-26 12:15:00,86262.84550962405
2025-03-26 12:30:00,86262.84550962405
2025-03-26 12:45:00,86262.84550962405
2025-03-26 13:00:00,86262.84550962405
2025-03-26 13:15:00,86262.84550962405
2025-03-26 13:30:00,86262.84550962405
2025-03-26 13:45:00,86262.84550962405
2025-03-26 14:00:00,86262.84550962405
2025-03-26 14:15:00,86262.84550962405
2025-03-26 14:30:00,86262.84550962405
2025-03-26 14:45:00,86262.84550962405
2025-03-26 15:00:00,86262.84550962405
2025-03-26 15:15:00,86262.84550962405
2025-03-27 09:15:00,86262.84550962405
2025-03-27 09:30:00,86262.84550962405
2025-03-27 09:45:00,86262.84550962405
2025-03-27 10:00:00,86262.84550962405
2025-03-27 10:15:00,86262.84550962405
2025-03-27 10:30:00,86262.84550962405
2025-03-27 10:45:00,86262.84550962405
2025-03-27 11:00:00,86262.84550962405
2025-03-27 11:15:00,86092.9729720192
2025-03-27 11:30:00,86207.43427538972
2025-03-27 11:45:00,86167.08986064508
2025-03-27 12:00:00,86167.27241455796
2025-03-27 12:15:00,86114.1492259123
2025-03-27 12:30:00,86164.35155195202
2025-03-27 12:45:00,86161.06558152032
2025-03-27 13:00:00,86116.52242677963
2025-03-27 13:15:00,86163.8038902134
2025-03-27 13:30:00,86185.89291367088
2025-03-27 13:45:00,86183.33715889067
2025-03-27 14:00:00,86198.67168757188
2025-03-27 14:15:00,86183.88482062929
2025-03-27 14:30:00,86177.86054150453
2025-03-27 14:45:00,86176.76521802729
2025-03-27 15:00:00,86126.19778416184
2025-03-27 15:15:00,86169.28050759956
2025-03-28 09:15:00,86026.34079382104
2025-03-28 09:30:00,85876.64658526628
2025-03-28 09:45:00,86007.72029470812
2025-03-28 10:00:00,85888.51258960293
2025-03-28 10:15:00,86016.66543643885
2025-03-28 10:30:00,86213.09344668877
2025-03-28 10:45:00,86252.89019969481
2025-03-28 11:00:00,86097.17171201528
2025-03-28 11:15:00,86078.00355116375
2025-03-28 11:30:00,86052.44600336172
2025-03-28 11:45:00,86127.11055372623
2025-03-28 12:00:00,86152.48554761539
2025-03-28 12:15:00,85907.31564262873
2025-03-28 12:30:00,85802.71225055328
2025-03-28 12:45:00,85717.27428102064
2025-03-28 13:00:00,85717.27428102064
2025-03-28 13:15:00,85717.27428102064
2025-03-28 13:30:00,85717.27428102064
2025-03-28 13:45:00,85717.27428102064
2025-03-28 14:00:00,85717.27428102064
2025-03-28 14:15:00,85717.27428102064
2025-03-28 14:30:00,85717.27428102064
2025-03-28 14:45:00,85717.27428102064
2025-03-28 15:00:00,85717.27428102064
2025-03-28 15:15:00,85717.27428102064
2025-04-01 09:15:00,85717.27428102064
2025-04-01 09:30:00,85717.27428102064
2025-04-01 09:45:00,85717.27428102064
2025-04-01 10:00:00,85717.27428102064
2025-04-01 10:15:00,85717.27428102064
2025-04-01 10:30:00,85717.27428102064
2025-04-01 10:45:00,85717.27428102064
2025-04-01 11:00:00,85717.27428102064
2025-04-01 11:15:00,85717.27428102064
2025-04-01 11:30:00,85717.27428102064
2025-04-01 11:45:00,85717.27428102064
2025-04-01 12:00:00,85717.27428102064
2025-04-01 12:15:00,85717.27428102064
2025-04-01 12:30:00,85717.27428102064
2025-04-01 12:45:00,85717.27428102064
2025-04-01 13:00:00,85717.27428102064
2025-04-01 13:15:00,85717.27428102064
2025-04-01 13:30:00,85717.27428102064
2025-04-01 13:45:00,85717.27428102064
2025-04-01 14:00:00,85717.27428102064
2025-04-01 14:15:00,85717.27428102064
2025-04-01 14:30:00,85717.27428102064
2025-04-01 14:45:00,85717.27428102064
2025-04-01 15:00:00,85717.27428102064
2025-04-01 15:15:00,85717.27428102064
2025-04-02 09:15:00,85717.27428102064
2025-04-02 09:30:00,85717.27428102064
2025-04-02 09:45:00,85717.27428102064
2025-04-02 10:00:00,85717.27428102064
2025-04-02 10:15:00,85717.27428102064
2025-04-02 10:30:00,85619.96416237042
2025-04-02 10:45:00,85723.37969467972
2025-04-02 11:00:00,85704.24230080043
2025-04-02 11:15:00,85613.89172008181
2025-04-02 11:30:00,85599.53867467234
2025-04-02 11:45:00,85585.55365606824
2025-04-02 12:00:00,85681.97667907547
2025-04-02 12:15:00,85672.22396873313
2025-04-02 12:30:00,85699.27393892793
2025-04-02 12:45:00,85558.50368587347
2025-04-02 13:00:00,85704.79434100848
2025-04-02 13:15:00,85743.80518237782
2025-04-02 13:30:00,85656.76684290754
2025-04-02 13:45:00,85704.79434100848
2025-04-02 14:00:00,85670.38383470627
2025-04-02 14:15:00,85756.13408035773
2025-04-02 14:30:00,85782.44799694177
2025-04-02 14:45:00,85777.66364847195
2025-04-02 15:00:00,85889.1757704994
2025-04-02 15:15:00,85863.5979075261
2025-04-03 09:15:00,85570.64857045069
2025-04-03 09:30:00,85547.09485490693
2025-04-03 09:45:00,85509.55612075907
2025-04-03 10:00:00,85667.80764706865
2025-04-03 10:15:00,85743.98919578048
2025-04-03 10:30:00,85705.16236781383
2025-04-03 10:45:00,85710.13072968632
2025-04-03 11:00:00,85672.77600894116
2025-04-03 11:15:00,85647.56617277324
2025-04-03 11:30:00,85687.86510796138
2025-04-03 11:45:00,85712.52290392124
2025-04-03 12:00:00,85652.71854804843
2025-04-03 12:15:00,85626.95667167245
2025-04-03 12:30:00,85596.9624870347
2025-04-03 12:45:00,85640.75767687388
2025-04-03 13:00:00,85599.17064786694
2025-04-03 13:15:00,85633.76516757182
2025-04-03 13:30:00,85620.14817577311
2025-04-03 13:45:00,85600.82676849113
2025-04-03 14:00:00,85517.79955317259
2025-04-03 14:15:00,85517.79955317259
2025-04-03 14:30:00,85517.79955317259
2025-04-03 14:45:00,85517.79955317259
2025-04-03 15:00:00,85517.79955317259
2025-04-03 15:15:00,85517.79955317259
2025-04-04 09:15:00,85517.79955317259
2025-04-04 09:30:00,85517.79955317259
2025-04-04 09:45:00,85517.79955317259
2025-04-04 10:00:00,85517.79955317259
2025-04-04 10:15:00,85517.79955317259
2025-04-04 10:30:00,85517.79955317259
2025-04-04 10:45:00,85517.79955317259
2025-04-04 11:00:00,85517.79955317259
2025-04-04 11:15:00,85517.79955317259
2025-04-04 11:30:00,85517.79955317259
2025-04-04 11:45:00,85517.79955317259
2025-04-04 12:00:00,85517.79955317259
2025-04-04 12:15:00,85517.79955317259
2025-04-04 12:30:00,85517.79955317259
2025-04-04 12:45:00,85517.79955317259
2025-04-04 13:00:00,85517.79955317259
2025-04-04 13:15:00,85517.79955317259
2025-04-04 13:30:00,85517.79955317259
2025-04-04 13:45:00,85517.79955317259
2025-04-04 14:00:00,85517.79955317259
2025-04-04 14:15:00,85517.79955317259
2025-04-04 14:30:00,85517.79955317259
2025-04-04 14:45:00,85517.79955317259
2025-04-04 15:00:00,85517.79955317259
2025-04-04 15:15:00,85517.79955317259
2025-04-07 09:15:00,85517.79955317259
2025-04-07 09:30:00,85517.79955317259
2025-04-07 09:45:00,85517.79955317259
2025-04-07 10:00:00,85517.79955317259
2025-04-07 10:15:00,85517.79955317259
2025-04-07 10:30:00,85517.79955317259
2025-04-07 10:45:00,85517.79955317259
2025-04-07 11:00:00,85517.79955317259
2025-04-07 11:15:00,85517.79955317259
2025-04-07 11:30:00,85517.79955317259
2025-04-07 11:45:00,85517.79955317259
2025-04-07 12:00:00,85517.79955317259
2025-04-07 12:15:00,85517.79955317259
2025-04-07 12:30:00,85517.79955317259
2025-04-07 12:45:00,85517.79955317259
2025-04-07 13:00:00,85517.79955317259
2025-04-07 13:15:00,85517.79955317259
2025-04-07 13:30:00,85517.79955317259
2025-04-07 13:45:00,85517.79955317259
2025-04-07 14:00:00,85517.79955317259
2025-04-07 14:15:00,85517.79955317259
2025-04-07 14:30:00,85517.79955317259
2025-04-07 14:45:00,85517.79955317259
2025-04-07 15:00:00,85517.79955317259
2025-04-07 15:15:00,85639.08176669937
2025-04-08 09:15:00,86821.92392717431
2025-04-08 09:30:00,86568.33396700086
2025-04-08 09:45:00,86312.0482897109
2025-04-08 10:00:00,86201.13878548925
2025-04-08 10:15:00,86356.72017335573
2025-04-08 10:30:00,85849.54025300885
2025-04-08 10:45:00,86164.36150197133
2025-04-08 11:00:00,86403.70267167185
2025-04-08 11:15:00,86120.65237443952
2025-04-08 11:30:00,86098.70153506233
2025-04-08 11:45:00,86375.0125395034
2025-04-08 12:00:00,86849.45875200709
2025-04-08 12:15:00,86970.95857347212
2025-04-08 12:30:00,87202.40514304576
2025-04-08 12:45:00,87293.28932011627
2025-04-08 13:00:00,87288.86064199632
2025-04-08 13:15:00,87369.34705304605
2025-04-08 13:30:00,86983.85950538679
2025-04-08 13:45:00,86826.73770773946
2025-04-08 14:00:00,87026.99097925077
2025-04-08 14:15:00,87241.30049001238
2025-04-08 14:30:00,86914.34851402567
2025-04-08 14:45:00,86947.65987553667
2025-04-08 15:00:00,86757.41926760094
2025-04-08 15:15:00,86829.81852730118
2025-04-09 09:15:00,86205.5674636092
2025-04-09 09:30:00,86110.89811460469
2025-04-09 09:45:00,86110.89811460469
2025-04-09 10:00:00,86110.89811460469
2025-04-09 10:15:00,86110.89811460469
2025-04-09 10:30:00,86110.89811460469
2025-04-09 10:45:00,86110.89811460469
2025-04-09 11:00:00,86110.89811460469
2025-04-09 11:15:00,86110.89811460469
2025-04-09 11:30:00,86110.89811460469
2025-04-09 11:45:00,86110.89811460469
2025-04-09 12:00:00,86110.89811460469
2025-04-09 12:15:00,86110.89811460469
2025-04-09 12:30:00,86110.89811460469
2025-04-09 12:45:00,85984.14419595178
2025-04-09 13:00:00,86010.2170770518
2025-04-09 13:15:00,85952.7033687429
2025-04-09 13:30:00,85897.49020876638
2025-04-09 13:45:00,85881.96150752298
2025-04-09 14:00:00,85895.76479751711
2025-04-09 14:15:00,85899.5990447377
2025-04-09 14:30:00,85901.32445598696
2025-04-09 14:45:00,85883.4952064112
2025-04-09 15:00:00,85897.49020876638
2025-04-09 15:15:00,85965.35638457087
2025-04-11 09:15:00,87275.71037220834
2025-04-11 09:30:00,87608.7147433168
2025-04-11 09:45:00,87526.66185279613
2025-04-11 10:00:00,87546.21651362116
2025-04-11 10:15:00,87420.26149242469
2025-04-11 10:30:00,87360.83066050551
2025-04-11 10:45:00,87445.18409935855
2025-04-11 11:00:00,87553.88500806235
2025-04-11 11:15:00,87639.77214580361
2025-04-11 11:30:00,87708.02174633017
2025-04-11 11:45:00,87709.5554452184
2025-04-11 12:00:00,87834.36019224869
2025-04-11 12:15:00,87827.45854725162
2025-04-11 12:30:00,87778.38018282804
2025-04-11 12:45:00,87752.30730172801
2025-04-11 13:00:00,87821.51546405969
2025-04-11 13:15:00,87705.33777327574
2025-04-11 13:30:00,87708.78859577425
2025-04-11 13:45:00,87554.07672042336
2025-04-11 14:00:00,87365.43175717021
2025-04-11 14:15:00,87280.36457319709
2025-04-11 14:30:00,87280.36457319709
2025-04-11 14:45:00,87280.36457319709
2025-04-11 15:00:00,87280.36457319709
2025-04-11 15:15:00,87280.36457319709
2025-04-15 09:15:00,87280.36457319709
2025-04-15 09:30:00,87241.92422205526
2025-04-15 09:45:00,87223.7729526957
2025-04-15 10:00:00,87246.22813128482
2025-04-15 10:15:00,87256.70721462644
2025-04-15 10:30:00,87236.87180687269
2025-04-15 10:45:00,87236.68468038445
2025-04-15 11:00:00,87182.79225177054
2025-04-15 11:15:00,87242.11134854349
2025-04-15 11:30:00,87219.28191697788
2025-04-15 11:45:00,87248.84790212022
2025-04-15 12:00:00,87322.76286497612
2025-04-15 12:15:00,87340.72700784741
2025-04-15 12:30:00,87351.95459714197
2025-04-15 12:45:00,87342.4111462416
2025-04-15 13:00:00,87342.03689326513
2025-04-15 13:15:00,87328.93803908814
2025-04-15 13:30:00,87307.79274591671
2025-04-15 13:45:00,87297.31366257512
2025-04-15 14:00:00,87298.43642150458
2025-04-15 14:15:00,87287.77021167475
2025-04-15 14:30:00,87236.8718068727
2025-04-15 14:45:00,87147.95248081004
2025-04-15 15:00:00,87147.95248081004
2025-04-15 15:15:00,87147.95248081004
2025-04-16 09:15:00,87147.95248081004
2025-04-16 09:30:00,87147.95248081004
2025-04-16 09:45:00,87147.95248081004
2025-04-16 10:00:00,87147.95248081004
2025-04-16 10:15:00,87147.95248081004
2025-04-16 10:30:00,87147.95248081004
2025-04-16 10:45:00,87147.95248081004
2025-04-16 11:00:00,87147.95248081004
2025-04-16 11:15:00,87147.95248081004
2025-04-16 11:30:00,87147.95248081004
2025-04-16 11:45:00,87147.95248081004
2025-04-16 12:00:00,87147.95248081004
2025-04-16 12:15:00,87147.95248081004
2025-04-16 12:30:00,87147.95248081004
2025-04-16 12:45:00,87009.73952159518
2025-04-16 13:00:00,87061.36363424236
2025-04-16 13:15:00,86837.72126898376
2025-04-16 13:30:00,86872.57220423655
2025-04-16 13:45:00,87148.5841566932
2025-04-16 14:00:00,87335.88463759728
2025-04-16 14:15:00,87264.13271207681
2025-04-16 14:30:00,87275.12846170204
2025-04-16 14:45:00,87338.30742988759
2025-04-16 15:00:00,87312.0294519697
2025-04-16 15:15:00,87344.6439635699
2025-04-17 09:15:00,86882.26337339777
2025-04-17 09:30:00,87211.76312487877
2025-04-17 09:45:00,87269.35103393283
2025-04-17 10:00:00,87046.82688050054
2025-04-17 10:15:00,87189.5852569906
2025-04-17 10:30:00,87302.33828280847
2025-04-17 10:45:00,87245.30947966753
2025-04-17 11:00:00,87369.99009829918
2025-04-17 11:15:00,87638.36093660949
2025-04-17 11:30:00,87952.95119707326
2025-04-17 11:45:00,87969.91074310537
2025-04-17 12:00:00,88094.40499309932
2025-04-17 12:15:00,88261.39129249241
2025-04-17 12:30:00,88384.76733066006
2025-04-17 12:45:00,88481.67902227212
2025-04-17 13:00:00,88671.4022954665
2025-04-17 13:15:00,88619.40544554387
2025-04-17 13:30:00,88772.78683438373
2025-04-17 13:45:00,88879.38969515699
2025-04-17 14:00:00,88827.5792138721
2025-04-17 14:15:00,88838.3885948596
2025-04-17 14:30:00,88933.99570600766
2025-04-17 14:45:00,88929.89559597791
2025-04-17 15:00:00,88886.65807202792
2025-04-17 15:15:00,88852.17987405055
2025-04-21 09:15:00,89305.2420323369
2025-04-21 09:30:00,89568.76728606662
2025-04-21 09:45:00,89574.5447138358
2025-04-21 10:00:00,89581.62672206899
2025-04-21 10:15:00,89627.10066967158
2025-04-21 10:30:00,89709.10287026639
2025-04-21 10:45:00,89829.31064159289
2025-04-21 11:00:00,89866.95710641143
2025-04-21 11:15:00,89923.2404350015
2025-04-21 11:30:00,89859.5023609028
2025-04-21 11:45:00,89960.88689982003
2025-04-21 12:00:00,90009.9018515392
2025-04-21 12:15:00,90078.29914158078
2025-04-21 12:30:00,90100.29064083121
2025-04-21 12:45:00,90118.92750460276
2025-04-21 13:00:00,90104.57711949867
2025-04-21 13:15:00,90033.57066852906
2025-04-21 13:30:00,89878.88469922521
2025-04-21 13:45:00,90016.23838522153
2025-04-21 14:00:00,89991.63772504308
2025-04-21 14:15:00,89972.25538672066
2025-04-21 14:30:00,89989.96040730362
2025-04-21 14:45:00,89998.34699600081
2025-04-21 15:00:00,89883.35754653036
2025-04-21 15:15:00,89794.03273579106
2025-04-22 09:15:00,89794.03273579106
2025-04-22 09:30:00,89794.03273579106
2025-04-22 09:45:00,89794.03273579106
2025-04-22 10:00:00,89794.03273579106
2025-04-22 10:15:00,89794.03273579106
2025-04-22 10:30:00,89794.03273579106
2025-04-22 10:45:00,89719.79184695664
2025-04-22 11:00:00,89726.82779300727
2025-04-22 11:15:00,89579.2580824191
2025-04-22 11:30:00,89651.65426415055
2025-04-22 11:45:00,89682.01992605327
2025-04-22 12:00:00,89626.28782707329
2025-04-22 12:15:00,89588.51590616994
2025-04-22 12:30:00,89576.11042234382
2025-04-22 12:45:00,89542.78225684083
2025-04-22 13:00:00,89549.44788994142
2025-04-22 13:15:00,89573.7033881686
2025-04-22 13:30:00,89551.48461116661
2025-04-22 13:45:00,89541.67131799074
2025-04-22 14:00:00,89537.22756259034
2025-04-22 14:15:00,89557.03930541713
2025-04-22 14:30:00,89526.4884870394
2025-04-22 14:45:00,89510.37987371295
2025-04-22 15:00:00,89425.86371943986
2025-04-22 15:15:00,89425.86371943986
2025-04-23 09:15:00,89425.86371943986
2025-04-23 09:30:00,89347.6427499312
2025-04-23 09:45:00,89293.45514678073
2025-04-23 10:00:00,88866.0159856582
2025-04-23 10:15:00,89016.63915373747
2025-04-23 10:30:00,88792.35758273162
2025-04-23 10:45:00,88705.95076549504
2025-04-23 11:00:00,88705.95076549504
2025-04-23 11:15:00,88705.95076549504
2025-04-23 11:30:00,88705.95076549504
2025-04-23 11:45:00,88705.95076549504
2025-04-23 12:00:00,88705.95076549504
2025-04-23 12:15:00,88705.95076549504
2025-04-23 12:30:00,88705.95076549504
2025-04-23 12:45:00,88705.95076549504
2025-04-23 13:00:00,88705.95076549504
2025-04-23 13:15:00,88705.95076549504
2025-04-23 13:30:00,88705.95076549504
2025-04-23 13:45:00,88704.67724965884
2025-04-23 14:00:00,88722.74783641876
2025-04-23 14:15:00,88744.28651558714
2025-04-23 14:30:00,88674.74213623838
2025-04-23 14:45:00,88775.49934726338
2025-04-23 15:00:00,88837.19488589824
2025-04-23 15:15:00,88713.25621509032
2025-04-24 09:15:00,88538.93893876992
2025-04-24 09:30:00,88578.54820469824
2025-04-24 09:45:00,88603.37244509568
2025-04-24 10:00:00,88700.47903253279
2025-04-24 10:15:00,88718.18455693393
2025-04-24 10:30:00,88625.64124898163
2025-04-24 10:45:00,88623.26834364953
2025-04-24 11:00:00,88633.67262087492
2025-04-24 11:15:00,88555.0016825565
2025-04-24 11:30:00,88462.25266196502
2025-04-24 11:45:00,88462.25266196502
2025-04-24 12:00:00,88462.25266196502
2025-04-24 12:15:00,88462.25266196502
2025-04-24 12:30:00,88462.25266196502
2025-04-24 12:45:00,88462.25266196502
2025-04-24 13:00:00,88462.25266196502
2025-04-24 13:15:00,88462.25266196502
2025-04-24 13:30:00,88462.25266196502
2025-04-24 13:45:00,88462.25266196502
2025-04-24 14:00:00,88462.25266196502
2025-04-24 14:15:00,88462.25266196502
2025-04-24 14:30:00,88462.25266196502
2025-04-24 14:45:00,88462.25266196502
2025-04-24 15:00:00,88462.25266196502
2025-04-24 15:15:00,88462.25266196502
2025-04-25 09:15:00,88462.25266196502
2025-04-25 09:30:00,88462.25266196502
2025-04-25 09:45:00,88462.25266196502
2025-04-25 10:00:00,88462.25266196502
2025-04-25 10:15:00,88462.25266196502
2025-04-25 10:30:00,88462.25266196502
2025-04-25 10:45:00,88462.25266196502
2025-04-25 11:00:00,88462.25266196502
2025-04-25 11:15:00,88462.25266196502
2025-04-25 11:30:00,88462.25266196502
2025-04-25 11:45:00,88462.25266196502
2025-04-25 12:00:00,88462.25266196502
2025-04-25 12:15:00,88462.25266196502
2025-04-25 12:30:00,88462.25266196502
2025-04-25 12:45:00,88462.25266196502
2025-04-25 13:00:00,88462.25266196502
2025-04-25 13:15:00,88340.71329115603
2025-04-25 13:30:00,88516.57330263768
2025-04-25 13:45:00,88748.66441496929
2025-04-25 14:00:00,88489.00903751516
2025-04-25 14:15:00,88587.87286842127
2025-04-25 14:30:00,88441.96602503941
2025-04-25 14:45:00,88488.45775221274
2025-04-25 15:00:00,88400.25210382068
2025-04-25 15:15:00,88174.96017688597
2025-04-28 09:15:00,88639.14240154916
2025-04-28 09:30:00,88854.69495480724
2025-04-28 09:45:00,89048.3798577348
2025-04-28 10:00:00,89219.46206326189
2025-04-28 10:15:00,89076.1278846248
2025-04-28 10:30:00,89107.367385097
2025-04-28 10:45:00,89223.32106037906
2025-04-28 11:00:00,89069.32869922793
2025-04-28 11:15:00,89135.11541198702
2025-04-28 11:30:00,89222.03472800668
2025-04-28 11:45:00,89203.47478949085
2025-04-28 12:00:00,89270.18031108734
2025-04-28 12:15:00,89473.05330238907
2025-04-28 12:30:00,89442.18132545186
2025-04-28 12:45:00,89487.38672025279
2025-04-28 13:00:00,89451.55317559352
2025-04-28 13:15:00,89425.45900461088
2025-04-28 13:30:00,89462.39511987506
2025-04-28 13:45:00,89425.82652814584
2025-04-28 14:00:00,89494.18590564969
2025-04-28 14:15:00,89326.77893547228
2025-04-28 14:30:00,89211.37654549268
2025-04-28 14:45:00,89376.02708915784
2025-04-28 15:00:00,89396.79216888346
2025-04-28 15:15:00,89355.62953296717
2025-04-29 09:15:00,89738.58905640266
2025-04-29 09:30:00,89369.22790376093
2025-04-29 09:45:00,89639.90898726405
2025-04-29 10:00:00,89497.67737923186
2025-04-29 10:15:00,89373.63818618053
2025-04-29 10:30:00,89387.2365569743
2025-04-29 10:45:00,89432.44195177522
2025-04-29 11:00:00,89514.21593830537
2025-04-29 11:15:00,89489.22433792762
2025-04-29 11:30:00,89508.15179997841
2025-04-29 11:45:00,89356.91586533953
2025-04-29 12:00:00,89369.22790376091
2025-04-29 12:15:00,89344.05254161569
2025-04-29 12:30:00,89462.02759634006
2025-04-29 12:45:00,89524.8741208194
2025-04-29 13:00:00,89517.15612658509
2025-04-29 13:15:00,89550.96829180204
2025-04-29 13:30:00,89506.31418230357
2025-04-29 13:45:00,89522.30145607462
2025-04-29 14:00:00,89550.60076826709
2025-04-29 14:15:00,89477.27982304119
2025-04-29 14:30:00,89515.68603244523
2025-04-29 14:45:00,89455.96345801311
2025-04-29 15:00:00,89405.42897195516
2025-04-29 15:15:00,89401.75373660549
2025-04-30 09:15:00,89396.60840711594
2025-04-30 09:30:00,89486.46791141536
2025-04-30 09:45:00,89551.15205356952
2025-04-30 10:00:00,89505.76289700111
2025-04-30 10:15:00,89421.60000749369
2025-04-30 10:30:00,89386.13398636939
2025-04-30 10:45:00,89459.82245513026
2025-04-30 11:00:00,89418.292295679
2025-04-30 11:15:00,89421.60000749369
2025-04-30 11:30:00,89426.92909875071
2025-04-30 11:45:00,89460.3737404327
2025-04-30 12:00:00,89473.42082592403
2025-04-30 12:15:00,89490.87819383494
2025-04-30 12:30:00,89515.86979421269
2025-04-30 12:45:00,89455.96345801308
2025-04-30 13:00:00,89432.4419517752
2025-04-30 13:15:00,89428.39919289056
2025-04-30 13:30:00,89490.14314676501
2025-04-30 13:45:00,89481.3225819258
2025-04-30 14:00:00,89457.61731392043
2025-04-30 14:15:00,89443.4676578242
2025-04-30 14:30:00,89453.39079326832
2025-04-30 14:45:00,89555.56233598912
2025-04-30 15:00:00,89487.75424378773
2025-04-30 15:15:00,89110.6750969117
2025-05-02 09:15:00,90001.00086036901
2025-05-02 09:30:00,90152.97184207781
2025-05-02 09:45:00,90307.88301206636
2025-05-02 10:00:00,90344.45160379558
2025-05-02 10:15:00,90119.34343862835
2025-05-02 10:30:00,90050.80029935701
2025-05-02 10:45:00,89793.35006311271
2025-05-02 11:00:00,89759.90542143073
2025-05-02 11:15:00,89629.0670429825
2025-05-02 11:30:00,89539.25439793381
2025-05-02 11:45:00,89539.25439793381
2025-05-02 12:00:00,89539.25439793381
2025-05-02 12:15:00,89539.25439793381
2025-05-02 12:30:00,89539.25439793381
2025-05-02 12:45:00,89539.25439793381
2025-05-02 13:00:00,89539.25439793381
2025-05-02 13:15:00,89539.25439793381
2025-05-02 13:30:00,89539.25439793381
2025-05-02 13:45:00,89539.25439793381
2025-05-02 14:00:00,89539.25439793381
2025-05-02 14:15:00,89539.25439793381
2025-05-02 14:30:00,89539.25439793381
2025-05-02 14:45:00,89539.25439793381
2025-05-02 15:00:00,89539.25439793381
2025-05-02 15:15:00,89539.25439793381
2025-05-05 09:15:00,89539.25439793381
2025-05-05 09:30:00,89474.96662547761
2025-05-05 09:45:00,89674.41673646668
2025-05-05 10:00:00,89584.572695645
2025-05-05 10:15:00,89586.2195314238
2025-05-05 10:30:00,89743.94980268306
2025-05-05 10:45:00,89555.29561513283
2025-05-05 11:00:00,89610.55610459953
2025-05-05 11:15:00,89534.25271351471
2025-05-05 11:30:00,89467.28139184315
2025-05-05 11:45:00,89461.24299398753
2025-05-05 12:00:00,89473.31978969878
2025-05-05 12:15:00,89504.97563300256
2025-05-05 12:30:00,89500.40108917253
2025-05-05 12:45:00,89567.0064473377
2025-05-05 13:00:00,89481.91993209925
2025-05-05 13:15:00,89495.27760008292
2025-05-05 13:30:00,89564.6276845461
2025-05-05 13:45:00,89597.38141836906
2025-05-05 14:00:00,89561.88295824807
2025-05-05 14:15:00,89530.59307845069
2025-05-05 14:30:00,89573.04484519333
2025-05-05 14:45:00,89555.47859688605
2025-05-05 15:00:00,89471.85593567319
2025-05-05 15:15:00,89512.84384839021
2025-05-06 09:15:00,89415.86351919369
2025-05-06 09:30:00,89507.72035930058
2025-05-06 09:45:00,89264.53760929649
2025-05-06 10:00:00,89257.40132092165
2025-05-06 10:15:00,89243.12874417196
2025-05-06 10:30:00,89284.29963864217
2025-05-06 10:45:00,89306.25744902629
2025-05-06 11:00:00,89250.9969595596
2025-05-06 11:15:00,89191.71087152247
2025-05-06 11:30:00,89103.98155082256
2025-05-06 11:45:00,89103.98155082256
2025-05-06 12:00:00,89103.98155082256
2025-05-06 12:15:00,89103.98155082256
2025-05-06 12:30:00,89103.98155082256
2025-05-06 12:45:00,89103.98155082256
2025-05-06 13:00:00,89103.98155082256
2025-05-06 13:15:00,89103.98155082256
2025-05-06 13:30:00,89103.98155082256
2025-05-06 13:45:00,89103.98155082256
2025-05-06 14:00:00,89103.98155082256
2025-05-06 14:15:00,89103.98155082256
2025-05-06 14:30:00,89103.98155082256
2025-05-06 14:45:00,89103.98155082256
2025-05-06 15:00:00,89103.98155082256
2025-05-06 15:15:00,89103.98155082256
2025-05-07 09:15:00,89103.98155082256
2025-05-07 09:30:00,89103.98155082256
2025-05-07 09:45:00,89103.98155082256
2025-05-07 10:00:00,89103.98155082256
2025-05-07 10:15:00,89103.98155082256
2025-05-07 10:30:00,89103.98155082256
2025-05-07 10:45:00,89103.98155082256
2025-05-07 11:00:00,89103.98155082256
2025-05-07 11:15:00,89103.98155082256
2025-05-07 11:30:00,89103.98155082256
2025-05-07 11:45:00,89103.98155082256
2025-05-07 12:00:00,89103.98155082256
2025-05-07 12:15:00,89103.98155082256
2025-05-07 12:30:00,89103.98155082256
2025-05-07 12:45:00,89103.98155082256
2025-05-07 13:00:00,89103.98155082256
2025-05-07 13:15:00,89103.98155082256
2025-05-07 13:30:00,89103.98155082256
2025-05-07 13:45:00,89103.98155082256
2025-05-07 14:00:00,89103.98155082256
2025-05-07 14:15:00,89103.98155082256
2025-05-07 14:30:00,89103.98155082256
2025-05-07 14:45:00,89103.98155082256
2025-05-07 15:00:00,89103.98155082256
2025-05-07 15:15:00,89103.98155082256
2025-05-08 09:15:00,89103.98155082256
2025-05-08 09:30:00,89103.98155082256
2025-05-08 09:45:00,89103.98155082256
2025-05-08 10:00:00,89103.98155082256
2025-05-08 10:15:00,89103.98155082256
2025-05-08 10:30:00,88994.81635790694
2025-05-08 10:45:00,88988.7979944975
2025-05-08 11:00:00,88991.71598887783
2025-05-08 11:15:00,89043.69276377752
2025-05-08 11:30:00,89030.01466511971
2025-05-08 11:45:00,89003.57034104793
2025-05-08 12:00:00,89011.23007629631
2025-05-08 12:15:00,89007.40020867212
2025-05-08 12:30:00,88988.43324519995
2025-05-08 12:45:00,88999.19334947741
2025-05-08 13:00:00,88947.58132387527
2025-05-08 13:15:00,88876.81996015218
2025-05-08 13:30:00,88783.57052561309
2025-05-08 13:45:00,88783.57052561309
2025-05-08 14:00:00,88783.57052561309
2025-05-08 14:15:00,88783.57052561309
2025-05-08 14:30:00,88783.57052561309
2025-05-08 14:45:00,88783.57052561309
2025-05-08 15:00:00,88783.57052561309
2025-05-08 15:15:00,88783.57052561309
2025-05-09 09:15:00,88783.57052561309
2025-05-09 09:30:00,88783.57052561309
2025-05-09 09:45:00,88783.57052561309
2025-05-09 10:00:00,88783.57052561309
2025-05-09 10:15:00,88783.57052561309
2025-05-09 10:30:00,88783.57052561309
2025-05-09 10:45:00,88783.57052561309
2025-05-09 11:00:00,88783.57052561309
2025-05-09 11:15:00,88783.57052561309
2025-05-09 11:30:00,88783.57052561309
2025-05-09 11:45:00,88783.57052561309
2025-05-09 12:00:00,88783.57052561309
2025-05-09 12:15:00,88783.57052561309
2025-05-09 12:30:00,88783.57052561309
2025-05-09 12:45:00,88783.57052561309
2025-05-09 13:00:00,88783.57052561309
2025-05-09 13:15:00,88783.57052561309
2025-05-09 13:30:00,88783.57052561309
2025-05-09 13:45:00,88783.57052561309
2025-05-09 14:00:00,88783.57052561309
2025-05-09 14:15:00,88783.57052561309
2025-05-09 14:30:00,88783.57052561309
2025-05-09 14:45:00,88783.57052561309
2025-05-09 15:00:00,88783.57052561309
2025-05-09 15:15:00,88783.57052561309
2025-05-12 09:15:00,88783.57052561309
2025-05-12 09:30:00,88678.92033141128
2025-05-12 09:45:00,89159.60690778367
2025-05-12 10:00:00,89006.89065490017
2025-05-12 10:15:00,89058.27687930607
2025-05-12 10:30:00,89068.55412418724
2025-05-12 10:45:00,88990.84372868219
2025-05-12 11:00:00,89079.7328817773
2025-05-12 11:15:00,89189.53712971833
2025-05-12 11:30:00,89171.14627045728
2025-05-12 11:45:00,89130.21759347433
2025-05-12 12:00:00,89146.26451969231
2025-05-12 12:15:00,89078.2904614431
2025-05-12 12:30:00,89394.00021209128
2025-05-12 12:45:00,89433.30616619826
2025-05-12 13:00:00,89390.93506888112
2025-05-12 13:15:00,89507.59081340961
2025-05-12 13:30:00,89588.54665466663
2025-05-12 13:45:00,89588.54665466663
2025-05-12 14:00:00,89668.78128575654
2025-05-12 14:15:00,89783.45370232551
2025-05-12 14:30:00,89654.89799003986
2025-05-12 14:45:00,89868.55650204334
2025-05-12 15:00:00,89817.530882721
2025-05-12 15:15:00,89863.68833341541
2025-05-13 09:15:00,89312.50346320897
2025-05-13 09:30:00,89232.44913466083
2025-05-13 09:45:00,89112.54794438039
2025-05-13 10:00:00,89324.94433859143
2025-05-13 10:15:00,88918.72271197216
2025-05-13 10:30:00,88821.33824401621
2025-05-13 10:45:00,88821.33824401621
2025-05-13 11:00:00,88821.33824401621
2025-05-13 11:15:00,88821.33824401621
2025-05-13 11:30:00,88821.33824401621
2025-05-13 11:45:00,88821.33824401621
2025-05-13 12:00:00,88821.33824401621
2025-05-13 12:15:00,88821.33824401621
2025-05-13 12:30:00,88821.33824401621
2025-05-13 12:45:00,88821.33824401621
2025-05-13 13:00:00,88821.33824401621
2025-05-13 13:15:00,88821.33824401621
2025-05-13 13:30:00,88821.33824401621
2025-05-13 13:45:00,88821.33824401621
2025-05-13 14:00:00,88821.33824401621
2025-05-13 14:15:00,88821.33824401621
2025-05-13 14:30:00,88821.33824401621
2025-05-13 14:45:00,88821.33824401621
2025-05-13 15:00:00,88821.33824401621
2025-05-13 15:15:00,88821.33824401621
2025-05-14 09:15:00,88821.33824401621
2025-05-14 09:30:00,88821.33824401621
2025-05-14 09:45:00,88821.33824401621
2025-05-14 10:00:00,88821.33824401621
2025-05-14 10:15:00,88686.81987819464
2025-05-14 10:30:00,88647.93260374629
2025-05-14 10:45:00,88471.59583850583
2025-05-14 11:00:00,88530.19555622296
2025-05-14 11:15:00,88591.30413035607
2025-05-14 11:30:00,88477.50957148647
2025-05-14 11:45:00,88391.13322916342
2025-05-14 12:00:00,88302.2050214572
2025-05-14 12:15:00,88302.2050214572
2025-05-14 12:30:00,88302.2050214572
2025-05-14 12:45:00,88302.2050214572
2025-05-14 13:00:00,88302.2050214572
2025-05-14 13:15:00,88302.2050214572
2025-05-14 13:30:00,88302.2050214572
2025-05-14 13:45:00,88302.2050214572
2025-05-14 14:00:00,88302.2050214572
2025-05-14 14:15:00,88302.2050214572
2025-05-14 14:30:00,88302.2050214572
2025-05-14 14:45:00,88302.2050214572
2025-05-14 15:00:00,88302.2050214572
2025-05-14 15:15:00,88302.2050214572
2025-05-15 09:15:00,88302.2050214572
2025-05-15 09:30:00,88302.2050214572
2025-05-15 09:45:00,88302.2050214572
2025-05-15 10:00:00,88302.2050214572
2025-05-15 10:15:00,88302.2050214572
2025-05-15 10:30:00,88302.2050214572
2025-05-15 10:45:00,88302.2050214572
2025-05-15 11:00:00,88302.2050214572
2025-05-15 11:15:00,88302.2050214572
2025-05-15 11:30:00,88302.2050214572
2025-05-15 11:45:00,88302.2050214572
2025-05-15 12:00:00,88302.2050214572
2025-05-15 12:15:00,88119.11473415402
2025-05-15 12:30:00,88147.7300042768
2025-05-15 12:45:00,88292.23711839685
2025-05-15 13:00:00,89016.0246070649
2025-05-15 13:15:00,89077.90512870542
2025-05-15 13:30:00,89373.53663816139
2025-05-15 13:45:00,89696.8891905488
2025-05-15 14:00:00,89748.21783133152
2025-05-15 14:15:00,89799.90416299079
2025-05-15 14:30:00,89735.51980521453
2025-05-15 14:45:00,89653.07205817327
2025-05-15 15:00:00,89624.45678805049
2025-05-15 15:15:00,89548.98401310165
2025-05-16 09:15:00,89542.90326820055
2025-05-16 09:30:00,89483.88427357232
2025-05-16 09:45:00,89394.64039987691
2025-05-16 10:00:00,89441.14021382644
2025-05-16 10:15:00,89449.36710398673
2025-05-16 10:30:00,89410.5576438827
2025-05-16 10:45:00,89425.9383515737
2025-05-16 11:00:00,89334.90602349561
2025-05-16 11:15:00,89244.49911791514
2025-05-16 11:30:00,89244.49911791514
2025-05-16 11:45:00,89244.49911791514
2025-05-16 12:00:00,89244.49911791514
2025-05-16 12:15:00,89244.49911791514
2025-05-16 12:30:00,89244.49911791514
2025-05-16 12:45:00,89244.49911791514
2025-05-16 13:00:00,89244.49911791514
2025-05-16 13:15:00,89244.49911791514
2025-05-16 13:30:00,89053.20474864877
2025-05-16 13:45:00,89099.3320023459
2025-05-16 14:00:00,89119.81321537743
2025-05-16 14:15:00,89059.79435631979
2025-05-16 14:30:00,89102.00346491522
2025-05-16 14:45:00,89091.13951713327
2025-05-16 15:00:00,89134.95150327029
2025-05-16 15:15:00,89095.41385724419
2025-05-19 09:15:00,89100.222489869
2025-05-19 09:30:00,89081.70034938831
2025-05-19 09:45:00,89095.41385724419
2025-05-19 10:00:00,89194.25797230942
2025-05-19 10:15:00,89134.59530826104
2025-05-19 10:30:00,89060.68484384287
2025-05-19 10:45:00,89172.70817425015
2025-05-19 11:00:00,89145.10306103373
2025-05-19 11:15:00,89141.5411109413
2025-05-19 11:30:00,89080.09747184669
2025-05-19 11:45:00,89054.98572369498
2025-05-19 12:00:00,89004.2279348777
2025-05-19 12:15:00,89086.33088450847
2025-05-19 12:30:00,89060.86294134753
2025-05-19 12:45:00,89091.85190715175
2025-05-19 13:00:00,88979.47238173524
2025-05-19 13:15:00,89036.10738820507
2025-05-19 13:30:00,88982.85623432307
2025-05-19 13:45:00,88959.7035587222
2025-05-19 14:00:00,88868.78674168521
2025-05-19 14:15:00,88868.78674168521
2025-05-19 14:30:00,88868.78674168521
2025-05-19 14:45:00,88868.78674168521
2025-05-19 15:00:00,88868.78674168521
2025-05-19 15:15:00,88868.78674168521
2025-05-20 09:15:00,88868.78674168521
2025-05-20 09:30:00,88868.78674168521
2025-05-20 09:45:00,88868.78674168521
2025-05-20 10:00:00,88868.78674168521
2025-05-20 10:15:00,88868.78674168521
2025-05-20 10:30:00,88868.78674168521
2025-05-20 10:45:00,88868.78674168521
2025-05-20 11:00:00,88868.78674168521
2025-05-20 11:15:00,88868.78674168521
2025-05-20 11:30:00,88868.78674168521
2025-05-20 11:45:00,88868.78674168521
2025-05-20 12:00:00,88868.78674168521
2025-05-20 12:15:00,88868.78674168521
2025-05-20 12:30:00,88868.78674168521
2025-05-20 12:45:00,88868.78674168521
2025-05-20 13:00:00,88868.78674168521
2025-05-20 13:15:00,88868.78674168521
2025-05-20 13:30:00,88868.78674168521
2025-05-20 13:45:00,88868.78674168521
2025-05-20 14:00:00,88868.78674168521
2025-05-20 14:15:00,88868.78674168521
2025-05-20 14:30:00,88868.78674168521
2025-05-20 14:45:00,88868.78674168521
2025-05-20 15:00:00,88868.78674168521
2025-05-20 15:15:00,88868.78674168521
2025-05-21 09:15:00,88868.78674168521
2025-05-21 09:30:00,88868.78674168521
2025-05-21 09:45:00,88868.78674168521
2025-05-21 10:00:00,88868.78674168521
2025-05-21 10:15:00,88864.87874269769
2025-05-21 10:30:00,88945.02032610444
2025-05-21 10:45:00,88940.37961080695
2025-05-21 11:00:00,88876.65901999135
2025-05-21 11:15:00,88784.02320309133
2025-05-21 11:30:00,88719.9456341759
2025-05-21 11:45:00,88629.98715302444
2025-05-21 12:00:00,88292.99982680629
2025-05-21 12:15:00,88211.83924941364
2025-05-21 12:30:00,88211.83924941364
2025-05-21 12:45:00,88211.83924941364
2025-05-21 13:00:00,88211.83924941364
2025-05-21 13:15:00,88211.83924941364
2025-05-21 13:30:00,88211.83924941364
2025-05-21 13:45:00,88211.83924941364
2025-05-21 14:00:00,88211.83924941364
2025-05-21 14:15:00,88211.83924941364
2025-05-21 14:30:00,88211.83924941364
2025-05-21 14:45:00,88211.83924941364
2025-05-21 15:00:00,88211.83924941364
2025-05-21 15:15:00,88211.83924941364
2025-05-22 09:15:00,88211.83924941364
2025-05-22 09:30:00,88211.83924941364
2025-05-22 09:45:00,88211.83924941364
2025-05-22 10:00:00,88211.83924941364
2025-05-22 10:15:00,88211.83924941364
2025-05-22 10:30:00,88211.83924941364
2025-05-22 10:45:00,88211.83924941364
2025-05-22 11:00:00,88211.83924941364
2025-05-22 11:15:00,88211.83924941364
2025-05-22 11:30:00,88211.83924941364
2025-05-22 11:45:00,88211.83924941364
2025-05-22 12:00:00,88211.83924941364
2025-05-22 12:15:00,88211.83924941364
2025-05-22 12:30:00,88211.83924941364
2025-05-22 12:45:00,88211.83924941364
2025-05-22 13:00:00,88211.83924941364
2025-05-22 13:15:00,88211.83924941364
2025-05-22 13:30:00,88211.83924941364
2025-05-22 13:45:00,88211.83924941364
2025-05-22 14:00:00,88211.83924941364
2025-05-22 14:15:00,88211.83924941364
2025-05-22 14:30:00,88211.83924941364
2025-05-22 14:45:00,88211.83924941364
2025-05-22 15:00:00,88211.83924941364
2025-05-22 15:15:00,88211.83924941364
2025-05-23 09:15:00,88389.36273419982
2025-05-23 09:30:00,88631.1353843318
2025-05-23 09:45:00,88683.35255433073
2025-05-23 10:00:00,88762.39361302773
2025-05-23 10:15:00,88607.1727104282
2025-05-23 10:30:00,88746.65693165819
2025-05-23 10:45:00,89018.1146852827
2025-05-23 11:00:00,89019.90294452924
2025-05-23 11:15:00,88990.93314473532
2025-05-23 11:30:00,88943.00779692808
2025-05-23 11:45:00,88831.59924586875
2025-05-23 12:00:00,88821.94264593745
2025-05-23 12:15:00,88946.22666357187
2025-05-23 12:30:00,88947.29961911979
2025-05-23 12:45:00,88986.99897439295
2025-05-23 13:00:00,88974.65998559183
2025-05-23 13:15:00,88998.62265949545
2025-05-23 13:30:00,88880.06107144995
2025-05-23 13:45:00,88969.11638192757
2025-05-23 14:00:00,88944.79605617464
2025-05-23 14:15:00,88957.49269682508
2025-05-23 14:30:00,88825.16151258124
2025-05-23 14:45:00,88827.30742367708
2025-05-23 15:00:00,88879.16694182668
2025-05-23 15:15:00,88859.13843826547
2025-05-26 09:15:00,89557.81132588799
2025-05-26 09:30:00,89568.71970729188
2025-05-26 09:45:00,89634.52764756451
2025-05-26 10:00:00,89570.86561838775
2025-05-26 10:15:00,89324.26466829011
2025-05-26 10:30:00,89303.52086103027
2025-05-26 10:45:00,89342.50491260478
2025-05-26 11:00:00,89315.50219798206
2025-05-26 11:15:00,89321.76110534494
2025-05-26 11:30:00,89318.89989055048
2025-05-26 11:45:00,89409.56463434998
2025-05-26 12:00:00,89376.48183828902
2025-05-26 12:15:00,89439.42856376719
2025-05-26 12:30:00,89299.9443425372
2025-05-26 12:45:00,89206.89280912135
2025-05-26 13:00:00,89206.89280912135
2025-05-26 13:15:00,89206.89280912135
2025-05-26 13:30:00,89206.89280912135
2025-05-26 13:45:00,89206.89280912135
2025-05-26 14:00:00,89206.89280912135
2025-05-26 14:15:00,89206.89280912135
2025-05-26 14:30:00,89206.89280912135
2025-05-26 14:45:00,89206.89280912135
2025-05-26 15:00:00,89206.89280912135
2025-05-26 15:15:00,89206.89280912135
2025-05-27 09:15:00,89206.89280912135
2025-05-27 09:30:00,89206.89280912135
2025-05-27 09:45:00,89206.89280912135
2025-05-27 10:00:00,89206.89280912135
2025-05-27 10:15:00,89206.89280912135
2025-05-27 10:30:00,89206.89280912135
2025-05-27 10:45:00,89206.89280912135
2025-05-27 11:00:00,89206.89280912135
2025-05-27 11:15:00,89206.89280912135
2025-05-27 11:30:00,88959.67520319608
2025-05-27 11:45:00,88885.21243196433
2025-05-27 12:00:00,88918.70286495853
2025-05-27 12:15:00,88558.32442906902
2025-05-27 12:30:00,88572.93195835373
2025-05-27 12:45:00,88444.13630380695
2025-05-27 13:00:00,88464.08805112263
2025-05-27 13:15:00,88446.27399101933
2025-05-27 13:30:00,88526.61540208517
2025-05-27 13:45:00,88230.72386376956
2025-05-27 14:00:00,88132.70520458203
2025-05-27 14:15:00,88132.70520458203
2025-05-27 14:30:00,88132.70520458203
2025-05-27 14:45:00,88132.70520458203
2025-05-27 15:00:00,88132.70520458203
2025-05-27 15:15:00,88132.70520458203
2025-05-28 09:15:00,88132.70520458203
2025-05-28 09:30:00,88132.70520458203
2025-05-28 09:45:00,88132.70520458203
2025-05-28 10:00:00,88132.70520458203
2025-05-28 10:15:00,88132.70520458203
2025-05-28 10:30:00,88132.70520458203
2025-05-28 10:45:00,88132.70520458203
2025-05-28 11:00:00,88132.70520458203
2025-05-28 11:15:00,88132.70520458203
2025-05-28 11:30:00,88132.70520458203
2025-05-28 11:45:00,88132.70520458203
2025-05-28 12:00:00,88132.70520458203
2025-05-28 12:15:00,88132.70520458203
2025-05-28 12:30:00,88132.70520458203
2025-05-28 12:45:00,88132.70520458203
2025-05-28 13:00:00,88132.70520458203
2025-05-28 13:15:00,88132.70520458203
2025-05-28 13:30:00,88132.70520458203
2025-05-28 13:45:00,88132.70520458203
2025-05-28 14:00:00,88132.70520458203
2025-05-28 14:15:00,88132.70520458203
2025-05-28 14:30:00,88132.70520458203
2025-05-28 14:45:00,88132.70520458203
2025-05-28 15:00:00,88132.70520458203
2025-05-28 15:15:00,88132.70520458203
2025-05-29 09:15:00,88132.70520458203
2025-05-29 09:30:00,88132.70520458203
2025-05-29 09:45:00,88132.70520458203
2025-05-29 10:00:00,88132.70520458203
2025-05-29 10:15:00,88132.70520458203
2025-05-29 10:30:00,88132.70520458203
2025-05-29 10:45:00,88132.70520458203
2025-05-29 11:00:00,88132.70520458203
2025-05-29 11:15:00,88132.70520458203
2025-05-29 11:30:00,88132.70520458203
2025-05-29 11:45:00,88132.70520458203
2025-05-29 12:00:00,88132.70520458203
2025-05-29 12:15:00,88132.70520458203
2025-05-29 12:30:00,88132.70520458203
2025-05-29 12:45:00,88132.70520458203
2025-05-29 13:00:00,88132.70520458203
2025-05-29 13:15:00,88132.70520458203
2025-05-29 13:30:00,88132.70520458203
2025-05-29 13:45:00,88132.70520458203
2025-05-29 14:00:00,88132.70520458203
2025-05-29 14:15:00,88132.70520458203
2025-05-29 14:30:00,88132.70520458203
2025-05-29 14:45:00,88132.70520458203
2025-05-29 15:00:00,88132.70520458203
2025-05-29 15:15:00,88132.70520458203
2025-05-30 09:15:00,88170.1852068921
2025-05-30 09:30:00,88067.63697957082
2025-05-30 09:45:00,88026.653172458
2025-05-30 10:00:00,87981.2338883849
2025-05-30 10:15:00,87864.6695538692
2025-05-30 10:30:00,87778.44388176168
2025-05-30 10:45:00,87826.87929016777
2025-05-30 11:00:00,87837.70185395081
2025-05-30 11:15:00,87908.1372280798
2025-05-30 11:30:00,87806.12125799374
2025-05-30 11:45:00,87721.85996992239
2025-05-30 12:00:00,87721.85996992239
2025-05-30 12:15:00,87721.85996992239
2025-05-30 12:30:00,87721.85996992239
2025-05-30 12:45:00,87721.85996992239
2025-05-30 13:00:00,87721.85996992239
2025-05-30 13:15:00,87721.85996992239
2025-05-30 13:30:00,87721.85996992239
2025-05-30 13:45:00,87721.85996992239
2025-05-30 14:00:00,87509.87448413168
2025-05-30 14:15:00,87569.26648736894
2025-05-30 14:30:00,87565.9080109954
2025-05-30 14:45:00,87548.05505764134
2025-05-30 15:00:00,87502.98076947022
2025-05-30 15:15:00,87449.95219515124
2025-06-02 09:15:00,86844.89616217183
2025-06-02 09:30:00,86755.57907387492
2025-06-02 09:45:00,86755.57907387492
2025-06-02 10:00:00,86755.57907387492
2025-06-02 10:15:00,86755.57907387492
2025-06-02 10:30:00,86755.57907387492
2025-06-02 10:45:00,86755.57907387492
2025-06-02 11:00:00,86755.57907387492
2025-06-02 11:15:00,86755.57907387492
2025-06-02 11:30:00,86755.57907387492
2025-06-02 11:45:00,86755.57907387492
2025-06-02 12:00:00,86721.0342648359
2025-06-02 12:15:00,86742.83270081005
2025-06-02 12:30:00,86926.00988052822
2025-06-02 12:45:00,86789.76965568983
2025-06-02 13:00:00,86852.35226219625
2025-06-02 13:15:00,86867.11894463033
2025-06-02 13:30:00,86941.47973831632
2025-06-02 13:45:00,86871.86537826988
2025-06-02 14:00:00,86820.53357742754
2025-06-02 14:15:00,86843.38677643269
2025-06-02 14:30:00,86728.41760605296
2025-06-02 14:45:00,86892.257463536
2025-06-02 15:00:00,86926.53726204374
2025-06-02 15:15:00,86808.22800873246
2025-06-03 09:15:00,86656.34213226748
2025-06-03 09:30:00,86655.11157539797
2025-06-03 09:45:00,86596.5722271771
2025-06-03 10:00:00,86707.49813927131
2025-06-03 10:15:00,86912.29796112515
2025-06-03 10:30:00,86641.22386215639
2025-06-03 10:45:00,86623.11709679078
2025-06-03 11:00:00,86456.1129502147
2025-06-03 11:15:00,86369.83245530912
2025-06-03 11:30:00,86369.83245530912
2025-06-03 11:45:00,86369.83245530912
2025-06-03 12:00:00,86369.83245530912
2025-06-03 12:15:00,86369.83245530912
2025-06-03 12:30:00,86369.83245530912
2025-06-03 12:45:00,86369.83245530912
2025-06-03 13:00:00,86369.83245530912
2025-06-03 13:15:00,86369.83245530912
2025-06-03 13:30:00,86369.83245530912
2025-06-03 13:45:00,86369.83245530912
2025-06-03 14:00:00,86369.83245530912
2025-06-03 14:15:00,86369.83245530912
2025-06-03 14:30:00,86369.83245530912
2025-06-03 14:45:00,86369.83245530912
2025-06-03 15:00:00,86369.83245530912
2025-06-03 15:15:00,86369.83245530912
2025-06-04 09:15:00,86369.83245530912
2025-06-04 09:30:00,86369.83245530912
2025-06-04 09:45:00,86369.83245530912
2025-06-04 10:00:00,86369.83245530912
2025-06-04 10:15:00,86369.83245530912
2025-06-04 10:30:00,86369.83245530912
2025-06-04 10:45:00,86240.49844757289
2025-06-04 11:00:00,86214.36921444285
2025-06-04 11:15:00,86245.40863903357
2025-06-04 11:30:00,86253.47538214753
2025-06-04 11:45:00,86259.2623935119
2025-06-04 12:00:00,86306.25994034983
2025-06-04 12:15:00,86258.56093758898
2025-06-04 12:30:00,86281.18289110422
2025-06-04 12:45:00,86286.44381052637
2025-06-04 13:00:00,86279.95534323905
2025-06-04 13:15:00,86307.83821617647
2025-06-04 13:30:00,86299.07001713956
2025-06-04 13:45:00,86353.95894311069
2025-06-04 14:00:00,86337.1240009598
2025-06-04 14:15:00,86324.14706638515
2025-06-04 14:30:00,86332.21380949912
2025-06-04 14:45:00,86380.43890420221
2025-06-04 15:00:00,86338.35154882497
2025-06-04 15:15:00,86321.16587871259
2025-06-05 09:15:00,86684.16931884126
2025-06-05 09:30:00,86795.17471864873
2025-06-05 09:45:00,86802.36464185902
2025-06-05 10:00:00,86742.91625238866
2025-06-05 10:15:00,86713.4551036246
2025-06-05 10:30:00,86694.16506574336
2025-06-05 10:45:00,86645.76460705955
2025-06-05 11:00:00,86660.67054542233
2025-06-05 11:15:00,86759.4004665781
2025-06-05 11:30:00,86730.64077373699
2025-06-05 11:45:00,86777.28759261341
2025-06-05 12:00:00,87224.46574349655
2025-06-05 12:15:00,87058.04532577572
2025-06-05 12:30:00,87043.49011537443
2025-06-05 12:45:00,86967.7328756954
2025-06-05 13:00:00,86899.69165116886
2025-06-05 13:15:00,86871.45805026997
2025-06-05 13:30:00,86737.12924102427
2025-06-05 13:45:00,86744.14380025382
2025-06-05 14:00:00,86677.33012359246
2025-06-05 14:15:00,86591.52873655266
2025-06-05 14:30:00,86591.52873655266
2025-06-05 14:45:00,86591.52873655266
2025-06-05 15:00:00,86591.52873655266
2025-06-05 15:15:00,86591.52873655266
2025-06-06 09:15:00,86591.52873655266
2025-06-06 09:30:00,86591.52873655266
2025-06-06 09:45:00,86591.52873655266
2025-06-06 10:00:00,86591.52873655266
2025-06-06 10:15:00,86591.52873655266
2025-06-06 10:30:00,86591.52873655266
2025-06-06 10:45:00,86591.52873655266
2025-06-06 11:00:00,86646.78752672604
2025-06-06 11:15:00,86601.18039485157
2025-06-06 11:30:00,86727.59712160626
2025-06-06 11:45:00,86795.05405810502
2025-06-06 12:00:00,86701.58544943453
2025-06-06 12:15:00,86650.42916083008
2025-06-06 12:30:00,86640.02449196139
2025-06-06 12:45:00,86645.74705983918
2025-06-06 13:00:00,86598.23240533877
2025-06-06 13:15:00,86615.0532866765
2025-06-06 13:30:00,86642.27883688294
2025-06-06 13:45:00,86671.75873201092
2025-06-06 14:00:00,86670.89167627186
2025-06-06 14:15:00,86764.53369609016
2025-06-06 14:30:00,86665.51593068971
2025-06-06 14:45:00,86700.02474910424
2025-06-06 15:00:00,86712.85717404229
2025-06-06 15:15:00,86706.61437272107
2025-06-09 09:15:00,87036.26896471105
2025-06-09 09:30:00,87081.5292742899
2025-06-09 09:45:00,87055.51760211815
2025-06-09 10:00:00,87118.81267106942
2025-06-09 10:15:00,87134.41967437248
2025-06-09 10:30:00,87171.87648229979
2025-06-09 10:45:00,87152.8012560405
2025-06-09 11:00:00,87127.30981731218
2025-06-09 11:15:00,87086.21137528082
2025-06-09 11:30:00,87094.8819326714
2025-06-09 11:45:00,87094.70852152359
2025-06-09 12:00:00,87109.7952913832
2025-06-09 12:15:00,87109.27505793977
2025-06-09 12:30:00,87112.22304745257
2025-06-09 12:45:00,87078.5812847771
2025-06-09 13:00:00,87083.95703035926
2025-06-09 13:15:00,87073.72577263838
2025-06-09 13:30:00,87086.2113752808
2025-06-09 13:45:00,87084.6506749505
2025-06-09 14:00:00,87019.1012610777
2025-06-09 14:15:00,86933.12158623661
2025-06-09 14:30:00,86933.12158623661
2025-06-09 14:45:00,86933.12158623661
2025-06-09 15:00:00,86933.12158623661
2025-06-09 15:15:00,86933.12158623661
2025-06-10 09:15:00,86933.12158623661
2025-06-10 09:30:00,86933.12158623661
2025-06-10 09:45:00,86933.12158623661
2025-06-10 10:00:00,86933.12158623661
2025-06-10 10:15:00,86933.12158623661
2025-06-10 10:30:00,86933.12158623661
2025-06-10 10:45:00,86933.12158623661
2025-06-10 11:00:00,86933.12158623661
2025-06-10 11:15:00,86933.12158623661
2025-06-10 11:30:00,86933.12158623661
2025-06-10 11:45:00,86883.85033004277
2025-06-10 12:00:00,86841.69668253936
2025-06-10 12:15:00,86804.89862139907
2025-06-10 12:30:00,86852.06233356477
2025-06-10 12:45:00,86854.82650717156
2025-06-10 13:00:00,86831.33103151392
2025-06-10 13:15:00,86829.94894471053
2025-06-10 13:30:00,86826.66648855248
2025-06-10 13:45:00,86820.44709793721
2025-06-10 14:00:00,86821.1381413389
2025-06-10 14:15:00,86808.52659925797
2025-06-10 14:30:00,86770.17369046388
2025-06-10 14:45:00,86734.23943357573
2025-06-10 15:00:00,86742.18643269522
2025-06-10 15:15:00,86696.57756818333
2025-06-11 09:15:00,86852.58061611604
2025-06-11 09:30:00,86816.47359837747
2025-06-11 09:45:00,86883.85033004277
2025-06-11 10:00:00,86886.09622109828
2025-06-11 10:15:00,86860.1820935347
2025-06-11 10:30:00,86980.76916713054
2025-06-11 10:45:00,86981.28744968181
2025-06-11 11:00:00,87005.12844704029
2025-06-11 11:15:00,87023.78661888608
2025-06-11 11:30:00,87029.31496609963
2025-06-11 11:45:00,87107.92115304247
2025-06-11 12:00:00,87092.02715480348
2025-06-11 12:15:00,87092.37267650432
2025-06-11 12:30:00,87069.91376594923
2025-06-11 12:45:00,87122.43306447807
2025-06-11 13:00:00,87099.28311052128
2025-06-11 13:15:00,86973.51321141275
2025-06-11 13:30:00,86918.22973927713
2025-06-11 13:45:00,86883.85033004278
2025-06-11 14:00:00,86794.03248218998
2025-06-11 14:15:00,86794.03248218998
2025-06-11 14:30:00,86794.03248218998
2025-06-11 14:45:00,86794.03248218998
2025-06-11 15:00:00,86794.03248218998
2025-06-11 15:15:00,86794.03248218998
2025-06-12 09:15:00,86794.03248218998
2025-06-12 09:30:00,86794.03248218998
2025-06-12 09:45:00,86794.03248218998
2025-06-12 10:00:00,86794.03248218998
2025-06-12 10:15:00,86794.03248218998
2025-06-12 10:30:00,86794.03248218998
2025-06-12 10:45:00,86794.03248218998
2025-06-12 11:00:00,86794.03248218998
2025-06-12 11:15:00,86794.03248218998
2025-06-12 11:30:00,86794.03248218998
2025-06-12 11:45:00,86794.03248218998
2025-06-12 12:00:00,86794.03248218998
2025-06-12 12:15:00,86794.03248218998
2025-06-12 12:30:00,86794.03248218998
2025-06-12 12:45:00,86794.03248218998
2025-06-12 13:00:00,86794.03248218998
2025-06-12 13:15:00,86794.03248218998
2025-06-12 13:30:00,86794.03248218998
2025-06-12 13:45:00,86794.03248218998
2025-06-12 14:00:00,86794.03248218998
2025-06-12 14:15:00,86794.03248218998
2025-06-12 14:30:00,86794.03248218998
2025-06-12 14:45:00,86794.03248218998
2025-06-12 15:00:00,86794.03248218998
2025-06-12 15:15:00,86794.03248218998
2025-06-13 09:15:00,86794.03248218998
2025-06-13 09:30:00,86794.03248218998
2025-06-13 09:45:00,86794.03248218998
2025-06-13 10:00:00,86794.03248218998
2025-06-13 10:15:00,86794.03248218998
2025-06-13 10:30:00,86794.03248218998
2025-06-13 10:45:00,86794.03248218998
2025-06-13 11:00:00,86794.03248218998
2025-06-13 11:15:00,86794.03248218998
2025-06-13 11:30:00,86794.03248218998
2025-06-13 11:45:00,86794.03248218998
2025-06-13 12:00:00,86794.03248218998
2025-06-13 12:15:00,86794.03248218998
2025-06-13 12:30:00,86659.68070862198
2025-06-13 12:45:00,86630.37390876467
2025-06-13 13:00:00,86642.8336859495
2025-06-13 13:15:00,86662.66403555356
2025-06-13 13:30:00,86814.98919888379
2025-06-13 13:45:00,86736.1942699261
2025-06-13 14:00:00,86747.6011081939
2025-06-13 14:15:00,86736.72073938462
2025-06-13 14:30:00,86648.62484999317
2025-06-13 14:45:00,86565.44267554785
2025-06-13 15:00:00,86781.82162299735
2025-06-13 15:15:00,86816.74409707882
2025-06-16 09:15:00,86992.4094064032
2025-06-16 09:30:00,86920.1076007672
2025-06-16 09:45:00,86822.71075094199
2025-06-16 10:00:00,86915.54486546008
2025-06-16 10:15:00,87134.02969074366
2025-06-16 10:30:00,87290.0401402835
2025-06-16 10:45:00,87309.34402042902
2025-06-16 11:00:00,87417.62123906353
2025-06-16 11:15:00,87338.29984064733
2025-06-16 11:30:00,87424.99181148275
2025-06-16 11:45:00,87366.55370158763
2025-06-16 12:00:00,87453.24567242306
2025-06-16 12:15:00,87369.36153869973
2025-06-16 12:30:00,87536.42784686836
2025-06-16 12:45:00,87469.3907358175
2025-06-16 13:00:00,87514.66710924976
2025-06-16 13:15:00,87538.88470434143
2025-06-16 13:30:00,87562.04936051607
2025-06-16 13:45:00,87526.9513966151
2025-06-16 14:00:00,87609.7825914214
2025-06-16 14:15:00,87539.23568398044
2025-06-16 14:30:00,87522.73964094698
2025-06-16 14:45:00,87542.92097019004
2025-06-16 15:00:00,87571.87679040834
2025-06-16 15:15:00,87537.65627560488
2025-06-17 09:15:00,87332.85965624267
2025-06-17 09:30:00,87325.13810418447
2025-06-17 09:45:00,87304.0793258439
2025-06-17 10:00:00,87224.40694778867
2025-06-17 10:15:00,87137.35785517056
2025-06-17 10:30:00,87137.35785517056
2025-06-17 10:45:00,87137.35785517056
2025-06-17 11:00:00,87137.35785517056
2025-06-17 11:15:00,87137.35785517056
2025-06-17 11:30:00,87137.35785517056
2025-06-17 11:45:00,87137.35785517056
2025-06-17 12:00:00,87137.35785517056
2025-06-17 12:15:00,87137.35785517056
2025-06-17 12:30:00,87137.35785517056
2025-06-17 12:45:00,87137.35785517056
2025-06-17 13:00:00,87137.35785517056
2025-06-17 13:15:00,87137.35785517056
2025-06-17 13:30:00,87137.35785517056
2025-06-17 13:45:00,87137.35785517056
2025-06-17 14:00:00,87137.35785517056
2025-06-17 14:15:00,87137.35785517056
2025-06-17 14:30:00,87137.35785517056
2025-06-17 14:45:00,87137.35785517056
2025-06-17 15:00:00,87137.35785517056
2025-06-17 15:15:00,87137.35785517056
2025-06-18 09:15:00,87137.35785517056
2025-06-18 09:30:00,87137.35785517056
2025-06-18 09:45:00,87137.35785517056
2025-06-18 10:00:00,87137.35785517056
2025-06-18 10:15:00,87137.35785517056
2025-06-18 10:30:00,87137.35785517056
2025-06-18 10:45:00,87137.35785517056
2025-06-18 11:00:00,87137.35785517056
2025-06-18 11:15:00,87137.35785517056
2025-06-18 11:30:00,87137.35785517056
2025-06-18 11:45:00,87137.35785517056
2025-06-18 12:00:00,87137.35785517056
2025-06-18 12:15:00,87137.35785517056
2025-06-18 12:30:00,87137.35785517056
2025-06-18 12:45:00,87137.35785517056
2025-06-18 13:00:00,87137.35785517056
2025-06-18 13:15:00,87137.35785517056
2025-06-18 13:30:00,87137.35785517056
2025-06-18 13:45:00,87137.35785517056
2025-06-18 14:00:00,87137.35785517056
2025-06-18 14:15:00,87137.35785517056
2025-06-18 14:30:00,87137.35785517056
2025-06-18 14:45:00,87137.35785517056
2025-06-18 15:00:00,87137.35785517056
2025-06-18 15:15:00,87137.35785517056
2025-06-19 09:15:00,87137.35785517056
2025-06-19 09:30:00,87137.35785517056
2025-06-19 09:45:00,87137.35785517056
2025-06-19 10:00:00,87137.35785517056
2025-06-19 10:15:00,87137.35785517056
2025-06-19 10:30:00,87137.35785517056
2025-06-19 10:45:00,87137.35785517056
2025-06-19 11:00:00,87137.35785517056
2025-06-19 11:15:00,87137.35785517056
2025-06-19 11:30:00,87137.35785517056
2025-06-19 11:45:00,87137.35785517056
2025-06-19 12:00:00,87137.35785517056
2025-06-19 12:15:00,87026.01244666896
2025-06-19 12:30:00,86982.68354442499
2025-06-19 12:45:00,86973.03540829779
2025-06-19 13:00:00,86989.52495004245
2025-06-19 13:15:00,86956.1950252394
2025-06-19 13:30:00,86970.75493975864
2025-06-19 13:45:00,87048.29087008994
2025-06-19 14:00:00,87122.31838728409
2025-06-19 14:15:00,87068.99050759921
2025-06-19 14:30:00,87025.13534338467
2025-06-19 14:45:00,87045.4841395802
2025-06-19 15:00:00,86979.70139325841
2025-06-19 15:15:00,86814.6305551549
2025-06-20 09:15:00,87114.59987838233
2025-06-20 09:30:00,87269.49631838808
2025-06-20 09:45:00,87237.21891752619
2025-06-20 10:00:00,87426.32238561925
2025-06-20 10:15:00,87741.7287266502
2025-06-20 10:30:00,87715.94189009204
2025-06-20 10:45:00,87692.61094272992
2025-06-20 11:00:00,87768.39266649264
2025-06-20 11:15:00,87724.36208162125
2025-06-20 11:30:00,87778.39164393357
2025-06-20 11:45:00,87814.7037199032
2025-06-20 12:00:00,87851.01579587284
2025-06-20 12:15:00,87647.00157194682
2025-06-20 12:30:00,87713.48600089605
2025-06-20 12:45:00,87789.26772465877
2025-06-20 13:00:00,87844.52523156909
2025-06-20 13:15:00,87946.09379188996
2025-06-20 13:30:00,87877.15347374471
2025-06-20 13:45:00,87846.27943813767
2025-06-20 14:00:00,87884.52114133275
2025-06-20 14:15:00,87838.38550857906
2025-06-20 14:30:00,87871.89085403895
2025-06-20 14:45:00,87871.89085403895
2025-06-20 15:00:00,88119.4094008658
2025-06-20 15:15:00,87990.12437676135
2025-06-23 09:15:00,87388.4315237379
2025-06-23 09:30:00,87258.79565831974
2025-06-23 09:45:00,87171.53686266142
2025-06-23 10:00:00,87171.53686266142
2025-06-23 10:15:00,87171.53686266142
2025-06-23 10:30:00,87171.53686266142
2025-06-23 10:45:00,87171.53686266142
2025-06-23 11:00:00,87171.53686266142
2025-06-23 11:15:00,87171.53686266142
2025-06-23 11:30:00,87146.8548333516
2025-06-23 11:45:00,87051.20050335451
2025-06-23 12:00:00,87073.01946548888
2025-06-23 12:15:00,87080.00153337188
2025-06-23 12:30:00,87140.04731716565
2025-06-23 12:45:00,87101.296840415
2025-06-23 13:00:00,87148.6003503223
2025-06-23 13:15:00,87381.97596931156
2025-06-23 13:30:00,87350.73121553514
2025-06-23 13:45:00,87343.40004425799
2025-06-23 14:00:00,87328.56315000661
2025-06-23 14:15:00,87275.32488239874
2025-06-23 14:30:00,87225.22854533822
2025-06-23 14:45:00,87230.63964794755
2025-06-23 15:00:00,87205.67875526584
2025-06-23 15:15:00,87132.36704249434
2025-06-24 09:15:00,87815.9816580222
2025-06-24 09:30:00,87646.00722692738
2025-06-24 09:45:00,87704.14477377459
2025-06-24 10:00:00,87842.00386689733
2025-06-24 10:15:00,87845.13702810467
2025-06-24 10:30:00,87776.2074815433
2025-06-24 10:45:00,87808.58348068576
2025-06-24 11:00:00,87924.8585743802
2025-06-24 11:15:00,88019.20153962329
2025-06-24 11:30:00,88011.71676562798
2025-06-24 11:45:00,88046.87779695475
2025-06-24 12:00:00,88107.1041179402
2025-06-24 12:15:00,88029.12321677984
2025-06-24 12:30:00,87662.89148454467
2025-06-24 12:45:00,87885.69405928851
2025-06-24 13:00:00,87667.0690328211
2025-06-24 13:15:00,87501.35961785539
2025-06-24 13:30:00,87417.33606717768
2025-06-24 13:45:00,87417.33606717768
2025-06-24 14:00:00,87417.33606717768
2025-06-24 14:15:00,87417.33606717768
2025-06-24 14:30:00,87417.33606717768
2025-06-24 14:45:00,87417.33606717768
2025-06-24 15:00:00,87417.33606717768
2025-06-24 15:15:00,87417.33606717768
2025-06-25 09:15:00,87417.33606717768
2025-06-25 09:30:00,87417.33606717768
2025-06-25 09:45:00,87383.48515855482
2025-06-25 10:00:00,87279.99274048279
2025-06-25 10:15:00,87397.18013515061
2025-06-25 10:30:00,87375.33751425099
2025-06-25 10:45:00,87388.68578257854
2025-06-25 11:00:00,87354.36166402198
2025-06-25 11:15:00,87412.78200722179
2025-06-25 11:30:00,87405.15442532033
2025-06-25 11:45:00,87415.38231923364
2025-06-25 12:00:00,87350.89458133951
2025-06-25 12:15:00,87387.29894950555
2025-06-25 12:30:00,87389.37919911505
2025-06-25 12:45:00,87398.91367649187
2025-06-25 13:00:00,87510.55373886773
2025-06-25 13:15:00,87574.00135195711
2025-06-25 13:30:00,87571.05433167699
2025-06-25 13:45:00,87495.47192919893
2025-06-25 14:00:00,87530.14275602372
2025-06-25 14:15:00,87572.44116474998
2025-06-25 14:30:00,87529.44933948723
2025-06-25 14:45:00,87494.6051585283
2025-06-25 15:00:00,87539.67723340054
2025-06-25 15:15:00,87496.51205400366
2025-06-26 09:15:00,87886.03879338028
2025-06-26 09:30:00,87880.4914610883
2025-06-26 09:45:00,88126.65433154439
2025-06-26 10:00:00,88016.05439397327
2025-06-26 10:15:00,87933.191117862
2025-06-26 10:30:00,87740.76802898437
2025-06-26 10:45:00,87780.98618810115
2025-06-26 11:00:00,87848.07423800712
2025-06-26 11:15:00,87846.68740493413
2025-06-26 11:30:00,87782.54637530824
2025-06-26 11:45:00,87870.263567175
2025-06-26 12:00:00,88051.41863733459
2025-06-26 12:15:00,88087.82300550063
2025-06-26 12:30:00,88071.52771689298
2025-06-26 12:45:00,87964.91492440671
2025-06-26 13:00:00,88037.72366073879
2025-06-26 13:15:00,88065.28696806451
2025-06-26 13:30:00,88209.69096178979
2025-06-26 13:45:00,88412.16859044663
2025-06-26 14:00:00,88465.90837202506
2025-06-26 14:15:00,88444.58581352781
2025-06-26 14:30:00,88430.0240662614
2025-06-26 14:45:00,88563.85345780513
2025-06-26 15:00:00,88556.57258417192
2025-06-26 15:15:00,88516.00771678692
2025-06-27 09:15:00,88544.43779478325
2025-06-27 09:30:00,88532.30300539457
2025-06-27 09:45:00,88567.84060288998
2025-06-27 10:00:00,88645.1565467093
2025-06-27 10:15:00,88607.19199133615
2025-06-27 10:30:00,88655.21108648849
2025-06-27 10:45:00,88773.7853142293
2025-06-27 11:00:00,88778.63922998478
2025-06-27 11:15:00,88761.30381657238
2025-06-27 11:30:00,88787.13358255684
2025-06-27 11:45:00,88792.16085244644
2025-06-27 12:00:00,88799.78843434791
2025-06-27 12:15:00,88843.99373854953
2025-06-27 12:30:00,88890.97270889714
2025-06-27 12:45:00,88897.04010359148
2025-06-27 13:00:00,88815.04359815083
2025-06-27 13:15:00,88877.45108643548
2025-06-27 13:30:00,88845.9006340249
2025-06-27 13:45:00,88870.69027520464
2025-06-27 14:00:00,88876.06425336249
2025-06-27 14:15:00,88810.70974479776
2025-06-27 14:30:00,88873.46394135065
2025-06-27 14:45:00,88859.59561062073
2025-06-27 15:00:00,88871.73040000942
2025-06-27 15:15:00,88869.82350453406
2025-06-30 09:15:00,88870.34356693643
2025-06-30 09:30:00,88724.03267773578
2025-06-30 09:45:00,88611.87255295756
2025-06-30 10:00:00,88710.16434700588
2025-06-30 10:15:00,88601.297950776
2025-06-30 10:30:00,88564.54687434172
2025-06-30 10:45:00,88476.67505058734
2025-06-30 11:00:00,88476.67505058734
2025-06-30 11:15:00,88476.67505058734
2025-06-30 11:30:00,88476.67505058734
2025-06-30 11:45:00,88476.67505058734
2025-06-30 12:00:00,88476.67505058734
2025-06-30 12:15:00,88476.67505058734
2025-06-30 12:30:00,88476.67505058734
2025-06-30 12:45:00,88476.67505058734
2025-06-30 13:00:00,88476.67505058734
2025-06-30 13:15:00,88476.67505058734
2025-06-30 13:30:00,88476.67505058734
2025-06-30 13:45:00,88476.67505058734
2025-06-30 14:00:00,88476.67505058734
2025-06-30 14:15:00,88476.67505058734
2025-06-30 14:30:00,88476.67505058734
2025-06-30 14:45:00,88476.67505058734
2025-06-30 15:00:00,88476.67505058734
2025-06-30 15:15:00,88476.67505058734
2025-07-01 09:15:00,88476.67505058734
2025-07-01 09:30:00,88408.58964370607
2025-07-01 09:45:00,88372.30009865899
2025-07-01 10:00:00,88239.92966291582
2025-07-01 10:15:00,88290.04379655227
2025-07-01 10:30:00,88280.020969825
2025-07-01 10:45:00,88204.15853994085
2025-07-01 11:00:00,88215.04540345498
2025-07-01 11:15:00,88222.64892717914
2025-07-01 11:30:00,88207.26907237347
2025-07-01 11:45:00,88184.97692327313
2025-07-01 12:00:00,88216.0822475992
2025-07-01 12:15:00,88276.04640060557
2025-07-01 12:30:00,88263.25865616041
2025-07-01 12:45:00,88250.12529700052
2025-07-01 13:00:00,88239.58404820113
2025-07-01 13:15:00,88228.1787626149
2025-07-01 13:30:00,88231.46210240487
2025-07-01 13:45:00,88237.164745198
2025-07-01 14:00:00,88310.95348679372
2025-07-01 14:15:00,88251.68056321683
2025-07-01 14:30:00,88221.61208303495
2025-07-01 14:45:00,88253.23582943314
2025-07-01 15:00:00,88260.49373844254
2025-07-01 15:15:00,88245.80511306634
2025-07-02 09:15:00,88369.8807956559
2025-07-02 09:30:00,88255.82793979364
2025-07-02 09:45:00,88249.60687492842
2025-07-02 10:00:00,88221.95769774969
2025-07-02 10:15:00,88213.14452252397
2025-07-02 10:30:00,88103.23904323851
2025-07-02 10:45:00,88014.09999689522
2025-07-02 11:00:00,88014.09999689522
2025-07-02 11:15:00,88014.09999689522
2025-07-02 11:30:00,88014.09999689522
2025-07-02 11:45:00,88014.09999689522
2025-07-02 12:00:00,88014.09999689522
2025-07-02 12:15:00,88014.09999689522
2025-07-02 12:30:00,88014.09999689522
2025-07-02 12:45:00,88014.09999689522
2025-07-02 13:00:00,88014.09999689522
2025-07-02 13:15:00,88014.09999689522
2025-07-02 13:30:00,88014.09999689522
2025-07-02 13:45:00,88014.09999689522
2025-07-02 14:00:00,88014.09999689522
2025-07-02 14:15:00,88014.09999689522
2025-07-02 14:30:00,88014.09999689522
2025-07-02 14:45:00,88014.09999689522
2025-07-02 15:00:00,88014.09999689522
2025-07-02 15:15:00,88014.09999689522
2025-07-03 09:15:00,88014.09999689522
2025-07-03 09:30:00,88014.09999689522
2025-07-03 09:45:00,88014.09999689522
2025-07-03 10:00:00,87916.104445862
2025-07-03 10:15:00,87950.52324253894
2025-07-03 10:30:00,87932.62546826694
2025-07-03 10:45:00,87875.14607781648
2025-07-03 11:00:00,87954.4814041568
2025-07-03 11:15:00,87904.40205499188
2025-07-03 11:30:00,87812.3317738811
2025-07-03 11:45:00,87817.49459338265
2025-07-03 12:00:00,87781.52695085526
2025-07-03 12:15:00,87808.02942429649
2025-07-03 12:30:00,87831.26211205342
2025-07-03 12:45:00,87809.92245811372
2025-07-03 13:00:00,87793.91771765894
2025-07-03 13:15:00,87703.88881537908
2025-07-03 13:30:00,87703.88881537908
2025-07-03 13:45:00,87703.88881537908
2025-07-03 14:00:00,87703.88881537908
2025-07-03 14:15:00,87703.88881537908
2025-07-03 14:30:00,87703.88881537908
2025-07-03 14:45:00,87703.88881537908
2025-07-03 15:00:00,87703.88881537908
2025-07-03 15:15:00,87703.88881537908
2025-07-04 09:15:00,87703.88881537908
2025-07-04 09:30:00,87703.88881537908
2025-07-04 09:45:00,87703.88881537908
2025-07-04 10:00:00,87703.88881537908
2025-07-04 10:15:00,87703.88881537908
2025-07-04 10:30:00,87703.88881537908
2025-07-04 10:45:00,87703.88881537908
2025-07-04 11:00:00,87703.88881537908
2025-07-04 11:15:00,87703.88881537908
2025-07-04 11:30:00,87703.88881537908
2025-07-04 11:45:00,87703.88881537908
2025-07-04 12:00:00,87703.88881537908
2025-07-04 12:15:00,87703.88881537908
2025-07-04 12:30:00,87703.88881537908
2025-07-04 12:45:00,87703.88881537908
2025-07-04 13:00:00,87703.88881537908
2025-07-04 13:15:00,87703.88881537908
2025-07-04 13:30:00,87703.88881537908
2025-07-04 13:45:00,87703.88881537908
2025-07-04 14:00:00,87617.39299956748
2025-07-04 14:15:00,87634.4786034781
2025-07-04 14:30:00,87859.87050961188
2025-07-04 14:45:00,87856.7640361736
2025-07-04 15:00:00,87888.34651612955
2025-07-04 15:15:00,87905.60470189783
2025-07-07 09:15:00,87809.30402531082
2025-07-07 09:30:00,87850.7236711547
2025-07-07 09:45:00,87885.93037012198
2025-07-07 10:00:00,87796.18780412691
2025-07-07 10:15:00,87793.77165811937
2025-07-07 10:30:00,87842.09457827057
2025-07-07 10:45:00,87909.0563390515
2025-07-07 11:00:00,87870.74316664592
2025-07-07 11:15:00,87856.76403617361
2025-07-07 11:30:00,87852.44948973155
2025-07-07 11:45:00,87806.19755187254
2025-07-07 12:00:00,87775.99572677804
2025-07-07 12:15:00,87837.26228625544
2025-07-07 12:30:00,87844.85588799349
2025-07-07 12:45:00,87760.80852330194
2025-07-07 13:00:00,87840.02359597836
2025-07-07 13:15:00,87836.74454068238
2025-07-07 13:30:00,87853.6575627353
2025-07-07 13:45:00,87841.40425083983
2025-07-07 14:00:00,87851.24141672773
2025-07-07 14:15:00,87855.03821759675
2025-07-07 14:30:00,87758.73754100973
2025-07-07 14:45:00,87813.96373546825
2025-07-07 15:00:00,87878.50935024164
2025-07-07 15:15:00,87861.25116447336
2025-07-08 09:15:00,87928.38550711199
2025-07-08 09:30:00,87918.54834122406
2025-07-08 09:45:00,87871.95123964969
2025-07-08 10:00:00,87837.95261368617
2025-07-08 10:15:00,87841.05908712445
2025-07-08 10:30:00,87832.08483052495
2025-07-08 10:45:00,87848.82527072019
2025-07-08 11:00:00,87797.74104084609
2025-07-08 11:15:00,87830.18643009047
2025-07-08 11:30:00,87798.08620456146
2025-07-08 11:45:00,87842.61232384363
2025-07-08 12:00:00,87843.82039684741
2025-07-08 12:15:00,87899.90950059432
2025-07-08 12:30:00,87907.84826604773
2025-07-08 12:45:00,87925.79677924675
2025-07-08 13:00:00,87930.2839075465
2025-07-08 13:15:00,87925.10645181601
2025-07-08 13:30:00,87912.68055806284
2025-07-08 13:45:00,87930.97423497723
2025-07-08 14:00:00,87880.7529143915
2025-07-08 14:15:00,87869.53509364212
2025-07-08 14:30:00,87854.17530830836
2025-07-08 14:45:00,87955.65344062586
2025-07-08 15:00:00,88141.00635577722
2025-07-08 15:15:00,88096.48023649504
2025-07-09 09:15:00,87958.75991406414
2025-07-09 09:30:00,87961.003478214
2025-07-09 09:45:00,88076.80590471918
2025-07-09 10:00:00,88112.18518554416
2025-07-09 10:15:00,88081.29303301894
2025-07-09 10:30:00,88107.8706391021
2025-07-09 10:45:00,88097.51572764113
2025-07-09 11:00:00,88134.62082704293
2025-07-09 11:15:00,88171.38076272937
2025-07-09 11:30:00,88125.12882487038
2025-07-09 11:45:00,88084.39950645722
2025-07-09 12:00:00,88147.73704822683
2025-07-09 12:15:00,88156.0209773956
2025-07-09 12:30:00,88131.68693546232
2025-07-09 12:45:00,88125.99173415879
2025-07-09 13:00:00,88104.41900194844
2025-07-09 13:15:00,88128.92562573939
2025-07-09 13:30:00,88108.38838467513
2025-07-09 13:45:00,88119.7787872822
2025-07-09 14:00:00,88121.33202400134
2025-07-09 14:15:00,87989.30690287397
2025-07-09 14:30:00,87911.29990320133
2025-07-09 14:45:00,87824.76787750474
2025-07-09 15:00:00,87824.76787750474
2025-07-09 15:15:00,87824.76787750474
2025-07-10 09:15:00,87824.76787750474
2025-07-10 09:30:00,87824.76787750474
2025-07-10 09:45:00,87824.76787750474
2025-07-10 10:00:00,87824.76787750474
2025-07-10 10:15:00,87824.76787750474
2025-07-10 10:30:00,87824.76787750474
2025-07-10 10:45:00,87824.76787750474
2025-07-10 11:00:00,87824.76787750474
2025-07-10 11:15:00,87824.76787750474
2025-07-10 11:30:00,87824.76787750474
2025-07-10 11:45:00,87824.76787750474
2025-07-10 12:00:00,87824.76787750474
2025-07-10 12:15:00,87824.76787750474
2025-07-10 12:30:00,87824.76787750474
2025-07-10 12:45:00,87824.76787750474
2025-07-10 13:00:00,87824.76787750474
2025-07-10 13:15:00,87824.76787750474
2025-07-10 13:30:00,87824.76787750474
2025-07-10 13:45:00,87824.76787750474
2025-07-10 14:00:00,87824.76787750474
2025-07-10 14:15:00,87824.76787750474
2025-07-10 14:30:00,87824.76787750474
2025-07-10 14:45:00,87824.76787750474
2025-07-10 15:00:00,87824.76787750474
2025-07-10 15:15:00,87824.76787750474
2025-07-11 09:15:00,87824.76787750474
2025-07-11 09:30:00,87824.76787750474
2025-07-11 09:45:00,87824.76787750474
2025-07-11 10:00:00,87824.76787750474
2025-07-11 10:15:00,87824.76787750474
2025-07-11 10:30:00,87824.76787750474
2025-07-11 10:45:00,87824.76787750474
2025-07-11 11:00:00,87824.76787750474
2025-07-11 11:15:00,87824.76787750474
2025-07-11 11:30:00,87824.76787750474
2025-07-11 11:45:00,87824.76787750474
2025-07-11 12:00:00,87824.76787750474
2025-07-11 12:15:00,87824.76787750474
2025-07-11 12:30:00,87824.76787750474
2025-07-11 12:45:00,87824.76787750474
2025-07-11 13:00:00,87824.76787750474
2025-07-11 13:15:00,87824.76787750474
2025-07-11 13:30:00,87824.76787750474
2025-07-11 13:45:00,87824.76787750474
2025-07-11 14:00:00,87824.76787750474
2025-07-11 14:15:00,87824.76787750474
2025-07-11 14:30:00,87824.76787750474
2025-07-11 14:45:00,87824.76787750474
2025-07-11 15:00:00,87824.76787750474
2025-07-11 15:15:00,87824.76787750474
2025-07-14 09:15:00,87824.76787750474
2025-07-14 09:30:00,87824.76787750474
2025-07-14 09:45:00,87824.76787750474
2025-07-14 10:00:00,87824.76787750474
2025-07-14 10:15:00,87824.76787750474
2025-07-14 10:30:00,87824.76787750474
2025-07-14 10:45:00,87824.76787750474
2025-07-14 11:00:00,87824.76787750474
2025-07-14 11:15:00,87824.76787750474
2025-07-14 11:30:00,87824.76787750474
2025-07-14 11:45:00,87824.76787750474
2025-07-14 12:00:00,87824.76787750474
2025-07-14 12:15:00,87824.76787750474
2025-07-14 12:30:00,87824.76787750474
2025-07-14 12:45:00,87824.76787750474
2025-07-14 13:00:00,87824.76787750474
2025-07-14 13:15:00,87824.76787750474
2025-07-14 13:30:00,87824.76787750474
2025-07-14 13:45:00,87824.76787750474
2025-07-14 14:00:00,87824.76787750474
2025-07-14 14:15:00,87824.76787750474
2025-07-14 14:30:00,87824.76787750474
2025-07-14 14:45:00,87824.76787750474
2025-07-14 15:00:00,87824.76787750474
2025-07-14 15:15:00,87824.76787750474
2025-07-15 09:15:00,87824.76787750474
2025-07-15 09:30:00,87575.41024249588
2025-07-15 09:45:00,87575.06135941352
2025-07-15 10:00:00,87668.21314240288
2025-07-15 10:15:00,87674.14415480295
2025-07-15 10:30:00,87780.20461183951
2025-07-15 10:45:00,87893.59161360556
2025-07-15 11:00:00,87993.19773361854
2025-07-15 11:15:00,87959.87939925342
2025-07-15 11:30:00,87999.65207064214
2025-07-15 11:45:00,87934.75981732373
2025-07-15 12:00:00,87939.29529739438
2025-07-15 12:15:00,87929.87545417073
2025-07-15 12:30:00,87973.31139792419
2025-07-15 12:45:00,87947.1451667474
2025-07-15 13:00:00,87933.18984345312
2025-07-15 13:15:00,87873.00751174652
2025-07-15 13:30:00,87858.70330536987
2025-07-15 13:45:00,87896.20823672325
2025-07-15 14:00:00,87865.680967017
2025-07-15 14:15:00,87854.86559146394
2025-07-15 14:30:00,87842.65468358144
2025-07-15 14:45:00,87778.98352105127
2025-07-15 15:00:00,87695.73548212078
2025-07-15 15:15:00,87695.73548212078
2025-07-16 09:15:00,87695.73548212078
2025-07-16 09:30:00,87695.73548212078
2025-07-16 09:45:00,87695.73548212078
2025-07-16 10:00:00,87695.73548212078
2025-07-16 10:15:00,87695.73548212078
2025-07-16 10:30:00,87695.73548212078
2025-07-16 10:45:00,87695.73548212078
2025-07-16 11:00:00,87695.73548212078
2025-07-16 11:15:00,87695.73548212078
2025-07-16 11:30:00,87695.73548212078
2025-07-16 11:45:00,87695.73548212078
2025-07-16 12:00:00,87695.73548212078
2025-07-16 12:15:00,87695.73548212078
2025-07-16 12:30:00,87695.73548212078
2025-07-16 12:45:00,87620.72656465485
2025-07-16 13:00:00,87641.92919202437
2025-07-16 13:15:00,87614.12246760534
2025-07-16 13:30:00,87641.75539999676
2025-07-16 13:45:00,87652.00912962628
2025-07-16 14:00:00,87743.24994412623
2025-07-16 14:15:00,87677.9041417415
2025-07-16 14:30:00,87708.83912265766
2025-07-16 14:45:00,87686.76753515005
2025-07-16 15:00:00,87617.25072410246
2025-07-16 15:15:00,87586.14195115866
2025-07-17 09:15:00,87625.24515737292
2025-07-17 09:30:00,87560.42073107105
2025-07-17 09:45:00,87553.12146591104
2025-07-17 10:00:00,87452.49588191966
2025-07-17 10:15:00,87373.8979160529
2025-07-17 10:30:00,87373.8979160529
2025-07-17 10:45:00,87373.8979160529
2025-07-17 11:00:00,87373.8979160529
2025-07-17 11:15:00,87373.8979160529
2025-07-17 11:30:00,87373.8979160529
2025-07-17 11:45:00,87373.8979160529
2025-07-17 12:00:00,87373.8979160529
2025-07-17 12:15:00,87373.8979160529
2025-07-17 12:30:00,87373.8979160529
2025-07-17 12:45:00,87237.84624438522
2025-07-17 13:00:00,87194.19215546917
2025-07-17 13:15:00,87192.11338933032
2025-07-17 13:30:00,87200.25522337419
2025-07-17 13:45:00,87230.05087136451
2025-07-17 14:00:00,87155.73498190028
2025-07-17 14:15:00,87076.04894657734
2025-07-17 14:30:00,87094.93107233864
2025-07-17 14:45:00,87015.93795906201
2025-07-17 15:00:00,86935.49819778324
2025-07-17 15:15:00,86935.49819778324
2025-07-18 09:15:00,86935.49819778324
2025-07-18 09:30:00,86935.49819778324
2025-07-18 09:45:00,86935.49819778324
2025-07-18 10:00:00,86935.49819778324
2025-07-18 10:15:00,86935.49819778324
2025-07-18 10:30:00,86935.49819778324
2025-07-18 10:45:00,86935.49819778324
2025-07-18 11:00:00,86935.49819778324
2025-07-18 11:15:00,86935.49819778324
2025-07-18 11:30:00,86935.49819778324
2025-07-18 11:45:00,86935.49819778324
2025-07-18 12:00:00,86935.49819778324
2025-07-18 12:15:00,86935.49819778324
2025-07-18 12:30:00,86935.49819778324
2025-07-18 12:45:00,86935.49819778324
2025-07-18 13:00:00,86935.49819778324
2025-07-18 13:15:00,86935.49819778324
2025-07-18 13:30:00,86935.49819778324
2025-07-18 13:45:00,86935.49819778324
2025-07-18 14:00:00,86935.49819778324
2025-07-18 14:15:00,86935.49819778324
2025-07-18 14:30:00,86773.8300391167
2025-07-18 14:45:00,86804.93968149787
2025-07-18 15:00:00,86797.6402123358
2025-07-18 15:15:00,86785.30063351421
2025-07-21 09:15:00,86556.23633933325
2025-07-21 09:30:00,86685.36742474786
2025-07-21 09:45:00,87020.969209318
2025-07-21 10:00:00,87081.10293146264
2025-07-21 10:15:00,87052.94783612325
2025-07-21 10:30:00,87077.10560311198
2025-07-21 10:45:00,87107.69385483873
2025-07-21 11:00:00,87126.81151216793
2025-07-21 11:15:00,87084.57886915884
2025-07-21 11:30:00,86964.83281552403
2025-07-21 11:45:00,87047.03874203967
2025-07-21 12:00:00,87053.99061743211
2025-07-21 12:15:00,86999.24459871663
2025-07-21 12:30:00,87057.64035201314
2025-07-21 12:45:00,87036.610928951
2025-07-21 13:00:00,87060.94249282456
2025-07-21 13:15:00,87052.77403923844
2025-07-21 13:30:00,87043.91039811306
2025-07-21 13:45:00,86941.37023607454
2025-07-21 14:00:00,86984.99325416212
2025-07-21 14:15:00,87012.27936507745
2025-07-21 14:30:00,87005.1536928002
2025-07-21 14:45:00,87073.80346230057
2025-07-21 15:00:00,87204.67251656328
2025-07-21 15:15:00,87222.74739258362
2025-07-22 09:15:00,87329.4586798576
2025-07-22 09:30:00,87278.01480195354
2025-07-22 09:45:00,87237.52012779257
2025-07-22 10:00:00,87284.44528669155
2025-07-22 10:15:00,87252.98805054076
2025-07-22 10:30:00,87203.80353213924
2025-07-22 10:45:00,87196.8516567468
2025-07-22 11:00:00,87148.70991965415
2025-07-22 11:15:00,87108.5628392628
2025-07-22 11:30:00,87117.07888661855
2025-07-22 11:45:00,87195.1136878987
2025-07-22 12:00:00,87159.48532651244
2025-07-22 12:15:00,87244.64580006986
2025-07-22 12:30:00,87281.66453653462
2025-07-22 12:45:00,87300.0870063246
2025-07-22 13:00:00,87218.92386111784
2025-07-22 13:15:00,87180.34095268979
2025-07-22 13:30:00,87177.38640564801
2025-07-22 13:45:00,87207.1056729507
2025-07-22 14:00:00,87198.93721936458
2025-07-22 14:15:00,87140.02007541363
2025-07-22 14:30:00,87124.20455889583
2025-07-22 14:45:00,87129.93985609458
2025-07-22 15:00:00,87101.78476075521
2025-07-22 15:15:00,87014.68297599445
2025-07-23 09:15:00,87014.68297599445
2025-07-23 09:30:00,87014.68297599445
2025-07-23 09:45:00,87014.68297599445
2025-07-23 10:00:00,87014.68297599445
2025-07-23 10:15:00,87014.68297599445
2025-07-23 10:30:00,87014.68297599445
2025-07-23 10:45:00,86952.58857896863
2025-07-23 11:00:00,86971.27879343125
2025-07-23 11:15:00,86961.5875711173
2025-07-23 11:30:00,86962.27980128258
2025-07-23 11:45:00,86997.06436708801
2025-07-23 12:00:00,87054.34641326511
2025-07-23 12:15:00,87129.79950128088
2025-07-23 12:30:00,87125.6461202892
2025-07-23 12:45:00,87113.1859773141
2025-07-23 13:00:00,87079.78587183924
2025-07-23 13:15:00,87106.95590582654
2025-07-23 13:30:00,87116.99324322314
2025-07-23 13:45:00,87191.92715861494
2025-07-23 14:00:00,87250.24755003997
2025-07-23 14:15:00,87205.07953175531
2025-07-23 14:30:00,87256.99679415148
2025-07-23 14:45:00,87264.43826842825
2025-07-23 15:00:00,87322.58560231196
2025-07-23 15:15:00,87252.84341315979
2025-07-24 09:15:00,87181.71676367705
2025-07-24 09:30:00,87176.52503743743
2025-07-24 09:45:00,87137.06791801634
2025-07-24 10:00:00,87077.19000871944
2025-07-24 10:15:00,86990.45858767828
2025-07-24 10:30:00,86990.45858767828
2025-07-24 10:45:00,86990.45858767828
2025-07-24 11:00:00,86990.45858767828
2025-07-24 11:15:00,86990.45858767828
2025-07-24 11:30:00,86990.45858767828
2025-07-24 11:45:00,86990.45858767828
2025-07-24 12:00:00,86990.45858767828
2025-07-24 12:15:00,86990.45858767828
2025-07-24 12:30:00,86990.45858767828
2025-07-24 12:45:00,86990.45858767828
2025-07-24 13:00:00,86990.45858767828
2025-07-24 13:15:00,86990.45858767828
2025-07-24 13:30:00,86990.45858767828
2025-07-24 13:45:00,86990.45858767828
2025-07-24 14:00:00,86990.45858767828
2025-07-24 14:15:00,86990.45858767828
2025-07-24 14:30:00,86990.45858767828
2025-07-24 14:45:00,86990.45858767828
2025-07-24 15:00:00,86990.45858767828
2025-07-24 15:15:00,86990.45858767828
2025-07-25 09:15:00,86990.45858767828
2025-07-25 09:30:00,86990.45858767828
2025-07-25 09:45:00,86990.45858767828
2025-07-25 10:00:00,86990.45858767828
2025-07-25 10:15:00,86990.45858767828
2025-07-25 10:30:00,86990.45858767828
2025-07-25 10:45:00,86990.45858767828
2025-07-25 11:00:00,86990.45858767828
2025-07-25 11:15:00,86990.45858767828
2025-07-25 11:30:00,86990.45858767828
2025-07-25 11:45:00,86990.45858767828
2025-07-25 12:00:00,86990.45858767828
2025-07-25 12:15:00,86990.45858767828
2025-07-25 12:30:00,86990.45858767828
2025-07-25 12:45:00,86990.45858767828
2025-07-25 13:00:00,86990.45858767828
2025-07-25 13:15:00,86990.45858767828
2025-07-25 13:30:00,86990.45858767828
2025-07-25 13:45:00,86990.45858767828
2025-07-25 14:00:00,86990.45858767828
2025-07-25 14:15:00,86990.45858767828
2025-07-25 14:30:00,86990.45858767828
2025-07-25 14:45:00,86990.45858767828
2025-07-25 15:00:00,86990.45858767828
2025-07-25 15:15:00,86990.45858767828
