date,equity
2022-01-10 09:15:00,100000.0
2022-01-10 09:30:00,100000.0
2022-01-10 09:45:00,100000.0
2022-01-10 10:00:00,100000.0
2022-01-10 10:15:00,100000.0
2022-01-10 10:30:00,100000.0
2022-01-10 10:45:00,100000.0
2022-01-10 11:00:00,100000.0
2022-01-10 11:15:00,100000.0
2022-01-10 11:30:00,100000.0
2022-01-10 11:45:00,100000.0
2022-01-10 12:00:00,100000.0
2022-01-10 12:15:00,100000.0
2022-01-10 12:30:00,100000.0
2022-01-10 12:45:00,100000.0
2022-01-10 13:00:00,100000.0
2022-01-10 13:15:00,100000.0
2022-01-10 13:30:00,100000.0
2022-01-10 13:45:00,100000.0
2022-01-10 14:00:00,100000.0
2022-01-10 14:15:00,100000.0
2022-01-10 14:30:00,100000.0
2022-01-10 14:45:00,100000.0
2022-01-10 15:00:00,100000.0
2022-01-10 15:15:00,100000.0
2022-01-11 09:15:00,100000.0
2022-01-11 09:30:00,100000.0
2022-01-11 09:45:00,100000.0
2022-01-11 10:00:00,100000.0
2022-01-11 10:15:00,100000.0
2022-01-11 10:30:00,100000.0
2022-01-11 10:45:00,100000.0
2022-01-11 11:00:00,100000.0
2022-01-11 11:15:00,100000.0
2022-01-11 11:30:00,100000.0
2022-01-11 11:45:00,100000.0
2022-01-11 12:00:00,100000.0
2022-01-11 12:15:00,100000.0
2022-01-11 12:30:00,100000.0
2022-01-11 12:45:00,100000.0
2022-01-11 13:00:00,100000.0
2022-01-11 13:15:00,100000.0
2022-01-11 13:30:00,100000.0
2022-01-11 13:45:00,100000.0
2022-01-11 14:00:00,100000.0
2022-01-11 14:15:00,100000.0
2022-01-11 14:30:00,100000.0
2022-01-11 14:45:00,100000.0
2022-01-11 15:00:00,100000.0
2022-01-11 15:15:00,100000.0
2022-01-12 09:15:00,100000.0
2022-01-12 09:30:00,100000.0
2022-01-12 09:45:00,100000.0
2022-01-12 10:00:00,100000.0
2022-01-12 10:15:00,100000.0
2022-01-12 10:30:00,100000.0
2022-01-12 10:45:00,100000.0
2022-01-12 11:00:00,100000.0
2022-01-12 11:15:00,100000.0
2022-01-12 11:30:00,100000.0
2022-01-12 11:45:00,100000.0
2022-01-12 12:00:00,100000.0
2022-01-12 12:15:00,100000.0
2022-01-12 12:30:00,100000.0
2022-01-12 12:45:00,100000.0
2022-01-12 13:00:00,100000.0
2022-01-12 13:15:00,100000.0
2022-01-12 13:30:00,100000.0
2022-01-12 13:45:00,100000.0
2022-01-12 14:00:00,100000.0
2022-01-12 14:15:00,100000.0
2022-01-12 14:30:00,100000.0
2022-01-12 14:45:00,100000.0
2022-01-12 15:00:00,100000.0
2022-01-12 15:15:00,100000.0
2022-01-13 09:15:00,100000.0
2022-01-13 09:30:00,100000.0
2022-01-13 09:45:00,100000.0
2022-01-13 10:00:00,100000.0
2022-01-13 10:15:00,100000.0
2022-01-13 10:30:00,100000.0
2022-01-13 10:45:00,100000.0
2022-01-13 11:00:00,100000.0
2022-01-13 11:15:00,100000.0
2022-01-13 11:30:00,100000.0
2022-01-13 11:45:00,100000.0
2022-01-13 12:00:00,100000.0
2022-01-13 12:15:00,100000.0
2022-01-13 12:30:00,100000.0
2022-01-13 12:45:00,100000.0
2022-01-13 13:00:00,100000.0
2022-01-13 13:15:00,100000.0
2022-01-13 13:30:00,100000.0
2022-01-13 13:45:00,100000.0
2022-01-13 14:00:00,100000.0
2022-01-13 14:15:00,100000.0
2022-01-13 14:30:00,100000.0
2022-01-13 14:45:00,100000.0
2022-01-13 15:00:00,100000.0
2022-01-13 15:15:00,100000.0
2022-01-14 09:15:00,100000.0
2022-01-14 09:30:00,100000.0
2022-01-14 09:45:00,100000.0
2022-01-14 10:00:00,100000.0
2022-01-14 10:15:00,100000.0
2022-01-14 10:30:00,100000.0
2022-01-14 10:45:00,100000.0
2022-01-14 11:00:00,100000.0
2022-01-14 11:15:00,100000.0
2022-01-14 11:30:00,100000.0
2022-01-14 11:45:00,100000.0
2022-01-14 12:00:00,100000.0
2022-01-14 12:15:00,100000.0
2022-01-14 12:30:00,100000.0
2022-01-14 12:45:00,100000.0
2022-01-14 13:00:00,100000.0
2022-01-14 13:15:00,100000.0
2022-01-14 13:30:00,100000.0
2022-01-14 13:45:00,100000.0
2022-01-14 14:00:00,99856.86220770252
2022-01-14 14:15:00,99918.49751142881
2022-01-14 14:30:00,99917.4017726959
2022-01-14 14:45:00,100033.00220901807
2022-01-14 15:00:00,100014.64858524181
2022-01-14 15:15:00,99906.71832005001
2022-01-17 09:15:00,100023.14056042187
2022-01-17 09:30:00,100059.84780797442
2022-01-17 09:45:00,100046.69894317948
2022-01-17 10:00:00,100198.45875768774
2022-01-17 10:15:00,100107.51244285608
2022-01-17 10:30:00,100188.87104377475
2022-01-17 10:45:00,100268.03816722761
2022-01-17 11:00:00,100259.82012673077
2022-01-17 11:15:00,100215.71664273109
2022-01-17 11:30:00,100208.32040628392
2022-01-17 11:45:00,100300.08852516527
2022-01-17 12:00:00,100231.05698499184
2022-01-17 12:15:00,100243.11011105387
2022-01-17 12:30:00,100245.5755232029
2022-01-17 12:45:00,100189.96678250765
2022-01-17 13:00:00,100235.16600524026
2022-01-17 13:15:00,100236.26174397317
2022-01-17 13:30:00,100080.11897453327
2022-01-17 13:45:00,100270.22964469342
2022-01-17 14:00:00,100249.13667408488
2022-01-17 14:15:00,100300.36245984847
2022-01-17 14:30:00,100268.31210191082
2022-01-17 14:45:00,100297.89704769943
2022-01-17 15:00:00,100291.04868061873
2022-01-17 15:15:00,100313.23738996018
2022-01-18 09:15:00,100492.66460747445
2022-01-18 09:30:00,100024.23629915473
2022-01-18 09:45:00,99815.7720052183
2022-01-18 10:00:00,99920.14111952814
2022-01-18 10:15:00,99896.58273677054
2022-01-18 10:30:00,99897.67847550343
2022-01-18 10:45:00,99926.71555192562
2022-01-18 11:00:00,99907.54012409967
2022-01-18 11:15:00,100012.73104245919
2022-01-18 11:30:00,100043.68566166396
2022-01-18 11:45:00,100025.87990725414
2022-01-18 12:00:00,100017.93580144053
2022-01-18 12:15:00,100048.61648596206
2022-01-18 12:30:00,100064.50469758928
2022-01-18 12:45:00,100178.18759112887
2022-01-18 13:00:00,100318.7160836248
2022-01-18 13:15:00,100261.73766951337
2022-01-18 13:30:00,100136.82345396145
2022-01-18 13:45:00,100053.27337557694
2022-01-18 14:00:00,100154.08133900481
2022-01-18 14:15:00,99962.60099542851
2022-01-18 14:30:00,99912.6196949308
2022-01-18 14:45:00,99912.6196949308
2022-01-18 15:00:00,99912.6196949308
2022-01-18 15:15:00,99912.6196949308
2022-01-19 09:15:00,99912.6196949308
2022-01-19 09:30:00,99912.6196949308
2022-01-19 09:45:00,99912.6196949308
2022-01-19 10:00:00,99912.6196949308
2022-01-19 10:15:00,99912.6196949308
2022-01-19 10:30:00,99912.6196949308
2022-01-19 10:45:00,99912.6196949308
2022-01-19 11:00:00,99912.6196949308
2022-01-19 11:15:00,99912.6196949308
2022-01-19 11:30:00,99912.6196949308
2022-01-19 11:45:00,99912.6196949308
2022-01-19 12:00:00,99912.6196949308
2022-01-19 12:15:00,99912.6196949308
2022-01-19 12:30:00,99912.6196949308
2022-01-19 12:45:00,99912.6196949308
2022-01-19 13:00:00,99912.6196949308
2022-01-19 13:15:00,99912.6196949308
2022-01-19 13:30:00,99912.6196949308
2022-01-19 13:45:00,99912.6196949308
2022-01-19 14:00:00,99912.6196949308
2022-01-19 14:15:00,99912.6196949308
2022-01-19 14:30:00,99912.6196949308
2022-01-19 14:45:00,99912.6196949308
2022-01-19 15:00:00,99912.6196949308
2022-01-19 15:15:00,99912.6196949308
2022-01-20 09:15:00,99912.6196949308
2022-01-20 09:30:00,99912.6196949308
2022-01-20 09:45:00,99912.6196949308
2022-01-20 10:00:00,99912.6196949308
2022-01-20 10:15:00,99912.6196949308
2022-01-20 10:30:00,99912.6196949308
2022-01-20 10:45:00,99912.6196949308
2022-01-20 11:00:00,99912.6196949308
2022-01-20 11:15:00,99912.6196949308
2022-01-20 11:30:00,99912.6196949308
2022-01-20 11:45:00,99912.6196949308
2022-01-20 12:00:00,99912.6196949308
2022-01-20 12:15:00,99912.6196949308
2022-01-20 12:30:00,99912.6196949308
2022-01-20 12:45:00,99912.6196949308
2022-01-20 13:00:00,99912.6196949308
2022-01-20 13:15:00,99912.6196949308
2022-01-20 13:30:00,99912.6196949308
2022-01-20 13:45:00,99912.6196949308
2022-01-20 14:00:00,99912.6196949308
2022-01-20 14:15:00,99912.6196949308
2022-01-20 14:30:00,99912.6196949308
2022-01-20 14:45:00,99912.6196949308
2022-01-20 15:00:00,99912.6196949308
2022-01-20 15:15:00,99912.6196949308
2022-01-21 09:15:00,99912.6196949308
2022-01-21 09:30:00,99912.6196949308
2022-01-21 09:45:00,99912.6196949308
2022-01-21 10:00:00,99912.6196949308
2022-01-21 10:15:00,99912.6196949308
2022-01-21 10:30:00,99912.6196949308
2022-01-21 10:45:00,99912.6196949308
2022-01-21 11:00:00,99912.6196949308
2022-01-21 11:15:00,99912.6196949308
2022-01-21 11:30:00,99912.6196949308
2022-01-21 11:45:00,99912.6196949308
2022-01-21 12:00:00,99912.6196949308
2022-01-21 12:15:00,99912.6196949308
2022-01-21 12:30:00,99912.6196949308
2022-01-21 12:45:00,99912.6196949308
2022-01-21 13:00:00,100038.72072708991
2022-01-21 13:15:00,99581.48031077112
2022-01-21 13:30:00,99488.7888048672
2022-01-21 13:45:00,99630.36942821436
2022-01-21 14:00:00,99467.3115047187
2022-01-21 14:15:00,99333.64357089993
2022-01-21 14:30:00,99281.71711106203
2022-01-21 14:45:00,99281.71711106203
2022-01-21 15:00:00,99281.71711106203
2022-01-21 15:15:00,99281.71711106203
2022-01-24 09:15:00,99281.71711106203
2022-01-24 09:30:00,99281.71711106203
2022-01-24 09:45:00,99281.71711106203
2022-01-24 10:00:00,99281.71711106203
2022-01-24 10:15:00,99281.71711106203
2022-01-24 10:30:00,99281.71711106203
2022-01-24 10:45:00,99281.71711106203
2022-01-24 11:00:00,99281.71711106203
2022-01-24 11:15:00,99281.71711106203
2022-01-24 11:30:00,99281.71711106203
2022-01-24 11:45:00,99281.71711106203
2022-01-24 12:00:00,99281.71711106203
2022-01-24 12:15:00,99281.71711106203
2022-01-24 12:30:00,99281.71711106203
2022-01-24 12:45:00,99281.71711106203
2022-01-24 13:00:00,99281.71711106203
2022-01-24 13:15:00,99281.71711106203
2022-01-24 13:30:00,99281.71711106203
2022-01-24 13:45:00,99281.71711106203
2022-01-24 14:00:00,99281.71711106203
2022-01-24 14:15:00,99281.71711106203
2022-01-24 14:30:00,99281.71711106203
2022-01-24 14:45:00,99281.71711106203
2022-01-24 15:00:00,99281.71711106203
2022-01-24 15:15:00,99281.71711106203
2022-01-25 09:15:00,99281.71711106203
2022-01-25 09:30:00,99281.71711106203
2022-01-25 09:45:00,99281.71711106203
2022-01-25 10:00:00,99281.71711106203
2022-01-25 10:15:00,99281.71711106203
2022-01-25 10:30:00,99281.71711106203
2022-01-25 10:45:00,99281.71711106203
2022-01-25 11:00:00,99281.71711106203
2022-01-25 11:15:00,99281.71711106203
2022-01-25 11:30:00,99281.71711106203
2022-01-25 11:45:00,99281.71711106203
2022-01-25 12:00:00,99281.71711106203
2022-01-25 12:15:00,99281.71711106203
2022-01-25 12:30:00,99281.71711106203
2022-01-25 12:45:00,99281.71711106203
2022-01-25 13:00:00,99281.71711106203
2022-01-25 13:15:00,99281.71711106203
2022-01-25 13:30:00,99281.71711106203
2022-01-25 13:45:00,99281.71711106203
2022-01-25 14:00:00,99174.43680301038
2022-01-25 14:15:00,99174.43680301038
2022-01-25 14:30:00,99314.7888625334
2022-01-25 14:45:00,99426.3211973084
2022-01-25 15:00:00,99642.46913291882
2022-01-25 15:15:00,99527.76662842155
2022-01-27 09:15:00,98084.47481303892
2022-01-27 09:30:00,98027.94319376211
2022-01-27 09:45:00,98027.94319376211
2022-01-27 10:00:00,98027.94319376211
2022-01-27 10:15:00,98027.94319376211
2022-01-27 10:30:00,98027.94319376211
2022-01-27 10:45:00,98027.94319376211
2022-01-27 11:00:00,98027.94319376211
2022-01-27 11:15:00,98027.94319376211
2022-01-27 11:30:00,98027.94319376211
2022-01-27 11:45:00,98027.94319376211
2022-01-27 12:00:00,98027.94319376211
2022-01-27 12:15:00,98027.94319376211
2022-01-27 12:30:00,98027.94319376211
2022-01-27 12:45:00,98027.94319376211
2022-01-27 13:00:00,98027.94319376211
2022-01-27 13:15:00,98027.94319376211
2022-01-27 13:30:00,98027.94319376211
2022-01-27 13:45:00,98122.06569734956
2022-01-27 14:00:00,98069.46735405894
2022-01-27 14:15:00,98553.19965874817
2022-01-27 14:30:00,98711.56953390191
2022-01-27 14:45:00,98280.14814986238
2022-01-27 15:00:00,98434.20668540215
2022-01-27 15:15:00,98581.94192284142
2022-01-28 09:15:00,99270.89399315641
2022-01-28 09:30:00,99670.12404141152
2022-01-28 09:45:00,99704.03991304156
2022-01-28 10:00:00,99637.93270562711
2022-01-28 10:15:00,99612.35209058413
2022-01-28 10:30:00,99443.63500035682
2022-01-28 10:45:00,99662.36363010638
2022-01-28 11:00:00,99568.95127180335
2022-01-28 11:15:00,99611.2024000204
2022-01-28 11:30:00,99670.69888669341
2022-01-28 11:45:00,99717.83619980633
2022-01-28 12:00:00,99753.47660728193
2022-01-28 12:15:00,99784.23082986171
2022-01-28 12:30:00,99697.71661494106
2022-01-28 12:45:00,99781.93144873423
2022-01-28 13:00:00,99670.41146405248
2022-01-28 13:15:00,99656.61517728772
2022-01-28 13:30:00,99315.7319251419
2022-01-28 13:45:00,99135.51792927727
2022-01-28 14:00:00,99089.11023853837
2022-01-28 14:15:00,99089.11023853837
2022-01-28 14:30:00,99089.11023853837
2022-01-28 14:45:00,99089.11023853837
2022-01-28 15:00:00,99089.11023853837
2022-01-28 15:15:00,99089.11023853837
2022-01-31 09:15:00,99089.11023853837
2022-01-31 09:30:00,99089.11023853837
2022-01-31 09:45:00,98915.65166294912
2022-01-31 10:00:00,98995.59619228459
2022-01-31 10:15:00,99062.40697751495
2022-01-31 10:30:00,98733.20682635855
2022-01-31 10:45:00,98857.12084682853
2022-01-31 11:00:00,99013.8692275613
2022-01-31 11:15:00,98926.78679382088
2022-01-31 11:30:00,99020.43609961383
2022-01-31 11:45:00,99076.39727014868
2022-01-31 12:00:00,99284.8240787733
2022-01-31 12:15:00,99299.0998875832
2022-01-31 12:30:00,99163.7652200653
2022-01-31 12:45:00,99337.35905519374
2022-01-31 13:00:00,99308.80743757392
2022-01-31 13:15:00,99197.17061268048
2022-01-31 13:30:00,99118.93918040219
2022-01-31 13:45:00,99009.01545256592
2022-01-31 14:00:00,99241.42561999118
2022-01-31 14:15:00,99290.53440229726
2022-01-31 14:30:00,99285.10959494949
2022-01-31 14:45:00,99274.25998025395
2022-01-31 15:00:00,99011.8706143279
2022-01-31 15:15:00,99007.30235550873
2022-02-01 09:15:00,100008.60758543547
2022-02-01 09:30:00,100044.29710746024
2022-02-01 09:45:00,100207.89787642175
2022-02-01 10:00:00,100376.63793655482
2022-02-01 10:15:00,100386.91651889798
2022-02-01 10:30:00,100284.98724399526
2022-02-01 10:45:00,100278.70588811892
2022-02-01 11:00:00,100312.39679691028
2022-02-01 11:15:00,100211.89510288856
2022-02-01 11:30:00,100113.67753827642
2022-02-01 11:45:00,100426.60326738952
2022-02-01 12:00:00,100416.8957173988
2022-02-01 12:15:00,100511.11605554417
2022-02-01 12:30:00,100420.03639533698
2022-02-01 12:45:00,100138.80296178185
2022-02-01 13:00:00,98662.9698470139
2022-02-01 13:15:00,99595.46567847687
2022-02-01 13:30:00,99748.21683274285
2022-02-01 13:45:00,99932.66028256681
2022-02-01 14:00:00,100170.49525733982
2022-02-01 14:15:00,100373.49725861666
2022-02-01 14:30:00,100536.52699522577
2022-02-01 14:45:00,100235.87846168918
2022-02-01 15:00:00,100291.5541160478
2022-02-01 15:15:00,100528.24702611602
2022-02-02 09:15:00,101217.76859163442
2022-02-02 09:30:00,101239.75333720166
2022-02-02 09:45:00,101245.74917690182
2022-02-02 10:00:00,101203.49278282451
2022-02-02 10:15:00,101271.16011658346
2022-02-02 10:30:00,101029.04239916746
2022-02-02 10:45:00,101204.3493313531
2022-02-02 11:00:00,101217.19755928202
2022-02-02 11:15:00,101249.17537101623
2022-02-02 11:30:00,101305.99309007965
2022-02-02 11:45:00,101447.0380811215
2022-02-02 12:00:00,101337.68538563764
2022-02-02 12:15:00,101333.97367534705
2022-02-02 12:30:00,101414.20372085871
2022-02-02 12:45:00,101303.99447684626
2022-02-02 13:00:00,101333.97367534706
2022-02-02 13:15:00,101321.41096359435
2022-02-02 13:30:00,101367.37906796223
2022-02-02 13:45:00,101369.37768119563
2022-02-02 14:00:00,101497.00341195619
2022-02-02 14:15:00,101502.14270312776
2022-02-02 14:30:00,101492.14963696082
2022-02-02 14:45:00,101463.31250316481
2022-02-02 15:00:00,101518.98815752343
2022-02-02 15:15:00,101595.79200892069
2022-02-03 09:15:00,101306.27860625583
2022-02-03 09:30:00,101150.10125787546
2022-02-03 09:45:00,101182.93561813823
2022-02-03 10:00:00,101130.97167407018
2022-02-03 10:15:00,101021.61897858631
2022-02-03 10:30:00,100963.97383364427
2022-02-03 10:45:00,100963.97383364427
2022-02-03 11:00:00,100963.97383364427
2022-02-03 11:15:00,100963.97383364427
2022-02-03 11:30:00,100963.97383364427
2022-02-03 11:45:00,100963.97383364427
2022-02-03 12:00:00,100963.97383364427
2022-02-03 12:15:00,100963.97383364427
2022-02-03 12:30:00,100963.97383364427
2022-02-03 12:45:00,100963.97383364427
2022-02-03 13:00:00,100963.97383364427
2022-02-03 13:15:00,100963.97383364427
2022-02-03 13:30:00,100963.97383364427
2022-02-03 13:45:00,100963.97383364427
2022-02-03 14:00:00,100963.97383364427
2022-02-03 14:15:00,100963.97383364427
2022-02-03 14:30:00,100963.97383364427
2022-02-03 14:45:00,100963.97383364427
2022-02-03 15:00:00,100963.97383364427
2022-02-03 15:15:00,100963.97383364427
2022-02-04 09:15:00,100963.97383364427
2022-02-04 09:30:00,100963.97383364427
2022-02-04 09:45:00,100963.97383364427
2022-02-04 10:00:00,100963.97383364427
2022-02-04 10:15:00,100963.97383364427
2022-02-04 10:30:00,100963.97383364427
2022-02-04 10:45:00,100963.97383364427
2022-02-04 11:00:00,100963.97383364427
2022-02-04 11:15:00,100963.97383364427
2022-02-04 11:30:00,100963.97383364427
2022-02-04 11:45:00,100963.97383364427
2022-02-04 12:00:00,100963.97383364427
2022-02-04 12:15:00,100963.97383364427
2022-02-04 12:30:00,100963.97383364427
2022-02-04 12:45:00,100963.97383364427
2022-02-04 13:00:00,100963.97383364427
2022-02-04 13:15:00,100963.97383364427
2022-02-04 13:30:00,100963.97383364427
2022-02-04 13:45:00,100963.97383364427
2022-02-04 14:00:00,100963.97383364427
2022-02-04 14:15:00,100963.97383364427
2022-02-04 14:30:00,100963.97383364427
2022-02-04 14:45:00,100963.97383364427
2022-02-04 15:00:00,100963.97383364427
2022-02-04 15:15:00,100963.97383364427
2022-02-07 09:15:00,100963.97383364427
2022-02-07 09:30:00,100963.97383364427
2022-02-07 09:45:00,100963.97383364427
2022-02-07 10:00:00,100963.97383364427
2022-02-07 10:15:00,100963.97383364427
2022-02-07 10:30:00,100963.97383364427
2022-02-07 10:45:00,100963.97383364427
2022-02-07 11:00:00,100963.97383364427
2022-02-07 11:15:00,100963.97383364427
2022-02-07 11:30:00,100963.97383364427
2022-02-07 11:45:00,100963.97383364427
2022-02-07 12:00:00,100963.97383364427
2022-02-07 12:15:00,100963.97383364427
2022-02-07 12:30:00,100963.97383364427
2022-02-07 12:45:00,100963.97383364427
2022-02-07 13:00:00,100963.97383364427
2022-02-07 13:15:00,100963.97383364427
2022-02-07 13:30:00,100963.97383364427
2022-02-07 13:45:00,100963.97383364427
2022-02-07 14:00:00,100963.97383364427
2022-02-07 14:15:00,100963.97383364427
2022-02-07 14:30:00,100963.97383364427
2022-02-07 14:45:00,100963.97383364427
2022-02-07 15:00:00,100963.97383364427
2022-02-07 15:15:00,100963.97383364427
2022-02-08 09:15:00,100963.97383364427
2022-02-08 09:30:00,100963.97383364427
2022-02-08 09:45:00,100963.97383364427
2022-02-08 10:00:00,100963.97383364427
2022-02-08 10:15:00,100963.97383364427
2022-02-08 10:30:00,100963.97383364427
2022-02-08 10:45:00,100963.97383364427
2022-02-08 11:00:00,100963.97383364427
2022-02-08 11:15:00,100963.97383364427
2022-02-08 11:30:00,100963.97383364427
2022-02-08 11:45:00,100963.97383364427
2022-02-08 12:00:00,100963.97383364427
2022-02-08 12:15:00,100963.97383364427
2022-02-08 12:30:00,101030.86681150172
2022-02-08 12:45:00,100753.67456301989
2022-02-08 13:00:00,100322.22643813895
2022-02-08 13:15:00,100513.07052051507
2022-02-08 13:30:00,100626.34760621989
2022-02-08 13:45:00,100631.03089658494
2022-02-08 14:00:00,100470.04279028608
2022-02-08 14:15:00,100549.36602084423
2022-02-08 14:30:00,100660.00875571874
2022-02-08 14:45:00,101000.42542412886
2022-02-08 15:00:00,101159.07188524517
2022-02-08 15:15:00,100926.95630652699
2022-02-09 09:15:00,101926.546093819
2022-02-09 09:30:00,101815.90335894452
2022-02-09 09:45:00,101945.86466657488
2022-02-09 10:00:00,101962.84159414821
2022-02-09 10:15:00,101818.53770977489
2022-02-09 10:30:00,101815.02524200108
2022-02-09 10:45:00,101908.98375495005
2022-02-09 11:00:00,101823.80641143558
2022-02-09 11:15:00,101849.2718027956
2022-02-09 11:30:00,101800.09725396248
2022-02-09 11:45:00,101907.81293235881
2022-02-09 12:00:00,101925.6679768756
2022-02-09 12:15:00,102014.35778816386
2022-02-09 12:30:00,101984.79451773444
2022-02-09 12:45:00,102003.52767919467
2022-02-09 13:00:00,101758.82575762042
2022-02-09 13:15:00,101929.76585594502
2022-02-09 13:30:00,101933.86373501444
2022-02-09 13:45:00,102042.45753035422
2022-02-09 14:00:00,102109.77982935193
2022-02-09 14:15:00,102140.22121672479
2022-02-09 14:30:00,102212.51951173537
2022-02-09 14:45:00,102213.10492303099
2022-02-09 15:00:00,102232.42349578686
2022-02-09 15:15:00,102280.71992767652
2022-02-10 09:15:00,102346.28599278732
2022-02-10 09:30:00,102202.2748140618
2022-02-10 09:45:00,102057.97092968847
2022-02-10 10:00:00,102511.0792725078
2022-02-10 10:15:00,102703.67958877078
2022-02-10 10:30:00,102941.94198609311
2022-02-10 10:45:00,102892.76743726002
2022-02-10 11:00:00,102939.01492961495
2022-02-10 11:15:00,102926.72129240667
2022-02-10 11:30:00,103088.58751564896
2022-02-10 11:45:00,103101.17385850506
2022-02-10 12:00:00,103000.48311565632
2022-02-10 12:15:00,102937.84410702367
2022-02-10 12:30:00,103043.80355153311
2022-02-10 12:45:00,103128.39548375197
2022-02-10 13:00:00,103048.48684189816
2022-02-10 13:15:00,103069.26894289309
2022-02-10 13:30:00,103154.15358075977
2022-02-10 13:45:00,103110.54043923516
2022-02-10 14:00:00,103179.32626647195
2022-02-10 14:15:00,103103.80820933542
2022-02-10 14:30:00,103125.46842727382
2022-02-10 14:45:00,103120.19972561311
2022-02-10 15:00:00,103030.04638608574
2022-02-10 15:15:00,102955.99185718827
2022-02-11 09:15:00,101955.81665860064
2022-02-11 09:30:00,101903.0833945014
2022-02-11 09:45:00,101903.0833945014
2022-02-11 10:00:00,101903.0833945014
2022-02-11 10:15:00,101903.0833945014
2022-02-11 10:30:00,101903.0833945014
2022-02-11 10:45:00,101903.0833945014
2022-02-11 11:00:00,101903.0833945014
2022-02-11 11:15:00,101903.0833945014
2022-02-11 11:30:00,101903.0833945014
2022-02-11 11:45:00,101903.0833945014
2022-02-11 12:00:00,101903.0833945014
2022-02-11 12:15:00,101903.0833945014
2022-02-11 12:30:00,102077.98172285897
2022-02-11 12:45:00,102022.83915718323
2022-02-11 13:00:00,102118.45871255708
2022-02-11 13:15:00,102153.94940642285
2022-02-11 13:30:00,102332.28281031027
2022-02-11 13:45:00,102157.762456177
2022-02-11 14:00:00,101950.97783489307
2022-02-11 14:15:00,101902.2881226475
2022-02-11 14:30:00,101835.70640770928
2022-02-11 14:45:00,101897.30182681512
2022-02-11 15:00:00,101994.38793978671
2022-02-11 15:15:00,101752.99255919566
2022-02-14 09:15:00,100122.54377680525
2022-02-14 09:30:00,100122.54377680525
2022-02-14 09:45:00,100122.54377680525
2022-02-14 10:00:00,100122.54377680525
2022-02-14 10:15:00,100122.54377680525
2022-02-14 10:30:00,100122.54377680525
2022-02-14 10:45:00,100122.54377680525
2022-02-14 11:00:00,100122.54377680525
2022-02-14 11:15:00,100122.54377680525
2022-02-14 11:30:00,100122.54377680525
2022-02-14 11:45:00,100122.54377680525
2022-02-14 12:00:00,100122.54377680525
2022-02-14 12:15:00,100122.54377680525
2022-02-14 12:30:00,100122.54377680525
2022-02-14 12:45:00,100122.54377680525
2022-02-14 13:00:00,100122.54377680525
2022-02-14 13:15:00,100122.54377680525
2022-02-14 13:30:00,100122.54377680525
2022-02-14 13:45:00,100122.54377680525
2022-02-14 14:00:00,100122.54377680525
2022-02-14 14:15:00,100122.54377680525
2022-02-14 14:30:00,100122.54377680525
2022-02-14 14:45:00,100122.54377680525
2022-02-14 15:00:00,100122.54377680525
2022-02-14 15:15:00,100122.54377680525
2022-02-15 09:15:00,100122.54377680525
2022-02-15 09:30:00,100122.54377680525
2022-02-15 09:45:00,100122.54377680525
2022-02-15 10:00:00,100122.54377680525
2022-02-15 10:15:00,100122.54377680525
2022-02-15 10:30:00,100122.54377680525
2022-02-15 10:45:00,100122.54377680525
2022-02-15 11:00:00,100122.54377680525
2022-02-15 11:15:00,100122.54377680525
2022-02-15 11:30:00,100267.0934425369
2022-02-15 11:45:00,100552.81768277
2022-02-15 12:00:00,100669.87911039901
2022-02-15 12:15:00,100500.62656768096
2022-02-15 12:30:00,100698.77588598501
2022-02-15 12:45:00,100828.51651106504
2022-02-15 13:00:00,100845.91354942803
2022-02-15 13:15:00,100753.32592153002
2022-02-15 13:30:00,101221.86649710314
2022-02-15 13:45:00,101570.98672459125
2022-02-15 14:00:00,101943.69615663936
2022-02-15 14:15:00,101931.01695918835
2022-02-15 14:30:00,102115.60248487041
2022-02-15 14:45:00,102093.19274053839
2022-02-15 15:00:00,102323.48235005548
2022-02-15 15:15:00,102329.08478613847
2022-02-16 09:15:00,102567.63061725155
2022-02-16 09:30:00,102381.27590122749
2022-02-16 09:45:00,102262.15041819945
2022-02-16 10:00:00,102221.45904033343
2022-02-16 10:15:00,102318.76450914347
2022-02-16 10:30:00,102296.35476481146
2022-02-16 10:45:00,101942.81156146835
2022-02-16 11:00:00,101952.54210834936
2022-02-16 11:15:00,102194.62632014643
2022-02-16 11:30:00,102061.0524493254
2022-02-16 11:45:00,102127.9868172644
2022-02-16 12:00:00,102230.89472215743
2022-02-16 12:15:00,102523.40085870151
2022-02-16 12:30:00,102657.26959457956
2022-02-16 12:45:00,102581.19440987353
2022-02-16 13:00:00,102703.56340852856
2022-02-16 13:15:00,102791.43319551459
2022-02-16 13:30:00,102947.12194561063
2022-02-16 13:45:00,103032.63281214067
2022-02-16 14:00:00,102959.21141294764
2022-02-16 14:15:00,102882.25163307061
2022-02-16 14:30:00,102447.03080893846
2022-02-16 14:45:00,102299.00855032443
2022-02-16 15:00:00,102195.5109153174
2022-02-16 15:15:00,101982.32347910633
2022-02-17 09:15:00,102541.39780002297
2022-02-17 09:30:00,102541.39780002297
2022-02-17 09:45:00,102541.39780002297
2022-02-17 10:00:00,102541.39780002297
2022-02-17 10:15:00,102541.39780002297
2022-02-17 10:30:00,102541.39780002297
2022-02-17 10:45:00,102541.39780002297
2022-02-17 11:00:00,102541.39780002297
2022-02-17 11:15:00,102541.39780002297
2022-02-17 11:30:00,102541.39780002297
2022-02-17 11:45:00,102541.39780002297
2022-02-17 12:00:00,102541.39780002297
2022-02-17 12:15:00,102514.29985711798
2022-02-17 12:30:00,102561.46621027894
2022-02-17 12:45:00,102545.54756608712
2022-02-17 13:00:00,102480.98862019804
2022-02-17 13:15:00,102422.03067874683
2022-02-17 13:30:00,102666.70613576935
2022-02-17 13:45:00,102409.64951104208
2022-02-17 14:00:00,102170.86984816469
2022-02-17 14:15:00,102320.91780915801
2022-02-17 14:30:00,102130.48365827059
2022-02-17 14:45:00,102123.11391558919
2022-02-17 15:00:00,101903.20079397618
2022-02-17 15:15:00,101852.83847820402
2022-02-18 09:15:00,101852.83847820402
2022-02-18 09:30:00,101852.83847820402
2022-02-18 09:45:00,101852.83847820402
2022-02-18 10:00:00,101852.83847820402
2022-02-18 10:15:00,101852.83847820402
2022-02-18 10:30:00,101852.83847820402
2022-02-18 10:45:00,101852.83847820402
2022-02-18 11:00:00,101852.83847820402
2022-02-18 11:15:00,101852.83847820402
2022-02-18 11:30:00,101852.83847820402
2022-02-18 11:45:00,101852.83847820402
2022-02-18 12:00:00,101901.20692260291
2022-02-18 12:15:00,101854.79098042895
2022-02-18 12:30:00,102003.14573231412
2022-02-18 12:45:00,102012.25265767737
2022-02-18 13:00:00,102004.32081945777
2022-02-18 13:15:00,101864.485449364
2022-02-18 13:30:00,101919.12700154351
2022-02-18 13:45:00,101949.97303906419
2022-02-18 14:00:00,101688.22237781726
2022-02-18 14:15:00,101516.95342663102
2022-02-18 14:30:00,101414.13330156209
2022-02-18 14:45:00,101502.55860912136
2022-02-18 15:00:00,101519.89114449013
2022-02-18 15:15:00,101461.4305590938
2022-02-21 09:15:00,100523.41724667921
2022-02-21 09:30:00,100479.02803605623
2022-02-21 09:45:00,100479.02803605623
2022-02-21 10:00:00,100479.02803605623
2022-02-21 10:15:00,100479.02803605623
2022-02-21 10:30:00,100479.02803605623
2022-02-21 10:45:00,100479.02803605623
2022-02-21 11:00:00,100479.02803605623
2022-02-21 11:15:00,100438.40861249092
2022-02-21 11:30:00,100678.32783802348
2022-02-21 11:45:00,100732.55016602963
2022-02-21 12:00:00,100870.72964707755
2022-02-21 12:15:00,100757.03766900016
2022-02-21 12:30:00,100836.03901786932
2022-02-21 12:45:00,100927.57563611625
2022-02-21 13:00:00,101135.42789347311
2022-02-21 13:15:00,100890.26134587546
2022-02-21 13:30:00,100901.33902579072
2022-02-21 13:45:00,100831.66624948176
2022-02-21 14:00:00,100479.51263533435
2022-02-21 14:15:00,100639.55595832021
2022-02-21 14:30:00,100255.91841178214
2022-02-21 14:45:00,100201.1284984393
2022-02-21 15:00:00,100201.1284984393
2022-02-21 15:15:00,100201.1284984393
2022-02-22 09:15:00,100201.1284984393
2022-02-22 09:30:00,100201.1284984393
2022-02-22 09:45:00,100201.1284984393
2022-02-22 10:00:00,100201.1284984393
2022-02-22 10:15:00,100201.1284984393
2022-02-22 10:30:00,100201.1284984393
2022-02-22 10:45:00,100201.1284984393
2022-02-22 11:00:00,100201.1284984393
2022-02-22 11:15:00,100201.1284984393
2022-02-22 11:30:00,100201.1284984393
2022-02-22 11:45:00,99782.24455936665
2022-02-22 12:00:00,99880.84187027316
2022-02-22 12:15:00,99826.68692935734
2022-02-22 12:30:00,99875.54410431402
2022-02-22 12:45:00,99677.46652150781
2022-02-22 13:00:00,99689.53365508142
2022-02-22 13:15:00,99619.19109595708
2022-02-22 13:30:00,99633.9071125103
2022-02-22 13:45:00,100019.46674620437
2022-02-22 14:00:00,100525.4033953037
2022-02-22 14:15:00,100732.01626771077
2022-02-22 14:30:00,100731.42762704863
2022-02-22 14:45:00,100717.30025115756
2022-02-22 15:00:00,100639.30536342555
2022-02-22 15:15:00,100543.35693549861
2022-02-23 09:15:00,101340.37639202044
2022-02-23 09:30:00,101026.33659877496
2022-02-23 09:45:00,101169.37627967214
2022-02-23 10:00:00,100941.57234342846
2022-02-23 10:15:00,100998.67048765492
2022-02-23 10:30:00,100800.88722517977
2022-02-23 10:45:00,100925.67904555099
2022-02-23 11:00:00,101045.76174062518
2022-02-23 11:15:00,101171.73084232063
2022-02-23 11:30:00,101190.86166383981
2022-02-23 11:45:00,101172.02516265173
2022-02-23 12:00:00,101070.48464843458
2022-02-23 12:15:00,101089.61546995374
2022-02-23 12:30:00,100908.60846634927
2022-02-23 12:45:00,100878.5877925807
2022-02-23 13:00:00,101033.98892738258
2022-02-23 13:15:00,101016.03538718767
2022-02-23 13:30:00,100959.52588362334
2022-02-23 13:45:00,100852.68760344705
2022-02-23 14:00:00,100800.49622061993
2022-02-23 14:15:00,100800.49622061993
2022-02-23 14:30:00,100800.49622061993
2022-02-23 14:45:00,100800.49622061993
2022-02-23 15:00:00,100800.49622061993
2022-02-23 15:15:00,100800.49622061993
2022-02-24 09:15:00,100800.49622061993
2022-02-24 09:30:00,100800.49622061993
2022-02-24 09:45:00,100800.49622061993
2022-02-24 10:00:00,100800.49622061993
2022-02-24 10:15:00,100800.49622061993
2022-02-24 10:30:00,100800.49622061993
2022-02-24 10:45:00,100800.49622061993
2022-02-24 11:00:00,100800.49622061993
2022-02-24 11:15:00,100800.49622061993
2022-02-24 11:30:00,100800.49622061993
2022-02-24 11:45:00,100800.49622061993
2022-02-24 12:00:00,100800.49622061993
2022-02-24 12:15:00,100800.49622061993
2022-02-24 12:30:00,100800.49622061993
2022-02-24 12:45:00,100800.49622061993
2022-02-24 13:00:00,100800.49622061993
2022-02-24 13:15:00,100800.49622061993
2022-02-24 13:30:00,100800.49622061993
2022-02-24 13:45:00,100800.49622061993
2022-02-24 14:00:00,100800.49622061993
2022-02-24 14:15:00,100800.49622061993
2022-02-24 14:30:00,100800.49622061993
2022-02-24 14:45:00,100800.49622061993
2022-02-24 15:00:00,100800.49622061993
2022-02-24 15:15:00,100800.49622061993
2022-02-25 09:15:00,100800.49622061993
2022-02-25 09:30:00,100800.49622061993
2022-02-25 09:45:00,100892.7534415993
2022-02-25 10:00:00,100782.80723930725
2022-02-25 10:15:00,100960.90191409439
2022-02-25 10:30:00,101379.18209416412
2022-02-25 10:45:00,101317.69702786856
2022-02-25 11:00:00,101165.95309577954
2022-02-25 11:15:00,101252.2744942733
2022-02-25 11:30:00,101213.20270337613
2022-02-25 11:45:00,101007.24287539104
2022-02-25 12:00:00,100885.18138909987
2022-02-25 12:15:00,101178.37126187865
2022-02-25 12:30:00,100814.91274190496
2022-02-25 12:45:00,100999.9737049916
2022-02-25 13:00:00,100997.2477660918
2022-02-25 13:15:00,100857.01335380193
2022-02-25 13:30:00,100795.08108208577
2022-02-25 13:45:00,100795.08108208577
2022-02-25 14:00:00,100795.08108208577
2022-02-25 14:15:00,100795.08108208577
2022-02-25 14:30:00,100795.08108208577
2022-02-25 14:45:00,100795.08108208577
2022-02-25 15:00:00,100795.08108208577
2022-02-25 15:15:00,100795.08108208577
2022-02-28 09:15:00,100795.08108208577
2022-02-28 09:30:00,100795.08108208577
2022-02-28 09:45:00,100795.08108208577
2022-02-28 10:00:00,100795.08108208577
2022-02-28 10:15:00,100795.08108208577
2022-02-28 10:30:00,100795.08108208577
2022-02-28 10:45:00,100795.08108208577
2022-02-28 11:00:00,100828.85013987086
2022-02-28 11:15:00,101020.27597721908
2022-02-28 11:30:00,100917.57449622909
2022-02-28 11:45:00,101388.54282621278
2022-02-28 12:00:00,101328.07656965358
2022-02-28 12:15:00,101469.67091918417
2022-02-28 12:30:00,101398.5698938834
2022-02-28 12:45:00,101443.235922598
2022-02-28 13:00:00,101596.07274194107
2022-02-28 13:15:00,101549.58361001367
2022-02-28 13:30:00,101599.4150978313
2022-02-28 13:45:00,101505.22143183455
2022-02-28 14:00:00,101483.04034274498
2022-02-28 14:15:00,101584.52642159308
2022-02-28 14:30:00,101632.83865673335
2022-02-28 14:45:00,101723.68996683985
2022-02-28 15:00:00,102088.91831047884
2022-02-28 15:15:00,102029.66745606154
2022-03-02 09:15:00,101349.34610713669
2022-03-02 09:30:00,100984.11776349774
2022-03-02 09:45:00,100812.4422109553
2022-03-02 10:00:00,100759.91009957838
2022-03-02 10:15:00,100759.91009957838
2022-03-02 10:30:00,100759.91009957838
2022-03-02 10:45:00,100759.91009957838
2022-03-02 11:00:00,100759.91009957838
2022-03-02 11:15:00,100759.91009957838
2022-03-02 11:30:00,100759.91009957838
2022-03-02 11:45:00,100759.91009957838
2022-03-02 12:00:00,100759.91009957838
2022-03-02 12:15:00,100759.91009957838
2022-03-02 12:30:00,100759.91009957838
2022-03-02 12:45:00,100759.91009957838
2022-03-02 13:00:00,100759.91009957838
2022-03-02 13:15:00,100759.91009957838
2022-03-02 13:30:00,100759.91009957838
2022-03-02 13:45:00,100759.91009957838
2022-03-02 14:00:00,100759.91009957838
2022-03-02 14:15:00,100759.91009957838
2022-03-02 14:30:00,100759.91009957838
2022-03-02 14:45:00,100759.91009957838
2022-03-02 15:00:00,100759.91009957838
2022-03-02 15:15:00,100759.91009957838
2022-03-03 09:15:00,100504.17501046762
2022-03-03 09:30:00,100316.88631048826
2022-03-03 09:45:00,100318.69295389642
2022-03-03 10:00:00,100217.8220302741
2022-03-03 10:15:00,100106.11124620281
2022-03-03 10:30:00,100190.72237915167
2022-03-03 10:45:00,100097.07802916199
2022-03-03 11:00:00,100272.924654223
2022-03-03 11:15:00,100335.85606627395
2022-03-03 11:30:00,100228.05967625366
2022-03-03 11:45:00,100208.18659876389
2022-03-03 12:00:00,100210.89656387614
2022-03-03 12:15:00,99797.17522340726
2022-03-03 12:30:00,99717.0806989788
2022-03-03 12:45:00,99661.2030250078
2022-03-03 13:00:00,99661.2030250078
2022-03-03 13:15:00,99661.2030250078
2022-03-03 13:30:00,99661.2030250078
2022-03-03 13:45:00,99661.2030250078
2022-03-03 14:00:00,99661.2030250078
2022-03-03 14:15:00,99661.2030250078
2022-03-03 14:30:00,99661.2030250078
2022-03-03 14:45:00,99661.2030250078
2022-03-03 15:00:00,99661.2030250078
2022-03-03 15:15:00,99661.2030250078
2022-03-04 09:15:00,99661.2030250078
2022-03-04 09:30:00,99661.2030250078
2022-03-04 09:45:00,99661.2030250078
2022-03-04 10:00:00,99661.2030250078
2022-03-04 10:15:00,99661.2030250078
2022-03-04 10:30:00,99661.2030250078
2022-03-04 10:45:00,99661.2030250078
2022-03-04 11:00:00,99661.2030250078
2022-03-04 11:15:00,99661.2030250078
2022-03-04 11:30:00,99661.2030250078
2022-03-04 11:45:00,99661.2030250078
2022-03-04 12:00:00,99661.2030250078
2022-03-04 12:15:00,99661.2030250078
2022-03-04 12:30:00,99661.2030250078
2022-03-04 12:45:00,99784.58890877888
2022-03-04 13:00:00,99769.03602013546
2022-03-04 13:15:00,100270.08300133431
2022-03-04 13:30:00,100137.42600996395
2022-03-04 13:45:00,100197.80781293251
2022-03-04 14:00:00,99678.76827428346
2022-03-04 14:15:00,99731.22115362989
2022-03-04 14:30:00,99335.38488972478
2022-03-04 14:45:00,99283.8468861809
2022-03-04 15:00:00,99078.91470640876
2022-03-04 15:15:00,99036.38578985124
2022-03-07 09:15:00,99036.38578985124
2022-03-07 09:30:00,99036.38578985124
2022-03-07 09:45:00,99036.38578985124
2022-03-07 10:00:00,99036.38578985124
2022-03-07 10:15:00,99036.38578985124
2022-03-07 10:30:00,99036.38578985124
2022-03-07 10:45:00,99036.38578985124
2022-03-07 11:00:00,99036.38578985124
2022-03-07 11:15:00,99036.38578985124
2022-03-07 11:30:00,99036.38578985124
2022-03-07 11:45:00,99036.38578985124
2022-03-07 12:00:00,98710.75316769019
2022-03-07 12:15:00,98791.50654407848
2022-03-07 12:30:00,98846.48095800437
2022-03-07 12:45:00,98866.97989201063
2022-03-07 13:00:00,98463.21301006913
2022-03-07 13:15:00,98327.48521975495
2022-03-07 13:30:00,98470.6671678896
2022-03-07 13:45:00,98252.94364155037
2022-03-07 14:00:00,98197.60847744498
2022-03-07 14:15:00,98197.60847744498
2022-03-07 14:30:00,98197.60847744498
2022-03-07 14:45:00,98197.60847744498
2022-03-07 15:00:00,98197.60847744498
2022-03-07 15:15:00,98197.60847744498
2022-03-08 09:15:00,98197.60847744498
2022-03-08 09:30:00,98197.60847744498
2022-03-08 09:45:00,98197.60847744498
2022-03-08 10:00:00,98197.60847744498
2022-03-08 10:15:00,98197.60847744498
2022-03-08 10:30:00,98197.60847744498
2022-03-08 10:45:00,98197.60847744498
2022-03-08 11:00:00,98197.60847744498
2022-03-08 11:15:00,98197.60847744498
2022-03-08 11:30:00,98197.60847744498
2022-03-08 11:45:00,98197.60847744498
2022-03-08 12:00:00,98197.60847744498
2022-03-08 12:15:00,98197.60847744498
2022-03-08 12:30:00,98197.60847744498
2022-03-08 12:45:00,98197.60847744498
2022-03-08 13:00:00,98197.60847744498
2022-03-08 13:15:00,98197.60847744498
2022-03-08 13:30:00,98197.60847744498
2022-03-08 13:45:00,98197.60847744498
2022-03-08 14:00:00,98197.60847744498
2022-03-08 14:15:00,98244.74644406796
2022-03-08 14:30:00,98739.54579007385
2022-03-08 14:45:00,99084.26528441442
2022-03-08 15:00:00,99131.61006236244
2022-03-08 15:15:00,99112.42459678873
2022-03-09 09:15:00,99761.9454393568
2022-03-09 09:30:00,99794.43695363485
2022-03-09 09:45:00,99808.9807743117
2022-03-09 10:00:00,99917.28582190524
2022-03-09 10:15:00,99962.1550559083
2022-03-09 10:30:00,99905.83643115967
2022-03-09 10:45:00,100002.69208800759
2022-03-09 11:00:00,99839.30618763792
2022-03-09 11:15:00,99769.3720711918
2022-03-09 11:30:00,99995.88434215885
2022-03-09 11:45:00,100226.72881502965
2022-03-09 12:00:00,100149.98695273479
2022-03-09 12:15:00,100491.30257415099
2022-03-09 12:30:00,100560.92724760398
2022-03-09 12:45:00,100857.37363501712
2022-03-09 13:00:00,100992.29078001934
2022-03-09 13:15:00,100775.37124183914
2022-03-09 13:30:00,100959.48982274815
2022-03-09 13:45:00,101129.99291195968
2022-03-09 14:00:00,101124.11349509032
2022-03-09 14:15:00,101367.95457367234
2022-03-09 14:30:00,101285.95218049438
2022-03-09 14:45:00,101319.68146674492
2022-03-09 15:00:00,101185.69265072206
2022-03-09 15:15:00,101292.45048334997
2022-03-10 09:15:00,103019.76127097028
2022-03-10 09:30:00,102848.63929577249
2022-03-10 09:45:00,103293.92776287848
2022-03-10 10:00:00,103462.26475113814
2022-03-10 10:15:00,103656.28550782711
2022-03-10 10:30:00,103392.94952067827
2022-03-10 10:45:00,103487.0201905881
2022-03-10 11:00:00,103600.89521205789
2022-03-10 11:15:00,103462.57419413127
2022-03-10 11:30:00,103481.14077371874
2022-03-10 11:45:00,103439.67541264008
2022-03-10 12:00:00,103319.92097430094
2022-03-10 12:15:00,103375.62071306333
2022-03-10 12:30:00,103038.01840756462
2022-03-10 12:45:00,103105.1675370726
2022-03-10 13:00:00,102932.80778990232
2022-03-10 13:15:00,103071.1288078289
2022-03-10 13:30:00,102710.31827784587
2022-03-10 13:45:00,102668.24176685579
2022-03-10 14:00:00,102668.24176685579
2022-03-10 14:15:00,102668.24176685579
2022-03-10 14:30:00,102668.24176685579
2022-03-10 14:45:00,102668.24176685579
2022-03-10 15:00:00,102668.24176685579
2022-03-10 15:15:00,102668.24176685579
2022-03-11 09:15:00,102668.24176685579
2022-03-11 09:30:00,102668.24176685579
2022-03-11 09:45:00,102668.24176685579
2022-03-11 10:00:00,102668.24176685579
2022-03-11 10:15:00,102668.24176685579
2022-03-11 10:30:00,102668.24176685579
2022-03-11 10:45:00,102668.24176685579
2022-03-11 11:00:00,102668.24176685579
2022-03-11 11:15:00,102668.24176685579
2022-03-11 11:30:00,102668.24176685579
2022-03-11 11:45:00,102563.27076586254
2022-03-11 12:00:00,102589.47269005411
2022-03-11 12:15:00,102514.25775472769
2022-03-11 12:30:00,102631.70402669228
2022-03-11 12:45:00,102493.91273123775
2022-03-11 13:00:00,102261.48625076184
2022-03-11 13:15:00,102479.1163505178
2022-03-11 13:30:00,102230.35219966363
2022-03-11 13:45:00,102387.56374481312
2022-03-11 14:00:00,102429.79508145129
2022-03-11 14:15:00,102392.18761378809
2022-03-11 14:30:00,102581.14972589911
2022-03-11 14:45:00,102485.89802501444
2022-03-11 15:00:00,102516.41556024933
2022-03-11 15:15:00,102468.01906497782
2022-03-14 09:15:00,102686.88219646043
2022-03-14 09:30:00,102535.83580994426
2022-03-14 09:45:00,102800.0128573817
2022-03-14 10:00:00,102828.68084502663
2022-03-14 10:15:00,102730.65482275694
2022-03-14 10:30:00,102883.55075686313
2022-03-14 10:45:00,103027.19895301932
2022-03-14 11:00:00,103094.39918212243
2022-03-14 11:15:00,103282.12826250681
2022-03-14 11:30:00,103251.30246934024
2022-03-14 11:45:00,103267.02362385519
2022-03-14 12:00:00,103149.88560982225
2022-03-14 12:15:00,103258.39240176856
2022-03-14 12:30:00,103319.11921430669
2022-03-14 12:45:00,103389.71028065812
2022-03-14 13:00:00,103454.75270423958
2022-03-14 13:15:00,103430.40032763798
2022-03-14 13:30:00,103522.26119127436
2022-03-14 13:45:00,103526.5768023177
2022-03-14 14:00:00,103640.94049496565
2022-03-14 14:15:00,103927.92862934635
2022-03-14 14:30:00,103957.21313285458
2022-03-14 14:45:00,104047.53270683263
2022-03-14 15:00:00,104026.2629095477
2022-03-14 15:15:00,104107.33474557578
2022-03-15 09:15:00,104219.23237477038
2022-03-15 09:30:00,103855.4880154049
2022-03-15 09:45:00,103706.90769234207
2022-03-15 10:00:00,103952.28100594792
2022-03-15 10:15:00,104116.27422559402
2022-03-15 10:30:00,104040.75103233595
2022-03-15 10:45:00,103809.5575835867
2022-03-15 11:00:00,103896.48632031644
2022-03-15 11:15:00,103890.32116168312
2022-03-15 11:30:00,103805.85848840674
2022-03-15 11:45:00,104064.79515100588
2022-03-15 12:00:00,104058.01347650924
2022-03-15 12:15:00,103980.33247772949
2022-03-15 12:30:00,103441.18935524626
2022-03-15 12:45:00,103356.4184240382
2022-03-15 13:00:00,103183.48572437378
2022-03-15 13:15:00,103131.8939815116
2022-03-15 13:30:00,103131.8939815116
2022-03-15 13:45:00,103131.8939815116
2022-03-15 14:00:00,103131.8939815116
2022-03-15 14:15:00,103131.8939815116
2022-03-15 14:30:00,103131.8939815116
2022-03-15 14:45:00,103131.8939815116
2022-03-15 15:00:00,103131.8939815116
2022-03-15 15:15:00,103131.8939815116
2022-03-16 09:15:00,103131.8939815116
2022-03-16 09:30:00,102973.77373177597
2022-03-16 09:45:00,102838.90642858746
2022-03-16 10:00:00,102624.58005963778
2022-03-16 10:15:00,102674.50836149538
2022-03-16 10:30:00,102821.24885841833
2022-03-16 10:45:00,102795.67582575956
2022-03-16 11:00:00,102782.2804277002
2022-03-16 11:15:00,102810.28898727884
2022-03-16 11:30:00,102950.6362260371
2022-03-16 11:45:00,102965.24938755638
2022-03-16 12:00:00,102984.1247211855
2022-03-16 12:15:00,102950.02734430712
2022-03-16 12:30:00,103010.30663557423
2022-03-16 12:45:00,102933.89197846293
2022-03-16 13:00:00,102689.73040474467
2022-03-16 13:15:00,102933.89197846293
2022-03-16 13:30:00,102892.18357995992
2022-03-16 13:45:00,102862.65281605636
2022-03-16 14:00:00,102771.92943829072
2022-03-16 14:15:00,102942.41632268252
2022-03-16 14:30:00,102940.28523662763
2022-03-16 14:45:00,103124.47195994378
2022-03-16 15:00:00,103378.68008220654
2022-03-16 15:15:00,103305.00539288008
2022-03-17 09:15:00,104633.5853276761
2022-03-17 09:30:00,104732.22416793136
2022-03-17 09:45:00,104976.6901825146
2022-03-17 10:00:00,105129.51949673724
2022-03-17 10:15:00,105086.28889390932
2022-03-17 10:30:00,105114.90633521794
2022-03-17 10:45:00,105116.42853954286
2022-03-17 11:00:00,105107.29531359329
2022-03-17 11:15:00,105195.58316443904
2022-03-17 11:30:00,105257.0802191661
2022-03-17 11:45:00,105306.39963929373
2022-03-17 12:00:00,105261.3423912759
2022-03-17 12:15:00,105373.98551132047
2022-03-17 12:30:00,105452.83569535165
2022-03-17 12:45:00,105351.45688731155
2022-03-17 13:00:00,105349.93468298663
2022-03-17 13:15:00,105270.17117636045
2022-03-17 13:30:00,105286.30654220468
2022-03-17 13:45:00,105406.86512473886
2022-03-17 14:00:00,105412.04061944364
2022-03-17 14:15:00,105475.0598784956
2022-03-17 14:30:00,105410.51841511871
2022-03-17 14:45:00,105475.97320109057
2022-03-17 15:00:00,105171.53233610523
2022-03-17 15:15:00,105332.88599454745
2022-03-21 09:15:00,105531.99032024785
2022-03-21 09:30:00,105227.5494552625
2022-03-21 09:45:00,104962.38146186028
2022-03-21 10:00:00,104926.761880657
2022-03-21 10:15:00,104874.60278836121
2022-03-21 10:30:00,104874.60278836121
2022-03-21 10:45:00,104874.60278836121
2022-03-21 11:00:00,104874.60278836121
2022-03-21 11:15:00,104874.60278836121
2022-03-21 11:30:00,104874.60278836121
2022-03-21 11:45:00,104874.60278836121
2022-03-21 12:00:00,104874.60278836121
2022-03-21 12:15:00,104874.60278836121
2022-03-21 12:30:00,104874.60278836121
2022-03-21 12:45:00,104874.60278836121
2022-03-21 13:00:00,104874.60278836121
2022-03-21 13:15:00,104874.60278836121
2022-03-21 13:30:00,104874.60278836121
2022-03-21 13:45:00,104874.60278836121
2022-03-21 14:00:00,104874.60278836121
2022-03-21 14:15:00,104874.60278836121
2022-03-21 14:30:00,104874.60278836121
2022-03-21 14:45:00,104874.60278836121
2022-03-21 15:00:00,104874.60278836121
2022-03-21 15:15:00,104874.60278836121
2022-03-22 09:15:00,104874.60278836121
2022-03-22 09:30:00,104874.60278836121
2022-03-22 09:45:00,104874.60278836121
2022-03-22 10:00:00,104874.60278836121
2022-03-22 10:15:00,104874.60278836121
2022-03-22 10:30:00,104874.60278836121
2022-03-22 10:45:00,104874.60278836121
2022-03-22 11:00:00,104874.60278836121
2022-03-22 11:15:00,104874.60278836121
2022-03-22 11:30:00,104874.60278836121
2022-03-22 11:45:00,104874.60278836121
2022-03-22 12:00:00,104874.60278836121
2022-03-22 12:15:00,104874.60278836121
2022-03-22 12:30:00,104874.60278836121
2022-03-22 12:45:00,104874.60278836121
2022-03-22 13:00:00,105230.75508671986
2022-03-22 13:15:00,105312.59515602762
2022-03-22 13:30:00,105491.23859089713
2022-03-22 13:45:00,105725.76535667456
2022-03-22 14:00:00,105622.54914986105
2022-03-22 14:15:00,105414.58986926936
2022-03-22 14:30:00,105534.90698608746
2022-03-22 14:45:00,105574.30015377661
2022-03-22 15:00:00,105765.76927114958
2022-03-22 15:15:00,105841.19649920557
2022-03-23 09:15:00,106145.95914535904
2022-03-23 09:30:00,106079.08237230532
2022-03-23 09:45:00,106066.86743658774
2022-03-23 10:00:00,106027.16889550562
2022-03-23 10:15:00,105752.3328418602
2022-03-23 10:30:00,105872.0392118924
2022-03-23 10:45:00,106176.19111126002
2022-03-23 11:00:00,105810.35378651868
2022-03-23 11:15:00,105941.35897208967
2022-03-23 11:30:00,105801.80333151638
2022-03-23 11:45:00,105635.0694589715
2022-03-23 12:00:00,105594.1555317855
2022-03-23 12:15:00,105594.1555317855
2022-03-23 12:30:00,105594.1555317855
2022-03-23 12:45:00,105594.1555317855
2022-03-23 13:00:00,105594.1555317855
2022-03-23 13:15:00,105594.1555317855
2022-03-23 13:30:00,105594.1555317855
2022-03-23 13:45:00,105594.1555317855
2022-03-23 14:00:00,105594.1555317855
2022-03-23 14:15:00,105594.1555317855
2022-03-23 14:30:00,105594.1555317855
2022-03-23 14:45:00,105594.1555317855
2022-03-23 15:00:00,105594.1555317855
2022-03-23 15:15:00,105594.1555317855
2022-03-24 09:15:00,105594.1555317855
2022-03-24 09:30:00,105594.1555317855
2022-03-24 09:45:00,105594.1555317855
2022-03-24 10:00:00,105594.1555317855
2022-03-24 10:15:00,105594.1555317855
2022-03-24 10:30:00,105594.1555317855
2022-03-24 10:45:00,105594.1555317855
2022-03-24 11:00:00,105594.1555317855
2022-03-24 11:15:00,105594.1555317855
2022-03-24 11:30:00,105594.1555317855
2022-03-24 11:45:00,105594.1555317855
2022-03-24 12:00:00,105594.1555317855
2022-03-24 12:15:00,105594.1555317855
2022-03-24 12:30:00,105594.1555317855
2022-03-24 12:45:00,105594.1555317855
2022-03-24 13:00:00,105594.1555317855
2022-03-24 13:15:00,105594.1555317855
2022-03-24 13:30:00,105594.1555317855
2022-03-24 13:45:00,105594.1555317855
2022-03-24 14:00:00,105594.1555317855
2022-03-24 14:15:00,105594.1555317855
2022-03-24 14:30:00,105594.1555317855
2022-03-24 14:45:00,105594.1555317855
2022-03-24 15:00:00,105594.1555317855
2022-03-24 15:15:00,105594.1555317855
2022-03-25 09:15:00,105594.1555317855
2022-03-25 09:30:00,105594.1555317855
2022-03-25 09:45:00,105594.1555317855
2022-03-25 10:00:00,105594.1555317855
2022-03-25 10:15:00,105594.1555317855
2022-03-25 10:30:00,105594.1555317855
2022-03-25 10:45:00,105594.1555317855
2022-03-25 11:00:00,105594.1555317855
2022-03-25 11:15:00,105594.1555317855
2022-03-25 11:30:00,105594.1555317855
2022-03-25 11:45:00,105594.1555317855
2022-03-25 12:00:00,105594.1555317855
2022-03-25 12:15:00,105594.1555317855
2022-03-25 12:30:00,105594.1555317855
2022-03-25 12:45:00,105594.1555317855
2022-03-25 13:00:00,105594.1555317855
2022-03-25 13:15:00,105594.1555317855
2022-03-25 13:30:00,105594.1555317855
2022-03-25 13:45:00,105594.1555317855
2022-03-25 14:00:00,105594.1555317855
2022-03-25 14:15:00,105594.1555317855
2022-03-25 14:30:00,105594.1555317855
2022-03-25 14:45:00,105594.1555317855
2022-03-25 15:00:00,105594.1555317855
2022-03-25 15:15:00,105594.1555317855
2022-03-28 09:15:00,105594.1555317855
2022-03-28 09:30:00,105594.1555317855
2022-03-28 09:45:00,105594.1555317855
2022-03-28 10:00:00,105594.1555317855
2022-03-28 10:15:00,105594.1555317855
2022-03-28 10:30:00,105594.1555317855
2022-03-28 10:45:00,105594.1555317855
2022-03-28 11:00:00,105594.1555317855
2022-03-28 11:15:00,105594.1555317855
2022-03-28 11:30:00,105594.1555317855
2022-03-28 11:45:00,105594.1555317855
2022-03-28 12:00:00,105594.1555317855
2022-03-28 12:15:00,105594.1555317855
2022-03-28 12:30:00,105594.1555317855
2022-03-28 12:45:00,105594.1555317855
2022-03-28 13:00:00,105688.96102026473
2022-03-28 13:15:00,105564.37340717635
2022-03-28 13:30:00,105261.18975759177
2022-03-28 13:45:00,105413.70218051031
2022-03-28 14:00:00,105394.67648590077
2022-03-28 14:15:00,105487.35003061182
2022-03-28 14:30:00,105437.94459783539
2022-03-28 14:45:00,105620.52989287872
2022-03-28 15:00:00,105693.87087693815
2022-03-28 15:15:00,105652.13709521396
2022-03-29 09:15:00,106097.70658832812
2022-03-29 09:30:00,106212.78135411172
2022-03-29 09:45:00,106011.78409654301
2022-03-29 10:00:00,106074.6916351714
2022-03-29 10:15:00,106091.87613352842
2022-03-29 10:30:00,105970.97091294512
2022-03-29 10:45:00,106073.46417100306
2022-03-29 11:00:00,106094.33106186514
2022-03-29 11:15:00,106154.16994007264
2022-03-29 11:30:00,105952.25208437764
2022-03-29 11:45:00,105893.64067033851
2022-03-29 12:00:00,105966.98165439794
2022-03-29 12:15:00,106058.42773494065
2022-03-29 12:30:00,105971.58464502926
2022-03-29 12:45:00,106176.26429510306
2022-03-29 13:00:00,106044.31189700452
2022-03-29 13:15:00,105943.35296915704
2022-03-29 13:30:00,105930.46459538928
2022-03-29 13:45:00,105922.79294433704
2022-03-29 14:00:00,106071.00924266636
2022-03-29 14:15:00,106173.80936676639
2022-03-29 14:30:00,106062.41699348783
2022-03-29 14:45:00,106221.68046933236
2022-03-29 15:00:00,106289.49786463418
2022-03-29 15:15:00,106395.05978311301
2022-03-30 09:15:00,106878.37379940422
2022-03-30 09:30:00,107017.07725042872
2022-03-30 09:45:00,107132.45888225445
2022-03-30 10:00:00,107104.53407242427
2022-03-30 10:15:00,107165.60041480011
2022-03-30 10:30:00,107313.50984708732
2022-03-30 10:45:00,107332.84240773895
2022-03-30 11:00:00,107421.83355994493
2022-03-30 11:15:00,107338.05913045447
2022-03-30 11:30:00,107381.63410843117
2022-03-30 11:45:00,107405.56965971417
2022-03-30 12:00:00,107317.80597167651
2022-03-30 12:15:00,107358.61915527446
2022-03-30 12:30:00,107349.72004005384
2022-03-30 12:45:00,107269.62800306846
2022-03-30 13:00:00,107355.85736089564
2022-03-30 13:15:00,107382.55470655745
2022-03-30 13:30:00,107174.49953002066
2022-03-30 13:45:00,107199.04881338784
2022-03-30 14:00:00,107133.37948038065
2022-03-30 14:15:00,107271.1623332789
2022-03-30 14:30:00,107215.3127136186
2022-03-30 14:45:00,107424.59535432373
2022-03-30 15:00:00,107393.60188407268
2022-03-30 15:15:00,107228.81481947051
2022-03-31 09:15:00,107350.94750422222
2022-03-31 09:30:00,107669.78132195337
2022-03-31 09:45:00,107675.61177675308
2022-03-31 10:00:00,107658.12041235395
2022-03-31 10:15:00,107549.79669949632
2022-03-31 10:30:00,107481.05870606823
2022-03-31 10:45:00,107562.99193930616
2022-03-31 11:00:00,107482.28617023659
2022-03-31 11:15:00,107436.86999600731
2022-03-31 11:30:00,107330.38747940221
2022-03-31 11:45:00,107277.94913609877
2022-03-31 12:00:00,107277.94913609877
2022-03-31 12:15:00,107277.94913609877
2022-03-31 12:30:00,107277.94913609877
2022-03-31 12:45:00,107277.94913609877
2022-03-31 13:00:00,107277.94913609877
2022-03-31 13:15:00,107008.23454691975
2022-03-31 13:30:00,107022.92524026442
2022-03-31 13:45:00,106999.3589196907
2022-03-31 14:00:00,106849.69748124202
2022-03-31 14:15:00,106800.86117875078
2022-03-31 14:30:00,106800.86117875078
2022-03-31 14:45:00,106800.86117875078
2022-03-31 15:00:00,106800.86117875078
2022-03-31 15:15:00,106800.86117875078
2022-04-01 09:15:00,106800.86117875078
2022-04-01 09:30:00,106800.86117875078
2022-04-01 09:45:00,106800.86117875078
2022-04-01 10:00:00,106800.86117875078
2022-04-01 10:15:00,106800.86117875078
2022-04-01 10:30:00,106800.86117875078
2022-04-01 10:45:00,106800.86117875078
2022-04-01 11:00:00,106800.86117875078
2022-04-01 11:15:00,106625.19287069928
2022-04-01 11:30:00,106653.47872294796
2022-04-01 11:45:00,106636.14223286006
2022-04-01 12:00:00,106603.2941463777
2022-04-01 12:15:00,106692.71393735746
2022-04-01 12:30:00,106743.20266287665
2022-04-01 12:45:00,106694.23468210202
2022-04-01 13:00:00,106674.76914937173
2022-04-01 13:15:00,106827.45192172495
2022-04-01 13:30:00,106956.41107606312
2022-04-01 13:45:00,106939.07458597519
2022-04-01 14:00:00,106960.36501239894
2022-04-01 14:15:00,106926.90862801875
2022-04-01 14:30:00,107000.51267365516
2022-04-01 14:45:00,107014.19937635615
2022-04-01 15:00:00,107488.06343875911
2022-04-01 15:15:00,107597.86120931589
2022-04-04 09:15:00,108905.0933917344
2022-04-04 09:30:00,109346.109367655
2022-04-04 09:45:00,109406.0267105904
2022-04-04 10:00:00,109887.79864566507
2022-04-04 10:15:00,109897.2272630813
2022-04-04 10:30:00,109677.32757301883
2022-04-04 10:45:00,109467.4647982704
2022-04-04 11:00:00,109341.85128237025
2022-04-04 11:15:00,109532.55267333731
2022-04-04 11:30:00,109329.077026516
2022-04-04 11:45:00,109345.19692080826
2022-04-04 12:00:00,109035.5732908171
2022-04-04 12:15:00,109110.69808119805
2022-04-04 12:30:00,108989.03850163374
2022-04-04 12:45:00,109013.0662685977
2022-04-04 13:00:00,109342.45958026807
2022-04-04 13:15:00,109479.02245832898
2022-04-04 13:30:00,109399.63958266328
2022-04-04 13:45:00,109498.48799105927
2022-04-04 14:00:00,109456.21128716067
2022-04-04 14:15:00,109610.11065530952
2022-04-04 14:30:00,109849.47587810228
2022-04-04 14:45:00,109836.0933243502
2022-04-04 15:00:00,109855.8630060294
2022-04-04 15:15:00,109712.91300004133
2022-04-05 09:15:00,109889.31939040957
2022-04-05 09:30:00,109405.11426374363
2022-04-05 09:45:00,109438.87479707271
2022-04-05 10:00:00,109475.67681989091
2022-04-05 10:15:00,109557.7970360968
2022-04-05 10:30:00,109343.0678781658
2022-04-05 10:45:00,109283.22839736131
2022-04-05 11:00:00,109283.22839736131
2022-04-05 11:15:00,109283.22839736131
2022-04-05 11:30:00,109283.22839736131
2022-04-05 11:45:00,109283.22839736131
2022-04-05 12:00:00,109283.22839736131
2022-04-05 12:15:00,109283.22839736131
2022-04-05 12:30:00,109283.22839736131
2022-04-05 12:45:00,109283.22839736131
2022-04-05 13:00:00,109283.22839736131
2022-04-05 13:15:00,109283.22839736131
2022-04-05 13:30:00,109189.020728782
2022-04-05 13:45:00,108920.21318375324
2022-04-05 14:00:00,108809.66985624703
2022-04-05 14:15:00,108679.7965479747
2022-04-05 14:30:00,108827.18765131632
2022-04-05 14:45:00,108763.45912097802
2022-04-05 15:00:00,108426.69461231839
2022-04-05 15:15:00,108378.21698375815
2022-04-06 09:15:00,108378.21698375815
2022-04-06 09:30:00,108378.21698375815
2022-04-06 09:45:00,108378.21698375815
2022-04-06 10:00:00,108378.21698375815
2022-04-06 10:15:00,108378.21698375815
2022-04-06 10:30:00,108378.21698375815
2022-04-06 10:45:00,108378.21698375815
2022-04-06 11:00:00,108378.21698375815
2022-04-06 11:15:00,108378.21698375815
2022-04-06 11:30:00,108378.21698375815
2022-04-06 11:45:00,108378.21698375815
2022-04-06 12:00:00,108378.21698375815
2022-04-06 12:15:00,108378.21698375815
2022-04-06 12:30:00,108378.21698375815
2022-04-06 12:45:00,108083.08853295945
2022-04-06 13:00:00,107997.42793764181
2022-04-06 13:15:00,107691.41075790288
2022-04-06 13:30:00,107956.86779710274
2022-04-06 13:45:00,107869.6937637053
2022-04-06 14:00:00,107745.59184116033
2022-04-06 14:15:00,107692.92919032837
2022-04-06 14:30:00,107692.92919032837
2022-04-06 14:45:00,107692.92919032837
2022-04-06 15:00:00,107692.92919032837
2022-04-06 15:15:00,107692.92919032837
2022-04-07 09:15:00,107692.92919032837
2022-04-07 09:30:00,107692.92919032837
2022-04-07 09:45:00,107692.92919032837
2022-04-07 10:00:00,107692.92919032837
2022-04-07 10:15:00,107692.92919032837
2022-04-07 10:30:00,107692.92919032837
2022-04-07 10:45:00,107692.92919032837
2022-04-07 11:00:00,107692.92919032837
2022-04-07 11:15:00,107692.92919032837
2022-04-07 11:30:00,107692.92919032837
2022-04-07 11:45:00,107692.92919032837
2022-04-07 12:00:00,107692.92919032837
2022-04-07 12:15:00,107689.9879433855
2022-04-07 12:30:00,107746.34729150051
2022-04-07 12:45:00,107643.93084170009
2022-04-07 13:00:00,107564.8459499903
2022-04-07 13:15:00,107459.3994277106
2022-04-07 13:30:00,107260.62667306837
2022-04-07 13:45:00,107090.63960697953
2022-04-07 14:00:00,107041.03141185203
2022-04-07 14:15:00,107041.03141185203
2022-04-07 14:30:00,107041.03141185203
2022-04-07 14:45:00,107041.03141185203
2022-04-07 15:00:00,107041.03141185203
2022-04-07 15:15:00,107041.03141185203
2022-04-08 09:15:00,107041.03141185203
2022-04-08 09:30:00,107041.03141185203
2022-04-08 09:45:00,107041.03141185203
2022-04-08 10:00:00,107041.03141185203
2022-04-08 10:15:00,107041.03141185203
2022-04-08 10:30:00,107041.03141185203
2022-04-08 10:45:00,107041.03141185203
2022-04-08 11:00:00,107041.03141185203
2022-04-08 11:15:00,107041.03141185203
2022-04-08 11:30:00,107041.03141185203
2022-04-08 11:45:00,107041.03141185203
2022-04-08 12:00:00,107041.03141185203
2022-04-08 12:15:00,107041.03141185203
2022-04-08 12:30:00,107011.64264627353
2022-04-08 12:45:00,106878.31472681953
2022-04-08 13:00:00,106957.94950224001
2022-04-08 13:15:00,106970.61867105689
2022-04-08 13:30:00,107221.89051925861
2022-04-08 13:45:00,107350.0904418105
2022-04-08 14:00:00,107583.56512429327
2022-04-08 14:15:00,107438.47297665218
2022-04-08 14:30:00,107415.54781403112
2022-04-08 14:45:00,107468.93931118803
2022-04-08 15:00:00,107189.31265658658
2022-04-08 15:15:00,107388.09794826117
2022-04-11 09:15:00,106687.37225393634
2022-04-11 09:30:00,106635.23455202197
2022-04-11 09:45:00,106635.23455202197
2022-04-11 10:00:00,106635.23455202197
2022-04-11 10:15:00,106635.23455202197
2022-04-11 10:30:00,106635.23455202197
2022-04-11 10:45:00,106635.23455202197
2022-04-11 11:00:00,106635.23455202197
2022-04-11 11:15:00,106635.23455202197
2022-04-11 11:30:00,106635.23455202197
2022-04-11 11:45:00,106635.23455202197
2022-04-11 12:00:00,106635.23455202197
2022-04-11 12:15:00,106635.23455202197
2022-04-11 12:30:00,106635.23455202197
2022-04-11 12:45:00,106635.23455202197
2022-04-11 13:00:00,106635.23455202197
2022-04-11 13:15:00,106635.23455202197
2022-04-11 13:30:00,106553.99492424172
2022-04-11 13:45:00,106416.78676509725
2022-04-11 14:00:00,106517.06581357482
2022-04-11 14:15:00,106538.38261729314
2022-04-11 14:30:00,106299.6944629827
2022-04-11 14:45:00,106246.25233535093
2022-04-11 15:00:00,106177.49813744264
2022-04-11 15:15:00,106161.58559382196
2022-04-12 09:15:00,105560.21153962851
2022-04-12 09:30:00,105510.13221284248
2022-04-12 09:45:00,105510.13221284248
2022-04-12 10:00:00,105510.13221284248
2022-04-12 10:15:00,105510.13221284248
2022-04-12 10:30:00,105510.13221284248
2022-04-12 10:45:00,105510.13221284248
2022-04-12 11:00:00,105510.13221284248
2022-04-12 11:15:00,105510.13221284248
2022-04-12 11:30:00,105510.13221284248
2022-04-12 11:45:00,105510.13221284248
2022-04-12 12:00:00,105510.13221284248
2022-04-12 12:15:00,105510.13221284248
2022-04-12 12:30:00,105510.13221284248
2022-04-12 12:45:00,105510.13221284248
2022-04-12 13:00:00,105510.13221284248
2022-04-12 13:15:00,105510.13221284248
2022-04-12 13:30:00,105510.13221284248
2022-04-12 13:45:00,105510.13221284248
2022-04-12 14:00:00,105510.13221284248
2022-04-12 14:15:00,105510.13221284248
2022-04-12 14:30:00,105510.13221284248
2022-04-12 14:45:00,105314.97696552527
2022-04-12 15:00:00,105100.32742921598
2022-04-12 15:15:00,105046.06546542828
2022-04-13 09:15:00,105821.02224107015
2022-04-13 09:30:00,105686.71638594923
2022-04-13 09:45:00,105542.81725546255
2022-04-13 10:00:00,105241.82824086121
2022-04-13 10:15:00,105131.50557415475
2022-04-13 10:30:00,105177.67321185257
2022-04-13 10:45:00,105203.15534954291
2022-04-13 11:00:00,105188.46564663906
2022-04-13 11:15:00,105267.90995826191
2022-04-13 11:30:00,105028.07807411742
2022-04-13 11:45:00,104972.56763547784
2022-04-13 12:00:00,104972.56763547784
2022-04-13 12:15:00,104972.56763547784
2022-04-13 12:30:00,104972.56763547784
2022-04-13 12:45:00,104972.56763547784
2022-04-13 13:00:00,104972.56763547784
2022-04-13 13:15:00,104972.56763547784
2022-04-13 13:30:00,104972.56763547784
2022-04-13 13:45:00,104972.56763547784
2022-04-13 14:00:00,104972.56763547784
2022-04-13 14:15:00,104972.56763547784
2022-04-13 14:30:00,104972.56763547784
2022-04-13 14:45:00,104972.56763547784
2022-04-13 15:00:00,104972.56763547784
2022-04-13 15:15:00,104972.56763547784
2022-04-18 09:15:00,104972.56763547784
2022-04-18 09:30:00,104972.56763547784
2022-04-18 09:45:00,104972.56763547784
2022-04-18 10:00:00,104972.56763547784
2022-04-18 10:15:00,104972.56763547784
2022-04-18 10:30:00,104972.56763547784
2022-04-18 10:45:00,104972.56763547784
2022-04-18 11:00:00,104972.56763547784
2022-04-18 11:15:00,104972.56763547784
2022-04-18 11:30:00,104972.56763547784
2022-04-18 11:45:00,104972.56763547784
2022-04-18 12:00:00,104972.56763547784
2022-04-18 12:15:00,104972.56763547784
2022-04-18 12:30:00,104972.56763547784
2022-04-18 12:45:00,104972.56763547784
2022-04-18 13:00:00,104972.56763547784
2022-04-18 13:15:00,104972.56763547784
2022-04-18 13:30:00,104972.56763547784
2022-04-18 13:45:00,104972.56763547784
2022-04-18 14:00:00,104972.56763547784
2022-04-18 14:15:00,104972.56763547784
2022-04-18 14:30:00,104972.56763547784
2022-04-18 14:45:00,104864.21450162373
2022-04-18 15:00:00,104891.99528497516
2022-04-18 15:15:00,104930.76626833373
2022-04-19 09:15:00,105028.76221839753
2022-04-19 09:30:00,104920.99720166069
2022-04-19 09:45:00,104899.93265164697
2022-04-19 10:00:00,104981.44330170004
2022-04-19 10:15:00,104865.74091829138
2022-04-19 10:30:00,104973.20065169469
2022-04-19 10:45:00,104803.76840158434
2022-04-19 11:00:00,104980.83273503298
2022-04-19 11:15:00,105043.11053507355
2022-04-19 11:30:00,105157.59178514809
2022-04-19 11:45:00,105227.50166852697
2022-04-19 12:00:00,105250.70320187541
2022-04-19 12:15:00,105217.4273185204
2022-04-19 12:30:00,105080.35510176446
2022-04-19 12:45:00,105004.33955171495
2022-04-19 13:00:00,104906.95416831822
2022-04-19 13:15:00,105216.81675185334
2022-04-19 13:30:00,105196.36276850669
2022-04-19 13:45:00,105259.2511352143
2022-04-19 14:00:00,105294.66400190404
2022-04-19 14:15:00,105222.3118518569
2022-04-19 14:30:00,105131.33741846433
2022-04-19 14:45:00,104613.27160146028
2022-04-19 15:00:00,103567.67618411269
2022-04-19 15:15:00,103514.06156186944
2022-04-20 09:15:00,103514.06156186944
2022-04-20 09:30:00,103514.06156186944
2022-04-20 09:45:00,103514.06156186944
2022-04-20 10:00:00,103514.06156186944
2022-04-20 10:15:00,103514.06156186944
2022-04-20 10:30:00,103514.06156186944
2022-04-20 10:45:00,103514.06156186944
2022-04-20 11:00:00,103514.06156186944
2022-04-20 11:15:00,103514.06156186944
2022-04-20 11:30:00,103514.06156186944
2022-04-20 11:45:00,103514.06156186944
2022-04-20 12:00:00,103514.06156186944
2022-04-20 12:15:00,103514.06156186944
2022-04-20 12:30:00,103514.06156186944
2022-04-20 12:45:00,103514.06156186944
2022-04-20 13:00:00,103204.25174607585
2022-04-20 13:15:00,103283.74525277755
2022-04-20 13:30:00,103191.30394006004
2022-04-20 13:45:00,102879.95437214508
2022-04-20 14:00:00,102969.08345541668
2022-04-20 14:15:00,102926.02447261992
2022-04-20 14:30:00,103181.06613995449
2022-04-20 14:45:00,102991.66683800238
2022-04-20 15:00:00,103144.33050428175
2022-04-20 15:15:00,103278.92746449255
2022-04-21 09:15:00,103755.2862811671
2022-04-21 09:30:00,103887.47434723543
2022-04-21 09:45:00,103866.69763525658
2022-04-21 10:00:00,103958.53672443845
2022-04-21 10:15:00,103876.03210005867
2022-04-21 10:30:00,103967.57007747274
2022-04-21 10:45:00,104088.31589636432
2022-04-21 11:00:00,104416.82883504442
2022-04-21 11:15:00,104448.14445889661
2022-04-21 11:30:00,104356.30536971473
2022-04-21 11:45:00,104431.8844234349
2022-04-21 12:00:00,104443.02555884386
2022-04-21 12:15:00,104411.70993499167
2022-04-21 12:30:00,104547.81245404153
2022-04-21 12:45:00,104528.54130090172
2022-04-21 13:00:00,104532.15464211546
2022-04-21 13:15:00,104633.62930786725
2022-04-21 13:30:00,104699.87389678533
2022-04-21 13:45:00,104543.59688929222
2022-04-21 14:00:00,104677.29051419962
2022-04-21 14:15:00,104818.51193330226
2022-04-21 14:30:00,104759.79513857941
2022-04-21 14:45:00,104807.97302142892
2022-04-21 15:00:00,104717.63949108608
2022-04-21 15:15:00,104787.49742121786
2022-04-22 09:15:00,103862.1809587395
2022-04-22 09:30:00,103809.94890704821
2022-04-22 09:45:00,103809.94890704821
2022-04-22 10:00:00,103809.94890704821
2022-04-22 10:15:00,103809.94890704821
2022-04-22 10:30:00,103809.94890704821
2022-04-22 10:45:00,103809.94890704821
2022-04-22 11:00:00,103809.94890704821
2022-04-22 11:15:00,103809.94890704821
2022-04-22 11:30:00,103809.94890704821
2022-04-22 11:45:00,103809.94890704821
2022-04-22 12:00:00,103809.94890704821
2022-04-22 12:15:00,103809.94890704821
2022-04-22 12:30:00,103809.94890704821
2022-04-22 12:45:00,103603.9637064901
2022-04-22 13:00:00,103608.46021114296
2022-04-22 13:15:00,103588.97535764724
2022-04-22 13:30:00,103607.26114323552
2022-04-22 13:45:00,103529.92126320639
2022-04-22 14:00:00,103228.95521844178
2022-04-22 14:15:00,103213.96686959892
2022-04-22 14:30:00,103014.6218299889
2022-04-22 14:45:00,102960.11834814021
2022-04-22 15:00:00,102960.11834814021
2022-04-22 15:15:00,102960.11834814021
2022-04-25 09:15:00,102960.11834814021
2022-04-25 09:30:00,102960.11834814021
2022-04-25 09:45:00,102960.11834814021
2022-04-25 10:00:00,102960.11834814021
2022-04-25 10:15:00,102960.11834814021
2022-04-25 10:30:00,102960.11834814021
2022-04-25 10:45:00,102960.11834814021
2022-04-25 11:00:00,102960.11834814021
2022-04-25 11:15:00,102960.11834814021
2022-04-25 11:30:00,102960.11834814021
2022-04-25 11:45:00,102960.11834814021
2022-04-25 12:00:00,102960.11834814021
2022-04-25 12:15:00,102960.11834814021
2022-04-25 12:30:00,102960.11834814021
2022-04-25 12:45:00,102960.11834814021
2022-04-25 13:00:00,102960.11834814021
2022-04-25 13:15:00,102960.11834814021
2022-04-25 13:30:00,102960.11834814021
2022-04-25 13:45:00,102960.11834814021
2022-04-25 14:00:00,102960.11834814021
2022-04-25 14:15:00,102960.11834814021
2022-04-25 14:30:00,102960.11834814021
2022-04-25 14:45:00,102960.11834814021
2022-04-25 15:00:00,102960.11834814021
2022-04-25 15:15:00,102960.11834814021
2022-04-26 09:15:00,102960.11834814021
2022-04-26 09:30:00,103007.30227655501
2022-04-26 09:45:00,102931.42996998971
2022-04-26 10:00:00,102853.7583201857
2022-04-26 10:15:00,102821.37014188907
2022-04-26 10:30:00,102785.98305819457
2022-04-26 10:45:00,102808.17495813857
2022-04-26 11:00:00,102758.99290961403
2022-04-26 11:15:00,102951.22274561544
2022-04-26 11:30:00,102987.20961038949
2022-04-26 11:45:00,103015.99910220872
2022-04-26 12:00:00,102827.06806214493
2022-04-26 12:15:00,102867.85317555555
2022-04-26 12:30:00,102817.47156487186
2022-04-26 12:45:00,102448.30631039801
2022-04-26 13:00:00,102467.49930494417
2022-04-26 13:15:00,102714.60910972599
2022-04-26 13:30:00,102784.48360549562
2022-04-26 13:45:00,102798.27857032567
2022-04-26 14:00:00,102809.07462975787
2022-04-26 14:15:00,102744.29827316458
2022-04-26 14:30:00,102792.58065006977
2022-04-26 14:45:00,102684.91994628741
2022-04-26 15:00:00,103231.02061923369
2022-04-26 15:15:00,103171.04251127693
2022-04-27 09:15:00,102483.99328463228
2022-04-27 09:30:00,102379.03159570796
2022-04-27 09:45:00,102469.29864818287
2022-04-27 10:00:00,102413.2191172433
2022-04-27 10:15:00,102235.38402715152
2022-04-27 10:30:00,102185.16555692149
2022-04-27 10:45:00,102185.16555692149
2022-04-27 11:00:00,102185.16555692149
2022-04-27 11:15:00,102185.16555692149
2022-04-27 11:30:00,102185.16555692149
2022-04-27 11:45:00,102185.16555692149
2022-04-27 12:00:00,102185.16555692149
2022-04-27 12:15:00,102185.16555692149
2022-04-27 12:30:00,102185.16555692149
2022-04-27 12:45:00,102185.16555692149
2022-04-27 13:00:00,102185.16555692149
2022-04-27 13:15:00,102185.16555692149
2022-04-27 13:30:00,102185.16555692149
2022-04-27 13:45:00,102185.16555692149
2022-04-27 14:00:00,102185.16555692149
2022-04-27 14:15:00,102185.16555692149
2022-04-27 14:30:00,102185.16555692149
2022-04-27 14:45:00,102185.16555692149
2022-04-27 15:00:00,102185.16555692149
2022-04-27 15:15:00,102185.16555692149
2022-04-28 09:15:00,102185.16555692149
2022-04-28 09:30:00,102039.84509715164
2022-04-28 09:45:00,102019.56821222944
2022-04-28 10:00:00,102013.60442254644
2022-04-28 10:15:00,101987.96012690956
2022-04-28 10:30:00,101875.24450190086
2022-04-28 10:45:00,102036.86320231017
2022-04-28 11:00:00,101987.36374794126
2022-04-28 11:15:00,102198.7800922036
2022-04-28 11:30:00,102244.99946224685
2022-04-28 11:45:00,102369.64266662154
2022-04-28 12:00:00,102406.02178368783
2022-04-28 12:15:00,102487.12932337663
2022-04-28 12:30:00,102598.35400096455
2022-04-28 12:45:00,102704.50945732194
2022-04-28 13:00:00,102881.63401090702
2022-04-28 13:15:00,102765.63830157268
2022-04-28 13:30:00,102986.59670932783
2022-04-28 13:45:00,103083.2101021924
2022-04-28 14:00:00,103159.54661013481
2022-04-28 14:15:00,103175.35065279476
2022-04-28 14:30:00,103210.83520140863
2022-04-28 14:45:00,103127.34214584663
2022-04-28 15:00:00,102725.38272121246
2022-04-28 15:15:00,102764.14735415195
2022-04-29 09:15:00,103322.05987899657
2022-04-29 09:30:00,103178.03435815213
2022-04-29 09:45:00,102988.6840357169
2022-04-29 10:00:00,103011.94281548061
2022-04-29 10:15:00,103152.68825199938
2022-04-29 10:30:00,103248.4070764115
2022-04-29 10:45:00,103238.86501291872
2022-04-29 11:00:00,103367.98105955565
2022-04-29 11:15:00,103380.50501788995
2022-04-29 11:30:00,103419.26965082945
2022-04-29 11:45:00,103438.95015678335
2022-04-29 12:00:00,103456.54333634819
2022-04-29 12:15:00,103447.89584130784
2022-04-29 12:30:00,103461.91074706287
2022-04-29 12:45:00,103543.31647623582
2022-04-29 13:00:00,103589.53584627906
2022-04-29 13:15:00,103562.99698218971
2022-04-29 13:30:00,103531.38889686982
2022-04-29 13:45:00,103415.39318753548
2022-04-29 14:00:00,103139.56791469674
2022-04-29 14:15:00,102841.67662003092
2022-04-29 14:30:00,102776.84396419756
2022-04-29 14:45:00,102776.84396419756
2022-04-29 15:00:00,102776.84396419756
2022-04-29 15:15:00,102776.84396419756
2022-05-02 09:15:00,102776.84396419756
2022-05-02 09:30:00,102776.84396419756
2022-05-02 09:45:00,102776.84396419756
2022-05-02 10:00:00,102776.84396419756
2022-05-02 10:15:00,102776.84396419756
2022-05-02 10:30:00,102776.84396419756
2022-05-02 10:45:00,102776.84396419756
2022-05-02 11:00:00,102776.84396419756
2022-05-02 11:15:00,102776.84396419756
2022-05-02 11:30:00,102776.84396419756
2022-05-02 11:45:00,102776.84396419756
2022-05-02 12:00:00,102776.84396419756
2022-05-02 12:15:00,102776.84396419756
2022-05-02 12:30:00,102776.84396419756
2022-05-02 12:45:00,102776.84396419756
2022-05-02 13:00:00,102776.84396419756
2022-05-02 13:15:00,102776.84396419756
2022-05-02 13:30:00,102776.84396419756
2022-05-02 13:45:00,102776.84396419756
2022-05-02 14:00:00,102776.84396419756
2022-05-02 14:15:00,102776.84396419756
2022-05-02 14:30:00,102776.84396419756
2022-05-02 14:45:00,102776.84396419756
2022-05-02 15:00:00,102776.84396419756
2022-05-02 15:15:00,102776.84396419756
2022-05-04 09:15:00,102776.84396419756
2022-05-04 09:30:00,102776.84396419756
2022-05-04 09:45:00,102776.84396419756
2022-05-04 10:00:00,102776.84396419756
2022-05-04 10:15:00,102776.84396419756
2022-05-04 10:30:00,102776.84396419756
2022-05-04 10:45:00,102776.84396419756
2022-05-04 11:00:00,102776.84396419756
2022-05-04 11:15:00,102776.84396419756
2022-05-04 11:30:00,102776.84396419756
2022-05-04 11:45:00,102776.84396419756
2022-05-04 12:00:00,102776.84396419756
2022-05-04 12:15:00,102776.84396419756
2022-05-04 12:30:00,102776.84396419756
2022-05-04 12:45:00,102776.84396419756
2022-05-04 13:00:00,102776.84396419756
2022-05-04 13:15:00,102776.84396419756
2022-05-04 13:30:00,102776.84396419756
2022-05-04 13:45:00,102776.84396419756
2022-05-04 14:00:00,102776.84396419756
2022-05-04 14:15:00,102776.84396419756
2022-05-04 14:30:00,102776.84396419756
2022-05-04 14:45:00,102776.84396419756
2022-05-04 15:00:00,102776.84396419756
2022-05-04 15:15:00,102776.84396419756
2022-05-05 09:15:00,102776.84396419756
2022-05-05 09:30:00,102776.84396419756
2022-05-05 09:45:00,102776.84396419756
2022-05-05 10:00:00,102776.84396419756
2022-05-05 10:15:00,102784.34626501022
2022-05-05 10:30:00,102540.28368188145
2022-05-05 10:45:00,102576.40737266793
2022-05-05 11:00:00,102727.27690477615
2022-05-05 11:15:00,102538.4623193208
2022-05-05 11:30:00,102363.6115134972
2022-05-05 11:45:00,102225.49151931364
2022-05-05 12:00:00,102261.61521010012
2022-05-05 12:15:00,102359.36166752233
2022-05-05 12:30:00,102441.01942232536
2022-05-05 12:45:00,102397.61028129623
2022-05-05 13:00:00,102074.62198720545
2022-05-05 13:15:00,102206.36721242669
2022-05-05 13:30:00,101741.00907817745
2022-05-05 13:45:00,101694.68970333682
2022-05-05 14:00:00,101694.68970333682
2022-05-05 14:15:00,101694.68970333682
2022-05-05 14:30:00,101694.68970333682
2022-05-05 14:45:00,101694.68970333682
2022-05-05 15:00:00,101694.68970333682
2022-05-05 15:15:00,101694.68970333682
2022-05-06 09:15:00,101694.68970333682
2022-05-06 09:30:00,101694.68970333682
2022-05-06 09:45:00,101694.68970333682
2022-05-06 10:00:00,101694.68970333682
2022-05-06 10:15:00,101694.68970333682
2022-05-06 10:30:00,101694.68970333682
2022-05-06 10:45:00,101694.68970333682
2022-05-06 11:00:00,101694.68970333682
2022-05-06 11:15:00,101694.68970333682
2022-05-06 11:30:00,101694.68970333682
2022-05-06 11:45:00,101694.68970333682
2022-05-06 12:00:00,101694.68970333682
2022-05-06 12:15:00,101694.68970333682
2022-05-06 12:30:00,101694.68970333682
2022-05-06 12:45:00,101694.68970333682
2022-05-06 13:00:00,101694.68970333682
2022-05-06 13:15:00,101694.68970333682
2022-05-06 13:30:00,101694.68970333682
2022-05-06 13:45:00,101694.68970333682
2022-05-06 14:00:00,101694.68970333682
2022-05-06 14:15:00,101694.68970333682
2022-05-06 14:30:00,101694.68970333682
2022-05-06 14:45:00,101694.68970333682
2022-05-06 15:00:00,101694.68970333682
2022-05-06 15:15:00,101694.68970333682
2022-05-09 09:15:00,101694.68970333682
2022-05-09 09:30:00,101694.68970333682
2022-05-09 09:45:00,101694.68970333682
2022-05-09 10:00:00,101694.68970333682
2022-05-09 10:15:00,101694.68970333682
2022-05-09 10:30:00,101694.68970333682
2022-05-09 10:45:00,101694.68970333682
2022-05-09 11:00:00,101694.68970333682
2022-05-09 11:15:00,101694.68970333682
2022-05-09 11:30:00,101694.68970333682
2022-05-09 11:45:00,101694.68970333682
2022-05-09 12:00:00,101694.68970333682
2022-05-09 12:15:00,101694.68970333682
2022-05-09 12:30:00,101952.99913180362
2022-05-09 12:45:00,101601.54324261867
2022-05-09 13:00:00,101629.53530458915
2022-05-09 13:15:00,101555.82287473355
2022-05-09 13:30:00,101548.66934778554
2022-05-09 13:45:00,101441.67746647613
2022-05-09 14:00:00,101088.0444169157
2022-05-09 14:15:00,101128.16637240673
2022-05-09 14:30:00,101665.92498515078
2022-05-09 14:45:00,101572.61811191584
2022-05-09 15:00:00,101433.90189370657
2022-05-09 15:15:00,101445.72076431631
2022-05-10 09:15:00,101479.31123868088
2022-05-10 09:30:00,101390.04766328612
2022-05-10 09:45:00,101263.77236150816
2022-05-10 10:00:00,101215.56381033677
2022-05-10 10:15:00,101445.09871849473
2022-05-10 10:30:00,101541.8268437483
2022-05-10 10:45:00,101493.30726966613
2022-05-10 11:00:00,101518.18910252879
2022-05-10 11:15:00,101358.01230347547
2022-05-10 11:30:00,101471.22464300053
2022-05-10 11:45:00,101734.97207134463
2022-05-10 12:00:00,101931.2275280488
2022-05-10 12:15:00,101866.84578551669
2022-05-10 12:30:00,101884.26306852054
2022-05-10 12:45:00,101956.42038382222
2022-05-10 13:00:00,101830.14508204427
2022-05-10 13:15:00,101537.78354590811
2022-05-10 13:30:00,101538.40559172966
2022-05-10 13:45:00,101570.44095154034
2022-05-10 14:00:00,101819.25928016685
2022-05-10 14:15:00,101667.1690767939
2022-05-10 14:30:00,101725.95240693193
2022-05-10 14:45:00,101258.79599493564
2022-05-10 15:00:00,101017.13119325714
2022-05-10 15:15:00,100968.17696465715
2022-05-11 09:15:00,100968.17696465715
2022-05-11 09:30:00,100968.17696465715
2022-05-11 09:45:00,100968.17696465715
2022-05-11 10:00:00,100968.17696465715
2022-05-11 10:15:00,100968.17696465715
2022-05-11 10:30:00,100968.17696465715
2022-05-11 10:45:00,100968.17696465715
2022-05-11 11:00:00,100968.17696465715
2022-05-11 11:15:00,100968.17696465715
2022-05-11 11:30:00,100968.17696465715
2022-05-11 11:45:00,100968.17696465715
2022-05-11 12:00:00,100968.17696465715
2022-05-11 12:15:00,100968.17696465715
2022-05-11 12:30:00,100968.17696465715
2022-05-11 12:45:00,100968.17696465715
2022-05-11 13:00:00,100968.17696465715
2022-05-11 13:15:00,100968.17696465715
2022-05-11 13:30:00,100968.17696465715
2022-05-11 13:45:00,100968.17696465715
2022-05-11 14:00:00,100968.17696465715
2022-05-11 14:15:00,100968.17696465715
2022-05-11 14:30:00,101106.30834407457
2022-05-11 14:45:00,100981.29214138398
2022-05-11 15:00:00,100723.1539472997
2022-05-11 15:15:00,101024.62693483534
2022-05-12 09:15:00,99189.60107688833
2022-05-12 09:30:00,98986.02107599817
2022-05-12 09:45:00,98935.28164456652
2022-05-12 10:00:00,98935.28164456652
2022-05-12 10:15:00,98935.28164456652
2022-05-12 10:30:00,98935.28164456652
2022-05-12 10:45:00,98935.28164456652
2022-05-12 11:00:00,98935.28164456652
2022-05-12 11:15:00,98935.28164456652
2022-05-12 11:30:00,98935.28164456652
2022-05-12 11:45:00,98935.28164456652
2022-05-12 12:00:00,98935.28164456652
2022-05-12 12:15:00,98935.28164456652
2022-05-12 12:30:00,98935.28164456652
2022-05-12 12:45:00,98935.28164456652
2022-05-12 13:00:00,98935.28164456652
2022-05-12 13:15:00,98935.28164456652
2022-05-12 13:30:00,98935.28164456652
2022-05-12 13:45:00,98935.28164456652
2022-05-12 14:00:00,98935.28164456652
2022-05-12 14:15:00,98935.28164456652
2022-05-12 14:30:00,98935.28164456652
2022-05-12 14:45:00,98935.28164456652
2022-05-12 15:00:00,98935.28164456652
2022-05-12 15:15:00,98935.28164456652
2022-05-13 09:15:00,98935.28164456652
2022-05-13 09:30:00,98935.28164456652
2022-05-13 09:45:00,98935.28164456652
2022-05-13 10:00:00,98935.28164456652
2022-05-13 10:15:00,98935.28164456652
2022-05-13 10:30:00,98999.91492794461
2022-05-13 10:45:00,99104.71414636778
2022-05-13 11:00:00,99230.59723121928
2022-05-13 11:15:00,99119.28681875205
2022-05-13 11:30:00,99289.81809133415
2022-05-13 11:45:00,99407.32964098618
2022-05-13 12:00:00,99385.62566083936
2022-05-13 12:15:00,99369.81276101813
2022-05-13 12:30:00,99425.62299568135
2022-05-13 12:45:00,99463.44993250864
2022-05-13 13:00:00,99691.6517809094
2022-05-13 13:15:00,99434.30458774006
2022-05-13 13:30:00,99475.23209315976
2022-05-13 13:45:00,99360.82111210014
2022-05-13 14:00:00,98821.01212016302
2022-05-13 14:15:00,98364.29836650228
2022-05-13 14:30:00,98347.03610589253
2022-05-13 14:45:00,98347.03610589253
2022-05-13 15:00:00,98347.03610589253
2022-05-13 15:15:00,98347.03610589253
2022-05-16 09:15:00,98347.03610589253
2022-05-16 09:30:00,98347.03610589253
2022-05-16 09:45:00,98347.03610589253
2022-05-16 10:00:00,98347.03610589253
2022-05-16 10:15:00,98347.03610589253
2022-05-16 10:30:00,98347.03610589253
2022-05-16 10:45:00,98347.03610589253
2022-05-16 11:00:00,98347.03610589253
2022-05-16 11:15:00,98347.03610589253
2022-05-16 11:30:00,98347.03610589253
2022-05-16 11:45:00,98347.03610589253
2022-05-16 12:00:00,98347.03610589253
2022-05-16 12:15:00,98347.03610589253
2022-05-16 12:30:00,98347.03610589253
2022-05-16 12:45:00,98347.03610589253
2022-05-16 13:00:00,98347.03610589253
2022-05-16 13:15:00,98347.03610589253
2022-05-16 13:30:00,98347.03610589253
2022-05-16 13:45:00,98347.03610589253
2022-05-16 14:00:00,98347.03610589253
2022-05-16 14:15:00,98347.03610589253
2022-05-16 14:30:00,98347.03610589253
2022-05-16 14:45:00,98347.03610589253
2022-05-16 15:00:00,98347.03610589253
2022-05-16 15:15:00,98347.03610589253
2022-05-17 09:15:00,98347.03610589253
2022-05-17 09:30:00,98347.03610589253
2022-05-17 09:45:00,98347.03610589253
2022-05-17 10:00:00,98347.03610589253
2022-05-17 10:15:00,98566.54937623227
2022-05-17 10:30:00,98815.86858147995
2022-05-17 10:45:00,98976.9576857337
2022-05-17 11:00:00,98853.37405995125
2022-05-17 11:15:00,99132.82061675783
2022-05-17 11:30:00,99257.94135231369
2022-05-17 11:45:00,99087.62958941946
2022-05-17 12:00:00,99019.3819154799
2022-05-17 12:15:00,99174.93742454934
2022-05-17 12:30:00,99225.3546251173
2022-05-17 12:45:00,99289.60581364599
2022-05-17 13:00:00,99434.70897625624
2022-05-17 13:15:00,99253.63744494812
2022-05-17 13:30:00,99370.15036577288
2022-05-17 13:45:00,99482.97422314143
2022-05-17 14:00:00,99706.77740615043
2022-05-17 14:15:00,99732.29342838908
2022-05-17 14:30:00,99816.83446592683
2022-05-17 14:45:00,99905.37198887546
2022-05-17 15:00:00,99901.0680815099
2022-05-17 15:15:00,100112.57438633159
2022-05-18 09:15:00,100638.5733507937
2022-05-18 09:30:00,100745.55619102328
2022-05-18 09:45:00,100719.73274682993
2022-05-18 10:00:00,100466.41705617138
2022-05-18 10:15:00,100409.54399455508
2022-05-18 10:30:00,100637.03624102027
2022-05-18 10:45:00,100434.75259483905
2022-05-18 11:00:00,100420.61118492366
2022-05-18 11:15:00,100520.83074215021
2022-05-18 11:30:00,100531.28308860942
2022-05-18 11:45:00,100537.12410574839
2022-05-18 12:00:00,100422.76313860642
2022-05-18 12:15:00,99891.23057896002
2022-05-18 12:30:00,99814.06766833465
2022-05-18 12:45:00,99760.78068381974
2022-05-18 13:00:00,99760.78068381974
2022-05-18 13:15:00,99760.78068381974
2022-05-18 13:30:00,99760.78068381974
2022-05-18 13:45:00,99760.78068381974
2022-05-18 14:00:00,99760.78068381974
2022-05-18 14:15:00,99760.78068381974
2022-05-18 14:30:00,99760.78068381974
2022-05-18 14:45:00,99760.78068381974
2022-05-18 15:00:00,99760.78068381974
2022-05-18 15:15:00,99760.78068381974
2022-05-19 09:15:00,99760.78068381974
2022-05-19 09:30:00,99760.78068381974
2022-05-19 09:45:00,99760.78068381974
2022-05-19 10:00:00,99760.78068381974
2022-05-19 10:15:00,99760.78068381974
2022-05-19 10:30:00,99760.78068381974
2022-05-19 10:45:00,99760.78068381974
2022-05-19 11:00:00,99760.78068381974
2022-05-19 11:15:00,99760.78068381974
2022-05-19 11:30:00,99760.78068381974
2022-05-19 11:45:00,99760.78068381974
2022-05-19 12:00:00,99760.78068381974
2022-05-19 12:15:00,99760.78068381974
2022-05-19 12:30:00,99760.78068381974
2022-05-19 12:45:00,99760.78068381974
2022-05-19 13:00:00,99760.78068381974
2022-05-19 13:15:00,99760.78068381974
2022-05-19 13:30:00,99760.78068381974
2022-05-19 13:45:00,99760.78068381974
2022-05-19 14:00:00,99760.78068381974
2022-05-19 14:15:00,99760.78068381974
2022-05-19 14:30:00,99760.78068381974
2022-05-19 14:45:00,99760.78068381974
2022-05-19 15:00:00,99760.78068381974
2022-05-19 15:15:00,99760.78068381974
2022-05-20 09:15:00,99760.78068381974
2022-05-20 09:30:00,99731.94072202298
2022-05-20 09:45:00,100049.71307666795
2022-05-20 10:00:00,100004.22862084242
2022-05-20 10:15:00,100006.3945473103
2022-05-20 10:30:00,100069.20641487886
2022-05-20 10:45:00,100092.72218795873
2022-05-20 11:00:00,100126.13933917748
2022-05-20 11:15:00,100120.56981397436
2022-05-20 11:30:00,100189.87946094657
2022-05-20 11:45:00,100078.79837495091
2022-05-20 12:00:00,99940.79791714015
2022-05-20 12:15:00,99885.41208317575
2022-05-20 12:30:00,100099.83880349605
2022-05-20 12:45:00,100097.67287702816
2022-05-20 13:00:00,100294.15334947173
2022-05-20 13:15:00,100282.3954629318
2022-05-20 13:30:00,100220.51184956376
2022-05-20 13:45:00,100253.31016464882
2022-05-20 14:00:00,100362.84416031028
2022-05-20 14:15:00,100179.04982860715
2022-05-20 14:30:00,100396.57072959589
2022-05-20 14:45:00,100551.27976301602
2022-05-20 15:00:00,100743.11896445698
2022-05-20 15:15:00,100738.47769345438
2022-05-23 09:15:00,100714.033666174
2022-05-23 09:30:00,100703.51345190142
2022-05-23 09:45:00,100941.4559453016
2022-05-23 10:00:00,101081.93174764709
2022-05-23 10:15:00,101061.51015523562
2022-05-23 10:30:00,101062.43840943613
2022-05-23 10:45:00,101145.981287483
2022-05-23 11:00:00,101103.5910123259
2022-05-23 11:15:00,101309.66344484151
2022-05-23 11:30:00,101277.17454782328
2022-05-23 11:45:00,101276.24629362277
2022-05-23 12:00:00,101350.50662966442
2022-05-23 12:15:00,101398.15701195782
2022-05-23 12:30:00,101206.93664665053
2022-05-23 12:45:00,101230.14300166356
2022-05-23 13:00:00,101192.39399750905
2022-05-23 13:15:00,101382.06727248215
2022-05-23 13:30:00,101317.70831457936
2022-05-23 13:45:00,101093.38021612016
2022-05-23 14:00:00,100675.35640781897
2022-05-23 14:15:00,100676.90349815317
2022-05-23 14:30:00,100557.46812435283
2022-05-23 14:45:00,100516.77655438268
2022-05-23 15:00:00,100516.77655438268
2022-05-23 15:15:00,100516.77655438268
2022-05-24 09:15:00,100516.77655438268
2022-05-24 09:30:00,100516.77655438268
2022-05-24 09:45:00,100516.77655438268
2022-05-24 10:00:00,100516.77655438268
2022-05-24 10:15:00,100516.77655438268
2022-05-24 10:30:00,100516.77655438268
2022-05-24 10:45:00,100516.77655438268
2022-05-24 11:00:00,100516.77655438268
2022-05-24 11:15:00,100516.77655438268
2022-05-24 11:30:00,100516.77655438268
2022-05-24 11:45:00,100516.77655438268
2022-05-24 12:00:00,100516.77655438268
2022-05-24 12:15:00,100516.77655438268
2022-05-24 12:30:00,100516.77655438268
2022-05-24 12:45:00,100516.77655438268
2022-05-24 13:00:00,100516.77655438268
2022-05-24 13:15:00,100516.77655438268
2022-05-24 13:30:00,100516.77655438268
2022-05-24 13:45:00,100516.77655438268
2022-05-24 14:00:00,100516.77655438268
2022-05-24 14:15:00,100516.77655438268
2022-05-24 14:30:00,100516.77655438268
2022-05-24 14:45:00,100516.77655438268
2022-05-24 15:00:00,100516.77655438268
2022-05-24 15:15:00,100516.77655438268
2022-05-25 09:15:00,100516.77655438268
2022-05-25 09:30:00,100516.77655438268
2022-05-25 09:45:00,100516.77655438268
2022-05-25 10:00:00,100516.77655438268
2022-05-25 10:15:00,100516.77655438268
2022-05-25 10:30:00,100516.77655438268
2022-05-25 10:45:00,100516.77655438268
2022-05-25 11:00:00,100516.77655438268
2022-05-25 11:15:00,100516.77655438268
2022-05-25 11:30:00,100516.77655438268
2022-05-25 11:45:00,100516.77655438268
2022-05-25 12:00:00,100516.77655438268
2022-05-25 12:15:00,100516.77655438268
2022-05-25 12:30:00,100516.77655438268
2022-05-25 12:45:00,100516.77655438268
2022-05-25 13:00:00,100516.77655438268
2022-05-25 13:15:00,100516.77655438268
2022-05-25 13:30:00,100516.77655438268
2022-05-25 13:45:00,100516.77655438268
2022-05-25 14:00:00,100516.77655438268
2022-05-25 14:15:00,100516.77655438268
2022-05-25 14:30:00,100516.77655438268
2022-05-25 14:45:00,100516.77655438268
2022-05-25 15:00:00,100516.77655438268
2022-05-25 15:15:00,100516.77655438268
2022-05-26 09:15:00,100516.77655438268
2022-05-26 09:30:00,100516.77655438268
2022-05-26 09:45:00,100516.77655438268
2022-05-26 10:00:00,100516.77655438268
2022-05-26 10:15:00,100516.77655438268
2022-05-26 10:30:00,100516.77655438268
2022-05-26 10:45:00,100516.77655438268
2022-05-26 11:00:00,100516.77655438268
2022-05-26 11:15:00,100516.77655438268
2022-05-26 11:30:00,100516.77655438268
2022-05-26 11:45:00,100516.77655438268
2022-05-26 12:00:00,100516.77655438268
2022-05-26 12:15:00,100516.77655438268
2022-05-26 12:30:00,100516.77655438268
2022-05-26 12:45:00,100516.77655438268
2022-05-26 13:00:00,100516.77655438268
2022-05-26 13:15:00,100672.81043207653
2022-05-26 13:30:00,100757.69923138684
2022-05-26 13:45:00,100436.86950458169
2022-05-26 14:00:00,100384.75027853454
2022-05-26 14:15:00,100714.31855820988
2022-05-26 14:30:00,100767.06196660489
2022-05-26 14:45:00,101007.99635288268
2022-05-26 15:00:00,100944.32975339994
2022-05-26 15:15:00,101127.21518132582
2022-05-27 09:15:00,101837.53469320184
2022-05-27 09:30:00,101862.18989594269
2022-05-27 09:45:00,101815.06412867851
2022-05-27 10:00:00,101618.13459792554
2022-05-27 10:15:00,101516.39287522274
2022-05-27 10:30:00,101627.80942431751
2022-05-27 10:45:00,101402.7916879104
2022-05-27 11:00:00,101450.22954634852
2022-05-27 11:15:00,101572.88137770497
2022-05-27 11:30:00,101474.88474908937
2022-05-27 11:45:00,101448.35699930489
2022-05-27 12:00:00,101351.60873538505
2022-05-27 12:15:00,101300.30906076066
2022-05-27 12:30:00,101300.30906076066
2022-05-27 12:45:00,101300.30906076066
2022-05-27 13:00:00,101300.30906076066
2022-05-27 13:15:00,101440.46711061567
2022-05-27 13:30:00,101443.87994028762
2022-05-27 13:45:00,101508.72370405434
2022-05-27 14:00:00,101392.37723796569
2022-05-27 14:15:00,101384.6208068931
2022-05-27 14:30:00,101200.63826185159
2022-05-27 14:45:00,101380.8977199783
2022-05-27 15:00:00,101429.60810711407
2022-05-27 15:15:00,101491.96981293759
2022-05-30 09:15:00,102961.65837256944
2022-05-30 09:30:00,102983.99689405844
2022-05-30 09:45:00,103061.25094754131
2022-05-30 10:00:00,103179.45895708736
2022-05-30 10:15:00,103201.7974785764
2022-05-30 10:30:00,103236.23603253864
2022-05-30 10:45:00,103327.45166195215
2022-05-30 11:00:00,103544.9419892272
2022-05-30 11:15:00,103532.84195675398
2022-05-30 11:30:00,103586.51645977622
2022-05-30 11:45:00,103470.16999368757
2022-05-30 12:00:00,103418.66729136564
2022-05-30 12:15:00,103330.55423438118
2022-05-30 12:30:00,103406.87751613534
2022-05-30 12:45:00,103326.52089022344
2022-05-30 13:00:00,103440.38529836886
2022-05-30 13:15:00,103382.05693670308
2022-05-30 13:30:00,103382.36719394597
2022-05-30 13:45:00,103388.57233880402
2022-05-30 14:00:00,103177.59741362993
2022-05-30 14:15:00,103297.04645214761
2022-05-30 14:30:00,103187.83590264573
2022-05-30 14:45:00,103394.77748366208
2022-05-30 15:00:00,103382.36719394596
2022-05-30 15:15:00,103428.59552313853
2022-05-31 09:15:00,102656.98576003859
2022-05-31 09:30:00,102606.8976756157
2022-05-31 09:45:00,102606.8976756157
2022-05-31 10:00:00,102606.8976756157
2022-05-31 10:15:00,102606.8976756157
2022-05-31 10:30:00,102606.8976756157
2022-05-31 10:45:00,102606.8976756157
2022-05-31 11:00:00,102517.41739459548
2022-05-31 11:15:00,102461.07577935855
2022-05-31 11:30:00,102398.88448822268
2022-05-31 11:45:00,102564.21480178683
2022-05-31 12:00:00,102575.60627590575
2022-05-31 12:15:00,102582.99534019914
2022-05-31 12:30:00,102431.51952218506
2022-05-31 12:45:00,102415.20200520389
2022-05-31 13:00:00,102335.1538086924
2022-05-31 13:15:00,102345.92952745357
2022-05-31 13:30:00,102557.74937053013
2022-05-31 13:45:00,102714.45910908534
2022-05-31 14:00:00,102655.0387170595
2022-05-31 14:15:00,102680.90044208629
2022-05-31 14:30:00,102538.96883211783
2022-05-31 14:45:00,102444.75826237738
2022-05-31 15:00:00,101949.38307704276
2022-05-31 15:15:00,102081.46260128674
2022-06-01 09:15:00,102340.07985155466
2022-06-01 09:30:00,102045.74879053546
2022-06-01 09:45:00,101919.21106451152
2022-06-01 10:00:00,101873.4827625601
2022-06-01 10:15:00,101873.4827625601
2022-06-01 10:30:00,101873.4827625601
2022-06-01 10:45:00,101873.4827625601
2022-06-01 11:00:00,101873.4827625601
2022-06-01 11:15:00,101873.4827625601
2022-06-01 11:30:00,101873.4827625601
2022-06-01 11:45:00,101873.4827625601
2022-06-01 12:00:00,101873.4827625601
2022-06-01 12:15:00,101873.4827625601
2022-06-01 12:30:00,101873.4827625601
2022-06-01 12:45:00,101873.4827625601
2022-06-01 13:00:00,101873.4827625601
2022-06-01 13:15:00,101873.4827625601
2022-06-01 13:30:00,101873.4827625601
2022-06-01 13:45:00,101873.4827625601
2022-06-01 14:00:00,101873.4827625601
2022-06-01 14:15:00,101873.4827625601
2022-06-01 14:30:00,101873.4827625601
2022-06-01 14:45:00,101873.4827625601
2022-06-01 15:00:00,101873.4827625601
2022-06-01 15:15:00,101873.4827625601
2022-06-02 09:15:00,101873.4827625601
2022-06-02 09:30:00,101873.4827625601
2022-06-02 09:45:00,101873.4827625601
2022-06-02 10:00:00,101873.4827625601
2022-06-02 10:15:00,101883.50580671658
2022-06-02 10:30:00,101914.9093325997
2022-06-02 10:45:00,101703.3973494459
2022-06-02 11:00:00,101707.39975960749
2022-06-02 11:15:00,101813.92544544622
2022-06-02 11:30:00,101887.20033917343
2022-06-02 11:45:00,101921.9905198086
2022-06-02 12:00:00,101907.82814539074
2022-06-02 12:15:00,102063.922141692
2022-06-02 12:30:00,102071.61908431041
2022-06-02 12:45:00,102133.81038066711
2022-06-02 13:00:00,102058.072465302
2022-06-02 13:15:00,102038.36829219888
2022-06-02 13:30:00,102243.10696584846
2022-06-02 13:45:00,102278.82077959785
2022-06-02 14:00:00,102373.95499036135
2022-06-02 14:15:00,102284.97833369259
2022-06-02 14:30:00,102331.15998940301
2022-06-02 14:45:00,102416.7499913197
2022-06-02 15:00:00,102410.28455952024
2022-06-02 15:15:00,102445.69049556491
2022-06-03 09:15:00,103325.91285340571
2022-06-03 09:30:00,103226.77623248065
2022-06-03 09:45:00,103278.80756458107
2022-06-03 10:00:00,103167.35583546656
2022-06-03 10:15:00,103044.20475357208
2022-06-03 10:30:00,102959.23050706489
2022-06-03 10:45:00,103082.6894666641
2022-06-03 11:00:00,103032.81327849685
2022-06-03 11:15:00,103066.67982601783
2022-06-03 11:30:00,103176.9000443134
2022-06-03 11:45:00,103169.81885710446
2022-06-03 12:00:00,103183.05759840812
2022-06-03 12:15:00,103062.98529356101
2022-06-03 12:30:00,103018.95878178373
2022-06-03 12:45:00,102885.64773563294
2022-06-03 13:00:00,102944.76025494232
2022-06-03 13:15:00,102786.20323700317
2022-06-03 13:30:00,102734.19468785288
2022-06-03 13:45:00,102734.19468785288
2022-06-03 14:00:00,102734.19468785288
2022-06-03 14:15:00,102734.19468785288
2022-06-03 14:30:00,102734.19468785288
2022-06-03 14:45:00,102734.19468785288
2022-06-03 15:00:00,102734.19468785288
2022-06-03 15:15:00,102734.19468785288
2022-06-06 09:15:00,102734.19468785288
2022-06-06 09:30:00,102734.19468785288
2022-06-06 09:45:00,102734.19468785288
2022-06-06 10:00:00,102734.19468785288
2022-06-06 10:15:00,102734.19468785288
2022-06-06 10:30:00,102734.19468785288
2022-06-06 10:45:00,102734.19468785288
2022-06-06 11:00:00,102734.19468785288
2022-06-06 11:15:00,102734.19468785288
2022-06-06 11:30:00,102734.19468785288
2022-06-06 11:45:00,102734.19468785288
2022-06-06 12:00:00,102734.19468785288
2022-06-06 12:15:00,102734.19468785288
2022-06-06 12:30:00,102734.19468785288
2022-06-06 12:45:00,102734.19468785288
2022-06-06 13:00:00,102618.0774827473
2022-06-06 13:15:00,102731.46762361222
2022-06-06 13:30:00,102799.0060135263
2022-06-06 13:45:00,102863.75612128798
2022-06-06 14:00:00,102890.709515428
2022-06-06 14:15:00,102751.91502606327
2022-06-06 14:30:00,102773.29185589845
2022-06-06 14:45:00,102822.24169812976
2022-06-06 15:00:00,102690.88262783816
2022-06-06 15:15:00,102631.3992752533
2022-06-07 09:15:00,101834.57019791842
2022-06-07 09:30:00,101782.41429592554
2022-06-07 09:45:00,101782.41429592554
2022-06-07 10:00:00,101782.41429592554
2022-06-07 10:15:00,101782.41429592554
2022-06-07 10:30:00,101782.41429592554
2022-06-07 10:45:00,101782.41429592554
2022-06-07 11:00:00,101782.41429592554
2022-06-07 11:15:00,101782.41429592554
2022-06-07 11:30:00,101782.41429592554
2022-06-07 11:45:00,101782.41429592554
2022-06-07 12:00:00,101782.41429592554
2022-06-07 12:15:00,101782.41429592554
2022-06-07 12:30:00,101782.41429592554
2022-06-07 12:45:00,101782.41429592554
2022-06-07 13:00:00,101782.41429592554
2022-06-07 13:15:00,101782.41429592554
2022-06-07 13:30:00,101782.41429592554
2022-06-07 13:45:00,101782.41429592554
2022-06-07 14:00:00,101782.41429592554
2022-06-07 14:15:00,101782.41429592554
2022-06-07 14:30:00,101782.41429592554
2022-06-07 14:45:00,101782.41429592554
2022-06-07 15:00:00,101782.41429592554
2022-06-07 15:15:00,101782.41429592554
2022-06-08 09:15:00,101782.41429592554
2022-06-08 09:30:00,101782.41429592554
2022-06-08 09:45:00,101782.41429592554
2022-06-08 10:00:00,101782.41429592554
2022-06-08 10:15:00,101782.41429592554
2022-06-08 10:30:00,101782.41429592554
2022-06-08 10:45:00,101782.41429592554
2022-06-08 11:00:00,101782.41429592554
2022-06-08 11:15:00,101782.41429592554
2022-06-08 11:30:00,101782.41429592554
2022-06-08 11:45:00,101782.41429592554
2022-06-08 12:00:00,101797.01263513153
2022-06-08 12:15:00,101769.21046922656
2022-06-08 12:30:00,101729.97852400508
2022-06-08 12:45:00,101567.18139698378
2022-06-08 13:00:00,101330.86298679154
2022-06-08 13:15:00,101196.1769386297
2022-06-08 13:30:00,101147.43140114853
2022-06-08 13:45:00,101147.43140114853
2022-06-08 14:00:00,101147.43140114853
2022-06-08 14:15:00,101147.43140114853
2022-06-08 14:30:00,101147.43140114853
2022-06-08 14:45:00,101147.43140114853
2022-06-08 15:00:00,101147.43140114853
2022-06-08 15:15:00,101147.43140114853
2022-06-09 09:15:00,101147.43140114853
2022-06-09 09:30:00,101147.43140114853
2022-06-09 09:45:00,101147.43140114853
2022-06-09 10:00:00,101147.43140114853
2022-06-09 10:15:00,101147.43140114853
2022-06-09 10:30:00,101147.43140114853
2022-06-09 10:45:00,101147.43140114853
2022-06-09 11:00:00,101007.05772456036
2022-06-09 11:15:00,100899.35948968142
2022-06-09 11:30:00,100949.35122048484
2022-06-09 11:45:00,100887.32444337691
2022-06-09 12:00:00,101025.88177134437
2022-06-09 12:15:00,101081.11954797283
2022-06-09 12:30:00,101206.71605684311
2022-06-09 12:45:00,101049.33468209165
2022-06-09 13:00:00,100896.58217130347
2022-06-09 13:15:00,101025.57318041348
2022-06-09 13:30:00,101000.57731501177
2022-06-09 13:45:00,101060.7525465344
2022-06-09 14:00:00,101153.63841673086
2022-06-09 14:15:00,101302.99642727931
2022-06-09 14:30:00,101520.86162448429
2022-06-09 14:45:00,101539.06848940652
2022-06-09 15:00:00,101696.449864158
2022-06-09 15:15:00,101722.68009328324
2022-06-10 09:15:00,100386.17277161933
2022-06-10 09:30:00,100337.83030504604
2022-06-10 09:45:00,100337.83030504604
2022-06-10 10:00:00,100337.83030504604
2022-06-10 10:15:00,100337.83030504604
2022-06-10 10:30:00,100337.83030504604
2022-06-10 10:45:00,100337.83030504604
2022-06-10 11:00:00,100337.83030504604
2022-06-10 11:15:00,100337.83030504604
2022-06-10 11:30:00,100337.83030504604
2022-06-10 11:45:00,100337.83030504604
2022-06-10 12:00:00,100337.83030504604
2022-06-10 12:15:00,100337.83030504604
2022-06-10 12:30:00,100337.83030504604
2022-06-10 12:45:00,100337.83030504604
2022-06-10 13:00:00,100337.83030504604
2022-06-10 13:15:00,100337.83030504604
2022-06-10 13:30:00,100337.83030504604
2022-06-10 13:45:00,100337.83030504604
2022-06-10 14:00:00,100337.83030504604
2022-06-10 14:15:00,100337.83030504604
2022-06-10 14:30:00,100337.83030504604
2022-06-10 14:45:00,100337.83030504604
2022-06-10 15:00:00,100337.83030504604
2022-06-10 15:15:00,100337.83030504604
2022-06-13 09:15:00,100337.83030504604
2022-06-13 09:30:00,100337.83030504604
2022-06-13 09:45:00,100337.83030504604
2022-06-13 10:00:00,100337.83030504604
2022-06-13 10:15:00,100337.83030504604
2022-06-13 10:30:00,100337.83030504604
2022-06-13 10:45:00,100337.83030504604
2022-06-13 11:00:00,100337.83030504604
2022-06-13 11:15:00,100337.83030504604
2022-06-13 11:30:00,100337.83030504604
2022-06-13 11:45:00,100337.83030504604
2022-06-13 12:00:00,100337.83030504604
2022-06-13 12:15:00,100337.83030504604
2022-06-13 12:30:00,100337.83030504604
2022-06-13 12:45:00,100337.83030504604
2022-06-13 13:00:00,100337.83030504604
2022-06-13 13:15:00,100337.83030504604
2022-06-13 13:30:00,100337.83030504604
2022-06-13 13:45:00,100337.83030504604
2022-06-13 14:00:00,100337.83030504604
2022-06-13 14:15:00,100337.83030504604
2022-06-13 14:30:00,100337.83030504604
2022-06-13 14:45:00,100337.83030504604
2022-06-13 15:00:00,100337.83030504604
2022-06-13 15:15:00,100337.83030504604
2022-06-14 09:15:00,100252.15114087274
2022-06-14 09:30:00,100713.78437814284
2022-06-14 09:45:00,100835.35099641218
2022-06-14 10:00:00,100824.47398319861
2022-06-14 10:15:00,100995.30707308235
2022-06-14 10:30:00,101161.98130497267
2022-06-14 10:45:00,101178.61673694637
2022-06-14 11:00:00,101406.39419012469
2022-06-14 11:15:00,101310.42054412258
2022-06-14 11:30:00,101304.66212536246
2022-06-14 11:45:00,101195.89199322675
2022-06-14 12:00:00,101238.76022177434
2022-06-14 12:15:00,100963.31585774831
2022-06-14 12:30:00,100896.45421770019
2022-06-14 12:45:00,100661.63869714839
2022-06-14 13:00:00,100617.06341735057
2022-06-14 13:15:00,100617.06341735057
2022-06-14 13:30:00,100617.06341735057
2022-06-14 13:45:00,100617.06341735057
2022-06-14 14:00:00,100617.06341735057
2022-06-14 14:15:00,100617.06341735057
2022-06-14 14:30:00,100617.06341735057
2022-06-14 14:45:00,100617.06341735057
2022-06-14 15:00:00,100617.06341735057
2022-06-14 15:15:00,100617.06341735057
2022-06-15 09:15:00,100617.06341735057
2022-06-15 09:30:00,100617.06341735057
2022-06-15 09:45:00,100617.06341735057
2022-06-15 10:00:00,100617.06341735057
2022-06-15 10:15:00,100617.06341735057
2022-06-15 10:30:00,100617.06341735057
2022-06-15 10:45:00,100617.06341735057
2022-06-15 11:00:00,100617.06341735057
2022-06-15 11:15:00,100617.06341735057
2022-06-15 11:30:00,100617.06341735057
2022-06-15 11:45:00,100617.06341735057
2022-06-15 12:00:00,100617.06341735057
2022-06-15 12:15:00,100617.06341735057
2022-06-15 12:30:00,100617.06341735057
2022-06-15 12:45:00,100410.51313756184
2022-06-15 13:00:00,100565.47944280044
2022-06-15 13:15:00,100398.39643056787
2022-06-15 13:30:00,100468.54578684871
2022-06-15 13:45:00,100551.44957154426
2022-06-15 14:00:00,100396.48326630566
2022-06-15 14:15:00,100348.33529904018
2022-06-15 14:30:00,100349.29188117127
2022-06-15 14:45:00,100314.21720303086
2022-06-15 15:00:00,100080.49230233149
2022-06-15 15:15:00,100026.30893954016
2022-06-16 09:15:00,100026.30893954016
2022-06-16 09:30:00,100026.30893954016
2022-06-16 09:45:00,100026.30893954016
2022-06-16 10:00:00,100026.30893954016
2022-06-16 10:15:00,100026.30893954016
2022-06-16 10:30:00,100026.30893954016
2022-06-16 10:45:00,100026.30893954016
2022-06-16 11:00:00,100026.30893954016
2022-06-16 11:15:00,100026.30893954016
2022-06-16 11:30:00,100026.30893954016
2022-06-16 11:45:00,100026.30893954016
2022-06-16 12:00:00,100026.30893954016
2022-06-16 12:15:00,100026.30893954016
2022-06-16 12:30:00,100026.30893954016
2022-06-16 12:45:00,100026.30893954016
2022-06-16 13:00:00,100026.30893954016
2022-06-16 13:15:00,100026.30893954016
2022-06-16 13:30:00,100026.30893954016
2022-06-16 13:45:00,100026.30893954016
2022-06-16 14:00:00,100026.30893954016
2022-06-16 14:15:00,100026.30893954016
2022-06-16 14:30:00,100026.30893954016
2022-06-16 14:45:00,100026.30893954016
2022-06-16 15:00:00,100026.30893954016
2022-06-16 15:15:00,100026.30893954016
2022-06-17 09:15:00,100026.30893954016
2022-06-17 09:30:00,100026.30893954016
2022-06-17 09:45:00,100026.30893954016
2022-06-17 10:00:00,100026.30893954016
2022-06-17 10:15:00,100026.30893954016
2022-06-17 10:30:00,100026.30893954016
2022-06-17 10:45:00,100026.30893954016
2022-06-17 11:00:00,100026.30893954016
2022-06-17 11:15:00,100026.30893954016
2022-06-17 11:30:00,100026.30893954016
2022-06-17 11:45:00,100026.30893954016
2022-06-17 12:00:00,100026.30893954016
2022-06-17 12:15:00,100026.30893954016
2022-06-17 12:30:00,100026.30893954016
2022-06-17 12:45:00,100026.30893954016
2022-06-17 13:00:00,100026.30893954016
2022-06-17 13:15:00,100026.30893954016
2022-06-17 13:30:00,100026.30893954016
2022-06-17 13:45:00,100026.30893954016
2022-06-17 14:00:00,100026.30893954016
2022-06-17 14:15:00,100026.30893954016
2022-06-17 14:30:00,100026.30893954016
2022-06-17 14:45:00,100026.30893954016
2022-06-17 15:00:00,99232.31184172923
2022-06-17 15:15:00,99657.77054938916
2022-06-20 09:15:00,99257.01379878205
2022-06-20 09:30:00,98823.42944735473
2022-06-20 09:45:00,99233.28691898129
2022-06-20 10:00:00,99451.37919769774
2022-06-20 10:15:00,99275.86529232237
2022-06-20 10:30:00,99488.10710752629
2022-06-20 10:45:00,99284.31596184043
2022-06-20 11:00:00,99430.57754965323
2022-06-20 11:15:00,99463.08012472275
2022-06-20 11:30:00,99573.58887995909
2022-06-20 11:45:00,99664.92111590442
2022-06-20 12:00:00,99654.19526613149
2022-06-20 12:15:00,99881.0632401167
2022-06-20 12:30:00,99868.38723583957
2022-06-20 12:45:00,99687.0228669517
2022-06-20 13:00:00,99581.38949797578
2022-06-20 13:15:00,99444.22863118243
2022-06-20 13:30:00,99431.87765265601
2022-06-20 13:45:00,99409.12585010736
2022-06-20 14:00:00,99466.3303822297
2022-06-20 14:15:00,99351.59629223432
2022-06-20 14:30:00,99285.6160648432
2022-06-20 14:45:00,99234.6738038595
2022-06-20 15:00:00,99234.6738038595
2022-06-20 15:15:00,99234.6738038595
2022-06-21 09:15:00,99234.6738038595
2022-06-21 09:30:00,99403.80310197517
2022-06-21 09:45:00,99844.18729670219
2022-06-21 10:00:00,99940.23023924294
2022-06-21 10:15:00,100062.29150401047
2022-06-21 10:30:00,100067.75213953955
2022-06-21 10:45:00,100057.4732961907
2022-06-21 11:00:00,100168.93450375473
2022-06-21 11:15:00,100056.50965462675
2022-06-21 11:30:00,100243.45611803384
2022-06-21 11:45:00,100254.69860294662
2022-06-21 12:00:00,100119.14635628375
2022-06-21 12:15:00,100319.90501544086
2022-06-21 12:30:00,100364.23252738274
2022-06-21 12:45:00,100481.79679818515
2022-06-21 13:00:00,100711.46470426087
2022-06-21 13:15:00,100806.22279138303
2022-06-21 13:30:00,100678.05846337714
2022-06-21 13:45:00,100872.07163158656
2022-06-21 14:00:00,100790.16209865046
2022-06-21 14:15:00,100814.57435160395
2022-06-21 14:30:00,100514.56061135957
2022-06-21 14:45:00,100458.99061450489
2022-06-21 15:00:00,100462.84518076072
2022-06-21 15:15:00,100438.11171395256
2022-06-22 09:15:00,99465.15494821359
2022-06-22 09:30:00,99417.34869022582
2022-06-22 09:45:00,99417.34869022582
2022-06-22 10:00:00,99417.34869022582
2022-06-22 10:15:00,99417.34869022582
2022-06-22 10:30:00,99417.34869022582
2022-06-22 10:45:00,99417.34869022582
2022-06-22 11:00:00,99417.34869022582
2022-06-22 11:15:00,99417.34869022582
2022-06-22 11:30:00,99417.34869022582
2022-06-22 11:45:00,99417.34869022582
2022-06-22 12:00:00,99417.34869022582
2022-06-22 12:15:00,99417.34869022582
2022-06-22 12:30:00,99417.34869022582
2022-06-22 12:45:00,99417.34869022582
2022-06-22 13:00:00,99417.34869022582
2022-06-22 13:15:00,99417.34869022582
2022-06-22 13:30:00,99417.34869022582
2022-06-22 13:45:00,99417.34869022582
2022-06-22 14:00:00,99417.34869022582
2022-06-22 14:15:00,99417.34869022582
2022-06-22 14:30:00,99417.34869022582
2022-06-22 14:45:00,99417.34869022582
2022-06-22 15:00:00,99417.34869022582
2022-06-22 15:15:00,99417.34869022582
2022-06-23 09:15:00,99417.34869022582
2022-06-23 09:30:00,99417.34869022582
2022-06-23 09:45:00,99474.69965099372
2022-06-23 10:00:00,99664.21118419374
2022-06-23 10:15:00,99623.94397815123
2022-06-23 10:30:00,99564.5019120885
2022-06-23 10:45:00,99756.88967429157
2022-06-23 11:00:00,99796.19813733305
2022-06-23 11:15:00,99840.93947738028
2022-06-23 11:30:00,99597.73833612358
2022-06-23 11:45:00,99207.52993471173
2022-06-23 12:00:00,99286.1468607947
2022-06-23 12:15:00,98810.61033229278
2022-06-23 12:30:00,98765.35750285452
2022-06-23 12:45:00,98765.35750285452
2022-06-23 13:00:00,98765.35750285452
2022-06-23 13:15:00,98765.35750285452
2022-06-23 13:30:00,98765.35750285452
2022-06-23 13:45:00,98765.35750285452
2022-06-23 14:00:00,98765.35750285452
2022-06-23 14:15:00,98765.35750285452
2022-06-23 14:30:00,98765.35750285452
2022-06-23 14:45:00,98701.40686495585
2022-06-23 15:00:00,98561.74447400079
2022-06-23 15:15:00,98666.5704409081
2022-06-24 09:15:00,99449.75659245429
2022-06-24 09:30:00,99332.57952974823
2022-06-24 09:45:00,99503.2780075822
2022-06-24 10:00:00,99368.99942761633
2022-06-24 10:15:00,99276.52455650776
2022-06-24 10:30:00,99303.76030621782
2022-06-24 10:45:00,99388.63450298869
2022-06-24 11:00:00,99324.34546588239
2022-06-24 11:15:00,99237.88779529116
2022-06-24 11:30:00,99233.45406859416
2022-06-24 11:45:00,98987.38223691145
2022-06-24 12:00:00,98996.88307983355
2022-06-24 12:15:00,99063.7056750524
2022-06-24 12:30:00,99240.4213534037
2022-06-24 12:45:00,99183.7329906351
2022-06-24 13:00:00,99317.06148630874
2022-06-24 13:15:00,99203.68476077153
2022-06-24 13:30:00,99045.97076826447
2022-06-24 13:45:00,99334.7963930967
2022-06-24 14:00:00,99489.34343796308
2022-06-24 14:15:00,99546.98188502388
2022-06-24 14:30:00,99465.59133065779
2022-06-24 14:45:00,99398.45204067485
2022-06-24 15:00:00,99503.9113971103
2022-06-24 15:15:00,99435.5053280711
2022-06-27 09:15:00,100720.969375433
2022-06-27 09:30:00,100773.22401150462
2022-06-27 09:45:00,100553.43784523974
2022-06-27 10:00:00,100508.78388350579
2022-06-27 10:15:00,100647.81288493272
2022-06-27 10:30:00,100575.28978396059
2022-06-27 10:45:00,100482.81491285202
2022-06-27 11:00:00,100526.51879029373
2022-06-27 11:15:00,100544.8870866098
2022-06-27 11:30:00,100355.82031245975
2022-06-27 11:45:00,100346.31946953763
2022-06-27 12:00:00,100293.29748205266
2022-06-27 12:15:00,100293.29748205266
2022-06-27 12:30:00,100293.29748205266
2022-06-27 12:45:00,100293.29748205266
2022-06-27 13:00:00,100293.29748205266
2022-06-27 13:15:00,100293.29748205266
2022-06-27 13:30:00,100293.29748205266
2022-06-27 13:45:00,100293.29748205266
2022-06-27 14:00:00,100293.29748205266
2022-06-27 14:15:00,100293.29748205266
2022-06-27 14:30:00,100293.29748205266
2022-06-27 14:45:00,100293.29748205266
2022-06-27 15:00:00,100293.29748205266
2022-06-27 15:15:00,100293.29748205266
2022-06-28 09:15:00,100293.29748205266
2022-06-28 09:30:00,100293.29748205266
2022-06-28 09:45:00,100293.29748205266
2022-06-28 10:00:00,100293.29748205266
2022-06-28 10:15:00,100293.29748205266
2022-06-28 10:30:00,100293.29748205266
2022-06-28 10:45:00,100293.29748205266
2022-06-28 11:00:00,100293.29748205266
2022-06-28 11:15:00,100293.29748205266
2022-06-28 11:30:00,100293.29748205266
2022-06-28 11:45:00,100293.29748205266
2022-06-28 12:00:00,100209.2134331314
2022-06-28 12:15:00,100088.37091473262
2022-06-28 12:30:00,100404.27419117668
2022-06-28 12:45:00,100255.20336795508
2022-06-28 13:00:00,99985.607198299
2022-06-28 13:15:00,100153.70833937866
2022-06-28 13:30:00,100223.48617152494
2022-06-28 13:45:00,100216.19121634602
2022-06-28 14:00:00,100186.3770517017
2022-06-28 14:15:00,100333.22767117318
2022-06-28 14:30:00,100459.14494100079
2022-06-28 14:45:00,100370.97113492503
2022-06-28 15:00:00,100496.57123278834
2022-06-28 15:15:00,100752.84617994376
2022-06-29 09:15:00,99702.37263417794
2022-06-29 09:30:00,99858.10406864987
2022-06-29 09:45:00,99963.40516079789
2022-06-29 10:00:00,99938.03140365379
2022-06-29 10:15:00,100021.13045830071
2022-06-29 10:30:00,100002.10014044264
2022-06-29 10:45:00,99903.14248758064
2022-06-29 11:00:00,99850.6548093103
2022-06-29 11:15:00,99850.6548093103
2022-06-29 11:30:00,99850.6548093103
2022-06-29 11:45:00,99850.6548093103
2022-06-29 12:00:00,99850.6548093103
2022-06-29 12:15:00,99662.47771705796
2022-06-29 12:30:00,99709.82421186882
2022-06-29 12:45:00,99889.74089215008
2022-06-29 13:00:00,99931.09016428489
2022-06-29 13:15:00,99879.64030659043
2022-06-29 13:30:00,99979.06794569323
2022-06-29 13:45:00,99951.92262200166
2022-06-29 14:00:00,100061.76648996286
2022-06-29 14:15:00,100096.80289612288
2022-06-29 14:30:00,99913.09849625676
2022-06-29 14:45:00,99996.11268382512
2022-06-29 15:00:00,99678.57552529367
2022-06-29 15:15:00,99638.17318305507
2022-06-30 09:15:00,100077.54865489982
2022-06-30 09:30:00,100246.41781972519
2022-06-30 09:45:00,100206.96240738282
2022-06-30 10:00:00,99971.17686322475
2022-06-30 10:15:00,99825.34965920732
2022-06-30 10:30:00,99933.93095397357
2022-06-30 10:45:00,99774.84673140908
2022-06-30 11:00:00,99587.03896865936
2022-06-30 11:15:00,99534.72156535833
2022-06-30 11:30:00,99534.72156535833
2022-06-30 11:45:00,99534.72156535833
2022-06-30 12:00:00,99534.72156535833
2022-06-30 12:15:00,99534.72156535833
2022-06-30 12:30:00,99534.72156535833
2022-06-30 12:45:00,99534.72156535833
2022-06-30 13:00:00,99534.72156535833
2022-06-30 13:15:00,99534.72156535833
2022-06-30 13:30:00,99534.72156535833
2022-06-30 13:45:00,99534.72156535833
2022-06-30 14:00:00,99534.72156535833
2022-06-30 14:15:00,99442.57382692817
2022-06-30 14:30:00,99215.6033599717
2022-06-30 14:45:00,99379.16022481862
2022-06-30 15:00:00,99065.85935895062
2022-06-30 15:15:00,98799.0199441332
2022-07-01 09:15:00,98506.43837400396
2022-07-01 09:30:00,98460.00910064756
2022-07-01 09:45:00,98460.00910064756
2022-07-01 10:00:00,98460.00910064756
2022-07-01 10:15:00,98460.00910064756
2022-07-01 10:30:00,98460.00910064756
2022-07-01 10:45:00,98460.00910064756
2022-07-01 11:00:00,98460.00910064756
2022-07-01 11:15:00,98460.00910064756
2022-07-01 11:30:00,98460.00910064756
2022-07-01 11:45:00,98460.00910064756
2022-07-01 12:00:00,98460.00910064756
2022-07-01 12:15:00,98460.00910064756
2022-07-01 12:30:00,98460.00910064756
2022-07-01 12:45:00,98460.00910064756
2022-07-01 13:00:00,98460.00910064756
2022-07-01 13:15:00,98334.5398261674
2022-07-01 13:30:00,98453.76172976139
2022-07-01 13:45:00,98303.47938286266
2022-07-01 14:00:00,98191.7872837062
2022-07-01 14:15:00,98191.47354185465
2022-07-01 14:30:00,98562.31641040224
2022-07-01 14:45:00,98538.1582878319
2022-07-01 15:00:00,98812.0549242465
2022-07-01 15:15:00,98916.53096081702
2022-07-04 09:15:00,98777.229578723
2022-07-04 09:30:00,98618.1624599805
2022-07-04 09:45:00,98462.23275975365
2022-07-04 10:00:00,98346.1482746753
2022-07-04 10:15:00,98458.4678575349
2022-07-04 10:30:00,98533.4521600585
2022-07-04 10:45:00,98719.81481988697
2022-07-04 11:00:00,98728.59959173073
2022-07-04 11:15:00,98798.25028277774
2022-07-04 11:30:00,98912.45231674673
2022-07-04 11:45:00,98903.35380305139
2022-07-04 12:00:00,98910.88360748891
2022-07-04 12:15:00,98955.1212085593
2022-07-04 12:30:00,98926.88444191862
2022-07-04 12:45:00,99030.73299478601
2022-07-04 13:00:00,98998.41758407501
2022-07-04 13:15:00,98933.15927894988
2022-07-04 13:30:00,98890.80412898886
2022-07-04 13:45:00,98830.25195163718
2022-07-04 14:00:00,98983.9854589031
2022-07-04 14:15:00,99013.47719295004
2022-07-04 14:30:00,99073.71562845015
2022-07-04 14:45:00,99269.17680197398
2022-07-04 15:00:00,99400.32089592736
2022-07-04 15:15:00,99325.33659340377
2022-07-05 09:15:00,99907.32772805334
2022-07-05 09:30:00,100136.67302154598
2022-07-05 09:45:00,100193.46029667891
2022-07-05 10:00:00,100213.85351703051
2022-07-05 10:15:00,100280.36678956189
2022-07-05 10:30:00,100372.920635773
2022-07-05 10:45:00,100406.49101389026
2022-07-05 11:00:00,100302.01497731973
2022-07-05 11:15:00,100470.18060975756
2022-07-05 11:30:00,100516.92814564046
2022-07-05 11:45:00,100472.69054457005
2022-07-05 12:00:00,100494.02499047635
2022-07-05 12:15:00,100525.39917563266
2022-07-05 12:30:00,100349.0762550542
2022-07-05 12:45:00,100269.69956660873
2022-07-05 13:00:00,100239.2666070071
2022-07-05 13:15:00,100216.04970999144
2022-07-05 13:30:00,100050.08027051455
2022-07-05 13:45:00,99994.41070072782
2022-07-05 14:00:00,99994.41070072782
2022-07-05 14:15:00,99994.41070072782
2022-07-05 14:30:00,99994.41070072782
2022-07-05 14:45:00,99994.41070072782
2022-07-05 15:00:00,99994.41070072782
2022-07-05 15:15:00,99994.41070072782
2022-07-06 09:15:00,99994.41070072782
2022-07-06 09:30:00,99994.41070072782
2022-07-06 09:45:00,99994.41070072782
2022-07-06 10:00:00,99994.41070072782
2022-07-06 10:15:00,99994.41070072782
2022-07-06 10:30:00,99994.41070072782
2022-07-06 10:45:00,99994.41070072782
2022-07-06 11:00:00,99785.5468095629
2022-07-06 11:15:00,99794.33785146568
2022-07-06 11:30:00,99651.48342054548
2022-07-06 11:45:00,99701.09001413976
2022-07-06 12:00:00,99735.62625018641
2022-07-06 12:15:00,99858.70083682536
2022-07-06 12:30:00,99983.97318394
2022-07-06 12:45:00,100305.16017917378
2022-07-06 13:00:00,100469.05031750421
2022-07-06 13:15:00,100323.9981261083
2022-07-06 13:30:00,100362.61591732409
2022-07-06 13:45:00,100234.20391238703
2022-07-06 14:00:00,99957.9140240139
2022-07-06 14:15:00,100140.32814349662
2022-07-06 14:30:00,99961.05368183633
2022-07-06 14:45:00,100326.50985236623
2022-07-06 15:00:00,100432.94425254635
2022-07-06 15:15:00,100518.34294531624
2022-07-07 09:15:00,100961.66262984223
2022-07-07 09:30:00,101002.79214731595
2022-07-07 09:45:00,100911.74207046571
2022-07-07 10:00:00,101042.66580166071
2022-07-07 10:15:00,101094.15618994844
2022-07-07 10:30:00,101257.41839671438
2022-07-07 10:45:00,101148.15830449409
2022-07-07 11:00:00,101057.10822764385
2022-07-07 11:15:00,101058.67805655506
2022-07-07 11:30:00,101124.92483660817
2022-07-07 11:45:00,101201.53248747526
2022-07-07 12:00:00,101076.26014036062
2022-07-07 12:15:00,101093.84222416619
2022-07-07 12:30:00,101043.60769900744
2022-07-07 12:45:00,101115.81982892314
2022-07-07 13:00:00,101154.43762013892
2022-07-07 13:15:00,101232.61509991722
2022-07-07 13:30:00,101297.60601684135
2022-07-07 13:45:00,101145.96054401835
2022-07-07 14:00:00,100846.43718775931
2022-07-07 14:15:00,101081.91152444095
2022-07-07 14:30:00,101210.00956359577
2022-07-07 14:45:00,101272.48875426198
2022-07-07 15:00:00,101269.03513065731
2022-07-07 15:15:00,101328.37466350109
2022-07-08 09:15:00,101649.87562451711
2022-07-08 09:30:00,101887.8616874567
2022-07-08 09:45:00,101741.86759871407
2022-07-08 10:00:00,101702.62187593381
2022-07-08 10:15:00,101730.25086477112
2022-07-08 10:30:00,101788.64850026817
2022-07-08 10:45:00,101815.649557541
2022-07-08 11:00:00,101748.46088014115
2022-07-08 11:15:00,101642.34044574329
2022-07-08 11:30:00,101730.25086477111
2022-07-08 11:45:00,101588.33833119764
2022-07-08 12:00:00,101601.21092826956
2022-07-08 12:15:00,101713.29671253003
2022-07-08 12:30:00,101719.88999395713
2022-07-08 12:45:00,101692.88893668429
2022-07-08 13:00:00,101699.79618389362
2022-07-08 13:15:00,101736.53018041597
2022-07-08 13:30:00,101829.7780177419
2022-07-08 13:45:00,101660.23649533112
2022-07-08 14:00:00,101657.41080329093
2022-07-08 14:15:00,101512.35861189503
2022-07-08 14:30:00,101561.65123970706
2022-07-08 14:45:00,101652.38735077505
2022-07-08 15:00:00,101913.60688160054
2022-07-08 15:15:00,101834.80147025776
2022-07-11 09:15:00,101348.15450778235
2022-07-11 09:30:00,101442.34424245502
2022-07-11 09:45:00,101377.35332553087
2022-07-11 10:00:00,101520.83568801556
2022-07-11 10:15:00,101506.39326203242
2022-07-11 10:30:00,101423.50629552048
2022-07-11 10:45:00,101374.36358636948
2022-07-11 11:00:00,101374.36358636948
2022-07-11 11:15:00,101374.36358636948
2022-07-11 11:30:00,101374.36358636948
2022-07-11 11:45:00,101374.36358636948
2022-07-11 12:00:00,101374.36358636948
2022-07-11 12:15:00,101374.36358636948
2022-07-11 12:30:00,101374.36358636948
2022-07-11 12:45:00,101374.36358636948
2022-07-11 13:00:00,101374.36358636948
2022-07-11 13:15:00,101374.36358636948
2022-07-11 13:30:00,101374.36358636948
2022-07-11 13:45:00,101308.3447177535
2022-07-11 14:00:00,101449.45881483675
2022-07-11 14:15:00,101594.95339386935
2022-07-11 14:30:00,101615.60423734495
2022-07-11 14:45:00,101545.82941772287
2022-07-11 15:00:00,101489.82182708451
2022-07-11 15:15:00,101370.92303131594
2022-07-12 09:15:00,101004.52700540803
2022-07-12 09:30:00,100954.65021214938
2022-07-12 09:45:00,100954.65021214938
2022-07-12 10:00:00,100954.65021214938
2022-07-12 10:15:00,100954.65021214938
2022-07-12 10:30:00,100954.65021214938
2022-07-12 10:45:00,100954.65021214938
2022-07-12 11:00:00,100954.65021214938
2022-07-12 11:15:00,100954.65021214938
2022-07-12 11:30:00,100954.65021214938
2022-07-12 11:45:00,100954.65021214938
2022-07-12 12:00:00,100954.65021214938
2022-07-12 12:15:00,100954.65021214938
2022-07-12 12:30:00,100954.65021214938
2022-07-12 12:45:00,100954.65021214938
2022-07-12 13:00:00,100954.65021214938
2022-07-12 13:15:00,100954.65021214938
2022-07-12 13:30:00,100954.65021214938
2022-07-12 13:45:00,100954.65021214938
2022-07-12 14:00:00,100954.65021214938
2022-07-12 14:15:00,100954.65021214938
2022-07-12 14:30:00,100954.65021214938
2022-07-12 14:45:00,100954.65021214938
2022-07-12 15:00:00,100954.65021214938
2022-07-12 15:15:00,100954.65021214938
2022-07-13 09:15:00,100954.65021214938
2022-07-13 09:30:00,100954.65021214938
2022-07-13 09:45:00,100954.65021214938
2022-07-13 10:00:00,100954.65021214938
2022-07-13 10:15:00,100954.65021214938
2022-07-13 10:30:00,100954.65021214938
2022-07-13 10:45:00,100954.65021214938
2022-07-13 11:00:00,100954.65021214938
2022-07-13 11:15:00,100954.65021214938
2022-07-13 11:30:00,100954.65021214938
2022-07-13 11:45:00,100954.65021214938
2022-07-13 12:00:00,100954.65021214938
2022-07-13 12:15:00,100954.65021214938
2022-07-13 12:30:00,100954.65021214938
2022-07-13 12:45:00,100954.65021214938
2022-07-13 13:00:00,100954.65021214938
2022-07-13 13:15:00,100954.65021214938
2022-07-13 13:30:00,100954.65021214938
2022-07-13 13:45:00,100954.65021214938
2022-07-13 14:00:00,100954.65021214938
2022-07-13 14:15:00,100954.65021214938
2022-07-13 14:30:00,100954.65021214938
2022-07-13 14:45:00,100954.65021214938
2022-07-13 15:00:00,100954.65021214938
2022-07-13 15:15:00,100954.65021214938
2022-07-14 09:15:00,100954.65021214938
2022-07-14 09:30:00,100954.65021214938
2022-07-14 09:45:00,100954.65021214938
2022-07-14 10:00:00,100793.63495669233
2022-07-14 10:15:00,100629.08417401074
2022-07-14 10:30:00,100646.35572562809
2022-07-14 10:45:00,100704.13691649339
2022-07-14 11:00:00,100524.51277967304
2022-07-14 11:15:00,100375.66340755268
2022-07-14 11:30:00,100327.93111944657
2022-07-14 11:45:00,100263.55533614557
2022-07-14 12:00:00,100217.07916088436
2022-07-14 12:15:00,100210.48456844865
2022-07-14 12:30:00,100144.85267230276
2022-07-14 12:45:00,100092.58314758677
2022-07-14 13:00:00,100092.58314758677
2022-07-14 13:15:00,100092.58314758677
2022-07-14 13:30:00,100092.58314758677
2022-07-14 13:45:00,100092.58314758677
2022-07-14 14:00:00,100092.58314758677
2022-07-14 14:15:00,100092.58314758677
2022-07-14 14:30:00,100092.58314758677
2022-07-14 14:45:00,100092.58314758677
2022-07-14 15:00:00,100092.58314758677
2022-07-14 15:15:00,100092.58314758677
2022-07-15 09:15:00,100092.58314758677
2022-07-15 09:30:00,100006.8658245214
2022-07-15 09:45:00,99985.58836714044
2022-07-15 10:00:00,100066.31754367406
2022-07-15 10:15:00,99968.69156274971
2022-07-15 10:30:00,100019.06907213695
2022-07-15 10:45:00,99982.77223307533
2022-07-15 11:00:00,99793.7783469269
2022-07-15 11:15:00,99872.94300453542
2022-07-15 11:30:00,99912.05597766215
2022-07-15 11:45:00,99971.19479302979
2022-07-15 12:00:00,99812.2396702427
2022-07-15 12:15:00,99798.47190370208
2022-07-15 12:30:00,99791.58802043177
2022-07-15 12:45:00,99926.44955177278
2022-07-15 13:00:00,100000.9206526061
2022-07-15 13:15:00,99965.87542868454
2022-07-15 13:30:00,99824.13001407322
2022-07-15 13:45:00,99960.86896812433
2022-07-15 14:00:00,100080.71111778467
2022-07-15 14:15:00,100140.47574072232
2022-07-15 14:30:00,100240.91785571181
2022-07-15 14:45:00,100234.34687622653
2022-07-15 15:00:00,100462.45373550171
2022-07-15 15:15:00,100459.9505052216
2022-07-18 09:15:00,101208.10345518994
2022-07-18 09:30:00,101189.95503565914
2022-07-18 09:45:00,101217.80347252538
2022-07-18 10:00:00,101285.7035938734
2022-07-18 10:15:00,101289.77134307858
2022-07-18 10:30:00,101295.71651499384
2022-07-18 10:45:00,101457.80067563106
2022-07-18 11:00:00,101447.78775451063
2022-07-18 11:15:00,101454.35873399593
2022-07-18 11:30:00,101414.30704951416
2022-07-18 11:45:00,101394.59411105828
2022-07-18 12:00:00,101482.20717086218
2022-07-18 12:15:00,101505.36205095319
2022-07-18 12:30:00,101503.48462824311
2022-07-18 12:45:00,101544.47502407993
2022-07-18 13:00:00,101499.41687903793
2022-07-18 13:15:00,101412.42962680405
2022-07-18 13:30:00,101484.39749735726
2022-07-18 13:45:00,101598.92028267236
2022-07-18 14:00:00,101584.21380477671
2022-07-18 14:15:00,101614.87837570807
2022-07-18 14:30:00,101668.07201916043
2022-07-18 14:45:00,101726.89793074306
2022-07-18 15:00:00,101825.46262302244
2022-07-18 15:15:00,101890.23370652032
2022-07-19 09:15:00,101741.91731242371
2022-07-19 09:30:00,101784.7851309706
2022-07-19 09:45:00,101861.44655829901
2022-07-19 10:00:00,101974.71772847406
2022-07-19 10:15:00,101907.13051091105
2022-07-19 10:30:00,102030.41460220655
2022-07-19 10:45:00,102094.87278191942
2022-07-19 11:00:00,102151.82127079196
2022-07-19 11:15:00,101935.60475534732
2022-07-19 11:30:00,101809.5045299867
2022-07-19 11:45:00,101891.79822544538
2022-07-19 12:00:00,102035.7339665518
2022-07-19 12:15:00,102045.12108010221
2022-07-19 12:30:00,102099.87924247966
2022-07-19 12:45:00,102088.92761000416
2022-07-19 13:00:00,101832.34650629273
2022-07-19 13:15:00,101885.5401497451
2022-07-19 13:30:00,101986.60807230459
2022-07-19 13:45:00,102023.21781515122
2022-07-19 14:00:00,101995.995185855
2022-07-19 14:15:00,102143.99867616662
2022-07-19 14:30:00,102225.35366027024
2022-07-19 14:45:00,102274.1666507324
2022-07-19 15:00:00,102322.97964119457
2022-07-19 15:15:00,102189.99553256365
2022-07-20 09:15:00,103436.60421205922
2022-07-20 09:30:00,103501.0623917721
2022-07-20 09:45:00,103403.74931463276
2022-07-20 10:00:00,103523.90436807812
2022-07-20 10:15:00,103509.19789018245
2022-07-20 10:30:00,103565.52057148494
2022-07-20 10:45:00,103607.76258246183
2022-07-20 11:00:00,103654.0723426439
2022-07-20 11:15:00,103639.36586474827
2022-07-20 11:30:00,103633.420692833
2022-07-20 11:45:00,103584.60770237082
2022-07-20 12:00:00,103617.77550358229
2022-07-20 12:15:00,103707.26598609627
2022-07-20 12:30:00,103759.5209181936
2022-07-20 12:45:00,103765.46609010885
2022-07-20 13:00:00,103448.49455588975
2022-07-20 13:15:00,103578.97543424055
2022-07-20 13:30:00,103608.38839003186
2022-07-20 13:45:00,103629.04003984277
2022-07-20 14:00:00,103552.69151629937
2022-07-20 14:15:00,103431.28484771398
2022-07-20 14:30:00,103381.84604968177
2022-07-20 14:45:00,103410.63319790305
2022-07-20 15:00:00,103359.6298809458
2022-07-20 15:15:00,103231.9651366601
2022-07-21 09:15:00,103353.92392397417
2022-07-21 09:30:00,103353.92392397417
2022-07-21 09:45:00,103353.92392397417
2022-07-21 10:00:00,103353.92392397417
2022-07-21 10:15:00,103353.92392397417
2022-07-21 10:30:00,103353.92392397417
2022-07-21 10:45:00,103353.92392397417
2022-07-21 11:00:00,103330.62224566995
2022-07-21 11:15:00,103399.84546514269
2022-07-21 11:30:00,103410.13540317245
2022-07-21 11:45:00,103352.1375706412
2022-07-21 12:00:00,103354.94391737659
2022-07-21 12:15:00,103313.78416525766
2022-07-21 12:30:00,103370.84654887709
2022-07-21 12:45:00,103319.08504242449
2022-07-21 13:00:00,103165.67142089028
2022-07-21 13:15:00,103142.28519809543
2022-07-21 13:30:00,103138.85521875219
2022-07-21 13:45:00,103086.78189599565
2022-07-21 14:00:00,103033.99186346453
2022-07-21 14:15:00,103033.99186346453
2022-07-21 14:30:00,103033.99186346453
2022-07-21 14:45:00,103033.99186346453
2022-07-21 15:00:00,103033.99186346453
2022-07-21 15:15:00,102975.65520560271
2022-07-22 09:15:00,103544.7869921308
2022-07-22 09:30:00,103273.86042272692
2022-07-22 09:45:00,103117.31818296837
2022-07-22 10:00:00,103094.68930474584
2022-07-22 10:15:00,103184.27486373638
2022-07-22 10:30:00,103054.08131779858
2022-07-22 10:45:00,103117.93815223474
2022-07-22 11:00:00,103152.03646188512
2022-07-22 11:15:00,103170.01557060986
2022-07-22 11:30:00,103248.7516674389
2022-07-22 11:45:00,103351.66656565641
2022-07-22 12:00:00,103413.97347692665
2022-07-22 12:15:00,103474.1104957646
2022-07-22 12:30:00,103492.39958912253
2022-07-22 12:45:00,103496.11940472075
2022-07-22 13:00:00,103413.35350766031
2022-07-22 13:15:00,103337.71725716311
2022-07-22 13:30:00,103538.89728410034
2022-07-22 13:45:00,103572.06563985115
2022-07-22 14:00:00,103707.21893991991
2022-07-22 14:15:00,103793.70465257861
2022-07-22 14:30:00,103645.84198254926
2022-07-22 14:45:00,103673.12063026955
2022-07-22 15:00:00,103714.96855574957
2022-07-22 15:15:00,103623.52308895992
2022-07-25 09:15:00,103394.75442966922
2022-07-25 09:30:00,103171.56549377585
2022-07-25 09:45:00,103121.21902959244
2022-07-25 10:00:00,103121.21902959244
2022-07-25 10:15:00,103121.21902959244
2022-07-25 10:30:00,103121.21902959244
2022-07-25 10:45:00,103121.21902959244
2022-07-25 11:00:00,103121.21902959244
2022-07-25 11:15:00,103121.21902959244
2022-07-25 11:30:00,103121.21902959244
2022-07-25 11:45:00,103121.21902959244
2022-07-25 12:00:00,103121.21902959244
2022-07-25 12:15:00,103121.21902959244
2022-07-25 12:30:00,103121.21902959244
2022-07-25 12:45:00,103121.21902959244
2022-07-25 13:00:00,103121.21902959244
2022-07-25 13:15:00,103121.21902959244
2022-07-25 13:30:00,103121.21902959244
2022-07-25 13:45:00,103121.21902959244
2022-07-25 14:00:00,103121.21902959244
2022-07-25 14:15:00,103121.21902959244
2022-07-25 14:30:00,103035.98077562639
2022-07-25 14:45:00,102979.74837846922
2022-07-25 15:00:00,102779.22735783733
2022-07-25 15:15:00,102639.88224180501
2022-07-26 09:15:00,102316.39147354373
2022-07-26 09:30:00,102255.66002116018
2022-07-26 09:45:00,102255.66002116018
2022-07-26 10:00:00,102255.66002116018
2022-07-26 10:15:00,102255.66002116018
2022-07-26 10:30:00,102255.66002116018
2022-07-26 10:45:00,102255.66002116018
2022-07-26 11:00:00,102255.66002116018
2022-07-26 11:15:00,102255.66002116018
2022-07-26 11:30:00,102255.66002116018
2022-07-26 11:45:00,102255.66002116018
2022-07-26 12:00:00,102255.66002116018
2022-07-26 12:15:00,102255.66002116018
2022-07-26 12:30:00,102255.66002116018
2022-07-26 12:45:00,102255.66002116018
2022-07-26 13:00:00,102255.66002116018
2022-07-26 13:15:00,102255.66002116018
2022-07-26 13:30:00,102040.74633689385
2022-07-26 13:45:00,101851.66775184905
2022-07-26 14:00:00,102028.09997149934
2022-07-26 14:15:00,101895.77580676164
2022-07-26 14:30:00,101712.24928457299
2022-07-26 14:45:00,101759.44181885009
2022-07-26 15:00:00,101681.0960429914
2022-07-26 15:15:00,101637.65454406952
2022-07-27 09:15:00,101637.65454406952
2022-07-27 09:30:00,101637.65454406952
2022-07-27 09:45:00,101637.65454406952
2022-07-27 10:00:00,101637.65454406952
2022-07-27 10:15:00,101637.65454406952
2022-07-27 10:30:00,101637.65454406952
2022-07-27 10:45:00,101637.65454406952
2022-07-27 11:00:00,101551.23310479785
2022-07-27 11:15:00,101548.47083317718
2022-07-27 11:30:00,101685.35673793442
2022-07-27 11:45:00,101685.04981886546
2022-07-27 12:00:00,101703.77188207215
2022-07-27 12:15:00,101557.0645671081
2022-07-27 12:30:00,101629.19054831426
2022-07-27 12:45:00,101871.96353186354
2022-07-27 13:00:00,101859.68676910504
2022-07-27 13:15:00,101879.94342765654
2022-07-27 13:30:00,101896.51705738051
2022-07-27 13:45:00,101817.02501851924
2022-07-27 14:00:00,101786.64003069195
2022-07-27 14:15:00,101891.91327134606
2022-07-27 14:30:00,101908.793820139
2022-07-27 14:45:00,102000.56262175874
2022-07-27 15:00:00,102166.91275713636
2022-07-27 15:15:00,102159.54669948127
2022-07-28 09:15:00,103008.48484423128
2022-07-28 09:30:00,102872.8266157499
2022-07-28 09:45:00,103073.55168685132
2022-07-28 10:00:00,103247.26787988405
2022-07-28 10:15:00,103404.71736226174
2022-07-28 10:30:00,103372.49086002068
2022-07-28 10:45:00,103437.55770264073
2022-07-28 11:00:00,103598.07637570806
2022-07-28 11:15:00,103534.85104750181
2022-07-28 11:30:00,103658.53943229366
2022-07-28 11:45:00,103571.68133577729
2022-07-28 12:00:00,103695.0628015002
2022-07-28 12:15:00,103735.88303767219
2022-07-28 12:30:00,103770.56489246494
2022-07-28 12:45:00,103742.32833812038
2022-07-28 13:00:00,103821.5134579127
2022-07-28 13:15:00,103843.91854994697
2022-07-28 13:30:00,103811.99896677489
2022-07-28 13:45:00,103910.5199879118
2022-07-28 14:00:00,103865.09596570536
2022-07-28 14:15:00,103871.54126615358
2022-07-28 14:30:00,103635.21358305254
2022-07-28 14:45:00,103611.58081474242
2022-07-28 15:00:00,103961.46855335958
2022-07-28 15:15:00,103873.99661870529
2022-07-29 09:15:00,104972.7668855907
2022-07-29 09:30:00,105091.54456527917
2022-07-29 09:45:00,105193.13477710573
2022-07-29 10:00:00,105023.40853196952
2022-07-29 10:15:00,104698.38123793832
2022-07-29 10:30:00,104567.01987642242
2022-07-29 10:45:00,104749.0228843171
2022-07-29 11:00:00,104958.64860841844
2022-07-29 11:15:00,104913.83842434993
2022-07-29 11:30:00,104926.11518710843
2022-07-29 11:45:00,104973.99456186655
2022-07-29 12:00:00,104975.52915721136
2022-07-29 12:15:00,104993.94430134911
2022-07-29 12:30:00,104976.75683348722
2022-07-29 12:45:00,105058.09038676225
2022-07-29 13:00:00,105004.37954969384
2022-07-29 13:15:00,105038.44756634867
2022-07-29 13:30:00,104921.20448200504
2022-07-29 13:45:00,104984.73672928024
2022-07-29 14:00:00,104838.33633338517
2022-07-29 14:15:00,104937.16427359107
2022-07-29 14:30:00,104947.29260286684
2022-07-29 14:45:00,105039.06140448658
2022-07-29 15:00:00,105333.39679162153
2022-07-29 15:15:00,105322.04078606993
2022-08-01 09:15:00,105719.80789944521
2022-08-01 09:30:00,105764.61808351372
2022-08-01 09:45:00,105902.11782640888
2022-08-01 10:00:00,106027.95464468347
2022-08-01 10:15:00,105970.25385971853
2022-08-01 10:30:00,106095.78375892415
2022-08-01 10:45:00,106014.45020564912
2022-08-01 11:00:00,105985.2928940977
2022-08-01 11:15:00,105925.13675658107
2022-08-01 11:30:00,105986.82748944251
2022-08-01 11:45:00,105991.12435640799
2022-08-01 12:00:00,105958.89785416693
2022-08-01 12:15:00,106088.724620338
2022-08-01 12:30:00,106126.16874675144
2022-08-01 12:45:00,106163.9197922338
2022-08-01 13:00:00,106111.7435505102
2022-08-01 13:15:00,106159.00908713043
2022-08-01 13:30:00,106175.27579778545
2022-08-01 13:45:00,106245.25334550886
2022-08-01 14:00:00,106253.54016037085
2022-08-01 14:15:00,106255.68859385359
2022-08-01 14:30:00,106337.63598526655
2022-08-01 14:45:00,106365.56562054211
2022-08-01 15:00:00,106408.22737112788
2022-08-01 15:15:00,106392.26757954182
2022-08-02 09:15:00,106329.96300854247
2022-08-02 09:30:00,106236.6596115779
2022-08-02 09:45:00,105829.68492613375
2022-08-02 10:00:00,105741.59915334154
2022-08-02 10:15:00,105684.7404008423
2022-08-02 10:30:00,105684.7404008423
2022-08-02 10:45:00,105684.7404008423
2022-08-02 11:00:00,105684.7404008423
2022-08-02 11:15:00,105684.7404008423
2022-08-02 11:30:00,105684.7404008423
2022-08-02 11:45:00,105684.7404008423
2022-08-02 12:00:00,105684.7404008423
2022-08-02 12:15:00,105684.7404008423
2022-08-02 12:30:00,105684.7404008423
2022-08-02 12:45:00,105684.7404008423
2022-08-02 13:00:00,105684.7404008423
2022-08-02 13:15:00,105684.7404008423
2022-08-02 13:30:00,105684.7404008423
2022-08-02 13:45:00,105684.7404008423
2022-08-02 14:00:00,105677.04260486396
2022-08-02 14:15:00,105828.64296559626
2022-08-02 14:30:00,106050.4004349169
2022-08-02 14:45:00,105987.86909900117
2022-08-02 15:00:00,105936.01384482715
2022-08-02 15:15:00,105509.27560606565
2022-08-03 09:15:00,105892.0893942327
2022-08-03 09:30:00,105378.41734700301
2022-08-03 09:45:00,105647.4546068941
2022-08-03 10:00:00,105544.35416035987
2022-08-03 10:15:00,105290.56844581409
2022-08-03 10:30:00,105240.97194550572
2022-08-03 10:45:00,105240.97194550572
2022-08-03 11:00:00,105240.97194550572
2022-08-03 11:15:00,105240.97194550572
2022-08-03 11:30:00,105240.97194550572
2022-08-03 11:45:00,105240.97194550572
2022-08-03 12:00:00,105240.97194550572
2022-08-03 12:15:00,105240.97194550572
2022-08-03 12:30:00,105240.97194550572
2022-08-03 12:45:00,105240.97194550572
2022-08-03 13:00:00,105240.97194550572
2022-08-03 13:15:00,105240.97194550572
2022-08-03 13:30:00,105240.97194550572
2022-08-03 13:45:00,105240.97194550572
2022-08-03 14:00:00,105240.97194550572
2022-08-03 14:15:00,105240.97194550572
2022-08-03 14:30:00,105240.97194550572
2022-08-03 14:45:00,105188.65485304638
2022-08-03 15:00:00,105587.92071669095
2022-08-03 15:15:00,105537.86078697868
2022-08-04 09:15:00,105947.13863656565
2022-08-04 09:30:00,105969.58975655783
2022-08-04 09:45:00,105974.74744628576
2022-08-04 10:00:00,105789.07061608022
2022-08-04 10:15:00,105711.09848313445
2022-08-04 10:30:00,105678.93877071324
2022-08-04 10:45:00,105744.1683760959
2022-08-04 11:00:00,105564.25602264512
2022-08-04 11:15:00,105505.10581648412
2022-08-04 11:30:00,105505.10581648412
2022-08-04 11:45:00,105505.10581648412
2022-08-04 12:00:00,105505.10581648412
2022-08-04 12:15:00,105505.10581648412
2022-08-04 12:30:00,105505.10581648412
2022-08-04 12:45:00,105505.10581648412
2022-08-04 13:00:00,105505.10581648412
2022-08-04 13:15:00,105505.10581648412
2022-08-04 13:30:00,105505.10581648412
2022-08-04 13:45:00,105505.10581648412
2022-08-04 14:00:00,105505.10581648412
2022-08-04 14:15:00,105505.10581648412
2022-08-04 14:30:00,105505.10581648412
2022-08-04 14:45:00,105505.10581648412
2022-08-04 15:00:00,105505.10581648412
2022-08-04 15:15:00,105371.94677343835
2022-08-05 09:15:00,105870.77043300854
2022-08-05 09:30:00,105698.73088618596
2022-08-05 09:45:00,105885.63804816605
2022-08-05 10:00:00,105784.90236995599
2022-08-05 10:15:00,105872.59095731353
2022-08-05 10:30:00,105797.34261937349
2022-08-05 10:45:00,105861.97123220103
2022-08-05 11:00:00,105996.69003077107
2022-08-05 11:15:00,105905.36039480355
2022-08-05 11:30:00,105848.31729991351
2022-08-05 11:45:00,105764.87660260098
2022-08-05 12:00:00,105900.50566332352
2022-08-05 12:15:00,105901.11250475852
2022-08-05 12:30:00,105789.45368071848
2022-08-05 12:45:00,105669.90591802343
2022-08-05 13:00:00,105640.77752914342
2022-08-05 13:15:00,105645.63226062343
2022-08-05 13:30:00,105744.85083524598
2022-08-05 13:45:00,105694.78641685846
2022-08-05 14:00:00,105471.77218949588
2022-08-05 14:15:00,105381.35281568083
2022-08-05 14:30:00,105317.13791700164
2022-08-05 14:45:00,105317.13791700164
2022-08-05 15:00:00,105317.13791700164
2022-08-05 15:15:00,105317.13791700164
2022-08-08 09:15:00,105317.13791700164
2022-08-08 09:30:00,105317.13791700164
2022-08-08 09:45:00,105317.13791700164
2022-08-08 10:00:00,105317.13791700164
2022-08-08 10:15:00,105317.13791700164
2022-08-08 10:30:00,105311.8252788389
2022-08-08 10:45:00,105322.38010417555
2022-08-08 11:00:00,105291.92189391839
2022-08-08 11:15:00,105374.55109798236
2022-08-08 11:30:00,105355.25084593821
2022-08-08 11:45:00,105377.86832880242
2022-08-08 12:00:00,105566.64891910915
2022-08-08 12:15:00,105648.07185742036
2022-08-08 12:30:00,105655.00788549874
2022-08-08 12:45:00,105658.02354988064
2022-08-08 13:00:00,105670.68934028462
2022-08-08 13:15:00,105723.76503340599
2022-08-08 13:30:00,105768.09529981989
2022-08-08 13:45:00,105766.28590119076
2022-08-08 14:00:00,105707.48044574377
2022-08-08 14:15:00,105689.68802589057
2022-08-08 14:30:00,105523.22335200987
2022-08-08 14:45:00,105664.65801152082
2022-08-08 15:00:00,105686.67236150867
2022-08-08 15:15:00,105716.22587245125
2022-08-10 09:15:00,105710.19454368745
2022-08-10 09:30:00,105595.2977307372
2022-08-10 09:45:00,105255.1307884593
2022-08-10 10:00:00,105566.04578623282
2022-08-10 10:15:00,105685.46609575592
2022-08-10 10:30:00,105684.86296287956
2022-08-10 10:45:00,105639.02486427472
2022-08-10 11:00:00,105603.74159100655
2022-08-10 11:15:00,105616.70894784869
2022-08-10 11:30:00,105611.88388483766
2022-08-10 11:45:00,105536.19070885205
2022-08-10 12:00:00,105602.53532525378
2022-08-10 12:15:00,105639.32643071291
2022-08-10 12:30:00,105665.86427727362
2022-08-10 12:45:00,105619.12147935422
2022-08-10 13:00:00,105538.30167391938
2022-08-10 13:15:00,105506.33563147129
2022-08-10 13:30:00,105548.55493281785
2022-08-10 13:45:00,105542.52360405405
2022-08-10 14:00:00,105736.73239024819
2022-08-10 14:15:00,105743.96998476476
2022-08-10 14:30:00,105711.70237587845
2022-08-10 14:45:00,105708.38514505836
2022-08-10 15:00:00,105775.33289433648
2022-08-10 15:15:00,105691.49742451974
2022-08-11 09:15:00,106597.10143840328
2022-08-11 09:30:00,106704.76065683697
2022-08-11 09:45:00,106706.57005546609
2022-08-11 10:00:00,106592.8795082686
2022-08-11 10:15:00,106668.27111781602
2022-08-11 10:30:00,106676.41341164714
2022-08-11 10:45:00,106657.4147260412
2022-08-11 11:00:00,106639.622306188
2022-08-11 11:15:00,106582.62624937015
2022-08-11 11:30:00,106505.7268076318
2022-08-11 11:45:00,106541.01008089999
2022-08-11 12:00:00,106512.66283571017
2022-08-11 12:15:00,106650.47869796284
2022-08-11 12:30:00,106627.25808222224
2022-08-11 12:45:00,106560.61189938232
2022-08-11 13:00:00,106584.13408156113
2022-08-11 13:15:00,106420.38350562414
2022-08-11 13:30:00,106506.32994050819
2022-08-11 13:45:00,106531.66152131613
2022-08-11 14:00:00,106418.87567343318
2022-08-11 14:15:00,106363.85774166665
2022-08-11 14:30:00,106363.85774166665
2022-08-11 14:45:00,106363.85774166665
2022-08-11 15:00:00,106363.85774166665
2022-08-11 15:15:00,106363.85774166665
2022-08-12 09:15:00,106363.85774166665
2022-08-12 09:30:00,106363.85774166665
2022-08-12 09:45:00,106363.85774166665
2022-08-12 10:00:00,106363.85774166665
2022-08-12 10:15:00,106363.85774166665
2022-08-12 10:30:00,106363.85774166665
2022-08-12 10:45:00,106363.85774166665
2022-08-12 11:00:00,106363.85774166665
2022-08-12 11:15:00,106363.85774166665
2022-08-12 11:30:00,106279.73417068832
2022-08-12 11:45:00,106202.53026756563
2022-08-12 12:00:00,106252.99818867307
2022-08-12 12:15:00,106283.63942648828
2022-08-12 12:30:00,106316.38349434966
2022-08-12 12:45:00,106386.377694457
2022-08-12 13:00:00,106349.72837079564
2022-08-12 13:15:00,106360.54292531867
2022-08-12 13:30:00,106436.24480697981
2022-08-12 13:45:00,106384.87567299548
2022-08-12 14:00:00,106398.39386614924
2022-08-12 14:15:00,106279.1333621037
2022-08-12 14:30:00,106194.1189473811
2022-08-12 14:45:00,106165.58053961201
2022-08-12 15:00:00,106114.29927388317
2022-08-12 15:15:00,106114.29927388317
2022-08-16 09:15:00,106114.29927388317
2022-08-16 09:30:00,106146.43809791109
2022-08-16 09:45:00,106164.60926711933
2022-08-16 10:00:00,106146.43809791109
2022-08-16 10:15:00,106206.01570187254
2022-08-16 10:30:00,106169.07758741644
2022-08-16 10:45:00,106226.56997523924
2022-08-16 11:00:00,106232.52773563539
2022-08-16 11:15:00,106082.98794969213
2022-08-16 11:30:00,106079.11540543466
2022-08-16 11:45:00,105990.04688751229
2022-08-16 12:00:00,106034.43220246358
2022-08-16 12:15:00,106083.58372573178
2022-08-16 12:30:00,106030.85754622589
2022-08-16 12:45:00,106035.32586652298
2022-08-16 13:00:00,105911.70233830297
2022-08-16 13:15:00,105855.17361822427
2022-08-16 13:30:00,105855.17361822427
2022-08-16 13:45:00,105855.17361822427
2022-08-16 14:00:00,105855.17361822427
2022-08-16 14:15:00,105855.17361822427
2022-08-16 14:30:00,105855.17361822427
2022-08-16 14:45:00,105855.17361822427
2022-08-16 15:00:00,105855.17361822427
2022-08-16 15:15:00,105855.17361822427
2022-08-17 09:15:00,105855.17361822427
2022-08-17 09:30:00,105866.74335988711
2022-08-17 09:45:00,105844.55391201832
2022-08-17 10:00:00,105974.43614687692
2022-08-17 10:15:00,105959.93904093599
2022-08-17 10:30:00,105985.08708185396
2022-08-17 10:45:00,106021.18191705382
2022-08-17 11:00:00,106106.68525617487
2022-08-17 11:15:00,106127.09954821416
2022-08-17 11:30:00,106038.04589743409
2022-08-17 11:45:00,106066.15253140121
2022-08-17 12:00:00,106101.35978868634
2022-08-17 12:15:00,106136.86290527642
2022-08-17 12:30:00,106115.56103532239
2022-08-17 12:45:00,106153.13516704686
2022-08-17 13:00:00,106123.54923655515
2022-08-17 13:15:00,106126.80368890922
2022-08-17 13:30:00,106166.74469507304
2022-08-17 13:45:00,106095.44260258801
2022-08-17 14:00:00,106059.93948599795
2022-08-17 14:15:00,106140.70907624032
2022-08-17 14:30:00,106146.62626233867
2022-08-17 14:45:00,106212.89874664012
2022-08-17 15:00:00,106196.62648486967
2022-08-17 15:15:00,106100.76807007652
2022-08-18 09:15:00,105768.81392995949
2022-08-18 09:30:00,106042.48378700783
2022-08-18 09:45:00,106155.5020414862
2022-08-18 10:00:00,106156.68547870588
2022-08-18 10:15:00,105909.93881840499
2022-08-18 10:30:00,105994.8504389162
2022-08-18 10:45:00,106039.52519395867
2022-08-18 11:00:00,105940.70818611638
2022-08-18 11:15:00,105888.03354339857
2022-08-18 11:30:00,105888.03354339857
2022-08-18 11:45:00,105888.03354339857
2022-08-18 12:00:00,105888.03354339857
2022-08-18 12:15:00,105888.03354339857
2022-08-18 12:30:00,105888.03354339857
2022-08-18 12:45:00,105888.03354339857
2022-08-18 13:00:00,105888.03354339857
2022-08-18 13:15:00,105888.03354339857
2022-08-18 13:30:00,105747.32946411632
2022-08-18 13:45:00,105746.14751041247
2022-08-18 14:00:00,105874.68497570572
2022-08-18 14:15:00,105875.86692940956
2022-08-18 14:30:00,106012.67807062971
2022-08-18 14:45:00,106062.0246377653
2022-08-18 15:00:00,106123.48623036528
2022-08-18 15:15:00,106165.74107527778
2022-08-19 09:15:00,106157.7628877768
2022-08-19 09:30:00,106118.16743869797
2022-08-19 09:45:00,106095.11934147296
2022-08-19 10:00:00,106155.98995722103
2022-08-19 10:15:00,106128.80502203257
2022-08-19 10:30:00,106131.46441786623
2022-08-19 10:45:00,105926.69093867492
2022-08-19 11:00:00,105663.11526271727
2022-08-19 11:15:00,105433.22526731923
2022-08-19 11:30:00,105386.12012763882
2022-08-19 11:45:00,105386.12012763882
2022-08-19 12:00:00,105386.12012763882
2022-08-19 12:15:00,105386.12012763882
2022-08-19 12:30:00,105386.12012763882
2022-08-19 12:45:00,105386.12012763882
2022-08-19 13:00:00,105386.12012763882
2022-08-19 13:15:00,105386.12012763882
2022-08-19 13:30:00,105386.12012763882
2022-08-19 13:45:00,105386.12012763882
2022-08-19 14:00:00,105386.12012763882
2022-08-19 14:15:00,105386.12012763882
2022-08-19 14:30:00,105386.12012763882
2022-08-19 14:45:00,105386.12012763882
2022-08-19 15:00:00,105386.12012763882
2022-08-19 15:15:00,105386.12012763882
2022-08-22 09:15:00,105386.12012763882
2022-08-22 09:30:00,105386.12012763882
2022-08-22 09:45:00,105386.12012763882
2022-08-22 10:00:00,105386.12012763882
2022-08-22 10:15:00,105386.12012763882
2022-08-22 10:30:00,105386.12012763882
2022-08-22 10:45:00,105386.12012763882
2022-08-22 11:00:00,105386.12012763882
2022-08-22 11:15:00,105386.12012763882
2022-08-22 11:30:00,105386.12012763882
2022-08-22 11:45:00,105386.12012763882
2022-08-22 12:00:00,105386.12012763882
2022-08-22 12:15:00,105386.12012763882
2022-08-22 12:30:00,105386.12012763882
2022-08-22 12:45:00,105386.12012763882
2022-08-22 13:00:00,105386.12012763882
2022-08-22 13:15:00,105386.12012763882
2022-08-22 13:30:00,105386.12012763882
2022-08-22 13:45:00,105386.12012763882
2022-08-22 14:00:00,105386.12012763882
2022-08-22 14:15:00,105386.12012763882
2022-08-22 14:30:00,105386.12012763882
2022-08-22 14:45:00,105386.12012763882
2022-08-22 15:00:00,105386.12012763882
2022-08-22 15:15:00,105386.12012763882
2022-08-23 09:15:00,105386.12012763882
2022-08-23 09:30:00,105386.12012763882
2022-08-23 09:45:00,105386.12012763882
2022-08-23 10:00:00,105386.12012763882
2022-08-23 10:15:00,105386.12012763882
2022-08-23 10:30:00,105386.12012763882
2022-08-23 10:45:00,105386.12012763882
2022-08-23 11:00:00,105386.12012763882
2022-08-23 11:15:00,105386.12012763882
2022-08-23 11:30:00,105386.12012763882
2022-08-23 11:45:00,105386.12012763882
2022-08-23 12:00:00,105386.12012763882
2022-08-23 12:15:00,105386.12012763882
2022-08-23 12:30:00,105386.12012763882
2022-08-23 12:45:00,105386.12012763882
2022-08-23 13:00:00,105386.12012763882
2022-08-23 13:15:00,105386.12012763882
2022-08-23 13:30:00,105351.42273274218
2022-08-23 13:45:00,105364.6195538648
2022-08-23 14:00:00,105414.70748858013
2022-08-23 14:15:00,105417.40683835521
2022-08-23 14:30:00,105369.71832566216
2022-08-23 14:45:00,105319.03053544127
2022-08-23 15:00:00,105401.21073970474
2022-08-23 15:15:00,105714.63524136654
2022-08-24 09:15:00,105420.1061881303
2022-08-24 09:30:00,105088.68602130133
2022-08-24 09:45:00,105192.46102376541
2022-08-24 10:00:00,105363.41984285368
2022-08-24 10:15:00,105459.99657925092
2022-08-24 10:30:00,105425.80481543326
2022-08-24 10:45:00,105498.98718711316
2022-08-24 11:00:00,105660.64824586503
2022-08-24 11:15:00,105556.57331564816
2022-08-24 11:30:00,105628.5559763169
2022-08-24 11:45:00,105389.51355734614
2022-08-24 12:00:00,105372.71760319009
2022-08-24 12:15:00,105515.18328576363
2022-08-24 12:30:00,105462.99585677881
2022-08-24 12:45:00,105205.95777264085
2022-08-24 13:00:00,105236.55040342508
2022-08-24 13:15:00,105152.27070489209
2022-08-24 13:30:00,105099.69456953964
2022-08-24 13:45:00,105099.69456953964
2022-08-24 14:00:00,105099.69456953964
2022-08-24 14:15:00,105099.69456953964
2022-08-24 14:30:00,105099.69456953964
2022-08-24 14:45:00,105099.69456953964
2022-08-24 15:00:00,105099.69456953964
2022-08-24 15:15:00,105099.69456953964
2022-08-25 09:15:00,105099.69456953964
2022-08-25 09:30:00,105102.05946041744
2022-08-25 09:45:00,105118.38546365497
2022-08-25 10:00:00,105046.55104940986
2022-08-25 10:15:00,104986.29325564227
2022-08-25 10:30:00,104997.57303969728
2022-08-25 10:45:00,105087.21763929243
2022-08-25 11:00:00,104942.6583015347
2022-08-25 11:15:00,104769.89950363946
2022-08-25 11:30:00,104926.03546187468
2022-08-25 11:45:00,105023.99148129982
2022-08-25 12:00:00,105058.12766988737
2022-08-25 12:15:00,105055.15930566237
2022-08-25 12:30:00,105058.42450630988
2022-08-25 12:45:00,105224.65290291012
2022-08-25 13:00:00,105156.97419858004
2022-08-25 13:15:00,105105.02782464246
2022-08-25 13:30:00,105096.41956838995
2022-08-25 13:45:00,105048.03523152237
2022-08-25 14:00:00,105036.16177462235
2022-08-25 14:15:00,104868.15235948711
2022-08-25 14:30:00,104758.61971958444
2022-08-25 14:45:00,104712.17416981043
2022-08-25 15:00:00,104712.17416981043
2022-08-25 15:15:00,104712.17416981043
2022-08-26 09:15:00,104712.17416981043
2022-08-26 09:30:00,104712.17416981043
2022-08-26 09:45:00,104712.17416981043
2022-08-26 10:00:00,104712.17416981043
2022-08-26 10:15:00,104712.17416981043
2022-08-26 10:30:00,104712.17416981043
2022-08-26 10:45:00,104712.17416981043
2022-08-26 11:00:00,104712.17416981043
2022-08-26 11:15:00,104712.17416981043
2022-08-26 11:30:00,104712.17416981043
2022-08-26 11:45:00,104712.17416981043
2022-08-26 12:00:00,104712.17416981043
2022-08-26 12:15:00,104712.17416981043
2022-08-26 12:30:00,104712.17416981043
2022-08-26 12:45:00,104712.17416981043
2022-08-26 13:00:00,104712.17416981043
2022-08-26 13:15:00,104712.17416981043
2022-08-26 13:30:00,104712.17416981043
2022-08-26 13:45:00,104712.17416981043
2022-08-26 14:00:00,104712.17416981043
2022-08-26 14:15:00,104712.17416981043
2022-08-26 14:30:00,104712.17416981043
2022-08-26 14:45:00,104712.17416981043
2022-08-26 15:00:00,104712.17416981043
2022-08-26 15:15:00,104712.17416981043
2022-08-29 09:15:00,104712.17416981043
2022-08-29 09:30:00,104712.17416981043
2022-08-29 09:45:00,104712.17416981043
2022-08-29 10:00:00,104712.17416981043
2022-08-29 10:15:00,104712.17416981043
2022-08-29 10:30:00,104712.17416981043
2022-08-29 10:45:00,104712.17416981043
2022-08-29 11:00:00,104712.17416981043
2022-08-29 11:15:00,104712.17416981043
2022-08-29 11:30:00,104712.17416981043
2022-08-29 11:45:00,104712.17416981043
2022-08-29 12:00:00,104712.17416981043
2022-08-29 12:15:00,104712.17416981043
2022-08-29 12:30:00,104618.49908372165
2022-08-29 12:45:00,104502.08205003187
2022-08-29 13:00:00,104514.74918841262
2022-08-29 13:15:00,104586.83123776979
2022-08-29 13:30:00,104625.43584997782
2022-08-29 13:45:00,104725.86816142521
2022-08-29 14:00:00,104702.94667292672
2022-08-29 14:15:00,104506.00283095925
2022-08-29 14:30:00,104570.8465155274
2022-08-29 14:45:00,104381.7442354147
2022-08-29 15:00:00,104315.69415671505
2022-08-29 15:15:00,104588.9424274999
2022-08-30 09:15:00,105287.74622817159
2022-08-30 09:30:00,105339.92277435897
2022-08-30 09:45:00,105407.78244425586
2022-08-30 10:00:00,105443.97426820088
2022-08-30 10:15:00,105469.30854496239
2022-08-30 10:30:00,105668.0619781271
2022-08-30 10:45:00,105712.09536392686
2022-08-30 11:00:00,105817.05165336741
2022-08-30 11:15:00,105845.10031692479
2022-08-30 11:30:00,105883.40333059995
2022-08-30 11:45:00,105931.65909585996
2022-08-30 12:00:00,106054.10810020726
2022-08-30 12:15:00,106108.69743465765
2022-08-30 12:30:00,106162.08037497655
2022-08-30 12:45:00,106284.22778079096
2022-08-30 13:00:00,106376.51693185074
2022-08-30 13:15:00,106399.13682181637
2022-08-30 13:30:00,106573.1591752853
2022-08-30 13:45:00,106522.1890232294
2022-08-30 14:00:00,106541.18973080053
2022-08-30 14:15:00,106705.86252975035
2022-08-30 14:30:00,106728.78401824884
2022-08-30 14:45:00,106784.88134536362
2022-08-30 15:00:00,107144.68839508362
2022-08-30 15:15:00,107032.49374085409
2022-09-01 09:15:00,105899.99124990801
2022-09-01 09:30:00,106341.83310057005
2022-09-01 09:45:00,106221.19368741999
2022-09-01 10:00:00,106529.12578948546
2022-09-01 10:15:00,106685.35382951479
2022-09-01 10:30:00,106501.9819215267
2022-09-01 10:45:00,106450.23816923398
2022-09-01 11:00:00,106450.23816923398
2022-09-01 11:15:00,106450.23816923398
2022-09-01 11:30:00,106450.23816923398
2022-09-01 11:45:00,106450.23816923398
2022-09-01 12:00:00,106450.23816923398
2022-09-01 12:15:00,106450.23816923398
2022-09-01 12:30:00,106450.23816923398
2022-09-01 12:45:00,106450.23816923398
2022-09-01 13:00:00,106450.23816923398
2022-09-01 13:15:00,106450.23816923398
2022-09-01 13:30:00,106450.23816923398
2022-09-01 13:45:00,106450.23816923398
2022-09-01 14:00:00,106450.23816923398
2022-09-01 14:15:00,106450.23816923398
2022-09-01 14:30:00,106450.23816923398
2022-09-01 14:45:00,106450.23816923398
2022-09-01 15:00:00,106450.23816923398
2022-09-01 15:15:00,106450.23816923398
2022-09-02 09:15:00,106450.23816923398
2022-09-02 09:30:00,106450.23816923398
2022-09-02 09:45:00,106450.23816923398
2022-09-02 10:00:00,106450.23816923398
2022-09-02 10:15:00,106450.23816923398
2022-09-02 10:30:00,106450.23816923398
2022-09-02 10:45:00,106450.23816923398
2022-09-02 11:00:00,106450.23816923398
2022-09-02 11:15:00,106450.23816923398
2022-09-02 11:30:00,106450.23816923398
2022-09-02 11:45:00,106450.23816923398
2022-09-02 12:00:00,106450.23816923398
2022-09-02 12:15:00,106450.23816923398
2022-09-02 12:30:00,106450.23816923398
2022-09-02 12:45:00,106450.23816923398
2022-09-02 13:00:00,106445.73988587993
2022-09-02 13:15:00,106448.76639741598
2022-09-02 13:30:00,106409.11909629362
2022-09-02 13:45:00,106486.59779161672
2022-09-02 14:00:00,106611.59271805595
2022-09-02 14:15:00,106581.63025384897
2022-09-02 14:30:00,106327.70593597363
2022-09-02 14:45:00,106202.4083583808
2022-09-02 15:00:00,106235.09468297024
2022-09-02 15:15:00,106096.48045461874
2022-09-05 09:15:00,106501.12504698982
2022-09-05 09:30:00,106762.01034139807
2022-09-05 09:45:00,106742.03536526009
2022-09-05 10:00:00,106824.65913019452
2022-09-05 10:15:00,106858.55605939838
2022-09-05 10:30:00,106775.32699215676
2022-09-05 10:45:00,106695.1244364512
2022-09-05 11:00:00,106735.07438872715
2022-09-05 11:15:00,106685.4395995358
2022-09-05 11:30:00,106738.70620257045
2022-09-05 11:45:00,106786.52508484016
2022-09-05 12:00:00,106896.3874535991
2022-09-05 12:15:00,106936.33740587508
2022-09-05 12:30:00,106970.53698623255
2022-09-05 12:45:00,106878.83368668995
2022-09-05 13:00:00,106838.58108326037
2022-09-05 13:15:00,106864.30643131687
2022-09-05 13:30:00,106728.41606334783
2022-09-05 13:45:00,106867.63559400653
2022-09-05 14:00:00,106953.285870477
2022-09-05 14:15:00,106981.73507891594
2022-09-05 14:30:00,106960.54949816353
2022-09-05 14:45:00,106860.06931516639
2022-09-05 15:00:00,106968.7210793109
2022-09-05 15:15:00,106859.46401285917
2022-09-06 09:15:00,107274.70139560643
2022-09-06 09:30:00,106995.65703198181
2022-09-06 09:45:00,107008.36838043327
2022-09-06 10:00:00,106782.28796868968
2022-09-06 10:15:00,106536.83788311528
2022-09-06 10:30:00,106566.19504501506
2022-09-06 10:45:00,106737.49559795599
2022-09-06 11:00:00,106941.48247548635
2022-09-06 11:15:00,106863.70112900963
2022-09-06 11:30:00,106972.05024200055
2022-09-06 11:45:00,107081.30730845226
2022-09-06 12:00:00,107033.18577502892
2022-09-06 12:15:00,107127.00763264675
2022-09-06 12:30:00,107189.65642144319
2022-09-06 12:45:00,107175.4318172237
2022-09-06 13:00:00,107100.07167997585
2022-09-06 13:15:00,107126.40233033957
2022-09-06 13:30:00,107100.37433112945
2022-09-06 13:45:00,107115.80953996335
2022-09-06 14:00:00,107120.34930726743
2022-09-06 14:15:00,107161.20721300422
2022-09-06 14:30:00,106781.68266638243
2022-09-06 14:45:00,106863.09582670241
2022-09-06 15:00:00,106854.31894324782
2022-09-06 15:15:00,106845.54205979324
2022-09-07 09:15:00,106351.31272595483
2022-09-07 09:30:00,106296.01957079563
2022-09-07 09:45:00,106296.01957079563
2022-09-07 10:00:00,106296.01957079563
2022-09-07 10:15:00,106296.01957079563
2022-09-07 10:30:00,106296.01957079563
2022-09-07 10:45:00,106296.01957079563
2022-09-07 11:00:00,106296.01957079563
2022-09-07 11:15:00,106296.01957079563
2022-09-07 11:30:00,106296.01957079563
2022-09-07 11:45:00,106296.01957079563
2022-09-07 12:00:00,106296.01957079563
2022-09-07 12:15:00,106270.31460285294
2022-09-07 12:30:00,106250.41085821977
2022-09-07 12:45:00,106282.37747838817
2022-09-07 13:00:00,106260.96587431309
2022-09-07 13:15:00,106441.90900734176
2022-09-07 13:30:00,106350.23115327391
2022-09-07 13:45:00,106375.5631918979
2022-09-07 14:00:00,106327.91483353371
2022-09-07 14:15:00,106364.70660391619
2022-09-07 14:30:00,106212.11122839534
2022-09-07 14:45:00,106249.20457066623
2022-09-07 15:00:00,106256.44229598736
2022-09-07 15:15:00,106331.2321243059
2022-09-08 09:15:00,107205.7906006112
2022-09-08 09:30:00,107196.74344395977
2022-09-08 09:45:00,107157.23752658184
2022-09-08 10:00:00,107178.6491306569
2022-09-08 10:15:00,107145.47622293497
2022-09-08 10:30:00,107014.29245148918
2022-09-08 10:45:00,107061.9408098534
2022-09-08 11:00:00,107034.7993398991
2022-09-08 11:15:00,106980.81797187887
2022-09-08 11:30:00,106927.62898399538
2022-09-08 11:45:00,106927.62898399538
2022-09-08 12:00:00,106927.62898399538
2022-09-08 12:15:00,106927.62898399538
2022-09-08 12:30:00,106927.62898399538
2022-09-08 12:45:00,106927.62898399538
2022-09-08 13:00:00,106927.62898399538
2022-09-08 13:15:00,106927.62898399538
2022-09-08 13:30:00,106927.62898399538
2022-09-08 13:45:00,106927.62898399538
2022-09-08 14:00:00,106927.62898399538
2022-09-08 14:15:00,106927.62898399538
2022-09-08 14:30:00,106927.62898399538
2022-09-08 14:45:00,106927.62898399538
2022-09-08 15:00:00,106879.87060219447
2022-09-08 15:15:00,106902.39204702772
2022-09-09 09:15:00,107454.01730247683
2022-09-09 09:30:00,107467.83045530789
2022-09-09 09:45:00,107478.94103475896
2022-09-09 10:00:00,107468.130741239
2022-09-09 10:15:00,107523.98392442547
2022-09-09 10:30:00,107471.43388648122
2022-09-09 10:45:00,107499.36047807445
2022-09-09 11:00:00,107402.96869418814
2022-09-09 11:15:00,107385.85239611485
2022-09-09 11:30:00,107253.12601456422
2022-09-09 11:45:00,107201.60040207395
2022-09-09 12:00:00,107201.60040207395
2022-09-09 12:15:00,107201.60040207395
2022-09-09 12:30:00,107201.60040207395
2022-09-09 12:45:00,107201.60040207395
2022-09-09 13:00:00,107201.60040207395
2022-09-09 13:15:00,107201.60040207395
2022-09-09 13:30:00,107201.60040207395
2022-09-09 13:45:00,107201.60040207395
2022-09-09 14:00:00,107201.60040207395
2022-09-09 14:15:00,107201.60040207395
2022-09-09 14:30:00,107201.60040207395
2022-09-09 14:45:00,107201.60040207395
2022-09-09 15:00:00,107201.60040207395
2022-09-09 15:15:00,107201.60040207395
2022-09-12 09:15:00,107201.60040207395
2022-09-12 09:30:00,107201.60040207395
2022-09-12 09:45:00,107179.36086618186
2022-09-12 10:00:00,107327.80418391094
2022-09-12 10:15:00,107242.38207350748
2022-09-12 10:30:00,107184.73708292056
2022-09-12 10:45:00,107157.85599922716
2022-09-12 11:00:00,107207.13798599839
2022-09-12 11:15:00,107248.05696895388
2022-09-12 11:30:00,107261.19883209288
2022-09-12 11:45:00,107280.61294809367
2022-09-12 12:00:00,107335.27115160355
2022-09-12 12:15:00,107264.18561916992
2022-09-12 12:30:00,107284.19709258611
2022-09-12 12:45:00,107244.77150316913
2022-09-12 13:00:00,107240.88867996896
2022-09-12 13:15:00,107230.43492519931
2022-09-12 13:30:00,107231.03228261473
2022-09-12 13:45:00,107180.25690230499
2022-09-12 14:00:00,107389.92935511345
2022-09-12 14:15:00,107236.40849935339
2022-09-12 14:30:00,107198.77498218264
2022-09-12 14:45:00,107256.12129406187
2022-09-12 15:00:00,107125.59869879507
2022-09-12 15:15:00,107115.74230144081
2022-09-13 09:15:00,107751.33059143576
2022-09-13 09:30:00,107858.25756879395
2022-09-13 09:45:00,107854.67342430148
2022-09-13 10:00:00,107875.5809338408
2022-09-13 10:15:00,107726.5402586963
2022-09-13 10:30:00,107794.0416466375
2022-09-13 10:45:00,107813.45576263827
2022-09-13 11:00:00,107833.46723605446
2022-09-13 11:15:00,107801.80729303781
2022-09-13 11:30:00,107834.3632721776
2022-09-13 11:45:00,107913.51312971926
2022-09-13 12:00:00,107948.15985981296
2022-09-13 12:15:00,107959.50965070572
2022-09-13 12:30:00,107893.80033501075
2022-09-13 12:45:00,107981.31319636814
2022-09-13 13:00:00,107926.65499285822
2022-09-13 13:15:00,107909.03294910368
2022-09-13 13:30:00,107909.33162781139
2022-09-13 13:45:00,107984.8973408606
2022-09-13 14:00:00,108013.86917550792
2022-09-13 14:15:00,107957.71757845949
2022-09-13 14:30:00,107989.97487889157
2022-09-13 14:45:00,107930.2391373507
2022-09-13 15:00:00,107942.48496436657
2022-09-13 15:15:00,107921.57745482726
2022-09-14 09:15:00,107027.63208266802
2022-09-14 09:30:00,106973.81973725835
2022-09-14 09:45:00,106973.81973725835
2022-09-14 10:00:00,106973.81973725835
2022-09-14 10:15:00,106973.81973725835
2022-09-14 10:30:00,106973.81973725835
2022-09-14 10:45:00,106973.81973725835
2022-09-14 11:00:00,106973.81973725835
2022-09-14 11:15:00,106973.81973725835
2022-09-14 11:30:00,106973.81973725835
2022-09-14 11:45:00,106994.1009383057
2022-09-14 12:00:00,107097.91170729633
2022-09-14 12:15:00,107184.47025679854
2022-09-14 12:30:00,107323.67782094645
2022-09-14 12:45:00,107195.47598302392
2022-09-14 13:00:00,107415.29305547113
2022-09-14 13:15:00,107356.69499962253
2022-09-14 13:30:00,107373.35231499064
2022-09-14 13:45:00,107207.07661336956
2022-09-14 14:00:00,107516.12930386029
2022-09-14 14:15:00,107586.92289417483
2022-09-14 14:30:00,107540.81782485233
2022-09-14 14:45:00,107471.21404277839
2022-09-14 15:00:00,106966.4378967122
2022-09-14 15:15:00,107086.60852901082
2022-09-15 09:15:00,107526.83757802554
2022-09-15 09:30:00,107275.49058720295
2022-09-15 09:45:00,106944.12899220132
2022-09-15 10:00:00,106913.49143000637
2022-09-15 10:15:00,106864.4942343031
2022-09-15 10:30:00,106864.4942343031
2022-09-15 10:45:00,106864.4942343031
2022-09-15 11:00:00,106864.4942343031
2022-09-15 11:15:00,106864.4942343031
2022-09-15 11:30:00,106864.4942343031
2022-09-15 11:45:00,106864.4942343031
2022-09-15 12:00:00,106864.4942343031
2022-09-15 12:15:00,106864.4942343031
2022-09-15 12:30:00,106864.4942343031
2022-09-15 12:45:00,106864.4942343031
2022-09-15 13:00:00,106864.4942343031
2022-09-15 13:15:00,106864.4942343031
2022-09-15 13:30:00,106864.4942343031
2022-09-15 13:45:00,106864.4942343031
2022-09-15 14:00:00,106864.4942343031
2022-09-15 14:15:00,106864.4942343031
2022-09-15 14:30:00,106864.4942343031
2022-09-15 14:45:00,106864.4942343031
2022-09-15 15:00:00,106864.4942343031
2022-09-15 15:15:00,106864.4942343031
2022-09-16 09:15:00,106864.4942343031
2022-09-16 09:30:00,106864.4942343031
2022-09-16 09:45:00,106864.4942343031
2022-09-16 10:00:00,106864.4942343031
2022-09-16 10:15:00,106864.4942343031
2022-09-16 10:30:00,106864.4942343031
2022-09-16 10:45:00,106864.4942343031
2022-09-16 11:00:00,106864.4942343031
2022-09-16 11:15:00,106864.4942343031
2022-09-16 11:30:00,106864.4942343031
2022-09-16 11:45:00,106864.4942343031
2022-09-16 12:00:00,106864.4942343031
2022-09-16 12:15:00,106864.4942343031
2022-09-16 12:30:00,106864.4942343031
2022-09-16 12:45:00,106864.4942343031
2022-09-16 13:00:00,106864.4942343031
2022-09-16 13:15:00,106864.4942343031
2022-09-16 13:30:00,106864.4942343031
2022-09-16 13:45:00,106864.4942343031
2022-09-16 14:00:00,106864.4942343031
2022-09-16 14:15:00,106864.4942343031
2022-09-16 14:30:00,106864.4942343031
2022-09-16 14:45:00,106864.4942343031
2022-09-16 15:00:00,106864.4942343031
2022-09-16 15:15:00,106864.4942343031
2022-09-19 09:15:00,106864.4942343031
2022-09-19 09:30:00,106864.4942343031
2022-09-19 09:45:00,106864.4942343031
2022-09-19 10:00:00,106864.4942343031
2022-09-19 10:15:00,106864.4942343031
2022-09-19 10:30:00,106864.4942343031
2022-09-19 10:45:00,106864.4942343031
2022-09-19 11:00:00,106864.4942343031
2022-09-19 11:15:00,106864.4942343031
2022-09-19 11:30:00,106864.4942343031
2022-09-19 11:45:00,106864.4942343031
2022-09-19 12:00:00,106864.4942343031
2022-09-19 12:15:00,106882.5421576358
2022-09-19 12:30:00,106803.48993523151
2022-09-19 12:45:00,106730.79823646894
2022-09-19 13:00:00,106719.89448165456
2022-09-19 13:15:00,106573.60243789485
2022-09-19 13:30:00,106781.68242560272
2022-09-19 13:45:00,106953.41656392932
2022-09-19 14:00:00,106946.14739405307
2022-09-19 14:15:00,106702.32732112026
2022-09-19 14:30:00,106843.16748747275
2022-09-19 14:45:00,106782.59107183728
2022-09-19 15:00:00,106740.4904629706
2022-09-19 15:15:00,106807.4274022478
2022-09-20 09:15:00,107894.77406290472
2022-09-20 09:30:00,107962.92253049464
2022-09-20 09:45:00,108035.61422925722
2022-09-20 10:00:00,108161.00740962267
2022-09-20 10:15:00,108178.87745223515
2022-09-20 10:30:00,108136.4739612903
2022-09-20 10:45:00,108246.42015566872
2022-09-20 11:00:00,108260.65561334304
2022-09-20 11:15:00,108171.60828235888
2022-09-20 11:30:00,108240.36251410517
2022-09-20 11:45:00,108204.62242888023
2022-09-20 12:00:00,108327.59255262026
2022-09-20 12:15:00,108399.67848722651
2022-09-20 12:30:00,108495.38922393056
2022-09-20 12:45:00,108448.13961973488
2022-09-20 13:00:00,108512.0477382303
2022-09-20 13:15:00,108405.13036463367
2022-09-20 13:30:00,108243.39133488695
2022-09-20 13:45:00,108397.25543060107
2022-09-20 14:00:00,108334.55884041835
2022-09-20 14:15:00,108305.7850429915
2022-09-20 14:30:00,108245.81439151237
2022-09-20 14:45:00,108214.01177330373
2022-09-20 15:00:00,107853.58210027262
2022-09-20 15:15:00,107796.32527221397
2022-09-21 09:15:00,107796.32527221397
2022-09-21 09:30:00,107796.32527221397
2022-09-21 09:45:00,107796.32527221397
2022-09-21 10:00:00,107796.32527221397
2022-09-21 10:15:00,107796.32527221397
2022-09-21 10:30:00,107796.32527221397
2022-09-21 10:45:00,107796.32527221397
2022-09-21 11:00:00,107796.32527221397
2022-09-21 11:15:00,107796.32527221397
2022-09-21 11:30:00,107796.32527221397
2022-09-21 11:45:00,107796.32527221397
2022-09-21 12:00:00,107796.32527221397
2022-09-21 12:15:00,107796.32527221397
2022-09-21 12:30:00,107796.32527221397
2022-09-21 12:45:00,107796.32527221397
2022-09-21 13:00:00,107796.32527221397
2022-09-21 13:15:00,107796.32527221397
2022-09-21 13:30:00,107796.32527221397
2022-09-21 13:45:00,107796.32527221397
2022-09-21 14:00:00,107796.32527221397
2022-09-21 14:15:00,107606.43343532893
2022-09-21 14:30:00,107522.83821463249
2022-09-21 14:45:00,107430.45943813823
2022-09-21 15:00:00,107321.42219375155
2022-09-21 15:15:00,107316.27321276664
2022-09-22 09:15:00,106980.98368627761
2022-09-22 09:30:00,106937.1805478358
2022-09-22 09:45:00,106937.1805478358
2022-09-22 10:00:00,106937.1805478358
2022-09-22 10:15:00,106937.1805478358
2022-09-22 10:30:00,106937.1805478358
2022-09-22 10:45:00,106937.1805478358
2022-09-22 11:00:00,106937.1805478358
2022-09-22 11:15:00,106937.1805478358
2022-09-22 11:30:00,106937.1805478358
2022-09-22 11:45:00,106937.1805478358
2022-09-22 12:00:00,106937.1805478358
2022-09-22 12:15:00,106937.1805478358
2022-09-22 12:30:00,106937.1805478358
2022-09-22 12:45:00,106937.1805478358
2022-09-22 13:00:00,106937.1805478358
2022-09-22 13:15:00,106937.1805478358
2022-09-22 13:30:00,106937.1805478358
2022-09-22 13:45:00,107006.2607312867
2022-09-22 14:00:00,107056.18800947089
2022-09-22 14:15:00,107068.89677119048
2022-09-22 14:30:00,106983.869103495
2022-09-22 14:45:00,106842.86236632029
2022-09-22 15:00:00,106652.5335300909
2022-09-22 15:15:00,106729.08868997332
2022-09-23 09:15:00,106160.22030823842
2022-09-23 09:30:00,106110.76945732394
2022-09-23 09:45:00,106110.76945732394
2022-09-23 10:00:00,106110.76945732394
2022-09-23 10:15:00,106110.76945732394
2022-09-23 10:30:00,106110.76945732394
2022-09-23 10:45:00,106110.76945732394
2022-09-23 11:00:00,106110.76945732394
2022-09-23 11:15:00,106110.76945732394
2022-09-23 11:30:00,106110.76945732394
2022-09-23 11:45:00,106110.76945732394
2022-09-23 12:00:00,106110.76945732394
2022-09-23 12:15:00,106110.76945732394
2022-09-23 12:30:00,106110.76945732394
2022-09-23 12:45:00,106110.76945732394
2022-09-23 13:00:00,106110.76945732394
2022-09-23 13:15:00,106110.76945732394
2022-09-23 13:30:00,106110.76945732394
2022-09-23 13:45:00,106110.76945732394
2022-09-23 14:00:00,106110.76945732394
2022-09-23 14:15:00,106110.76945732394
2022-09-23 14:30:00,106110.76945732394
2022-09-23 14:45:00,106110.76945732394
2022-09-23 15:00:00,106110.76945732394
2022-09-23 15:15:00,106110.76945732394
2022-09-26 09:15:00,106110.76945732394
2022-09-26 09:30:00,106110.76945732394
2022-09-26 09:45:00,106110.76945732394
2022-09-26 10:00:00,106110.76945732394
2022-09-26 10:15:00,106110.76945732394
2022-09-26 10:30:00,106110.76945732394
2022-09-26 10:45:00,106110.76945732394
2022-09-26 11:00:00,106110.76945732394
2022-09-26 11:15:00,106110.76945732394
2022-09-26 11:30:00,106110.76945732394
2022-09-26 11:45:00,106110.76945732394
2022-09-26 12:00:00,106110.76945732394
2022-09-26 12:15:00,106110.76945732394
2022-09-26 12:30:00,106110.76945732394
2022-09-26 12:45:00,106110.76945732394
2022-09-26 13:00:00,106110.76945732394
2022-09-26 13:15:00,105606.87407739711
2022-09-26 13:30:00,105736.65666683044
2022-09-26 13:45:00,105637.46568776351
2022-09-26 14:00:00,105496.86788254406
2022-09-26 14:15:00,105856.86006513891
2022-09-26 14:30:00,105595.74985544564
2022-09-26 14:45:00,105428.26851384358
2022-09-26 15:00:00,105195.27786519419
2022-09-26 15:15:00,105234.21264202418
2022-09-27 09:15:00,105965.01222300001
2022-09-27 09:30:00,105582.7715965023
2022-09-27 09:45:00,105423.94242752911
2022-09-27 10:00:00,105267.58530787847
2022-09-27 10:15:00,105159.74215618268
2022-09-27 10:30:00,105114.265873336
2022-09-27 10:45:00,105114.265873336
2022-09-27 11:00:00,105114.265873336
2022-09-27 11:15:00,105114.265873336
2022-09-27 11:30:00,105114.265873336
2022-09-27 11:45:00,105114.265873336
2022-09-27 12:00:00,105114.265873336
2022-09-27 12:15:00,105114.265873336
2022-09-27 12:30:00,105114.265873336
2022-09-27 12:45:00,105114.265873336
2022-09-27 13:00:00,105114.265873336
2022-09-27 13:15:00,105114.265873336
2022-09-27 13:30:00,105025.14940156038
2022-09-27 13:45:00,104993.50560407793
2022-09-27 14:00:00,104721.92194413154
2022-09-27 14:15:00,104631.9060930407
2022-09-27 14:30:00,104434.97721744608
2022-09-27 14:45:00,104378.76784842387
2022-09-27 15:00:00,104378.76784842387
2022-09-27 15:15:00,104378.76784842387
2022-09-28 09:15:00,104378.76784842387
2022-09-28 09:30:00,104378.76784842387
2022-09-28 09:45:00,104378.76784842387
2022-09-28 10:00:00,104378.76784842387
2022-09-28 10:15:00,104378.76784842387
2022-09-28 10:30:00,104378.76784842387
2022-09-28 10:45:00,104378.76784842387
2022-09-28 11:00:00,104378.76784842387
2022-09-28 11:15:00,104378.76784842387
2022-09-28 11:30:00,104378.76784842387
2022-09-28 11:45:00,104458.82580003353
2022-09-28 12:00:00,104460.35999186107
2022-09-28 12:15:00,104249.25519639168
2022-09-28 12:30:00,104248.64151966064
2022-09-28 12:45:00,104194.94480569677
2022-09-28 13:00:00,104111.48477027864
2022-09-28 13:15:00,104325.0442726721
2022-09-28 13:30:00,104066.37953054896
2022-09-28 13:45:00,103958.98610262122
2022-09-28 14:00:00,103974.32802089662
2022-09-28 14:15:00,103811.09001044644
2022-09-28 14:30:00,103759.49115038755
2022-09-28 14:45:00,103759.49115038755
2022-09-28 15:00:00,103759.49115038755
2022-09-28 15:15:00,103759.49115038755
2022-09-29 09:15:00,103759.49115038755
2022-09-29 09:30:00,103759.49115038755
2022-09-29 09:45:00,103759.49115038755
2022-09-29 10:00:00,103759.49115038755
2022-09-29 10:15:00,103759.49115038755
2022-09-29 10:30:00,103759.49115038755
2022-09-29 10:45:00,103759.49115038755
2022-09-29 11:00:00,103460.40550475463
2022-09-29 11:15:00,103517.24147188781
2022-09-29 11:30:00,103431.37638175649
2022-09-29 11:45:00,103161.55832273181
2022-09-29 12:00:00,103249.25683115772
2022-09-29 12:15:00,103279.8138027347
2022-09-29 12:30:00,103104.41678588286
2022-09-29 12:45:00,103056.52958066088
2022-09-29 13:00:00,103056.52958066088
2022-09-29 13:15:00,103056.52958066088
2022-09-29 13:30:00,103056.52958066088
2022-09-29 13:45:00,103056.52958066088
2022-09-29 14:00:00,103056.52958066088
2022-09-29 14:15:00,103056.52958066088
2022-09-29 14:30:00,103056.52958066088
2022-09-29 14:45:00,103056.52958066088
2022-09-29 15:00:00,103056.52958066088
2022-09-29 15:15:00,103056.52958066088
2022-09-30 09:15:00,103056.52958066088
2022-09-30 09:30:00,103056.52958066088
2022-09-30 09:45:00,103056.52958066088
2022-09-30 10:00:00,103056.52958066088
2022-09-30 10:15:00,103056.52958066088
2022-09-30 10:30:00,103056.52958066088
2022-09-30 10:45:00,103056.52958066088
2022-09-30 11:00:00,103056.52958066088
2022-09-30 11:15:00,103056.52958066088
2022-09-30 11:30:00,103056.52958066088
2022-09-30 11:45:00,103096.96004089969
2022-09-30 12:00:00,103153.1064571716
2022-09-30 12:15:00,103371.318745277
2022-09-30 12:30:00,103718.21254959477
2022-09-30 12:45:00,103735.20822154735
2022-09-30 13:00:00,103624.7363538556
2022-09-30 13:15:00,103759.18425876614
2022-09-30 13:30:00,103954.63448622078
2022-09-30 13:45:00,104019.88572675298
2022-09-30 14:00:00,104175.27472746227
2022-09-30 14:15:00,104223.22680189989
2022-09-30 14:30:00,104030.81151586535
2022-09-30 14:45:00,103943.4052029664
2022-09-30 15:00:00,103588.92404509836
2022-09-30 15:15:00,103838.69972397285
2022-10-03 09:15:00,103427.46516154888
2022-10-03 09:30:00,103340.56371115516
2022-10-03 09:45:00,103340.56371115516
2022-10-03 10:00:00,103340.56371115516
2022-10-03 10:15:00,103340.56371115516
2022-10-03 10:30:00,103340.56371115516
2022-10-03 10:45:00,103340.56371115516
2022-10-03 11:00:00,103340.56371115516
2022-10-03 11:15:00,103340.56371115516
2022-10-03 11:30:00,103340.56371115516
2022-10-03 11:45:00,103157.78502894285
2022-10-03 12:00:00,103043.93570207419
2022-10-03 12:15:00,102993.97522618769
2022-10-03 12:30:00,102947.3454486936
2022-10-03 12:45:00,103089.35431651647
2022-10-03 13:00:00,103073.9119876061
2022-10-03 13:15:00,103022.13476714189
2022-10-03 13:30:00,102912.82730171747
2022-10-03 13:45:00,102670.89748212157
2022-10-03 14:00:00,102562.498388986
2022-10-03 14:15:00,102519.08576334825
2022-10-03 14:30:00,102519.08576334825
2022-10-03 14:45:00,102519.08576334825
2022-10-03 15:00:00,102519.08576334825
2022-10-03 15:15:00,102519.08576334825
2022-10-04 09:15:00,102519.08576334825
2022-10-04 09:30:00,102266.04818594057
2022-10-04 09:45:00,102498.18220796164
2022-10-04 10:00:00,102515.44345575295
2022-10-04 10:15:00,102567.82241456796
2022-10-04 10:30:00,102694.00808807685
2022-10-04 10:45:00,102424.37549326777
2022-10-04 11:00:00,102489.84919178653
2022-10-04 11:15:00,102396.10275981648
2022-10-04 11:30:00,102487.4683300222
2022-10-04 11:45:00,102574.07217669928
2022-10-04 12:00:00,102598.17840206303
2022-10-04 12:15:00,102635.37936713052
2022-10-04 12:30:00,102708.29325866276
2022-10-04 12:45:00,102611.86835720784
2022-10-04 13:00:00,102650.25975315749
2022-10-04 13:15:00,102694.00808807682
2022-10-04 13:30:00,102681.2109560936
2022-10-04 13:45:00,102621.68941198563
2022-10-04 14:00:00,102727.63776049783
2022-10-04 14:15:00,102732.99469946754
2022-10-04 14:30:00,102602.6425178711
2022-10-04 14:45:00,102769.60044909394
2022-10-04 15:00:00,102816.02725349815
2022-10-04 15:15:00,102838.0502248181
2022-10-06 09:15:00,103535.34511404292
2022-10-06 09:30:00,103322.2579861364
2022-10-06 09:45:00,103554.98722359855
2022-10-06 10:00:00,103574.9269408747
2022-10-06 10:15:00,103627.00829196916
2022-10-06 10:30:00,103560.34416256825
2022-10-06 10:45:00,103568.08196330228
2022-10-06 11:00:00,103565.40349381744
2022-10-06 11:15:00,103319.28190893099
2022-10-06 11:30:00,103345.76899605904
2022-10-06 11:45:00,103359.75655892439
2022-10-06 12:00:00,103473.74031589115
2022-10-06 12:15:00,103385.64843061136
2022-10-06 12:30:00,103518.38147397211
2022-10-06 12:45:00,103617.78245263241
2022-10-06 13:00:00,103550.22550006986
2022-10-06 13:15:00,103591.89058094544
2022-10-06 13:30:00,103553.20157727526
2022-10-06 13:45:00,103407.96900965183
2022-10-06 14:00:00,103307.6752078299
2022-10-06 14:15:00,103291.9019986413
2022-10-06 14:30:00,103224.94026151983
2022-10-06 14:45:00,103327.91253282661
2022-10-06 15:00:00,103157.38330895729
2022-10-06 15:15:00,103114.43092588653
2022-10-07 09:15:00,103114.43092588653
2022-10-07 09:30:00,103114.43092588653
2022-10-07 09:45:00,103114.43092588653
2022-10-07 10:00:00,103114.43092588653
2022-10-07 10:15:00,103114.43092588653
2022-10-07 10:30:00,103114.43092588653
2022-10-07 10:45:00,103114.43092588653
2022-10-07 11:00:00,103114.43092588653
2022-10-07 11:15:00,103114.43092588653
2022-10-07 11:30:00,103114.43092588653
2022-10-07 11:45:00,103114.43092588653
2022-10-07 12:00:00,103114.43092588653
2022-10-07 12:15:00,103114.43092588653
2022-10-07 12:30:00,103114.43092588653
2022-10-07 12:45:00,103114.43092588653
2022-10-07 13:00:00,103114.43092588653
2022-10-07 13:15:00,103114.43092588653
2022-10-07 13:30:00,103114.43092588653
2022-10-07 13:45:00,103114.43092588653
2022-10-07 14:00:00,103114.43092588653
2022-10-07 14:15:00,103114.43092588653
2022-10-07 14:30:00,103114.43092588653
2022-10-07 14:45:00,103114.43092588653
2022-10-07 15:00:00,102964.11630273394
2022-10-07 15:15:00,103017.95693764908
2022-10-10 09:15:00,101863.50663872287
2022-10-10 09:30:00,101811.08831870194
2022-10-10 09:45:00,101811.08831870194
2022-10-10 10:00:00,101811.08831870194
2022-10-10 10:15:00,101811.08831870194
2022-10-10 10:30:00,101811.08831870194
2022-10-10 10:45:00,101811.08831870194
2022-10-10 11:00:00,101811.08831870194
2022-10-10 11:15:00,101811.08831870194
2022-10-10 11:30:00,101811.08831870194
2022-10-10 11:45:00,101903.91770649755
2022-10-10 12:00:00,102026.61102985706
2022-10-10 12:15:00,102037.87273586591
2022-10-10 12:30:00,102340.45699468246
2022-10-10 12:45:00,102363.8694887535
2022-10-10 13:00:00,102158.19517374987
2022-10-10 13:15:00,102002.01309304827
2022-10-10 13:30:00,102096.25579070122
2022-10-10 13:45:00,101783.0025472447
2022-10-10 14:00:00,101707.1342120272
2022-10-10 14:15:00,101660.72383248272
2022-10-10 14:30:00,101660.72383248272
2022-10-10 14:45:00,101660.72383248272
2022-10-10 15:00:00,101660.72383248272
2022-10-10 15:15:00,101660.72383248272
2022-10-11 09:15:00,101660.72383248272
2022-10-11 09:30:00,101660.72383248272
2022-10-11 09:45:00,101660.72383248272
2022-10-11 10:00:00,101660.72383248272
2022-10-11 10:15:00,101660.72383248272
2022-10-11 10:30:00,101660.72383248272
2022-10-11 10:45:00,101660.72383248272
2022-10-11 11:00:00,101660.72383248272
2022-10-11 11:15:00,101660.72383248272
2022-10-11 11:30:00,101660.72383248272
2022-10-11 11:45:00,101660.72383248272
2022-10-11 12:00:00,101660.72383248272
2022-10-11 12:15:00,101303.92764097871
2022-10-11 12:30:00,101081.5412802841
2022-10-11 12:45:00,101357.38306101285
2022-10-11 13:00:00,101149.76339093543
2022-10-11 13:15:00,101129.97602550841
2022-10-11 13:30:00,101197.60746853505
2022-10-11 13:45:00,101128.49935644667
2022-10-11 14:00:00,101212.96482677688
2022-10-11 14:15:00,100933.87437411235
2022-10-11 14:30:00,100881.9315061981
2022-10-11 14:45:00,100881.9315061981
2022-10-11 15:00:00,100881.9315061981
2022-10-11 15:15:00,100881.9315061981
2022-10-12 09:15:00,100881.9315061981
2022-10-12 09:30:00,100881.9315061981
2022-10-12 09:45:00,100881.9315061981
2022-10-12 10:00:00,100881.9315061981
2022-10-12 10:15:00,100881.9315061981
2022-10-12 10:30:00,100881.9315061981
2022-10-12 10:45:00,100881.9315061981
2022-10-12 11:00:00,100881.9315061981
2022-10-12 11:15:00,100881.9315061981
2022-10-12 11:30:00,100881.9315061981
2022-10-12 11:45:00,100881.9315061981
2022-10-12 12:00:00,100881.9315061981
2022-10-12 12:15:00,100858.02568633584
2022-10-12 12:30:00,100664.61395628715
2022-10-12 12:45:00,100590.6103827472
2022-10-12 13:00:00,100527.22086756356
2022-10-12 13:15:00,100477.98343018838
2022-10-12 13:30:00,100539.01426573725
2022-10-12 13:45:00,100750.41092800081
2022-10-12 14:00:00,100784.02211279584
2022-10-12 14:15:00,100801.71221005639
2022-10-12 14:30:00,100946.77100759289
2022-10-12 14:45:00,100967.11461944252
2022-10-12 15:00:00,100980.08735743357
2022-10-12 15:15:00,101004.85349359835
2022-10-13 09:15:00,100760.43531644843
2022-10-13 09:30:00,100612.13333441419
2022-10-13 09:45:00,100558.76820767821
2022-10-13 10:00:00,100415.18358491341
2022-10-13 10:15:00,100369.6909937108
2022-10-13 10:30:00,100369.6909937108
2022-10-13 10:45:00,100369.6909937108
2022-10-13 11:00:00,100369.6909937108
2022-10-13 11:15:00,100369.6909937108
2022-10-13 11:30:00,100369.6909937108
2022-10-13 11:45:00,100369.6909937108
2022-10-13 12:00:00,100369.6909937108
2022-10-13 12:15:00,100369.6909937108
2022-10-13 12:30:00,100369.6909937108
2022-10-13 12:45:00,100369.6909937108
2022-10-13 13:00:00,100369.6909937108
2022-10-13 13:15:00,100369.6909937108
2022-10-13 13:30:00,100369.6909937108
2022-10-13 13:45:00,100369.6909937108
2022-10-13 14:00:00,100369.6909937108
2022-10-13 14:15:00,100369.6909937108
2022-10-13 14:30:00,100369.6909937108
2022-10-13 14:45:00,100096.24554951866
2022-10-13 15:00:00,99984.61525017102
2022-10-13 15:15:00,99984.32148622538
2022-10-14 09:15:00,101591.79779683142
2022-10-14 09:30:00,101528.93231246196
2022-10-14 09:45:00,101618.53031588571
2022-10-14 10:00:00,101634.68733289656
2022-10-14 10:15:00,101458.7227294512
2022-10-14 10:30:00,101462.24789679902
2022-10-14 10:45:00,101558.01494308148
2022-10-14 11:00:00,101615.29891248356
2022-10-14 11:15:00,101671.99535399432
2022-10-14 11:30:00,101636.74368051611
2022-10-14 11:45:00,101680.22074447256
2022-10-14 12:00:00,101903.1875792222
2022-10-14 12:15:00,101826.80895335277
2022-10-14 12:30:00,101735.15460230943
2022-10-14 12:45:00,101538.62652266845
2022-10-14 13:00:00,101580.341002951
2022-10-14 13:15:00,101647.61294650524
2022-10-14 13:30:00,101697.84658121166
2022-10-14 13:45:00,101313.8971042449
2022-10-14 14:00:00,101385.57550698392
2022-10-14 14:15:00,101232.81825524505
2022-10-14 14:30:00,101184.84439969054
2022-10-14 14:45:00,101184.84439969054
2022-10-14 15:00:00,101184.84439969054
2022-10-14 15:15:00,101184.84439969054
2022-10-17 09:15:00,101184.84439969054
2022-10-17 09:30:00,101184.84439969054
2022-10-17 09:45:00,101184.84439969054
2022-10-17 10:00:00,101184.84439969054
2022-10-17 10:15:00,101184.84439969054
2022-10-17 10:30:00,101184.84439969054
2022-10-17 10:45:00,101184.84439969054
2022-10-17 11:00:00,101184.84439969054
2022-10-17 11:15:00,101184.84439969054
2022-10-17 11:30:00,101184.84439969054
2022-10-17 11:45:00,101184.84439969054
2022-10-17 12:00:00,101184.84439969054
2022-10-17 12:15:00,101226.18129427978
2022-10-17 12:30:00,101216.22716443638
2022-10-17 12:45:00,101202.7598122953
2022-10-17 13:00:00,101286.7843789146
2022-10-17 13:15:00,101417.06637245325
2022-10-17 13:30:00,101398.62195539048
2022-10-17 13:45:00,101204.22365491933
2022-10-17 14:00:00,101252.23769298752
2022-10-17 14:15:00,101305.5215645022
2022-10-17 14:30:00,101398.9147239153
2022-10-17 14:45:00,101408.5760852339
2022-10-17 15:00:00,101286.49161038981
2022-10-17 15:15:00,101418.23744655249
2022-10-18 09:15:00,102343.09321641448
2022-10-18 09:30:00,102447.6115797702
2022-10-18 09:45:00,102545.39626705537
2022-10-18 10:00:00,102490.06301586704
2022-10-18 10:15:00,102572.91650838713
2022-10-18 10:30:00,102452.00310764227
2022-10-18 10:45:00,102315.8657436075
2022-10-18 11:00:00,102370.02792069661
2022-10-18 11:15:00,102285.41781702772
2022-10-18 11:30:00,102234.27510811921
2022-10-18 11:45:00,102234.27510811921
2022-10-18 12:00:00,102234.27510811921
2022-10-18 12:15:00,102234.27510811921
2022-10-18 12:30:00,102234.27510811921
2022-10-18 12:45:00,102234.27510811921
2022-10-18 13:00:00,102234.27510811921
2022-10-18 13:15:00,102234.27510811921
2022-10-18 13:30:00,102234.27510811921
2022-10-18 13:45:00,102234.27510811921
2022-10-18 14:00:00,102234.27510811921
2022-10-18 14:15:00,102234.27510811921
2022-10-18 14:30:00,102234.27510811921
2022-10-18 14:45:00,102234.27510811921
2022-10-18 15:00:00,102234.27510811921
2022-10-18 15:15:00,102234.27510811921
2022-10-19 09:15:00,102234.27510811921
2022-10-19 09:30:00,102258.8091100535
2022-10-19 09:45:00,102241.64212070807
2022-10-19 10:00:00,102252.69882571023
2022-10-19 10:15:00,102406.03786613463
2022-10-19 10:30:00,102432.51576495556
2022-10-19 10:45:00,102314.38360098531
2022-10-19 11:00:00,102299.83530492986
2022-10-19 11:15:00,102285.86894071664
2022-10-19 11:30:00,102252.6988257102
2022-10-19 11:45:00,102129.32927516001
2022-10-19 12:00:00,102114.19904726236
2022-10-19 12:15:00,102085.68438699367
2022-10-19 12:30:00,102014.39773632199
2022-10-19 12:45:00,101963.68135789198
2022-10-19 13:00:00,101963.68135789198
2022-10-19 13:15:00,101963.68135789198
2022-10-19 13:30:00,101963.68135789198
2022-10-19 13:45:00,101963.68135789198
2022-10-19 14:00:00,101963.68135789198
2022-10-19 14:15:00,101963.68135789198
2022-10-19 14:30:00,101963.68135789198
2022-10-19 14:45:00,101963.68135789198
2022-10-19 15:00:00,101963.68135789198
2022-10-19 15:15:00,101963.68135789198
2022-10-20 09:15:00,101963.68135789198
2022-10-20 09:30:00,101963.68135789198
2022-10-20 09:45:00,101963.68135789198
2022-10-20 10:00:00,101963.68135789198
2022-10-20 10:15:00,101963.68135789198
2022-10-20 10:30:00,101963.68135789198
2022-10-20 10:45:00,101963.68135789198
2022-10-20 11:00:00,101963.68135789198
2022-10-20 11:15:00,101963.68135789198
2022-10-20 11:30:00,101963.68135789198
2022-10-20 11:45:00,101963.68135789198
2022-10-20 12:00:00,101963.68135789198
2022-10-20 12:15:00,101963.68135789198
2022-10-20 12:30:00,101963.68135789198
2022-10-20 12:45:00,101963.68135789198
2022-10-20 13:00:00,101868.47516177158
2022-10-20 13:15:00,101914.44521545415
2022-10-20 13:30:00,101725.61885570736
2022-10-20 13:45:00,101745.40343577327
2022-10-20 14:00:00,101868.18421206473
2022-10-20 14:15:00,101851.89102848101
2022-10-20 14:30:00,102009.58576959468
2022-10-20 14:45:00,102013.36811578373
2022-10-20 15:00:00,102223.43380413072
2022-10-20 15:15:00,102212.0867655635
2022-10-21 09:15:00,102676.73344740577
2022-10-21 09:30:00,102644.43802994523
2022-10-21 09:45:00,102611.56071307098
2022-10-21 10:00:00,102704.08271984983
2022-10-21 10:15:00,102613.30641131208
2022-10-21 10:30:00,102666.84115737281
2022-10-21 10:45:00,102587.41188740227
2022-10-21 11:00:00,102614.76115984634
2022-10-21 11:15:00,102686.91668714557
2022-10-21 11:30:00,102810.86126226444
2022-10-21 11:45:00,102661.89501235633
2022-10-21 12:00:00,102732.59579112132
2022-10-21 12:15:00,102697.68182629911
2022-10-21 12:30:00,102591.19423359136
2022-10-21 12:45:00,102748.59802499818
2022-10-21 13:00:00,102715.42975841707
2022-10-21 13:15:00,102620.87110369024
2022-10-21 13:30:00,102414.29681182548
2022-10-21 13:45:00,102427.68049834066
2022-10-21 14:00:00,102252.23782510906
2022-10-21 14:15:00,102201.6933146605
2022-10-21 14:30:00,102201.6933146605
2022-10-21 14:45:00,102201.6933146605
2022-10-21 15:00:00,102201.6933146605
2022-10-21 15:15:00,102201.6933146605
2022-10-24 18:15:00,102201.6933146605
2022-10-24 18:30:00,102123.8161261582
2022-10-24 18:45:00,102116.61818480202
2022-10-24 19:00:00,102147.13745615221
2022-10-25 09:15:00,102154.91123281687
2022-10-25 09:30:00,102223.14771687346
2022-10-25 09:45:00,102249.63614106418
2022-10-25 10:00:00,102252.2273999524
2022-10-25 10:15:00,102004.9061349541
2022-10-25 10:30:00,101931.77505077531
2022-10-25 10:45:00,101892.90616745195
2022-10-25 11:00:00,101851.7440200125
2022-10-25 11:15:00,101851.7440200125
2022-10-25 11:30:00,101851.7440200125
2022-10-25 11:45:00,101851.7440200125
2022-10-25 12:00:00,101851.7440200125
2022-10-25 12:15:00,101851.7440200125
2022-10-25 12:30:00,101851.7440200125
2022-10-25 12:45:00,101851.7440200125
2022-10-25 13:00:00,101851.7440200125
2022-10-25 13:15:00,101851.7440200125
2022-10-25 13:30:00,101851.7440200125
2022-10-25 13:45:00,101851.7440200125
2022-10-25 14:00:00,101851.7440200125
2022-10-25 14:15:00,101721.77064932055
2022-10-25 14:30:00,101802.83026615076
2022-10-25 14:45:00,101725.79488561708
2022-10-25 15:00:00,101478.01690793042
2022-10-25 15:15:00,101425.98928152522
2022-10-27 09:15:00,102135.11720606468
2022-10-27 09:30:00,102190.59417786692
2022-10-27 09:45:00,102016.9771262164
2022-10-27 10:00:00,101936.20495483595
2022-10-27 10:15:00,101979.03432684907
2022-10-27 10:30:00,101893.37558282283
2022-10-27 10:45:00,101914.35910065475
2022-10-27 11:00:00,101961.2127089644
2022-10-27 11:15:00,101884.75221933024
2022-10-27 11:30:00,101834.38444667464
2022-10-27 11:45:00,101834.38444667464
2022-10-27 12:00:00,101834.38444667464
2022-10-27 12:15:00,101834.38444667464
2022-10-27 12:30:00,101834.38444667464
2022-10-27 12:45:00,101834.38444667464
2022-10-27 13:00:00,101834.38444667464
2022-10-27 13:15:00,101834.38444667464
2022-10-27 13:30:00,101834.38444667464
2022-10-27 13:45:00,101834.38444667464
2022-10-27 14:00:00,101834.38444667464
2022-10-27 14:15:00,101834.38444667464
2022-10-27 14:30:00,101834.38444667464
2022-10-27 14:45:00,101834.38444667464
2022-10-27 15:00:00,101834.38444667464
2022-10-27 15:15:00,101834.38444667464
2022-10-28 09:15:00,101834.38444667464
2022-10-28 09:30:00,101886.13324888913
2022-10-28 09:45:00,101804.9155819801
2022-10-28 10:00:00,101997.95052973926
2022-10-28 10:15:00,101896.42844610296
2022-10-28 10:30:00,101807.77535898394
2022-10-28 10:45:00,101768.02445863056
2022-10-28 11:00:00,101724.84182587259
2022-10-28 11:15:00,101686.52081402113
2022-10-28 11:30:00,101623.89169763704
2022-10-28 11:45:00,101665.35846419272
2022-10-28 12:00:00,101653.91935617736
2022-10-28 12:15:00,101587.57252968829
2022-10-28 12:30:00,101633.6149394501
2022-10-28 12:45:00,101484.04860214928
2022-10-28 13:00:00,101431.87740429056
2022-10-28 13:15:00,101431.87740429056
2022-10-28 13:30:00,101431.87740429056
2022-10-28 13:45:00,101431.87740429056
2022-10-28 14:00:00,101431.87740429056
2022-10-28 14:15:00,101431.87740429056
2022-10-28 14:30:00,101431.87740429056
2022-10-28 14:45:00,101431.87740429056
2022-10-28 15:00:00,101431.87740429056
2022-10-28 15:15:00,101431.87740429056
2022-10-31 09:15:00,101617.20542004537
2022-10-31 09:30:00,101627.67739404405
2022-10-31 09:45:00,101552.1093654589
2022-10-31 10:00:00,101652.86673690577
2022-10-31 10:15:00,101623.715025504
2022-10-31 10:30:00,101590.03489291362
2022-10-31 10:45:00,101603.33713015523
2022-10-31 11:00:00,101699.00002776487
2022-10-31 11:15:00,101777.96437224149
2022-10-31 11:30:00,101730.13292343666
2022-10-31 11:45:00,101792.11568845593
2022-10-31 12:00:00,101787.02121461874
2022-10-31 12:15:00,101819.00318926339
2022-10-31 12:30:00,101755.32226629838
2022-10-31 12:45:00,101757.30345056842
2022-10-31 13:00:00,101725.32147592376
2022-10-31 13:15:00,101760.4167401356
2022-10-31 13:30:00,101702.96239630494
2022-10-31 13:45:00,101643.52686820427
2022-10-31 14:00:00,101644.9419998257
2022-10-31 14:15:00,101726.45358122092
2022-10-31 14:30:00,101747.96358186688
2022-10-31 14:45:00,101772.02081943143
2022-10-31 15:00:00,101991.08319443106
2022-10-31 15:15:00,101978.34700983806
2022-11-01 09:15:00,102568.45689598046
2022-11-01 09:30:00,102586.28755441065
2022-11-01 09:45:00,102687.61097850608
2022-11-01 10:00:00,102800.53848189737
2022-11-01 10:15:00,102775.91519168422
2022-11-01 10:30:00,102840.1621672978
2022-11-01 10:45:00,102833.36953551487
2022-11-01 11:00:00,102767.70742827984
2022-11-01 11:15:00,102672.61058331875
2022-11-01 11:30:00,102676.00689921022
2022-11-01 11:45:00,102741.38598012095
2022-11-01 12:00:00,102594.21229149071
2022-11-01 12:15:00,102630.72268732397
2022-11-01 12:30:00,102587.13663338347
2022-11-01 12:45:00,102548.3620269559
2022-11-01 13:00:00,102277.22280828712
2022-11-01 13:15:00,102221.27515509383
2022-11-01 13:30:00,102221.27515509383
2022-11-01 13:45:00,102221.27515509383
2022-11-01 14:00:00,102221.27515509383
2022-11-01 14:15:00,102221.27515509383
2022-11-01 14:30:00,102221.27515509383
2022-11-01 14:45:00,102221.27515509383
2022-11-01 15:00:00,102221.27515509383
2022-11-01 15:15:00,102221.27515509383
2022-11-02 09:15:00,102221.27515509383
2022-11-02 09:30:00,102221.27515509383
2022-11-02 09:45:00,102221.27515509383
2022-11-02 10:00:00,102221.27515509383
2022-11-02 10:15:00,102221.27515509383
2022-11-02 10:30:00,102221.27515509383
2022-11-02 10:45:00,102221.27515509383
2022-11-02 11:00:00,102221.27515509383
2022-11-02 11:15:00,102221.27515509383
2022-11-02 11:30:00,102221.27515509383
2022-11-02 11:45:00,102221.27515509383
2022-11-02 12:00:00,102221.27515509383
2022-11-02 12:15:00,102221.27515509383
2022-11-02 12:30:00,102221.27515509383
2022-11-02 12:45:00,102221.27515509383
2022-11-02 13:00:00,102221.27515509383
2022-11-02 13:15:00,102221.27515509383
2022-11-02 13:30:00,102221.27515509383
2022-11-02 13:45:00,102221.27515509383
2022-11-02 14:00:00,102221.27515509383
2022-11-02 14:15:00,102221.27515509383
2022-11-02 14:30:00,102221.27515509383
2022-11-02 14:45:00,102221.27515509383
2022-11-02 15:00:00,102221.27515509383
2022-11-02 15:15:00,102221.27515509383
2022-11-03 09:15:00,102221.27515509383
2022-11-03 09:30:00,102221.27515509383
2022-11-03 09:45:00,102221.27515509383
2022-11-03 10:00:00,102221.27515509383
2022-11-03 10:15:00,102221.27515509383
2022-11-03 10:30:00,102221.27515509383
2022-11-03 10:45:00,102221.27515509383
2022-11-03 11:00:00,102221.27515509383
2022-11-03 11:15:00,102221.27515509383
2022-11-03 11:30:00,102221.27515509383
2022-11-03 11:45:00,102221.27515509383
2022-11-03 12:00:00,102221.27515509383
2022-11-03 12:15:00,102221.27515509383
2022-11-03 12:30:00,102221.27515509383
2022-11-03 12:45:00,102221.27515509383
2022-11-03 13:00:00,102221.27515509383
2022-11-03 13:15:00,102221.27515509383
2022-11-03 13:30:00,102221.27515509383
2022-11-03 13:45:00,102221.27515509383
2022-11-03 14:00:00,102221.27515509383
2022-11-03 14:15:00,102221.27515509383
2022-11-03 14:30:00,102221.27515509383
2022-11-03 14:45:00,102221.27515509383
2022-11-03 15:00:00,102221.27515509383
2022-11-03 15:15:00,102221.27515509383
2022-11-04 09:15:00,102221.27515509383
2022-11-04 09:30:00,102040.22231439519
2022-11-04 09:45:00,101891.0712638562
2022-11-04 10:00:00,101885.98656895144
2022-11-04 10:15:00,101852.37108597011
2022-11-04 10:30:00,101824.97023009458
2022-11-04 10:45:00,101770.38730146593
2022-11-04 11:00:00,101770.38730146593
2022-11-04 11:15:00,101770.38730146593
2022-11-04 11:30:00,101770.38730146593
2022-11-04 11:45:00,101770.38730146593
2022-11-04 12:00:00,101770.38730146593
2022-11-04 12:15:00,101770.38730146593
2022-11-04 12:30:00,101770.38730146593
2022-11-04 12:45:00,101770.38730146593
2022-11-04 13:00:00,101770.38730146593
2022-11-04 13:15:00,101770.38730146593
2022-11-04 13:30:00,101718.65713512737
2022-11-04 13:45:00,101691.3363515538
2022-11-04 14:00:00,101715.5589019386
2022-11-04 14:15:00,101764.84897539605
2022-11-04 14:30:00,101796.95793753405
2022-11-04 14:45:00,101836.95331142527
2022-11-04 15:00:00,102095.79661146757
2022-11-04 15:15:00,102117.20258622627
2022-11-07 09:15:00,102521.66284614004
2022-11-07 09:30:00,102363.93461107617
2022-11-07 09:45:00,102248.1733528418
2022-11-07 10:00:00,102200.57322476001
2022-11-07 10:15:00,102196.63001888341
2022-11-07 10:30:00,102174.94238656214
2022-11-07 10:45:00,102060.87107370344
2022-11-07 11:00:00,102011.81125530342
2022-11-07 11:15:00,102011.81125530342
2022-11-07 11:30:00,102011.81125530342
2022-11-07 11:45:00,102011.81125530342
2022-11-07 12:00:00,102011.81125530342
2022-11-07 12:15:00,102011.81125530342
2022-11-07 12:30:00,102011.81125530342
2022-11-07 12:45:00,102011.81125530342
2022-11-07 13:00:00,102011.81125530342
2022-11-07 13:15:00,102011.81125530342
2022-11-07 13:30:00,102011.81125530342
2022-11-07 13:45:00,102011.81125530342
2022-11-07 14:00:00,102011.81125530342
2022-11-07 14:15:00,102011.81125530342
2022-11-07 14:30:00,102011.81125530342
2022-11-07 14:45:00,101950.14266442218
2022-11-07 15:00:00,102149.92771443709
2022-11-07 15:15:00,102156.10084800496
2022-11-09 09:15:00,102320.53067849479
2022-11-09 09:30:00,102324.45903621978
2022-11-09 09:45:00,102243.36650889632
2022-11-09 10:00:00,102266.09486430533
2022-11-09 10:15:00,102224.00531725162
2022-11-09 10:30:00,102190.61427658901
2022-11-09 10:45:00,102087.63518479762
2022-11-09 11:00:00,102077.81429048508
2022-11-09 11:15:00,102085.95160291545
2022-11-09 11:30:00,102032.35757966708
2022-11-09 11:45:00,101984.70688105968
2022-11-09 12:00:00,101984.70688105968
2022-11-09 12:15:00,101984.70688105968
2022-11-09 12:30:00,101984.70688105968
2022-11-09 12:45:00,101984.70688105968
2022-11-09 13:00:00,101984.70688105968
2022-11-09 13:15:00,101984.70688105968
2022-11-09 13:30:00,101984.70688105968
2022-11-09 13:45:00,101984.70688105968
2022-11-09 14:00:00,101984.70688105968
2022-11-09 14:15:00,101984.70688105968
2022-11-09 14:30:00,101984.70688105968
2022-11-09 14:45:00,101984.70688105968
2022-11-09 15:00:00,101984.70688105968
2022-11-09 15:15:00,101984.70688105968
2022-11-10 09:15:00,101984.70688105968
2022-11-10 09:30:00,101984.70688105968
2022-11-10 09:45:00,101984.70688105968
2022-11-10 10:00:00,101984.70688105968
2022-11-10 10:15:00,101984.70688105968
2022-11-10 10:30:00,101984.70688105968
2022-11-10 10:45:00,101984.70688105968
2022-11-10 11:00:00,101984.70688105968
2022-11-10 11:15:00,101984.70688105968
2022-11-10 11:30:00,101984.70688105968
2022-11-10 11:45:00,101984.70688105968
2022-11-10 12:00:00,101984.70688105968
2022-11-10 12:15:00,101984.70688105968
2022-11-10 12:30:00,101984.70688105968
2022-11-10 12:45:00,101984.70688105968
2022-11-10 13:00:00,101984.70688105968
2022-11-10 13:15:00,101984.70688105968
2022-11-10 13:30:00,101984.70688105968
2022-11-10 13:45:00,101984.70688105968
2022-11-10 14:00:00,101984.70688105968
2022-11-10 14:15:00,101984.70688105968
2022-11-10 14:30:00,101984.70688105968
2022-11-10 14:45:00,101984.70688105968
2022-11-10 15:00:00,101984.70688105968
2022-11-10 15:15:00,101984.70688105968
2022-11-11 09:15:00,101984.70688105968
2022-11-11 09:30:00,101905.58381819083
2022-11-11 09:45:00,101904.1912088132
2022-11-11 10:00:00,101997.7745589906
2022-11-11 10:15:00,101930.0937432373
2022-11-11 10:30:00,101890.54363691232
2022-11-11 10:45:00,102000.00273399483
2022-11-11 11:00:00,101994.7108183598
2022-11-11 11:15:00,102011.42213089149
2022-11-11 11:30:00,102057.65676222915
2022-11-11 11:45:00,102084.1163404043
2022-11-11 12:00:00,102052.92189034517
2022-11-11 12:15:00,102151.79715615761
2022-11-11 12:30:00,102166.83733743614
2022-11-11 12:45:00,102061.27754661102
2022-11-11 13:00:00,102077.71033726718
2022-11-11 13:15:00,102066.84798412159
2022-11-11 13:30:00,102047.62997471016
2022-11-11 13:45:00,102165.16620618297
2022-11-11 14:00:00,102204.71631250795
2022-11-11 14:15:00,102160.15281242346
2022-11-11 14:30:00,102166.83733743614
2022-11-11 14:45:00,102165.72324993403
2022-11-11 15:00:00,102214.18605627591
2022-11-11 15:15:00,102247.0516375882
2022-11-14 09:15:00,102416.11441603371
2022-11-14 09:30:00,102411.65806602525
2022-11-14 09:45:00,102313.33984396387
2022-11-14 10:00:00,102224.2128437949
2022-11-14 10:15:00,102108.62626545077
2022-11-14 10:30:00,102201.09552812607
2022-11-14 10:45:00,102248.72276884135
2022-11-14 11:00:00,102194.4110031134
2022-11-14 11:15:00,102170.73664369353
2022-11-14 11:30:00,102177.4211687062
2022-11-14 11:45:00,102150.96159053105
2022-11-14 12:00:00,102143.16297801628
2022-11-14 12:15:00,102159.03872492137
2022-11-14 12:30:00,102094.42164979887
2022-11-14 12:45:00,102044.20958681773
2022-11-14 13:00:00,102044.20958681773
2022-11-14 13:15:00,102044.20958681773
2022-11-14 13:30:00,102044.20958681773
2022-11-14 13:45:00,102044.20958681773
2022-11-14 14:00:00,102044.20958681773
2022-11-14 14:15:00,101933.23328751909
2022-11-14 14:30:00,101840.52633860821
2022-11-14 14:45:00,101808.88384706377
2022-11-14 15:00:00,101758.08932116351
2022-11-14 15:15:00,101701.46591524189
2022-11-15 09:15:00,101759.47714974002
2022-11-15 09:30:00,101770.8573440674
2022-11-15 09:45:00,101611.53462348401
2022-11-15 10:00:00,101630.68665783986
2022-11-15 10:15:00,101587.66397196805
2022-11-15 10:30:00,101543.25345751974
2022-11-15 10:45:00,101494.70124625055
2022-11-15 11:00:00,101494.70124625055
2022-11-15 11:15:00,101494.70124625055
2022-11-15 11:30:00,101494.70124625055
2022-11-15 11:45:00,101494.70124625055
2022-11-15 12:00:00,101494.70124625055
2022-11-15 12:15:00,101494.70124625055
2022-11-15 12:30:00,101494.70124625055
2022-11-15 12:45:00,101494.70124625055
2022-11-15 13:00:00,101494.70124625055
2022-11-15 13:15:00,101494.70124625055
2022-11-15 13:30:00,101462.48368401681
2022-11-15 13:45:00,101333.32829330287
2022-11-15 14:00:00,101335.26424134357
2022-11-15 14:15:00,101438.1460515054
2022-11-15 14:30:00,101448.65548372625
2022-11-15 14:45:00,101543.24037371374
2022-11-15 15:00:00,101812.06058736242
2022-11-15 15:15:00,101894.75322510002
2022-11-16 09:15:00,101601.04225092832
2022-11-16 09:30:00,101585.00153859126
2022-11-16 09:45:00,101643.35654381747
2022-11-16 10:00:00,101764.21501435706
2022-11-16 10:15:00,101784.6807507871
2022-11-16 10:30:00,101861.84210840847
2022-11-16 10:45:00,101974.12709476791
2022-11-16 11:00:00,101892.81727705935
2022-11-16 11:15:00,101943.42849012282
2022-11-16 11:30:00,101862.6718004259
2022-11-16 11:45:00,101810.40120332755
2022-11-16 12:00:00,101795.46674701374
2022-11-16 12:15:00,101860.73585238525
2022-11-16 12:30:00,101834.46227183317
2022-11-16 12:45:00,101866.26713250148
2022-11-16 13:00:00,101830.59037575181
2022-11-16 13:15:00,101870.13902858284
2022-11-16 13:30:00,101954.76761436115
2022-11-16 13:45:00,101914.66583351849
2022-11-16 14:00:00,101697.28652495072
2022-11-16 14:15:00,101671.01294439862
2022-11-16 14:30:00,101566.19518619611
2022-11-16 14:45:00,101774.17131856627
2022-11-16 15:00:00,101842.20606399587
2022-11-16 15:15:00,101783.02136675222
2022-11-17 09:15:00,101698.11621696812
2022-11-17 09:30:00,101652.519247612
2022-11-17 09:45:00,101652.519247612
2022-11-17 10:00:00,101652.519247612
2022-11-17 10:15:00,101652.519247612
2022-11-17 10:30:00,101652.519247612
2022-11-17 10:45:00,101652.519247612
2022-11-17 11:00:00,101652.519247612
2022-11-17 11:15:00,101652.519247612
2022-11-17 11:30:00,101652.519247612
2022-11-17 11:45:00,101652.519247612
2022-11-17 12:00:00,101652.519247612
2022-11-17 12:15:00,101652.519247612
2022-11-17 12:30:00,101652.519247612
2022-11-17 12:45:00,101652.519247612
2022-11-17 13:00:00,101652.519247612
2022-11-17 13:15:00,101652.519247612
2022-11-17 13:30:00,101578.22233558782
2022-11-17 13:45:00,101619.36500861906
2022-11-17 14:00:00,101640.90278376293
2022-11-17 14:15:00,101524.93014837285
2022-11-17 14:30:00,101592.30472702804
2022-11-17 14:45:00,101470.80958519081
2022-11-17 15:00:00,101189.71400703107
2022-11-17 15:15:00,101249.35707666024
2022-11-18 09:15:00,101206.55765169485
2022-11-18 09:30:00,101154.09384044696
2022-11-18 09:45:00,101110.41647501916
2022-11-18 10:00:00,101110.41647501916
2022-11-18 10:15:00,101110.41647501916
2022-11-18 10:30:00,101110.41647501916
2022-11-18 10:45:00,101110.41647501916
2022-11-18 11:00:00,101110.41647501916
2022-11-18 11:15:00,101110.41647501916
2022-11-18 11:30:00,101110.41647501916
2022-11-18 11:45:00,101110.41647501916
2022-11-18 12:00:00,101110.41647501916
2022-11-18 12:15:00,101110.41647501916
2022-11-18 12:30:00,101110.41647501916
2022-11-18 12:45:00,101110.41647501916
2022-11-18 13:00:00,101110.41647501916
2022-11-18 13:15:00,101110.41647501916
2022-11-18 13:30:00,101110.41647501916
2022-11-18 13:45:00,101110.41647501916
2022-11-18 14:00:00,101110.41647501916
2022-11-18 14:15:00,101110.41647501916
2022-11-18 14:30:00,101110.41647501916
2022-11-18 14:45:00,101110.41647501916
2022-11-18 15:00:00,101110.41647501916
2022-11-18 15:15:00,101110.41647501916
2022-11-21 09:15:00,101110.41647501916
2022-11-21 09:30:00,101110.41647501916
2022-11-21 09:45:00,101110.41647501916
2022-11-21 10:00:00,101110.41647501916
2022-11-21 10:15:00,101110.41647501916
2022-11-21 10:30:00,101110.41647501916
2022-11-21 10:45:00,101110.41647501916
2022-11-21 11:00:00,101110.41647501916
2022-11-21 11:15:00,101110.41647501916
2022-11-21 11:30:00,101110.41647501916
2022-11-21 11:45:00,101110.41647501916
2022-11-21 12:00:00,101110.41647501916
2022-11-21 12:15:00,101110.41647501916
2022-11-21 12:30:00,101110.41647501916
2022-11-21 12:45:00,101110.41647501916
2022-11-21 13:00:00,101110.41647501916
2022-11-21 13:15:00,101110.41647501916
2022-11-21 13:30:00,101110.41647501916
2022-11-21 13:45:00,101110.41647501916
2022-11-21 14:00:00,101110.41647501916
2022-11-21 14:15:00,101110.41647501916
2022-11-21 14:30:00,101110.41647501916
2022-11-21 14:45:00,101110.41647501916
2022-11-21 15:00:00,101110.41647501916
2022-11-21 15:15:00,101110.41647501916
2022-11-22 09:15:00,101110.41647501916
2022-11-22 09:30:00,101110.41647501916
2022-11-22 09:45:00,101110.41647501916
2022-11-22 10:00:00,101110.41647501916
2022-11-22 10:15:00,101095.10857510801
2022-11-22 10:30:00,101080.39906848363
2022-11-22 10:45:00,101037.93577577548
2022-11-22 11:00:00,101060.971418225
2022-11-22 11:15:00,101032.94009428042
2022-11-22 11:30:00,101111.76084675826
2022-11-22 11:45:00,101127.58050482601
2022-11-22 12:00:00,101118.97683114004
2022-11-22 12:15:00,101135.90664065113
2022-11-22 12:30:00,101101.49194590727
2022-11-22 12:45:00,101071.79539479766
2022-11-22 13:00:00,101056.5308124516
2022-11-22 13:15:00,101098.16149157724
2022-11-22 13:30:00,101093.72088580382
2022-11-22 13:45:00,101138.6820192595
2022-11-22 14:00:00,101073.18308410184
2022-11-22 14:15:00,101114.81376322746
2022-11-22 14:30:00,101032.66255641953
2022-11-22 14:45:00,101139.79217070286
2022-11-22 15:00:00,101298.2662892411
2022-11-22 15:15:00,101309.64534153545
2022-11-23 09:15:00,101569.69831714022
2022-11-23 09:30:00,101453.4099534493
2022-11-23 09:45:00,101409.28143357612
2022-11-23 10:00:00,101412.88942576699
2022-11-23 10:15:00,101356.27170215614
2022-11-23 10:30:00,101358.76954290367
2022-11-23 10:45:00,101429.26415955642
2022-11-23 11:00:00,101409.55897143696
2022-11-23 11:15:00,101430.6518488606
2022-11-23 11:30:00,101428.70908383474
2022-11-23 11:45:00,101458.96071066603
2022-11-23 12:00:00,101468.95207365618
2022-11-23 12:15:00,101403.73067635935
2022-11-23 12:30:00,101410.66912288028
2022-11-23 12:45:00,101467.28684649114
2022-11-23 13:00:00,101433.70476532979
2022-11-23 13:15:00,101421.77063731379
2022-11-23 13:30:00,101445.63889334581
2022-11-23 13:45:00,101493.09786754902
2022-11-23 14:00:00,101520.85165363278
2022-11-23 14:15:00,101541.6669931956
2022-11-23 14:30:00,101588.57089167715
2022-11-23 14:45:00,101634.08710085452
2022-11-23 15:00:00,101420.66048587042
2022-11-23 15:15:00,101324.07731029893
2022-11-24 09:15:00,101601.33763327566
2022-11-24 09:30:00,101816.7070132856
2022-11-24 09:45:00,101823.64545980653
2022-11-24 10:00:00,101866.66382823634
2022-11-24 10:15:00,101925.50185473391
2022-11-24 10:30:00,101961.85931450363
2022-11-24 10:45:00,101959.08393589525
2022-11-24 11:00:00,101939.65628563662
2022-11-24 11:15:00,101931.05261195067
2022-11-24 11:30:00,101988.50294914404
2022-11-24 11:45:00,101972.12821535462
2022-11-24 12:00:00,102047.06343778076
2022-11-24 12:15:00,102013.20381875859
2022-11-24 12:30:00,102030.68870399137
2022-11-24 12:45:00,102098.40794203573
2022-11-24 13:00:00,102027.08071180049
2022-11-24 13:15:00,101994.0537063608
2022-11-24 13:30:00,102012.64874303693
2022-11-24 13:45:00,102033.74162046057
2022-11-24 14:00:00,102142.53646190888
2022-11-24 14:15:00,102108.12176716502
2022-11-24 14:30:00,102092.02457123646
2022-11-24 14:45:00,102140.87123474386
2022-11-24 15:00:00,102593.25794790908
2022-11-24 15:15:00,102749.23422569978
2022-11-25 09:15:00,102570.77738118124
2022-11-25 09:30:00,102438.9468972834
2022-11-25 09:45:00,102486.40587148663
2022-11-25 10:00:00,102561.61863177361
2022-11-25 10:15:00,102608.800068116
2022-11-25 10:30:00,102662.08733739682
2022-11-25 10:45:00,102566.61431326868
2022-11-25 11:00:00,102475.30435705312
2022-11-25 11:15:00,102523.31840697803
2022-11-25 11:30:00,102483.63049287825
2022-11-25 11:45:00,102426.45769354572
2022-11-25 12:00:00,102483.90803073908
2022-11-25 12:15:00,102539.97067862828
2022-11-25 12:30:00,102560.78601819108
2022-11-25 12:45:00,102628.50525623544
2022-11-25 13:00:00,102604.35946234259
2022-11-25 13:15:00,102603.52684876007
2022-11-25 13:30:00,102608.52253025516
2022-11-25 13:45:00,102694.5592671148
2022-11-25 14:00:00,102616.57112821945
2022-11-25 14:15:00,102667.63809461358
2022-11-25 14:30:00,102702.88540293994
2022-11-25 14:45:00,102765.60895948923
2022-11-25 15:00:00,102825.83467529099
2022-11-25 15:15:00,102680.12729835126
2022-11-28 09:15:00,102801.96641925894
2022-11-28 09:30:00,102901.60251129964
2022-11-28 09:45:00,102862.46967292155
2022-11-28 10:00:00,102909.65110926394
2022-11-28 10:15:00,102977.37034730832
2022-11-28 10:30:00,102906.87573065556
2022-11-28 10:45:00,102986.52909671594
2022-11-28 11:00:00,103050.91788043025
2022-11-28 11:15:00,103030.10254086743
2022-11-28 11:30:00,103132.5140115165
2022-11-28 11:45:00,103169.14900914703
2022-11-28 12:00:00,103208.00430966429
2022-11-28 12:15:00,103229.92980067046
2022-11-28 12:30:00,103129.18355718642
2022-11-28 12:45:00,103252.41036739832
2022-11-28 13:00:00,103282.10691850793
2022-11-28 13:15:00,103224.10150559289
2022-11-28 13:30:00,103307.91793956583
2022-11-28 13:45:00,103279.33153989955
2022-11-28 14:00:00,103145.00321525418
2022-11-28 14:15:00,103193.01726517906
2022-11-28 14:30:00,103237.7008607739
2022-11-28 14:45:00,103221.04858912365
2022-11-28 15:00:00,103048.14250182186
2022-11-28 15:15:00,102985.41894527257
2022-11-29 09:15:00,102928.65565305369
2022-11-29 09:30:00,102928.65565305369
2022-11-29 09:45:00,102928.65565305369
2022-11-29 10:00:00,102928.65565305369
2022-11-29 10:15:00,102920.54105465722
2022-11-29 10:30:00,102918.33215124677
2022-11-29 10:45:00,102978.80088210775
2022-11-29 11:00:00,103032.09067688478
2022-11-29 11:15:00,102969.68915553966
2022-11-29 11:30:00,103010.55386863292
2022-11-29 11:45:00,102952.5701541087
2022-11-29 12:00:00,103083.723794104
2022-11-29 12:15:00,103069.36592193607
2022-11-29 12:30:00,103089.7982784827
2022-11-29 12:45:00,103031.53845103217
2022-11-29 13:00:00,103050.59024294729
2022-11-29 13:15:00,103045.06798442117
2022-11-29 13:30:00,103106.08894113477
2022-11-29 13:45:00,103063.29143755737
2022-11-29 14:00:00,103028.77732176914
2022-11-29 14:15:00,102939.86895949866
2022-11-29 14:30:00,102880.5046803429
2022-11-29 14:45:00,102902.04148859474
2022-11-29 15:00:00,102794.08133440914
2022-11-29 15:15:00,102747.09989165943
2022-11-30 09:15:00,102747.09989165943
2022-11-30 09:30:00,102747.09989165943
2022-11-30 09:45:00,102747.09989165943
2022-11-30 10:00:00,102747.09989165943
2022-11-30 10:15:00,102747.09989165943
2022-11-30 10:30:00,102747.09989165943
2022-11-30 10:45:00,102747.09989165943
2022-11-30 11:00:00,102747.09989165943
2022-11-30 11:15:00,102747.09989165943
2022-11-30 11:30:00,102747.09989165943
2022-11-30 11:45:00,102747.09989165943
2022-11-30 12:00:00,102747.09989165943
2022-11-30 12:15:00,102747.09989165943
2022-11-30 12:30:00,102747.09989165943
2022-11-30 12:45:00,102714.99687992233
2022-11-30 13:00:00,102792.90491296617
2022-11-30 13:15:00,102762.62263863819
2022-11-30 13:30:00,102740.32387299667
2022-11-30 13:45:00,102760.97087822031
2022-11-30 14:00:00,102773.08378795149
2022-11-30 14:15:00,102889.80819081575
2022-11-30 14:30:00,102897.79169950222
2022-11-30 14:45:00,102827.3165883389
2022-11-30 15:00:00,103318.71531266131
2022-11-30 15:15:00,103383.40926236202
2022-12-01 09:15:00,103813.14226441651
2022-12-01 09:30:00,103885.26913599772
2022-12-01 09:45:00,103746.24596749194
2022-12-01 10:00:00,103747.07184770089
2022-12-01 10:15:00,103697.51903516418
2022-12-01 10:30:00,103664.48382680638
2022-12-01 10:45:00,103751.20124874564
2022-12-01 11:00:00,103732.2060039399
2022-12-01 11:15:00,103702.19902301488
2022-12-01 11:30:00,103660.07913235869
2022-12-01 11:45:00,103627.86980420981
2022-12-01 12:00:00,103700.547262597
2022-12-01 12:15:00,103764.41533208877
2022-12-01 12:30:00,103742.94244665619
2022-12-01 12:45:00,103748.72360811882
2022-12-01 13:00:00,103751.20124874565
2022-12-01 13:15:00,103598.68870349375
2022-12-01 13:30:00,103556.29351943456
2022-12-01 13:45:00,103470.40197770427
2022-12-01 14:00:00,103644.93799519469
2022-12-01 14:15:00,103702.19902301488
2022-12-01 14:30:00,103625.11687017999
2022-12-01 14:45:00,103685.68141883599
2022-12-01 15:00:00,103555.19234582265
2022-12-01 15:15:00,103515.55009579327
2022-12-02 09:15:00,103114.72290105185
2022-12-02 09:30:00,103063.99100687017
2022-12-02 09:45:00,103063.99100687017
2022-12-02 10:00:00,103063.99100687017
2022-12-02 10:15:00,103063.99100687017
2022-12-02 10:30:00,103063.99100687017
2022-12-02 10:45:00,103063.99100687017
2022-12-02 11:00:00,103063.99100687017
2022-12-02 11:15:00,103063.99100687017
2022-12-02 11:30:00,103063.99100687017
2022-12-02 11:45:00,103063.99100687017
2022-12-02 12:00:00,103063.99100687017
2022-12-02 12:15:00,103063.99100687017
2022-12-02 12:30:00,103063.99100687017
2022-12-02 12:45:00,103063.99100687017
2022-12-02 13:00:00,103063.99100687017
2022-12-02 13:15:00,103063.99100687017
2022-12-02 13:30:00,103063.99100687017
2022-12-02 13:45:00,103063.99100687017
2022-12-02 14:00:00,103003.08898111877
2022-12-02 14:15:00,103095.13574884877
2022-12-02 14:30:00,102986.55363362236
2022-12-02 14:45:00,103034.78173048688
2022-12-02 15:00:00,103039.46674561086
2022-12-02 15:15:00,103098.99399659793
2022-12-05 09:15:00,102815.68837615948
2022-12-05 09:30:00,102818.16867828394
2022-12-05 09:45:00,102532.38275572105
2022-12-05 10:00:00,102501.51677372774
2022-12-05 10:15:00,102451.91872332315
2022-12-05 10:30:00,102451.91872332315
2022-12-05 10:45:00,102451.91872332315
2022-12-05 11:00:00,102451.91872332315
2022-12-05 11:15:00,102451.91872332315
2022-12-05 11:30:00,102451.91872332315
2022-12-05 11:45:00,102451.91872332315
2022-12-05 12:00:00,102451.91872332315
2022-12-05 12:15:00,102645.61997357984
2022-12-05 12:30:00,102561.96622337424
2022-12-05 12:45:00,102485.71788712127
2022-12-05 13:00:00,102457.1933296741
2022-12-05 13:15:00,102369.15118601511
2022-12-05 13:30:00,102259.16707508906
2022-12-05 13:45:00,102271.50943167678
2022-12-05 14:00:00,102301.1310874873
2022-12-05 14:15:00,102472.82698135189
2022-12-05 14:30:00,102381.21926801199
2022-12-05 14:45:00,102433.33144027121
2022-12-05 15:00:00,102667.01339166518
2022-12-05 15:15:00,102546.05829710563
2022-12-06 09:15:00,102077.87157054516
2022-12-06 09:30:00,101994.21782033957
2022-12-06 09:45:00,102194.71254624215
2022-12-06 10:00:00,102226.25412418853
2022-12-06 10:15:00,102198.0038413322
2022-12-06 10:30:00,102219.39725941757
2022-12-06 10:45:00,102215.00886596416
2022-12-06 11:00:00,102069.09478363834
2022-12-06 11:15:00,102018.60851115364
2022-12-06 11:30:00,102018.60851115364
2022-12-06 11:45:00,102018.60851115364
2022-12-06 12:00:00,102018.60851115364
2022-12-06 12:15:00,102018.60851115364
2022-12-06 12:30:00,102018.60851115364
2022-12-06 12:45:00,102018.60851115364
2022-12-06 13:00:00,102018.60851115364
2022-12-06 13:15:00,102018.60851115364
2022-12-06 13:30:00,102018.60851115364
2022-12-06 13:45:00,102018.60851115364
2022-12-06 14:00:00,102018.60851115364
2022-12-06 14:15:00,102018.60851115364
2022-12-06 14:30:00,102018.60851115364
2022-12-06 14:45:00,102018.60851115364
2022-12-06 15:00:00,102018.60851115364
2022-12-06 15:15:00,102018.60851115364
2022-12-07 09:15:00,102018.60851115364
2022-12-07 09:30:00,102018.60851115364
2022-12-07 09:45:00,102018.60851115364
2022-12-07 10:00:00,102039.22793772025
2022-12-07 10:15:00,101998.76590656878
2022-12-07 10:30:00,101850.31399497933
2022-12-07 10:45:00,101596.05933977086
2022-12-07 11:00:00,101620.66462898457
2022-12-07 11:15:00,101609.18216068482
2022-12-07 11:30:00,101587.58418459722
2022-12-07 11:45:00,101607.26841596821
2022-12-07 12:00:00,101671.24216792389
2022-12-07 12:15:00,101623.12515790592
2022-12-07 12:30:00,101550.94964287902
2022-12-07 12:45:00,101495.25557074374
2022-12-07 13:00:00,101495.25557074374
2022-12-07 13:15:00,101495.25557074374
2022-12-07 13:30:00,101495.25557074374
2022-12-07 13:45:00,101495.25557074374
2022-12-07 14:00:00,101495.25557074374
2022-12-07 14:15:00,101495.25557074374
2022-12-07 14:30:00,101495.25557074374
2022-12-07 14:45:00,101495.25557074374
2022-12-07 15:00:00,101495.25557074374
2022-12-07 15:15:00,101495.25557074374
2022-12-08 09:15:00,101495.25557074374
2022-12-08 09:30:00,101495.25557074374
2022-12-08 09:45:00,101495.25557074374
2022-12-08 10:00:00,101495.25557074374
2022-12-08 10:15:00,101495.25557074374
2022-12-08 10:30:00,101495.25557074374
2022-12-08 10:45:00,101495.25557074374
2022-12-08 11:00:00,101495.25557074374
2022-12-08 11:15:00,101495.25557074374
2022-12-08 11:30:00,101495.25557074374
2022-12-08 11:45:00,101495.25557074374
2022-12-08 12:00:00,101495.25557074374
2022-12-08 12:15:00,101495.25557074374
2022-12-08 12:30:00,101495.25557074374
2022-12-08 12:45:00,101495.25557074374
2022-12-08 13:00:00,101495.25557074374
2022-12-08 13:15:00,101495.25557074374
2022-12-08 13:30:00,101495.25557074374
2022-12-08 13:45:00,101495.25557074374
2022-12-08 14:00:00,101495.25557074374
2022-12-08 14:15:00,101495.25557074374
2022-12-08 14:30:00,101495.25557074374
2022-12-08 14:45:00,101495.25557074374
2022-12-08 15:00:00,101495.25557074374
2022-12-08 15:15:00,101451.59316037655
2022-12-09 09:15:00,101513.18005024204
2022-12-09 09:30:00,101513.99757532873
2022-12-09 09:45:00,101516.45015058885
2022-12-09 10:00:00,101433.33510010665
2022-12-09 10:15:00,101269.28506604016
2022-12-09 10:30:00,101202.52051729217
2022-12-09 10:45:00,101135.75596854418
2022-12-09 11:00:00,101084.64334634379
2022-12-09 11:15:00,101084.64334634379
2022-12-09 11:30:00,101084.64334634379
2022-12-09 11:45:00,101084.64334634379
2022-12-09 12:00:00,101084.64334634379
2022-12-09 12:15:00,101084.64334634379
2022-12-09 12:30:00,101084.64334634379
2022-12-09 12:45:00,101084.64334634379
2022-12-09 13:00:00,101084.64334634379
2022-12-09 13:15:00,101084.64334634379
2022-12-09 13:30:00,101084.64334634379
2022-12-09 13:45:00,101084.64334634379
2022-12-09 14:00:00,101084.64334634379
2022-12-09 14:15:00,101084.64334634379
2022-12-09 14:30:00,101084.64334634379
2022-12-09 14:45:00,101084.64334634379
2022-12-09 15:00:00,101084.64334634379
2022-12-09 15:15:00,101084.64334634379
2022-12-12 09:15:00,101084.64334634379
2022-12-12 09:30:00,101084.64334634379
2022-12-12 09:45:00,101084.64334634379
2022-12-12 10:00:00,101084.64334634379
2022-12-12 10:15:00,101084.64334634379
2022-12-12 10:30:00,101084.64334634379
2022-12-12 10:45:00,101029.46042238644
2022-12-12 11:00:00,101069.86095991926
2022-12-12 11:15:00,101011.17098985467
2022-12-12 11:30:00,100932.28075102366
2022-12-12 11:45:00,100941.56195559201
2022-12-12 12:00:00,100933.09968083852
2022-12-12 12:15:00,101019.90624121312
2022-12-12 12:30:00,100973.50021837135
2022-12-12 12:45:00,100924.36442948008
2022-12-12 13:00:00,100898.70462861462
2022-12-12 13:15:00,100738.1943849031
2022-12-12 13:30:00,100741.47010416252
2022-12-12 13:45:00,100770.67860089232
2022-12-12 14:00:00,100770.95157749725
2022-12-12 14:15:00,100665.58260798595
2022-12-12 14:30:00,100616.61401726522
2022-12-12 14:45:00,100616.61401726522
2022-12-12 15:00:00,100616.61401726522
2022-12-12 15:15:00,100616.61401726522
2022-12-13 09:15:00,100616.61401726522
2022-12-13 09:30:00,100522.89747267861
2022-12-13 09:45:00,100426.04284258276
2022-12-13 10:00:00,100519.09925189053
2022-12-13 10:15:00,100570.91783549925
2022-12-13 10:30:00,100543.51638552814
2022-12-13 10:45:00,100616.76778644098
2022-12-13 11:00:00,100668.31506856481
2022-12-13 11:15:00,100786.60251596481
2022-12-13 11:30:00,100873.96159409048
2022-12-13 11:45:00,100836.79329066434
2022-12-13 12:00:00,100850.90096787717
2022-12-13 12:15:00,100783.88950111618
2022-12-13 12:30:00,100867.99296142352
2022-12-13 12:45:00,100858.49740945334
2022-12-13 13:00:00,100922.52455988085
2022-12-13 13:15:00,100890.23968318224
2022-12-13 13:30:00,100859.04001242308
2022-12-13 13:45:00,100888.88317575793
2022-12-13 14:00:00,100793.65635457126
2022-12-13 14:15:00,100792.5711486318
2022-12-13 14:30:00,100770.05312538822
2022-12-13 14:45:00,100829.46815057308
2022-12-13 15:00:00,100955.89464251894
2022-12-13 15:15:00,100906.51777227399
2022-12-14 09:15:00,101328.93418420464
2022-12-14 09:30:00,101419.82018163352
2022-12-14 09:45:00,101300.17622680923
2022-12-14 10:00:00,101267.8913501106
2022-12-14 10:15:00,101295.56410156658
2022-12-14 10:30:00,101286.88245405097
2022-12-14 10:45:00,101290.68067483904
2022-12-14 11:00:00,101356.87823714546
2022-12-14 11:15:00,101392.69003314729
2022-12-14 11:30:00,101377.76845147985
2022-12-14 11:45:00,101378.03975296472
2022-12-14 12:00:00,101398.65866581425
2022-12-14 12:15:00,101363.11817129728
2022-12-14 12:30:00,101344.39836884176
2022-12-14 12:45:00,101316.99691887067
2022-12-14 13:00:00,101355.79303120598
2022-12-14 13:15:00,101325.4072649014
2022-12-14 13:30:00,101259.20970259499
2022-12-14 13:45:00,101207.76660024133
2022-12-14 14:00:00,101207.76660024133
2022-12-14 14:15:00,101207.76660024133
2022-12-14 14:30:00,101207.76660024133
2022-12-14 14:45:00,101207.76660024133
2022-12-14 15:00:00,101207.76660024133
2022-12-14 15:15:00,101207.76660024133
2022-12-15 09:15:00,101207.76660024133
2022-12-15 09:30:00,101207.76660024133
2022-12-15 09:45:00,101207.76660024133
2022-12-15 10:00:00,101207.76660024133
2022-12-15 10:15:00,101207.76660024133
2022-12-15 10:30:00,101207.76660024133
2022-12-15 10:45:00,101207.76660024133
2022-12-15 11:00:00,101207.76660024133
2022-12-15 11:15:00,101207.76660024133
2022-12-15 11:30:00,101207.76660024133
2022-12-15 11:45:00,101207.76660024133
2022-12-15 12:00:00,101207.76660024133
2022-12-15 12:15:00,101207.76660024133
2022-12-15 12:30:00,101207.76660024133
2022-12-15 12:45:00,101207.76660024133
2022-12-15 13:00:00,101207.76660024133
2022-12-15 13:15:00,101207.76660024133
2022-12-15 13:30:00,101207.76660024133
2022-12-15 13:45:00,101207.76660024133
2022-12-15 14:00:00,101207.76660024133
2022-12-15 14:15:00,101207.76660024133
2022-12-15 14:30:00,101207.76660024133
2022-12-15 14:45:00,101207.76660024133
2022-12-15 15:00:00,101207.76660024133
2022-12-15 15:15:00,101207.76660024133
2022-12-16 09:15:00,101207.76660024133
2022-12-16 09:30:00,101207.76660024133
2022-12-16 09:45:00,101207.76660024133
2022-12-16 10:00:00,101207.76660024133
2022-12-16 10:15:00,101207.76660024133
2022-12-16 10:30:00,101207.76660024133
2022-12-16 10:45:00,101207.76660024133
2022-12-16 11:00:00,101207.76660024133
2022-12-16 11:15:00,101207.76660024133
2022-12-16 11:30:00,101207.76660024133
2022-12-16 11:45:00,101207.76660024133
2022-12-16 12:00:00,101207.76660024133
2022-12-16 12:15:00,101207.76660024133
2022-12-16 12:30:00,101207.76660024133
2022-12-16 12:45:00,101207.76660024133
2022-12-16 13:00:00,101207.76660024133
2022-12-16 13:15:00,101207.76660024133
2022-12-16 13:30:00,101207.76660024133
2022-12-16 13:45:00,101207.76660024133
2022-12-16 14:00:00,101207.76660024133
2022-12-16 14:15:00,101207.76660024133
2022-12-16 14:30:00,101207.76660024133
2022-12-16 14:45:00,101207.76660024133
2022-12-16 15:00:00,101207.76660024133
2022-12-16 15:15:00,101207.76660024133
2022-12-19 09:15:00,101207.76660024133
2022-12-19 09:30:00,101207.76660024133
2022-12-19 09:45:00,101207.76660024133
2022-12-19 10:00:00,101207.76660024133
2022-12-19 10:15:00,101207.76660024133
2022-12-19 10:30:00,101207.76660024133
2022-12-19 10:45:00,101207.76660024133
2022-12-19 11:00:00,101207.76660024133
2022-12-19 11:15:00,101207.76660024133
2022-12-19 11:30:00,101265.49429705134
2022-12-19 11:45:00,101252.53861189821
2022-12-19 12:00:00,101303.2587410083
2022-12-19 12:15:00,101337.99100333371
2022-12-19 12:30:00,101195.75411952498
2022-12-19 12:45:00,101122.98176036702
2022-12-19 13:00:00,101070.88336687894
2022-12-19 13:15:00,101167.08622046278
2022-12-19 13:30:00,101253.36557052503
2022-12-19 13:45:00,101270.73170168774
2022-12-19 14:00:00,101258.05166941023
2022-12-19 14:15:00,101239.58292674513
2022-12-19 14:30:00,101396.42941296058
2022-12-19 14:45:00,101482.15745727166
2022-12-19 15:00:00,101543.3523956545
2022-12-19 15:15:00,101584.70032699424
2022-12-20 09:15:00,100861.93848717543
2022-12-20 09:30:00,100645.82663270638
2022-12-20 09:45:00,100594.12614414422
2022-12-20 10:00:00,100594.12614414422
2022-12-20 10:15:00,100594.12614414422
2022-12-20 10:30:00,100594.12614414422
2022-12-20 10:45:00,100594.12614414422
2022-12-20 11:00:00,100594.12614414422
2022-12-20 11:15:00,100594.12614414422
2022-12-20 11:30:00,100594.12614414422
2022-12-20 11:45:00,100594.12614414422
2022-12-20 12:00:00,100594.12614414422
2022-12-20 12:15:00,100594.12614414422
2022-12-20 12:30:00,100594.12614414422
2022-12-20 12:45:00,100465.70901251496
2022-12-20 13:00:00,100461.30788189202
2022-12-20 13:15:00,100469.28493114612
2022-12-20 13:30:00,100542.17865708856
2022-12-20 13:45:00,100563.35909821145
2022-12-20 14:00:00,100669.53637448988
2022-12-20 14:15:00,100833.20341953049
2022-12-20 14:30:00,100850.2578006944
2022-12-20 14:45:00,100876.93965509596
2022-12-20 15:00:00,101223.80376231644
2022-12-20 15:15:00,101148.15932973466
2022-12-21 09:15:00,101519.77979670919
2022-12-21 09:30:00,101223.25362098857
2022-12-21 09:45:00,101110.1995781118
2022-12-21 10:00:00,101220.22784368531
2022-12-21 10:15:00,100953.40929966955
2022-12-21 10:30:00,100997.14553523505
2022-12-21 10:45:00,100946.53253307122
2022-12-21 11:00:00,101014.7500577268
2022-12-21 11:15:00,101008.97357378418
2022-12-21 11:30:00,101107.17380080855
2022-12-21 11:45:00,101048.03360806279
2022-12-21 12:00:00,100835.67905550591
2022-12-21 12:15:00,100785.53614910677
2022-12-21 12:30:00,100785.53614910677
2022-12-21 12:45:00,100785.53614910677
2022-12-21 13:00:00,100785.53614910677
2022-12-21 13:15:00,100785.53614910677
2022-12-21 13:30:00,100785.53614910677
2022-12-21 13:45:00,100785.53614910677
2022-12-21 14:00:00,100785.53614910677
2022-12-21 14:15:00,100785.53614910677
2022-12-21 14:30:00,100785.53614910677
2022-12-21 14:45:00,100785.53614910677
2022-12-21 15:00:00,100785.53614910677
2022-12-21 15:15:00,100785.53614910677
2022-12-22 09:15:00,100785.53614910677
2022-12-22 09:30:00,100785.53614910677
2022-12-22 09:45:00,100785.53614910677
2022-12-22 10:00:00,100785.53614910677
2022-12-22 10:15:00,100785.53614910677
2022-12-22 10:30:00,100785.53614910677
2022-12-22 10:45:00,100785.53614910677
2022-12-22 11:00:00,100785.53614910677
2022-12-22 11:15:00,100785.53614910677
2022-12-22 11:30:00,100785.53614910677
2022-12-22 11:45:00,100785.53614910677
2022-12-22 12:00:00,100785.53614910677
2022-12-22 12:15:00,100785.53614910677
2022-12-22 12:30:00,100785.53614910677
2022-12-22 12:45:00,100785.53614910677
2022-12-22 13:00:00,100785.53614910677
2022-12-22 13:15:00,100785.53614910677
2022-12-22 13:30:00,100785.53614910677
2022-12-22 13:45:00,100785.53614910677
2022-12-22 14:00:00,100785.53614910677
2022-12-22 14:15:00,100785.53614910677
2022-12-22 14:30:00,100785.53614910677
2022-12-22 14:45:00,100785.53614910677
2022-12-22 15:00:00,100785.53614910677
2022-12-22 15:15:00,100785.53614910677
2022-12-23 09:15:00,100785.53614910677
2022-12-23 09:30:00,100785.53614910677
2022-12-23 09:45:00,100785.53614910677
2022-12-23 10:00:00,100785.53614910677
2022-12-23 10:15:00,100785.53614910677
2022-12-23 10:30:00,100785.53614910677
2022-12-23 10:45:00,100785.53614910677
2022-12-23 11:00:00,100785.53614910677
2022-12-23 11:15:00,100785.53614910677
2022-12-23 11:30:00,100785.53614910677
2022-12-23 11:45:00,100785.53614910677
2022-12-23 12:00:00,100785.53614910677
2022-12-23 12:15:00,100785.53614910677
2022-12-23 12:30:00,100785.53614910677
2022-12-23 12:45:00,100785.53614910677
2022-12-23 13:00:00,100785.53614910677
2022-12-23 13:15:00,100785.53614910677
2022-12-23 13:30:00,100785.53614910677
2022-12-23 13:45:00,100785.53614910677
2022-12-23 14:00:00,100785.53614910677
2022-12-23 14:15:00,100785.53614910677
2022-12-23 14:30:00,100785.53614910677
2022-12-23 14:45:00,100785.53614910677
2022-12-23 15:00:00,100785.53614910677
2022-12-23 15:15:00,100785.53614910677
2022-12-26 09:15:00,100785.53614910677
2022-12-26 09:30:00,100785.53614910677
2022-12-26 09:45:00,100785.53614910677
2022-12-26 10:00:00,100785.53614910677
2022-12-26 10:15:00,100785.53614910677
2022-12-26 10:30:00,100785.53614910677
2022-12-26 10:45:00,100785.53614910677
2022-12-26 11:00:00,100686.3476488747
2022-12-26 11:15:00,100771.31952728693
2022-12-26 11:30:00,100940.9828488691
2022-12-26 11:45:00,100906.76974931036
2022-12-26 12:00:00,100958.08939864844
2022-12-26 12:15:00,100838.90442067751
2022-12-26 12:30:00,100841.42833785807
2022-12-26 12:45:00,100859.37619336428
2022-12-26 13:00:00,100903.40452640294
2022-12-26 13:15:00,100864.42402772538
2022-12-26 13:30:00,100975.75681891237
2022-12-26 13:45:00,100882.37188323161
2022-12-26 14:00:00,101019.22428146648
2022-12-26 14:15:00,101114.57226384323
2022-12-26 14:30:00,101312.27910965383
2022-12-26 14:45:00,101410.99231493799
2022-12-26 15:00:00,100927.80239248171
2022-12-26 15:15:00,101010.53078895566
2022-12-27 09:15:00,101309.19432198869
2022-12-27 09:30:00,100933.97196781197
2022-12-27 09:45:00,100969.02637309753
2022-12-27 10:00:00,100986.13292287689
2022-12-27 10:15:00,101146.54188146364
2022-12-27 10:30:00,101155.51580921675
2022-12-27 10:45:00,101229.27027793757
2022-12-27 11:00:00,101234.87898278327
2022-12-27 11:15:00,101204.31154137426
2022-12-27 11:30:00,101188.04629732175
2022-12-27 11:45:00,101262.64207176943
2022-12-27 12:00:00,101264.32468322312
2022-12-27 12:15:00,101227.02679599929
2022-12-27 12:30:00,101206.55502331251
2022-12-27 12:45:00,101113.73095811633
2022-12-27 13:00:00,101269.65295282652
2022-12-27 13:15:00,101313.68128586521
2022-12-27 13:30:00,101327.98348322172
2022-12-27 13:45:00,101531.29903387801
2022-12-27 14:00:00,101642.07095458041
2022-12-27 14:15:00,101441.27932110468
2022-12-27 14:30:00,101678.5275360774
2022-12-27 14:45:00,101649.3622708798
2022-12-27 15:00:00,101702.3645316716
2022-12-27 15:15:00,101719.47108145095
2022-12-28 09:15:00,101460.34891758002
2022-12-28 09:30:00,101610.38177220226
2022-12-28 09:45:00,101697.31669731047
2022-12-28 10:00:00,101755.92766294794
2022-12-28 10:15:00,101520.08162418664
2022-12-28 10:30:00,101601.40784444916
2022-12-28 10:45:00,101674.04057220086
2022-12-28 11:00:00,101741.06459510686
2022-12-28 11:15:00,101698.15800303733
2022-12-28 11:30:00,101662.54272726718
2022-12-28 11:45:00,101778.92335281528
2022-12-28 12:00:00,101752.56244004055
2022-12-28 12:15:00,101664.78620920547
2022-12-28 12:30:00,101713.0210708784
2022-12-28 12:45:00,101732.09066735375
2022-12-28 13:00:00,101684.97754664994
2022-12-28 13:15:00,101637.02312021928
2022-12-28 13:30:00,101718.06890523953
2022-12-28 13:45:00,101841.46041184472
2022-12-28 14:00:00,101876.79525237257
2022-12-28 14:15:00,101869.50393607318
2022-12-28 14:30:00,101839.77780039102
2022-12-28 14:45:00,101615.71004180567
2022-12-28 15:00:00,101661.70142154033
2022-12-28 15:15:00,101556.25777044136
2022-12-29 09:15:00,101162.39853136812
2022-12-29 09:30:00,101162.39853136812
2022-12-29 09:45:00,101162.39853136812
2022-12-29 10:00:00,101162.39853136812
2022-12-29 10:15:00,101162.39853136812
2022-12-29 10:30:00,101162.39853136812
2022-12-29 10:45:00,101162.39853136812
2022-12-29 11:00:00,101162.39853136812
2022-12-29 11:15:00,101162.39853136812
2022-12-29 11:30:00,101162.39853136812
2022-12-29 11:45:00,101162.39853136812
2022-12-29 12:00:00,101162.39853136812
2022-12-29 12:15:00,101162.39853136812
2022-12-29 12:30:00,101162.39853136812
2022-12-29 12:45:00,101162.39853136812
2022-12-29 13:00:00,101162.39853136812
2022-12-29 13:15:00,101162.39853136812
2022-12-29 13:30:00,101162.39853136812
2022-12-29 13:45:00,101281.71787778006
2022-12-29 14:00:00,101240.85217816074
2022-12-29 14:15:00,101190.18990671486
2022-12-29 14:30:00,101472.89097942393
2022-12-29 14:45:00,101548.18463146228
2022-12-29 15:00:00,101859.99551759883
2022-12-29 15:15:00,101942.56662299405
2022-12-30 09:15:00,102177.1245427269
2022-12-30 09:30:00,102109.94805020197
2022-12-30 09:45:00,102147.73482724724
2022-12-30 10:00:00,101991.2695800746
2022-12-30 10:15:00,102082.23774703543
2022-12-30 10:30:00,102123.94315281133
2022-12-30 10:45:00,102033.53478995488
2022-12-30 11:00:00,102077.47941214826
2022-12-30 11:15:00,101997.98722932709
2022-12-30 11:30:00,101940.32740657653
2022-12-30 11:45:00,101839.56266778913
2022-12-30 12:00:00,101920.17445881903
2022-12-30 12:15:00,101911.49749520121
2022-12-30 12:30:00,102065.72352595637
2022-12-30 12:45:00,101982.03281235241
2022-12-30 13:00:00,101856.07688886818
2022-12-30 13:15:00,101978.67398772617
2022-12-30 13:30:00,101874.83032636472
2022-12-30 13:45:00,101718.36507919208
2022-12-30 14:00:00,101661.91065462928
2022-12-30 14:15:00,101661.91065462928
2022-12-30 14:30:00,101661.91065462928
2022-12-30 14:45:00,101661.91065462928
2022-12-30 15:00:00,101661.91065462928
2022-12-30 15:15:00,101661.91065462928
2023-01-02 09:15:00,101661.91065462928
2023-01-02 09:30:00,101661.91065462928
2023-01-02 09:45:00,101661.91065462928
2023-01-02 10:00:00,101661.91065462928
2023-01-02 10:15:00,101661.91065462928
2023-01-02 10:30:00,101661.91065462928
2023-01-02 10:45:00,101593.47783718287
2023-01-02 11:00:00,101624.21124723206
2023-01-02 11:15:00,101609.9621207547
2023-01-02 11:30:00,101623.65245795844
2023-01-02 11:45:00,101549.33348456671
2023-01-02 12:00:00,101655.22405191805
2023-01-02 12:15:00,101516.08552278622
2023-01-02 12:30:00,101531.45222781083
2023-01-02 12:45:00,101464.95630424983
2023-01-02 13:00:00,101601.02149237673
2023-01-02 13:15:00,101600.74209773993
2023-01-02 13:30:00,101539.83406691517
2023-01-02 13:45:00,101493.45455720453
2023-01-02 14:00:00,101532.56980635806
2023-01-02 14:15:00,101405.4452466091
2023-01-02 14:30:00,101457.69204369276
2023-01-02 14:45:00,101596.83057282458
2023-01-02 15:00:00,101660.81194465428
2023-01-02 15:15:00,101739.32183759815
2023-01-03 09:15:00,101482.27877173212
2023-01-03 09:30:00,101664.44407493284
2023-01-03 09:45:00,101752.17399089148
2023-01-03 10:00:00,101868.68155444162
2023-01-03 10:15:00,101806.09715579596
2023-01-03 10:30:00,101829.00751601446
2023-01-03 10:45:00,101847.16816740716
2023-01-03 11:00:00,101874.26944717781
2023-01-03 11:15:00,101903.88527867977
2023-01-03 11:30:00,101870.63731689927
2023-01-03 11:45:00,101802.74442015424
2023-01-03 12:00:00,101685.95746196726
2023-01-03 12:15:00,101559.95048076555
2023-01-03 12:30:00,101511.40454504112
2023-01-03 12:45:00,101511.40454504112
2023-01-03 13:00:00,101511.40454504112
2023-01-03 13:15:00,101511.40454504112
2023-01-03 13:30:00,101511.40454504112
2023-01-03 13:45:00,101511.40454504112
2023-01-03 14:00:00,101373.22668846817
2023-01-03 14:15:00,101498.51321533187
2023-01-03 14:30:00,101554.75294516844
2023-01-03 14:45:00,101519.11588863833
2023-01-03 15:00:00,101569.23049938382
2023-01-03 15:15:00,101533.87185735784
2023-01-04 09:15:00,101528.8603962833
2023-01-04 09:30:00,101141.58582102241
2023-01-04 09:45:00,100943.63310857778
2023-01-04 10:00:00,100951.98554370203
2023-01-04 10:15:00,101087.8518217231
2023-01-04 10:30:00,101019.3618537043
2023-01-04 10:45:00,100990.12833076942
2023-01-04 11:00:00,100768.51038547275
2023-01-04 11:15:00,100717.29130438936
2023-01-04 11:30:00,100717.29130438936
2023-01-04 11:45:00,100717.29130438936
2023-01-04 12:00:00,100717.29130438936
2023-01-04 12:15:00,100717.29130438936
2023-01-04 12:30:00,100717.29130438936
2023-01-04 12:45:00,100717.29130438936
2023-01-04 13:00:00,100717.29130438936
2023-01-04 13:15:00,100717.29130438936
2023-01-04 13:30:00,100717.29130438936
2023-01-04 13:45:00,100717.29130438936
2023-01-04 14:00:00,100727.22806548291
2023-01-04 14:15:00,100470.7641925506
2023-01-04 14:30:00,100413.24737597747
2023-01-04 14:45:00,100342.11546755856
2023-01-04 15:00:00,100322.94319536752
2023-01-04 15:15:00,100234.02830984385
2023-01-05 09:15:00,100444.92330394531
2023-01-05 09:30:00,100219.85749996355
2023-01-05 09:45:00,100236.25118198198
2023-01-05 10:00:00,100380.73787095794
2023-01-05 10:15:00,100381.29358899244
2023-01-05 10:30:00,100322.66533635027
2023-01-05 10:45:00,100215.96747372187
2023-01-05 11:00:00,100166.41493016055
2023-01-05 11:15:00,100166.41493016055
2023-01-05 11:30:00,100166.41493016055
2023-01-05 11:45:00,100166.41493016055
2023-01-05 12:00:00,100166.41493016055
2023-01-05 12:15:00,100166.41493016055
2023-01-05 12:30:00,100166.41493016055
2023-01-05 12:45:00,100166.41493016055
2023-01-05 13:00:00,100166.41493016055
2023-01-05 13:15:00,100166.41493016055
2023-01-05 13:30:00,100166.41493016055
2023-01-05 13:45:00,100166.41493016055
2023-01-05 14:00:00,100166.41493016055
2023-01-05 14:15:00,100166.41493016055
2023-01-05 14:30:00,100166.41493016055
2023-01-05 14:45:00,100166.41493016055
2023-01-05 15:00:00,100166.41493016055
2023-01-05 15:15:00,100174.76765311458
2023-01-06 09:15:00,100120.2274513901
2023-01-06 09:30:00,100324.75320785695
2023-01-06 09:45:00,100013.92971129442
2023-01-06 10:00:00,99925.44101665978
2023-01-06 10:15:00,99871.73561394126
2023-01-06 10:30:00,99808.56915582158
2023-01-06 10:45:00,99759.77738005231
2023-01-06 11:00:00,99759.77738005231
2023-01-06 11:15:00,99759.77738005231
2023-01-06 11:30:00,99759.77738005231
2023-01-06 11:45:00,99759.77738005231
2023-01-06 12:00:00,99759.77738005231
2023-01-06 12:15:00,99759.77738005231
2023-01-06 12:30:00,99759.77738005231
2023-01-06 12:45:00,99759.77738005231
2023-01-06 13:00:00,99759.77738005231
2023-01-06 13:15:00,99759.77738005231
2023-01-06 13:30:00,99759.77738005231
2023-01-06 13:45:00,99759.77738005231
2023-01-06 14:00:00,99759.77738005231
2023-01-06 14:15:00,99759.77738005231
2023-01-06 14:30:00,99759.77738005231
2023-01-06 14:45:00,99759.77738005231
2023-01-06 15:00:00,99759.77738005231
2023-01-06 15:15:00,99759.77738005231
2023-01-09 09:15:00,99759.77738005231
2023-01-09 09:30:00,99911.35346029235
2023-01-09 09:45:00,100038.54505553152
2023-01-09 10:00:00,100088.70121836006
2023-01-09 10:15:00,100224.20598975864
2023-01-09 10:30:00,100218.94097819104
2023-01-09 10:45:00,100233.90469527799
2023-01-09 11:00:00,100341.14466773458
2023-01-09 11:15:00,100398.78268910658
2023-01-09 11:30:00,100479.97470959697
2023-01-09 11:45:00,100457.25202809455
2023-01-09 12:00:00,100479.69760372498
2023-01-09 12:15:00,100285.16928159446
2023-01-09 12:30:00,100305.67511612103
2023-01-09 12:45:00,100275.47057607511
2023-01-09 13:00:00,100175.71246216203
2023-01-09 13:15:00,100123.13190005957
2023-01-09 13:30:00,100123.13190005957
2023-01-09 13:45:00,100123.13190005957
2023-01-09 14:00:00,100123.13190005957
2023-01-09 14:15:00,100123.13190005957
2023-01-09 14:30:00,100123.13190005957
2023-01-09 14:45:00,100123.13190005957
2023-01-09 15:00:00,100123.13190005957
2023-01-09 15:15:00,100123.13190005957
2023-01-10 09:15:00,100123.13190005957
2023-01-10 09:30:00,100123.13190005957
2023-01-10 09:45:00,100123.13190005957
2023-01-10 10:00:00,100123.13190005957
2023-01-10 10:15:00,100123.13190005957
2023-01-10 10:30:00,100123.13190005957
2023-01-10 10:45:00,100123.13190005957
2023-01-10 11:00:00,100123.13190005957
2023-01-10 11:15:00,100123.13190005957
2023-01-10 11:30:00,100123.13190005957
2023-01-10 11:45:00,100123.13190005957
2023-01-10 12:00:00,100123.13190005957
2023-01-10 12:15:00,100123.13190005957
2023-01-10 12:30:00,100123.13190005957
2023-01-10 12:45:00,100123.13190005957
2023-01-10 13:00:00,100123.13190005957
2023-01-10 13:15:00,100123.13190005957
2023-01-10 13:30:00,100123.13190005957
2023-01-10 13:45:00,100123.13190005957
2023-01-10 14:00:00,100123.13190005957
2023-01-10 14:15:00,100123.13190005957
2023-01-10 14:30:00,100123.13190005957
2023-01-10 14:45:00,100123.13190005957
2023-01-10 15:00:00,100123.13190005957
2023-01-10 15:15:00,100123.13190005957
2023-01-11 09:15:00,100123.13190005957
2023-01-11 09:30:00,100123.13190005957
2023-01-11 09:45:00,100123.13190005957
2023-01-11 10:00:00,100123.13190005957
2023-01-11 10:15:00,100123.13190005957
2023-01-11 10:30:00,100123.13190005957
2023-01-11 10:45:00,100123.13190005957
2023-01-11 11:00:00,100123.13190005957
2023-01-11 11:15:00,100123.13190005957
2023-01-11 11:30:00,100123.13190005957
2023-01-11 11:45:00,100123.13190005957
2023-01-11 12:00:00,100123.13190005957
2023-01-11 12:15:00,100123.13190005957
2023-01-11 12:30:00,100123.13190005957
2023-01-11 12:45:00,100123.13190005957
2023-01-11 13:00:00,100123.13190005957
2023-01-11 13:15:00,100123.13190005957
2023-01-11 13:30:00,100123.13190005957
2023-01-11 13:45:00,100123.13190005957
2023-01-11 14:00:00,100123.13190005957
2023-01-11 14:15:00,100123.13190005957
2023-01-11 14:30:00,100123.13190005957
2023-01-11 14:45:00,100123.13190005957
2023-01-11 15:00:00,100123.13190005957
2023-01-11 15:15:00,100123.13190005957
2023-01-12 09:15:00,100123.13190005957
2023-01-12 09:30:00,100123.13190005957
2023-01-12 09:45:00,100123.13190005957
2023-01-12 10:00:00,100123.13190005957
2023-01-12 10:15:00,100123.13190005957
2023-01-12 10:30:00,100123.13190005957
2023-01-12 10:45:00,100123.13190005957
2023-01-12 11:00:00,100123.13190005957
2023-01-12 11:15:00,100123.13190005957
2023-01-12 11:30:00,100123.13190005957
2023-01-12 11:45:00,100123.13190005957
2023-01-12 12:00:00,100123.13190005957
2023-01-12 12:15:00,100123.13190005957
2023-01-12 12:30:00,100123.13190005957
2023-01-12 12:45:00,100123.13190005957
2023-01-12 13:00:00,100123.13190005957
2023-01-12 13:15:00,100123.13190005957
2023-01-12 13:30:00,100123.13190005957
2023-01-12 13:45:00,100123.13190005957
2023-01-12 14:00:00,100123.13190005957
2023-01-12 14:15:00,100123.13190005957
2023-01-12 14:30:00,100123.13190005957
2023-01-12 14:45:00,100123.13190005957
2023-01-12 15:00:00,100123.13190005957
2023-01-12 15:15:00,100123.13190005957
2023-01-13 09:15:00,100123.13190005957
2023-01-13 09:30:00,100123.13190005957
2023-01-13 09:45:00,100123.13190005957
2023-01-13 10:00:00,100123.13190005957
2023-01-13 10:15:00,100123.13190005957
2023-01-13 10:30:00,100123.13190005957
2023-01-13 10:45:00,100123.13190005957
2023-01-13 11:00:00,100123.13190005957
2023-01-13 11:15:00,100123.13190005957
2023-01-13 11:30:00,100123.13190005957
2023-01-13 11:45:00,100123.13190005957
2023-01-13 12:00:00,100123.13190005957
2023-01-13 12:15:00,100318.05136746596
2023-01-13 12:30:00,100286.93821563237
2023-01-13 12:45:00,100527.15417168097
2023-01-13 13:00:00,100711.5906933612
2023-01-13 13:15:00,100725.60562661957
2023-01-13 13:30:00,100765.68833573854
2023-01-13 13:45:00,100804.930148862
2023-01-13 14:00:00,100850.05823395397
2023-01-13 14:15:00,100726.16622394993
2023-01-13 14:30:00,100653.8491683367
2023-01-13 14:45:00,100640.39483240865
2023-01-13 15:00:00,100670.94738691191
2023-01-13 15:15:00,100630.02378179746
2023-01-16 09:15:00,100894.34542305044
2023-01-16 09:30:00,100834.08121003943
2023-01-16 09:45:00,100783.90774897442
2023-01-16 10:00:00,100754.47638913183
2023-01-16 10:15:00,100753.35519447115
2023-01-16 10:30:00,100776.61998368007
2023-01-16 10:45:00,100781.66535965308
2023-01-16 11:00:00,100663.65962161755
2023-01-16 11:15:00,100610.96347256604
2023-01-16 11:30:00,100568.91867279091
2023-01-16 11:45:00,100505.85147312822
2023-01-16 12:00:00,100428.76934020715
2023-01-16 12:15:00,100376.87400444204
2023-01-16 12:30:00,100376.87400444204
2023-01-16 12:45:00,100376.87400444204
2023-01-16 13:00:00,100376.87400444204
2023-01-16 13:15:00,100376.87400444204
2023-01-16 13:30:00,100376.87400444204
2023-01-16 13:45:00,100376.87400444204
2023-01-16 14:00:00,100376.87400444204
2023-01-16 14:15:00,100376.87400444204
2023-01-16 14:30:00,100376.87400444204
2023-01-16 14:45:00,100376.87400444204
2023-01-16 15:00:00,100376.87400444204
2023-01-16 15:15:00,100376.87400444204
2023-01-17 09:15:00,100376.87400444204
2023-01-17 09:30:00,100376.87400444204
2023-01-17 09:45:00,100560.14111910148
2023-01-17 10:00:00,100558.46560078813
2023-01-17 10:15:00,100591.97596705535
2023-01-17 10:30:00,100609.84816239784
2023-01-17 10:45:00,100464.91582829213
2023-01-17 11:00:00,100454.58346535973
2023-01-17 11:15:00,100465.19508134435
2023-01-17 11:30:00,100528.30627114762
2023-01-17 11:45:00,100586.94941211527
2023-01-17 12:00:00,100579.40957970516
2023-01-17 12:15:00,100467.14985270995
2023-01-17 12:30:00,100368.85277832611
2023-01-17 12:45:00,100311.32664956737
2023-01-17 13:00:00,100236.48683157057
2023-01-17 13:15:00,100190.5552895403
2023-01-17 13:30:00,100190.5552895403
2023-01-17 13:45:00,100190.5552895403
2023-01-17 14:00:00,100190.5552895403
2023-01-17 14:15:00,100190.5552895403
2023-01-17 14:30:00,100190.5552895403
2023-01-17 14:45:00,100190.5552895403
2023-01-17 15:00:00,100190.5552895403
2023-01-17 15:15:00,100133.25091470283
2023-01-18 09:15:00,100192.86460302706
2023-01-18 09:30:00,100320.13289577508
2023-01-18 09:45:00,100446.56936961625
2023-01-18 10:00:00,100477.62394213866
2023-01-18 10:15:00,100414.68297818702
2023-01-18 10:30:00,100491.48759058617
2023-01-18 10:45:00,100463.48302072221
2023-01-18 11:00:00,100601.84223222824
2023-01-18 11:15:00,100650.64227476344
2023-01-18 11:30:00,100762.93782718816
2023-01-18 11:45:00,100709.97869011873
2023-01-18 12:00:00,100782.90148095257
2023-01-18 12:15:00,100780.12875126307
2023-01-18 12:30:00,100697.22413354703
2023-01-18 12:45:00,100652.02863960818
2023-01-18 13:00:00,100629.56952912324
2023-01-18 13:15:00,100678.92411759634
2023-01-18 13:30:00,100794.26967267951
2023-01-18 13:45:00,100708.86959824292
2023-01-18 14:00:00,100648.97863694973
2023-01-18 14:15:00,100704.98777667763
2023-01-18 14:30:00,100794.2696726795
2023-01-18 14:45:00,100788.7242133005
2023-01-18 15:00:00,100677.5377527516
2023-01-18 15:15:00,100726.61506825572
2023-01-19 09:15:00,100273.27376402258
2023-01-19 09:30:00,100373.09203284456
2023-01-19 09:45:00,100362.83293299342
2023-01-19 10:00:00,100243.8828293139
2023-01-19 10:15:00,100190.15814157718
2023-01-19 10:30:00,100190.15814157718
2023-01-19 10:45:00,100190.15814157718
2023-01-19 11:00:00,100190.15814157718
2023-01-19 11:15:00,100190.15814157718
2023-01-19 11:30:00,100190.15814157718
2023-01-19 11:45:00,100043.19899198288
2023-01-19 12:00:00,100087.077588032
2023-01-19 12:15:00,100101.15185468926
2023-01-19 12:30:00,100058.3771226917
2023-01-19 12:45:00,99968.96413451614
2023-01-19 13:00:00,99994.35300770181
2023-01-19 13:15:00,100008.42727435907
2023-01-19 13:30:00,100040.43933185401
2023-01-19 13:45:00,99999.59636194665
2023-01-19 14:00:00,100072.72735536183
2023-01-19 14:15:00,99877.89535026325
2023-01-19 14:30:00,99946.61088747226
2023-01-19 14:45:00,99858.57772936113
2023-01-19 15:00:00,99916.53059206752
2023-01-19 15:15:00,99839.26010845901
2023-01-20 09:15:00,99935.80516227163
2023-01-20 09:30:00,99935.80516227163
2023-01-20 09:45:00,99935.80516227163
2023-01-20 10:00:00,99935.80516227163
2023-01-20 10:15:00,99935.80516227163
2023-01-20 10:30:00,99935.80516227163
2023-01-20 10:45:00,99935.80516227163
2023-01-20 11:00:00,99935.80516227163
2023-01-20 11:15:00,99935.80516227163
2023-01-20 11:30:00,99935.80516227163
2023-01-20 11:45:00,99935.80516227163
2023-01-20 12:00:00,99935.80516227163
2023-01-20 12:15:00,99935.80516227163
2023-01-20 12:30:00,99935.80516227163
2023-01-20 12:45:00,99935.80516227163
2023-01-20 13:00:00,99935.80516227163
2023-01-20 13:15:00,99935.80516227163
2023-01-20 13:30:00,99935.80516227163
2023-01-20 13:45:00,99935.80516227163
2023-01-20 14:00:00,99935.80516227163
2023-01-20 14:15:00,99935.80516227163
2023-01-20 14:30:00,99935.80516227163
2023-01-20 14:45:00,99935.80516227163
2023-01-20 15:00:00,99935.80516227163
2023-01-20 15:15:00,99935.80516227163
2023-01-23 09:15:00,99935.80516227163
2023-01-23 09:30:00,99935.80516227163
2023-01-23 09:45:00,100043.99084562428
2023-01-23 10:00:00,100009.5497337049
2023-01-23 10:15:00,100017.26454277482
2023-01-23 10:30:00,99946.17808777324
2023-01-23 10:45:00,100005.96785806527
2023-01-23 11:00:00,99930.47294073798
2023-01-23 11:15:00,99932.67717190082
2023-01-23 11:30:00,99956.37265690135
2023-01-23 11:45:00,99876.19374835305
2023-01-23 12:00:00,99811.71998683996
2023-01-23 12:15:00,99801.80094660718
2023-01-23 12:30:00,99740.63353183835
2023-01-23 12:45:00,99687.18313037066
2023-01-23 13:00:00,99687.18313037066
2023-01-23 13:15:00,99687.18313037066
2023-01-23 13:30:00,99687.18313037066
2023-01-23 13:45:00,99687.18313037066
2023-01-23 14:00:00,99687.18313037066
2023-01-23 14:15:00,99687.18313037066
2023-01-23 14:30:00,99687.18313037066
2023-01-23 14:45:00,99687.18313037066
2023-01-23 15:00:00,99687.18313037066
2023-01-23 15:15:00,99687.18313037066
2023-01-24 09:15:00,99687.18313037066
2023-01-24 09:30:00,99722.58376139178
2023-01-24 09:45:00,99585.53517202474
2023-01-24 10:00:00,99412.85394942226
2023-01-24 10:15:00,99491.24574254022
2023-01-24 10:30:00,99596.49905917411
2023-01-24 10:45:00,99582.24600587993
2023-01-24 11:00:00,99520.57414066477
2023-01-24 11:15:00,99491.51983971897
2023-01-24 11:30:00,99455.33901212606
2023-01-24 11:45:00,99382.4291625828
2023-01-24 12:00:00,99334.9296290427
2023-01-24 12:15:00,99334.9296290427
2023-01-24 12:30:00,99334.9296290427
2023-01-24 12:45:00,99334.9296290427
2023-01-24 13:00:00,99334.9296290427
2023-01-24 13:15:00,99334.9296290427
2023-01-24 13:30:00,99334.9296290427
2023-01-24 13:45:00,99334.9296290427
2023-01-24 14:00:00,99334.9296290427
2023-01-24 14:15:00,99334.9296290427
2023-01-24 14:30:00,99334.9296290427
2023-01-24 14:45:00,99334.9296290427
2023-01-24 15:00:00,99334.9296290427
2023-01-24 15:15:00,99334.9296290427
2023-01-25 09:15:00,99334.9296290427
2023-01-25 09:30:00,99334.9296290427
2023-01-25 09:45:00,99334.9296290427
2023-01-25 10:00:00,99334.9296290427
2023-01-25 10:15:00,99334.9296290427
2023-01-25 10:30:00,99334.9296290427
2023-01-25 10:45:00,99334.9296290427
2023-01-25 11:00:00,99334.9296290427
2023-01-25 11:15:00,99334.9296290427
2023-01-25 11:30:00,99334.9296290427
2023-01-25 11:45:00,99334.9296290427
2023-01-25 12:00:00,99334.9296290427
2023-01-25 12:15:00,99334.9296290427
2023-01-25 12:30:00,99334.9296290427
2023-01-25 12:45:00,99334.9296290427
2023-01-25 13:00:00,99334.9296290427
2023-01-25 13:15:00,99334.9296290427
2023-01-25 13:30:00,99334.9296290427
2023-01-25 13:45:00,99334.9296290427
2023-01-25 14:00:00,99334.9296290427
2023-01-25 14:15:00,99334.9296290427
2023-01-25 14:30:00,99334.9296290427
2023-01-25 14:45:00,99334.9296290427
2023-01-25 15:00:00,99334.9296290427
2023-01-25 15:15:00,99334.9296290427
2023-01-27 09:15:00,99334.9296290427
2023-01-27 09:30:00,99334.9296290427
2023-01-27 09:45:00,99334.9296290427
2023-01-27 10:00:00,99334.9296290427
2023-01-27 10:15:00,99334.9296290427
2023-01-27 10:30:00,99334.9296290427
2023-01-27 10:45:00,99334.9296290427
2023-01-27 11:00:00,99334.9296290427
2023-01-27 11:15:00,99334.9296290427
2023-01-27 11:30:00,99334.9296290427
2023-01-27 11:45:00,99334.9296290427
2023-01-27 12:00:00,99334.9296290427
2023-01-27 12:15:00,99334.9296290427
2023-01-27 12:30:00,99334.9296290427
2023-01-27 12:45:00,99334.9296290427
2023-01-27 13:00:00,99334.9296290427
2023-01-27 13:15:00,99334.9296290427
2023-01-27 13:30:00,99334.9296290427
2023-01-27 13:45:00,99334.9296290427
2023-01-27 14:00:00,99334.9296290427
2023-01-27 14:15:00,99334.9296290427
2023-01-27 14:30:00,99334.9296290427
2023-01-27 14:45:00,99334.9296290427
2023-01-27 15:00:00,99334.9296290427
2023-01-27 15:15:00,99334.9296290427
2023-01-30 09:15:00,99334.9296290427
2023-01-30 09:30:00,99334.9296290427
2023-01-30 09:45:00,99334.9296290427
2023-01-30 10:00:00,99334.9296290427
2023-01-30 10:15:00,99334.9296290427
2023-01-30 10:30:00,99334.9296290427
2023-01-30 10:45:00,99334.9296290427
2023-01-30 11:00:00,99334.9296290427
2023-01-30 11:15:00,99334.9296290427
2023-01-30 11:30:00,99334.9296290427
2023-01-30 11:45:00,99334.9296290427
2023-01-30 12:00:00,99334.9296290427
2023-01-30 12:15:00,99334.9296290427
2023-01-30 12:30:00,99334.9296290427
2023-01-30 12:45:00,99334.9296290427
2023-01-30 13:00:00,99334.9296290427
2023-01-30 13:15:00,99334.9296290427
2023-01-30 13:30:00,99334.9296290427
2023-01-30 13:45:00,99334.9296290427
2023-01-30 14:00:00,99334.9296290427
2023-01-30 14:15:00,99334.9296290427
2023-01-30 14:30:00,99334.9296290427
2023-01-30 14:45:00,99334.9296290427
2023-01-30 15:00:00,99334.9296290427
2023-01-30 15:15:00,99355.27720342121
2023-01-31 09:15:00,99056.37765859324
2023-01-31 09:30:00,98854.76808790496
2023-01-31 09:45:00,98770.13143410136
2023-01-31 10:00:00,98769.85024920502
2023-01-31 10:15:00,99016.16821841414
2023-01-31 10:30:00,99096.305913876
2023-01-31 10:45:00,98975.11522354594
2023-01-31 11:00:00,98895.25871298043
2023-01-31 11:15:00,99053.84699452603
2023-01-31 11:30:00,99051.31633045881
2023-01-31 11:45:00,99222.55793234051
2023-01-31 12:00:00,99030.22746323202
2023-01-31 12:15:00,99173.35057547796
2023-01-31 12:30:00,99209.3422422117
2023-01-31 12:45:00,99089.55747636344
2023-01-31 13:00:00,99234.64888288386
2023-01-31 13:15:00,99305.7886616623
2023-01-31 13:30:00,99317.87961220565
2023-01-31 13:45:00,99297.91548456428
2023-01-31 14:00:00,99125.54914309717
2023-01-31 14:15:00,99113.45819255381
2023-01-31 14:30:00,99173.06939058157
2023-01-31 14:45:00,99328.00226847455
2023-01-31 15:00:00,99455.0978416281
2023-01-31 15:15:00,99441.31978170658
2023-02-01 09:15:00,100007.62616297048
2023-02-01 09:30:00,99927.20728261226
2023-02-01 09:45:00,99878.28111064607
2023-02-01 10:00:00,100036.0258375026
2023-02-01 10:15:00,100143.71965280751
2023-02-01 10:30:00,100121.50604599527
2023-02-01 10:45:00,100164.80852003432
2023-02-01 11:00:00,100115.31997827541
2023-02-01 11:15:00,100004.81431400693
2023-02-01 11:30:00,100097.32414490853
2023-02-01 11:45:00,100131.62870226413
2023-02-01 12:00:00,99837.22811577789
2023-02-01 12:15:00,100427.99758302489
2023-02-01 12:30:00,100683.59465381381
2023-02-01 12:45:00,101049.13501907849
2023-02-01 13:00:00,100751.6413987323
2023-02-01 13:15:00,100148.21861114923
2023-02-01 13:30:00,99709.85135772797
2023-02-01 13:45:00,99347.96639611595
2023-02-01 14:00:00,99291.26630532017
2023-02-01 14:15:00,99291.26630532017
2023-02-01 14:30:00,99291.26630532017
2023-02-01 14:45:00,99291.26630532017
2023-02-01 15:00:00,99291.26630532017
2023-02-01 15:15:00,99291.26630532017
2023-02-02 09:15:00,99291.26630532017
2023-02-02 09:30:00,99291.26630532017
2023-02-02 09:45:00,99291.26630532017
2023-02-02 10:00:00,99291.26630532017
2023-02-02 10:15:00,99291.26630532017
2023-02-02 10:30:00,99291.26630532017
2023-02-02 10:45:00,99291.26630532017
2023-02-02 11:00:00,99291.26630532017
2023-02-02 11:15:00,99291.26630532017
2023-02-02 11:30:00,99291.26630532017
2023-02-02 11:45:00,99291.26630532017
2023-02-02 12:00:00,99291.26630532017
2023-02-02 12:15:00,99291.26630532017
2023-02-02 12:30:00,99291.26630532017
2023-02-02 12:45:00,99291.26630532017
2023-02-02 13:00:00,99291.26630532017
2023-02-02 13:15:00,99291.26630532017
2023-02-02 13:30:00,99291.26630532017
2023-02-02 13:45:00,99291.26630532017
2023-02-02 14:00:00,99291.26630532017
2023-02-02 14:15:00,99291.26630532017
2023-02-02 14:30:00,99291.26630532017
2023-02-02 14:45:00,99291.26630532017
2023-02-02 15:00:00,99291.26630532017
2023-02-02 15:15:00,99291.26630532017
2023-02-03 09:15:00,99291.26630532017
2023-02-03 09:30:00,99090.1157426808
2023-02-03 09:45:00,99228.4341320085
2023-02-03 10:00:00,99185.50773532057
2023-02-03 10:15:00,98999.49334967301
2023-02-03 10:30:00,98671.23266911846
2023-02-03 10:45:00,98955.16412956391
2023-02-03 11:00:00,98908.02926261249
2023-02-03 11:15:00,98783.17797812806
2023-02-03 11:30:00,98945.62493029995
2023-02-03 11:45:00,99062.6204036258
2023-02-03 12:00:00,99191.3995936895
2023-02-03 12:15:00,99259.01568259008
2023-02-03 12:30:00,99302.50320864645
2023-02-03 12:45:00,99218.0532386918
2023-02-03 13:00:00,99360.86066296726
2023-02-03 13:15:00,99298.57530306718
2023-02-03 13:30:00,99515.17123929632
2023-02-03 13:45:00,99570.44248209057
2023-02-03 14:00:00,99588.11805719734
2023-02-03 14:15:00,99856.33789532566
2023-02-03 14:30:00,100049.36639807912
2023-02-03 14:45:00,100038.14381070973
2023-02-03 15:00:00,100185.72083461717
2023-02-03 15:15:00,100053.85543302688
2023-02-06 09:15:00,99609.44097319918
2023-02-06 09:30:00,99767.3988904233
2023-02-06 09:45:00,99722.78910562998
2023-02-06 10:00:00,99735.97564578903
2023-02-06 10:15:00,99414.72908234035
2023-02-06 10:30:00,99364.74129339728
2023-02-06 10:45:00,99364.74129339728
2023-02-06 11:00:00,99364.74129339728
2023-02-06 11:15:00,99364.74129339728
2023-02-06 11:30:00,99364.74129339728
2023-02-06 11:45:00,99364.74129339728
2023-02-06 12:00:00,99364.74129339728
2023-02-06 12:15:00,99364.74129339728
2023-02-06 12:30:00,99364.74129339728
2023-02-06 12:45:00,99364.74129339728
2023-02-06 13:00:00,99364.74129339728
2023-02-06 13:15:00,99364.74129339728
2023-02-06 13:30:00,99364.74129339728
2023-02-06 13:45:00,99364.74129339728
2023-02-06 14:00:00,99364.74129339728
2023-02-06 14:15:00,99223.9785365372
2023-02-06 14:30:00,99209.45037677308
2023-02-06 14:45:00,99222.86098578612
2023-02-06 15:00:00,99248.28526537328
2023-02-06 15:15:00,99245.2120008078
2023-02-07 09:15:00,99404.46298283734
2023-02-07 09:30:00,99184.02609718592
2023-02-07 09:45:00,99192.68711550682
2023-02-07 10:00:00,99187.09936175139
2023-02-07 10:15:00,99250.52036687545
2023-02-07 10:30:00,99293.82545847999
2023-02-07 10:45:00,99229.28690260484
2023-02-07 11:00:00,99280.1354617792
2023-02-07 11:15:00,99161.67508216423
2023-02-07 11:30:00,99108.31203379996
2023-02-07 11:45:00,99081.77020346171
2023-02-07 12:00:00,99031.67082237212
2023-02-07 12:15:00,99031.67082237212
2023-02-07 12:30:00,99031.67082237212
2023-02-07 12:45:00,99031.67082237212
2023-02-07 13:00:00,99031.67082237212
2023-02-07 13:15:00,99031.67082237212
2023-02-07 13:30:00,99031.67082237212
2023-02-07 13:45:00,99031.67082237212
2023-02-07 14:00:00,99031.67082237212
2023-02-07 14:15:00,98921.01715188561
2023-02-07 14:30:00,99126.20577645351
2023-02-07 14:45:00,99182.31858398841
2023-02-07 15:00:00,98937.2089072937
2023-02-07 15:15:00,98939.44225286721
2023-02-08 09:15:00,99436.36164297721
2023-02-08 09:30:00,99603.86256099182
2023-02-08 09:45:00,99666.11706885391
2023-02-08 10:00:00,99728.37157671602
2023-02-08 10:15:00,99661.37120951018
2023-02-08 10:30:00,99452.83256658199
2023-02-08 10:45:00,99516.48291542755
2023-02-08 11:00:00,99611.1209341058
2023-02-08 11:15:00,99604.7000655819
2023-02-08 11:30:00,99799.00113047882
2023-02-08 11:45:00,99811.84286752662
2023-02-08 12:00:00,99672.81710557449
2023-02-08 12:15:00,99596.04585148446
2023-02-08 12:30:00,99636.24607180797
2023-02-08 12:45:00,99657.74202295317
2023-02-08 13:00:00,99673.09627377118
2023-02-08 13:15:00,99838.64301440895
2023-02-08 13:30:00,99762.15092851562
2023-02-08 13:45:00,99815.47205408358
2023-02-08 14:00:00,99861.5348065376
2023-02-08 14:15:00,99864.04732030783
2023-02-08 14:30:00,99877.7265619457
2023-02-08 14:45:00,99887.21828063321
2023-02-08 15:00:00,99781.41353408732
2023-02-08 15:15:00,99732.83826786307
2023-02-09 09:15:00,99472.09517215367
2023-02-09 09:30:00,99326.36937348098
2023-02-09 09:45:00,99277.26424601942
2023-02-09 10:00:00,99277.26424601942
2023-02-09 10:15:00,99277.26424601942
2023-02-09 10:30:00,99277.26424601942
2023-02-09 10:45:00,99277.26424601942
2023-02-09 11:00:00,99277.26424601942
2023-02-09 11:15:00,99277.26424601942
2023-02-09 11:30:00,99277.26424601942
2023-02-09 11:45:00,99277.26424601942
2023-02-09 12:00:00,99277.26424601942
2023-02-09 12:15:00,99277.26424601942
2023-02-09 12:30:00,99277.26424601942
2023-02-09 12:45:00,99277.26424601942
2023-02-09 13:00:00,99277.26424601942
2023-02-09 13:15:00,99277.26424601942
2023-02-09 13:30:00,99277.26424601942
2023-02-09 13:45:00,99277.26424601942
2023-02-09 14:00:00,99277.26424601942
2023-02-09 14:15:00,99171.35966976339
2023-02-09 14:30:00,99215.43003979862
2023-02-09 14:45:00,99146.13700515205
2023-02-09 15:00:00,99191.8704080188
2023-02-09 15:15:00,99211.54962985843
2023-02-10 09:15:00,99007.55093585892
2023-02-10 09:30:00,98738.13961715304
2023-02-10 09:45:00,98686.55427892432
2023-02-10 10:00:00,98686.55427892432
2023-02-10 10:15:00,98686.55427892432
2023-02-10 10:30:00,98686.55427892432
2023-02-10 10:45:00,98686.55427892432
2023-02-10 11:00:00,98686.55427892432
2023-02-10 11:15:00,98686.55427892432
2023-02-10 11:30:00,98686.55427892432
2023-02-10 11:45:00,98686.55427892432
2023-02-10 12:00:00,98686.55427892432
2023-02-10 12:15:00,98686.55427892432
2023-02-10 12:30:00,98686.55427892432
2023-02-10 12:45:00,98686.55427892432
2023-02-10 13:00:00,98686.55427892432
2023-02-10 13:15:00,98686.55427892432
2023-02-10 13:30:00,98686.55427892432
2023-02-10 13:45:00,98686.55427892432
2023-02-10 14:00:00,98686.55427892432
2023-02-10 14:15:00,98686.55427892432
2023-02-10 14:30:00,98686.55427892432
2023-02-10 14:45:00,98686.55427892432
2023-02-10 15:00:00,98686.55427892432
2023-02-10 15:15:00,98686.55427892432
2023-02-13 09:15:00,98686.55427892432
2023-02-13 09:30:00,98686.55427892432
2023-02-13 09:45:00,98686.55427892432
2023-02-13 10:00:00,98686.55427892432
2023-02-13 10:15:00,98686.55427892432
2023-02-13 10:30:00,98686.55427892432
2023-02-13 10:45:00,98686.55427892432
2023-02-13 11:00:00,98686.55427892432
2023-02-13 11:15:00,98686.55427892432
2023-02-13 11:30:00,98686.55427892432
2023-02-13 11:45:00,98686.55427892432
2023-02-13 12:00:00,98686.55427892432
2023-02-13 12:15:00,98686.55427892432
2023-02-13 12:30:00,98686.55427892432
2023-02-13 12:45:00,98686.55427892432
2023-02-13 13:00:00,98686.55427892432
2023-02-13 13:15:00,98686.55427892432
2023-02-13 13:30:00,98686.55427892432
2023-02-13 13:45:00,98686.55427892432
2023-02-13 14:00:00,98686.55427892432
2023-02-13 14:15:00,98686.55427892432
2023-02-13 14:30:00,98686.55427892432
2023-02-13 14:45:00,98659.65783643485
2023-02-13 15:00:00,98461.51602440097
2023-02-13 15:15:00,98458.74481024666
2023-02-14 09:15:00,98758.86730315951
2023-02-14 09:30:00,98730.32379737
2023-02-14 09:45:00,98835.90705664958
2023-02-14 10:00:00,98860.57086262303
2023-02-14 10:15:00,98886.89739708907
2023-02-14 10:30:00,98924.86303100325
2023-02-14 10:45:00,98866.94465517795
2023-02-14 11:00:00,98950.08107980755
2023-02-14 11:15:00,98929.85121648101
2023-02-14 11:30:00,99047.90493945504
2023-02-14 11:45:00,99084.48496629208
2023-02-14 12:00:00,99194.779289634
2023-02-14 12:15:00,99188.6826184945
2023-02-14 12:30:00,99312.55589119258
2023-02-14 12:45:00,99232.74492354818
2023-02-14 13:00:00,99301.4710345753
2023-02-14 13:15:00,99265.99949340001
2023-02-14 13:30:00,99237.4559876105
2023-02-14 13:45:00,99410.93399367093
2023-02-14 14:00:00,99441.69447078388
2023-02-14 14:15:00,99410.37975084006
2023-02-14 14:30:00,99448.62250616968
2023-02-14 14:45:00,99466.63539817274
2023-02-14 15:00:00,99347.19606812154
2023-02-14 15:15:00,99330.56878319563
2023-02-15 09:15:00,99052.06176068648
2023-02-15 09:30:00,99001.98176409671
2023-02-15 09:45:00,99001.98176409671
2023-02-15 10:00:00,99001.98176409671
2023-02-15 10:15:00,99001.98176409671
2023-02-15 10:30:00,99001.98176409671
2023-02-15 10:45:00,99001.98176409671
2023-02-15 11:00:00,99001.98176409671
2023-02-15 11:15:00,98916.63042345569
2023-02-15 11:30:00,98957.72043971792
2023-02-15 11:45:00,98914.14847616469
2023-02-15 12:00:00,98810.18246186365
2023-02-15 12:15:00,98815.6979002881
2023-02-15 12:30:00,98903.11759931575
2023-02-15 12:45:00,98955.2384924269
2023-02-15 13:00:00,98857.61523231397
2023-02-15 13:15:00,98879.67698601181
2023-02-15 13:30:00,98795.56655003881
2023-02-15 13:45:00,98866.16416187189
2023-02-15 14:00:00,98924.62780917117
2023-02-15 14:15:00,98928.21284414706
2023-02-15 14:30:00,99042.38241953334
2023-02-15 14:45:00,99112.98003136642
2023-02-15 15:00:00,99361.17476046705
2023-02-15 15:15:00,99405.84981170518
2023-02-16 09:15:00,99942.50197040502
2023-02-16 09:30:00,100003.99910883776
2023-02-16 09:45:00,99953.80861917516
2023-02-16 10:00:00,99877.1440250752
2023-02-16 10:15:00,99829.71125462484
2023-02-16 10:30:00,99881.55637581476
2023-02-16 10:45:00,99931.74686547733
2023-02-16 11:00:00,99908.30625217338
2023-02-16 11:15:00,99889.00221768777
2023-02-16 11:30:00,99849.29106103166
2023-02-16 11:45:00,99799.37634329032
2023-02-16 12:00:00,99770.97183540437
2023-02-16 12:15:00,99746.70390633674
2023-02-16 12:30:00,99705.65084351196
2023-02-16 12:45:00,99705.65084351196
2023-02-16 13:00:00,99705.65084351196
2023-02-16 13:15:00,99705.65084351196
2023-02-16 13:30:00,99705.65084351196
2023-02-16 13:45:00,99705.65084351196
2023-02-16 14:00:00,99705.65084351196
2023-02-16 14:15:00,99705.65084351196
2023-02-16 14:30:00,99705.65084351196
2023-02-16 14:45:00,99705.65084351196
2023-02-16 15:00:00,99705.65084351196
2023-02-16 15:15:00,99705.65084351196
2023-02-17 09:15:00,99705.65084351196
2023-02-17 09:30:00,99705.65084351196
2023-02-17 09:45:00,99705.65084351196
2023-02-17 10:00:00,99705.65084351196
2023-02-17 10:15:00,99705.65084351196
2023-02-17 10:30:00,99705.65084351196
2023-02-17 10:45:00,99705.65084351196
2023-02-17 11:00:00,99705.65084351196
2023-02-17 11:15:00,99705.65084351196
2023-02-17 11:30:00,99705.65084351196
2023-02-17 11:45:00,99705.65084351196
2023-02-17 12:00:00,99705.65084351196
2023-02-17 12:15:00,99705.65084351196
2023-02-17 12:30:00,99705.65084351196
2023-02-17 12:45:00,99705.65084351196
2023-02-17 13:00:00,99705.65084351196
2023-02-17 13:15:00,99705.65084351196
2023-02-17 13:30:00,99705.65084351196
2023-02-17 13:45:00,99705.65084351196
2023-02-17 14:00:00,99705.65084351196
2023-02-17 14:15:00,99705.65084351196
2023-02-17 14:30:00,99705.65084351196
2023-02-17 14:45:00,99705.65084351196
2023-02-17 15:00:00,99705.65084351196
2023-02-17 15:15:00,99705.65084351196
2023-02-20 09:15:00,99705.65084351196
2023-02-20 09:30:00,99705.65084351196
2023-02-20 09:45:00,99705.65084351196
2023-02-20 10:00:00,99467.48657936165
2023-02-20 10:15:00,99437.57829203417
2023-02-20 10:30:00,99471.64050815711
2023-02-20 10:45:00,99479.67143716173
2023-02-20 11:00:00,99499.0564382073
2023-02-20 11:15:00,99327.08378607432
2023-02-20 11:30:00,99352.28428743358
2023-02-20 11:45:00,99310.74499947875
2023-02-20 12:00:00,99231.82035236456
2023-02-20 12:15:00,99177.49901011317
2023-02-20 12:30:00,99177.49901011317
2023-02-20 12:45:00,99177.49901011317
2023-02-20 13:00:00,99177.49901011317
2023-02-20 13:15:00,99177.49901011317
2023-02-20 13:30:00,99177.49901011317
2023-02-20 13:45:00,99177.49901011317
2023-02-20 14:00:00,99177.49901011317
2023-02-20 14:15:00,99177.49901011317
2023-02-20 14:30:00,99177.49901011317
2023-02-20 14:45:00,99177.49901011317
2023-02-20 15:00:00,99177.49901011317
2023-02-20 15:15:00,99177.49901011317
2023-02-21 09:15:00,99177.49901011317
2023-02-21 09:30:00,99177.49901011317
2023-02-21 09:45:00,99177.49901011317
2023-02-21 10:00:00,99177.49901011317
2023-02-21 10:15:00,99177.49901011317
2023-02-21 10:30:00,99053.500498721
2023-02-21 10:45:00,99019.47670425216
2023-02-21 11:00:00,99073.97009864532
2023-02-21 11:15:00,99073.41686621492
2023-02-21 11:30:00,98867.0611696804
2023-02-21 11:45:00,98983.79321249215
2023-02-21 12:00:00,98823.35580767979
2023-02-21 12:15:00,98641.8955705127
2023-02-21 12:30:00,98591.7451890062
2023-02-21 12:45:00,98591.7451890062
2023-02-21 13:00:00,98591.7451890062
2023-02-21 13:15:00,98591.7451890062
2023-02-21 13:30:00,98591.7451890062
2023-02-21 13:45:00,98591.7451890062
2023-02-21 14:00:00,98591.7451890062
2023-02-21 14:15:00,98591.7451890062
2023-02-21 14:30:00,98591.7451890062
2023-02-21 14:45:00,98591.7451890062
2023-02-21 15:00:00,98591.7451890062
2023-02-21 15:15:00,98591.7451890062
2023-02-22 09:15:00,98591.7451890062
2023-02-22 09:30:00,98591.7451890062
2023-02-22 09:45:00,98591.7451890062
2023-02-22 10:00:00,98591.7451890062
2023-02-22 10:15:00,98591.7451890062
2023-02-22 10:30:00,98591.7451890062
2023-02-22 10:45:00,98591.7451890062
2023-02-22 11:00:00,98591.7451890062
2023-02-22 11:15:00,98591.7451890062
2023-02-22 11:30:00,98591.7451890062
2023-02-22 11:45:00,98591.7451890062
2023-02-22 12:00:00,98591.7451890062
2023-02-22 12:15:00,98591.7451890062
2023-02-22 12:30:00,98591.7451890062
2023-02-22 12:45:00,98591.7451890062
2023-02-22 13:00:00,98591.7451890062
2023-02-22 13:15:00,98591.7451890062
2023-02-22 13:30:00,98591.7451890062
2023-02-22 13:45:00,98591.7451890062
2023-02-22 14:00:00,98591.7451890062
2023-02-22 14:15:00,98591.7451890062
2023-02-22 14:30:00,98591.7451890062
2023-02-22 14:45:00,98591.7451890062
2023-02-22 15:00:00,98591.7451890062
2023-02-22 15:15:00,98591.7451890062
2023-02-23 09:15:00,98591.7451890062
2023-02-23 09:30:00,98591.7451890062
2023-02-23 09:45:00,98591.7451890062
2023-02-23 10:00:00,98591.7451890062
2023-02-23 10:15:00,98591.7451890062
2023-02-23 10:30:00,98591.7451890062
2023-02-23 10:45:00,98591.7451890062
2023-02-23 11:00:00,98591.7451890062
2023-02-23 11:15:00,98591.7451890062
2023-02-23 11:30:00,98591.7451890062
2023-02-23 11:45:00,98591.7451890062
2023-02-23 12:00:00,98591.7451890062
2023-02-23 12:15:00,98591.7451890062
2023-02-23 12:30:00,98591.7451890062
2023-02-23 12:45:00,98591.7451890062
2023-02-23 13:00:00,98591.7451890062
2023-02-23 13:15:00,98591.7451890062
2023-02-23 13:30:00,98591.7451890062
2023-02-23 13:45:00,98591.7451890062
2023-02-23 14:00:00,98591.7451890062
2023-02-23 14:15:00,98591.7451890062
2023-02-23 14:30:00,98591.7451890062
2023-02-23 14:45:00,98591.7451890062
2023-02-23 15:00:00,98591.7451890062
2023-02-23 15:15:00,98591.7451890062
2023-02-24 09:15:00,98591.7451890062
2023-02-24 09:30:00,98591.7451890062
2023-02-24 09:45:00,98591.7451890062
2023-02-24 10:00:00,98591.7451890062
2023-02-24 10:15:00,98591.7451890062
2023-02-24 10:30:00,98591.7451890062
2023-02-24 10:45:00,98591.7451890062
2023-02-24 11:00:00,98591.7451890062
2023-02-24 11:15:00,98591.7451890062
2023-02-24 11:30:00,98591.7451890062
2023-02-24 11:45:00,98591.7451890062
2023-02-24 12:00:00,98591.7451890062
2023-02-24 12:15:00,98591.7451890062
2023-02-24 12:30:00,98591.7451890062
2023-02-24 12:45:00,98591.7451890062
2023-02-24 13:00:00,98591.7451890062
2023-02-24 13:15:00,98591.7451890062
2023-02-24 13:30:00,98591.7451890062
2023-02-24 13:45:00,98591.7451890062
2023-02-24 14:00:00,98591.7451890062
2023-02-24 14:15:00,98591.7451890062
2023-02-24 14:30:00,98591.7451890062
2023-02-24 14:45:00,98591.7451890062
2023-02-24 15:00:00,98591.7451890062
2023-02-24 15:15:00,98591.7451890062
2023-02-27 09:15:00,98591.7451890062
2023-02-27 09:30:00,98591.7451890062
2023-02-27 09:45:00,98591.7451890062
2023-02-27 10:00:00,98591.7451890062
2023-02-27 10:15:00,98591.7451890062
2023-02-27 10:30:00,98591.7451890062
2023-02-27 10:45:00,98591.7451890062
2023-02-27 11:00:00,98591.7451890062
2023-02-27 11:15:00,98591.7451890062
2023-02-27 11:30:00,98591.7451890062
2023-02-27 11:45:00,98591.7451890062
2023-02-27 12:00:00,98591.7451890062
2023-02-27 12:15:00,98591.7451890062
2023-02-27 12:30:00,98591.7451890062
2023-02-27 12:45:00,98591.7451890062
2023-02-27 13:00:00,98591.7451890062
2023-02-27 13:15:00,98591.7451890062
2023-02-27 13:30:00,98591.7451890062
2023-02-27 13:45:00,98591.7451890062
2023-02-27 14:00:00,98591.7451890062
2023-02-27 14:15:00,98591.7451890062
2023-02-27 14:30:00,98591.7451890062
2023-02-27 14:45:00,98591.7451890062
2023-02-27 15:00:00,98702.10823592565
2023-02-27 15:15:00,98723.9443581327
2023-02-28 09:15:00,98730.46683619455
2023-02-28 09:30:00,98810.43808895285
2023-02-28 09:45:00,98705.79485396062
2023-02-28 10:00:00,98577.04680873979
2023-02-28 10:15:00,98757.6910924527
2023-02-28 10:30:00,98480.06039582011
2023-02-28 10:45:00,98526.56850026111
2023-02-28 11:00:00,98546.41952044934
2023-02-28 11:15:00,98474.10508976363
2023-02-28 11:30:00,98377.96943485204
2023-02-28 11:45:00,98556.91220254886
2023-02-28 12:00:00,98602.85313498447
2023-02-28 12:15:00,98640.8536593448
2023-02-28 12:30:00,98430.43284534951
2023-02-28 12:45:00,98429.58208734146
2023-02-28 13:00:00,98396.40252502683
2023-02-28 13:15:00,98318.98354629273
2023-02-28 13:30:00,98272.09160819708
2023-02-28 13:45:00,98272.09160819708
2023-02-28 14:00:00,98272.09160819708
2023-02-28 14:15:00,98272.09160819708
2023-02-28 14:30:00,98272.09160819708
2023-02-28 14:45:00,98272.09160819708
2023-02-28 15:00:00,98272.09160819708
2023-02-28 15:15:00,98272.09160819708
2023-03-01 09:15:00,98272.09160819708
2023-03-01 09:30:00,98272.09160819708
2023-03-01 09:45:00,98272.09160819708
2023-03-01 10:00:00,98272.09160819708
2023-03-01 10:15:00,98272.09160819708
2023-03-01 10:30:00,98272.09160819708
2023-03-01 10:45:00,98272.09160819708
2023-03-01 11:00:00,98272.09160819708
2023-03-01 11:15:00,98204.92354113187
2023-03-01 11:30:00,98213.93955176242
2023-03-01 11:45:00,98203.51478947084
2023-03-01 12:00:00,98093.06865924638
2023-03-01 12:15:00,98146.88297269757
2023-03-01 12:30:00,98146.60122236537
2023-03-01 12:45:00,98173.36750392485
2023-03-01 13:00:00,98129.41445210084
2023-03-01 13:15:00,98168.29599794518
2023-03-01 13:30:00,98164.91499395871
2023-03-01 13:45:00,98183.22876555205
2023-03-01 14:00:00,98290.85739245446
2023-03-01 14:15:00,98306.91716139014
2023-03-01 14:30:00,98418.49029294342
2023-03-01 14:45:00,98337.0644469361
2023-03-01 15:00:00,98314.52442035968
2023-03-01 15:15:00,98375.10074178381
2023-03-02 09:15:00,97920.07395527235
2023-03-02 09:30:00,97982.34077868973
2023-03-02 09:45:00,97756.09526192892
2023-03-02 10:00:00,97699.89536841493
2023-03-02 10:15:00,97699.89536841493
2023-03-02 10:30:00,97699.89536841493
2023-03-02 10:45:00,97699.89536841493
2023-03-02 11:00:00,97699.89536841493
2023-03-02 11:15:00,97699.89536841493
2023-03-02 11:30:00,97699.89536841493
2023-03-02 11:45:00,97699.89536841493
2023-03-02 12:00:00,97699.89536841493
2023-03-02 12:15:00,97699.89536841493
2023-03-02 12:30:00,97699.89536841493
2023-03-02 12:45:00,97699.89536841493
2023-03-02 13:00:00,97699.89536841493
2023-03-02 13:15:00,97699.89536841493
2023-03-02 13:30:00,97699.89536841493
2023-03-02 13:45:00,97699.89536841493
2023-03-02 14:00:00,97699.89536841493
2023-03-02 14:15:00,97699.89536841493
2023-03-02 14:30:00,97699.89536841493
2023-03-02 14:45:00,97699.89536841493
2023-03-02 15:00:00,97699.89536841493
2023-03-02 15:15:00,97699.89536841493
2023-03-03 09:15:00,97699.89536841493
2023-03-03 09:30:00,97615.54967028802
2023-03-03 09:45:00,97744.39644945414
2023-03-03 10:00:00,97893.6462977724
2023-03-03 10:15:00,97941.43978852598
2023-03-03 10:30:00,97997.89759631678
2023-03-03 10:45:00,98058.2683214792
2023-03-03 11:00:00,98090.41014274624
2023-03-03 11:15:00,98168.10950198308
2023-03-03 11:30:00,98243.01392024018
2023-03-03 11:45:00,98195.22042948657
2023-03-03 12:00:00,98217.30046322654
2023-03-03 12:15:00,98161.96063182765
2023-03-03 12:30:00,98047.64754575618
2023-03-03 12:45:00,98137.08565710793
2023-03-03 13:00:00,98167.55051378712
2023-03-03 13:15:00,98231.8341563212
2023-03-03 13:30:00,98399.81010920373
2023-03-03 13:45:00,98370.74272301441
2023-03-03 14:00:00,98436.42383603836
2023-03-03 14:15:00,98517.47712445089
2023-03-03 14:30:00,98513.8437011772
2023-03-03 14:45:00,98535.08525262326
2023-03-03 15:00:00,98336.64444306155
2023-03-03 15:15:00,98338.88039584534
2023-03-06 09:15:00,99219.2868044642
2023-03-06 09:30:00,99295.86818730916
2023-03-06 09:45:00,99317.38923285315
2023-03-06 10:00:00,99360.99031213715
2023-03-06 10:15:00,99368.25715868447
2023-03-06 10:30:00,99410.18127338061
2023-03-06 10:45:00,99365.74171180271
2023-03-06 11:00:00,99384.46781636697
2023-03-06 11:15:00,99291.39628174156
2023-03-06 11:30:00,99356.79790066753
2023-03-06 11:45:00,99415.21216714413
2023-03-06 12:00:00,99385.86528685683
2023-03-06 12:15:00,99273.50865947119
2023-03-06 12:30:00,99288.04235256584
2023-03-06 12:45:00,99274.34714176513
2023-03-06 13:00:00,99334.99736102553
2023-03-06 13:15:00,99244.1617791839
2023-03-06 13:30:00,99133.76161048407
2023-03-06 13:45:00,99081.95989487143
2023-03-06 14:00:00,99081.95989487143
2023-03-06 14:15:00,99081.95989487143
2023-03-06 14:30:00,99081.95989487143
2023-03-06 14:45:00,99081.95989487143
2023-03-06 15:00:00,99081.95989487143
2023-03-06 15:15:00,99081.95989487143
2023-03-08 09:15:00,99081.95989487143
2023-03-08 09:30:00,99081.95989487143
2023-03-08 09:45:00,99081.95989487143
2023-03-08 10:00:00,99081.95989487143
2023-03-08 10:15:00,99081.95989487143
2023-03-08 10:30:00,99081.95989487143
2023-03-08 10:45:00,99081.95989487143
2023-03-08 11:00:00,99081.95989487143
2023-03-08 11:15:00,99081.95989487143
2023-03-08 11:30:00,99081.95989487143
2023-03-08 11:45:00,99081.95989487143
2023-03-08 12:00:00,99081.95989487143
2023-03-08 12:15:00,99081.95989487143
2023-03-08 12:30:00,99081.95989487143
2023-03-08 12:45:00,99081.95989487143
2023-03-08 13:00:00,99081.95989487143
2023-03-08 13:15:00,99081.95989487143
2023-03-08 13:30:00,99081.95989487143
2023-03-08 13:45:00,99081.95989487143
2023-03-08 14:00:00,99091.17310101727
2023-03-08 14:15:00,99122.50866693369
2023-03-08 14:30:00,99045.84844317388
2023-03-08 14:45:00,99082.22008218401
2023-03-08 15:00:00,99359.48388417656
2023-03-08 15:15:00,99330.94613664555
2023-03-09 09:15:00,99231.62358396406
2023-03-09 09:30:00,99174.54808890201
2023-03-09 09:45:00,99009.19702232523
2023-03-09 10:00:00,98904.55861471148
2023-03-09 10:15:00,99060.11731693939
2023-03-09 10:30:00,98927.50072547172
2023-03-09 10:45:00,99011.43527703355
2023-03-09 11:00:00,99062.63535348626
2023-03-09 11:15:00,99128.38408554302
2023-03-09 11:30:00,99124.18735796493
2023-03-09 11:45:00,99022.62655057512
2023-03-09 12:00:00,98934.49527143521
2023-03-09 12:15:00,98846.08421045674
2023-03-09 12:30:00,98798.89830393248
2023-03-09 12:45:00,98798.89830393248
2023-03-09 13:00:00,98798.89830393248
2023-03-09 13:15:00,98798.89830393248
2023-03-09 13:30:00,98798.89830393248
2023-03-09 13:45:00,98798.89830393248
2023-03-09 14:00:00,98798.89830393248
2023-03-09 14:15:00,98798.89830393248
2023-03-09 14:30:00,98798.89830393248
2023-03-09 14:45:00,98798.89830393248
2023-03-09 15:00:00,98798.89830393248
2023-03-09 15:15:00,98798.89830393248
2023-03-10 09:15:00,98798.89830393248
2023-03-10 09:30:00,98798.89830393248
2023-03-10 09:45:00,98798.89830393248
2023-03-10 10:00:00,98798.89830393248
2023-03-10 10:15:00,98798.89830393248
2023-03-10 10:30:00,98798.89830393248
2023-03-10 10:45:00,98798.89830393248
2023-03-10 11:00:00,98798.89830393248
2023-03-10 11:15:00,98798.89830393248
2023-03-10 11:30:00,98798.89830393248
2023-03-10 11:45:00,98798.89830393248
2023-03-10 12:00:00,98798.89830393248
2023-03-10 12:15:00,98798.89830393248
2023-03-10 12:30:00,98798.89830393248
2023-03-10 12:45:00,98798.89830393248
2023-03-10 13:00:00,98798.89830393248
2023-03-10 13:15:00,98798.89830393248
2023-03-10 13:30:00,98798.89830393248
2023-03-10 13:45:00,98798.89830393248
2023-03-10 14:00:00,98798.89830393248
2023-03-10 14:15:00,98798.89830393248
2023-03-10 14:30:00,98798.89830393248
2023-03-10 14:45:00,98798.89830393248
2023-03-10 15:00:00,98798.89830393248
2023-03-10 15:15:00,98798.89830393248
2023-03-13 09:15:00,98798.89830393248
2023-03-13 09:30:00,98798.89830393248
2023-03-13 09:45:00,98798.89830393248
2023-03-13 10:00:00,98798.89830393248
2023-03-13 10:15:00,98798.89830393248
2023-03-13 10:30:00,98798.89830393248
2023-03-13 10:45:00,98798.89830393248
2023-03-13 11:00:00,98798.89830393248
2023-03-13 11:15:00,98798.89830393248
2023-03-13 11:30:00,98798.89830393248
2023-03-13 11:45:00,98798.89830393248
2023-03-13 12:00:00,98798.89830393248
2023-03-13 12:15:00,98798.89830393248
2023-03-13 12:30:00,98798.89830393248
2023-03-13 12:45:00,98798.89830393248
2023-03-13 13:00:00,98798.89830393248
2023-03-13 13:15:00,98798.89830393248
2023-03-13 13:30:00,98798.89830393248
2023-03-13 13:45:00,98798.89830393248
2023-03-13 14:00:00,98798.89830393248
2023-03-13 14:15:00,98798.89830393248
2023-03-13 14:30:00,98798.89830393248
2023-03-13 14:45:00,98798.89830393248
2023-03-13 15:00:00,98798.89830393248
2023-03-13 15:15:00,98798.89830393248
2023-03-14 09:15:00,98798.89830393248
2023-03-14 09:30:00,98798.89830393248
2023-03-14 09:45:00,98798.89830393248
2023-03-14 10:00:00,98798.89830393248
2023-03-14 10:15:00,98798.89830393248
2023-03-14 10:30:00,98798.89830393248
2023-03-14 10:45:00,98798.89830393248
2023-03-14 11:00:00,98798.89830393248
2023-03-14 11:15:00,98798.89830393248
2023-03-14 11:30:00,98798.89830393248
2023-03-14 11:45:00,98798.89830393248
2023-03-14 12:00:00,98798.89830393248
2023-03-14 12:15:00,98798.89830393248
2023-03-14 12:30:00,98798.89830393248
2023-03-14 12:45:00,98798.89830393248
2023-03-14 13:00:00,98798.89830393248
2023-03-14 13:15:00,98798.89830393248
2023-03-14 13:30:00,98798.89830393248
2023-03-14 13:45:00,98798.89830393248
2023-03-14 14:00:00,98798.89830393248
2023-03-14 14:15:00,98798.89830393248
2023-03-14 14:30:00,98798.89830393248
2023-03-14 14:45:00,98798.89830393248
2023-03-14 15:00:00,98798.89830393248
2023-03-14 15:15:00,98798.89830393248
2023-03-15 09:15:00,98798.89830393248
2023-03-15 09:30:00,98511.96490243837
2023-03-15 09:45:00,98470.60469791929
2023-03-15 10:00:00,98550.4528705325
2023-03-15 10:15:00,98513.68824429333
2023-03-15 10:30:00,98341.3540587972
2023-03-15 10:45:00,98316.94004918524
2023-03-15 11:00:00,98307.17444534045
2023-03-15 11:15:00,98493.2953656763
2023-03-15 11:30:00,98475.4874998417
2023-03-15 11:45:00,98367.49141026412
2023-03-15 12:00:00,98213.82676153007
2023-03-15 12:15:00,98163.27540045121
2023-03-15 12:30:00,98113.0454426283
2023-03-15 12:45:00,98113.0454426283
2023-03-15 13:00:00,98113.0454426283
2023-03-15 13:15:00,98113.0454426283
2023-03-15 13:30:00,98113.0454426283
2023-03-15 13:45:00,98113.0454426283
2023-03-15 14:00:00,98113.0454426283
2023-03-15 14:15:00,98113.0454426283
2023-03-15 14:30:00,98113.0454426283
2023-03-15 14:45:00,98113.0454426283
2023-03-15 15:00:00,98113.0454426283
2023-03-15 15:15:00,98113.0454426283
2023-03-16 09:15:00,98113.0454426283
2023-03-16 09:30:00,98113.0454426283
2023-03-16 09:45:00,98113.0454426283
2023-03-16 10:00:00,98113.0454426283
2023-03-16 10:15:00,98113.0454426283
2023-03-16 10:30:00,98113.0454426283
2023-03-16 10:45:00,98113.0454426283
2023-03-16 11:00:00,98140.06716152481
2023-03-16 11:15:00,98113.84322217928
2023-03-16 11:30:00,97941.80265306625
2023-03-16 11:45:00,97759.96412859333
2023-03-16 12:00:00,97572.6502761252
2023-03-16 12:15:00,97539.22195783857
2023-03-16 12:30:00,97491.60447113992
2023-03-16 12:45:00,97491.60447113992
2023-03-16 13:00:00,97491.60447113992
2023-03-16 13:15:00,97491.60447113992
2023-03-16 13:30:00,97491.60447113992
2023-03-16 13:45:00,97491.60447113992
2023-03-16 14:00:00,97491.60447113992
2023-03-16 14:15:00,97544.37832831863
2023-03-16 14:30:00,97408.25619344202
2023-03-16 14:45:00,97095.11808905148
2023-03-16 15:00:00,97097.97779776737
2023-03-16 15:15:00,97288.1484273744
2023-03-17 09:15:00,97834.638762982
2023-03-17 09:30:00,97626.45196846481
2023-03-17 09:45:00,97551.52760010835
2023-03-17 10:00:00,97693.36915241677
2023-03-17 10:15:00,97617.30090057396
2023-03-17 10:30:00,97610.15162878422
2023-03-17 10:45:00,97572.40347373439
2023-03-17 11:00:00,97393.38570811934
2023-03-17 11:15:00,97366.50444618992
2023-03-17 11:30:00,97274.99376728127
2023-03-17 11:45:00,97227.49958194225
2023-03-17 12:00:00,97227.49958194225
2023-03-17 12:15:00,97227.49958194225
2023-03-17 12:30:00,97227.49958194225
2023-03-17 12:45:00,97227.49958194225
2023-03-17 13:00:00,97227.49958194225
2023-03-17 13:15:00,97227.49958194225
2023-03-17 13:30:00,97227.49958194225
2023-03-17 13:45:00,97227.49958194225
2023-03-17 14:00:00,97227.49958194225
2023-03-17 14:15:00,97227.49958194225
2023-03-17 14:30:00,97227.49958194225
2023-03-17 14:45:00,97314.6892638104
2023-03-17 15:00:00,97447.36096014826
2023-03-17 15:15:00,97503.44749272028
2023-03-20 09:15:00,96559.656348171
2023-03-20 09:30:00,96527.2001821141
2023-03-20 09:45:00,96287.4800784307
2023-03-20 10:00:00,96236.4907297973
2023-03-20 10:15:00,96236.4907297973
2023-03-20 10:30:00,96236.4907297973
2023-03-20 10:45:00,96236.4907297973
2023-03-20 11:00:00,96236.4907297973
2023-03-20 11:15:00,96236.4907297973
2023-03-20 11:30:00,96236.4907297973
2023-03-20 11:45:00,96236.4907297973
2023-03-20 12:00:00,96236.4907297973
2023-03-20 12:15:00,96236.4907297973
2023-03-20 12:30:00,96236.4907297973
2023-03-20 12:45:00,96236.4907297973
2023-03-20 13:00:00,96236.4907297973
2023-03-20 13:15:00,96236.4907297973
2023-03-20 13:30:00,96236.4907297973
2023-03-20 13:45:00,96236.4907297973
2023-03-20 14:00:00,96236.4907297973
2023-03-20 14:15:00,96236.4907297973
2023-03-20 14:30:00,96236.4907297973
2023-03-20 14:45:00,96236.4907297973
2023-03-20 15:00:00,96236.4907297973
2023-03-20 15:15:00,96276.98596171502
2023-03-21 09:15:00,96690.6098924175
2023-03-21 09:30:00,96480.54216032905
2023-03-21 09:45:00,96481.10838063115
2023-03-21 10:00:00,96631.43987084541
2023-03-21 10:15:00,96708.72894208551
2023-03-21 10:30:00,96669.09352093673
2023-03-21 10:45:00,96589.8226786392
2023-03-21 11:00:00,96627.7594388816
2023-03-21 11:15:00,96627.7594388816
2023-03-21 11:30:00,96586.99157712859
2023-03-21 11:45:00,96432.69654479946
2023-03-21 12:00:00,96432.69654479946
2023-03-21 12:15:00,96562.6441041372
2023-03-21 12:30:00,96543.95883416705
2023-03-21 12:45:00,96728.54665265989
2023-03-21 13:00:00,96810.9317066191
2023-03-21 13:15:00,96694.2903243813
2023-03-21 13:30:00,96658.90155549848
2023-03-21 13:45:00,96841.2244927828
2023-03-21 14:00:00,96757.9901083704
2023-03-21 14:15:00,96830.18319689138
2023-03-21 14:30:00,96956.73343441635
2023-03-21 14:45:00,96928.42241931008
2023-03-21 15:00:00,96847.45291610618
2023-03-21 15:15:00,96863.02397441462
2023-03-22 09:15:00,97233.33205200452
2023-03-22 09:30:00,97212.3819008259
2023-03-22 09:45:00,97139.6225920028
2023-03-22 10:00:00,97054.689546684
2023-03-22 10:15:00,97092.34319677534
2023-03-22 10:30:00,97006.56082100335
2023-03-22 10:45:00,97000.33239767997
2023-03-22 11:00:00,96992.68842360127
2023-03-22 11:15:00,97081.30190088387
2023-03-22 11:30:00,97099.70406070295
2023-03-22 11:45:00,97072.808596352
2023-03-22 12:00:00,97041.66647973511
2023-03-22 12:15:00,97107.06492463057
2023-03-22 12:30:00,97010.52436311822
2023-03-22 12:45:00,97057.52064819461
2023-03-22 13:00:00,97019.86699810329
2023-03-22 13:15:00,96998.91684692465
2023-03-22 13:30:00,97065.44773242436
2023-03-22 13:45:00,97025.8123112756
2023-03-22 14:00:00,97061.76730046055
2023-03-22 14:15:00,96987.8755510332
2023-03-22 14:30:00,96928.42241931005
2023-03-22 14:45:00,97056.38820759034
2023-03-22 15:00:00,97164.81939544732
2023-03-22 15:15:00,97065.7308425754
2023-03-23 09:15:00,96596.9004324157
2023-03-23 09:30:00,96712.40937404924
2023-03-23 09:45:00,96965.79295925029
2023-03-23 10:00:00,97031.47451429683
2023-03-23 10:15:00,97210.68323991945
2023-03-23 10:30:00,97130.84617731979
2023-03-23 10:45:00,97054.40643653288
2023-03-23 11:00:00,97029.49274323936
2023-03-23 11:15:00,97080.16946027958
2023-03-23 11:30:00,97159.15719242606
2023-03-23 11:45:00,97208.41835871096
2023-03-23 12:00:00,97208.70146886201
2023-03-23 12:15:00,97173.31269997919
2023-03-23 12:30:00,97349.12410378907
2023-03-23 12:45:00,97308.07313188499
2023-03-23 13:00:00,97257.9626351469
2023-03-23 13:15:00,97313.16911460411
2023-03-23 13:30:00,97246.63822910438
2023-03-23 13:45:00,97163.40384469197
2023-03-23 14:00:00,96990.70665254378
2023-03-23 14:15:00,96868.11995713366
2023-03-23 14:30:00,96811.76277646747
2023-03-23 14:45:00,96811.76277646747
2023-03-23 15:00:00,96811.76277646747
2023-03-23 15:15:00,96811.76277646747
2023-03-24 09:15:00,96811.76277646747
2023-03-24 09:30:00,96811.76277646747
2023-03-24 09:45:00,96811.76277646747
2023-03-24 10:00:00,96811.76277646747
2023-03-24 10:15:00,96811.76277646747
2023-03-24 10:30:00,96811.76277646747
2023-03-24 10:45:00,96811.76277646747
2023-03-24 11:00:00,96811.76277646747
2023-03-24 11:15:00,96811.76277646747
2023-03-24 11:30:00,96811.76277646747
2023-03-24 11:45:00,96811.76277646747
2023-03-24 12:00:00,96811.76277646747
2023-03-24 12:15:00,96811.76277646747
2023-03-24 12:30:00,96811.76277646747
2023-03-24 12:45:00,96811.76277646747
2023-03-24 13:00:00,96811.76277646747
2023-03-24 13:15:00,96811.76277646747
2023-03-24 13:30:00,96811.76277646747
2023-03-24 13:45:00,96811.76277646747
2023-03-24 14:00:00,96811.76277646747
2023-03-24 14:15:00,96811.76277646747
2023-03-24 14:30:00,96811.76277646747
2023-03-24 14:45:00,96811.76277646747
2023-03-24 15:00:00,96811.76277646747
2023-03-24 15:15:00,96811.76277646747
2023-03-27 09:15:00,96811.76277646747
2023-03-27 09:30:00,96811.76277646747
2023-03-27 09:45:00,96811.76277646747
2023-03-27 10:00:00,96811.76277646747
2023-03-27 10:15:00,96811.76277646747
2023-03-27 10:30:00,96811.76277646747
2023-03-27 10:45:00,96811.76277646747
2023-03-27 11:00:00,96811.76277646747
2023-03-27 11:15:00,96811.76277646747
2023-03-27 11:30:00,96811.76277646747
2023-03-27 11:45:00,96811.76277646747
2023-03-27 12:00:00,96811.76277646747
2023-03-27 12:15:00,96813.05908983841
2023-03-27 12:30:00,96857.64905885092
2023-03-27 12:45:00,96743.19200463411
2023-03-27 13:00:00,96623.0546995877
2023-03-27 13:15:00,96495.5330684628
2023-03-27 13:30:00,96660.54435506318
2023-03-27 13:45:00,96806.81081392583
2023-03-27 14:00:00,96790.62209906141
2023-03-27 14:15:00,97039.41708539869
2023-03-27 14:30:00,96923.53996847448
2023-03-27 14:45:00,96876.67789913013
2023-03-27 15:00:00,96464.57570144137
2023-03-27 15:15:00,96356.65093567863
2023-03-28 09:15:00,96696.23976130785
2023-03-28 09:30:00,96696.23976130785
2023-03-28 09:45:00,96696.23976130785
2023-03-28 10:00:00,96696.23976130785
2023-03-28 10:15:00,96696.23976130785
2023-03-28 10:30:00,96696.23976130785
2023-03-28 10:45:00,96696.23976130785
2023-03-28 11:00:00,96696.23976130785
2023-03-28 11:15:00,96696.23976130785
2023-03-28 11:30:00,96696.23976130785
2023-03-28 11:45:00,96696.23976130785
2023-03-28 12:00:00,96696.23976130785
2023-03-28 12:15:00,96696.23976130785
2023-03-28 12:30:00,96696.23976130785
2023-03-28 12:45:00,96696.23976130785
2023-03-28 13:00:00,96696.23976130785
2023-03-28 13:15:00,96696.23976130785
2023-03-28 13:30:00,96696.23976130785
2023-03-28 13:45:00,96696.23976130785
2023-03-28 14:00:00,96696.23976130785
2023-03-28 14:15:00,96696.23976130785
2023-03-28 14:30:00,96696.23976130785
2023-03-28 14:45:00,96696.23976130785
2023-03-28 15:00:00,96696.23976130785
2023-03-28 15:15:00,96696.23976130785
2023-03-29 09:15:00,96696.23976130785
2023-03-29 09:30:00,96696.23976130785
2023-03-29 09:45:00,96696.23976130785
2023-03-29 10:00:00,96598.78742102918
2023-03-29 10:15:00,96751.49303128428
2023-03-29 10:30:00,96677.12710212659
2023-03-29 10:45:00,96603.61269124168
2023-03-29 11:00:00,96378.811867223
2023-03-29 11:15:00,96436.99894919753
2023-03-29 11:30:00,96326.8692525823
2023-03-29 11:45:00,96364.05221716115
2023-03-29 12:00:00,96232.91840315027
2023-03-29 12:15:00,96187.35522148968
2023-03-29 12:30:00,96187.35522148968
2023-03-29 12:45:00,96187.35522148968
2023-03-29 13:00:00,96187.35522148968
2023-03-29 13:15:00,96187.35522148968
2023-03-29 13:30:00,96187.35522148968
2023-03-29 13:45:00,96187.35522148968
2023-03-29 14:00:00,96251.63280600258
2023-03-29 14:15:00,96100.01630409203
2023-03-29 14:30:00,96041.28961433895
2023-03-29 14:45:00,96089.56972947251
2023-03-29 15:00:00,96531.14926203883
2023-03-29 15:15:00,96652.5553995091
2023-03-31 09:15:00,97519.6210929306
2023-03-31 09:30:00,97566.7718486458
2023-03-31 09:45:00,97472.47033721539
2023-03-31 10:00:00,97446.21273073928
2023-03-31 10:15:00,97442.54231262971
2023-03-31 10:30:00,97397.085596042
2023-03-31 10:45:00,97403.86175255197
2023-03-31 11:00:00,97381.83924389456
2023-03-31 11:15:00,97458.07100463171
2023-03-31 11:30:00,97551.24315664379
2023-03-31 11:45:00,97560.56037184501
2023-03-31 12:00:00,97569.31290733707
2023-03-31 12:15:00,97630.0159760722
2023-03-31 12:30:00,97815.23092067803
2023-03-31 12:45:00,97754.5278519429
2023-03-31 13:00:00,97786.71459536525
2023-03-31 13:15:00,97833.86535108044
2023-03-31 13:30:00,97940.0251364033
2023-03-31 13:45:00,97999.8811855747
2023-03-31 14:00:00,98034.60898768828
2023-03-31 14:15:00,98033.19728841537
2023-03-31 14:30:00,98015.6922174313
2023-03-31 14:45:00,98061.99595358277
2023-03-31 15:00:00,98046.46726158075
2023-03-31 15:15:00,98018.7979558317
2023-04-03 09:15:00,97940.5898161125
2023-04-03 09:30:00,98017.66859641336
2023-04-03 09:45:00,98111.68776798919
2023-04-03 10:00:00,98073.00720791145
2023-04-03 10:15:00,98043.6438630349
2023-04-03 10:30:00,97903.3209553076
2023-04-03 10:45:00,97908.96775239923
2023-04-03 11:00:00,97826.80685471585
2023-04-03 11:15:00,97790.66735332937
2023-04-03 11:30:00,97744.02960912994
2023-04-03 11:45:00,97744.02960912994
2023-04-03 12:00:00,97744.02960912994
2023-04-03 12:15:00,97744.02960912994
2023-04-03 12:30:00,97744.02960912994
2023-04-03 12:45:00,97744.02960912994
2023-04-03 13:00:00,97744.02960912994
2023-04-03 13:15:00,97744.02960912994
2023-04-03 13:30:00,97744.02960912994
2023-04-03 13:45:00,97744.02960912994
2023-04-03 14:00:00,97744.02960912994
2023-04-03 14:15:00,97744.02960912994
2023-04-03 14:30:00,97769.10453672588
2023-04-03 14:45:00,97748.86050686719
2023-04-03 15:00:00,97869.20001769386
2023-04-03 15:15:00,97844.45731453324
2023-04-05 09:15:00,98217.00369734949
2023-04-05 09:30:00,98172.01696433018
2023-04-05 09:45:00,98257.77292414824
2023-04-05 10:00:00,98361.52357717407
2023-04-05 10:15:00,98413.82065430903
2023-04-05 10:30:00,98437.43868914418
2023-04-05 10:45:00,98339.31137774579
2023-04-05 11:00:00,98329.47052989782
2023-04-05 11:15:00,98382.32994119552
2023-04-05 11:30:00,98342.12304855952
2023-04-05 11:45:00,98432.09651459815
2023-04-05 12:00:00,98463.86839479303
2023-04-05 12:15:00,98453.46521278232
2023-04-05 12:30:00,98552.99835958757
2023-04-05 12:45:00,98606.70127212939
2023-04-05 13:00:00,98619.07262370971
2023-04-05 13:15:00,98635.09914734784
2023-04-05 13:30:00,98552.99835958758
2023-04-05 13:45:00,98539.2211726004
2023-04-05 14:00:00,98615.41745165185
2023-04-05 14:15:00,98631.16280820861
2023-04-05 14:30:00,98650.84450390458
2023-04-05 14:45:00,98663.77818964765
2023-04-05 15:00:00,98703.98508228366
2023-04-05 15:15:00,98751.50231903532
2023-04-06 09:15:00,98588.14424475892
2023-04-06 09:30:00,98595.1734217932
2023-04-06 09:45:00,98565.08854408651
2023-04-06 10:00:00,98906.14421378923
2023-04-06 10:15:00,98871.84182986201
2023-04-06 10:30:00,98955.34845302912
2023-04-06 10:45:00,99026.7648916973
2023-04-06 11:00:00,99073.43862720484
2023-04-06 11:15:00,99011.01953514054
2023-04-06 11:30:00,99028.45189418552
2023-04-06 11:45:00,98958.72245800556
2023-04-06 12:00:00,98983.74632824757
2023-04-06 12:15:00,99049.82059236968
2023-04-06 12:30:00,99110.27151486439
2023-04-06 12:45:00,99154.13357955821
2023-04-06 13:00:00,99074.5632955303
2023-04-06 13:15:00,99065.28478184505
2023-04-06 13:30:00,98825.73042851718
2023-04-06 13:45:00,98792.27154583405
2023-04-06 14:00:00,98833.60310679555
2023-04-06 14:15:00,98868.7489919669
2023-04-06 14:30:00,98947.75694183209
2023-04-06 14:45:00,99002.58452269938
2023-04-06 15:00:00,98922.17073742732
2023-04-06 15:15:00,98982.05932575931
2023-04-10 09:15:00,99167.91076654538
2023-04-10 09:30:00,99257.0407313399
2023-04-10 09:45:00,99133.04604845539
2023-04-10 10:00:00,99139.51289132691
2023-04-10 10:15:00,99023.10971963941
2023-04-10 10:30:00,99135.01421802498
2023-04-10 10:45:00,99102.11766950459
2023-04-10 11:00:00,99195.74630760105
2023-04-10 11:15:00,99167.62959946397
2023-04-10 11:30:00,99236.23436731842
2023-04-10 11:45:00,99348.42003278535
2023-04-10 12:00:00,99376.25557384103
2023-04-10 12:15:00,99435.58182801027
2023-04-10 12:30:00,99406.62161862907
2023-04-10 12:45:00,99455.2635237062
2023-04-10 13:00:00,99350.38820235491
2023-04-10 13:15:00,99338.57918493735
2023-04-10 13:30:00,99307.93197306794
2023-04-10 13:45:00,99201.08848214707
2023-04-10 14:00:00,99119.83119563092
2023-04-10 14:15:00,99071.67641252225
2023-04-10 14:30:00,99071.67641252225
2023-04-10 14:45:00,99071.67641252225
2023-04-10 15:00:00,99071.67641252225
2023-04-10 15:15:00,99071.67641252225
2023-04-11 09:15:00,99071.67641252225
2023-04-11 09:30:00,99071.67641252225
2023-04-11 09:45:00,99071.67641252225
2023-04-11 10:00:00,99109.00700136839
2023-04-11 10:15:00,99004.26452501904
2023-04-11 10:30:00,98969.90899277646
2023-04-11 10:45:00,98956.22264253347
2023-04-11 11:00:00,98900.63930175074
2023-04-11 11:15:00,98903.71174772365
2023-04-11 11:30:00,98792.26575288794
2023-04-11 11:45:00,98829.41441783316
2023-04-11 12:00:00,98740.8721111592
2023-04-11 12:15:00,98689.26828619458
2023-04-11 12:30:00,98689.26828619458
2023-04-11 12:45:00,98689.26828619458
2023-04-11 13:00:00,98689.26828619458
2023-04-11 13:15:00,98689.26828619458
2023-04-11 13:30:00,98689.26828619458
2023-04-11 13:45:00,98689.26828619458
2023-04-11 14:00:00,98689.26828619458
2023-04-11 14:15:00,98689.26828619458
2023-04-11 14:30:00,98689.26828619458
2023-04-11 14:45:00,98689.26828619458
2023-04-11 15:00:00,98689.26828619458
2023-04-11 15:15:00,98689.26828619458
2023-04-12 09:15:00,98689.26828619458
2023-04-12 09:30:00,98636.59203821866
2023-04-12 09:45:00,98624.93138980377
2023-04-12 10:00:00,98568.84922361778
2023-04-12 10:15:00,98516.65394023679
2023-04-12 10:30:00,98524.42770584671
2023-04-12 10:45:00,98583.2862168934
2023-04-12 11:00:00,98584.39675483767
2023-04-12 11:15:00,98627.15246569233
2023-04-12 11:30:00,98673.79505935196
2023-04-12 11:45:00,98641.58945896795
2023-04-12 12:00:00,98622.71031391525
2023-04-12 12:15:00,98702.11377693103
2023-04-12 12:30:00,98650.47376252218
2023-04-12 12:45:00,98686.84388019722
2023-04-12 13:00:00,98795.39896425026
2023-04-12 13:15:00,98839.82048202131
2023-04-12 13:30:00,98883.40909633419
2023-04-12 13:45:00,98883.96436530632
2023-04-12 14:00:00,98877.0235031546
2023-04-12 14:15:00,98850.64822697804
2023-04-12 14:30:00,98808.17015060947
2023-04-12 14:45:00,98717.6613081509
2023-04-12 15:00:00,98905.89748970578
2023-04-12 15:15:00,98937.2701866316
2023-04-13 09:15:00,98887.29597913916
2023-04-13 09:30:00,98831.21381295318
2023-04-13 09:45:00,98835.10069575816
2023-04-13 10:00:00,98795.67659873635
2023-04-13 10:15:00,98828.99273706465
2023-04-13 10:30:00,98795.95423322241
2023-04-13 10:45:00,98613.82601036104
2023-04-13 11:00:00,98546.91609921836
2023-04-13 11:15:00,98493.75770180521
2023-04-13 11:30:00,98493.75770180521
2023-04-13 11:45:00,98493.75770180521
2023-04-13 12:00:00,98493.75770180521
2023-04-13 12:15:00,98493.75770180521
2023-04-13 12:30:00,98493.75770180521
2023-04-13 12:45:00,98493.75770180521
2023-04-13 13:00:00,98493.75770180521
2023-04-13 13:15:00,98493.75770180521
2023-04-13 13:30:00,98493.75770180521
2023-04-13 13:45:00,98493.75770180521
2023-04-13 14:00:00,98493.75770180521
2023-04-13 14:15:00,98493.75770180521
2023-04-13 14:30:00,98410.50093954086
2023-04-13 14:45:00,98544.32844825719
2023-04-13 15:00:00,98637.23349563051
2023-04-13 15:15:00,98590.78097194387
2023-04-17 09:15:00,97519.60789597886
2023-04-17 09:30:00,97531.49753001769
2023-04-17 09:45:00,97236.46870398396
2023-04-17 10:00:00,97189.78502369134
2023-04-17 10:15:00,97189.78502369134
2023-04-17 10:30:00,97189.78502369134
2023-04-17 10:45:00,97189.78502369134
2023-04-17 11:00:00,97189.78502369134
2023-04-17 11:15:00,97189.78502369134
2023-04-17 11:30:00,97189.78502369134
2023-04-17 11:45:00,97189.78502369134
2023-04-17 12:00:00,97189.78502369134
2023-04-17 12:15:00,97189.78502369134
2023-04-17 12:30:00,97118.11621428371
2023-04-17 12:45:00,97132.12537811328
2023-04-17 13:00:00,97082.1318915058
2023-04-17 13:15:00,97063.72769588656
2023-04-17 13:30:00,97135.14696246869
2023-04-17 13:45:00,97169.48314832548
2023-04-17 14:00:00,97175.25162754941
2023-04-17 14:15:00,97208.76374494564
2023-04-17 14:30:00,97172.77942216772
2023-04-17 14:45:00,97162.6159111541
2023-04-17 15:00:00,97302.15817047612
2023-04-17 15:15:00,97262.60288436909
2023-04-18 09:15:00,97456.80835157514
2023-04-18 09:30:00,97354.34917297844
2023-04-18 09:45:00,97145.31047348227
2023-04-18 10:00:00,97077.18748074239
2023-04-18 10:15:00,97071.41900151844
2023-04-18 10:30:00,97204.09402366912
2023-04-18 10:45:00,97132.40006760013
2023-04-18 11:00:00,97140.09137323203
2023-04-18 11:15:00,97164.26404807522
2023-04-18 11:30:00,97102.18422404614
2023-04-18 11:45:00,97054.73134050255
2023-04-18 12:00:00,97054.73134050255
2023-04-18 12:15:00,97054.73134050255
2023-04-18 12:30:00,97054.73134050255
2023-04-18 12:45:00,97054.73134050255
2023-04-18 13:00:00,97054.73134050255
2023-04-18 13:15:00,97054.73134050255
2023-04-18 13:30:00,97054.73134050255
2023-04-18 13:45:00,97054.73134050255
2023-04-18 14:00:00,97054.73134050255
2023-04-18 14:15:00,97054.73134050255
2023-04-18 14:30:00,97054.73134050255
2023-04-18 14:45:00,97054.73134050255
2023-04-18 15:00:00,97054.73134050255
2023-04-18 15:15:00,97054.73134050255
2023-04-19 09:15:00,97054.73134050255
2023-04-19 09:30:00,97054.73134050255
2023-04-19 09:45:00,97054.73134050255
2023-04-19 10:00:00,97054.73134050255
2023-04-19 10:15:00,97054.73134050255
2023-04-19 10:30:00,97054.73134050255
2023-04-19 10:45:00,97054.73134050255
2023-04-19 11:00:00,97054.73134050255
2023-04-19 11:15:00,97054.73134050255
2023-04-19 11:30:00,97054.73134050255
2023-04-19 11:45:00,97054.73134050255
2023-04-19 12:00:00,97054.73134050255
2023-04-19 12:15:00,97054.73134050255
2023-04-19 12:30:00,97054.73134050255
2023-04-19 12:45:00,97054.73134050255
2023-04-19 13:00:00,97054.73134050255
2023-04-19 13:15:00,97054.73134050255
2023-04-19 13:30:00,97054.73134050255
2023-04-19 13:45:00,97054.73134050255
2023-04-19 14:00:00,97054.73134050255
2023-04-19 14:15:00,97054.73134050255
2023-04-19 14:30:00,97054.73134050255
2023-04-19 14:45:00,97054.73134050255
2023-04-19 15:00:00,97054.73134050255
2023-04-19 15:15:00,97054.73134050255
2023-04-20 09:15:00,97054.73134050255
2023-04-20 09:30:00,97054.73134050255
2023-04-20 09:45:00,97054.73134050255
2023-04-20 10:00:00,97054.73134050255
2023-04-20 10:15:00,97054.73134050255
2023-04-20 10:30:00,97054.73134050255
2023-04-20 10:45:00,97054.73134050255
2023-04-20 11:00:00,97054.73134050255
2023-04-20 11:15:00,97054.73134050255
2023-04-20 11:30:00,97054.73134050255
2023-04-20 11:45:00,97054.73134050255
2023-04-20 12:00:00,97054.73134050255
2023-04-20 12:15:00,97054.73134050255
2023-04-20 12:30:00,97054.73134050255
2023-04-20 12:45:00,97054.73134050255
2023-04-20 13:00:00,97054.73134050255
2023-04-20 13:15:00,97054.73134050255
2023-04-20 13:30:00,97054.73134050255
2023-04-20 13:45:00,97054.73134050255
2023-04-20 14:00:00,97054.73134050255
2023-04-20 14:15:00,97054.73134050255
2023-04-20 14:30:00,97054.73134050255
2023-04-20 14:45:00,97054.73134050255
2023-04-20 15:00:00,97054.73134050255
2023-04-20 15:15:00,97054.73134050255
2023-04-21 09:15:00,97054.73134050255
2023-04-21 09:30:00,96793.6312790521
2023-04-21 09:45:00,96717.55552100159
2023-04-21 10:00:00,96770.83601580953
2023-04-21 10:15:00,96660.70468375803
2023-04-21 10:30:00,96660.43004203223
2023-04-21 10:45:00,96689.54206496853
2023-04-21 11:00:00,96724.69620587275
2023-04-21 11:15:00,96698.6052419204
2023-04-21 11:30:00,96713.7105368402
2023-04-21 11:45:00,96718.1048044532
2023-04-21 12:00:00,96648.34580609639
2023-04-21 12:15:00,96600.57064200325
2023-04-21 12:30:00,96600.57064200325
2023-04-21 12:45:00,96600.57064200325
2023-04-21 13:00:00,96600.57064200325
2023-04-21 13:15:00,96600.57064200325
2023-04-21 13:30:00,96600.57064200325
2023-04-21 13:45:00,96600.57064200325
2023-04-21 14:00:00,96600.57064200325
2023-04-21 14:15:00,96600.57064200325
2023-04-21 14:30:00,96473.95579520089
2023-04-21 14:45:00,96539.94813547017
2023-04-21 15:00:00,96565.14023217047
2023-04-21 15:15:00,96490.65925062177
2023-04-24 09:15:00,96702.0538011938
2023-04-24 09:30:00,96535.0192469853
2023-04-24 09:45:00,96571.43825634553
2023-04-24 10:00:00,96568.69998496507
2023-04-24 10:15:00,96527.07825998196
2023-04-24 10:30:00,96569.24763924116
2023-04-24 10:45:00,96578.01010765866
2023-04-24 11:00:00,96599.09479728827
2023-04-24 11:15:00,96538.57899977994
2023-04-24 11:30:00,96519.68492725471
2023-04-24 11:45:00,96525.43529715369
2023-04-24 12:00:00,96591.70146456097
2023-04-24 12:15:00,96631.95405385386
2023-04-24 12:30:00,96697.12491270897
2023-04-24 12:45:00,96776.26095560446
2023-04-24 13:00:00,96863.61181264136
2023-04-24 13:15:00,96926.31822725407
2023-04-24 13:30:00,96995.59649317988
2023-04-24 13:45:00,96919.4725488029
2023-04-24 14:00:00,97026.53895977915
2023-04-24 14:15:00,97015.31204711924
2023-04-24 14:30:00,96971.49970503176
2023-04-24 14:45:00,97093.90043573863
2023-04-24 15:00:00,97197.68092105833
2023-04-24 15:15:00,97197.68092105833
2023-04-25 09:15:00,97091.9836457723
2023-04-25 09:30:00,97156.05919607522
2023-04-25 09:45:00,97136.89129641195
2023-04-25 10:00:00,97229.71869620976
2023-04-25 10:15:00,97257.3752371525
2023-04-25 10:30:00,97330.76091014901
2023-04-25 10:45:00,97291.60362940835
2023-04-25 11:00:00,97351.84559977861
2023-04-25 11:15:00,97384.97868348224
2023-04-25 11:30:00,97369.64436375163
2023-04-25 11:45:00,97398.12238610847
2023-04-25 12:00:00,97355.9530068493
2023-04-25 12:15:00,97321.9984417315
2023-04-25 12:30:00,97209.72931513235
2023-04-25 12:45:00,97321.9984417315
2023-04-25 13:00:00,97359.23893250585
2023-04-25 13:15:00,97345.82140274155
2023-04-25 13:30:00,97413.73053297713
2023-04-25 13:45:00,97270.5189397787
2023-04-25 14:00:00,97434.26756833063
2023-04-25 14:15:00,97475.34163903762
2023-04-25 14:30:00,97452.61398657974
2023-04-25 14:45:00,97376.76386934081
2023-04-25 15:00:00,97353.48856260683
2023-04-25 15:15:00,97274.07869257328
2023-04-26 09:15:00,97139.62956779235
2023-04-26 09:30:00,97119.09253243885
2023-04-26 09:45:00,97068.61715460129
2023-04-26 10:00:00,97068.61715460129
2023-04-26 10:15:00,97068.61715460129
2023-04-26 10:30:00,97068.61715460129
2023-04-26 10:45:00,97068.61715460129
2023-04-26 11:00:00,97068.61715460129
2023-04-26 11:15:00,97068.61715460129
2023-04-26 11:30:00,97068.61715460129
2023-04-26 11:45:00,97068.61715460129
2023-04-26 12:00:00,96968.54125937348
2023-04-26 12:15:00,97037.2633749075
2023-04-26 12:30:00,97100.25864748037
2023-04-26 12:45:00,97003.17502394816
2023-04-26 13:00:00,96981.63118614185
2023-04-26 13:15:00,96991.99404483351
2023-04-26 13:30:00,96978.35870444978
2023-04-26 13:45:00,96989.53968356444
2023-04-26 14:00:00,97054.71661059871
2023-04-26 14:15:00,96980.81306571886
2023-04-26 14:30:00,96988.72156314141
2023-04-26 14:45:00,97003.99314437121
2023-04-26 15:00:00,97173.07136512957
2023-04-26 15:15:00,97181.52527616748
2023-04-27 09:15:00,97249.1565644708
2023-04-27 09:30:00,97267.97333420037
2023-04-27 09:45:00,97279.15431331504
2023-04-27 10:00:00,97262.5191980469
2023-04-27 10:15:00,97315.96973235115
2023-04-27 10:30:00,97277.24536566134
2023-04-27 10:45:00,97248.33844404783
2023-04-27 11:00:00,97231.97603558733
2023-04-27 11:15:00,97319.78762765859
2023-04-27 11:30:00,97336.9681565421
2023-04-27 11:45:00,97387.14620915426
2023-04-27 12:00:00,97347.33101523372
2023-04-27 12:15:00,97345.14936077234
2023-04-27 12:30:00,97358.23928754071
2023-04-27 12:45:00,97352.51244457954
2023-04-27 13:00:00,97367.23861219398
2023-04-27 13:15:00,97479.59381695597
2023-04-27 13:30:00,97510.40968622323
2023-04-27 13:45:00,97566.31458179656
2023-04-27 14:00:00,97543.95262356724
2023-04-27 14:15:00,97494.31998457042
2023-04-27 14:30:00,97580.22262898796
2023-04-27 14:45:00,97561.95127287376
2023-04-27 15:00:00,97743.30129997747
2023-04-27 15:15:00,97755.57310632283
2023-04-28 09:15:00,97611.58391187056
2023-04-28 09:30:00,97693.12324736532
2023-04-28 09:45:00,97698.5773835188
2023-04-28 10:00:00,97570.132477104
2023-04-28 10:15:00,97683.57850909668
2023-04-28 10:30:00,97669.12504828992
2023-04-28 10:45:00,97801.93326362754
2023-04-28 11:00:00,97881.01823785322
2023-04-28 11:15:00,97868.74643150785
2023-04-28 11:30:00,97920.83343177373
2023-04-28 11:45:00,97914.8338820049
2023-04-28 12:00:00,97977.55644777008
2023-04-28 12:15:00,98019.55329615198
2023-04-28 12:30:00,98013.8264531908
2023-04-28 12:45:00,97967.73900269376
2023-04-28 13:00:00,98028.82532761291
2023-04-28 13:15:00,98008.91773065267
2023-04-28 13:30:00,98059.36849007249
2023-04-28 13:45:00,98053.6416471113
2023-04-28 14:00:00,98075.18548491762
2023-04-28 14:15:00,98028.27991399757
2023-04-28 14:30:00,98187.54068967962
2023-04-28 14:45:00,98090.18435933972
2023-04-28 15:00:00,98523.78818354258
2023-04-28 15:15:00,98441.15802081715
2023-05-02 09:15:00,99052.8393904316
2023-05-02 09:30:00,99054.47563127766
2023-05-02 09:45:00,99056.11187212373
2023-05-02 10:00:00,99072.47428058421
2023-05-02 10:15:00,98992.29847912783
2023-05-02 10:30:00,98995.57096081991
2023-05-02 10:45:00,99019.56915989528
2023-05-02 11:00:00,98918.94034786329
2023-05-02 11:15:00,99003.75216505013
2023-05-02 11:30:00,99013.02419651108
2023-05-02 11:45:00,99022.84164158737
2023-05-02 12:00:00,99065.92931719999
2023-05-02 12:15:00,98996.11637443525
2023-05-02 12:30:00,99009.47900801129
2023-05-02 12:45:00,99099.1995477363
2023-05-02 13:00:00,99107.10804515886
2023-05-02 13:15:00,99090.74563669838
2023-05-02 13:30:00,99076.5648826993
2023-05-02 13:45:00,99107.38075196653
2023-05-02 14:00:00,99091.5637571214
2023-05-02 14:15:00,99091.5637571214
2023-05-02 14:30:00,99044.65818620134
2023-05-02 14:45:00,98990.93494508942
2023-05-02 15:00:00,98954.11952605333
2023-05-02 15:15:00,98916.4859865942
2023-05-03 09:15:00,98548.33179623328
2023-05-03 09:30:00,98506.4170326005
2023-05-03 09:45:00,98506.4170326005
2023-05-03 10:00:00,98506.4170326005
2023-05-03 10:15:00,98506.4170326005
2023-05-03 10:30:00,98506.4170326005
2023-05-03 10:45:00,98506.4170326005
2023-05-03 11:00:00,98506.4170326005
2023-05-03 11:15:00,98506.4170326005
2023-05-03 11:30:00,98506.4170326005
2023-05-03 11:45:00,98506.4170326005
2023-05-03 12:00:00,98506.4170326005
2023-05-03 12:15:00,98506.4170326005
2023-05-03 12:30:00,98506.4170326005
2023-05-03 12:45:00,98506.4170326005
2023-05-03 13:00:00,98506.4170326005
2023-05-03 13:15:00,98506.4170326005
2023-05-03 13:30:00,98506.4170326005
2023-05-03 13:45:00,98506.4170326005
2023-05-03 14:00:00,98506.4170326005
2023-05-03 14:15:00,98506.4170326005
2023-05-03 14:30:00,98506.4170326005
2023-05-03 14:45:00,98506.4170326005
2023-05-03 15:00:00,98506.4170326005
2023-05-03 15:15:00,98506.4170326005
2023-05-04 09:15:00,98506.4170326005
2023-05-04 09:30:00,98506.4170326005
2023-05-04 09:45:00,98506.4170326005
2023-05-04 10:00:00,98506.4170326005
2023-05-04 10:15:00,98487.30917607633
2023-05-04 10:30:00,98555.47569274326
2023-05-04 10:45:00,98563.62308517357
2023-05-04 11:00:00,98596.48423464251
2023-05-04 11:15:00,98573.12837634228
2023-05-04 11:30:00,98658.13283736519
2023-05-04 11:45:00,98670.35392601065
2023-05-04 12:00:00,98604.63162707281
2023-05-04 12:15:00,98671.9834044967
2023-05-04 12:30:00,98713.26352614361
2023-05-04 12:45:00,98675.24236146883
2023-05-04 13:00:00,98743.13729838807
2023-05-04 13:15:00,98756.71628577192
2023-05-04 13:30:00,98784.96057953032
2023-05-04 13:45:00,98746.12467561252
2023-05-04 14:00:00,98749.92679208
2023-05-04 14:15:00,98847.42392149604
2023-05-04 14:30:00,98927.53994706077
2023-05-04 14:45:00,99011.72966884065
2023-05-04 15:00:00,99198.0333757471
2023-05-04 15:15:00,99064.68771963767
2023-05-05 09:15:00,98689.9076678434
2023-05-05 09:30:00,98731.459369238
2023-05-05 09:45:00,98779.80056432451
2023-05-05 10:00:00,98854.213415188
2023-05-05 10:15:00,98865.07660509508
2023-05-05 10:30:00,98922.92309135028
2023-05-05 10:45:00,98911.78832169552
2023-05-05 11:00:00,98641.5664727569
2023-05-05 11:15:00,98489.48181405777
2023-05-05 11:30:00,98436.9797456571
2023-05-05 11:45:00,98436.9797456571
2023-05-05 12:00:00,98436.9797456571
2023-05-05 12:15:00,98436.9797456571
2023-05-05 12:30:00,98436.9797456571
2023-05-05 12:45:00,98436.9797456571
2023-05-05 13:00:00,98436.9797456571
2023-05-05 13:15:00,98436.9797456571
2023-05-05 13:30:00,98436.9797456571
2023-05-05 13:45:00,98436.9797456571
2023-05-05 14:00:00,98436.9797456571
2023-05-05 14:15:00,98436.9797456571
2023-05-05 14:30:00,98436.9797456571
2023-05-05 14:45:00,98436.9797456571
2023-05-05 15:00:00,98436.9797456571
2023-05-05 15:15:00,98436.9797456571
2023-05-08 09:15:00,98436.9797456571
2023-05-08 09:30:00,98436.9797456571
2023-05-08 09:45:00,98436.9797456571
2023-05-08 10:00:00,98295.10520333564
2023-05-08 10:15:00,98510.40221150342
2023-05-08 10:30:00,98569.29148098972
2023-05-08 10:45:00,98515.8048967774
2023-05-08 11:00:00,98510.13207723973
2023-05-08 11:15:00,98514.45422545892
2023-05-08 11:30:00,98587.66061092126
2023-05-08 11:45:00,98644.65894056165
2023-05-08 12:00:00,98706.51968694864
2023-05-08 12:15:00,98657.89551948289
2023-05-08 12:30:00,98729.21096509932
2023-05-08 12:45:00,98680.85693189729
2023-05-08 13:00:00,98708.95089532192
2023-05-08 13:15:00,98761.35694247947
2023-05-08 13:30:00,98703.00794152057
2023-05-08 13:45:00,98777.83513256507
2023-05-08 14:00:00,98730.29150215413
2023-05-08 14:15:00,98715.9743861781
2023-05-08 14:30:00,98705.43914989385
2023-05-08 14:45:00,98681.39720042466
2023-05-08 15:00:00,98685.98948290753
2023-05-08 15:15:00,98705.70928415755
2023-05-09 09:15:00,98865.62876826712
2023-05-09 09:30:00,98945.04824179452
2023-05-09 09:45:00,98982.59690444864
2023-05-09 10:00:00,99037.70429424316
2023-05-09 10:15:00,99031.76134044178
2023-05-09 10:30:00,99047.1589934726
2023-05-09 10:45:00,99078.76470232534
2023-05-09 11:00:00,99034.19254881506
2023-05-09 11:15:00,99014.47274756507
2023-05-09 11:30:00,99031.76134044178
2023-05-09 11:45:00,99041.75630819863
2023-05-09 12:00:00,99021.76637268493
2023-05-09 12:15:00,99000.15563158903
2023-05-09 12:30:00,99012.85194198285
2023-05-09 12:45:00,98894.80326874656
2023-05-09 13:00:00,98830.51131398628
2023-05-09 13:15:00,98771.89217876368
2023-05-09 13:30:00,98723.58622946056
2023-05-09 13:45:00,98723.58622946056
2023-05-09 14:00:00,98723.58622946056
2023-05-09 14:15:00,98723.58622946056
2023-05-09 14:30:00,98723.58622946056
2023-05-09 14:45:00,98723.58622946056
2023-05-09 15:00:00,98723.58622946056
2023-05-09 15:15:00,98723.58622946056
2023-05-10 09:15:00,98723.58622946056
2023-05-10 09:30:00,98723.58622946056
2023-05-10 09:45:00,98723.58622946056
2023-05-10 10:00:00,98723.58622946056
2023-05-10 10:15:00,98723.58622946056
2023-05-10 10:30:00,98723.58622946056
2023-05-10 10:45:00,98723.58622946056
2023-05-10 11:00:00,98723.58622946056
2023-05-10 11:15:00,98723.58622946056
2023-05-10 11:30:00,98723.58622946056
2023-05-10 11:45:00,98723.58622946056
2023-05-10 12:00:00,98723.58622946056
2023-05-10 12:15:00,98723.58622946056
2023-05-10 12:30:00,98723.58622946056
2023-05-10 12:45:00,98723.58622946056
2023-05-10 13:00:00,98723.58622946056
2023-05-10 13:15:00,98723.58622946056
2023-05-10 13:30:00,98723.58622946056
2023-05-10 13:45:00,98723.58622946056
2023-05-10 14:00:00,98723.58622946056
2023-05-10 14:15:00,98669.63832535964
2023-05-10 14:30:00,98663.70335820103
2023-05-10 14:45:00,98667.48015548378
2023-05-10 15:00:00,98840.94305925547
2023-05-10 15:15:00,98796.1610343315
2023-05-11 09:15:00,98760.28146014544
2023-05-11 09:30:00,98801.28668778665
2023-05-11 09:45:00,98770.80253829023
2023-05-11 10:00:00,98861.44567307604
2023-05-11 10:15:00,98859.82704566915
2023-05-11 10:30:00,98913.51152133098
2023-05-11 10:45:00,98928.07916799298
2023-05-11 11:00:00,98879.52034578628
2023-05-11 11:15:00,98915.93946244131
2023-05-11 11:30:00,98880.59943072422
2023-05-11 11:45:00,98761.09077384885
2023-05-11 12:00:00,98776.7375054488
2023-05-11 12:15:00,98864.41315665531
2023-05-11 12:30:00,98800.74714531765
2023-05-11 12:45:00,98820.17067420033
2023-05-11 13:00:00,98845.5291702416
2023-05-11 13:15:00,98854.16184974501
2023-05-11 13:30:00,98848.49665382091
2023-05-11 13:45:00,98840.94305925544
2023-05-11 14:00:00,98853.62230727608
2023-05-11 14:15:00,98859.01773196571
2023-05-11 14:30:00,98832.04060851755
2023-05-11 14:45:00,98679.08031856648
2023-05-11 15:00:00,98734.38342163523
2023-05-11 15:15:00,98760.55123137994
2023-05-12 09:15:00,98376.12722224362
2023-05-12 09:30:00,98326.93915863251
2023-05-12 09:45:00,98326.93915863251
2023-05-12 10:00:00,98326.93915863251
2023-05-12 10:15:00,98326.93915863251
2023-05-12 10:30:00,98326.93915863251
2023-05-12 10:45:00,98326.93915863251
2023-05-12 11:00:00,98326.93915863251
2023-05-12 11:15:00,98200.37828246129
2023-05-12 11:30:00,98217.30896515325
2023-05-12 11:45:00,98269.98220019501
2023-05-12 12:00:00,98239.88320874258
2023-05-12 12:15:00,98314.32446438831
2023-05-12 12:30:00,98348.18582977226
2023-05-12 12:45:00,98398.97787784823
2023-05-12 13:00:00,98365.65399445448
2023-05-12 13:15:00,98336.89870797761
2023-05-12 13:30:00,98450.57614890952
2023-05-12 13:45:00,98530.66096545255
2023-05-12 14:00:00,98515.88021072146
2023-05-12 14:15:00,98472.34416951348
2023-05-12 14:30:00,98534.6920803792
2023-05-12 14:45:00,98516.95517470187
2023-05-12 15:00:00,98442.78266005128
2023-05-12 15:15:00,98424.77701337886
2023-05-15 09:15:00,98621.49542179999
2023-05-15 09:30:00,98707.22379924035
2023-05-15 09:45:00,98744.84753855587
2023-05-15 10:00:00,98807.73293141183
2023-05-15 10:15:00,98780.3213499105
2023-05-15 10:30:00,98810.68908235803
2023-05-15 10:45:00,98798.05825558784
2023-05-15 11:00:00,98885.13033800374
2023-05-15 11:15:00,98968.171305493
2023-05-15 11:30:00,98977.30849932677
2023-05-15 11:45:00,98971.66493842944
2023-05-15 12:00:00,99004.18259883786
2023-05-15 12:15:00,99030.78795735384
2023-05-15 12:30:00,99068.68043766446
2023-05-15 12:45:00,99077.01140851289
2023-05-15 13:00:00,99078.35511348845
2023-05-15 13:15:00,99078.62385448355
2023-05-15 13:30:00,99137.47813241283
2023-05-15 13:45:00,99128.34093857906
2023-05-15 14:00:00,99175.63935371858
2023-05-15 14:15:00,99063.03687676713
2023-05-15 14:30:00,99085.61112035645
2023-05-15 14:45:00,99116.5163347942
2023-05-15 15:00:00,98842.93800177134
2023-05-15 15:15:00,98813.91397429936
2023-05-16 09:15:00,99021.0263438179
2023-05-16 09:30:00,99021.0263438179
2023-05-16 09:45:00,99021.0263438179
2023-05-16 10:00:00,99021.0263438179
2023-05-16 10:15:00,99021.0263438179
2023-05-16 10:30:00,99021.0263438179
2023-05-16 10:45:00,99021.0263438179
2023-05-16 11:00:00,99021.0263438179
2023-05-16 11:15:00,99021.0263438179
2023-05-16 11:30:00,99021.0263438179
2023-05-16 11:45:00,99021.0263438179
2023-05-16 12:00:00,99021.0263438179
2023-05-16 12:15:00,99021.0263438179
2023-05-16 12:30:00,99021.0263438179
2023-05-16 12:45:00,99021.0263438179
2023-05-16 13:00:00,99021.0263438179
2023-05-16 13:15:00,99021.0263438179
2023-05-16 13:30:00,99021.0263438179
2023-05-16 13:45:00,99021.0263438179
2023-05-16 14:00:00,99021.0263438179
2023-05-16 14:15:00,99021.0263438179
2023-05-16 14:30:00,99021.0263438179
2023-05-16 14:45:00,99021.0263438179
2023-05-16 15:00:00,99021.0263438179
2023-05-16 15:15:00,99021.0263438179
2023-05-17 09:15:00,99021.0263438179
2023-05-17 09:30:00,99021.0263438179
2023-05-17 09:45:00,99021.0263438179
2023-05-17 10:00:00,99021.0263438179
2023-05-17 10:15:00,99021.0263438179
2023-05-17 10:30:00,99021.0263438179
2023-05-17 10:45:00,99021.0263438179
2023-05-17 11:00:00,99021.0263438179
2023-05-17 11:15:00,99021.0263438179
2023-05-17 11:30:00,99021.0263438179
2023-05-17 11:45:00,99021.0263438179
2023-05-17 12:00:00,99021.0263438179
2023-05-17 12:15:00,99021.0263438179
2023-05-17 12:30:00,99021.0263438179
2023-05-17 12:45:00,99021.0263438179
2023-05-17 13:00:00,99021.0263438179
2023-05-17 13:15:00,99021.0263438179
2023-05-17 13:30:00,99021.0263438179
2023-05-17 13:45:00,99021.0263438179
2023-05-17 14:00:00,99021.0263438179
2023-05-17 14:15:00,99021.0263438179
2023-05-17 14:30:00,99021.0263438179
2023-05-17 14:45:00,99021.0263438179
2023-05-17 15:00:00,99021.0263438179
2023-05-17 15:15:00,99021.0263438179
2023-05-18 09:15:00,98897.37175590204
2023-05-18 09:30:00,98823.49827997104
2023-05-18 09:45:00,98755.57797792458
2023-05-18 10:00:00,98618.384379767
2023-05-18 10:15:00,98690.6342628204
2023-05-18 10:30:00,98682.78689724533
2023-05-18 10:45:00,98682.24569961945
2023-05-18 11:00:00,98724.45911443715
2023-05-18 11:15:00,98717.42354530087
2023-05-18 11:30:00,98689.55186756868
2023-05-18 11:45:00,98756.3897743634
2023-05-18 12:00:00,98657.62120764246
2023-05-18 12:15:00,98546.40509552656
2023-05-18 12:30:00,98511.76844747098
2023-05-18 12:45:00,98423.55323445448
2023-05-18 13:00:00,98374.34145783726
2023-05-18 13:15:00,98374.34145783726
2023-05-18 13:30:00,98374.34145783726
2023-05-18 13:45:00,98374.34145783726
2023-05-18 14:00:00,98374.34145783726
2023-05-18 14:15:00,98374.34145783726
2023-05-18 14:30:00,98374.34145783726
2023-05-18 14:45:00,98374.34145783726
2023-05-18 15:00:00,98374.34145783726
2023-05-18 15:15:00,98374.34145783726
2023-05-19 09:15:00,98374.34145783726
2023-05-19 09:30:00,98374.34145783726
2023-05-19 09:45:00,98374.34145783726
2023-05-19 10:00:00,98374.34145783726
2023-05-19 10:15:00,98374.34145783726
2023-05-19 10:30:00,98374.34145783726
2023-05-19 10:45:00,98374.34145783726
2023-05-19 11:00:00,98374.34145783726
2023-05-19 11:15:00,98374.34145783726
2023-05-19 11:30:00,98374.34145783726
2023-05-19 11:45:00,98374.34145783726
2023-05-19 12:00:00,98245.25983501817
2023-05-19 12:15:00,98251.48889399468
2023-05-19 12:30:00,98132.59511613844
2023-05-19 12:45:00,98098.47070609315
2023-05-19 13:00:00,98154.53223688186
2023-05-19 13:15:00,98181.07344469486
2023-05-19 13:30:00,98176.46935762526
2023-05-19 13:45:00,98265.57198385466
2023-05-19 14:00:00,98390.42399203626
2023-05-19 14:15:00,98403.69459594275
2023-05-19 14:30:00,98487.1098204979
2023-05-19 14:45:00,98501.46373900902
2023-05-19 15:00:00,98604.64945509836
2023-05-19 15:15:00,98611.14934272603
2023-05-22 09:15:00,98856.5201006708
2023-05-22 09:30:00,99037.16281098993
2023-05-22 09:45:00,98991.39276894506
2023-05-22 10:00:00,98964.03907517857
2023-05-22 10:15:00,98976.49719313164
2023-05-22 10:30:00,99007.64248801426
2023-05-22 10:45:00,99140.3485270793
2023-05-22 11:00:00,99106.76577433631
2023-05-22 11:15:00,99109.2032321967
2023-05-22 11:30:00,99145.22344280005
2023-05-22 11:45:00,99121.93217880088
2023-05-22 12:00:00,99215.09723479758
2023-05-22 12:15:00,99117.59892038244
2023-05-22 12:30:00,99049.89175759415
2023-05-22 12:45:00,99109.20323219668
2023-05-22 13:00:00,99099.72422940632
2023-05-22 13:15:00,99007.64248801424
2023-05-22 13:30:00,98916.64406122676
2023-05-22 13:45:00,99056.39164522181
2023-05-22 14:00:00,99141.43184168388
2023-05-22 14:15:00,99095.93262829016
2023-05-22 14:30:00,99076.7037940583
2023-05-22 14:45:00,99178.53536689188
2023-05-22 15:00:00,99175.28542307804
2023-05-22 15:15:00,99141.16101303273
2023-05-23 09:15:00,99554.71636334361
2023-05-23 09:30:00,99690.13068892021
2023-05-23 09:45:00,99650.31887720068
2023-05-23 10:00:00,99618.36109636462
2023-05-23 10:15:00,99632.44418622459
2023-05-23 10:30:00,99699.06803440826
2023-05-23 10:45:00,99671.7143406418
2023-05-23 11:00:00,99729.13001468626
2023-05-23 11:15:00,99656.54793617723
2023-05-23 11:30:00,99702.04714957095
2023-05-23 11:45:00,99667.92273952566
2023-05-23 12:00:00,99699.88052036175
2023-05-23 12:15:00,99702.31797822213
2023-05-23 12:30:00,99705.83875068712
2023-05-23 12:45:00,99748.35884891817
2023-05-23 13:00:00,99657.36042213069
2023-05-23 13:15:00,99644.90230417765
2023-05-23 13:30:00,99648.15224799151
2023-05-23 13:45:00,99662.23533785147
2023-05-23 14:00:00,99666.83942492105
2023-05-23 14:15:00,99684.98494454833
2023-05-23 14:30:00,99553.63304873905
2023-05-23 14:45:00,99522.7585825076
2023-05-23 15:00:00,99361.07387776916
2023-05-23 15:15:00,99313.28819348807
2023-05-24 09:15:00,99313.28819348807
2023-05-24 09:30:00,99313.28819348807
2023-05-24 09:45:00,99313.28819348807
2023-05-24 10:00:00,99313.28819348807
2023-05-24 10:15:00,99313.28819348807
2023-05-24 10:30:00,99313.28819348807
2023-05-24 10:45:00,99313.28819348807
2023-05-24 11:00:00,99229.60932101026
2023-05-24 11:15:00,99291.44337100441
2023-05-24 11:30:00,99160.48479350582
2023-05-24 11:45:00,99140.23346708852
2023-05-24 12:00:00,99048.15743631117
2023-05-24 12:15:00,98998.74419985295
2023-05-24 12:30:00,98958.15095608482
2023-05-24 12:45:00,98958.15095608482
2023-05-24 13:00:00,98958.15095608482
2023-05-24 13:15:00,98958.15095608482
2023-05-24 13:30:00,98958.15095608482
2023-05-24 13:45:00,98958.15095608482
2023-05-24 14:00:00,98958.15095608482
2023-05-24 14:15:00,98958.15095608482
2023-05-24 14:30:00,98958.15095608482
2023-05-24 14:45:00,98958.15095608482
2023-05-24 15:00:00,98958.15095608482
2023-05-24 15:15:00,98958.15095608482
2023-05-25 09:15:00,98958.15095608482
2023-05-25 09:30:00,98958.15095608482
2023-05-25 09:45:00,98958.15095608482
2023-05-25 10:00:00,98958.15095608482
2023-05-25 10:15:00,98958.15095608482
2023-05-25 10:30:00,98958.15095608482
2023-05-25 10:45:00,98958.15095608482
2023-05-25 11:00:00,98958.15095608482
2023-05-25 11:15:00,98958.15095608482
2023-05-25 11:30:00,98958.15095608482
2023-05-25 11:45:00,98958.15095608482
2023-05-25 12:00:00,98958.15095608482
2023-05-25 12:15:00,98958.15095608482
2023-05-25 12:30:00,98958.15095608482
2023-05-25 12:45:00,98958.15095608482
2023-05-25 13:00:00,98958.15095608482
2023-05-25 13:15:00,98958.15095608482
2023-05-25 13:30:00,98958.15095608482
2023-05-25 13:45:00,98958.15095608482
2023-05-25 14:00:00,98958.15095608482
2023-05-25 14:15:00,98958.15095608482
2023-05-25 14:30:00,98958.15095608482
2023-05-25 14:45:00,98958.15095608482
2023-05-25 15:00:00,99077.05535976554
2023-05-25 15:15:00,99115.97545767702
2023-05-26 09:15:00,99259.49331872564
2023-05-26 09:30:00,99360.03690499697
2023-05-26 09:45:00,99347.60409594192
2023-05-26 10:00:00,99345.71214673789
2023-05-26 10:15:00,99414.90343191386
2023-05-26 10:30:00,99414.36287499842
2023-05-26 10:45:00,99401.38950902794
2023-05-26 11:00:00,99537.33957326041
2023-05-26 11:15:00,99525.98787803623
2023-05-26 11:30:00,99625.72062893443
2023-05-26 11:45:00,99624.90979356127
2023-05-26 12:00:00,99643.82928560158
2023-05-26 12:15:00,99616.26088291428
2023-05-26 12:30:00,99649.50513321368
2023-05-26 12:45:00,99688.96578804062
2023-05-26 13:00:00,99649.23485475597
2023-05-26 13:15:00,99656.26209465666
2023-05-26 13:30:00,99742.21064421121
2023-05-26 13:45:00,99826.2672445617
2023-05-26 14:00:00,99928.16222312168
2023-05-26 14:15:00,99947.89255053512
2023-05-26 14:30:00,99912.48607257399
2023-05-26 14:45:00,99956.0009042667
2023-05-26 15:00:00,100030.05720168161
2023-05-26 15:15:00,99959.24424575933
2023-05-29 09:15:00,100700.34777682392
2023-05-29 09:30:00,100690.07719543061
2023-05-29 09:45:00,100559.80297881021
2023-05-29 10:00:00,100481.15194761408
2023-05-29 10:15:00,100584.93887537805
2023-05-29 10:30:00,100635.48094697144
2023-05-29 10:45:00,100650.07598368826
2023-05-29 11:00:00,100720.88893961055
2023-05-29 11:15:00,100716.29420582934
2023-05-29 11:30:00,100652.77876826546
2023-05-29 11:45:00,100681.69856324136
2023-05-29 12:00:00,100638.72428846409
2023-05-29 12:15:00,100607.37198736872
2023-05-29 12:30:00,100591.69583682105
2023-05-29 12:45:00,100513.31508408263
2023-05-29 13:00:00,100520.88288089873
2023-05-29 13:15:00,100565.2085479646
2023-05-29 13:30:00,100593.58778602508
2023-05-29 13:45:00,100627.1023147822
2023-05-29 14:00:00,100666.83324806685
2023-05-29 14:15:00,100502.23366731616
2023-05-29 14:30:00,100481.15194761411
2023-05-29 14:45:00,100557.64075114849
2023-05-29 15:00:00,100540.07265139678
2023-05-29 15:15:00,100549.53239741694
2023-05-30 09:15:00,100767.37683433821
2023-05-30 09:30:00,100753.86291145228
2023-05-30 09:45:00,100729.8081287153
2023-05-30 10:00:00,100828.73004424034
2023-05-30 10:15:00,100746.56539309386
2023-05-30 10:30:00,100693.05025846558
2023-05-30 10:45:00,100517.90981786387
2023-05-30 11:00:00,100580.88469851234
2023-05-30 11:15:00,100607.37198736877
2023-05-30 11:30:00,100602.77725358756
2023-05-30 11:45:00,100543.85654980488
2023-05-30 12:00:00,100494.93533812244
2023-05-30 12:15:00,100494.93533812244
2023-05-30 12:30:00,100494.93533812244
2023-05-30 12:45:00,100494.93533812244
2023-05-30 13:00:00,100494.93533812244
2023-05-30 13:15:00,100494.93533812244
2023-05-30 13:30:00,100494.93533812244
2023-05-30 13:45:00,100494.93533812244
2023-05-30 14:00:00,100494.93533812244
2023-05-30 14:15:00,100494.93533812244
2023-05-30 14:30:00,100494.93533812244
2023-05-30 14:45:00,100494.93533812244
2023-05-30 15:00:00,100494.93533812244
2023-05-30 15:15:00,100494.93533812244
2023-05-31 09:15:00,100494.93533812244
2023-05-31 09:30:00,100494.93533812244
2023-05-31 09:45:00,100494.93533812244
2023-05-31 10:00:00,100494.93533812244
2023-05-31 10:15:00,100494.93533812244
2023-05-31 10:30:00,100494.93533812244
2023-05-31 10:45:00,100494.93533812244
2023-05-31 11:00:00,100494.93533812244
2023-05-31 11:15:00,100494.93533812244
2023-05-31 11:30:00,100494.93533812244
2023-05-31 11:45:00,100494.93533812244
2023-05-31 12:00:00,100494.93533812244
2023-05-31 12:15:00,100494.93533812244
2023-05-31 12:30:00,100494.93533812244
2023-05-31 12:45:00,100494.93533812244
2023-05-31 13:00:00,100494.93533812244
2023-05-31 13:15:00,100494.93533812244
2023-05-31 13:30:00,100494.93533812244
2023-05-31 13:45:00,100494.93533812244
2023-05-31 14:00:00,100494.93533812244
2023-05-31 14:15:00,100494.93533812244
2023-05-31 14:30:00,100494.93533812244
2023-05-31 14:45:00,100479.90833040068
2023-05-31 15:00:00,100383.18752885312
2023-05-31 15:15:00,100358.26228027503
2023-06-01 09:15:00,100345.52872937101
2023-06-01 09:30:00,100598.30326114656
2023-06-01 09:45:00,100629.73074848417
2023-06-01 10:00:00,100564.1665076592
2023-06-01 10:15:00,100581.2348844029
2023-06-01 10:30:00,100609.14032574576
2023-06-01 10:45:00,100608.05661928585
2023-06-01 11:00:00,100616.72627096517
2023-06-01 11:15:00,100551.43295675519
2023-06-01 11:30:00,100563.89558104423
2023-06-01 11:45:00,100550.0783236803
2023-06-01 12:00:00,100444.95879706838
2023-06-01 12:15:00,100532.46809370667
2023-06-01 12:30:00,100524.88214848725
2023-06-01 12:45:00,100505.10450559379
2023-06-01 13:00:00,100518.10898311279
2023-06-01 13:15:00,100566.60484719407
2023-06-01 13:30:00,100514.58693711807
2023-06-01 13:45:00,100395.65015314221
2023-06-01 14:00:00,100372.89231748396
2023-06-01 14:15:00,100403.50702497661
2023-06-01 14:30:00,100310.0373428088
2023-06-01 14:45:00,100371.26675779409
2023-06-01 15:00:00,100195.97723790255
2023-06-01 15:15:00,100148.58716080034
2023-06-02 09:15:00,100148.58716080034
2023-06-02 09:30:00,100148.58716080034
2023-06-02 09:45:00,100148.58716080034
2023-06-02 10:00:00,100148.58716080034
2023-06-02 10:15:00,100148.58716080034
2023-06-02 10:30:00,100148.58716080034
2023-06-02 10:45:00,100148.58716080034
2023-06-02 11:00:00,100148.58716080034
2023-06-02 11:15:00,100148.58716080034
2023-06-02 11:30:00,100148.58716080034
2023-06-02 11:45:00,100148.58716080034
2023-06-02 12:00:00,100075.82838626197
2023-06-02 12:15:00,100035.3203845513
2023-06-02 12:30:00,100075.2882795725
2023-06-02 12:45:00,100106.88452090684
2023-06-02 13:00:00,100164.40588333597
2023-06-02 13:15:00,100211.66521866509
2023-06-02 13:30:00,100248.39247354944
2023-06-02 13:45:00,100213.55559207826
2023-06-02 14:00:00,100140.10108230956
2023-06-02 14:15:00,100035.59043789601
2023-06-02 14:30:00,99996.97280959849
2023-06-02 14:45:00,100080.14923977776
2023-06-02 15:00:00,100120.92729483318
2023-06-02 15:15:00,100059.35513223294
2023-06-05 09:15:00,100524.65704521626
2023-06-05 09:30:00,100488.46989702138
2023-06-05 09:45:00,100564.35488689272
2023-06-05 10:00:00,100558.68376665324
2023-06-05 10:15:00,100559.76398003219
2023-06-05 10:30:00,100541.13029924528
2023-06-05 10:45:00,100570.56611382171
2023-06-05 11:00:00,100629.97784966404
2023-06-05 11:15:00,100657.5232908273
2023-06-05 11:30:00,100598.38160832973
2023-06-05 11:45:00,100562.46451347959
2023-06-05 12:00:00,100599.7318750534
2023-06-05 12:15:00,100557.87360661903
2023-06-05 12:30:00,100519.79608501098
2023-06-05 12:45:00,100532.48859221367
2023-06-05 13:00:00,100495.22123063984
2023-06-05 13:15:00,100444.16386507035
2023-06-05 13:30:00,100444.16386507035
2023-06-05 13:45:00,100444.16386507035
2023-06-05 14:00:00,100444.16386507035
2023-06-05 14:15:00,100444.16386507035
2023-06-05 14:30:00,100444.16386507035
2023-06-05 14:45:00,100444.16386507035
2023-06-05 15:00:00,100444.16386507035
2023-06-05 15:15:00,100444.16386507035
2023-06-06 09:15:00,100444.16386507035
2023-06-06 09:30:00,100444.16386507035
2023-06-06 09:45:00,100444.16386507035
2023-06-06 10:00:00,100444.16386507035
2023-06-06 10:15:00,100444.16386507035
2023-06-06 10:30:00,100444.16386507035
2023-06-06 10:45:00,100444.16386507035
2023-06-06 11:00:00,100444.16386507035
2023-06-06 11:15:00,100444.16386507035
2023-06-06 11:30:00,100444.16386507035
2023-06-06 11:45:00,100444.16386507035
2023-06-06 12:00:00,100444.16386507035
2023-06-06 12:15:00,100444.16386507035
2023-06-06 12:30:00,100444.16386507035
2023-06-06 12:45:00,100444.16386507035
2023-06-06 13:00:00,100444.16386507035
2023-06-06 13:15:00,100444.16386507035
2023-06-06 13:30:00,100444.16386507035
2023-06-06 13:45:00,100444.16386507035
2023-06-06 14:00:00,100444.16386507035
2023-06-06 14:15:00,100444.16386507035
2023-06-06 14:30:00,100444.16386507035
2023-06-06 14:45:00,100444.16386507035
2023-06-06 15:00:00,100444.16386507035
2023-06-06 15:15:00,100436.021428579
2023-06-07 09:15:00,100629.15621150134
2023-06-07 09:30:00,100681.21628566894
2023-06-07 09:45:00,100662.60413480073
2023-06-07 10:00:00,100673.93327011181
2023-06-07 10:15:00,100682.29525093666
2023-06-07 10:30:00,100593.28061634956
2023-06-07 10:45:00,100636.16948574153
2023-06-07 11:00:00,100676.09120064725
2023-06-07 11:15:00,100627.8075049167
2023-06-07 11:30:00,100634.55103783996
2023-06-07 11:45:00,100689.84800781074
2023-06-07 12:00:00,100655.05137792669
2023-06-07 12:15:00,100679.32809645045
2023-06-07 12:30:00,100717.09188082075
2023-06-07 12:45:00,100757.55307836035
2023-06-07 13:00:00,100789.6522950751
2023-06-07 13:15:00,100758.0925609942
2023-06-07 13:30:00,100720.59851794085
2023-06-07 13:45:00,100781.29031425023
2023-06-07 14:00:00,100805.83677409093
2023-06-07 14:15:00,100877.0484817606
2023-06-07 14:30:00,100964.1749271292
2023-06-07 14:45:00,100960.93803132605
2023-06-07 15:00:00,101028.64310187563
2023-06-07 15:15:00,101046.9855114269
2023-06-08 09:15:00,101131.68428494311
2023-06-08 09:30:00,101103.63118798233
2023-06-08 09:45:00,101147.3292813251
2023-06-08 10:00:00,101170.79677589807
2023-06-08 10:15:00,101256.03503204814
2023-06-08 10:30:00,101262.50882365447
2023-06-08 10:45:00,101268.9826152608
2023-06-08 11:00:00,101238.50184644763
2023-06-08 11:15:00,101231.2188308905
2023-06-08 11:30:00,101032.41948031264
2023-06-08 11:45:00,100871.38391410506
2023-06-08 12:00:00,100817.98255123901
2023-06-08 12:15:00,100817.98255123901
2023-06-08 12:30:00,100817.98255123901
2023-06-08 12:45:00,100817.98255123901
2023-06-08 13:00:00,100817.98255123901
2023-06-08 13:15:00,100817.98255123901
2023-06-08 13:30:00,100817.98255123901
2023-06-08 13:45:00,100817.98255123901
2023-06-08 14:00:00,100817.98255123901
2023-06-08 14:15:00,100817.98255123901
2023-06-08 14:30:00,100817.98255123901
2023-06-08 14:45:00,100817.98255123901
2023-06-08 15:00:00,100817.98255123901
2023-06-08 15:15:00,100817.98255123901
2023-06-09 09:15:00,100817.98255123901
2023-06-09 09:30:00,100817.98255123901
2023-06-09 09:45:00,100817.98255123901
2023-06-09 10:00:00,100817.98255123901
2023-06-09 10:15:00,100817.98255123901
2023-06-09 10:30:00,100817.98255123901
2023-06-09 10:45:00,100817.98255123901
2023-06-09 11:00:00,100817.98255123901
2023-06-09 11:15:00,100817.98255123901
2023-06-09 11:30:00,100817.98255123901
2023-06-09 11:45:00,100817.98255123901
2023-06-09 12:00:00,100817.98255123901
2023-06-09 12:15:00,100817.98255123901
2023-06-09 12:30:00,100817.98255123901
2023-06-09 12:45:00,100817.98255123901
2023-06-09 13:00:00,100817.98255123901
2023-06-09 13:15:00,100817.98255123901
2023-06-09 13:30:00,100817.98255123901
2023-06-09 13:45:00,100817.98255123901
2023-06-09 14:00:00,100817.98255123901
2023-06-09 14:15:00,100817.98255123901
2023-06-09 14:30:00,100817.98255123901
2023-06-09 14:45:00,100817.98255123901
2023-06-09 15:00:00,100817.98255123901
2023-06-09 15:15:00,100817.98255123901
2023-06-12 09:15:00,100817.98255123901
2023-06-12 09:30:00,100817.98255123901
2023-06-12 09:45:00,100817.98255123901
2023-06-12 10:00:00,100817.98255123901
2023-06-12 10:15:00,100817.98255123901
2023-06-12 10:30:00,100817.98255123901
2023-06-12 10:45:00,100817.98255123901
2023-06-12 11:00:00,100817.98255123901
2023-06-12 11:15:00,100720.73778609892
2023-06-12 11:30:00,100762.4297466488
2023-06-12 11:45:00,100796.81207775163
2023-06-12 12:00:00,100742.39594742353
2023-06-12 12:15:00,100624.0882411878
2023-06-12 12:30:00,100665.7802017377
2023-06-12 12:45:00,100660.09493438998
2023-06-12 13:00:00,100714.51106471808
2023-06-12 13:15:00,100737.79358814204
2023-06-12 13:30:00,100740.50085830763
2023-06-12 13:45:00,100783.54645394032
2023-06-12 14:00:00,100822.26041730808
2023-06-12 14:15:00,100708.28434333726
2023-06-12 14:30:00,100743.74958250635
2023-06-12 14:45:00,100824.96768747366
2023-06-12 15:00:00,100692.58217637693
2023-06-12 15:15:00,100791.12681040395
2023-06-13 09:15:00,101145.50847507798
2023-06-13 09:30:00,101237.55566070761
2023-06-13 09:45:00,101190.44915982659
2023-06-13 10:00:00,101244.053109105
2023-06-13 10:15:00,101225.37294496251
2023-06-13 10:30:00,101259.75527606535
2023-06-13 10:45:00,101235.93129860827
2023-06-13 11:00:00,101292.51324506883
2023-06-13 11:15:00,101326.35412213854
2023-06-13 11:30:00,101305.23741484703
2023-06-13 11:45:00,101303.61305274769
2023-06-13 12:00:00,101303.07159871458
2023-06-13 12:15:00,101303.07159871458
2023-06-13 12:30:00,101303.88377976423
2023-06-13 12:45:00,101293.05469910192
2023-06-13 13:00:00,101320.12740075769
2023-06-13 13:15:00,101275.45744302566
2023-06-13 13:30:00,101304.96668783046
2023-06-13 13:45:00,101173.93481181652
2023-06-13 14:00:00,101224.29003689627
2023-06-13 14:15:00,101216.16822639953
2023-06-13 14:30:00,101206.42205380344
2023-06-13 14:45:00,101297.11560435029
2023-06-13 15:00:00,101356.67554799299
2023-06-13 15:15:00,101352.88536976119
2023-06-14 09:15:00,101350.71955362872
2023-06-14 09:30:00,101260.56745711499
2023-06-14 09:45:00,101267.06490551236
2023-06-14 10:00:00,101292.78397208534
2023-06-14 10:15:00,101303.8837797642
2023-06-14 10:30:00,101345.84646733064
2023-06-14 10:45:00,101459.82254130146
2023-06-14 11:00:00,101394.8480573276
2023-06-14 11:15:00,101395.93096539383
2023-06-14 11:30:00,101398.09678152628
2023-06-14 11:45:00,101469.29798688096
2023-06-14 12:00:00,101489.87324013935
2023-06-14 12:15:00,101472.54671107965
2023-06-14 12:30:00,101497.1828695864
2023-06-14 12:45:00,101479.04415947704
2023-06-14 13:00:00,101563.78171565958
2023-06-14 13:15:00,101572.44498018945
2023-06-14 13:30:00,101588.1471471498
2023-06-14 13:45:00,101588.95932819946
2023-06-14 14:00:00,101609.53458145785
2023-06-14 14:15:00,101541.58210030186
2023-06-14 14:30:00,101564.59389670927
2023-06-14 14:45:00,101564.32316969271
2023-06-14 15:00:00,101567.30116687485
2023-06-14 15:15:00,101520.73612002692
2023-06-15 09:15:00,101519.92393897724
2023-06-15 09:30:00,101479.31488649358
2023-06-15 09:45:00,101642.29255046132
2023-06-15 10:00:00,101665.57507388531
2023-06-15 10:15:00,101729.19592277637
2023-06-15 10:30:00,101694.81359167353
2023-06-15 10:45:00,101670.7188871999
2023-06-15 11:00:00,101589.23005521603
2023-06-15 11:15:00,101462.52981146703
2023-06-15 11:30:00,101369.67044478773
2023-06-15 11:45:00,101318.17383460618
2023-06-15 12:00:00,101318.17383460618
2023-06-15 12:15:00,101318.17383460618
2023-06-15 12:30:00,101318.17383460618
2023-06-15 12:45:00,101318.17383460618
2023-06-15 13:00:00,101318.17383460618
2023-06-15 13:15:00,101318.17383460618
2023-06-15 13:30:00,101318.17383460618
2023-06-15 13:45:00,101318.17383460618
2023-06-15 14:00:00,101318.17383460618
2023-06-15 14:15:00,101318.17383460618
2023-06-15 14:30:00,101318.17383460618
2023-06-15 14:45:00,101318.17383460618
2023-06-15 15:00:00,101318.17383460618
2023-06-15 15:15:00,101318.17383460618
2023-06-16 09:15:00,101318.17383460618
2023-06-16 09:30:00,101318.17383460618
2023-06-16 09:45:00,101207.89277570084
2023-06-16 10:00:00,101249.70909089607
2023-06-16 10:15:00,101344.1330284337
2023-06-16 10:30:00,101316.88497788714
2023-06-16 10:45:00,101285.59018716037
2023-06-16 11:00:00,101234.87104356872
2023-06-16 11:15:00,101224.34951910024
2023-06-16 11:30:00,101261.30974607928
2023-06-16 11:45:00,101289.63692734057
2023-06-16 12:00:00,101250.51843893212
2023-06-16 12:15:00,101210.8603851663
2023-06-16 12:30:00,101170.93254872183
2023-06-16 12:45:00,101219.76321356272
2023-06-16 13:00:00,101246.20191607327
2023-06-16 13:15:00,101234.60126089006
2023-06-16 13:30:00,101265.0867035808
2023-06-16 13:45:00,101256.99322322044
2023-06-16 14:00:00,101383.52129952087
2023-06-16 14:15:00,101482.53154259606
2023-06-16 14:30:00,101567.24330370125
2023-06-16 14:45:00,101718.32160376146
2023-06-16 15:00:00,101562.38721548501
2023-06-16 15:15:00,101565.62460762914
2023-06-19 09:15:00,101733.1596510888
2023-06-19 09:30:00,101658.69963177339
2023-06-19 09:45:00,101643.59180176737
2023-06-19 10:00:00,101584.239612458
2023-06-19 10:15:00,101461.21871098039
2023-06-19 10:30:00,101436.12892186324
2023-06-19 10:45:00,101369.76238290823
2023-06-19 11:00:00,101316.92031941807
2023-06-19 11:15:00,101316.92031941807
2023-06-19 11:30:00,101316.92031941807
2023-06-19 11:45:00,101316.92031941807
2023-06-19 12:00:00,101316.92031941807
2023-06-19 12:15:00,101316.92031941807
2023-06-19 12:30:00,101316.92031941807
2023-06-19 12:45:00,101316.92031941807
2023-06-19 13:00:00,101316.92031941807
2023-06-19 13:15:00,101316.92031941807
2023-06-19 13:30:00,101316.92031941807
2023-06-19 13:45:00,101316.92031941807
2023-06-19 14:00:00,101316.92031941807
2023-06-19 14:15:00,101316.92031941807
2023-06-19 14:30:00,101316.92031941807
2023-06-19 14:45:00,101316.92031941807
2023-06-19 15:00:00,101316.92031941807
2023-06-19 15:15:00,101316.92031941807
2023-06-20 09:15:00,101316.92031941807
2023-06-20 09:30:00,101316.92031941807
2023-06-20 09:45:00,101316.92031941807
2023-06-20 10:00:00,101316.92031941807
2023-06-20 10:15:00,101316.92031941807
2023-06-20 10:30:00,101316.92031941807
2023-06-20 10:45:00,101316.92031941807
2023-06-20 11:00:00,101316.92031941807
2023-06-20 11:15:00,101316.92031941807
2023-06-20 11:30:00,101316.92031941807
2023-06-20 11:45:00,101251.65657752145
2023-06-20 12:00:00,101248.4109593577
2023-06-20 12:15:00,101264.6390501765
2023-06-20 12:30:00,101301.15225451878
2023-06-20 12:45:00,101328.74000891073
2023-06-20 13:00:00,101390.13628584184
2023-06-20 13:15:00,101465.59690814924
2023-06-20 13:30:00,101417.99450841409
2023-06-20 13:45:00,101366.87602233491
2023-06-20 14:00:00,101439.09102647853
2023-06-20 14:15:00,101497.24168524588
2023-06-20 14:30:00,101466.67878087048
2023-06-20 14:45:00,101498.32355796715
2023-06-20 15:00:00,101806.38681534393
2023-06-20 15:15:00,101878.33135130724
2023-06-21 09:15:00,101998.14875518599
2023-06-21 09:30:00,101982.19113254752
2023-06-21 09:45:00,102089.02606377126
2023-06-21 10:00:00,102071.98656841152
2023-06-21 10:15:00,101981.10925982628
2023-06-21 10:30:00,101854.25968325937
2023-06-21 10:45:00,101801.7888562786
2023-06-21 11:00:00,101700.90422502178
2023-06-21 11:15:00,101653.56810121017
2023-06-21 11:30:00,101653.56810121017
2023-06-21 11:45:00,101653.56810121017
2023-06-21 12:00:00,101653.56810121017
2023-06-21 12:15:00,101653.56810121017
2023-06-21 12:30:00,101653.56810121017
2023-06-21 12:45:00,101653.56810121017
2023-06-21 13:00:00,101653.56810121017
2023-06-21 13:15:00,101581.18511340651
2023-06-21 13:30:00,101579.29894557812
2023-06-21 13:45:00,101615.94449195832
2023-06-21 14:00:00,101665.7932131373
2023-06-21 14:15:00,101556.39547909048
2023-06-21 14:30:00,101539.15051608802
2023-06-21 14:45:00,101568.25139115467
2023-06-21 15:00:00,101643.6981042904
2023-06-21 15:15:00,101648.81770268173
2023-06-22 09:15:00,101719.68372251994
2023-06-22 09:30:00,101650.97332305704
2023-06-22 09:45:00,101568.52084370157
2023-06-22 10:00:00,101652.32058579162
2023-06-22 10:15:00,101687.34941689036
2023-06-22 10:30:00,101683.84653378048
2023-06-22 10:45:00,101574.17934718676
2023-06-22 11:00:00,101596.00500348673
2023-06-22 11:15:00,101480.4098608609
2023-06-22 11:30:00,101504.12168498928
2023-06-22 11:45:00,101511.93580884978
2023-06-22 12:00:00,101378.01789303384
2023-06-22 12:15:00,101328.13683754925
2023-06-22 12:30:00,101328.13683754925
2023-06-22 12:45:00,101328.13683754925
2023-06-22 13:00:00,101328.13683754925
2023-06-22 13:15:00,101328.13683754925
2023-06-22 13:30:00,101328.13683754925
2023-06-22 13:45:00,101328.13683754925
2023-06-22 14:00:00,101328.13683754925
2023-06-22 14:15:00,101328.13683754925
2023-06-22 14:30:00,101328.13683754925
2023-06-22 14:45:00,101328.13683754925
2023-06-22 15:00:00,101328.13683754925
2023-06-22 15:15:00,101328.13683754925
2023-06-23 09:15:00,101328.13683754925
2023-06-23 09:30:00,101328.13683754925
2023-06-23 09:45:00,101328.13683754925
2023-06-23 10:00:00,101328.13683754925
2023-06-23 10:15:00,101328.13683754925
2023-06-23 10:30:00,101328.13683754925
2023-06-23 10:45:00,101328.13683754925
2023-06-23 11:00:00,101328.13683754925
2023-06-23 11:15:00,101328.13683754925
2023-06-23 11:30:00,101328.13683754925
2023-06-23 11:45:00,101328.13683754925
2023-06-23 12:00:00,101328.13683754925
2023-06-23 12:15:00,101328.13683754925
2023-06-23 12:30:00,101328.13683754925
2023-06-23 12:45:00,101211.82868704373
2023-06-23 13:00:00,101129.70604937141
2023-06-23 13:15:00,101086.21346823574
2023-06-23 13:30:00,101081.89122414774
2023-06-23 13:45:00,101061.63070498516
2023-06-23 14:00:00,100976.26638424682
2023-06-23 14:15:00,100985.18101267835
2023-06-23 14:30:00,100985.18101267835
2023-06-23 14:45:00,101047.85355195458
2023-06-23 15:00:00,100853.35256799383
2023-06-23 15:15:00,100809.67602134416
2023-06-26 09:15:00,100809.67602134416
2023-06-26 09:30:00,100809.67602134416
2023-06-26 09:45:00,100809.67602134416
2023-06-26 10:00:00,100809.67602134416
2023-06-26 10:15:00,100809.67602134416
2023-06-26 10:30:00,100809.67602134416
2023-06-26 10:45:00,100809.67602134416
2023-06-26 11:00:00,100809.67602134416
2023-06-26 11:15:00,100809.67602134416
2023-06-26 11:30:00,100809.67602134416
2023-06-26 11:45:00,100809.67602134416
2023-06-26 12:00:00,100809.67602134416
2023-06-26 12:15:00,100809.67602134416
2023-06-26 12:30:00,100809.67602134416
2023-06-26 12:45:00,100809.67602134416
2023-06-26 13:00:00,100809.67602134416
2023-06-26 13:15:00,100809.67602134416
2023-06-26 13:30:00,100809.67602134416
2023-06-26 13:45:00,100809.67602134416
2023-06-26 14:00:00,100809.67602134416
2023-06-26 14:15:00,100809.67602134416
2023-06-26 14:30:00,100809.67602134416
2023-06-26 14:45:00,100809.67602134416
2023-06-26 15:00:00,100809.67602134416
2023-06-26 15:15:00,100809.67602134416
2023-06-27 09:15:00,100809.67602134416
2023-06-27 09:30:00,100726.47587911645
2023-06-27 09:45:00,100704.7019476281
2023-06-27 10:00:00,100701.4761800002
2023-06-27 10:15:00,100720.83078576763
2023-06-27 10:30:00,100662.49815449635
2023-06-27 10:45:00,100645.83168841882
2023-06-27 11:00:00,100656.31543320953
2023-06-27 11:15:00,100727.55113499242
2023-06-27 11:30:00,100730.23927468235
2023-06-27 11:45:00,100766.2603465273
2023-06-27 12:00:00,100808.46413965905
2023-06-27 12:15:00,100781.31392879084
2023-06-27 12:30:00,100788.84071992262
2023-06-27 12:45:00,100716.79857623274
2023-06-27 13:00:00,100767.33560240325
2023-06-27 13:15:00,100775.93764941099
2023-06-27 13:30:00,100803.08786027919
2023-06-27 13:45:00,100848.51742103886
2023-06-27 14:00:00,100941.79586827912
2023-06-27 14:15:00,100960.34403213956
2023-06-27 14:30:00,100924.86058823262
2023-06-27 14:45:00,101059.53638669765
2023-06-27 15:00:00,101207.3840696433
2023-06-27 15:15:00,101174.05113748828
2023-06-28 09:15:00,101456.03699096097
2023-06-28 09:30:00,101451.19833951912
2023-06-28 09:45:00,101552.81001979811
2023-06-28 10:00:00,101548.77781026323
2023-06-28 10:15:00,101604.95992978258
2023-06-28 10:30:00,101721.08756438714
2023-06-28 10:45:00,101705.22754021663
2023-06-28 11:00:00,101824.04331451112
2023-06-28 11:15:00,101899.04241185992
2023-06-28 11:30:00,101917.32176175136
2023-06-28 11:45:00,101996.08425466604
2023-06-28 12:00:00,101915.97769190639
2023-06-28 12:15:00,102007.6432553327
2023-06-28 12:30:00,101939.6333211777
2023-06-28 12:45:00,102045.27721099158
2023-06-28 13:00:00,102121.88919215434
2023-06-28 13:15:00,102120.27630834037
2023-06-28 13:30:00,102193.12489393723
2023-06-28 13:45:00,102102.2657724179
2023-06-28 14:00:00,102039.36330367376
2023-06-28 14:15:00,102145.00719348766
2023-06-28 14:30:00,102029.95481475904
2023-06-28 14:45:00,102045.2772109916
2023-06-28 15:00:00,102003.8798597668
2023-06-28 15:15:00,102105.76035401481
2023-06-30 09:15:00,102619.46384875868
2023-06-30 09:30:00,102702.79617914623
2023-06-30 09:45:00,102569.19563655715
2023-06-30 10:00:00,102634.24861705325
2023-06-30 10:15:00,102611.9370576269
2023-06-30 10:30:00,102632.0981053013
2023-06-30 10:45:00,102698.76396961133
2023-06-30 11:00:00,102664.35578158034
2023-06-30 11:15:00,102668.92561905322
2023-06-30 11:30:00,102778.87053237096
2023-06-30 11:45:00,102697.15108579738
2023-06-30 12:00:00,102785.32206762677
2023-06-30 12:15:00,102811.39702261901
2023-06-30 12:30:00,102853.06318781278
2023-06-30 12:45:00,102870.26728182824
2023-06-30 13:00:00,102931.01923882049
2023-06-30 13:15:00,102985.85728849487
2023-06-30 13:30:00,102951.44910046388
2023-06-30 13:45:00,102972.14777607628
2023-06-30 14:00:00,102927.52465722359
2023-06-30 14:15:00,102982.093892929
2023-06-30 14:30:00,103048.22212930105
2023-06-30 14:45:00,103059.24350202971
2023-06-30 15:00:00,103193.65048652576
2023-06-30 15:15:00,103134.24259937851
2023-07-03 09:15:00,103679.66614246345
2023-07-03 09:30:00,103794.18089325407
2023-07-03 09:45:00,103817.03008061841
2023-07-03 10:00:00,103891.22273606021
2023-07-03 10:15:00,103936.38348285088
2023-07-03 10:30:00,103818.37415046335
2023-07-03 10:45:00,103755.4716817192
2023-07-03 11:00:00,103585.31243934721
2023-07-03 11:15:00,103599.02195176581
2023-07-03 11:30:00,103707.08516730063
2023-07-03 11:45:00,103760.57914713006
2023-07-03 12:00:00,103779.93375289749
2023-07-03 12:15:00,103786.6541021223
2023-07-03 12:30:00,103865.416595037
2023-07-03 12:45:00,103870.25524647885
2023-07-03 13:00:00,103865.95422297496
2023-07-03 13:15:00,103774.01984557968
2023-07-03 13:30:00,103869.71761854086
2023-07-03 13:45:00,103893.10443384315
2023-07-03 14:00:00,103786.92291609128
2023-07-03 14:15:00,103871.86813029279
2023-07-03 14:30:00,103829.12670922304
2023-07-03 14:45:00,103853.85759437032
2023-07-03 15:00:00,103849.28775689747
2023-07-03 15:15:00,103926.97499393618
2023-07-04 09:15:00,104186.64928798252
2023-07-04 09:30:00,104021.0598830834
2023-07-04 09:45:00,103807.3527777347
2023-07-04 10:00:00,103898.48071322302
2023-07-04 10:15:00,103906.0075043548
2023-07-04 10:30:00,103999.01713762606
2023-07-04 10:45:00,103952.51232099043
2023-07-04 11:00:00,103981.27541567257
2023-07-04 11:15:00,104005.73748685085
2023-07-04 11:30:00,104024.5544646803
2023-07-04 11:45:00,104028.85548818418
2023-07-04 12:00:00,104176.16554319185
2023-07-04 12:15:00,104221.8639179205
2023-07-04 12:30:00,104292.02436382744
2023-07-04 12:45:00,104303.8521784631
2023-07-04 13:00:00,104259.22905961041
2023-07-04 13:15:00,104474.54904877307
2023-07-04 13:30:00,104411.10895209094
2023-07-04 13:45:00,104384.49636916073
2023-07-04 14:00:00,104156.54212345542
2023-07-04 14:15:00,104106.81153919188
2023-07-04 14:30:00,104251.9710824476
2023-07-04 14:45:00,104233.69173255617
2023-07-04 15:00:00,104245.78836116081
2023-07-04 15:15:00,104222.1327318895
2023-07-05 09:15:00,104320.24983057161
2023-07-05 09:30:00,104185.03640416861
2023-07-05 09:45:00,104161.11196092832
2023-07-05 10:00:00,104240.94970971895
2023-07-05 10:15:00,104145.78956469575
2023-07-05 10:30:00,104175.09028731589
2023-07-05 10:45:00,104186.38047401358
2023-07-05 11:00:00,104160.03670505235
2023-07-05 11:15:00,104103.3891341457
2023-07-05 11:30:00,104103.3891341457
2023-07-05 11:45:00,104103.3891341457
2023-07-05 12:00:00,104103.3891341457
2023-07-05 12:15:00,104103.3891341457
2023-07-05 12:30:00,104103.3891341457
2023-07-05 12:45:00,104103.3891341457
2023-07-05 13:00:00,104103.3891341457
2023-07-05 13:15:00,104103.3891341457
2023-07-05 13:30:00,104103.3891341457
2023-07-05 13:45:00,104103.3891341457
2023-07-05 14:00:00,104103.3891341457
2023-07-05 14:15:00,104103.3891341457
2023-07-05 14:30:00,104103.3891341457
2023-07-05 14:45:00,104103.3891341457
2023-07-05 15:00:00,104103.3891341457
2023-07-05 15:15:00,104103.3891341457
2023-07-06 09:15:00,104103.3891341457
2023-07-06 09:30:00,104103.3891341457
2023-07-06 09:45:00,104103.3891341457
2023-07-06 10:00:00,104181.76651819456
2023-07-06 10:15:00,104224.08231782766
2023-07-06 10:30:00,104135.16557429485
2023-07-06 10:45:00,104217.11895839438
2023-07-06 11:00:00,104223.814496311
2023-07-06 11:15:00,104215.77985081104
2023-07-06 11:30:00,104252.73922011082
2023-07-06 11:45:00,104249.52536191084
2023-07-06 12:00:00,104183.64126881122
2023-07-06 12:15:00,104169.71454994462
2023-07-06 12:30:00,104119.36410481158
2023-07-06 12:45:00,104238.81250124423
2023-07-06 13:00:00,104183.64126881122
2023-07-06 13:15:00,104219.26153052768
2023-07-06 13:30:00,104177.21355241127
2023-07-06 13:45:00,104194.88977251116
2023-07-06 14:00:00,104225.42142541098
2023-07-06 14:15:00,104275.77187054403
2023-07-06 14:30:00,104380.4900835601
2023-07-06 14:45:00,104395.48808849335
2023-07-06 15:00:00,104479.58404472622
2023-07-06 15:15:00,104376.74058232679
2023-07-07 09:15:00,104370.84850896016
2023-07-07 09:30:00,104403.79055550996
2023-07-07 09:45:00,104566.62603764237
2023-07-07 10:00:00,104431.91181475979
2023-07-07 10:15:00,104295.8584842939
2023-07-07 10:30:00,104159.53733231135
2023-07-07 10:45:00,104051.60526109528
2023-07-07 11:00:00,103996.09951958797
2023-07-07 11:15:00,103996.09951958797
2023-07-07 11:30:00,103996.09951958797
2023-07-07 11:45:00,103996.09951958797
2023-07-07 12:00:00,103996.09951958797
2023-07-07 12:15:00,103996.09951958797
2023-07-07 12:30:00,103996.09951958797
2023-07-07 12:45:00,103996.09951958797
2023-07-07 13:00:00,103996.09951958797
2023-07-07 13:15:00,103996.09951958797
2023-07-07 13:30:00,103996.09951958797
2023-07-07 13:45:00,103996.09951958797
2023-07-07 14:00:00,103996.09951958797
2023-07-07 14:15:00,103996.09951958797
2023-07-07 14:30:00,103996.09951958797
2023-07-07 14:45:00,103996.09951958797
2023-07-07 15:00:00,103996.09951958797
2023-07-07 15:15:00,103996.09951958797
2023-07-10 09:15:00,103996.09951958797
2023-07-10 09:30:00,103996.09951958797
2023-07-10 09:45:00,103996.09951958797
2023-07-10 10:00:00,103996.09951958797
2023-07-10 10:15:00,103996.09951958797
2023-07-10 10:30:00,103959.88437926112
2023-07-10 10:45:00,103909.86058156689
2023-07-10 11:00:00,103738.12112638132
2023-07-10 11:15:00,103620.15056604358
2023-07-10 11:30:00,103568.78923365165
2023-07-10 11:45:00,103518.0743317791
2023-07-10 12:00:00,103518.0743317791
2023-07-10 12:15:00,103518.0743317791
2023-07-10 12:30:00,103518.0743317791
2023-07-10 12:45:00,103518.0743317791
2023-07-10 13:00:00,103518.0743317791
2023-07-10 13:15:00,103518.0743317791
2023-07-10 13:30:00,103518.0743317791
2023-07-10 13:45:00,103518.0743317791
2023-07-10 14:00:00,103518.0743317791
2023-07-10 14:15:00,103518.0743317791
2023-07-10 14:30:00,103518.0743317791
2023-07-10 14:45:00,103518.0743317791
2023-07-10 15:00:00,103518.0743317791
2023-07-10 15:15:00,103518.0743317791
2023-07-11 09:15:00,103518.0743317791
2023-07-11 09:30:00,103518.0743317791
2023-07-11 09:45:00,103498.9983497261
2023-07-11 10:00:00,103486.50970265045
2023-07-11 10:15:00,103498.20120204039
2023-07-11 10:30:00,103597.04751506473
2023-07-11 10:45:00,103565.9587553232
2023-07-11 11:00:00,103632.12201323464
2023-07-11 11:15:00,103599.97038991221
2023-07-11 11:30:00,103626.8076953301
2023-07-11 11:45:00,103688.18806712746
2023-07-11 12:00:00,103593.858924322
2023-07-11 12:15:00,103520.25562134423
2023-07-11 12:30:00,103548.15579034302
2023-07-11 12:45:00,103594.92178790292
2023-07-11 13:00:00,103558.25299436165
2023-07-11 13:15:00,103494.48117950726
2023-07-11 13:30:00,103464.45528334664
2023-07-11 13:45:00,103447.18375015691
2023-07-11 14:00:00,103395.46015828184
2023-07-11 14:15:00,103395.46015828184
2023-07-11 14:30:00,103395.46015828184
2023-07-11 14:45:00,103395.46015828184
2023-07-11 15:00:00,103395.46015828184
2023-07-11 15:15:00,103395.46015828184
2023-07-12 09:15:00,103395.46015828184
2023-07-12 09:30:00,103395.46015828184
2023-07-12 09:45:00,103395.46015828184
2023-07-12 10:00:00,103395.46015828184
2023-07-12 10:15:00,103395.46015828184
2023-07-12 10:30:00,103395.46015828184
2023-07-12 10:45:00,103395.46015828184
2023-07-12 11:00:00,103395.46015828184
2023-07-12 11:15:00,103395.46015828184
2023-07-12 11:30:00,103395.46015828184
2023-07-12 11:45:00,103395.46015828184
2023-07-12 12:00:00,103395.46015828184
2023-07-12 12:15:00,103395.46015828184
2023-07-12 12:30:00,103395.46015828184
2023-07-12 12:45:00,103395.46015828184
2023-07-12 13:00:00,103395.46015828184
2023-07-12 13:15:00,103395.46015828184
2023-07-12 13:30:00,103395.46015828184
2023-07-12 13:45:00,103395.46015828184
2023-07-12 14:00:00,103395.46015828184
2023-07-12 14:15:00,103395.46015828184
2023-07-12 14:30:00,103395.46015828184
2023-07-12 14:45:00,103395.46015828184
2023-07-12 15:00:00,103395.46015828184
2023-07-12 15:15:00,103395.46015828184
2023-07-13 09:15:00,103395.46015828184
2023-07-13 09:30:00,103395.46015828184
2023-07-13 09:45:00,103450.95369545063
2023-07-13 10:00:00,103540.94142597975
2023-07-13 10:15:00,103556.29227412882
2023-07-13 10:30:00,103483.77275011418
2023-07-13 10:45:00,103480.33204277043
2023-07-13 11:00:00,103505.21100356379
2023-07-13 11:15:00,103514.47444641238
2023-07-13 11:30:00,103506.79902233783
2023-07-13 11:45:00,103480.86138236179
2023-07-13 12:00:00,103479.8027031791
2023-07-13 12:15:00,103392.19700081105
2023-07-13 12:30:00,103413.37058446497
2023-07-13 12:45:00,103441.95492239775
2023-07-13 13:00:00,103464.45185503003
2023-07-13 13:15:00,103357.52525757778
2023-07-13 13:30:00,103306.7086568084
2023-07-13 13:45:00,103174.9030985628
2023-07-13 14:00:00,103121.46388478811
2023-07-13 14:15:00,103121.46388478811
2023-07-13 14:30:00,103121.46388478811
2023-07-13 14:45:00,103121.46388478811
2023-07-13 15:00:00,103121.46388478811
2023-07-13 15:15:00,103121.46388478811
2023-07-14 09:15:00,103121.46388478811
2023-07-14 09:30:00,103121.46388478811
2023-07-14 09:45:00,103121.46388478811
2023-07-14 10:00:00,103121.46388478811
2023-07-14 10:15:00,103121.46388478811
2023-07-14 10:30:00,103121.46388478811
2023-07-14 10:45:00,103121.46388478811
2023-07-14 11:00:00,103121.46388478811
2023-07-14 11:15:00,103177.35282091708
2023-07-14 11:30:00,103024.38260381059
2023-07-14 11:45:00,103061.69886784522
2023-07-14 12:00:00,103137.39001333389
2023-07-14 12:15:00,103064.08075703892
2023-07-14 12:30:00,103173.38300559424
2023-07-14 12:45:00,103104.30821897695
2023-07-14 13:00:00,103222.6087155974
2023-07-14 13:15:00,103187.9389951113
2023-07-14 13:30:00,103209.90530656431
2023-07-14 13:45:00,103192.43811914384
2023-07-14 14:00:00,103279.77405624617
2023-07-14 14:15:00,103256.74912737373
2023-07-14 14:30:00,103226.84318527507
2023-07-14 14:45:00,103257.54309043831
2023-07-14 15:00:00,103566.92403126444
2023-07-14 15:15:00,103677.54955159406
2023-07-17 09:15:00,103589.68430578202
2023-07-17 09:30:00,103674.37369933579
2023-07-17 09:45:00,103756.41654934101
2023-07-17 10:00:00,103916.00312531891
2023-07-17 10:15:00,103763.0329082124
2023-07-17 10:30:00,103824.16806418402
2023-07-17 10:45:00,103880.53944176825
2023-07-17 11:00:00,103851.16280837929
2023-07-17 11:15:00,103872.33515676772
2023-07-17 11:30:00,103836.60681886222
2023-07-17 11:45:00,103835.28354708794
2023-07-17 12:00:00,103897.47732047898
2023-07-17 12:15:00,103898.80059225326
2023-07-17 12:30:00,103876.04031773568
2023-07-17 12:45:00,103955.43662419233
2023-07-17 13:00:00,103992.75288822697
2023-07-17 13:15:00,103999.10459274349
2023-07-17 13:30:00,104067.91472500593
2023-07-17 13:45:00,104070.29661419963
2023-07-17 14:00:00,104000.16321016291
2023-07-17 14:15:00,104052.0354637146
2023-07-17 14:30:00,104124.02144823532
2023-07-17 14:45:00,104130.10849839699
2023-07-17 15:00:00,104433.40238906146
2023-07-17 15:15:00,104374.91377663838
2023-07-18 09:15:00,104747.81176262985
2023-07-18 09:30:00,104535.29431568086
2023-07-18 09:45:00,104619.98370923464
2023-07-18 10:00:00,104610.45615245982
2023-07-18 10:15:00,104675.5611237543
2023-07-18 10:30:00,104642.74398375221
2023-07-18 10:45:00,104767.66083924401
2023-07-18 11:00:00,104839.91147811958
2023-07-18 11:15:00,104773.21858069598
2023-07-18 11:30:00,104314.04327502161
2023-07-18 11:45:00,104394.23354454285
2023-07-18 12:00:00,104289.1657656652
2023-07-18 12:15:00,104410.90676889874
2023-07-18 12:30:00,104532.64777213229
2023-07-18 12:45:00,104410.90676889874
2023-07-18 13:00:00,104368.56207212186
2023-07-18 13:15:00,104317.7004012242
2023-07-18 13:30:00,104317.7004012242
2023-07-18 13:45:00,104317.7004012242
2023-07-18 14:00:00,104317.7004012242
2023-07-18 14:15:00,104317.7004012242
2023-07-18 14:30:00,104317.7004012242
2023-07-18 14:45:00,104317.7004012242
2023-07-18 15:00:00,104317.7004012242
2023-07-18 15:15:00,104317.7004012242
2023-07-19 09:15:00,104317.7004012242
2023-07-19 09:30:00,104183.21675199662
2023-07-19 09:45:00,104345.2361647781
2023-07-19 10:00:00,104292.89547785681
2023-07-19 10:15:00,104246.60421706208
2023-07-19 10:30:00,104050.1293772118
2023-07-19 10:45:00,103988.32002330976
2023-07-19 11:00:00,103872.06583426849
2023-07-19 11:15:00,103817.76381818955
2023-07-19 11:30:00,103817.76381818955
2023-07-19 11:45:00,103817.76381818955
2023-07-19 12:00:00,103817.76381818955
2023-07-19 12:15:00,103817.76381818955
2023-07-19 12:30:00,103817.76381818955
2023-07-19 12:45:00,103817.76381818955
2023-07-19 13:00:00,103817.76381818955
2023-07-19 13:15:00,103817.76381818955
2023-07-19 13:30:00,103817.76381818955
2023-07-19 13:45:00,103817.76381818955
2023-07-19 14:00:00,103817.76381818955
2023-07-19 14:15:00,103817.76381818955
2023-07-19 14:30:00,103817.76381818955
2023-07-19 14:45:00,103817.76381818955
2023-07-19 15:00:00,103924.36248752016
2023-07-19 15:15:00,103997.45935825717
2023-07-20 09:15:00,103820.3500943926
2023-07-20 09:30:00,103655.03064838887
2023-07-20 09:45:00,103541.3244050202
2023-07-20 10:00:00,103684.11219911218
2023-07-20 10:15:00,103916.76460489874
2023-07-20 10:30:00,103906.80875870516
2023-07-20 10:45:00,103910.47670203962
2023-07-20 11:00:00,103911.78668180192
2023-07-20 11:15:00,103926.72045109229
2023-07-20 11:30:00,103966.2818399141
2023-07-20 11:45:00,104011.60713969008
2023-07-20 12:00:00,104065.57830589735
2023-07-20 12:15:00,104132.6492697277
2023-07-20 12:30:00,104176.4025937889
2023-07-20 12:45:00,104237.97164261754
2023-07-20 13:00:00,104270.72113667533
2023-07-20 13:15:00,104339.36407622047
2023-07-20 13:30:00,104298.23071168388
2023-07-20 13:45:00,104426.60872839043
2023-07-20 14:00:00,104495.7756598405
2023-07-20 14:15:00,104591.40418248925
2023-07-20 14:30:00,104535.86104056725
2023-07-20 14:45:00,104568.34853867255
2023-07-20 15:00:00,104730.52403324674
2023-07-20 15:15:00,104640.92141750462
2023-07-21 09:15:00,103991.9574432554
2023-07-21 09:30:00,103875.1072484572
2023-07-21 09:45:00,104109.06963400608
2023-07-21 10:00:00,103979.38163753723
2023-07-21 10:15:00,103805.15432914978
2023-07-21 10:30:00,103756.65599639353
2023-07-21 10:45:00,103756.65599639353
2023-07-21 11:00:00,103756.65599639353
2023-07-21 11:15:00,103756.65599639353
2023-07-21 11:30:00,103756.65599639353
2023-07-21 11:45:00,103756.65599639353
2023-07-21 12:00:00,103756.65599639353
2023-07-21 12:15:00,103756.65599639353
2023-07-21 12:30:00,103756.65599639353
2023-07-21 12:45:00,103756.65599639353
2023-07-21 13:00:00,103756.65599639353
2023-07-21 13:15:00,103756.65599639353
2023-07-21 13:30:00,103756.65599639353
2023-07-21 13:45:00,103756.65599639353
2023-07-21 14:00:00,103756.65599639353
2023-07-21 14:15:00,103756.65599639353
2023-07-21 14:30:00,103756.65599639353
2023-07-21 14:45:00,103756.65599639353
2023-07-21 15:00:00,103756.65599639353
2023-07-21 15:15:00,103756.65599639353
2023-07-24 09:15:00,103756.65599639353
2023-07-24 09:30:00,103756.65599639353
2023-07-24 09:45:00,103756.65599639353
2023-07-24 10:00:00,103756.65599639353
2023-07-24 10:15:00,103756.65599639353
2023-07-24 10:30:00,103756.65599639353
2023-07-24 10:45:00,103756.65599639353
2023-07-24 11:00:00,103756.65599639353
2023-07-24 11:15:00,103756.65599639353
2023-07-24 11:30:00,103756.65599639353
2023-07-24 11:45:00,103756.65599639353
2023-07-24 12:00:00,103756.65599639353
2023-07-24 12:15:00,103756.65599639353
2023-07-24 12:30:00,103756.65599639353
2023-07-24 12:45:00,103756.65599639353
2023-07-24 13:00:00,103756.65599639353
2023-07-24 13:15:00,103756.65599639353
2023-07-24 13:30:00,103756.65599639353
2023-07-24 13:45:00,103756.65599639353
2023-07-24 14:00:00,103647.83594942559
2023-07-24 14:15:00,103459.95451724883
2023-07-24 14:30:00,103579.08603988605
2023-07-24 14:45:00,103396.19028817212
2023-07-24 15:00:00,103239.27255571165
2023-07-24 15:15:00,103185.2924621389
2023-07-25 09:15:00,103185.2924621389
2023-07-25 09:30:00,103185.2924621389
2023-07-25 09:45:00,103185.2924621389
2023-07-25 10:00:00,103185.2924621389
2023-07-25 10:15:00,103185.2924621389
2023-07-25 10:30:00,103185.2924621389
2023-07-25 10:45:00,103185.2924621389
2023-07-25 11:00:00,103185.2924621389
2023-07-25 11:15:00,103185.2924621389
2023-07-25 11:30:00,103185.2924621389
2023-07-25 11:45:00,103185.2924621389
2023-07-25 12:00:00,103185.2924621389
2023-07-25 12:15:00,103185.2924621389
2023-07-25 12:30:00,103185.2924621389
2023-07-25 12:45:00,103185.2924621389
2023-07-25 13:00:00,103185.2924621389
2023-07-25 13:15:00,103185.2924621389
2023-07-25 13:30:00,103185.2924621389
2023-07-25 13:45:00,103185.2924621389
2023-07-25 14:00:00,103185.2924621389
2023-07-25 14:15:00,103185.2924621389
2023-07-25 14:30:00,103185.2924621389
2023-07-25 14:45:00,103185.2924621389
2023-07-25 15:00:00,103185.2924621389
2023-07-25 15:15:00,103185.2924621389
2023-07-26 09:15:00,103185.2924621389
2023-07-26 09:30:00,103183.56107150459
2023-07-26 09:45:00,103357.16177816341
2023-07-26 10:00:00,103459.23377260492
2023-07-26 10:15:00,103479.07385336593
2023-07-26 10:30:00,103423.7304701905
2023-07-26 10:45:00,103379.61239586667
2023-07-26 11:00:00,103400.23563771036
2023-07-26 11:15:00,103362.90495943635
2023-07-26 11:30:00,103355.85650969231
2023-07-26 11:45:00,103409.63357070241
2023-07-26 12:00:00,103442.00422878616
2023-07-26 12:15:00,103454.79585980311
2023-07-26 12:30:00,103358.72810032878
2023-07-26 12:45:00,103344.37014714646
2023-07-26 13:00:00,103330.01219396414
2023-07-26 13:15:00,103406.50092637171
2023-07-26 13:30:00,103379.8734495609
2023-07-26 13:45:00,103376.21869784176
2023-07-26 14:00:00,103339.14907326199
2023-07-26 14:15:00,103496.56445087893
2023-07-26 14:30:00,103335.23326784864
2023-07-26 14:45:00,103187.47687691798
2023-07-26 15:00:00,103297.3804821862
2023-07-26 15:15:00,103236.81602512627
2023-07-27 09:15:00,103609.0785930894
2023-07-27 09:30:00,103667.81567428976
2023-07-27 09:45:00,103457.14534305115
2023-07-27 10:00:00,103411.98305395043
2023-07-27 10:15:00,103457.40639674535
2023-07-27 10:30:00,103385.87768452805
2023-07-27 10:45:00,103352.72386536162
2023-07-27 11:00:00,103275.97407925983
2023-07-27 11:15:00,103226.6844007266
2023-07-27 11:30:00,103226.6844007266
2023-07-27 11:45:00,103226.6844007266
2023-07-27 12:00:00,103226.6844007266
2023-07-27 12:15:00,103226.6844007266
2023-07-27 12:30:00,103226.6844007266
2023-07-27 12:45:00,103226.6844007266
2023-07-27 13:00:00,103226.6844007266
2023-07-27 13:15:00,103226.6844007266
2023-07-27 13:30:00,103226.6844007266
2023-07-27 13:45:00,103226.6844007266
2023-07-27 14:00:00,103226.6844007266
2023-07-27 14:15:00,103226.6844007266
2023-07-27 14:30:00,103226.6844007266
2023-07-27 14:45:00,103226.6844007266
2023-07-27 15:00:00,103226.6844007266
2023-07-27 15:15:00,103226.6844007266
2023-07-28 09:15:00,103226.6844007266
2023-07-28 09:30:00,103226.6844007266
2023-07-28 09:45:00,103226.6844007266
2023-07-28 10:00:00,103226.6844007266
2023-07-28 10:15:00,103226.6844007266
2023-07-28 10:30:00,103226.6844007266
2023-07-28 10:45:00,103226.6844007266
2023-07-28 11:00:00,103226.6844007266
2023-07-28 11:15:00,103226.6844007266
2023-07-28 11:30:00,103226.6844007266
2023-07-28 11:45:00,103226.6844007266
2023-07-28 12:00:00,103226.6844007266
2023-07-28 12:15:00,103226.6844007266
2023-07-28 12:30:00,103226.6844007266
2023-07-28 12:45:00,103226.6844007266
2023-07-28 13:00:00,103226.6844007266
2023-07-28 13:15:00,103226.6844007266
2023-07-28 13:30:00,103226.6844007266
2023-07-28 13:45:00,103226.6844007266
2023-07-28 14:00:00,103226.6844007266
2023-07-28 14:15:00,103226.6844007266
2023-07-28 14:30:00,103226.6844007266
2023-07-28 14:45:00,103226.6844007266
2023-07-28 15:00:00,103226.6844007266
2023-07-28 15:15:00,103226.6844007266
2023-07-31 09:15:00,103226.6844007266
2023-07-31 09:30:00,103226.6844007266
2023-07-31 09:45:00,103226.6844007266
2023-07-31 10:00:00,103254.8493179959
2023-07-31 10:15:00,103272.69445498253
2023-07-31 10:30:00,103317.56972593423
2023-07-31 10:45:00,103350.89814354162
2023-07-31 11:00:00,103362.707425371
2023-07-31 11:15:00,103477.12624487354
2023-07-31 11:30:00,103447.7342545426
2023-07-31 11:45:00,103390.26241630624
2023-07-31 12:00:00,103436.71225816851
2023-07-31 12:15:00,103332.52814958479
2023-07-31 12:30:00,103311.00901380679
2023-07-31 12:45:00,103388.16298842545
2023-07-31 13:00:00,103399.70984176974
2023-07-31 13:15:00,103443.01054181084
2023-07-31 13:30:00,103464.00482061863
2023-07-31 13:45:00,103411.78155208423
2023-07-31 14:00:00,103415.71797936069
2023-07-31 14:15:00,103480.2753866947
2023-07-31 14:30:00,103522.7888012805
2023-07-31 14:45:00,103505.46852126408
2023-07-31 15:00:00,103711.73731055074
2023-07-31 15:15:00,103619.8873407666
2023-08-01 09:15:00,103761.59872271927
2023-08-01 09:30:00,103741.39172936676
2023-08-01 09:45:00,103810.14799246233
2023-08-01 10:00:00,103814.3468482239
2023-08-01 10:15:00,103681.82046324963
2023-08-01 10:30:00,103579.73578254669
2023-08-01 10:45:00,103634.32090744699
2023-08-01 11:00:00,103556.37964737303
2023-08-01 11:15:00,103608.86534439254
2023-08-01 11:30:00,103648.75447412737
2023-08-01 11:45:00,103594.95663468238
2023-08-01 12:00:00,103546.66979342443
2023-08-01 12:15:00,103493.06037763174
2023-08-01 12:30:00,103493.06037763174
2023-08-01 12:45:00,103493.06037763174
2023-08-01 13:00:00,103493.06037763174
2023-08-01 13:15:00,103493.06037763174
2023-08-01 13:30:00,103493.06037763174
2023-08-01 13:45:00,103493.06037763174
2023-08-01 14:00:00,103493.06037763174
2023-08-01 14:15:00,103493.06037763174
2023-08-01 14:30:00,103493.06037763174
2023-08-01 14:45:00,103493.06037763174
2023-08-01 15:00:00,103493.06037763174
2023-08-01 15:15:00,103493.06037763174
2023-08-02 09:15:00,103493.06037763174
2023-08-02 09:30:00,103493.06037763174
2023-08-02 09:45:00,103493.06037763174
2023-08-02 10:00:00,103493.06037763174
2023-08-02 10:15:00,103493.06037763174
2023-08-02 10:30:00,103493.06037763174
2023-08-02 10:45:00,103493.06037763174
2023-08-02 11:00:00,103493.06037763174
2023-08-02 11:15:00,103493.06037763174
2023-08-02 11:30:00,103493.06037763174
2023-08-02 11:45:00,103493.06037763174
2023-08-02 12:00:00,103493.06037763174
2023-08-02 12:15:00,103493.06037763174
2023-08-02 12:30:00,103493.06037763174
2023-08-02 12:45:00,103493.06037763174
2023-08-02 13:00:00,103493.06037763174
2023-08-02 13:15:00,103493.06037763174
2023-08-02 13:30:00,103493.06037763174
2023-08-02 13:45:00,103493.06037763174
2023-08-02 14:00:00,103493.06037763174
2023-08-02 14:15:00,103493.06037763174
2023-08-02 14:30:00,103493.06037763174
2023-08-02 14:45:00,103493.06037763174
2023-08-02 15:00:00,103493.06037763174
2023-08-02 15:15:00,103493.06037763174
2023-08-03 09:15:00,103493.06037763174
2023-08-03 09:30:00,103493.06037763174
2023-08-03 09:45:00,103493.06037763174
2023-08-03 10:00:00,103493.06037763174
2023-08-03 10:15:00,103493.06037763174
2023-08-03 10:30:00,103493.06037763174
2023-08-03 10:45:00,103493.06037763174
2023-08-03 11:00:00,103493.06037763174
2023-08-03 11:15:00,103493.06037763174
2023-08-03 11:30:00,103493.06037763174
2023-08-03 11:45:00,103493.06037763174
2023-08-03 12:00:00,103493.06037763174
2023-08-03 12:15:00,103493.06037763174
2023-08-03 12:30:00,103493.06037763174
2023-08-03 12:45:00,103493.06037763174
2023-08-03 13:00:00,103493.06037763174
2023-08-03 13:15:00,103493.06037763174
2023-08-03 13:30:00,103493.06037763174
2023-08-03 13:45:00,103493.06037763174
2023-08-03 14:00:00,103493.06037763174
2023-08-03 14:15:00,103493.06037763174
2023-08-03 14:30:00,103493.06037763174
2023-08-03 14:45:00,103493.06037763174
2023-08-03 15:00:00,103493.06037763174
2023-08-03 15:15:00,103493.06037763174
2023-08-04 09:15:00,103493.06037763174
2023-08-04 09:30:00,103238.74698247018
2023-08-04 09:45:00,103310.16308558639
2023-08-04 10:00:00,103425.38460511218
2023-08-04 10:15:00,103382.90662556351
2023-08-04 10:30:00,103364.58799688314
2023-08-04 10:45:00,103380.78272658607
2023-08-04 11:00:00,103389.543809868
2023-08-04 11:15:00,103632.73024278416
2023-08-04 11:30:00,103597.9513970287
2023-08-04 11:45:00,103630.60634380672
2023-08-04 12:00:00,103676.27017182157
2023-08-04 12:15:00,103709.45609334398
2023-08-04 12:30:00,103651.5798462089
2023-08-04 12:45:00,103586.00446528064
2023-08-04 13:00:00,103616.27002570906
2023-08-04 13:15:00,103576.97789462656
2023-08-04 13:30:00,103513.26092530355
2023-08-04 13:45:00,103342.28705762012
2023-08-04 14:00:00,103446.88908225874
2023-08-04 14:15:00,103442.37579693168
2023-08-04 14:30:00,103575.38497039347
2023-08-04 14:45:00,103576.97789462653
2023-08-04 15:00:00,103704.14634590039
2023-08-04 15:15:00,103593.43811170165
2023-08-07 09:15:00,103824.41212549756
2023-08-07 09:30:00,103844.58916578318
2023-08-07 09:45:00,103778.48281011057
2023-08-07 10:00:00,103887.06714533185
2023-08-07 10:15:00,103978.3948013615
2023-08-07 10:30:00,103934.32389757976
2023-08-07 10:45:00,103763.35002989635
2023-08-07 11:00:00,103742.90750223855
2023-08-07 11:15:00,103812.19970637733
2023-08-07 11:30:00,103793.88107769696
2023-08-07 11:45:00,103779.81024697148
2023-08-07 12:00:00,103727.24374727998
2023-08-07 12:15:00,103864.50071869662
2023-08-07 12:30:00,103927.4212259031
2023-08-07 12:45:00,103930.07609962489
2023-08-07 13:00:00,103989.01429624866
2023-08-07 13:15:00,104117.24469701122
2023-08-07 13:30:00,104150.96159327797
2023-08-07 13:45:00,104025.12057886501
2023-08-07 14:00:00,103995.12050580877
2023-08-07 14:15:00,104059.8994246205
2023-08-07 14:30:00,104052.73126557165
2023-08-07 14:45:00,104019.27985667708
2023-08-07 15:00:00,104061.75783622575
2023-08-07 15:15:00,104060.16491199267
2023-08-08 09:15:00,104084.0587754888
2023-08-08 09:30:00,104033.08520003037
2023-08-08 09:45:00,104002.55415222977
2023-08-08 10:00:00,104020.60729353796
2023-08-08 10:15:00,104084.0587754888
2023-08-08 10:30:00,104064.6781973197
2023-08-08 10:45:00,104024.32411674847
2023-08-08 11:00:00,103863.17328183567
2023-08-08 11:15:00,103771.31465106166
2023-08-08 11:30:00,103716.24473819422
2023-08-08 11:45:00,103716.24473819422
2023-08-08 12:00:00,103716.24473819422
2023-08-08 12:15:00,103716.24473819422
2023-08-08 12:30:00,103716.24473819422
2023-08-08 12:45:00,103716.24473819422
2023-08-08 13:00:00,103716.24473819422
2023-08-08 13:15:00,103716.24473819422
2023-08-08 13:30:00,103716.24473819422
2023-08-08 13:45:00,103716.24473819422
2023-08-08 14:00:00,103716.24473819422
2023-08-08 14:15:00,103716.24473819422
2023-08-08 14:30:00,103525.7731082216
2023-08-08 14:45:00,103481.86119550749
2023-08-08 15:00:00,103524.18593065359
2023-08-08 15:15:00,103541.11582471205
2023-08-09 09:15:00,103292.19347613392
2023-08-09 09:30:00,103194.31752610851
2023-08-09 09:45:00,103150.9166845713
2023-08-09 10:00:00,103150.9166845713
2023-08-09 10:15:00,103150.9166845713
2023-08-09 10:30:00,103150.9166845713
2023-08-09 10:45:00,103150.9166845713
2023-08-09 11:00:00,103150.9166845713
2023-08-09 11:15:00,103150.9166845713
2023-08-09 11:30:00,103150.9166845713
2023-08-09 11:45:00,103150.9166845713
2023-08-09 12:00:00,103150.9166845713
2023-08-09 12:15:00,103150.9166845713
2023-08-09 12:30:00,103150.9166845713
2023-08-09 12:45:00,103150.9166845713
2023-08-09 13:00:00,103150.9166845713
2023-08-09 13:15:00,103150.9166845713
2023-08-09 13:30:00,103150.9166845713
2023-08-09 13:45:00,103150.9166845713
2023-08-09 14:00:00,103142.3877549329
2023-08-09 14:15:00,103175.13480744381
2023-08-09 14:30:00,103386.67020309901
2023-08-09 14:45:00,103509.73573914812
2023-08-09 15:00:00,103728.92971966475
2023-08-09 15:15:00,103686.4113692272
2023-08-10 09:15:00,103443.71345585998
2023-08-10 09:30:00,103472.49917137361
2023-08-10 09:45:00,103430.24491006919
2023-08-10 10:00:00,103616.95592720804
2023-08-10 10:15:00,103203.92052295741
2023-08-10 10:30:00,103025.9244472126
2023-08-10 10:45:00,103237.4598428678
2023-08-10 11:00:00,103177.51160964216
2023-08-10 11:15:00,103190.71606629978
2023-08-10 11:30:00,103231.12170367212
2023-08-10 11:45:00,103391.42380749572
2023-08-10 12:00:00,103263.86875618304
2023-08-10 12:15:00,103313.51751321572
2023-08-10 12:30:00,103341.5109613299
2023-08-10 12:45:00,103309.82026535159
2023-08-10 13:00:00,103443.71345585994
2023-08-10 13:15:00,103225.0476536096
2023-08-10 13:30:00,103237.72393200091
2023-08-10 13:45:00,103067.65053025066
2023-08-10 14:00:00,103016.9085762513
2023-08-10 14:15:00,103016.9085762513
2023-08-10 14:30:00,103016.9085762513
2023-08-10 14:45:00,103016.9085762513
2023-08-10 15:00:00,103016.9085762513
2023-08-10 15:15:00,103016.9085762513
2023-08-11 09:15:00,103016.9085762513
2023-08-11 09:30:00,103016.9085762513
2023-08-11 09:45:00,103016.9085762513
2023-08-11 10:00:00,103016.9085762513
2023-08-11 10:15:00,103016.9085762513
2023-08-11 10:30:00,103016.9085762513
2023-08-11 10:45:00,103016.9085762513
2023-08-11 11:00:00,103016.9085762513
2023-08-11 11:15:00,103016.9085762513
2023-08-11 11:30:00,103016.9085762513
2023-08-11 11:45:00,103016.9085762513
2023-08-11 12:00:00,103016.9085762513
2023-08-11 12:15:00,103016.9085762513
2023-08-11 12:30:00,103016.9085762513
2023-08-11 12:45:00,103016.9085762513
2023-08-11 13:00:00,103016.9085762513
2023-08-11 13:15:00,103016.9085762513
2023-08-11 13:30:00,103016.9085762513
2023-08-11 13:45:00,103016.9085762513
2023-08-11 14:00:00,103016.9085762513
2023-08-11 14:15:00,103016.9085762513
2023-08-11 14:30:00,103016.9085762513
2023-08-11 14:45:00,103016.9085762513
2023-08-11 15:00:00,103016.9085762513
2023-08-11 15:15:00,103016.9085762513
2023-08-14 09:15:00,103016.9085762513
2023-08-14 09:30:00,103016.9085762513
2023-08-14 09:45:00,103016.9085762513
2023-08-14 10:00:00,103016.9085762513
2023-08-14 10:15:00,103016.9085762513
2023-08-14 10:30:00,103016.9085762513
2023-08-14 10:45:00,103016.9085762513
2023-08-14 11:00:00,103016.9085762513
2023-08-14 11:15:00,103016.9085762513
2023-08-14 11:30:00,103016.9085762513
2023-08-14 11:45:00,102973.64635566807
2023-08-14 12:00:00,103099.20191401322
2023-08-14 12:15:00,103073.13317520426
2023-08-14 12:30:00,103023.38976543616
2023-08-14 12:45:00,102961.14400134131
2023-08-14 13:00:00,103009.5573734151
2023-08-14 13:15:00,103065.95097165485
2023-08-14 13:30:00,103139.90106745984
2023-08-14 13:45:00,103231.14165329117
2023-08-14 14:00:00,103372.39165642946
2023-08-14 14:15:00,103324.77630697232
2023-08-14 14:30:00,103386.49005598942
2023-08-14 14:45:00,103521.88789327265
2023-08-14 15:00:00,103375.58374689589
2023-08-14 15:15:00,103283.54513844797
2023-08-16 09:15:00,103021.52771266412
2023-08-16 09:30:00,103040.14824038479
2023-08-16 09:45:00,103056.37470025568
2023-08-16 10:00:00,103093.61575569704
2023-08-16 10:15:00,103156.39353486963
2023-08-16 10:30:00,103212.78713310938
2023-08-16 10:45:00,103101.32997432418
2023-08-16 11:00:00,103050.31105840721
2023-08-16 11:15:00,103050.31105840721
2023-08-16 11:30:00,103050.31105840721
2023-08-16 11:45:00,103050.31105840721
2023-08-16 12:00:00,103050.31105840721
2023-08-16 12:15:00,103050.31105840721
2023-08-16 12:30:00,103050.31105840721
2023-08-16 12:45:00,103050.31105840721
2023-08-16 13:00:00,103050.31105840721
2023-08-16 13:15:00,102972.27419359834
2023-08-16 13:30:00,102971.21372522714
2023-08-16 13:45:00,103027.68366599287
2023-08-16 14:00:00,102986.85563370216
2023-08-16 14:15:00,103058.96748294291
2023-08-16 14:30:00,103066.65587863402
2023-08-16 14:45:00,103028.47901727125
2023-08-16 15:00:00,103192.85161480533
2023-08-16 15:15:00,103114.64207243024
2023-08-17 09:15:00,102929.59034165798
2023-08-17 09:30:00,102893.7995341304
2023-08-17 09:45:00,102776.88289620697
2023-08-17 10:00:00,102861.72036590199
2023-08-17 10:15:00,102798.88761490912
2023-08-17 10:30:00,102873.38551798505
2023-08-17 10:45:00,102901.48792982152
2023-08-17 11:00:00,102867.81805903632
2023-08-17 11:15:00,102685.41749919203
2023-08-17 11:30:00,102633.2798368397
2023-08-17 11:45:00,102633.2798368397
2023-08-17 12:00:00,102633.2798368397
2023-08-17 12:15:00,102633.2798368397
2023-08-17 12:30:00,102633.2798368397
2023-08-17 12:45:00,102633.2798368397
2023-08-17 13:00:00,102633.2798368397
2023-08-17 13:15:00,102633.2798368397
2023-08-17 13:30:00,102633.2798368397
2023-08-17 13:45:00,102633.2798368397
2023-08-17 14:00:00,102633.2798368397
2023-08-17 14:15:00,102633.2798368397
2023-08-17 14:30:00,102633.2798368397
2023-08-17 14:45:00,102633.2798368397
2023-08-17 15:00:00,102633.2798368397
2023-08-17 15:15:00,102633.2798368397
2023-08-18 09:15:00,102633.2798368397
2023-08-18 09:30:00,102633.2798368397
2023-08-18 09:45:00,102633.2798368397
2023-08-18 10:00:00,102633.2798368397
2023-08-18 10:15:00,102633.2798368397
2023-08-18 10:30:00,102633.2798368397
2023-08-18 10:45:00,102633.2798368397
2023-08-18 11:00:00,102633.2798368397
2023-08-18 11:15:00,102633.2798368397
2023-08-18 11:30:00,102633.2798368397
2023-08-18 11:45:00,102633.2798368397
2023-08-18 12:00:00,102579.83769101328
2023-08-18 12:15:00,102521.38627854311
2023-08-18 12:30:00,102538.65601404567
2023-08-18 12:45:00,102506.24204894858
2023-08-18 13:00:00,102388.54215929273
2023-08-18 13:15:00,102423.61300677485
2023-08-18 13:30:00,102362.23902368115
2023-08-18 13:45:00,102579.5720027748
2023-08-18 14:00:00,102841.54060593659
2023-08-18 14:15:00,102886.17623000474
2023-08-18 14:30:00,102813.37765265552
2023-08-18 14:45:00,102753.86348723133
2023-08-18 15:00:00,102642.54011529949
2023-08-18 15:15:00,102457.35541306443
2023-08-21 09:15:00,102888.30173591273
2023-08-21 09:30:00,102833.83564702007
2023-08-21 09:45:00,102681.59628635911
2023-08-21 10:00:00,102576.11805567429
2023-08-21 10:15:00,102760.77138143234
2023-08-21 10:30:00,102796.37360539143
2023-08-21 10:45:00,102882.98797114269
2023-08-21 11:00:00,102951.00416019892
2023-08-21 11:15:00,102928.68634816485
2023-08-21 11:30:00,102945.4247071904
2023-08-21 11:45:00,102971.72784280198
2023-08-21 12:00:00,102945.15901895189
2023-08-21 12:15:00,102970.93077808649
2023-08-21 12:30:00,103068.17267337779
2023-08-21 12:45:00,103062.32753213076
2023-08-21 13:00:00,103104.30627381388
2023-08-21 13:15:00,103029.11650231815
2023-08-21 13:30:00,103072.95506167079
2023-08-21 13:45:00,103133.53198004898
2023-08-21 14:00:00,103030.71063174917
2023-08-21 14:15:00,103064.98441451575
2023-08-21 14:30:00,103095.00718546635
2023-08-21 14:45:00,103181.09017474062
2023-08-21 15:00:00,103075.34625581729
2023-08-21 15:15:00,102983.94950177301
2023-08-22 09:15:00,103237.15039306428
2023-08-22 09:30:00,103299.05575263497
2023-08-22 09:45:00,103064.45303803876
2023-08-22 10:00:00,103090.22479717333
2023-08-22 10:15:00,103153.98997441353
2023-08-22 10:30:00,103189.32651013415
2023-08-22 10:45:00,103139.6428095345
2023-08-22 11:00:00,103166.47732162308
2023-08-22 11:15:00,103197.29715728917
2023-08-22 11:30:00,103221.74047523124
2023-08-22 11:45:00,103240.33865192629
2023-08-22 12:00:00,103256.01425799784
2023-08-22 12:15:00,103223.33460466226
2023-08-22 12:30:00,103214.03551631473
2023-08-22 12:45:00,103261.32802276786
2023-08-22 13:00:00,103215.36395750723
2023-08-22 13:15:00,103207.3933103522
2023-08-22 13:30:00,103190.38926308815
2023-08-22 13:45:00,103135.12610947997
2023-08-22 14:00:00,103161.16355685305
2023-08-22 14:15:00,103127.42115056343
2023-08-22 14:30:00,103097.13269137435
2023-08-22 14:45:00,103044.78745884553
2023-08-22 15:00:00,103044.78745884553
2023-08-22 15:15:00,103044.78745884553
2023-08-23 09:15:00,103044.78745884553
2023-08-23 09:30:00,103044.78745884553
2023-08-23 09:45:00,103044.78745884553
2023-08-23 10:00:00,103044.78745884553
2023-08-23 10:15:00,103044.78745884553
2023-08-23 10:30:00,103044.78745884553
2023-08-23 10:45:00,103044.78745884553
2023-08-23 11:00:00,103044.78745884553
2023-08-23 11:15:00,103044.78745884553
2023-08-23 11:30:00,103032.77271639704
2023-08-23 11:45:00,102990.87869691793
2023-08-23 12:00:00,102995.38628129229
2023-08-23 12:15:00,103104.62891436437
2023-08-23 12:30:00,103136.44715700673
2023-08-23 12:45:00,103132.46987667643
2023-08-23 13:00:00,103088.18948899917
2023-08-23 13:15:00,103115.76529928921
2023-08-23 13:30:00,103161.37144707658
2023-08-23 13:45:00,103224.21247629523
2023-08-23 14:00:00,103203.00031453365
2023-08-23 14:15:00,103144.66686968932
2023-08-23 14:30:00,103190.0078654547
2023-08-23 14:45:00,103181.25784872804
2023-08-23 15:00:00,103105.68952245245
2023-08-23 15:15:00,103099.32587392398
2023-08-24 09:15:00,103686.90275471954
2023-08-24 09:30:00,103766.97866536948
2023-08-24 09:45:00,103784.74385084478
2023-08-24 10:00:00,103738.60739901336
2023-08-24 10:15:00,103626.44809369906
2023-08-24 10:30:00,103541.06914260871
2023-08-24 10:45:00,103401.86433104839
2023-08-24 11:00:00,103340.61421396185
2023-08-24 11:15:00,103290.26900408493
2023-08-24 11:30:00,103290.26900408493
2023-08-24 11:45:00,103290.26900408493
2023-08-24 12:00:00,103290.26900408493
2023-08-24 12:15:00,103290.26900408493
2023-08-24 12:30:00,103290.26900408493
2023-08-24 12:45:00,103290.26900408493
2023-08-24 13:00:00,103290.26900408493
2023-08-24 13:15:00,103290.26900408493
2023-08-24 13:30:00,103290.26900408493
2023-08-24 13:45:00,103290.26900408493
2023-08-24 14:00:00,103290.26900408493
2023-08-24 14:15:00,103290.26900408493
2023-08-24 14:30:00,103290.26900408493
2023-08-24 14:45:00,103290.26900408493
2023-08-24 15:00:00,103290.26900408493
2023-08-24 15:15:00,103290.26900408493
2023-08-25 09:15:00,103290.26900408493
2023-08-25 09:30:00,103290.26900408493
2023-08-25 09:45:00,103290.26900408493
2023-08-25 10:00:00,103290.26900408493
2023-08-25 10:15:00,103290.26900408493
2023-08-25 10:30:00,103290.26900408493
2023-08-25 10:45:00,103290.26900408493
2023-08-25 11:00:00,103290.26900408493
2023-08-25 11:15:00,103290.26900408493
2023-08-25 11:30:00,103290.26900408493
2023-08-25 11:45:00,103290.26900408493
2023-08-25 12:00:00,103290.26900408493
2023-08-25 12:15:00,103290.26900408493
2023-08-25 12:30:00,103290.26900408493
2023-08-25 12:45:00,103290.26900408493
2023-08-25 13:00:00,103290.26900408493
2023-08-25 13:15:00,103290.26900408493
2023-08-25 13:30:00,103290.26900408493
2023-08-25 13:45:00,103290.26900408493
2023-08-25 14:00:00,103290.26900408493
2023-08-25 14:15:00,103290.26900408493
2023-08-25 14:30:00,103290.26900408493
2023-08-25 14:45:00,103290.26900408493
2023-08-25 15:00:00,103290.26900408493
2023-08-25 15:15:00,103290.26900408493
2023-08-28 09:15:00,103290.26900408493
2023-08-28 09:30:00,103290.26900408493
2023-08-28 09:45:00,103290.26900408493
2023-08-28 10:00:00,103290.26900408493
2023-08-28 10:15:00,103290.26900408493
2023-08-28 10:30:00,103256.00203885444
2023-08-28 10:45:00,103243.97099858953
2023-08-28 11:00:00,103288.08481289417
2023-08-28 11:15:00,103308.40390311934
2023-08-28 11:30:00,103312.4142498743
2023-08-28 11:45:00,103256.5367517551
2023-08-28 12:00:00,103283.53975323855
2023-08-28 12:15:00,103320.43494338423
2023-08-28 12:30:00,103398.23567043061
2023-08-28 12:45:00,103419.35683000676
2023-08-28 13:00:00,103378.71864955642
2023-08-28 13:15:00,103464.54007011274
2023-08-28 13:30:00,103467.74834751674
2023-08-28 13:45:00,103422.29775096044
2023-08-28 14:00:00,103391.28440272201
2023-08-28 14:15:00,103335.13954815247
2023-08-28 14:30:00,103304.92826926506
2023-08-28 14:45:00,103370.43059959619
2023-08-28 15:00:00,103204.13488749019
2023-08-28 15:15:00,103213.75971970214
2023-08-29 09:15:00,103323.64322078826
2023-08-29 09:30:00,103464.00535721214
2023-08-29 09:45:00,103405.72165103993
2023-08-29 10:00:00,103414.8117703512
2023-08-29 10:15:00,103299.0464273578
2023-08-29 10:30:00,103391.81911562271
2023-08-29 10:45:00,103424.70395901345
2023-08-29 11:00:00,103340.75403360948
2023-08-29 11:15:00,103371.23266894722
2023-08-29 11:30:00,103415.07912680153
2023-08-29 11:45:00,103359.73634158298
2023-08-29 12:00:00,103438.33913798035
2023-08-29 12:15:00,103499.56376510618
2023-08-29 12:30:00,103424.9713154638
2023-08-29 12:45:00,103483.5223780863
2023-08-29 13:00:00,103481.65088293399
2023-08-29 13:15:00,103527.63619239094
2023-08-29 13:30:00,103509.9906666691
2023-08-29 13:45:00,103438.60649443067
2023-08-29 14:00:00,103361.34048028495
2023-08-29 14:15:00,103305.46298216573
2023-08-29 14:30:00,103325.24735949024
2023-08-29 14:45:00,103274.44963392732
2023-08-29 15:00:00,103420.96096870881
2023-08-29 15:15:00,103482.72030873531
2023-08-30 09:15:00,103916.63982762278
2023-08-30 09:30:00,103855.14784404662
2023-08-30 09:45:00,103896.8554502983
2023-08-30 10:00:00,103951.12880971552
2023-08-30 10:15:00,103932.68121464267
2023-08-30 10:30:00,103965.29870158309
2023-08-30 10:45:00,103969.04169188773
2023-08-30 11:00:00,103989.36078211288
2023-08-30 11:15:00,103992.56905951686
2023-08-30 11:30:00,103965.03134513275
2023-08-30 11:45:00,103985.35043535792
2023-08-30 12:00:00,103991.23227726521
2023-08-30 12:15:00,103970.64583058971
2023-08-30 12:30:00,103936.42420494731
2023-08-30 12:45:00,103938.29570009964
2023-08-30 13:00:00,103969.30904833805
2023-08-30 13:15:00,103953.00030486785
2023-08-30 13:30:00,103908.88649056319
2023-08-30 13:45:00,103917.17454052345
2023-08-30 14:00:00,103803.01333623202
2023-08-30 14:15:00,103746.83626521021
2023-08-30 14:30:00,103746.83626521021
2023-08-30 14:45:00,103746.83626521021
2023-08-30 15:00:00,103746.83626521021
2023-08-30 15:15:00,103746.83626521021
2023-08-31 09:15:00,103746.83626521021
2023-08-31 09:30:00,103746.83626521021
2023-08-31 09:45:00,103746.83626521021
2023-08-31 10:00:00,103746.83626521021
2023-08-31 10:15:00,103746.83626521021
2023-08-31 10:30:00,103746.83626521021
2023-08-31 10:45:00,103746.83626521021
2023-08-31 11:00:00,103746.83626521021
2023-08-31 11:15:00,103746.83626521021
2023-08-31 11:30:00,103746.83626521021
2023-08-31 11:45:00,103746.83626521021
2023-08-31 12:00:00,103746.83626521021
2023-08-31 12:15:00,103746.83626521021
2023-08-31 12:30:00,103746.83626521021
2023-08-31 12:45:00,103746.83626521021
2023-08-31 13:00:00,103746.83626521021
2023-08-31 13:15:00,103746.83626521021
2023-08-31 13:30:00,103746.83626521021
2023-08-31 13:45:00,103746.83626521021
2023-08-31 14:00:00,103746.83626521021
2023-08-31 14:15:00,103746.83626521021
2023-08-31 14:30:00,103746.83626521021
2023-08-31 14:45:00,103746.83626521021
2023-08-31 15:00:00,103746.83626521021
2023-08-31 15:15:00,103746.83626521021
2023-09-01 09:15:00,103746.83626521021
2023-09-01 09:30:00,103746.83626521021
2023-09-01 09:45:00,103746.83626521021
2023-09-01 10:00:00,103746.83626521021
2023-09-01 10:15:00,103746.83626521021
2023-09-01 10:30:00,103563.56932541363
2023-09-01 10:45:00,103692.28134663547
2023-09-01 11:00:00,103659.03074115315
2023-09-01 11:15:00,103730.3586529136
2023-09-01 11:30:00,103665.73449225846
2023-09-01 11:45:00,103695.23099712179
2023-09-01 12:00:00,103687.18649579542
2023-09-01 12:15:00,103709.44294946505
2023-09-01 12:30:00,103863.62922488707
2023-09-01 12:45:00,103926.91263532115
2023-09-01 13:00:00,103994.75459650683
2023-09-01 13:15:00,104013.79324964588
2023-09-01 13:30:00,104047.58015521661
2023-09-01 13:45:00,104130.70666892239
2023-09-01 14:00:00,104235.01703612095
2023-09-01 14:15:00,104245.47488784522
2023-09-01 14:30:00,104255.93273956949
2023-09-01 14:45:00,104255.39643948108
2023-09-01 15:00:00,104230.72663541356
2023-09-01 15:15:00,104167.44322497948
2023-09-04 09:15:00,104658.96225602043
2023-09-04 09:30:00,104410.92346512414
2023-09-04 09:45:00,104502.63078024471
2023-09-04 10:00:00,104359.97495672383
2023-09-04 10:15:00,104340.13185345213
2023-09-04 10:30:00,104277.9210431949
2023-09-04 10:45:00,104268.80394169169
2023-09-04 11:00:00,104433.9843689264
2023-09-04 11:15:00,104384.37661074713
2023-09-04 11:30:00,104421.64946689265
2023-09-04 11:45:00,104476.35207591194
2023-09-04 12:00:00,104526.22798413542
2023-09-04 12:15:00,104606.13669731065
2023-09-04 12:30:00,104605.60039722221
2023-09-04 12:45:00,104577.44464257993
2023-09-04 13:00:00,104647.4318041193
2023-09-04 13:15:00,104644.75030367718
2023-09-04 13:30:00,104642.33695327929
2023-09-04 13:45:00,104585.48914390628
2023-09-04 14:00:00,104621.68939987491
2023-09-04 14:15:00,104610.1589479738
2023-09-04 14:30:00,104745.03842021253
2023-09-04 14:45:00,104700.2573628291
2023-09-04 15:00:00,104741.82061968198
2023-09-04 15:15:00,104768.36747405899
2023-09-05 09:15:00,104847.7398871458
2023-09-05 09:30:00,104945.34650323905
2023-09-05 09:45:00,104981.27860916348
2023-09-05 10:00:00,105011.57956415947
2023-09-05 10:15:00,104910.48699749149
2023-09-05 10:30:00,104977.52450854455
2023-09-05 10:45:00,104922.82189952525
2023-09-05 11:00:00,104996.29501163939
2023-09-05 11:15:00,104988.51866035724
2023-09-05 11:30:00,104981.81490925193
2023-09-05 11:45:00,105014.52921464581
2023-09-05 12:00:00,104946.4191034159
2023-09-05 12:15:00,104916.92259855256
2023-09-05 12:30:00,104772.12157467796
2023-09-05 12:45:00,104842.37688626157
2023-09-05 13:00:00,104876.96824196493
2023-09-05 13:15:00,104765.14967352843
2023-09-05 13:30:00,104722.68368955172
2023-09-05 13:45:00,104722.68368955172
2023-09-05 14:00:00,104722.68368955172
2023-09-05 14:15:00,104722.68368955172
2023-09-05 14:30:00,104722.68368955172
2023-09-05 14:45:00,104722.68368955172
2023-09-05 15:00:00,104722.68368955172
2023-09-05 15:15:00,104722.68368955172
2023-09-06 09:15:00,104722.68368955172
2023-09-06 09:30:00,104722.68368955172
2023-09-06 09:45:00,104722.68368955172
2023-09-06 10:00:00,104722.68368955172
2023-09-06 10:15:00,104722.68368955172
2023-09-06 10:30:00,104694.91801140651
2023-09-06 10:45:00,104608.56584428741
2023-09-06 11:00:00,104643.32058647159
2023-09-06 11:15:00,104621.93305281979
2023-09-06 11:30:00,104503.23224105233
2023-09-06 11:45:00,104499.75676683392
2023-09-06 12:00:00,104542.53183413751
2023-09-06 12:15:00,104507.24240361206
2023-09-06 12:30:00,104326.25040008375
2023-09-06 12:45:00,104273.5528538866
2023-09-06 13:00:00,104273.5528538866
2023-09-06 13:15:00,104273.5528538866
2023-09-06 13:30:00,104273.5528538866
2023-09-06 13:45:00,104273.5528538866
2023-09-06 14:00:00,104273.5528538866
2023-09-06 14:15:00,104273.5528538866
2023-09-06 14:30:00,104273.5528538866
2023-09-06 14:45:00,104273.5528538866
2023-09-06 15:00:00,104273.5528538866
2023-09-06 15:15:00,104242.13815355972
2023-09-07 09:15:00,103978.33018474779
2023-09-07 09:30:00,103949.6380793785
2023-09-07 09:45:00,104071.0481919133
2023-09-07 10:00:00,104101.33430313643
2023-09-07 10:15:00,104109.83566769029
2023-09-07 10:30:00,104195.11498087119
2023-09-07 10:45:00,104245.32616526743
2023-09-07 11:00:00,104343.62319292141
2023-09-07 11:15:00,104285.97331454058
2023-09-07 11:30:00,104137.73077013266
2023-09-07 11:45:00,104232.57411843663
2023-09-07 12:00:00,104215.30572168661
2023-09-07 12:15:00,104161.9065255827
2023-09-07 12:30:00,104222.47874802895
2023-09-07 12:45:00,104227.79210087511
2023-09-07 13:00:00,104239.21580949434
2023-09-07 13:15:00,104332.7308195868
2023-09-07 13:30:00,104418.01013276768
2023-09-07 13:45:00,104387.19268625995
2023-09-07 14:00:00,104527.4652013986
2023-09-07 14:15:00,104599.1954648218
2023-09-07 14:30:00,104817.83993444135
2023-09-07 14:45:00,104833.24865769522
2023-09-07 15:00:00,104741.59332109893
2023-09-07 15:15:00,104796.58652305669
2023-09-08 09:15:00,105104.22965284943
2023-09-08 09:30:00,105078.72555918783
2023-09-08 09:45:00,105074.4748769109
2023-09-08 10:00:00,105086.42992081477
2023-09-08 10:15:00,104968.7391552723
2023-09-08 10:30:00,104897.00889184912
2023-09-08 10:45:00,104952.00209380689
2023-09-08 11:00:00,104921.71598258377
2023-09-08 11:15:00,105072.88087105707
2023-09-08 11:30:00,105251.94086197272
2023-09-08 11:45:00,105307.19973157278
2023-09-08 12:00:00,105310.91907856509
2023-09-08 12:15:00,105227.76510652267
2023-09-08 12:30:00,105348.90955141516
2023-09-08 12:45:00,105309.32507271125
2023-09-08 13:00:00,105259.64522359964
2023-09-08 13:15:00,105298.43269937662
2023-09-08 13:30:00,105362.19293353056
2023-09-08 13:45:00,105348.37821613053
2023-09-08 14:00:00,105421.43681776525
2023-09-08 14:15:00,105522.65618948465
2023-09-08 14:30:00,105293.91634945739
2023-09-08 14:45:00,105314.37275791513
2023-09-08 15:00:00,105296.04169059587
2023-09-08 15:15:00,105313.31008734589
2023-09-11 09:15:00,105701.45051275799
2023-09-11 09:30:00,105721.1099182888
2023-09-11 09:45:00,105880.77617131596
2023-09-11 10:00:00,105889.80887115443
2023-09-11 10:15:00,105864.03910985055
2023-09-11 10:30:00,105958.35112286992
2023-09-11 10:45:00,105894.59088871599
2023-09-11 11:00:00,105892.19987993521
2023-09-11 11:15:00,105955.16311116223
2023-09-11 11:30:00,105950.9124288853
2023-09-11 11:45:00,105930.7216880699
2023-09-11 12:00:00,105944.53640546992
2023-09-11 12:15:00,105985.71489002768
2023-09-11 12:30:00,106008.82797490849
2023-09-11 12:45:00,105948.25575246224
2023-09-11 13:00:00,105996.6072633623
2023-09-11 13:15:00,105976.15085490458
2023-09-11 13:30:00,105919.03231180835
2023-09-11 13:45:00,105985.18355474305
2023-09-11 14:00:00,105972.43150791226
2023-09-11 14:15:00,106059.57049458932
2023-09-11 14:30:00,106083.48058239705
2023-09-11 14:45:00,106099.42064093554
2023-09-11 15:00:00,106255.898882255
2023-09-11 15:15:00,106267.05692323192
2023-09-12 09:15:00,106562.21367383619
2023-09-12 09:30:00,106463.11964325528
2023-09-12 09:45:00,106113.23535833553
2023-09-12 10:00:00,106106.32799963553
2023-09-12 10:15:00,106008.82797490848
2023-09-12 10:30:00,106084.27758532397
2023-09-12 10:45:00,106226.94110924343
2023-09-12 11:00:00,106275.0269525012
2023-09-12 11:15:00,106356.58691868976
2023-09-12 11:30:00,106463.38531089763
2023-09-12 11:45:00,106450.36759642453
2023-09-12 12:00:00,106320.19045169358
2023-09-12 12:15:00,106151.49149882793
2023-09-12 12:30:00,106038.3170832047
2023-09-12 12:45:00,106051.86613296242
2023-09-12 13:00:00,106190.81030988954
2023-09-12 13:15:00,106258.02422339347
2023-09-12 13:30:00,106265.1972497358
2023-09-12 13:45:00,106182.57461297796
2023-09-12 14:00:00,106326.56647510895
2023-09-12 14:15:00,106263.86891152425
2023-09-12 14:30:00,106307.17273722045
2023-09-12 14:45:00,106291.76401396659
2023-09-12 15:00:00,106187.8879658241
2023-09-12 15:15:00,106190.81030988951
2023-09-13 09:15:00,106333.73950145126
2023-09-13 09:30:00,106120.67405232017
2023-09-13 09:45:00,106177.79259541642
2023-09-13 10:00:00,106150.69449590099
2023-09-13 10:15:00,106199.04600680106
2023-09-13 10:30:00,106110.57868191246
2023-09-13 10:45:00,106159.72719573947
2023-09-13 11:00:00,106303.71905787045
2023-09-13 11:15:00,106412.11145593214
2023-09-13 11:30:00,106383.15368292056
2023-09-13 11:45:00,106393.78038861288
2023-09-13 12:00:00,106496.32809854382
2023-09-13 12:15:00,106577.8880647324
2023-09-13 12:30:00,106579.74773822856
2023-09-13 12:45:00,106611.36218766324
2023-09-13 13:00:00,106715.50390344801
2023-09-13 13:15:00,106573.3717148132
2023-09-13 13:30:00,106616.40987286711
2023-09-13 13:45:00,106660.24503384792
2023-09-13 14:00:00,106692.12515092488
2023-09-13 14:15:00,106725.86494149802
2023-09-13 14:30:00,106726.92761206724
2023-09-13 14:45:00,106733.83497076725
2023-09-13 15:00:00,106626.5052432748
2023-09-13 15:15:00,106603.6578260363
2023-09-14 09:15:00,107054.23014739082
2023-09-14 09:30:00,107097.26830544473
2023-09-14 09:45:00,107017.30234510999
2023-09-14 10:00:00,106861.88677435977
2023-09-14 10:15:00,106756.41672036344
2023-09-14 10:30:00,106703.01752425951
2023-09-14 10:45:00,106707.79954182108
2023-09-14 11:00:00,106785.10882573272
2023-09-14 11:15:00,106774.4821200404
2023-09-14 11:30:00,106688.40580393258
2023-09-14 11:45:00,106629.2198352439
2023-09-14 12:00:00,106629.2198352439
2023-09-14 12:15:00,106629.2198352439
2023-09-14 12:30:00,106629.2198352439
2023-09-14 12:45:00,106629.2198352439
2023-09-14 13:00:00,106629.2198352439
2023-09-14 13:15:00,106629.2198352439
2023-09-14 13:30:00,106629.2198352439
2023-09-14 13:45:00,106629.2198352439
2023-09-14 14:00:00,106629.2198352439
2023-09-14 14:15:00,106629.2198352439
2023-09-14 14:30:00,106629.2198352439
2023-09-14 14:45:00,106629.2198352439
2023-09-14 15:00:00,106629.2198352439
2023-09-14 15:15:00,106629.2198352439
2023-09-15 09:15:00,106629.2198352439
2023-09-15 09:30:00,106568.50333140825
2023-09-15 09:45:00,106535.98786883977
2023-09-15 10:00:00,106591.76642657917
2023-09-15 10:15:00,106532.55127523498
2023-09-15 10:30:00,106542.33234934094
2023-09-15 10:45:00,106627.71848275246
2023-09-15 11:00:00,106705.70272224593
2023-09-15 11:15:00,106705.70272224593
2023-09-15 11:30:00,106661.55571209198
2023-09-15 11:45:00,106698.30082832789
2023-09-15 12:00:00,106739.01124487702
2023-09-15 12:15:00,106636.97085014997
2023-09-15 12:30:00,106516.42572062784
2023-09-15 12:45:00,106544.18282282042
2023-09-15 13:00:00,106638.82132362945
2023-09-15 13:15:00,106671.60113955213
2023-09-15 13:30:00,106601.54750068512
2023-09-15 13:45:00,106640.14309040054
2023-09-15 14:00:00,106700.94436187005
2023-09-15 14:15:00,106717.86297653984
2023-09-15 14:30:00,106776.28506782139
2023-09-15 14:45:00,106783.15825503097
2023-09-15 15:00:00,106726.0579305205
2023-09-15 15:15:00,106634.85602331626
2023-09-18 09:15:00,106539.68881579879
2023-09-18 09:30:00,106659.96959196668
2023-09-18 09:45:00,106680.58915359549
2023-09-18 10:00:00,106679.00303347019
2023-09-18 10:15:00,106699.09388839055
2023-09-18 10:30:00,106681.91092036656
2023-09-18 10:45:00,106686.140574034
2023-09-18 11:00:00,106665.78536575941
2023-09-18 11:15:00,106708.08190243383
2023-09-18 11:30:00,106733.4598244385
2023-09-18 11:45:00,106729.23017077104
2023-09-18 12:00:00,106664.72795234257
2023-09-18 12:15:00,106666.57842582208
2023-09-18 12:30:00,106661.02700538357
2023-09-18 12:45:00,106607.89198118632
2023-09-18 13:00:00,106555.64491990587
2023-09-18 13:15:00,106555.64491990587
2023-09-18 13:30:00,106555.64491990587
2023-09-18 13:45:00,106555.64491990587
2023-09-18 14:00:00,106555.64491990587
2023-09-18 14:15:00,106555.64491990587
2023-09-18 14:30:00,106555.64491990587
2023-09-18 14:45:00,106555.64491990587
2023-09-18 15:00:00,106555.64491990587
2023-09-18 15:15:00,106555.64491990587
2023-09-20 09:15:00,106555.64491990587
2023-09-20 09:30:00,106555.64491990587
2023-09-20 09:45:00,106555.64491990587
2023-09-20 10:00:00,106555.64491990587
2023-09-20 10:15:00,106555.64491990587
2023-09-20 10:30:00,106555.64491990587
2023-09-20 10:45:00,106555.64491990587
2023-09-20 11:00:00,106555.64491990587
2023-09-20 11:15:00,106555.64491990587
2023-09-20 11:30:00,106555.64491990587
2023-09-20 11:45:00,106555.64491990587
2023-09-20 12:00:00,106555.64491990587
2023-09-20 12:15:00,106555.64491990587
2023-09-20 12:30:00,106555.64491990587
2023-09-20 12:45:00,106555.64491990587
2023-09-20 13:00:00,106555.64491990587
2023-09-20 13:15:00,106555.64491990587
2023-09-20 13:30:00,106555.64491990587
2023-09-20 13:45:00,106555.64491990587
2023-09-20 14:00:00,106555.64491990587
2023-09-20 14:15:00,106555.64491990587
2023-09-20 14:30:00,106555.64491990587
2023-09-20 14:45:00,106555.64491990587
2023-09-20 15:00:00,106555.64491990587
2023-09-20 15:15:00,106555.64491990587
2023-09-21 09:15:00,106555.64491990587
2023-09-21 09:30:00,106555.64491990587
2023-09-21 09:45:00,106555.64491990587
2023-09-21 10:00:00,106555.64491990587
2023-09-21 10:15:00,106555.64491990587
2023-09-21 10:30:00,106555.64491990587
2023-09-21 10:45:00,106555.64491990587
2023-09-21 11:00:00,106555.64491990587
2023-09-21 11:15:00,106555.64491990587
2023-09-21 11:30:00,106555.64491990587
2023-09-21 11:45:00,106555.64491990587
2023-09-21 12:00:00,106555.64491990587
2023-09-21 12:15:00,106555.64491990587
2023-09-21 12:30:00,106555.64491990587
2023-09-21 12:45:00,106555.64491990587
2023-09-21 13:00:00,106555.64491990587
2023-09-21 13:15:00,106555.64491990587
2023-09-21 13:30:00,106555.64491990587
2023-09-21 13:45:00,106555.64491990587
2023-09-21 14:00:00,106555.64491990587
2023-09-21 14:15:00,106555.64491990587
2023-09-21 14:30:00,106555.64491990587
2023-09-21 14:45:00,106555.64491990587
2023-09-21 15:00:00,106555.64491990587
2023-09-21 15:15:00,106555.64491990587
2023-09-22 09:15:00,106555.64491990587
2023-09-22 09:30:00,106555.64491990587
2023-09-22 09:45:00,106555.64491990587
2023-09-22 10:00:00,106555.64491990587
2023-09-22 10:15:00,106555.64491990587
2023-09-22 10:30:00,106555.64491990587
2023-09-22 10:45:00,106555.64491990587
2023-09-22 11:00:00,106555.64491990587
2023-09-22 11:15:00,106555.64491990587
2023-09-22 11:30:00,106555.64491990587
2023-09-22 11:45:00,106555.64491990587
2023-09-22 12:00:00,106562.15933647713
2023-09-22 12:15:00,106554.07930417561
2023-09-22 12:30:00,106596.36480655354
2023-09-22 12:45:00,106471.39364029012
2023-09-22 13:00:00,106490.24704899365
2023-09-22 13:15:00,106327.03039650303
2023-09-22 13:30:00,106166.77642252299
2023-09-22 13:45:00,106109.11663868336
2023-09-22 14:00:00,106109.11663868336
2023-09-22 14:15:00,106109.11663868336
2023-09-22 14:30:00,106109.11663868336
2023-09-22 14:45:00,106109.11663868336
2023-09-22 15:00:00,106109.11663868336
2023-09-22 15:15:00,106109.11663868336
2023-09-25 09:15:00,106109.11663868336
2023-09-25 09:30:00,106109.11663868336
2023-09-25 09:45:00,106109.11663868336
2023-09-25 10:00:00,106109.11663868336
2023-09-25 10:15:00,106109.11663868336
2023-09-25 10:30:00,106109.11663868336
2023-09-25 10:45:00,106109.11663868336
2023-09-25 11:00:00,106109.11663868336
2023-09-25 11:15:00,106109.11663868336
2023-09-25 11:30:00,106109.11663868336
2023-09-25 11:45:00,106109.11663868336
2023-09-25 12:00:00,106109.11663868336
2023-09-25 12:15:00,106109.11663868336
2023-09-25 12:30:00,106255.20941651118
2023-09-25 12:45:00,106310.72274702038
2023-09-25 13:00:00,106254.13148776341
2023-09-25 13:15:00,106229.33912656513
2023-09-25 13:30:00,106268.95300804499
2023-09-25 13:45:00,106058.48742004645
2023-09-25 14:00:00,105839.66788425283
2023-09-25 14:15:00,105893.8338038274
2023-09-25 14:30:00,105965.78554773983
2023-09-25 14:45:00,106182.98819041181
2023-09-25 15:00:00,106067.11085002849
2023-09-25 15:15:00,106040.43211352163
2023-09-26 09:15:00,105985.72722957324
2023-09-26 09:30:00,105934.61979807937
2023-09-26 09:45:00,105934.61979807937
2023-09-26 10:00:00,105934.61979807937
2023-09-26 10:15:00,105934.61979807937
2023-09-26 10:30:00,105934.61979807937
2023-09-26 10:45:00,105934.61979807937
2023-09-26 11:00:00,105934.61979807937
2023-09-26 11:15:00,105934.61979807937
2023-09-26 11:30:00,105934.61979807937
2023-09-26 11:45:00,105934.61979807937
2023-09-26 12:00:00,105934.61979807937
2023-09-26 12:15:00,105934.61979807937
2023-09-26 12:30:00,105934.61979807937
2023-09-26 12:45:00,105934.61979807937
2023-09-26 13:00:00,105934.61979807937
2023-09-26 13:15:00,105934.61979807937
2023-09-26 13:30:00,105934.61979807937
2023-09-26 13:45:00,105934.61979807937
2023-09-26 14:00:00,105934.61979807937
2023-09-26 14:15:00,105934.61979807937
2023-09-26 14:30:00,105934.61979807937
2023-09-26 14:45:00,105934.61979807937
2023-09-26 15:00:00,105934.61979807937
2023-09-26 15:15:00,105934.61979807937
2023-09-27 09:15:00,105934.61979807937
2023-09-27 09:30:00,105934.61979807937
2023-09-27 09:45:00,105934.61979807937
2023-09-27 10:00:00,105934.61979807937
2023-09-27 10:15:00,105934.61979807937
2023-09-27 10:30:00,105934.61979807937
2023-09-27 10:45:00,105934.61979807937
2023-09-27 11:00:00,105934.61979807937
2023-09-27 11:15:00,105934.61979807937
2023-09-27 11:30:00,105934.61979807937
2023-09-27 11:45:00,105810.25682630236
2023-09-27 12:00:00,105875.18646597253
2023-09-27 12:15:00,105891.08210390006
2023-09-27 12:30:00,105912.90492885145
2023-09-27 12:45:00,105985.64767868939
2023-09-27 13:00:00,106063.23994518317
2023-09-27 13:15:00,106135.17444224516
2023-09-27 13:30:00,106058.65984611932
2023-09-27 13:45:00,106144.06522278089
2023-09-27 14:00:00,106110.65744137383
2023-09-27 14:15:00,106158.0749375645
2023-09-27 14:30:00,106242.94147904209
2023-09-27 14:45:00,106289.01188727276
2023-09-27 15:00:00,106200.91233469124
2023-09-27 15:15:00,106302.48276687237
2023-09-28 09:15:00,106324.57500941574
2023-09-28 09:30:00,106080.21325347868
2023-09-28 09:45:00,106047.0748896636
2023-09-28 10:00:00,106324.03617423175
2023-09-28 10:15:00,106221.92690686665
2023-09-28 10:30:00,106086.40985809448
2023-09-28 10:45:00,106107.4244302699
2023-09-28 11:00:00,105929.87823714693
2023-09-28 11:15:00,105873.41262054682
2023-09-28 11:30:00,105873.41262054682
2023-09-28 11:45:00,105873.41262054682
2023-09-28 12:00:00,105873.41262054682
2023-09-28 12:15:00,105873.41262054682
2023-09-28 12:30:00,105873.41262054682
2023-09-28 12:45:00,105873.41262054682
2023-09-28 13:00:00,105873.41262054682
2023-09-28 13:15:00,105873.41262054682
2023-09-28 13:30:00,105873.41262054682
2023-09-28 13:45:00,105873.41262054682
2023-09-28 14:00:00,105873.41262054682
2023-09-28 14:15:00,105873.41262054682
2023-09-28 14:30:00,105873.41262054682
2023-09-28 14:45:00,105873.41262054682
2023-09-28 15:00:00,105873.41262054682
2023-09-28 15:15:00,105873.41262054682
2023-09-29 09:15:00,105873.41262054682
2023-09-29 09:30:00,105873.41262054682
2023-09-29 09:45:00,105873.41262054682
2023-09-29 10:00:00,105896.66931555816
2023-09-29 10:15:00,105829.12197396098
2023-09-29 10:30:00,105853.97939566872
2023-09-29 10:45:00,105831.28348889209
2023-09-29 11:00:00,105958.54268046118
2023-09-29 11:15:00,105989.88464696225
2023-09-29 11:30:00,106275.20461786872
2023-09-29 11:45:00,106258.99325588539
2023-09-29 12:00:00,106280.87859456288
2023-09-29 12:15:00,106329.51268051284
2023-09-29 12:30:00,106312.22056106398
2023-09-29 12:45:00,106231.70412988013
2023-09-29 13:00:00,106279.52764773092
2023-09-29 13:15:00,106332.21457417672
2023-09-29 13:30:00,106331.13381671118
2023-09-29 13:45:00,106455.96130398275
2023-09-29 14:00:00,106511.62031345883
2023-09-29 14:15:00,106533.77584150272
2023-09-29 14:30:00,106492.43686844523
2023-09-29 14:45:00,106371.66222166948
2023-09-29 15:00:00,106042.84176277442
2023-09-29 15:15:00,106120.65630029437
2023-10-03 09:15:00,105540.28954129142
2023-10-03 09:30:00,105484.54879953203
2023-10-03 09:45:00,105484.54879953203
2023-10-03 10:00:00,105484.54879953203
2023-10-03 10:15:00,105484.54879953203
2023-10-03 10:30:00,105484.54879953203
2023-10-03 10:45:00,105484.54879953203
2023-10-03 11:00:00,105484.54879953203
2023-10-03 11:15:00,105484.54879953203
2023-10-03 11:30:00,105484.54879953203
2023-10-03 11:45:00,105484.54879953203
2023-10-03 12:00:00,105484.54879953203
2023-10-03 12:15:00,105484.54879953203
2023-10-03 12:30:00,105484.54879953203
2023-10-03 12:45:00,105484.54879953203
2023-10-03 13:00:00,105484.54879953203
2023-10-03 13:15:00,105484.54879953203
2023-10-03 13:30:00,105484.54879953203
2023-10-03 13:45:00,105484.54879953203
2023-10-03 14:00:00,105222.91164524676
2023-10-03 14:15:00,105284.90625476115
2023-10-03 14:30:00,105254.98711712594
2023-10-03 14:45:00,105283.82808763918
2023-10-03 15:00:00,105275.74183422426
2023-10-03 15:15:00,105245.01407124754
2023-10-04 09:15:00,104565.49924261351
2023-10-04 09:30:00,104508.90598083848
2023-10-04 09:45:00,104508.90598083848
2023-10-04 10:00:00,104508.90598083848
2023-10-04 10:15:00,104508.90598083848
2023-10-04 10:30:00,104508.90598083848
2023-10-04 10:45:00,104508.90598083848
2023-10-04 11:00:00,104508.90598083848
2023-10-04 11:15:00,104508.90598083848
2023-10-04 11:30:00,104508.90598083848
2023-10-04 11:45:00,104508.90598083848
2023-10-04 12:00:00,104508.90598083848
2023-10-04 12:15:00,104508.90598083848
2023-10-04 12:30:00,104508.90598083848
2023-10-04 12:45:00,104508.90598083848
2023-10-04 13:00:00,104508.90598083848
2023-10-04 13:15:00,104508.90598083848
2023-10-04 13:30:00,104508.90598083848
2023-10-04 13:45:00,104508.90598083848
2023-10-04 14:00:00,104508.90598083848
2023-10-04 14:15:00,104508.90598083848
2023-10-04 14:30:00,104508.90598083848
2023-10-04 14:45:00,104403.12704900092
2023-10-04 15:00:00,104598.93519272319
2023-10-04 15:15:00,104607.54214409561
2023-10-05 09:15:00,105017.9861376673
2023-10-05 09:30:00,105132.56617781249
2023-10-05 09:45:00,105091.14522433278
2023-10-05 10:00:00,105031.97243364748
2023-10-05 10:15:00,104885.38529308615
2023-10-05 10:30:00,104868.17139034133
2023-10-05 10:45:00,105227.24264290898
2023-10-05 11:00:00,105282.11195790808
2023-10-05 11:15:00,105260.59457947707
2023-10-05 11:30:00,105199.80798540944
2023-10-05 11:45:00,105202.4976577133
2023-10-05 12:00:00,105192.00793572818
2023-10-05 12:15:00,105078.50376450455
2023-10-05 12:30:00,105067.74507528904
2023-10-05 12:45:00,105130.41443996939
2023-10-05 13:00:00,105055.10361546082
2023-10-05 13:15:00,105132.83514504287
2023-10-05 13:30:00,105215.67705200231
2023-10-05 13:45:00,105196.31141141438
2023-10-05 14:00:00,105174.79403298337
2023-10-05 14:15:00,105149.7800805573
2023-10-05 14:30:00,105236.11856151176
2023-10-05 14:45:00,105221.32536384043
2023-10-05 15:00:00,105113.46950445494
2023-10-05 15:15:00,105147.89730994457
2023-10-06 09:15:00,105498.89954560058
2023-10-06 09:30:00,105393.19542405821
2023-10-06 09:45:00,105462.85793672863
2023-10-06 10:00:00,105453.71305089544
2023-10-06 10:15:00,105433.27154138598
2023-10-06 10:30:00,105652.74880138239
2023-10-06 10:45:00,105711.9215920677
2023-10-06 11:00:00,105663.5074905979
2023-10-06 11:15:00,105470.1200519491
2023-10-06 11:30:00,105551.6171227566
2023-10-06 11:45:00,105565.60341873675
2023-10-06 12:00:00,105568.29309104063
2023-10-06 12:15:00,105607.56230667724
2023-10-06 12:30:00,105641.45217770609
2023-10-06 12:45:00,105640.37630878456
2023-10-06 13:00:00,105695.51459101406
2023-10-06 13:15:00,105740.97005294957
2023-10-06 13:30:00,105720.7975106705
2023-10-06 13:45:00,105745.81146309657
2023-10-06 14:00:00,105783.73584258123
2023-10-06 14:15:00,105749.84597155238
2023-10-06 14:30:00,105781.31513750773
2023-10-06 14:45:00,105831.07407512947
2023-10-06 15:00:00,105760.3356935375
2023-10-06 15:15:00,105703.5836079257
2023-10-09 09:15:00,104937.83390301176
2023-10-09 09:30:00,104881.87016035223
2023-10-09 09:45:00,104881.87016035223
2023-10-09 10:00:00,104881.87016035223
2023-10-09 10:15:00,104881.87016035223
2023-10-09 10:30:00,104881.87016035223
2023-10-09 10:45:00,104881.87016035223
2023-10-09 11:00:00,104881.87016035223
2023-10-09 11:15:00,104881.87016035223
2023-10-09 11:30:00,104881.87016035223
2023-10-09 11:45:00,104881.87016035223
2023-10-09 12:00:00,104881.87016035223
2023-10-09 12:15:00,104881.87016035223
2023-10-09 12:30:00,104881.87016035223
2023-10-09 12:45:00,104881.87016035223
2023-10-09 13:00:00,104881.87016035223
2023-10-09 13:15:00,104881.87016035223
2023-10-09 13:30:00,104881.87016035223
2023-10-09 13:45:00,104881.87016035223
2023-10-09 14:00:00,104881.87016035223
2023-10-09 14:15:00,104881.87016035223
2023-10-09 14:30:00,104881.87016035223
2023-10-09 14:45:00,104881.87016035223
2023-10-09 15:00:00,104881.87016035223
2023-10-09 15:15:00,104881.87016035223
2023-10-10 09:15:00,104881.87016035223
2023-10-10 09:30:00,104881.87016035223
2023-10-10 09:45:00,104881.87016035223
2023-10-10 10:00:00,104881.87016035223
2023-10-10 10:15:00,104796.83392356042
2023-10-10 10:30:00,104849.4673205866
2023-10-10 10:45:00,104789.88738385138
2023-10-10 11:00:00,104854.27646346208
2023-10-10 11:15:00,104883.6656699234
2023-10-10 11:30:00,104848.93297137822
2023-10-10 11:45:00,104853.20776504531
2023-10-10 12:00:00,105012.71100374899
2023-10-10 12:15:00,105085.64967069386
2023-10-10 12:30:00,105113.70300413421
2023-10-10 12:45:00,105108.35951205033
2023-10-10 13:00:00,105141.22198836617
2023-10-10 13:15:00,105215.49652833205
2023-10-10 13:30:00,105270.80167140016
2023-10-10 13:45:00,105262.51925867016
2023-10-10 14:00:00,105245.68725860595
2023-10-10 14:15:00,105344.80903676181
2023-10-10 14:30:00,105257.44294119046
2023-10-10 14:45:00,105280.68713175532
2023-10-10 15:00:00,105204.2751949559
2023-10-10 15:15:00,105221.37436962432
2023-10-11 09:15:00,105804.08218137088
2023-10-11 09:30:00,105849.23468947962
2023-10-11 09:45:00,105833.73856243637
2023-10-11 10:00:00,105856.71557839704
2023-10-11 10:15:00,105897.59329283866
2023-10-11 10:30:00,105976.14262647164
2023-10-11 10:45:00,105927.78402311257
2023-10-11 11:00:00,105845.76141962508
2023-10-11 11:15:00,105887.7078324835
2023-10-11 11:30:00,105871.67735623188
2023-10-11 11:45:00,105886.37195946254
2023-10-11 12:00:00,105853.7766577509
2023-10-11 12:15:00,105799.27303849539
2023-10-11 12:30:00,105739.42592715599
2023-10-11 12:45:00,105728.47176838404
2023-10-11 13:00:00,105880.49411817027
2023-10-11 13:15:00,105838.54770531187
2023-10-11 13:30:00,105847.36446725027
2023-10-11 13:45:00,105766.14338757537
2023-10-11 14:00:00,105818.24243539314
2023-10-11 14:15:00,105825.99049891476
2023-10-11 14:30:00,105909.88332463159
2023-10-11 14:45:00,105924.57792786224
2023-10-11 15:00:00,105853.7766577509
2023-10-11 15:15:00,105846.56294343768
2023-10-12 09:15:00,105914.1581182987
2023-10-12 09:30:00,105872.47888004445
2023-10-12 09:45:00,105693.73906983885
2023-10-12 10:00:00,105774.15862570118
2023-10-12 10:15:00,105740.76180017696
2023-10-12 10:30:00,105873.28040385706
2023-10-12 10:45:00,105873.28040385706
2023-10-12 11:00:00,105931.7916421755
2023-10-12 11:15:00,105832.13551481123
2023-10-12 11:30:00,105901.60091190162
2023-10-12 11:45:00,105959.04345180327
2023-10-12 12:00:00,105907.21157858967
2023-10-12 12:15:00,105880.22694356611
2023-10-12 12:30:00,105862.32624508515
2023-10-12 12:45:00,105841.48662595803
2023-10-12 13:00:00,105813.43329251769
2023-10-12 13:15:00,105842.02097516642
2023-10-12 13:30:00,105869.00561018998
2023-10-12 13:45:00,105817.44091158059
2023-10-12 14:00:00,105817.44091158059
2023-10-12 14:15:00,105799.27303849543
2023-10-12 14:30:00,105765.07468915863
2023-10-12 14:45:00,105769.61665742993
2023-10-12 15:00:00,105796.86846705769
2023-10-12 15:15:00,105709.76954609054
2023-10-13 09:15:00,105395.57221155867
2023-10-13 09:30:00,105345.01075358805
2023-10-13 09:45:00,105345.01075358805
2023-10-13 10:00:00,105345.01075358805
2023-10-13 10:15:00,105345.01075358805
2023-10-13 10:30:00,105345.01075358805
2023-10-13 10:45:00,105345.01075358805
2023-10-13 11:00:00,105345.01075358805
2023-10-13 11:15:00,105345.01075358805
2023-10-13 11:30:00,105345.01075358805
2023-10-13 11:45:00,105345.01075358805
2023-10-13 12:00:00,105345.01075358805
2023-10-13 12:15:00,105345.01075358805
2023-10-13 12:30:00,105345.01075358805
2023-10-13 12:45:00,105345.01075358805
2023-10-13 13:00:00,105345.01075358805
2023-10-13 13:15:00,105218.4857464647
2023-10-13 13:30:00,105312.33441294407
2023-10-13 13:45:00,105312.8676440036
2023-10-13 14:00:00,105454.97372137153
2023-10-13 14:15:00,105573.61763211961
2023-10-13 14:30:00,105464.83849597306
2023-10-13 14:45:00,105375.78890902955
2023-10-13 15:00:00,105342.99519886772
2023-10-13 15:15:00,105211.55374269064
2023-10-16 09:15:00,105162.76310074254
2023-10-16 09:30:00,105100.32187697795
2023-10-16 09:45:00,105100.32187697795
2023-10-16 10:00:00,105100.32187697795
2023-10-16 10:15:00,105100.32187697795
2023-10-16 10:30:00,105100.32187697795
2023-10-16 10:45:00,105100.32187697795
2023-10-16 11:00:00,105100.32187697795
2023-10-16 11:15:00,105100.32187697795
2023-10-16 11:30:00,105100.32187697795
2023-10-16 11:45:00,105100.32187697795
2023-10-16 12:00:00,105100.32187697795
2023-10-16 12:15:00,105100.32187697795
2023-10-16 12:30:00,105100.32187697795
2023-10-16 12:45:00,105100.32187697795
2023-10-16 13:00:00,105100.32187697795
2023-10-16 13:15:00,105100.32187697795
2023-10-16 13:30:00,105100.32187697795
2023-10-16 13:45:00,105074.88198445084
2023-10-16 14:00:00,105008.16946120323
2023-10-16 14:15:00,105062.389998026
2023-10-16 14:30:00,105026.5087604227
2023-10-16 14:45:00,104982.12234057268
2023-10-16 15:00:00,104881.92066222866
2023-10-16 15:15:00,104884.57853168075
2023-10-17 09:15:00,105346.5162424551
2023-10-17 09:30:00,105395.15525342846
2023-10-17 09:45:00,105418.27871766168
2023-10-17 10:00:00,105365.12132861976
2023-10-17 10:15:00,105345.18730772904
2023-10-17 10:30:00,105426.51811296321
2023-10-17 10:45:00,105414.29191348355
2023-10-17 11:00:00,105435.28908215513
2023-10-17 11:15:00,105412.4314048671
2023-10-17 11:30:00,105408.97617457937
2023-10-17 11:45:00,105404.72358345603
2023-10-17 12:00:00,105430.50491714137
2023-10-17 12:15:00,105393.82631870243
2023-10-17 12:30:00,105480.73864978596
2023-10-17 12:45:00,105481.27022367639
2023-10-17 13:00:00,105472.76504142967
2023-10-17 13:15:00,105469.04402419674
2023-10-17 13:30:00,105389.04215368863
2023-10-17 13:45:00,105344.12415994822
2023-10-17 14:00:00,105157.54172441104
2023-10-17 14:15:00,105101.24379682452
2023-10-17 14:30:00,105101.24379682452
2023-10-17 14:45:00,105101.24379682452
2023-10-17 15:00:00,105101.24379682452
2023-10-17 15:15:00,105101.24379682452
2023-10-18 09:15:00,105101.24379682452
2023-10-18 09:30:00,105101.24379682452
2023-10-18 09:45:00,105101.24379682452
2023-10-18 10:00:00,105101.24379682452
2023-10-18 10:15:00,105101.24379682452
2023-10-18 10:30:00,105101.24379682452
2023-10-18 10:45:00,105101.24379682452
2023-10-18 11:00:00,105101.24379682452
2023-10-18 11:15:00,105101.24379682452
2023-10-18 11:30:00,105101.24379682452
2023-10-18 11:45:00,105101.24379682452
2023-10-18 12:00:00,105101.24379682452
2023-10-18 12:15:00,105101.24379682452
2023-10-18 12:30:00,105101.24379682452
2023-10-18 12:45:00,105101.24379682452
2023-10-18 13:00:00,105101.24379682452
2023-10-18 13:15:00,105101.24379682452
2023-10-18 13:30:00,105101.24379682452
2023-10-18 13:45:00,105101.24379682452
2023-10-18 14:00:00,105101.24379682452
2023-10-18 14:15:00,105101.24379682452
2023-10-18 14:30:00,105101.24379682452
2023-10-18 14:45:00,105101.24379682452
2023-10-18 15:00:00,105101.24379682452
2023-10-18 15:15:00,105101.24379682452
2023-10-19 09:15:00,105101.24379682452
2023-10-19 09:30:00,105101.24379682452
2023-10-19 09:45:00,105101.24379682452
2023-10-19 10:00:00,105101.24379682452
2023-10-19 10:15:00,105101.24379682452
2023-10-19 10:30:00,105101.24379682452
2023-10-19 10:45:00,105101.24379682452
2023-10-19 11:00:00,105101.24379682452
2023-10-19 11:15:00,105101.24379682452
2023-10-19 11:30:00,105101.24379682452
2023-10-19 11:45:00,105101.24379682452
2023-10-19 12:00:00,105101.24379682452
2023-10-19 12:15:00,104984.5771931297
2023-10-19 12:30:00,104968.01389783231
2023-10-19 12:45:00,105002.47623804786
2023-10-19 13:00:00,104956.25930116964
2023-10-19 13:15:00,104952.25205230738
2023-10-19 13:30:00,104999.53758888222
2023-10-19 13:45:00,105023.84823198002
2023-10-19 14:00:00,105030.79413000798
2023-10-19 14:15:00,104943.70325473452
2023-10-19 14:30:00,104958.66365048703
2023-10-19 14:45:00,104943.43610481036
2023-10-19 15:00:00,104840.85053393611
2023-10-19 15:15:00,104786.35194940919
2023-10-20 09:15:00,104598.27840280639
2023-10-20 09:30:00,104547.84837804931
2023-10-20 09:45:00,104547.84837804931
2023-10-20 10:00:00,104547.84837804931
2023-10-20 10:15:00,104547.84837804931
2023-10-20 10:30:00,104547.84837804931
2023-10-20 10:45:00,104547.84837804931
2023-10-20 11:00:00,104547.84837804931
2023-10-20 11:15:00,104547.84837804931
2023-10-20 11:30:00,104547.84837804931
2023-10-20 11:45:00,104547.84837804931
2023-10-20 12:00:00,104547.84837804931
2023-10-20 12:15:00,104547.84837804931
2023-10-20 12:30:00,104547.84837804931
2023-10-20 12:45:00,104547.84837804931
2023-10-20 13:00:00,104547.84837804931
2023-10-20 13:15:00,104547.84837804931
2023-10-20 13:30:00,104547.84837804931
2023-10-20 13:45:00,104547.84837804931
2023-10-20 14:00:00,104547.84837804931
2023-10-20 14:15:00,104547.84837804931
2023-10-20 14:30:00,104547.84837804931
2023-10-20 14:45:00,104547.84837804931
2023-10-20 15:00:00,104547.84837804931
2023-10-20 15:15:00,104547.84837804931
2023-10-23 09:15:00,104547.84837804931
2023-10-23 09:30:00,104547.84837804931
2023-10-23 09:45:00,104547.84837804931
2023-10-23 10:00:00,104547.84837804931
2023-10-23 10:15:00,104547.84837804931
2023-10-23 10:30:00,104547.84837804931
2023-10-23 10:45:00,104547.84837804931
2023-10-23 11:00:00,104547.84837804931
2023-10-23 11:15:00,104547.84837804931
2023-10-23 11:30:00,104547.84837804931
2023-10-23 11:45:00,104547.84837804931
2023-10-23 12:00:00,104547.84837804931
2023-10-23 12:15:00,104547.84837804931
2023-10-23 12:30:00,104547.84837804931
2023-10-23 12:45:00,104547.84837804931
2023-10-23 13:00:00,104547.84837804931
2023-10-23 13:15:00,104547.84837804931
2023-10-23 13:30:00,104547.84837804931
2023-10-23 13:45:00,104547.84837804931
2023-10-23 14:00:00,104547.84837804931
2023-10-23 14:15:00,104547.84837804931
2023-10-23 14:30:00,104547.84837804931
2023-10-23 14:45:00,104547.84837804931
2023-10-23 15:00:00,104547.84837804931
2023-10-23 15:15:00,104547.84837804931
2023-10-25 09:15:00,104547.84837804931
2023-10-25 09:30:00,104547.84837804931
2023-10-25 09:45:00,104547.84837804931
2023-10-25 10:00:00,104547.84837804931
2023-10-25 10:15:00,104547.84837804931
2023-10-25 10:30:00,104547.84837804931
2023-10-25 10:45:00,104547.84837804931
2023-10-25 11:00:00,104547.84837804931
2023-10-25 11:15:00,104547.84837804931
2023-10-25 11:30:00,104547.84837804931
2023-10-25 11:45:00,104547.84837804931
2023-10-25 12:00:00,104547.84837804931
2023-10-25 12:15:00,104547.84837804931
2023-10-25 12:30:00,104547.84837804931
2023-10-25 12:45:00,104547.84837804931
2023-10-25 13:00:00,104547.84837804931
2023-10-25 13:15:00,104547.84837804931
2023-10-25 13:30:00,104547.84837804931
2023-10-25 13:45:00,104547.84837804931
2023-10-25 14:00:00,104547.84837804931
2023-10-25 14:15:00,104547.84837804931
2023-10-25 14:30:00,104547.84837804931
2023-10-25 14:45:00,104547.84837804931
2023-10-25 15:00:00,104547.84837804931
2023-10-25 15:15:00,104547.84837804931
2023-10-26 09:15:00,104547.84837804931
2023-10-26 09:30:00,104547.84837804931
2023-10-26 09:45:00,104547.84837804931
2023-10-26 10:00:00,104547.84837804931
2023-10-26 10:15:00,104547.84837804931
2023-10-26 10:30:00,104547.84837804931
2023-10-26 10:45:00,104547.84837804931
2023-10-26 11:00:00,104547.84837804931
2023-10-26 11:15:00,104547.84837804931
2023-10-26 11:30:00,104547.84837804931
2023-10-26 11:45:00,104547.84837804931
2023-10-26 12:00:00,104547.84837804931
2023-10-26 12:15:00,104547.84837804931
2023-10-26 12:30:00,104547.84837804931
2023-10-26 12:45:00,104547.84837804931
2023-10-26 13:00:00,104547.84837804931
2023-10-26 13:15:00,104547.84837804931
2023-10-26 13:30:00,104547.84837804931
2023-10-26 13:45:00,104547.84837804931
2023-10-26 14:00:00,104547.84837804931
2023-10-26 14:15:00,104547.84837804931
2023-10-26 14:30:00,104547.84837804931
2023-10-26 14:45:00,104547.84837804931
2023-10-26 15:00:00,104547.84837804931
2023-10-26 15:15:00,104547.84837804931
2023-10-27 09:15:00,104547.84837804931
2023-10-27 09:30:00,104547.84837804931
2023-10-27 09:45:00,104564.07738027985
2023-10-27 10:00:00,104499.42602402043
2023-10-27 10:15:00,104495.29934170599
2023-10-27 10:30:00,104545.36975378775
2023-10-27 10:45:00,104593.78949294373
2023-10-27 11:00:00,104604.24375480697
2023-10-27 11:15:00,104709.8868220564
2023-10-27 11:30:00,104658.16573704887
2023-10-27 11:45:00,104824.88370255187
2023-10-27 12:00:00,104811.1280948371
2023-10-27 12:15:00,104671.37112045506
2023-10-27 12:30:00,104714.01350437084
2023-10-27 12:45:00,104650.1874845743
2023-10-27 13:00:00,104697.2316629588
2023-10-27 13:15:00,104777.28929985878
2023-10-27 13:30:00,104836.16330087796
2023-10-27 13:45:00,104945.10771397894
2023-10-27 14:00:00,104868.90164723911
2023-10-27 14:15:00,104860.64828261024
2023-10-27 14:30:00,104903.01555437174
2023-10-27 14:45:00,104908.79290961193
2023-10-27 15:00:00,104745.37628996046
2023-10-27 15:15:00,104875.50433894219
2023-10-30 09:15:00,104617.17402605883
2023-10-30 09:30:00,104248.24862714873
2023-10-30 09:45:00,104332.43294636311
2023-10-30 10:00:00,104602.59308188119
2023-10-30 10:15:00,104865.32518923329
2023-10-30 10:30:00,104898.06353559444
2023-10-30 10:45:00,105021.86400502735
2023-10-30 11:00:00,104958.58820953942
2023-10-30 11:15:00,105117.05281041357
2023-10-30 11:30:00,105151.16671754618
2023-10-30 11:45:00,105171.24990480975
2023-10-30 12:00:00,105141.26267999155
2023-10-30 12:15:00,105116.77769825925
2023-10-30 12:30:00,105162.4463158723
2023-10-30 12:45:00,105185.8308489874
2023-10-30 13:00:00,105246.08041077807
2023-10-30 13:15:00,105230.12390582895
2023-10-30 13:30:00,105217.19363457705
2023-10-30 13:45:00,105200.41179316504
2023-10-30 14:00:00,105200.68690531934
2023-10-30 14:15:00,105159.42008217504
2023-10-30 14:30:00,105242.77906492655
2023-10-30 14:45:00,105256.80978479561
2023-10-30 15:00:00,105304.12907533442
2023-10-30 15:15:00,105361.62751558213
2023-10-31 09:15:00,105420.77662875564
2023-10-31 09:30:00,105449.93851711096
2023-10-31 09:45:00,105225.72211136023
2023-10-31 10:00:00,105111.27545517334
2023-10-31 10:15:00,105112.10079163623
2023-10-31 10:30:00,104907.96757314906
2023-10-31 10:45:00,104852.76384338031
2023-10-31 11:00:00,104852.76384338031
2023-10-31 11:15:00,104852.76384338031
2023-10-31 11:30:00,104852.76384338031
2023-10-31 11:45:00,104852.76384338031
2023-10-31 12:00:00,104852.76384338031
2023-10-31 12:15:00,104852.76384338031
2023-10-31 12:30:00,104852.76384338031
2023-10-31 12:45:00,104852.76384338031
2023-10-31 13:00:00,104852.76384338031
2023-10-31 13:15:00,104852.76384338031
2023-10-31 13:30:00,104852.76384338031
2023-10-31 13:45:00,104852.76384338031
2023-10-31 14:00:00,104852.76384338031
2023-10-31 14:15:00,104852.76384338031
2023-10-31 14:30:00,104775.14441438264
2023-10-31 14:45:00,104694.91003619494
2023-10-31 15:00:00,104557.71746461805
2023-10-31 15:15:00,104532.25058007383
2023-11-01 09:15:00,104445.17026518073
2023-11-01 09:30:00,104396.23208664193
2023-11-01 09:45:00,104396.23208664193
2023-11-01 10:00:00,104396.23208664193
2023-11-01 10:15:00,104396.23208664193
2023-11-01 10:30:00,104396.23208664193
2023-11-01 10:45:00,104396.23208664193
2023-11-01 11:00:00,104396.23208664193
2023-11-01 11:15:00,104396.23208664193
2023-11-01 11:30:00,104396.23208664193
2023-11-01 11:45:00,104396.23208664193
2023-11-01 12:00:00,104396.23208664193
2023-11-01 12:15:00,104396.23208664193
2023-11-01 12:30:00,104396.23208664193
2023-11-01 12:45:00,104396.23208664193
2023-11-01 13:00:00,104396.23208664193
2023-11-01 13:15:00,104396.23208664193
2023-11-01 13:30:00,104396.23208664193
2023-11-01 13:45:00,104396.23208664193
2023-11-01 14:00:00,104396.23208664193
2023-11-01 14:15:00,104396.23208664193
2023-11-01 14:30:00,104396.23208664193
2023-11-01 14:45:00,104396.23208664193
2023-11-01 15:00:00,104396.23208664193
2023-11-01 15:15:00,104396.23208664193
2023-11-02 09:15:00,104396.23208664193
2023-11-02 09:30:00,104396.23208664193
2023-11-02 09:45:00,104396.23208664193
2023-11-02 10:00:00,104396.23208664193
2023-11-02 10:15:00,104396.23208664193
2023-11-02 10:30:00,104396.23208664193
2023-11-02 10:45:00,104396.23208664193
2023-11-02 11:00:00,104396.23208664193
2023-11-02 11:15:00,104274.48146413549
2023-11-02 11:30:00,104146.28664830151
2023-11-02 11:45:00,104064.18741518231
2023-11-02 12:00:00,104078.91618125686
2023-11-02 12:15:00,104161.56092423067
2023-11-02 12:30:00,104183.6540733425
2023-11-02 12:45:00,104200.01936898088
2023-11-02 13:00:00,104261.93473747942
2023-11-02 13:15:00,104183.6540733425
2023-11-02 13:30:00,104260.02545298827
2023-11-02 13:45:00,104368.03640420156
2023-11-02 14:00:00,104333.12377350633
2023-11-02 14:15:00,104267.66259095281
2023-11-02 14:30:00,104255.66137415133
2023-11-02 14:45:00,104369.9456886927
2023-11-02 15:00:00,104303.93899628457
2023-11-02 15:15:00,104437.04340081006
2023-11-03 09:15:00,105002.73712004338
2023-11-03 09:30:00,105011.7380326445
2023-11-03 09:45:00,105015.8293565541
2023-11-03 10:00:00,105091.92798127256
2023-11-03 10:15:00,105060.28840970501
2023-11-03 10:30:00,105040.10454508437
2023-11-03 10:45:00,105122.20377820356
2023-11-03 11:00:00,105111.56633603861
2023-11-03 11:15:00,105032.19465219248
2023-11-03 11:30:00,105015.55660162681
2023-11-03 11:45:00,104961.00561616555
2023-11-03 12:00:00,104986.91733425965
2023-11-03 12:15:00,104997.28202149729
2023-11-03 12:30:00,105021.55721002756
2023-11-03 12:45:00,105026.73955364639
2023-11-03 13:00:00,105031.92189726522
2023-11-03 13:15:00,105060.5611646324
2023-11-03 13:30:00,105058.10637028664
2023-11-03 13:45:00,105019.10241568183
2023-11-03 14:00:00,105037.37699581136
2023-11-03 14:15:00,105107.47501212907
2023-11-03 14:30:00,104946.82235994564
2023-11-03 14:45:00,104961.8238809475
2023-11-03 15:00:00,104889.81658013862
2023-11-03 15:15:00,104879.9974027556
2023-11-06 09:15:00,105508.15200034209
2023-11-06 09:30:00,105498.87833281366
2023-11-06 09:45:00,105543.33738596461
2023-11-06 10:00:00,105582.6140954967
2023-11-06 10:15:00,105628.98243313878
2023-11-06 10:30:00,105537.33677756385
2023-11-06 10:45:00,105511.69781439705
2023-11-06 11:00:00,105458.23784864502
2023-11-06 11:15:00,105499.9693525229
2023-11-06 11:30:00,105515.51638337935
2023-11-06 11:45:00,105505.96996092363
2023-11-06 12:00:00,105538.42779727308
2023-11-06 12:15:00,105528.06311003544
2023-11-06 12:30:00,105583.70511520593
2023-11-06 12:45:00,105574.1586927502
2023-11-06 13:00:00,105587.79643911551
2023-11-06 13:15:00,105589.16021375204
2023-11-06 13:30:00,105626.80039372032
2023-11-06 13:45:00,105602.25245026275
2023-11-06 14:00:00,105687.07923265501
2023-11-06 14:15:00,105701.53524380225
2023-11-06 14:30:00,105720.35533378637
2023-11-06 14:45:00,105747.63082651701
2023-11-06 15:00:00,105918.92092086539
2023-11-06 15:15:00,105893.5547126259
2023-11-07 09:15:00,105666.62261310704
2023-11-07 09:30:00,105644.80221892253
2023-11-07 09:45:00,105604.70724460851
2023-11-07 10:00:00,105644.52946399522
2023-11-07 10:15:00,105668.80465252548
2023-11-07 10:30:00,105790.9988599587
2023-11-07 10:45:00,105725.53767740518
2023-11-07 11:00:00,105794.27191908639
2023-11-07 11:15:00,105774.08805446571
2023-11-07 11:30:00,105583.15960535128
2023-11-07 11:45:00,105528.33586496272
2023-11-07 12:00:00,105569.52185898597
2023-11-07 12:15:00,105574.70420260479
2023-11-07 12:30:00,105629.52794299336
2023-11-07 12:45:00,105648.07527805016
2023-11-07 13:00:00,105647.80252312287
2023-11-07 13:15:00,105585.34164476972
2023-11-07 13:30:00,105532.00373684766
2023-11-07 13:45:00,105532.00373684766
2023-11-07 14:00:00,105532.00373684766
2023-11-07 14:15:00,105532.00373684766
2023-11-07 14:30:00,105532.00373684766
2023-11-07 14:45:00,105532.00373684766
2023-11-07 15:00:00,105468.36361478522
2023-11-07 15:15:00,105572.48331564295
2023-11-08 09:15:00,105667.0881613309
2023-11-08 09:30:00,105616.79535543357
2023-11-08 09:45:00,105718.1965262428
2023-11-08 10:00:00,105626.85391661305
2023-11-08 10:15:00,105614.07682538507
2023-11-08 10:30:00,105660.29183620964
2023-11-08 10:45:00,105634.73765375372
2023-11-08 11:00:00,105523.54977476988
2023-11-08 11:15:00,105655.1266291175
2023-11-08 11:30:00,105688.02084270438
2023-11-08 11:45:00,105650.23327503017
2023-11-08 12:00:00,105694.27346181593
2023-11-08 12:15:00,105673.6126334473
2023-11-08 12:30:00,105645.88362695256
2023-11-08 12:45:00,105682.85563561223
2023-11-08 13:00:00,105740.21661963567
2023-11-08 13:15:00,105765.77080209162
2023-11-08 13:30:00,105774.47009824682
2023-11-08 13:45:00,105813.88878395013
2023-11-08 14:00:00,105704.06016999055
2023-11-08 14:15:00,105646.1554799574
2023-11-08 14:30:00,105611.6301483414
2023-11-08 14:45:00,105660.29183620962
2023-11-08 15:00:00,105747.01294475693
2023-11-08 15:15:00,105677.14672251037
2023-11-09 09:15:00,105701.0697869372
2023-11-09 09:30:00,105628.21318163729
2023-11-09 09:45:00,105682.85563561223
2023-11-09 10:00:00,105738.04179559689
2023-11-09 10:15:00,105615.16423740446
2023-11-09 10:30:00,105608.63976528804
2023-11-09 10:45:00,105637.72803680706
2023-11-09 11:00:00,105651.32068704958
2023-11-09 11:15:00,105764.95524307706
2023-11-09 11:30:00,105753.2655638685
2023-11-09 11:45:00,105777.46048130018
2023-11-09 12:00:00,105725.53655737372
2023-11-09 12:15:00,105681.76822359281
2023-11-09 12:30:00,105687.47713669467
2023-11-09 12:45:00,105674.42819246186
2023-11-09 13:00:00,105646.42733296225
2023-11-09 13:15:00,105661.37924822903
2023-11-09 13:30:00,105589.88190795337
2023-11-09 13:45:00,105540.07585486122
2023-11-09 14:00:00,105540.07585486122
2023-11-09 14:15:00,105540.07585486122
2023-11-09 14:30:00,105540.07585486122
2023-11-09 14:45:00,105540.07585486122
2023-11-09 15:00:00,105540.07585486122
2023-11-09 15:15:00,105540.07585486122
2023-11-10 09:15:00,105540.07585486122
2023-11-10 09:30:00,105540.07585486122
2023-11-10 09:45:00,105540.07585486122
2023-11-10 10:00:00,105540.07585486122
2023-11-10 10:15:00,105540.07585486122
2023-11-10 10:30:00,105540.07585486122
2023-11-10 10:45:00,105540.07585486122
2023-11-10 11:00:00,105540.07585486122
2023-11-10 11:15:00,105540.07585486122
2023-11-10 11:30:00,105506.36350637139
2023-11-10 11:45:00,105487.8503223463
2023-11-10 12:00:00,105552.64646643416
2023-11-10 12:15:00,105519.15938356523
2023-11-10 12:30:00,105616.08134699077
2023-11-10 12:45:00,105624.52118088456
2023-11-10 13:00:00,105587.76706554061
2023-11-10 13:15:00,105624.79343359082
2023-11-10 13:30:00,105682.7832600224
2023-11-10 13:45:00,105587.49481283435
2023-11-10 14:00:00,105589.12832907186
2023-11-10 14:15:00,105496.83466165257
2023-11-10 14:30:00,105516.9813619152
2023-11-10 14:45:00,105628.87722418457
2023-11-10 15:00:00,105772.35440037915
2023-11-10 15:15:00,105870.63762733596
2023-11-12 18:15:00,106399.35238287649
2023-11-12 18:30:00,106375.12189202009
2023-11-12 18:45:00,106333.46722796361
2023-11-12 19:00:00,106299.98014509465
2023-11-13 09:15:00,105898.95190878613
2023-11-13 09:30:00,105878.260703111
2023-11-13 09:45:00,105977.63294089281
2023-11-13 10:00:00,106012.20903458678
2023-11-13 10:15:00,105783.51676133547
2023-11-13 10:30:00,105730.35288637491
2023-11-13 10:45:00,105730.35288637491
2023-11-13 11:00:00,105730.35288637491
2023-11-13 11:15:00,105730.35288637491
2023-11-13 11:30:00,105730.35288637491
2023-11-13 11:45:00,105730.35288637491
2023-11-13 12:00:00,105730.35288637491
2023-11-13 12:15:00,105730.35288637491
2023-11-13 12:30:00,105670.69393198515
2023-11-13 12:45:00,105671.2374342209
2023-11-13 13:00:00,105657.64987832776
2023-11-13 13:15:00,105701.13005718579
2023-11-13 13:30:00,105678.84646552104
2023-11-13 13:45:00,105691.6187680606
2023-11-13 14:00:00,105740.262218158
2023-11-13 14:15:00,105734.28369356501
2023-11-13 14:30:00,105716.34811978608
2023-11-13 14:45:00,105701.40180830364
2023-11-13 15:00:00,105664.44365627432
2023-11-13 15:15:00,105657.64987832775
2023-11-15 09:15:00,106682.1515926697
2023-11-15 09:30:00,106655.79173423702
2023-11-15 09:45:00,106707.42444663092
2023-11-15 10:00:00,106692.20638403061
2023-11-15 10:15:00,106682.69509490542
2023-11-15 10:30:00,106698.45665974145
2023-11-15 10:45:00,106638.12791157595
2023-11-15 11:00:00,106655.24823200131
2023-11-15 11:15:00,106626.71436462573
2023-11-15 11:30:00,106621.00759115063
2023-11-15 11:45:00,106650.9002141155
2023-11-15 12:00:00,106698.45665974147
2023-11-15 12:15:00,106731.88204723856
2023-11-15 12:30:00,106722.37075811336
2023-11-15 12:45:00,106722.9142603491
2023-11-15 13:00:00,106806.88535576864
2023-11-15 13:15:00,106913.41179397078
2023-11-15 13:30:00,106862.86608604834
2023-11-15 13:45:00,106837.5932320871
2023-11-15 14:00:00,106847.1045212123
2023-11-15 14:15:00,106845.47401450512
2023-11-15 14:30:00,106900.91124254909
2023-11-15 14:45:00,106777.80798615734
2023-11-15 15:00:00,106947.10893258573
2023-11-15 15:15:00,106943.84791917137
2023-11-16 09:15:00,106756.06789672833
2023-11-16 09:30:00,107051.46136184497
2023-11-16 09:45:00,107038.96081042329
2023-11-16 10:00:00,107144.67199527186
2023-11-16 10:15:00,107124.83416366788
2023-11-16 10:30:00,107168.04259140804
2023-11-16 10:45:00,107144.12849303614
2023-11-16 11:00:00,107588.98507297719
2023-11-16 11:15:00,107541.15687623338
2023-11-16 11:30:00,107549.30940976925
2023-11-16 11:45:00,107606.64889563825
2023-11-16 12:00:00,107618.60594482422
2023-11-16 12:15:00,107639.8025320175
2023-11-16 12:30:00,107668.8799016288
2023-11-16 12:45:00,107664.531883743
2023-11-16 13:00:00,107633.2805051888
2023-11-16 13:15:00,107613.98617582054
2023-11-16 13:30:00,107649.58557226056
2023-11-16 13:45:00,107683.82621311124
2023-11-16 14:00:00,107709.09906707246
2023-11-16 14:15:00,107866.4429643149
2023-11-16 14:30:00,107933.02198819125
2023-11-16 14:45:00,107861.55144419339
2023-11-16 15:00:00,107236.52387310944
2023-11-16 15:15:00,107402.29205500563
2023-11-17 09:15:00,107406.09657065569
2023-11-17 09:30:00,107500.66595967188
2023-11-17 09:45:00,107575.66926820195
2023-11-17 10:00:00,107497.6766973754
2023-11-17 10:15:00,107527.02581810454
2023-11-17 10:30:00,107610.99691352408
2023-11-17 10:45:00,107557.73369442302
2023-11-17 11:00:00,107425.6626511418
2023-11-17 11:15:00,107375.20920272387
2023-11-17 11:30:00,107375.20920272387
2023-11-17 11:45:00,107375.20920272387
2023-11-17 12:00:00,107375.20920272387
2023-11-17 12:15:00,107375.20920272387
2023-11-17 12:30:00,107375.20920272387
2023-11-17 12:45:00,107375.20920272387
2023-11-17 13:00:00,107375.20920272387
2023-11-17 13:15:00,107375.20920272387
2023-11-17 13:30:00,107375.20920272387
2023-11-17 13:45:00,107375.20920272387
2023-11-17 14:00:00,107375.20920272387
2023-11-17 14:15:00,107375.20920272387
2023-11-17 14:30:00,107375.20920272387
2023-11-17 14:45:00,107375.20920272387
2023-11-17 15:00:00,107375.20920272387
2023-11-17 15:15:00,107375.20920272387
2023-11-20 09:15:00,107375.20920272387
2023-11-20 09:30:00,107375.20920272387
2023-11-20 09:45:00,107375.20920272387
2023-11-20 10:00:00,107375.20920272387
2023-11-20 10:15:00,107375.20920272387
2023-11-20 10:30:00,107375.20920272387
2023-11-20 10:45:00,107375.20920272387
2023-11-20 11:00:00,107375.20920272387
2023-11-20 11:15:00,107375.20920272387
2023-11-20 11:30:00,107375.20920272387
2023-11-20 11:45:00,107375.20920272387
2023-11-20 12:00:00,107375.20920272387
2023-11-20 12:15:00,107375.20920272387
2023-11-20 12:30:00,107375.20920272387
2023-11-20 12:45:00,107375.20920272387
2023-11-20 13:00:00,107375.20920272387
2023-11-20 13:15:00,107375.20920272387
2023-11-20 13:30:00,107375.20920272387
2023-11-20 13:45:00,107375.20920272387
2023-11-20 14:00:00,107375.20920272387
2023-11-20 14:15:00,107375.20920272387
2023-11-20 14:30:00,107375.20920272387
2023-11-20 14:45:00,107375.20920272387
2023-11-20 15:00:00,107375.20920272387
2023-11-20 15:15:00,107375.20920272387
2023-11-21 09:15:00,107375.20920272387
2023-11-21 09:30:00,107384.19925954693
2023-11-21 09:45:00,107292.48908828525
2023-11-21 10:00:00,107268.06922019781
2023-11-21 10:15:00,107322.8782574607
2023-11-21 10:30:00,107334.81685963678
2023-11-21 10:45:00,107309.58299594642
2023-11-21 11:00:00,107322.60692559306
2023-11-21 11:15:00,107346.48412994522
2023-11-21 11:30:00,107345.12747060703
2023-11-21 11:45:00,107365.74869254752
2023-11-21 12:00:00,107435.2096506629
2023-11-21 12:15:00,107539.40108783597
2023-11-21 12:30:00,107463.42816489728
2023-11-21 12:45:00,107495.17399341092
2023-11-21 13:00:00,107316.36629263738
2023-11-21 13:15:00,107402.37849467869
2023-11-21 13:30:00,107453.38888579466
2023-11-21 13:45:00,107441.99294735387
2023-11-21 14:00:00,107419.20107047225
2023-11-21 14:15:00,107367.10535188574
2023-11-21 14:30:00,107387.99790569388
2023-11-21 14:45:00,107357.6087365184
2023-11-21 15:00:00,107358.69406398897
2023-11-21 15:15:00,107343.22814753358
2023-11-22 09:15:00,107388.81190129678
2023-11-22 09:30:00,107475.0954352057
2023-11-22 09:45:00,107496.25932088148
2023-11-22 10:00:00,107534.51711421847
2023-11-22 10:15:00,107483.77805497014
2023-11-22 10:30:00,107507.38392745465
2023-11-22 10:45:00,107451.21823085356
2023-11-22 11:00:00,107441.45028361859
2023-11-22 11:15:00,107412.68910564893
2023-11-22 11:30:00,107388.81190129678
2023-11-22 11:45:00,107281.90714544735
2023-11-22 12:00:00,107206.47688624394
2023-11-22 12:15:00,107150.16168578378
2023-11-22 12:30:00,107150.16168578378
2023-11-22 12:45:00,107150.16168578378
2023-11-22 13:00:00,107150.16168578378
2023-11-22 13:15:00,107150.16168578378
2023-11-22 13:30:00,107150.16168578378
2023-11-22 13:45:00,107150.16168578378
2023-11-22 14:00:00,107150.16168578378
2023-11-22 14:15:00,107150.16168578378
2023-11-22 14:30:00,107150.16168578378
2023-11-22 14:45:00,107150.16168578378
2023-11-22 15:00:00,107119.83614791205
2023-11-22 15:15:00,107113.34790336195
2023-11-23 09:15:00,107374.2294029802
2023-11-23 09:30:00,107421.53951949129
2023-11-23 09:45:00,107295.01875076452
2023-11-23 10:00:00,107253.65619175768
2023-11-23 10:15:00,107232.56939696989
2023-11-23 10:30:00,107072.52603140096
2023-11-23 10:45:00,107088.20595573036
2023-11-23 11:00:00,107104.6969106285
2023-11-23 11:15:00,107126.59473598504
2023-11-23 11:30:00,107063.60469514459
2023-11-23 11:45:00,107009.80268444585
2023-11-23 12:00:00,107009.80268444585
2023-11-23 12:15:00,107009.80268444585
2023-11-23 12:30:00,107009.80268444585
2023-11-23 12:45:00,107009.80268444585
2023-11-23 13:00:00,107009.80268444585
2023-11-23 13:15:00,107009.80268444585
2023-11-23 13:30:00,107009.80268444585
2023-11-23 13:45:00,107009.80268444585
2023-11-23 14:00:00,107009.80268444585
2023-11-23 14:15:00,107009.80268444585
2023-11-23 14:30:00,107009.80268444585
2023-11-23 14:45:00,107009.80268444585
2023-11-23 15:00:00,107009.80268444585
2023-11-23 15:15:00,107009.80268444585
2023-11-24 09:15:00,107009.80268444585
2023-11-24 09:30:00,107009.80268444585
2023-11-24 09:45:00,107009.80268444585
2023-11-24 10:00:00,107009.80268444585
2023-11-24 10:15:00,107009.80268444585
2023-11-24 10:30:00,107009.80268444585
2023-11-24 10:45:00,107009.80268444585
2023-11-24 11:00:00,107009.80268444585
2023-11-24 11:15:00,107009.80268444585
2023-11-24 11:30:00,107009.80268444585
2023-11-24 11:45:00,107009.80268444585
2023-11-24 12:00:00,107009.80268444585
2023-11-24 12:15:00,107009.80268444585
2023-11-24 12:30:00,107009.80268444585
2023-11-24 12:45:00,107009.80268444585
2023-11-24 13:00:00,107009.80268444585
2023-11-24 13:15:00,107009.80268444585
2023-11-24 13:30:00,107009.80268444585
2023-11-24 13:45:00,107009.80268444585
2023-11-24 14:00:00,107009.80268444585
2023-11-24 14:15:00,107009.80268444585
2023-11-24 14:30:00,107009.80268444585
2023-11-24 14:45:00,107009.80268444585
2023-11-24 15:00:00,107009.80268444585
2023-11-24 15:15:00,107009.80268444585
2023-11-28 09:15:00,107009.80268444585
2023-11-28 09:30:00,107009.80268444585
2023-11-28 09:45:00,107009.80268444585
2023-11-28 10:00:00,107009.80268444585
2023-11-28 10:15:00,107009.80268444585
2023-11-28 10:30:00,107009.80268444585
2023-11-28 10:45:00,106967.6319587489
2023-11-28 11:00:00,106983.82363824212
2023-11-28 11:15:00,106953.86903117965
2023-11-28 11:30:00,106979.77571836881
2023-11-28 11:45:00,107025.38228227475
2023-11-28 12:00:00,107053.44786006301
2023-11-28 12:15:00,107049.13007886481
2023-11-28 12:30:00,107055.60675066209
2023-11-28 12:45:00,107017.8261651779
2023-11-28 13:00:00,107007.30157350731
2023-11-28 13:15:00,106990.57017136432
2023-11-28 13:30:00,107003.52351495891
2023-11-28 13:45:00,106963.31417755074
2023-11-28 14:00:00,106989.76058738967
2023-11-28 14:15:00,107245.04940073288
2023-11-28 14:30:00,107275.5437304451
2023-11-28 14:45:00,107229.39744388941
2023-11-28 15:00:00,107384.02798304972
2023-11-28 15:15:00,107450.41386897193
2023-11-29 09:15:00,107864.11128002385
2023-11-29 09:30:00,107976.64345250177
2023-11-29 09:45:00,107952.08607193705
2023-11-29 10:00:00,108021.17057110814
2023-11-29 10:15:00,107999.85152644207
2023-11-29 10:30:00,107952.62579458683
2023-11-29 10:45:00,107982.31054032443
2023-11-29 11:00:00,107985.27901489817
2023-11-29 11:15:00,108036.28280530185
2023-11-29 11:30:00,108099.16049400053
2023-11-29 11:45:00,108079.73047860865
2023-11-29 12:00:00,108111.30425362044
2023-11-29 12:15:00,108136.40135683493
2023-11-29 12:30:00,108138.83010875892
2023-11-29 12:45:00,108145.03691923134
2023-11-29 13:00:00,108179.84903014175
2023-11-29 13:15:00,108175.26138761867
2023-11-29 13:30:00,108250.01297461239
2023-11-29 13:45:00,108277.53882975088
2023-11-29 14:00:00,108295.34967719342
2023-11-29 14:15:00,108343.9247156731
2023-11-29 14:30:00,108391.6901701781
2023-11-29 14:45:00,108388.72169560434
2023-11-29 15:00:00,108494.50733496012
2023-11-29 15:15:00,108463.74314392298
2023-11-30 09:15:00,108548.20973861264
2023-11-30 09:30:00,108606.22992346337
2023-11-30 09:45:00,108198.73932288385
2023-11-30 10:00:00,108200.08862950829
2023-11-30 10:15:00,108195.50098698522
2023-11-30 10:30:00,108476.69648751756
2023-11-30 10:45:00,108357.41778191748
2023-11-30 11:00:00,108299.66745839163
2023-11-30 11:15:00,108299.39759706675
2023-11-30 11:30:00,108268.9032673545
2023-11-30 11:45:00,108215.3082685093
2023-11-30 12:00:00,108215.3082685093
2023-11-30 12:15:00,108215.3082685093
2023-11-30 12:30:00,108215.3082685093
2023-11-30 12:45:00,108215.3082685093
2023-11-30 13:00:00,108215.3082685093
2023-11-30 13:15:00,108215.3082685093
2023-11-30 13:30:00,108215.3082685093
2023-11-30 13:45:00,108215.3082685093
2023-11-30 14:00:00,108215.3082685093
2023-11-30 14:15:00,108215.3082685093
2023-11-30 14:30:00,108215.3082685093
2023-11-30 14:45:00,108215.3082685093
2023-11-30 15:00:00,108215.3082685093
2023-11-30 15:15:00,108128.42986523072
2023-12-01 09:15:00,108660.55161977933
2023-12-01 09:30:00,108625.09474365597
2023-12-01 09:45:00,108812.04918139742
2023-12-01 10:00:00,108834.61264802139
2023-12-01 10:15:00,108846.43160672917
2023-12-01 10:30:00,108848.0432829166
2023-12-01 10:45:00,108859.32501622858
2023-12-01 11:00:00,108858.51917813487
2023-12-01 11:15:00,108948.77304463075
2023-12-01 11:30:00,108924.59790181936
2023-12-01 11:45:00,108957.63726366159
2023-12-01 12:00:00,108886.72351141482
2023-12-01 12:15:00,108924.06067642354
2023-12-01 12:30:00,108934.80518433971
2023-12-01 12:45:00,108935.34240973553
2023-12-01 13:00:00,108934.80518433971
2023-12-01 13:15:00,108908.21252724717
2023-12-01 13:30:00,108922.98622563192
2023-12-01 13:45:00,108934.26795894392
2023-12-01 14:00:00,108904.72056217444
2023-12-01 14:15:00,108880.54541936304
2023-12-01 14:30:00,108789.48571477344
2023-12-01 14:45:00,108876.51622889447
2023-12-01 15:00:00,108881.35125745674
2023-12-01 15:15:00,108819.03311154293
2023-12-04 09:15:00,110476.91068300891
2023-12-04 09:30:00,110506.72669247632
2023-12-04 09:45:00,110444.40854656248
2023-12-04 10:00:00,110376.71814669059
2023-12-04 10:15:00,110386.92542921094
2023-12-04 10:30:00,110376.18092129477
2023-12-04 10:45:00,110426.9487211987
2023-12-04 11:00:00,110524.1865178401
2023-12-04 11:15:00,110473.41871793616
2023-12-04 11:30:00,110530.09599719397
2023-12-04 11:45:00,110526.33541942331
2023-12-04 12:00:00,110575.22293044193
2023-12-04 12:15:00,110550.24194953681
2023-12-04 12:30:00,110568.77622569221
2023-12-04 12:45:00,110594.83165738893
2023-12-04 13:00:00,110600.47252404492
2023-12-04 13:15:00,110714.90153335221
2023-12-04 13:30:00,110751.4328602672
2023-12-04 13:45:00,110730.74968252855
2023-12-04 14:00:00,110891.9173012712
2023-12-04 14:15:00,110925.49388850926
2023-12-04 14:30:00,111040.19151051444
2023-12-04 14:45:00,111106.00162150104
2023-12-04 15:00:00,111089.07902153305
2023-12-04 15:15:00,111134.7431801768
2023-12-05 09:15:00,111472.92656683845
2023-12-05 09:30:00,111619.32048719635
2023-12-05 09:45:00,111611.26210625922
2023-12-05 10:00:00,111780.2194932411
2023-12-05 10:15:00,111887.93318510076
2023-12-05 10:30:00,111956.42942306638
2023-12-05 10:45:00,111972.54618494066
2023-12-05 11:00:00,111862.68359149774
2023-12-05 11:15:00,111734.82394729524
2023-12-05 11:30:00,111423.50183042404
2023-12-05 11:45:00,111543.5717063873
2023-12-05 12:00:00,111617.70881100891
2023-12-05 12:15:00,111634.36279827898
2023-12-05 12:30:00,111630.60222050831
2023-12-05 12:45:00,111782.09978212642
2023-12-05 13:00:00,111753.62683614856
2023-12-05 13:15:00,111760.07354089826
2023-12-05 13:30:00,111844.95515343604
2023-12-05 13:45:00,111773.50417579347
2023-12-05 14:00:00,111812.18440429171
2023-12-05 14:15:00,111792.84429004259
2023-12-05 14:30:00,111841.19457566537
2023-12-05 14:45:00,111940.58127389001
2023-12-05 15:00:00,112053.12999431197
2023-12-05 15:15:00,112047.48912765598
2023-12-06 09:15:00,112461.68990782456
2023-12-06 09:30:00,112441.54395548173
2023-12-06 09:45:00,112434.02279994042
2023-12-06 10:00:00,112273.66101929148
2023-12-06 10:15:00,112274.7354700831
2023-12-06 10:30:00,112301.32812717564
2023-12-06 10:45:00,112491.77452998987
2023-12-06 11:00:00,112424.88996821166
2023-12-06 11:15:00,112425.69580630536
2023-12-06 11:30:00,112489.35701570871
2023-12-06 11:45:00,112441.27534278382
2023-12-06 12:00:00,112443.96146976286
2023-12-06 12:15:00,112362.5718222978
2023-12-06 12:30:00,112259.69315900042
2023-12-06 12:45:00,112303.47702875882
2023-12-06 13:00:00,112137.205768756
2023-12-06 13:15:00,112083.01651461252
2023-12-06 13:30:00,112083.01651461252
2023-12-06 13:45:00,112083.01651461252
2023-12-06 14:00:00,112083.01651461252
2023-12-06 14:15:00,112083.01651461252
2023-12-06 14:30:00,112100.81019499832
2023-12-06 14:45:00,112110.70839057729
2023-12-06 15:00:00,112033.39545754157
2023-12-06 15:15:00,112014.93666038082
2023-12-07 09:15:00,111564.43500213807
2023-12-07 09:30:00,111710.5002666277
2023-12-07 09:45:00,111692.04146946692
2023-12-07 10:00:00,111663.41695792775
2023-12-07 10:15:00,111693.6465822635
2023-12-07 10:30:00,111828.476057177
2023-12-07 10:45:00,111871.27906508604
2023-12-07 11:00:00,111967.31831408197
2023-12-07 11:15:00,111853.62282432357
2023-12-07 11:30:00,111796.62647275129
2023-12-07 11:45:00,111796.62647275129
2023-12-07 12:00:00,111796.62647275129
2023-12-07 12:15:00,111796.62647275129
2023-12-07 12:30:00,111796.62647275129
2023-12-07 12:45:00,111796.62647275129
2023-12-07 13:00:00,111796.62647275129
2023-12-07 13:15:00,111796.62647275129
2023-12-07 13:30:00,111796.62647275129
2023-12-07 13:45:00,111796.62647275129
2023-12-07 14:00:00,111796.62647275129
2023-12-07 14:15:00,111796.62647275129
2023-12-07 14:30:00,111796.62647275129
2023-12-07 14:45:00,111796.62647275129
2023-12-07 15:00:00,111796.62647275129
2023-12-07 15:15:00,111796.62647275129
2023-12-08 09:15:00,111796.62647275129
2023-12-08 09:30:00,111796.62647275129
2023-12-08 09:45:00,111838.22571953472
2023-12-08 10:00:00,111840.09042696678
2023-12-08 10:15:00,111866.72910456783
2023-12-08 10:30:00,111846.21732281504
2023-12-08 10:45:00,111762.83826192378
2023-12-08 11:00:00,111646.96001435927
2023-12-08 11:15:00,111711.69200092979
2023-12-08 11:30:00,111752.18279088335
2023-12-08 11:45:00,111746.85505536315
2023-12-08 12:00:00,111709.5609067217
2023-12-08 12:15:00,111651.22220277543
2023-12-08 12:30:00,111497.25064624145
2023-12-08 12:45:00,111447.89210690127
2023-12-08 13:00:00,111447.89210690127
2023-12-08 13:15:00,111447.89210690127
2023-12-08 13:30:00,111447.89210690127
2023-12-08 13:45:00,111447.89210690127
2023-12-08 14:00:00,111447.89210690127
2023-12-08 14:15:00,111447.89210690127
2023-12-08 14:30:00,111447.89210690127
2023-12-08 14:45:00,111447.89210690127
2023-12-08 15:00:00,111447.89210690127
2023-12-08 15:15:00,111361.37029379091
2023-12-11 09:15:00,111382.07920439815
2023-12-11 09:30:00,111397.74363678053
2023-12-11 09:45:00,111536.33403853659
2023-12-11 10:00:00,111568.99039757108
2023-12-11 10:15:00,111618.90418211157
2023-12-11 10:30:00,111334.82040839708
2023-12-11 10:45:00,111396.41614251088
2023-12-11 11:00:00,111558.37044341353
2023-12-11 11:15:00,111476.0657986925
2023-12-11 11:30:00,111501.81918752457
2023-12-11 11:45:00,111440.48895226471
2023-12-11 12:00:00,111431.72749008473
2023-12-11 12:15:00,111337.20989808252
2023-12-11 12:30:00,111365.35277660003
2023-12-11 12:45:00,111401.46062073573
2023-12-11 13:00:00,111414.73556343265
2023-12-11 13:15:00,111420.04554051142
2023-12-11 13:30:00,111464.11835026524
2023-12-11 13:45:00,111403.31911271326
2023-12-11 14:00:00,111469.16282849008
2023-12-11 14:15:00,111426.15201415199
2023-12-11 14:30:00,111480.31378035551
2023-12-11 14:45:00,111487.48224941187
2023-12-11 15:00:00,111512.43914168212
2023-12-11 15:15:00,111471.28681932161
2023-12-12 09:15:00,111694.8368543381
2023-12-12 09:30:00,111623.94866033642
2023-12-12 09:45:00,111662.71149301148
2023-12-12 10:00:00,111529.96206604208
2023-12-12 10:15:00,111474.47280556889
2023-12-12 10:30:00,111519.07661303059
2023-12-12 10:45:00,111528.36907291845
2023-12-12 11:00:00,111593.41629213345
2023-12-12 11:15:00,111505.80167033365
2023-12-12 11:30:00,111510.84614855848
2023-12-12 11:45:00,111545.0955007166
2023-12-12 12:00:00,111579.07935402077
2023-12-12 12:15:00,111564.47691705413
2023-12-12 12:30:00,111439.16145799503
2023-12-12 12:45:00,111297.65056884564
2023-12-12 13:00:00,111322.07646340803
2023-12-12 13:15:00,111346.23685911644
2023-12-12 13:30:00,111350.21934192552
2023-12-12 13:45:00,111259.15323502451
2023-12-12 14:00:00,111194.23584474908
2023-12-12 14:15:00,111194.23584474908
2023-12-12 14:30:00,111194.23584474908
2023-12-12 14:45:00,111194.23584474908
2023-12-12 15:00:00,111194.23584474908
2023-12-12 15:15:00,111194.23584474908
2023-12-13 09:15:00,111194.23584474908
2023-12-13 09:30:00,111194.23584474908
2023-12-13 09:45:00,111194.23584474908
2023-12-13 10:00:00,111194.23584474908
2023-12-13 10:15:00,111194.23584474908
2023-12-13 10:30:00,111194.23584474908
2023-12-13 10:45:00,111194.23584474908
2023-12-13 11:00:00,111194.23584474908
2023-12-13 11:15:00,111194.23584474908
2023-12-13 11:30:00,111194.23584474908
2023-12-13 11:45:00,111194.23584474908
2023-12-13 12:00:00,111194.23584474908
2023-12-13 12:15:00,111194.23584474908
2023-12-13 12:30:00,111194.23584474908
2023-12-13 12:45:00,111194.23584474908
2023-12-13 13:00:00,111194.23584474908
2023-12-13 13:15:00,111194.23584474908
2023-12-13 13:30:00,111194.23584474908
2023-12-13 13:45:00,111163.13590512221
2023-12-13 14:00:00,111218.52082996423
2023-12-13 14:15:00,111179.37859942685
2023-12-13 14:30:00,111068.07620238859
2023-12-13 14:45:00,111198.81657785697
2023-12-13 15:00:00,111431.27349798712
2023-12-13 15:15:00,111501.83602242525
2023-12-14 09:15:00,112522.19675316833
2023-12-14 09:30:00,112566.13190989396
2023-12-14 09:45:00,112820.95581890263
2023-12-14 10:00:00,112729.89022132586
2023-12-14 10:15:00,112718.70672688661
2023-12-14 10:30:00,112588.7651724496
2023-12-14 10:45:00,112692.34563285123
2023-12-14 11:00:00,112709.12087451012
2023-12-14 11:15:00,112673.9727491296
2023-12-14 11:30:00,112790.86689338749
2023-12-14 11:45:00,112684.62369621459
2023-12-14 12:00:00,112668.38100190996
2023-12-14 12:15:00,112715.24516908397
2023-12-14 12:30:00,112699.80129581073
2023-12-14 12:45:00,112740.80744208797
2023-12-14 13:00:00,112783.67750410513
2023-12-14 13:15:00,112889.65442760088
2023-12-14 13:30:00,112935.71977374352
2023-12-14 13:45:00,112896.04499585189
2023-12-14 14:00:00,112873.41173329626
2023-12-14 14:15:00,112865.68979665964
2023-12-14 14:30:00,112869.68390181652
2023-12-14 14:45:00,112746.13291563051
2023-12-14 15:00:00,112754.91994697564
2023-12-14 15:15:00,112874.74310168192
2023-12-15 09:15:00,113186.01703024107
2023-12-15 09:30:00,113142.61442086968
2023-12-15 09:45:00,113367.08313068608
2023-12-15 10:00:00,113574.77659884359
2023-12-15 10:15:00,113659.1853544922
2023-12-15 10:30:00,113515.93011619896
2023-12-15 10:45:00,113503.14897969694
2023-12-15 11:00:00,113498.35605350869
2023-12-15 11:15:00,113506.8768111767
2023-12-15 11:30:00,113586.75891431421
2023-12-15 11:45:00,113515.93011619896
2023-12-15 12:00:00,113491.69921158056
2023-12-15 12:15:00,113577.1730619377
2023-12-15 12:30:00,113608.59335583846
2023-12-15 12:45:00,113585.96009328283
2023-12-15 13:00:00,113547.35041009971
2023-12-15 13:15:00,113552.14333628798
2023-12-15 13:30:00,113632.29171310262
2023-12-15 13:45:00,113761.70072018537
2023-12-15 14:00:00,113595.81221933648
2023-12-15 14:15:00,113679.15588027661
2023-12-15 14:30:00,113741.19764704675
2023-12-15 14:45:00,113972.8557461455
2023-12-15 15:00:00,114276.14146439091
2023-12-15 15:15:00,114224.48437102865
2023-12-18 09:15:00,114295.84571649815
2023-12-18 09:30:00,114157.64967807029
2023-12-18 09:45:00,114138.47797331728
2023-12-18 10:00:00,114283.06457999616
2023-12-18 10:15:00,114359.48512533102
2023-12-18 10:30:00,114256.43721228365
2023-12-18 10:45:00,114298.50845326939
2023-12-18 11:00:00,114337.65068380677
2023-12-18 11:15:00,114357.08866223687
2023-12-18 11:30:00,114373.86390389575
2023-12-18 11:45:00,114229.01102353973
2023-12-18 12:00:00,114286.25986412162
2023-12-18 12:15:00,114117.17607914723
2023-12-18 12:30:00,114227.6796551541
2023-12-18 12:45:00,114146.46618363098
2023-12-18 13:00:00,114058.86214385685
2023-12-18 13:15:00,113997.57446414036
2023-12-18 13:30:00,113997.57446414036
2023-12-18 13:45:00,113997.57446414036
2023-12-18 14:00:00,113997.57446414036
2023-12-18 14:15:00,113997.57446414036
2023-12-18 14:30:00,113997.57446414036
2023-12-18 14:45:00,113997.57446414036
2023-12-18 15:00:00,113997.57446414036
2023-12-18 15:15:00,113997.57446414036
2023-12-19 09:15:00,113997.57446414036
2023-12-19 09:30:00,113997.57446414036
2023-12-19 09:45:00,113997.57446414036
2023-12-19 10:00:00,113997.57446414036
2023-12-19 10:15:00,113997.57446414036
2023-12-19 10:30:00,113997.57446414036
2023-12-19 10:45:00,113997.57446414036
2023-12-19 11:00:00,113997.57446414036
2023-12-19 11:15:00,113997.57446414036
2023-12-19 11:30:00,113997.57446414036
2023-12-19 11:45:00,113997.57446414036
2023-12-19 12:00:00,113899.66153356826
2023-12-19 12:15:00,113967.67465496468
2023-12-19 12:30:00,114077.39894846753
2023-12-19 12:45:00,114087.49464617482
2023-12-19 13:00:00,114038.34453891568
2023-12-19 13:15:00,114004.07230196202
2023-12-19 13:30:00,114069.16298454846
2023-12-19 13:45:00,114107.15468907848
2023-12-19 14:00:00,114140.09854475489
2023-12-19 14:15:00,114171.18266664313
2023-12-19 14:30:00,114182.87242188312
2023-12-19 14:45:00,113878.14175687644
2023-12-19 15:00:00,113995.03930927657
2023-12-19 15:15:00,113953.85948968108
2023-12-20 09:15:00,114581.91815757628
2023-12-20 09:30:00,114665.60617804455
2023-12-20 09:45:00,114607.68875435539
2023-12-20 10:00:00,114538.08157542623
2023-12-20 10:15:00,114519.48423754438
2023-12-20 10:30:00,114611.40822193175
2023-12-20 10:45:00,114657.90156663634
2023-12-20 11:00:00,114586.43465391899
2023-12-20 11:15:00,114491.32255446618
2023-12-20 11:30:00,114353.17090162968
2023-12-20 11:45:00,114372.56526827787
2023-12-20 12:00:00,114393.28801620337
2023-12-20 12:15:00,114289.93995283144
2023-12-20 12:30:00,114232.79498285503
2023-12-20 12:45:00,114232.79498285503
2023-12-20 13:00:00,114232.79498285503
2023-12-20 13:15:00,114232.79498285503
2023-12-20 13:30:00,114232.79498285503
2023-12-20 13:45:00,114232.79498285503
2023-12-20 14:00:00,114232.79498285503
2023-12-20 14:15:00,114232.79498285503
2023-12-20 14:30:00,114232.79498285503
2023-12-20 14:45:00,114232.79498285503
2023-12-20 15:00:00,114232.79498285503
2023-12-20 15:15:00,114232.79498285503
2023-12-21 09:15:00,114232.79498285503
2023-12-21 09:30:00,114232.79498285503
2023-12-21 09:45:00,114232.79498285503
2023-12-21 10:00:00,114232.79498285503
2023-12-21 10:15:00,114232.79498285503
2023-12-21 10:30:00,114232.79498285503
2023-12-21 10:45:00,114232.79498285503
2023-12-21 11:00:00,114177.29755122506
2023-12-21 11:15:00,114095.26994757818
2023-12-21 11:30:00,114169.2027219178
2023-12-21 11:45:00,114214.26393839486
2023-12-21 12:00:00,114299.25964612106
2023-12-21 12:15:00,114465.47347456342
2023-12-21 12:30:00,114677.82783005717
2023-12-21 12:45:00,114633.03644122368
2023-12-21 13:00:00,114681.33558942364
2023-12-21 13:15:00,114642.48040874883
2023-12-21 13:30:00,114448.7441606618
2023-12-21 13:45:00,114525.64503908073
2023-12-21 14:00:00,114497.85279179247
2023-12-21 14:15:00,114639.78213231306
2023-12-21 14:30:00,114730.71404819793
2023-12-21 14:45:00,114638.1631664516
2023-12-21 15:00:00,114717.22266601917
2023-12-21 15:15:00,114854.83476424257
2023-12-22 09:15:00,114706.42956027618
2023-12-22 09:30:00,114788.99681921021
2023-12-22 09:45:00,115166.485692572
2023-12-22 10:00:00,115219.9115659999
2023-12-22 10:15:00,115236.64087990155
2023-12-22 10:30:00,115194.54776750381
2023-12-22 10:45:00,115367.77711467912
2023-12-22 11:00:00,115318.39865590486
2023-12-22 11:15:00,115358.87280244115
2023-12-22 11:30:00,115405.01332949253
2023-12-22 11:45:00,115396.91850018527
2023-12-22 12:00:00,115285.74951103225
2023-12-22 12:15:00,115172.69172837424
2023-12-22 12:30:00,115045.33308060671
2023-12-22 12:45:00,115228.5460505943
2023-12-22 13:00:00,115099.56843696533
2023-12-22 13:15:00,115141.93137700665
2023-12-22 13:30:00,114813.55113477555
2023-12-22 13:45:00,114757.2231301272
2023-12-22 14:00:00,114757.2231301272
2023-12-22 14:15:00,114757.2231301272
2023-12-22 14:30:00,114757.2231301272
2023-12-22 14:45:00,114757.2231301272
2023-12-22 15:00:00,114757.2231301272
2023-12-22 15:15:00,114757.2231301272
2023-12-26 09:15:00,114757.2231301272
2023-12-26 09:30:00,114757.2231301272
2023-12-26 09:45:00,114757.2231301272
2023-12-26 10:00:00,114795.26890505513
2023-12-26 10:15:00,114962.52962744737
2023-12-26 10:30:00,115007.8294064286
2023-12-26 10:45:00,114987.45790818853
2023-12-26 11:00:00,115027.39676658026
2023-12-26 11:15:00,114992.01469068958
2023-12-26 11:30:00,115012.92228098863
2023-12-26 11:45:00,115064.65516467723
2023-12-26 12:00:00,115068.40780908987
2023-12-26 12:15:00,115008.09745245805
2023-12-26 12:30:00,114934.65284038197
2023-12-26 12:45:00,114953.68410847468
2023-12-26 13:00:00,114931.70433405775
2023-12-26 13:15:00,114969.76687024317
2023-12-26 13:30:00,115003.54066995699
2023-12-26 13:45:00,114949.93146406204
2023-12-26 14:00:00,114885.06432492915
2023-12-26 14:15:00,115028.73699672762
2023-12-26 14:30:00,114931.43628802827
2023-12-26 14:45:00,114918.302032584
2023-12-26 15:00:00,114930.09605788089
2023-12-26 15:15:00,115013.9944651065
2023-12-27 09:15:00,115449.8373090324
2023-12-27 09:30:00,115560.0042271465
2023-12-27 09:45:00,115590.56147450663
2023-12-27 10:00:00,115579.57158729817
2023-12-27 10:15:00,115668.83091511324
2023-12-27 10:30:00,115589.48929038872
2023-12-27 10:45:00,115685.98586099962
2023-12-27 11:00:00,115678.7486182038
2023-12-27 11:15:00,115730.74954792188
2023-12-27 11:30:00,115691.34678158909
2023-12-27 11:45:00,115753.80150645672
2023-12-27 12:00:00,115705.28517512177
2023-12-27 12:15:00,115480.39455639248
2023-12-27 12:30:00,115560.80836523492
2023-12-27 12:45:00,115656.23275172792
2023-12-27 13:00:00,115441.79592814813
2023-12-27 13:15:00,115380.59217410008
2023-12-27 13:30:00,115380.59217410008
2023-12-27 13:45:00,115380.59217410008
2023-12-27 14:00:00,115380.59217410008
2023-12-27 14:15:00,115380.59217410008
2023-12-27 14:30:00,115380.59217410008
2023-12-27 14:45:00,115380.59217410008
2023-12-27 15:00:00,115380.59217410008
2023-12-27 15:15:00,115219.91741908735
2023-12-28 09:15:00,115661.65954264457
2023-12-28 09:30:00,115703.43876758342
2023-12-28 09:45:00,115703.43876758342
2023-12-28 10:00:00,115477.77773097105
2023-12-28 10:15:00,115553.88510888512
2023-12-28 10:30:00,115494.27653317619
2023-12-28 10:45:00,115454.89229565422
2023-12-28 11:00:00,115639.04021704075
2023-12-28 11:15:00,115662.45787178351
2023-12-28 11:30:00,115656.07123867185
2023-12-28 11:45:00,115671.23949231204
2023-12-28 12:00:00,115644.09630158744
2023-12-28 12:15:00,115845.0091348921
2023-12-28 12:30:00,115837.55806292847
2023-12-28 12:45:00,115769.70008611697
2023-12-28 13:00:00,115849.79910972585
2023-12-28 13:15:00,115780.07836492345
2023-12-28 13:30:00,115773.95784152475
2023-12-28 13:45:00,115762.51512386635
2023-12-28 14:00:00,115764.37789185726
2023-12-28 14:15:00,115771.56285410788
2023-12-28 14:30:00,115783.00557176629
2023-12-28 14:45:00,115836.49362407654
2023-12-28 15:00:00,115924.309829362
2023-12-28 15:15:00,115883.86115298809
2023-12-29 09:15:00,115665.65118833934
2023-12-29 09:30:00,115666.18340776532
2023-12-29 09:45:00,115622.80752454857
2023-12-29 10:00:00,115402.7347919089
2023-12-29 10:15:00,115546.96625634746
2023-12-29 10:30:00,115568.25503338635
2023-12-29 10:45:00,115548.29680491237
2023-12-29 11:00:00,115598.32543095379
2023-12-29 11:15:00,115653.94236096794
2023-12-29 11:30:00,115666.98173690427
2023-12-29 11:45:00,115735.37193314172
2023-12-29 12:00:00,115693.3265984899
2023-12-29 12:15:00,115684.27886824837
2023-12-29 12:30:00,115555.481767163
2023-12-29 12:45:00,115551.75623118118
2023-12-29 13:00:00,115697.85046361064
2023-12-29 13:15:00,115585.28605501742
2023-12-29 13:30:00,115613.75979430697
2023-12-29 13:45:00,115581.56051903563
2023-12-29 14:00:00,115450.1023208204
2023-12-29 14:15:00,115396.1009428738
2023-12-29 14:30:00,115396.1009428738
2023-12-29 14:45:00,115396.1009428738
2023-12-29 15:00:00,115396.1009428738
2023-12-29 15:15:00,115396.1009428738
2024-01-01 09:15:00,115396.1009428738
2024-01-01 09:30:00,115396.1009428738
2024-01-01 09:45:00,115396.1009428738
2024-01-01 10:00:00,115396.1009428738
2024-01-01 10:15:00,115396.1009428738
2024-01-01 10:30:00,115396.1009428738
2024-01-01 10:45:00,115396.1009428738
2024-01-01 11:00:00,115396.1009428738
2024-01-01 11:15:00,115396.1009428738
2024-01-01 11:30:00,115396.1009428738
2024-01-01 11:45:00,115396.1009428738
2024-01-01 12:00:00,115396.1009428738
2024-01-01 12:15:00,115396.1009428738
2024-01-01 12:30:00,115396.1009428738
2024-01-01 12:45:00,115396.1009428738
2024-01-01 13:00:00,115396.1009428738
2024-01-01 13:15:00,115396.1009428738
2024-01-01 13:30:00,115279.81578204388
2024-01-01 13:45:00,115397.25510280773
2024-01-01 14:00:00,115544.65072886801
2024-01-01 14:15:00,115553.13393036788
2024-01-01 14:30:00,115675.34505197541
2024-01-01 14:45:00,115704.7711571781
2024-01-01 15:00:00,115193.12806671706
2024-01-01 15:15:00,114997.48423212627
2024-01-02 09:15:00,115222.55417191975
2024-01-02 09:30:00,115249.06417660686
2024-01-02 09:45:00,114718.3338827711
2024-01-02 10:00:00,114657.000203377
2024-01-02 10:15:00,114657.000203377
2024-01-02 10:30:00,114657.000203377
2024-01-02 10:45:00,114657.000203377
2024-01-02 11:00:00,114657.000203377
2024-01-02 11:15:00,114657.000203377
2024-01-02 11:30:00,114657.000203377
2024-01-02 11:45:00,114657.000203377
2024-01-02 12:00:00,114657.000203377
2024-01-02 12:15:00,114657.000203377
2024-01-02 12:30:00,114657.000203377
2024-01-02 12:45:00,114657.000203377
2024-01-02 13:00:00,114657.000203377
2024-01-02 13:15:00,114657.000203377
2024-01-02 13:30:00,114657.000203377
2024-01-02 13:45:00,114657.000203377
2024-01-02 14:00:00,114657.000203377
2024-01-02 14:15:00,114542.27294052384
2024-01-02 14:30:00,114640.40630909895
2024-01-02 14:45:00,114592.79443216223
2024-01-02 15:00:00,114591.4718800251
2024-01-02 15:15:00,114593.85247387196
2024-01-03 09:15:00,114397.32122629425
2024-01-03 09:30:00,114062.45102517263
2024-01-03 09:45:00,114206.08018726509
2024-01-03 10:00:00,114196.55781187775
2024-01-03 10:15:00,114065.09612944689
2024-01-03 10:30:00,114005.41979966004
2024-01-03 10:45:00,114005.41979966004
2024-01-03 11:00:00,114005.41979966004
2024-01-03 11:15:00,114005.41979966004
2024-01-03 11:30:00,114005.41979966004
2024-01-03 11:45:00,114005.41979966004
2024-01-03 12:00:00,114005.41979966004
2024-01-03 12:15:00,114005.41979966004
2024-01-03 12:30:00,114005.41979966004
2024-01-03 12:45:00,114005.41979966004
2024-01-03 13:00:00,114005.41979966004
2024-01-03 13:15:00,114005.41979966004
2024-01-03 13:30:00,114005.41979966004
2024-01-03 13:45:00,114005.41979966004
2024-01-03 14:00:00,114005.41979966004
2024-01-03 14:15:00,114005.41979966004
2024-01-03 14:30:00,114005.41979966004
2024-01-03 14:45:00,114005.41979966004
2024-01-03 15:00:00,114005.41979966004
2024-01-03 15:15:00,114005.41979966004
2024-01-04 09:15:00,114005.41979966004
2024-01-04 09:30:00,114005.41979966004
2024-01-04 09:45:00,114005.41979966004
2024-01-04 10:00:00,114005.41979966004
2024-01-04 10:15:00,113976.59965116698
2024-01-04 10:30:00,113976.86303959135
2024-01-04 10:45:00,113968.6979984361
2024-01-04 11:00:00,114051.13857526152
2024-01-04 11:15:00,114032.17460870744
2024-01-04 11:30:00,114000.83138620832
2024-01-04 11:45:00,114015.05436112388
2024-01-04 12:00:00,114005.57237784682
2024-01-04 12:15:00,114129.6283257215
2024-01-04 12:30:00,114137.52997845235
2024-01-04 12:45:00,114095.65121897875
2024-01-04 13:00:00,114144.37807748579
2024-01-04 13:15:00,114098.02171479801
2024-01-04 13:30:00,114130.94526784332
2024-01-04 13:45:00,114103.02609486089
2024-01-04 14:00:00,114071.94626078615
2024-01-04 14:15:00,114041.91998040884
2024-01-04 14:30:00,114019.26857591368
2024-01-04 14:45:00,114048.76807944226
2024-01-04 15:00:00,114056.40634374878
2024-01-04 15:15:00,114150.43601124613
2024-01-05 09:15:00,114431.47146004076
2024-01-05 09:30:00,114455.96658350644
2024-01-05 09:45:00,114525.50112753811
2024-01-05 10:00:00,114463.07807096424
2024-01-05 10:15:00,114486.78302915684
2024-01-05 10:30:00,114339.02212308955
2024-01-05 10:45:00,114249.99683565508
2024-01-05 11:00:00,114274.49195912079
2024-01-05 11:15:00,114237.88096813441
2024-01-05 11:30:00,114220.23394370213
2024-01-05 11:45:00,114213.64923309306
2024-01-05 12:00:00,114261.58592632701
2024-01-05 12:15:00,114307.41551216607
2024-01-05 12:30:00,114257.10832311284
2024-01-05 12:45:00,114197.58253920695
2024-01-05 13:00:00,114138.90420755646
2024-01-05 13:15:00,114138.90420755646
2024-01-05 13:30:00,114138.90420755646
2024-01-05 13:45:00,114138.90420755646
2024-01-05 14:00:00,114138.90420755646
2024-01-05 14:15:00,114138.90420755646
2024-01-05 14:30:00,114138.90420755646
2024-01-05 14:45:00,114138.90420755646
2024-01-05 15:00:00,114138.90420755646
2024-01-05 15:15:00,114138.90420755646
2024-01-08 09:15:00,114138.90420755646
2024-01-08 09:30:00,113801.14380508126
2024-01-08 09:45:00,113828.71401068369
2024-01-08 10:00:00,113919.5644024784
2024-01-08 10:15:00,113949.49776856102
2024-01-08 10:30:00,113844.46841388509
2024-01-08 10:45:00,113614.71670053148
2024-01-08 11:00:00,113536.73240468462
2024-01-08 11:15:00,113580.05701348843
2024-01-08 11:30:00,113638.34830533358
2024-01-08 11:45:00,113206.41508422879
2024-01-08 12:00:00,113150.07431878669
2024-01-08 12:15:00,113150.07431878669
2024-01-08 12:30:00,113150.07431878669
2024-01-08 12:45:00,113150.07431878669
2024-01-08 13:00:00,113150.07431878669
2024-01-08 13:15:00,113150.07431878669
2024-01-08 13:30:00,113150.07431878669
2024-01-08 13:45:00,113150.07431878669
2024-01-08 14:00:00,113150.07431878669
2024-01-08 14:15:00,113150.07431878669
2024-01-08 14:30:00,113150.07431878669
2024-01-08 14:45:00,113150.07431878669
2024-01-08 15:00:00,113150.07431878669
2024-01-08 15:15:00,113150.07431878669
2024-01-09 09:15:00,113150.07431878669
2024-01-09 09:30:00,113150.07431878669
2024-01-09 09:45:00,113150.07431878669
2024-01-09 10:00:00,113150.07431878669
2024-01-09 10:15:00,113245.98149553925
2024-01-09 10:30:00,113357.99325884103
2024-01-09 10:45:00,113213.08293568839
2024-01-09 11:00:00,113295.5904349969
2024-01-09 11:15:00,113248.33139267146
2024-01-09 11:30:00,113291.93503945795
2024-01-09 11:45:00,113313.86741269183
2024-01-09 12:00:00,113267.13056972911
2024-01-09 12:15:00,113346.24377318
2024-01-09 12:30:00,113338.41078273932
2024-01-09 12:45:00,113396.89711136308
2024-01-09 13:00:00,113360.60425565457
2024-01-09 13:15:00,113373.13704035967
2024-01-09 13:30:00,113324.83359930878
2024-01-09 13:45:00,113202.63894843412
2024-01-09 14:00:00,113084.36079277981
2024-01-09 14:15:00,112582.78830489473
2024-01-09 14:30:00,112537.19664513445
2024-01-09 14:45:00,112537.19664513445
2024-01-09 15:00:00,112537.19664513445
2024-01-09 15:15:00,112537.19664513445
2024-01-10 09:15:00,112537.19664513445
2024-01-10 09:30:00,112537.19664513445
2024-01-10 09:45:00,112537.19664513445
2024-01-10 10:00:00,112537.19664513445
2024-01-10 10:15:00,112537.19664513445
2024-01-10 10:30:00,112537.19664513445
2024-01-10 10:45:00,112537.19664513445
2024-01-10 11:00:00,112537.19664513445
2024-01-10 11:15:00,112537.19664513445
2024-01-10 11:30:00,112537.19664513445
2024-01-10 11:45:00,112537.19664513445
2024-01-10 12:00:00,112537.19664513445
2024-01-10 12:15:00,112537.19664513445
2024-01-10 12:30:00,112537.19664513445
2024-01-10 12:45:00,112537.19664513445
2024-01-10 13:00:00,112537.19664513445
2024-01-10 13:15:00,112537.19664513445
2024-01-10 13:30:00,112537.19664513445
2024-01-10 13:45:00,112537.19664513445
2024-01-10 14:00:00,112537.19664513445
2024-01-10 14:15:00,112537.19664513445
2024-01-10 14:30:00,112537.19664513445
2024-01-10 14:45:00,112537.19664513445
2024-01-10 15:00:00,112505.13759134847
2024-01-10 15:15:00,112589.48052070169
2024-01-11 09:15:00,113002.34436623943
2024-01-11 09:30:00,112890.14744478499
2024-01-11 09:45:00,112845.63312095967
2024-01-11 10:00:00,112832.87755448342
2024-01-11 10:15:00,112774.56639344909
2024-01-11 10:30:00,112791.22672517317
2024-01-11 10:45:00,112758.16637940815
2024-01-11 11:00:00,112742.8076361
2024-01-11 11:15:00,112740.7250946345
2024-01-11 11:30:00,112788.36323065808
2024-01-11 11:45:00,112782.89655931112
2024-01-11 12:00:00,112754.78224952672
2024-01-11 12:15:00,112805.0235623822
2024-01-11 12:30:00,112827.93151850284
2024-01-11 12:45:00,112836.0013666817
2024-01-11 13:00:00,112841.20772034548
2024-01-11 13:15:00,112787.84259529173
2024-01-11 13:30:00,112791.74736053956
2024-01-11 13:45:00,112798.51562030248
2024-01-11 14:00:00,112490.03916572353
2024-01-11 14:15:00,112732.13461108928
2024-01-11 14:30:00,112704.28061898806
2024-01-11 14:45:00,112744.62985988235
2024-01-11 15:00:00,112699.85521837382
2024-01-11 15:15:00,112818.56008190801
2024-01-12 09:15:00,113152.02703407311
2024-01-12 09:30:00,113180.4016615407
2024-01-12 09:45:00,113263.44300247796
2024-01-12 10:00:00,113521.93846188462
2024-01-12 10:15:00,113590.40201256334
2024-01-12 10:30:00,113606.28139123786
2024-01-12 10:45:00,113687.50050839283
2024-01-12 11:00:00,113613.83060405035
2024-01-12 11:15:00,113710.92909987984
2024-01-12 11:30:00,113687.50050839283
2024-01-12 11:45:00,113678.12907179803
2024-01-12 12:00:00,113641.94491383476
2024-01-12 12:15:00,113645.32904371622
2024-01-12 12:30:00,113646.89094981535
2024-01-12 12:45:00,113752.3196115069
2024-01-12 13:00:00,113722.90371330654
2024-01-12 13:15:00,113793.97044081715
2024-01-12 13:30:00,113948.07850926503
2024-01-12 13:45:00,113982.96107881235
2024-01-12 14:00:00,113910.33244520263
2024-01-12 14:15:00,113973.84995990075
2024-01-12 14:30:00,114096.19927099957
2024-01-12 14:45:00,114042.83414594582
2024-01-12 15:00:00,113897.05624335998
2024-01-12 15:15:00,114062.0976545018
2024-01-15 09:15:00,114910.47298401472
2024-01-15 09:30:00,114762.61253996337
2024-01-15 09:45:00,114449.9710024534
2024-01-15 10:00:00,114593.14572820735
2024-01-15 10:15:00,114671.50135084723
2024-01-15 10:30:00,114702.21883746356
2024-01-15 10:45:00,114778.23160095475
2024-01-15 11:00:00,114758.96809239876
2024-01-15 11:15:00,114837.58403272185
2024-01-15 11:30:00,114815.1967119676
2024-01-15 11:45:00,114802.44114549134
2024-01-15 12:00:00,114811.03162903656
2024-01-15 12:15:00,114863.09516567434
2024-01-15 12:30:00,114844.61261016793
2024-01-15 12:45:00,114856.58722359462
2024-01-15 13:00:00,114851.38086993084
2024-01-15 13:15:00,114842.79038638562
2024-01-15 13:30:00,114812.07289976931
2024-01-15 13:45:00,114872.98723763553
2024-01-15 14:00:00,114907.86980718287
2024-01-15 14:15:00,114873.24755531873
2024-01-15 14:30:00,114906.56821876693
2024-01-15 14:45:00,115038.28896646055
2024-01-15 15:00:00,114992.21273653611
2024-01-15 15:15:00,115111.43823543664
2024-01-16 09:15:00,114853.46341139637
2024-01-16 09:30:00,114912.81584316347
2024-01-16 09:45:00,114953.42540174095
2024-01-16 10:00:00,115063.80009941309
2024-01-16 10:15:00,115029.95880059853
2024-01-16 10:30:00,115066.14295856179
2024-01-16 10:45:00,115132.0033324086
2024-01-16 11:00:00,115158.0351007275
2024-01-16 11:15:00,115108.31442323842
2024-01-16 11:30:00,114994.29527800163
2024-01-16 11:45:00,115095.55885676216
2024-01-16 12:00:00,114944.83491819573
2024-01-16 12:15:00,114971.6476395642
2024-01-16 12:30:00,114899.53964132084
2024-01-16 12:45:00,114830.29513759256
2024-01-16 13:00:00,114768.45680210988
2024-01-16 13:15:00,114768.45680210988
2024-01-16 13:30:00,114768.45680210988
2024-01-16 13:45:00,114768.45680210988
2024-01-16 14:00:00,114768.45680210988
2024-01-16 14:15:00,114768.45680210988
2024-01-16 14:30:00,114768.45680210988
2024-01-16 14:45:00,114768.45680210988
2024-01-16 15:00:00,114768.45680210988
2024-01-16 15:15:00,114768.45680210988
2024-01-17 09:15:00,114768.45680210988
2024-01-17 09:30:00,114768.45680210988
2024-01-17 09:45:00,114768.45680210988
2024-01-17 10:00:00,114768.45680210988
2024-01-17 10:15:00,114768.45680210988
2024-01-17 10:30:00,114768.45680210988
2024-01-17 10:45:00,114768.45680210988
2024-01-17 11:00:00,114768.45680210988
2024-01-17 11:15:00,114768.45680210988
2024-01-17 11:30:00,114768.45680210988
2024-01-17 11:45:00,114768.45680210988
2024-01-17 12:00:00,114768.45680210988
2024-01-17 12:15:00,114768.45680210988
2024-01-17 12:30:00,114768.45680210988
2024-01-17 12:45:00,114768.45680210988
2024-01-17 13:00:00,114768.45680210988
2024-01-17 13:15:00,114768.45680210988
2024-01-17 13:30:00,114768.45680210988
2024-01-17 13:45:00,114768.45680210988
2024-01-17 14:00:00,114768.45680210988
2024-01-17 14:15:00,114768.45680210988
2024-01-17 14:30:00,114768.45680210988
2024-01-17 14:45:00,114768.45680210988
2024-01-17 15:00:00,114768.45680210988
2024-01-17 15:15:00,114768.45680210988
2024-01-18 09:15:00,114768.45680210988
2024-01-18 09:30:00,114768.45680210988
2024-01-18 09:45:00,114768.45680210988
2024-01-18 10:00:00,114768.45680210988
2024-01-18 10:15:00,114768.45680210988
2024-01-18 10:30:00,114768.45680210988
2024-01-18 10:45:00,114768.45680210988
2024-01-18 11:00:00,114768.45680210988
2024-01-18 11:15:00,114768.45680210988
2024-01-18 11:30:00,114768.45680210988
2024-01-18 11:45:00,114768.45680210988
2024-01-18 12:00:00,114769.73249329858
2024-01-18 12:15:00,114749.73479343845
2024-01-18 12:30:00,114395.10891591871
2024-01-18 12:45:00,114351.38061222454
2024-01-18 13:00:00,114400.17499988328
2024-01-18 13:15:00,114381.77711601196
2024-01-18 13:30:00,114326.58346439799
2024-01-18 13:45:00,114394.30900792431
2024-01-18 14:00:00,114410.04053181427
2024-01-18 14:15:00,114275.9226247523
2024-01-18 14:30:00,114218.78466343993
2024-01-18 14:45:00,114218.78466343993
2024-01-18 15:00:00,114218.78466343993
2024-01-18 15:15:00,114218.78466343993
2024-01-19 09:15:00,114218.78466343993
2024-01-19 09:30:00,114071.52994494146
2024-01-19 09:45:00,114081.80967511836
2024-01-19 10:00:00,114073.3750247168
2024-01-19 10:15:00,114186.45205666283
2024-01-19 10:30:00,114106.58646067297
2024-01-19 10:45:00,113994.03659437704
2024-01-19 11:00:00,113798.72172101573
2024-01-19 11:15:00,113854.60127992611
2024-01-19 11:30:00,113861.9815990275
2024-01-19 11:45:00,113844.58513257424
2024-01-19 12:00:00,113806.6292057672
2024-01-19 12:15:00,113819.28118136954
2024-01-19 12:30:00,113890.44854413279
2024-01-19 12:45:00,113922.60564878878
2024-01-19 13:00:00,114013.5417234307
2024-01-19 13:15:00,113818.22685006935
2024-01-19 13:30:00,113925.24147703926
2024-01-19 13:45:00,113897.30169758406
2024-01-19 14:00:00,113809.79219966779
2024-01-19 14:15:00,113753.9411077025
2024-01-19 14:30:00,113753.9411077025
2024-01-19 14:45:00,113753.9411077025
2024-01-19 15:00:00,113753.9411077025
2024-01-19 15:15:00,113753.9411077025
2024-01-20 09:15:00,113753.9411077025
2024-01-20 09:30:00,113753.9411077025
2024-01-20 09:45:00,113753.9411077025
2024-01-20 10:00:00,113753.9411077025
2024-01-20 10:15:00,113753.9411077025
2024-01-20 10:30:00,113753.9411077025
2024-01-20 10:45:00,113636.49227081145
2024-01-20 11:00:00,113622.3326137456
2024-01-20 11:15:00,113574.0848933731
2024-01-20 11:30:00,113559.1385886925
2024-01-20 11:45:00,113531.0814904324
2024-01-20 12:00:00,113529.24597933126
2024-01-20 12:15:00,113506.17098263139
2024-01-20 12:30:00,113247.36391737238
2024-01-20 12:45:00,113200.9615411962
2024-01-20 13:00:00,113200.9615411962
2024-01-20 13:15:00,113200.9615411962
2024-01-20 13:30:00,113200.9615411962
2024-01-20 13:45:00,113200.9615411962
2024-01-20 14:00:00,113200.9615411962
2024-01-20 14:15:00,113200.9615411962
2024-01-20 14:30:00,113200.9615411962
2024-01-20 14:45:00,113200.9615411962
2024-01-20 15:00:00,113200.9615411962
2024-01-20 15:15:00,113200.9615411962
2024-01-23 09:15:00,113200.9615411962
2024-01-23 09:30:00,113200.9615411962
2024-01-23 09:45:00,113200.9615411962
2024-01-23 10:00:00,113200.9615411962
2024-01-23 10:15:00,113200.9615411962
2024-01-23 10:30:00,113200.9615411962
2024-01-23 10:45:00,113200.9615411962
2024-01-23 11:00:00,113200.9615411962
2024-01-23 11:15:00,113200.9615411962
2024-01-23 11:30:00,113200.9615411962
2024-01-23 11:45:00,113200.9615411962
2024-01-23 12:00:00,113200.9615411962
2024-01-23 12:15:00,113200.9615411962
2024-01-23 12:30:00,113200.9615411962
2024-01-23 12:45:00,113200.9615411962
2024-01-23 13:00:00,113200.9615411962
2024-01-23 13:15:00,113200.9615411962
2024-01-23 13:30:00,113200.9615411962
2024-01-23 13:45:00,113200.9615411962
2024-01-23 14:00:00,113200.9615411962
2024-01-23 14:15:00,113200.9615411962
2024-01-23 14:30:00,113200.9615411962
2024-01-23 14:45:00,113200.9615411962
2024-01-23 15:00:00,113200.9615411962
2024-01-23 15:15:00,113200.9615411962
2024-01-24 09:15:00,113200.9615411962
2024-01-24 09:30:00,113200.9615411962
2024-01-24 09:45:00,113200.9615411962
2024-01-24 10:00:00,113200.9615411962
2024-01-24 10:15:00,113200.9615411962
2024-01-24 10:30:00,113200.9615411962
2024-01-24 10:45:00,113200.9615411962
2024-01-24 11:00:00,113200.9615411962
2024-01-24 11:15:00,113200.9615411962
2024-01-24 11:30:00,113200.9615411962
2024-01-24 11:45:00,113200.9615411962
2024-01-24 12:00:00,113200.9615411962
2024-01-24 12:15:00,113200.9615411962
2024-01-24 12:30:00,113200.9615411962
2024-01-24 12:45:00,113200.9615411962
2024-01-24 13:00:00,113200.9615411962
2024-01-24 13:15:00,113200.9615411962
2024-01-24 13:30:00,113200.9615411962
2024-01-24 13:45:00,113200.9615411962
2024-01-24 14:00:00,113200.9615411962
2024-01-24 14:15:00,113299.17467124088
2024-01-24 14:30:00,113618.08010584836
2024-01-24 14:45:00,113650.15621356865
2024-01-24 15:00:00,113756.4580251045
2024-01-24 15:15:00,113781.11156244324
2024-01-25 09:15:00,113660.75988554231
2024-01-25 09:30:00,113384.53423062876
2024-01-25 09:45:00,113319.58673979016
2024-01-25 10:00:00,113294.66811065208
2024-01-25 10:15:00,113017.11699674181
2024-01-25 10:30:00,112965.11274555196
2024-01-25 10:45:00,112965.11274555196
2024-01-25 11:00:00,112965.11274555196
2024-01-25 11:15:00,112965.11274555196
2024-01-25 11:30:00,112965.11274555196
2024-01-25 11:45:00,112965.11274555196
2024-01-25 12:00:00,112965.11274555196
2024-01-25 12:15:00,112965.11274555196
2024-01-25 12:30:00,112965.11274555196
2024-01-25 12:45:00,112965.11274555196
2024-01-25 13:00:00,112965.11274555196
2024-01-25 13:15:00,112965.11274555196
2024-01-25 13:30:00,112965.11274555196
2024-01-25 13:45:00,112965.11274555196
2024-01-25 14:00:00,112965.11274555196
2024-01-25 14:15:00,112965.11274555196
2024-01-25 14:30:00,112965.11274555196
2024-01-25 14:45:00,112965.11274555196
2024-01-25 15:00:00,112965.11274555196
2024-01-25 15:15:00,112965.11274555196
2024-01-29 09:15:00,112965.11274555196
2024-01-29 09:30:00,112856.75142396789
2024-01-29 09:45:00,113088.37176965886
2024-01-29 10:00:00,113050.9037725618
2024-01-29 10:15:00,113104.61663553312
2024-01-29 10:30:00,113200.51374698436
2024-01-29 10:45:00,113337.54705105268
2024-01-29 11:00:00,113371.87088056118
2024-01-29 11:15:00,113364.01046158976
2024-01-29 11:30:00,113383.6615090183
2024-01-29 11:45:00,113474.8423690867
2024-01-29 12:00:00,113515.45453377234
2024-01-29 12:15:00,113484.79889978383
2024-01-29 12:30:00,113621.57018988642
2024-01-29 12:45:00,113719.82542702909
2024-01-29 13:00:00,113740.52453032049
2024-01-29 13:15:00,113617.90199436645
2024-01-29 13:30:00,113704.366603052
2024-01-29 13:45:00,113862.36102437739
2024-01-29 14:00:00,113824.10698538319
2024-01-29 14:15:00,113791.61725363467
2024-01-29 14:30:00,113867.60130369167
2024-01-29 14:45:00,113725.06570634336
2024-01-29 15:00:00,113931.79472529155
2024-01-29 15:15:00,113948.82563306294
2024-01-30 09:15:00,113727.94785996623
2024-01-30 09:30:00,114037.1243395085
2024-01-30 09:45:00,113929.1745856344
2024-01-30 10:00:00,114043.93670261705
2024-01-30 10:15:00,113893.54068629733
2024-01-30 10:30:00,113804.45593795464
2024-01-30 10:45:00,113742.62064204618
2024-01-30 11:00:00,113616.59192453786
2024-01-30 11:15:00,113704.36660305198
2024-01-30 11:30:00,113809.4342033032
2024-01-30 11:45:00,113877.8198483545
2024-01-30 12:00:00,113768.56002465186
2024-01-30 12:15:00,113769.346066549
2024-01-30 12:30:00,113625.50039937212
2024-01-30 12:45:00,113711.96500805765
2024-01-30 13:00:00,113587.5083743436
2024-01-30 13:15:00,113663.4924244006
2024-01-30 13:30:00,113646.4615166292
2024-01-30 13:45:00,113498.68563996664
2024-01-30 14:00:00,113439.57935051808
2024-01-30 14:15:00,113439.57935051808
2024-01-30 14:30:00,113439.57935051808
2024-01-30 14:45:00,113439.57935051808
2024-01-30 15:00:00,113439.57935051808
2024-01-30 15:15:00,113439.57935051808
2024-01-31 09:15:00,113439.57935051808
2024-01-31 09:30:00,113439.57935051808
2024-01-31 09:45:00,113439.57935051808
2024-01-31 10:00:00,113439.57935051808
2024-01-31 10:15:00,113439.57935051808
2024-01-31 10:30:00,113439.57935051808
2024-01-31 10:45:00,113530.47983615768
2024-01-31 11:00:00,113576.88976285527
2024-01-31 11:15:00,113612.54936754944
2024-01-31 11:30:00,113798.97568326678
2024-01-31 11:45:00,113884.19165036682
2024-01-31 12:00:00,113884.19165036682
2024-01-31 12:15:00,113677.83790849685
2024-01-31 12:30:00,113634.83662048329
2024-01-31 12:45:00,113625.13511038267
2024-01-31 13:00:00,113758.07201905876
2024-01-31 13:15:00,113790.84739102033
2024-01-31 13:30:00,113693.83229001412
2024-01-31 13:45:00,113721.8880084132
2024-01-31 14:00:00,113721.6258054375
2024-01-31 14:15:00,113662.6301359067
2024-01-31 14:30:00,113795.82924755849
2024-01-31 14:45:00,113717.69276080212
2024-01-31 15:00:00,113941.08969609212
2024-01-31 15:15:00,113839.61714449912
2024-02-01 09:15:00,113877.37437299883
2024-02-01 09:30:00,114000.87197454998
2024-02-01 09:45:00,114094.47843687222
2024-02-01 10:00:00,114245.24514789539
2024-02-01 10:15:00,114285.10000020062
2024-02-01 10:30:00,114248.91598955505
2024-02-01 10:45:00,114305.28962932894
2024-02-01 11:00:00,114232.65940506214
2024-02-01 11:15:00,114049.1173220774
2024-02-01 11:30:00,114047.80630719895
2024-02-01 11:45:00,113949.21798833858
2024-02-01 12:00:00,113997.98774181737
2024-02-01 12:15:00,113883.66724441545
2024-02-01 12:30:00,113919.58905208531
2024-02-01 12:45:00,114009.78687572353
2024-02-01 13:00:00,113954.19984487673
2024-02-01 13:15:00,113845.91001591572
2024-02-01 13:30:00,113784.26976717208
2024-02-01 13:45:00,113784.26976717208
2024-02-01 14:00:00,113784.26976717208
2024-02-01 14:15:00,113784.26976717208
2024-02-01 14:30:00,113784.26976717208
2024-02-01 14:45:00,113784.26976717208
2024-02-01 15:00:00,113784.26976717208
2024-02-01 15:15:00,113784.26976717208
2024-02-02 09:15:00,113784.26976717208
2024-02-02 09:30:00,113784.26976717208
2024-02-02 09:45:00,113784.26976717208
2024-02-02 10:00:00,113784.26976717208
2024-02-02 10:15:00,113784.26976717208
2024-02-02 10:30:00,113784.26976717208
2024-02-02 10:45:00,113784.26976717208
2024-02-02 11:00:00,113784.26976717208
2024-02-02 11:15:00,114016.52138910882
2024-02-02 11:30:00,114255.75034712204
2024-02-02 11:45:00,114212.04256992826
2024-02-02 12:00:00,114099.5403031869
2024-02-02 12:15:00,113484.78653756803
2024-02-02 12:30:00,113469.78623533584
2024-02-02 12:45:00,113406.58892752805
2024-02-02 13:00:00,113406.58892752805
2024-02-02 13:15:00,113406.58892752805
2024-02-02 13:30:00,113406.58892752805
2024-02-02 13:45:00,113406.58892752805
2024-02-02 14:00:00,113406.58892752805
2024-02-02 14:15:00,113406.58892752805
2024-02-02 14:30:00,113406.58892752805
2024-02-02 14:45:00,113406.58892752805
2024-02-02 15:00:00,113406.58892752805
2024-02-02 15:15:00,113406.58892752805
2024-02-05 09:15:00,113406.58892752805
2024-02-05 09:30:00,113406.58892752805
2024-02-05 09:45:00,113406.58892752805
2024-02-05 10:00:00,113406.58892752805
2024-02-05 10:15:00,113406.58892752805
2024-02-05 10:30:00,113406.58892752805
2024-02-05 10:45:00,113406.58892752805
2024-02-05 11:00:00,113406.58892752805
2024-02-05 11:15:00,113406.58892752805
2024-02-05 11:30:00,113406.58892752805
2024-02-05 11:45:00,113406.58892752805
2024-02-05 12:00:00,113406.58892752805
2024-02-05 12:15:00,113406.58892752805
2024-02-05 12:30:00,113406.58892752805
2024-02-05 12:45:00,113406.58892752805
2024-02-05 13:00:00,113376.50250461797
2024-02-05 13:15:00,113217.83494021058
2024-02-05 13:30:00,113304.14596058855
2024-02-05 13:45:00,113401.5688787996
2024-02-05 14:00:00,113244.45181176427
2024-02-05 14:15:00,113131.00708737528
2024-02-05 14:30:00,112548.53690793843
2024-02-05 14:45:00,112339.21976271046
2024-02-05 15:00:00,112238.62478529243
2024-02-05 15:15:00,112238.62478529243
2024-02-06 09:15:00,112238.62478529243
2024-02-06 09:30:00,112238.62478529243
2024-02-06 09:45:00,112238.62478529243
2024-02-06 10:00:00,112238.62478529243
2024-02-06 10:15:00,112238.62478529243
2024-02-06 10:30:00,112238.62478529243
2024-02-06 10:45:00,112238.62478529243
2024-02-06 11:00:00,112238.62478529243
2024-02-06 11:15:00,112238.62478529243
2024-02-06 11:30:00,112238.62478529243
2024-02-06 11:45:00,112326.13026700325
2024-02-06 12:00:00,112325.61732131003
2024-02-06 12:15:00,112220.97639989178
2024-02-06 12:30:00,112329.46441400921
2024-02-06 12:45:00,112212.51279595352
2024-02-06 13:00:00,112363.06235691556
2024-02-06 13:15:00,112414.86987193144
2024-02-06 13:30:00,112426.41115002905
2024-02-06 13:45:00,112424.35936725615
2024-02-06 14:00:00,112411.53572492549
2024-02-06 14:15:00,112394.86498989562
2024-02-06 14:30:00,112526.94850590148
2024-02-06 14:45:00,112399.9944468279
2024-02-06 15:00:00,112434.87475396732
2024-02-06 15:15:00,112534.12974560667
2024-02-07 09:15:00,112796.5014676921
2024-02-07 09:30:00,112686.21814364837
2024-02-07 09:45:00,112893.44820371193
2024-02-07 10:00:00,112898.32118779758
2024-02-07 10:15:00,112834.45944899086
2024-02-07 10:30:00,112652.87667358865
2024-02-07 10:45:00,112703.14535152484
2024-02-07 11:00:00,112659.54496760058
2024-02-07 11:15:00,112501.30122124018
2024-02-07 11:30:00,112314.33251605906
2024-02-07 11:45:00,112256.63728213991
2024-02-07 12:00:00,112256.63728213991
2024-02-07 12:15:00,112256.63728213991
2024-02-07 12:30:00,112256.63728213991
2024-02-07 12:45:00,112256.63728213991
2024-02-07 13:00:00,112256.63728213991
2024-02-07 13:15:00,112256.63728213991
2024-02-07 13:30:00,112256.63728213991
2024-02-07 13:45:00,112256.63728213991
2024-02-07 14:00:00,112256.63728213991
2024-02-07 14:15:00,112256.63728213991
2024-02-07 14:30:00,112256.63728213991
2024-02-07 14:45:00,112256.63728213991
2024-02-07 15:00:00,112256.63728213991
2024-02-07 15:15:00,112256.63728213991
2024-02-08 09:15:00,112143.66863778068
2024-02-08 09:30:00,112021.57663769546
2024-02-08 09:45:00,111974.67699674414
2024-02-08 10:00:00,111843.66386930406
2024-02-08 10:15:00,111936.4435937947
2024-02-08 10:30:00,111526.83640352965
2024-02-08 10:45:00,111277.55461629927
2024-02-08 11:00:00,111232.36107723227
2024-02-08 11:15:00,111232.36107723227
2024-02-08 11:30:00,111232.36107723227
2024-02-08 11:45:00,111232.36107723227
2024-02-08 12:00:00,111232.36107723227
2024-02-08 12:15:00,111232.36107723227
2024-02-08 12:30:00,111232.36107723227
2024-02-08 12:45:00,111232.36107723227
2024-02-08 13:00:00,111232.36107723227
2024-02-08 13:15:00,111232.36107723227
2024-02-08 13:30:00,111232.36107723227
2024-02-08 13:45:00,111232.36107723227
2024-02-08 14:00:00,111232.36107723227
2024-02-08 14:15:00,111232.36107723227
2024-02-08 14:30:00,111232.36107723227
2024-02-08 14:45:00,111232.36107723227
2024-02-08 15:00:00,111232.36107723227
2024-02-08 15:15:00,111232.36107723227
2024-02-09 09:15:00,111232.36107723227
2024-02-09 09:30:00,111232.36107723227
2024-02-09 09:45:00,111232.36107723227
2024-02-09 10:00:00,111232.36107723227
2024-02-09 10:15:00,111232.36107723227
2024-02-09 10:30:00,111232.36107723227
2024-02-09 10:45:00,111232.36107723227
2024-02-09 11:00:00,111232.36107723227
2024-02-09 11:15:00,111232.36107723227
2024-02-09 11:30:00,111232.36107723227
2024-02-09 11:45:00,111232.36107723227
2024-02-09 12:00:00,111232.36107723227
2024-02-09 12:15:00,111232.36107723227
2024-02-09 12:30:00,111232.36107723227
2024-02-09 12:45:00,111132.03968798301
2024-02-09 13:00:00,111141.23618806062
2024-02-09 13:15:00,111095.509146008
2024-02-09 13:30:00,111065.87597909122
2024-02-09 13:45:00,111083.50260423998
2024-02-09 14:00:00,111179.81039671949
2024-02-09 14:15:00,111223.4937720882
2024-02-09 14:30:00,111202.29073024257
2024-02-09 14:45:00,111188.75143846162
2024-02-09 15:00:00,111291.95660599937
2024-02-09 15:15:00,111308.3059394707
2024-02-12 09:15:00,111384.94344011754
2024-02-12 09:30:00,111097.04189602092
2024-02-12 09:45:00,110985.917520083
2024-02-12 10:00:00,110819.10322700838
2024-02-12 10:15:00,110674.00289245036
2024-02-12 10:30:00,110619.68721342941
2024-02-12 10:45:00,110619.68721342941
2024-02-12 11:00:00,110619.68721342941
2024-02-12 11:15:00,110619.68721342941
2024-02-12 11:30:00,110619.68721342941
2024-02-12 11:45:00,110619.68721342941
2024-02-12 12:00:00,110619.68721342941
2024-02-12 12:15:00,110619.68721342941
2024-02-12 12:30:00,110619.68721342941
2024-02-12 12:45:00,110619.68721342941
2024-02-12 13:00:00,110619.68721342941
2024-02-12 13:15:00,110619.68721342941
2024-02-12 13:30:00,110619.68721342941
2024-02-12 13:45:00,110619.68721342941
2024-02-12 14:00:00,110619.68721342941
2024-02-12 14:15:00,110619.68721342941
2024-02-12 14:30:00,110619.68721342941
2024-02-12 14:45:00,110619.68721342941
2024-02-12 15:00:00,110619.68721342941
2024-02-12 15:15:00,110619.68721342941
2024-02-13 09:15:00,110619.68721342941
2024-02-13 09:30:00,110619.68721342941
2024-02-13 09:45:00,110619.68721342941
2024-02-13 10:00:00,110619.68721342941
2024-02-13 10:15:00,110619.68721342941
2024-02-13 10:30:00,110619.68721342941
2024-02-13 10:45:00,110619.68721342941
2024-02-13 11:00:00,110746.03376688843
2024-02-13 11:15:00,110563.35968692596
2024-02-13 11:30:00,110438.43911135275
2024-02-13 11:45:00,110539.69855957705
2024-02-13 12:00:00,110148.39948578557
2024-02-13 12:15:00,110106.67448701976
2024-02-13 12:30:00,110121.43088902227
2024-02-13 12:45:00,110354.73469309694
2024-02-13 13:00:00,110347.61091281984
2024-02-13 13:15:00,110477.87432360089
2024-02-13 13:30:00,110592.10922875848
2024-02-13 13:45:00,110598.21532613884
2024-02-13 14:00:00,110562.5964247534
2024-02-13 14:15:00,110632.30770317919
2024-02-13 14:30:00,110495.42935356942
2024-02-13 14:45:00,110587.7840764474
2024-02-13 15:00:00,110692.85983553444
2024-02-13 15:15:00,110561.06990040831
2024-02-14 09:15:00,109725.55224219554
2024-02-14 09:30:00,109668.65511796389
2024-02-14 09:45:00,109668.65511796389
2024-02-14 10:00:00,109668.65511796389
2024-02-14 10:15:00,109668.65511796389
2024-02-14 10:30:00,109668.65511796389
2024-02-14 10:45:00,109668.65511796389
2024-02-14 11:00:00,109668.65511796389
2024-02-14 11:15:00,109668.65511796389
2024-02-14 11:30:00,109668.65511796389
2024-02-14 11:45:00,109668.65511796389
2024-02-14 12:00:00,109668.65511796389
2024-02-14 12:15:00,109668.65511796389
2024-02-14 12:30:00,109668.65511796389
2024-02-14 12:45:00,109668.65511796389
2024-02-14 13:00:00,109668.65511796389
2024-02-14 13:15:00,109524.62127649716
2024-02-14 13:30:00,109474.08330827748
2024-02-14 13:45:00,109462.20688574587
2024-02-14 14:00:00,109763.16048649407
2024-02-14 14:15:00,109933.72612923553
2024-02-14 14:30:00,110250.59918997297
2024-02-14 14:45:00,110369.61610513034
2024-02-14 15:00:00,110244.78732362771
2024-02-14 15:15:00,110418.89062414454
2024-02-15 09:15:00,110558.62810627196
2024-02-15 09:30:00,110293.30377311862
2024-02-15 09:45:00,110214.9699223781
2024-02-15 10:00:00,110604.11227766969
2024-02-15 10:15:00,110531.84298311554
2024-02-15 10:30:00,110476.50390791497
2024-02-15 10:45:00,110413.58413748148
2024-02-15 11:00:00,110518.9558012195
2024-02-15 11:15:00,110487.36957108219
2024-02-15 11:30:00,110465.89093458882
2024-02-15 11:45:00,110482.82115394242
2024-02-15 12:00:00,110465.13286506553
2024-02-15 12:15:00,110465.38555490665
2024-02-15 12:30:00,110426.72400921858
2024-02-15 12:45:00,110466.39631427103
2024-02-15 13:00:00,110482.31577426023
2024-02-15 13:15:00,110519.2084910606
2024-02-15 13:30:00,110900.26477143703
2024-02-15 13:45:00,110937.41017807848
2024-02-15 14:00:00,110752.69390423554
2024-02-15 14:15:00,110639.74154526455
2024-02-15 14:30:00,110688.25799475545
2024-02-15 14:45:00,110732.22602710659
2024-02-15 15:00:00,110727.6776099668
2024-02-15 15:15:00,110814.85560514577
2024-02-16 09:15:00,111211.5786556703
2024-02-16 09:30:00,111153.71268205874
2024-02-16 09:45:00,111214.61093376348
2024-02-16 10:00:00,111369.00442667461
2024-02-16 10:15:00,111386.94540539259
2024-02-16 10:30:00,111346.51503081684
2024-02-16 10:45:00,111355.86455493746
2024-02-16 11:00:00,111358.64414318955
2024-02-16 11:15:00,111371.78401492666
2024-02-16 11:30:00,111322.50949591247
2024-02-16 11:45:00,111394.52610062552
2024-02-16 12:00:00,111423.08005266964
2024-02-16 12:15:00,111310.88576322193
2024-02-16 12:30:00,111418.02625584767
2024-02-16 12:45:00,111489.53748087851
2024-02-16 13:00:00,111462.49966788098
2024-02-16 13:15:00,111389.21961396244
2024-02-16 13:30:00,111471.84919200162
2024-02-16 13:45:00,111465.27925613306
2024-02-16 14:00:00,111412.71976918458
2024-02-16 14:15:00,111453.90821328363
2024-02-16 14:30:00,111404.38100442835
2024-02-16 14:45:00,111410.44556061472
2024-02-16 15:00:00,111367.48828762799
2024-02-16 15:15:00,111352.83227684427
2024-02-19 09:15:00,111551.19380210654
2024-02-19 09:30:00,111497.11817611147
2024-02-19 09:45:00,111311.64383274522
2024-02-19 10:00:00,111512.78494625959
2024-02-19 10:15:00,111651.25897918151
2024-02-19 10:30:00,111618.40929983872
2024-02-19 10:45:00,111758.65216164834
2024-02-19 11:00:00,111816.26544541877
2024-02-19 11:15:00,111795.03949876649
2024-02-19 11:30:00,111875.90024791799
2024-02-19 11:45:00,111934.27160121173
2024-02-19 12:00:00,111942.10498628579
2024-02-19 12:15:00,111889.79818917843
2024-02-19 12:30:00,111997.94944116857
2024-02-19 12:45:00,111978.99770308619
2024-02-19 13:00:00,112017.91193861533
2024-02-19 13:15:00,111905.97033900874
2024-02-19 13:30:00,111968.38472976006
2024-02-19 13:45:00,112001.48709894394
2024-02-19 14:00:00,111979.50308276838
2024-02-19 14:15:00,112104.0791744299
2024-02-19 14:30:00,111999.97095989734
2024-02-19 14:45:00,111835.46987334227
2024-02-19 15:00:00,111778.61465909512
2024-02-19 15:15:00,111774.57162163754
2024-02-20 09:15:00,111653.28049791031
2024-02-20 09:30:00,111569.41930958562
2024-02-20 09:45:00,111569.41930958562
2024-02-20 10:00:00,111569.41930958562
2024-02-20 10:15:00,111569.41930958562
2024-02-20 10:30:00,111569.41930958562
2024-02-20 10:45:00,111569.41930958562
2024-02-20 11:00:00,111569.41930958562
2024-02-20 11:15:00,111569.41930958562
2024-02-20 11:30:00,111569.41930958562
2024-02-20 11:45:00,111569.41930958562
2024-02-20 12:00:00,111569.41930958562
2024-02-20 12:15:00,111516.15077559934
2024-02-20 12:30:00,111526.71871340707
2024-02-20 12:45:00,111471.86608383358
2024-02-20 13:00:00,111441.67197581148
2024-02-20 13:15:00,111551.37723495843
2024-02-20 13:30:00,111533.00915257832
2024-02-20 13:45:00,111368.7028814247
2024-02-20 14:00:00,111334.73450989983
2024-02-20 14:15:00,111459.03358792416
2024-02-20 14:30:00,111415.00051372527
2024-02-20 14:45:00,111403.67772321698
2024-02-20 15:00:00,111722.47718041703
2024-02-20 15:15:00,111759.21334517727
2024-02-21 09:15:00,111754.68422897394
2024-02-21 09:30:00,111883.26080563474
2024-02-21 09:45:00,111927.04226226678
2024-02-21 10:00:00,111788.14936536513
2024-02-21 10:15:00,111667.12131570985
2024-02-21 10:30:00,111590.62957538721
2024-02-21 10:45:00,111729.77408985572
2024-02-21 11:00:00,111758.45849247673
2024-02-21 11:15:00,111662.34058193972
2024-02-21 11:30:00,111782.36216132758
2024-02-21 11:45:00,111782.36216132758
2024-02-21 12:00:00,111774.81363432204
2024-02-21 12:15:00,111779.09113295849
2024-02-21 12:30:00,111766.2586370491
2024-02-21 12:45:00,111873.44772052756
2024-02-21 13:00:00,111820.60803148888
2024-02-21 13:15:00,111683.22483998832
2024-02-21 13:30:00,111738.83232226236
2024-02-21 13:45:00,111474.63387706896
2024-02-21 14:00:00,111277.61732222475
2024-02-21 14:15:00,111224.24193938624
2024-02-21 14:30:00,111224.24193938624
2024-02-21 14:45:00,111224.24193938624
2024-02-21 15:00:00,111224.24193938624
2024-02-21 15:15:00,111224.24193938624
2024-02-22 09:15:00,111224.24193938624
2024-02-22 09:30:00,111224.24193938624
2024-02-22 09:45:00,111224.24193938624
2024-02-22 10:00:00,111224.24193938624
2024-02-22 10:15:00,111224.24193938624
2024-02-22 10:30:00,111224.24193938624
2024-02-22 10:45:00,111224.24193938624
2024-02-22 11:00:00,111224.24193938624
2024-02-22 11:15:00,111224.24193938624
2024-02-22 11:30:00,111224.24193938624
2024-02-22 11:45:00,111224.24193938624
2024-02-22 12:00:00,111224.24193938624
2024-02-22 12:15:00,111224.24193938624
2024-02-22 12:30:00,111224.24193938624
2024-02-22 12:45:00,111224.24193938624
2024-02-22 13:00:00,111224.24193938624
2024-02-22 13:15:00,111224.24193938624
2024-02-22 13:30:00,111224.24193938624
2024-02-22 13:45:00,111515.78325629699
2024-02-22 14:00:00,111377.17435637236
2024-02-22 14:15:00,111495.83771332058
2024-02-22 14:30:00,111639.4961177962
2024-02-22 14:45:00,112005.08024728774
2024-02-22 15:00:00,112132.83271242774
2024-02-22 15:15:00,112184.33765884781
2024-02-23 09:15:00,112262.85745461567
2024-02-23 09:30:00,112385.05546474959
2024-02-23 09:45:00,112370.4119015517
2024-02-23 10:00:00,112452.21387527771
2024-02-23 10:15:00,112239.37725845356
2024-02-23 10:30:00,112238.36735754336
2024-02-23 10:45:00,112254.52577210653
2024-02-23 11:00:00,112284.31784895736
2024-02-23 11:15:00,112344.65942834168
2024-02-23 11:30:00,112375.20893087515
2024-02-23 11:45:00,112271.69408757989
2024-02-23 12:00:00,112275.22874076558
2024-02-23 12:15:00,112382.02576201897
2024-02-23 12:30:00,112420.65447183402
2024-02-23 12:45:00,112396.16437476172
2024-02-23 13:00:00,112363.8475456354
2024-02-23 13:15:00,112255.78814824425
2024-02-23 13:30:00,112267.14953348396
2024-02-23 13:45:00,112288.35745259812
2024-02-23 14:00:00,112159.84756177547
2024-02-23 14:15:00,112283.81289850223
2024-02-23 14:30:00,112332.54061741928
2024-02-23 14:45:00,112314.36240103573
2024-02-23 15:00:00,112165.90696723667
2024-02-23 15:15:00,112069.9663807679
2024-02-26 09:15:00,111887.50455361977
2024-02-26 09:30:00,111887.50455361977
2024-02-26 09:45:00,111887.50455361977
2024-02-26 10:00:00,111887.50455361977
2024-02-26 10:15:00,111887.50455361977
2024-02-26 10:30:00,111887.50455361977
2024-02-26 10:45:00,111887.50455361977
2024-02-26 11:00:00,111887.50455361977
2024-02-26 11:15:00,111887.50455361977
2024-02-26 11:30:00,111887.50455361977
2024-02-26 11:45:00,111887.50455361977
2024-02-26 12:00:00,111887.50455361977
2024-02-26 12:15:00,111887.50455361977
2024-02-26 12:30:00,111887.50455361977
2024-02-26 12:45:00,111887.50455361977
2024-02-26 13:00:00,111887.50455361977
2024-02-26 13:15:00,111887.50455361977
2024-02-26 13:30:00,111887.50455361977
2024-02-26 13:45:00,111887.50455361977
2024-02-26 14:00:00,111808.34514961098
2024-02-26 14:15:00,111839.3834666005
2024-02-26 14:30:00,111751.56774048379
2024-02-26 14:45:00,111628.42384868795
2024-02-26 15:00:00,111669.30358325953
2024-02-26 15:15:00,111622.61993575496
2024-02-27 09:15:00,111664.76139052935
2024-02-27 09:30:00,111678.13562467931
2024-02-27 09:45:00,111740.21225865837
2024-02-27 10:00:00,111581.74020118339
2024-02-27 10:15:00,111585.52536179186
2024-02-27 10:30:00,111712.95910227732
2024-02-27 10:45:00,111774.02636009413
2024-02-27 11:00:00,111763.68025443093
2024-02-27 11:15:00,111850.99129246654
2024-02-27 11:30:00,111807.58811748931
2024-02-27 11:45:00,111717.7536390481
2024-02-27 12:00:00,111658.70513355582
2024-02-27 12:15:00,111700.08955620852
2024-02-27 12:30:00,111844.43034741185
2024-02-27 12:45:00,112065.98841502816
2024-02-27 13:00:00,112070.7829517989
2024-02-27 13:15:00,111997.35083599442
2024-02-27 13:30:00,111881.27257733441
2024-02-27 13:45:00,111763.68025443099
2024-02-27 14:00:00,111854.5241090345
2024-02-27 14:15:00,111811.12093405727
2024-02-27 14:30:00,111935.27420201538
2024-02-27 14:45:00,111984.4812899256
2024-02-27 15:00:00,112060.43684613577
2024-02-27 15:15:00,112011.4821022661
2024-02-28 09:15:00,112037.22119440376
2024-02-28 09:30:00,112088.69937867906
2024-02-28 09:45:00,111918.61949533808
2024-02-28 10:00:00,112138.41115467041
2024-02-28 10:15:00,112129.32676921006
2024-02-28 10:30:00,112044.7915156207
2024-02-28 10:45:00,111354.12587659362
2024-02-28 11:00:00,111344.53680305213
2024-02-28 11:15:00,111292.1433669417
2024-02-28 11:30:00,111292.1433669417
2024-02-28 11:45:00,111292.1433669417
2024-02-28 12:00:00,111292.1433669417
2024-02-28 12:15:00,111292.1433669417
2024-02-28 12:30:00,111292.1433669417
2024-02-28 12:45:00,111292.1433669417
2024-02-28 13:00:00,111292.1433669417
2024-02-28 13:15:00,111292.1433669417
2024-02-28 13:30:00,111292.1433669417
2024-02-28 13:45:00,111292.1433669417
2024-02-28 14:00:00,111292.1433669417
2024-02-28 14:15:00,111292.1433669417
2024-02-28 14:30:00,111292.1433669417
2024-02-28 14:45:00,111292.1433669417
2024-02-28 15:00:00,111292.1433669417
2024-02-28 15:15:00,111292.1433669417
2024-02-29 09:15:00,111292.1433669417
2024-02-29 09:30:00,111292.1433669417
2024-02-29 09:45:00,111292.1433669417
2024-02-29 10:00:00,111292.1433669417
2024-02-29 10:15:00,111292.1433669417
2024-02-29 10:30:00,111292.1433669417
2024-02-29 10:45:00,111292.1433669417
2024-02-29 11:00:00,111292.1433669417
2024-02-29 11:15:00,111292.1433669417
2024-02-29 11:30:00,111292.1433669417
2024-02-29 11:45:00,111292.1433669417
2024-02-29 12:00:00,111292.1433669417
2024-02-29 12:15:00,111292.1433669417
2024-02-29 12:30:00,111292.1433669417
2024-02-29 12:45:00,111292.1433669417
2024-02-29 13:00:00,111292.1433669417
2024-02-29 13:15:00,111240.54796656035
2024-02-29 13:30:00,111158.26870573609
2024-02-29 13:45:00,111261.05449002731
2024-02-29 14:00:00,111202.82609005937
2024-02-29 14:15:00,111106.8758135905
2024-02-29 14:30:00,111309.66254565273
2024-02-29 14:45:00,111077.76161360653
2024-02-29 15:00:00,111376.75178909404
2024-02-29 15:15:00,111606.37421853277
2024-03-01 09:15:00,111998.78300092537
2024-03-01 09:30:00,112212.96224602479
2024-03-01 09:45:00,112287.1401642448
2024-03-01 10:00:00,112390.68544940518
2024-03-01 10:15:00,112406.38180070087
2024-03-01 10:30:00,112298.27951032562
2024-03-01 10:45:00,112266.63364077784
2024-03-01 11:00:00,112450.17968415502
2024-03-01 11:15:00,112602.58619189716
2024-03-01 11:30:00,112806.89192569771
2024-03-01 11:45:00,112831.19595351041
2024-03-01 12:00:00,112843.85430132953
2024-03-01 12:15:00,112868.15832914223
2024-03-01 12:30:00,112941.82991344947
2024-03-01 12:45:00,112909.42454303255
2024-03-01 13:00:00,112853.47464567205
2024-03-01 13:15:00,112984.61512907808
2024-03-01 13:30:00,112986.64046472913
2024-03-01 13:45:00,113011.70399341098
2024-03-01 14:00:00,113062.59055164385
2024-03-01 14:15:00,113069.93239337891
2024-03-01 14:30:00,113073.72989772465
2024-03-01 14:45:00,113119.04678291708
2024-03-01 15:00:00,113059.80571512363
2024-03-01 15:15:00,113044.36253078432
2024-03-02 09:15:00,113344.36537409735
2024-03-02 09:30:00,113427.1509688344
2024-03-02 09:45:00,113390.44176015897
2024-03-02 11:30:00,113384.36575320578
2024-03-02 11:45:00,113302.3396593379
2024-03-02 12:00:00,113294.99781760281
2024-03-02 12:15:00,113284.11163847838
2024-03-04 09:15:00,113322.84618280485
2024-03-04 09:30:00,113398.03676885042
2024-03-04 09:45:00,113286.13697412943
2024-03-04 10:00:00,113395.50509928662
2024-03-04 10:15:00,113492.46804358102
2024-03-04 10:30:00,113542.59510094472
2024-03-04 10:45:00,113300.56749064324
2024-03-04 11:00:00,113441.83465230456
2024-03-04 11:15:00,113382.08725059834
2024-03-04 11:30:00,113462.08800881516
2024-03-04 11:45:00,113404.11277580362
2024-03-04 12:00:00,113435.50547839503
2024-03-04 12:15:00,113488.41737227893
2024-03-04 12:30:00,113481.5818644566
2024-03-04 12:45:00,113421.3281288376
2024-03-04 13:00:00,113427.40413579077
2024-03-04 13:15:00,113424.87246622694
2024-03-04 13:30:00,113459.05000533855
2024-03-04 13:45:00,113401.83427319615
2024-03-04 14:00:00,113561.58262267338
2024-03-04 14:15:00,113551.45594441808
2024-03-04 14:30:00,113458.54367142575
2024-03-04 14:45:00,113463.8601775098
2024-03-04 15:00:00,113441.32831839178
2024-03-04 15:15:00,113406.89761232378
2024-03-05 09:15:00,113247.14926284653
2024-03-05 09:30:00,113291.9598141262
2024-03-05 09:45:00,113151.19898637764
2024-03-05 10:00:00,113094.11730613864
2024-03-05 10:15:00,113094.11730613864
2024-03-05 10:30:00,113094.11730613864
2024-03-05 10:45:00,113094.11730613864
2024-03-05 11:00:00,113094.11730613864
2024-03-05 11:15:00,113094.11730613864
2024-03-05 11:30:00,113094.11730613864
2024-03-05 11:45:00,113094.11730613864
2024-03-05 12:00:00,113094.11730613864
2024-03-05 12:15:00,113094.11730613864
2024-03-05 12:30:00,113094.11730613864
2024-03-05 12:45:00,113094.11730613864
2024-03-05 13:00:00,112977.02278561781
2024-03-05 13:15:00,113016.12635474074
2024-03-05 13:30:00,112933.63043794592
2024-03-05 13:45:00,112867.28051098248
2024-03-05 14:00:00,112795.1281189234
2024-03-05 14:15:00,112751.23120906926
2024-03-05 14:30:00,112887.71527936286
2024-03-05 14:45:00,112871.06472734922
2024-03-05 15:00:00,112788.06424837216
2024-03-05 15:15:00,112812.5355142104
2024-03-06 09:15:00,112656.87808099201
2024-03-06 09:30:00,112603.57550135834
2024-03-06 09:45:00,112603.57550135834
2024-03-06 10:00:00,112603.57550135834
2024-03-06 10:15:00,112603.57550135834
2024-03-06 10:30:00,112603.57550135834
2024-03-06 10:45:00,112603.57550135834
2024-03-06 11:00:00,112603.57550135834
2024-03-06 11:15:00,112603.57550135834
2024-03-06 11:30:00,112603.57550135834
2024-03-06 11:45:00,112603.57550135834
2024-03-06 12:00:00,112603.57550135834
2024-03-06 12:15:00,112603.57550135834
2024-03-06 12:30:00,112603.57550135834
2024-03-06 12:45:00,112603.57550135834
2024-03-06 13:00:00,112603.57550135834
2024-03-06 13:15:00,112603.57550135834
2024-03-06 13:30:00,112603.57550135834
2024-03-06 13:45:00,112816.4465777031
2024-03-06 14:00:00,112928.85397225979
2024-03-06 14:15:00,112981.02511726704
2024-03-06 14:30:00,113236.84015196447
2024-03-06 14:45:00,113084.10723469684
2024-03-06 15:00:00,113280.94619242953
2024-03-06 15:15:00,113314.97085221688
2024-03-07 09:15:00,113329.0847851657
2024-03-07 09:30:00,113281.19822694648
2024-03-07 09:45:00,113273.63719143817
2024-03-07 10:00:00,113349.75161555505
2024-03-07 10:15:00,113330.3449577504
2024-03-07 10:30:00,113132.245827433
2024-03-07 10:45:00,113212.6448383379
2024-03-07 11:00:00,113408.72769251978
2024-03-07 11:15:00,113390.32917278292
2024-03-07 11:30:00,113318.49933545408
2024-03-07 11:45:00,113366.13385915635
2024-03-07 12:00:00,113347.98737393643
2024-03-07 12:15:00,113313.20661059827
2024-03-07 12:30:00,113397.13410474035
2024-03-07 12:45:00,113419.81721126524
2024-03-07 13:00:00,113461.65494107784
2024-03-07 13:15:00,113425.10993612107
2024-03-07 13:30:00,113463.67121721337
2024-03-07 13:45:00,113481.56566791634
2024-03-07 14:00:00,113411.50007220611
2024-03-07 14:15:00,113496.18366989904
2024-03-07 14:30:00,113352.27196072442
2024-03-07 14:45:00,113419.81721126521
2024-03-07 15:00:00,113419.31314223133
2024-03-07 15:15:00,113332.36123388591
2024-03-11 09:15:00,113359.83299623273
2024-03-11 09:30:00,113284.72671018362
2024-03-11 09:45:00,113241.37677326938
2024-03-11 10:00:00,113071.25347433267
2024-03-11 10:15:00,113010.43540310087
2024-03-11 10:30:00,113010.43540310087
2024-03-11 10:45:00,113010.43540310087
2024-03-11 11:00:00,113010.43540310087
2024-03-11 11:15:00,113010.43540310087
2024-03-11 11:30:00,113010.43540310087
2024-03-11 11:45:00,113010.43540310087
2024-03-11 12:00:00,113010.43540310087
2024-03-11 12:15:00,113010.43540310087
2024-03-11 12:30:00,113010.43540310087
2024-03-11 12:45:00,113010.43540310087
2024-03-11 13:00:00,113010.43540310087
2024-03-11 13:15:00,113010.43540310087
2024-03-11 13:30:00,113010.43540310087
2024-03-11 13:45:00,113010.43540310087
2024-03-11 14:00:00,113010.43540310087
2024-03-11 14:15:00,113010.43540310087
2024-03-11 14:30:00,113010.43540310087
2024-03-11 14:45:00,113010.43540310087
2024-03-11 15:00:00,113010.43540310087
2024-03-11 15:15:00,113010.43540310087
2024-03-12 09:15:00,113010.43540310087
2024-03-12 09:30:00,113010.43540310087
2024-03-12 09:45:00,113010.43540310087
2024-03-12 10:00:00,113010.43540310087
2024-03-12 10:15:00,113010.43540310087
2024-03-12 10:30:00,113010.43540310087
2024-03-12 10:45:00,113010.43540310087
2024-03-12 11:00:00,113010.43540310087
2024-03-12 11:15:00,113010.43540310087
2024-03-12 11:30:00,113010.43540310087
2024-03-12 11:45:00,113010.43540310087
2024-03-12 12:00:00,113010.43540310087
2024-03-12 12:15:00,113010.43540310087
2024-03-12 12:30:00,113010.43540310087
2024-03-12 12:45:00,113010.43540310087
2024-03-12 13:00:00,113010.43540310087
2024-03-12 13:15:00,113010.43540310087
2024-03-12 13:30:00,113010.43540310087
2024-03-12 13:45:00,113010.43540310087
2024-03-12 14:00:00,113010.43540310087
2024-03-12 14:15:00,113010.43540310087
2024-03-12 14:30:00,113010.43540310087
2024-03-12 14:45:00,113010.43540310087
2024-03-12 15:00:00,113010.43540310087
2024-03-12 15:15:00,113010.43540310087
2024-03-13 09:15:00,113010.43540310087
2024-03-13 09:30:00,113010.43540310087
2024-03-13 09:45:00,113010.43540310087
2024-03-13 10:00:00,113010.43540310087
2024-03-13 10:15:00,113010.43540310087
2024-03-13 10:30:00,113010.43540310087
2024-03-13 10:45:00,113010.43540310087
2024-03-13 11:00:00,113010.43540310087
2024-03-13 11:15:00,113010.43540310087
2024-03-13 11:30:00,113010.43540310087
2024-03-13 11:45:00,113010.43540310087
2024-03-13 12:00:00,113010.43540310087
2024-03-13 12:15:00,113010.43540310087
2024-03-13 12:30:00,113010.43540310087
2024-03-13 12:45:00,113010.43540310087
2024-03-13 13:00:00,113010.43540310087
2024-03-13 13:15:00,113010.43540310087
2024-03-13 13:30:00,113010.43540310087
2024-03-13 13:45:00,113010.43540310087
2024-03-13 14:00:00,113010.43540310087
2024-03-13 14:15:00,113010.43540310087
2024-03-13 14:30:00,113010.43540310087
2024-03-13 14:45:00,113010.43540310087
2024-03-13 15:00:00,113010.43540310087
2024-03-13 15:15:00,113010.43540310087
2024-03-14 09:15:00,113010.43540310087
2024-03-14 09:30:00,113010.43540310087
2024-03-14 09:45:00,113010.43540310087
2024-03-14 10:00:00,113010.43540310087
2024-03-14 10:15:00,113010.43540310087
2024-03-14 10:30:00,113010.43540310087
2024-03-14 10:45:00,113010.43540310087
2024-03-14 11:00:00,113010.43540310087
2024-03-14 11:15:00,113010.43540310087
2024-03-14 11:30:00,113010.43540310087
2024-03-14 11:45:00,112979.66111265602
2024-03-14 12:00:00,112989.85157889628
2024-03-14 12:15:00,113120.28954677179
2024-03-14 12:30:00,112824.25650249186
2024-03-14 12:45:00,112898.90166770188
2024-03-14 13:00:00,112897.11833610984
2024-03-14 13:15:00,112938.64448603895
2024-03-14 13:30:00,112685.41139996816
2024-03-14 13:45:00,112635.98763870285
2024-03-14 14:00:00,112614.84242125427
2024-03-14 14:15:00,112750.3756222499
2024-03-14 14:30:00,112665.53999079965
2024-03-14 14:45:00,112741.45896428966
2024-03-14 15:00:00,112830.11602058004
2024-03-14 15:15:00,112874.95407203725
2024-03-15 09:15:00,112639.55430188694
2024-03-15 09:30:00,112581.45208480975
2024-03-15 09:45:00,112581.45208480975
2024-03-15 10:00:00,112581.45208480975
2024-03-15 10:15:00,112581.45208480975
2024-03-15 10:30:00,112581.45208480975
2024-03-15 10:45:00,112581.45208480975
2024-03-15 11:00:00,112581.45208480975
2024-03-15 11:15:00,112581.45208480975
2024-03-15 11:30:00,112581.45208480975
2024-03-15 11:45:00,112581.45208480975
2024-03-15 12:00:00,112581.45208480975
2024-03-15 12:15:00,112581.45208480975
2024-03-15 12:30:00,112581.45208480975
2024-03-15 12:45:00,112581.45208480975
2024-03-15 13:00:00,112581.45208480975
2024-03-15 13:15:00,112581.45208480975
2024-03-15 13:30:00,112581.45208480975
2024-03-15 13:45:00,112472.77641392009
2024-03-15 14:00:00,112489.89734711408
2024-03-15 14:15:00,112396.371055338
2024-03-15 14:30:00,112489.1307381651
2024-03-15 14:45:00,112682.06065699283
2024-03-15 15:00:00,112482.99786657323
2024-03-15 15:15:00,112417.3250332769
2024-03-18 09:15:00,112594.41170049229
2024-03-18 09:30:00,112251.48196397997
2024-03-18 09:45:00,112505.99613504275
2024-03-18 10:00:00,112319.45462412322
2024-03-18 10:15:00,112570.90235939008
2024-03-18 10:30:00,112439.04562016476
2024-03-18 10:45:00,112448.50046386891
2024-03-18 11:00:00,112178.90965014276
2024-03-18 11:15:00,112280.86864035767
2024-03-18 11:30:00,112374.39493213376
2024-03-18 11:45:00,112366.7288426439
2024-03-18 12:00:00,112610.25495210457
2024-03-18 12:15:00,112864.76912316738
2024-03-18 12:30:00,112717.06913232972
2024-03-18 12:45:00,112735.978819738
2024-03-18 13:00:00,112801.65165303432
2024-03-18 13:15:00,112781.71982036074
2024-03-18 13:30:00,112758.21047925855
2024-03-18 13:45:00,112835.38244678963
2024-03-18 14:00:00,112754.88850714627
2024-03-18 14:15:00,112984.10458289259
2024-03-18 14:30:00,112973.88313023947
2024-03-18 14:45:00,112882.65666531034
2024-03-18 15:00:00,112723.20200392159
2024-03-18 15:15:00,112699.18159018675
2024-03-19 09:15:00,112116.81432527499
2024-03-19 09:30:00,112059.98969246785
2024-03-19 09:45:00,112059.98969246785
2024-03-19 10:00:00,112059.98969246785
2024-03-19 10:15:00,112059.98969246785
2024-03-19 10:30:00,112059.98969246785
2024-03-19 10:45:00,112059.98969246785
2024-03-19 11:00:00,112059.98969246785
2024-03-19 11:15:00,112059.98969246785
2024-03-19 11:30:00,112059.98969246785
2024-03-19 11:45:00,112059.98969246785
2024-03-19 12:00:00,112059.98969246785
2024-03-19 12:15:00,112059.98969246785
2024-03-19 12:30:00,112059.98969246785
2024-03-19 12:45:00,112059.98969246785
2024-03-19 13:00:00,112059.98969246785
2024-03-19 13:15:00,112059.98969246785
2024-03-19 13:30:00,112059.98969246785
2024-03-19 13:45:00,112059.98969246785
2024-03-19 14:00:00,112059.98969246785
2024-03-19 14:15:00,112059.98969246785
2024-03-19 14:30:00,112059.98969246785
2024-03-19 14:45:00,112059.98969246785
2024-03-19 15:00:00,112059.98969246785
2024-03-19 15:15:00,112059.98969246785
2024-03-20 09:15:00,112059.98969246785
2024-03-20 09:30:00,112059.98969246785
2024-03-20 09:45:00,112059.98969246785
2024-03-20 10:00:00,112059.98969246785
2024-03-20 10:15:00,112059.98969246785
2024-03-20 10:30:00,112059.98969246785
2024-03-20 10:45:00,112059.98969246785
2024-03-20 11:00:00,112059.98969246785
2024-03-20 11:15:00,112059.98969246785
2024-03-20 11:30:00,112059.98969246785
2024-03-20 11:45:00,112059.98969246785
2024-03-20 12:00:00,112059.98969246785
2024-03-20 12:15:00,112059.98969246785
2024-03-20 12:30:00,112053.64657748675
2024-03-20 12:45:00,112004.72805143397
2024-03-20 13:00:00,112222.94053414061
2024-03-20 13:15:00,112226.78230320234
2024-03-20 13:30:00,112174.02200808784
2024-03-20 13:45:00,111968.61542225363
2024-03-20 14:00:00,111950.94328456963
2024-03-20 14:15:00,111881.27920558347
2024-03-20 14:30:00,111920.72136795064
2024-03-20 14:45:00,111868.21719077358
2024-03-20 15:00:00,111883.84038495798
2024-03-20 15:15:00,111949.66269488238
2024-03-21 09:15:00,112667.04903767737
2024-03-21 09:30:00,112737.73758841332
2024-03-21 09:45:00,112720.06545072934
2024-03-21 10:00:00,113040.72510841562
2024-03-21 10:15:00,112951.59606618334
2024-03-21 10:30:00,112956.20618905743
2024-03-21 10:45:00,112989.75763886327
2024-03-21 11:00:00,113070.69090709719
2024-03-21 11:15:00,113002.05129986082
2024-03-21 11:30:00,112840.69699926788
2024-03-21 11:45:00,112749.26289559856
2024-03-21 12:00:00,112447.29984734605
2024-03-21 12:15:00,112388.51629863758
2024-03-21 12:30:00,112388.51629863758
2024-03-21 12:45:00,112388.51629863758
2024-03-21 13:00:00,112388.51629863758
2024-03-21 13:15:00,112388.51629863758
2024-03-21 13:30:00,112388.51629863758
2024-03-21 13:45:00,112388.51629863758
2024-03-21 14:00:00,112388.51629863758
2024-03-21 14:15:00,112388.51629863758
2024-03-21 14:30:00,112388.51629863758
2024-03-21 14:45:00,112388.51629863758
2024-03-21 15:00:00,112388.51629863758
2024-03-21 15:15:00,112388.51629863758
2024-03-22 09:15:00,112388.51629863758
2024-03-22 09:30:00,112388.51629863758
2024-03-22 09:45:00,112388.51629863758
2024-03-22 10:00:00,112388.51629863758
2024-03-22 10:15:00,112388.51629863758
2024-03-22 10:30:00,112388.51629863758
2024-03-22 10:45:00,112388.51629863758
2024-03-22 11:00:00,112388.51629863758
2024-03-22 11:15:00,112388.51629863758
2024-03-22 11:30:00,112388.51629863758
2024-03-22 11:45:00,112394.37018787369
2024-03-22 12:00:00,112279.42853779909
2024-03-22 12:15:00,112327.74471814018
2024-03-22 12:30:00,112311.97838560783
2024-03-22 12:45:00,112380.89251651538
2024-03-22 13:00:00,112432.76883646054
2024-03-22 13:15:00,112435.5660890066
2024-03-22 13:30:00,112358.00590477485
2024-03-22 13:45:00,112364.871888297
2024-03-22 14:00:00,112424.12278313634
2024-03-22 14:15:00,112602.89265039838
2024-03-22 14:30:00,112661.8892495517
2024-03-22 14:45:00,112554.57647005729
2024-03-22 15:00:00,112295.19487033144
2024-03-22 15:15:00,112301.04367110957
2024-03-26 09:15:00,112220.43193864576
2024-03-26 09:30:00,112165.3383968291
2024-03-26 09:45:00,112165.3383968291
2024-03-26 10:00:00,112165.3383968291
2024-03-26 10:15:00,112165.3383968291
2024-03-26 10:30:00,112165.3383968291
2024-03-26 10:45:00,112165.3383968291
2024-03-26 11:00:00,112165.3383968291
2024-03-26 11:15:00,112165.3383968291
2024-03-26 11:30:00,112165.3383968291
2024-03-26 11:45:00,112165.3383968291
2024-03-26 12:00:00,112165.3383968291
2024-03-26 12:15:00,112165.3383968291
2024-03-26 12:30:00,112165.3383968291
2024-03-26 12:45:00,112165.3383968291
2024-03-26 13:00:00,112165.3383968291
2024-03-26 13:15:00,112165.3383968291
2024-03-26 13:30:00,112165.3383968291
2024-03-26 13:45:00,112165.3383968291
2024-03-26 14:00:00,112165.3383968291
2024-03-26 14:15:00,112165.3383968291
2024-03-26 14:30:00,112165.3383968291
2024-03-26 14:45:00,112165.3383968291
2024-03-26 15:00:00,112165.3383968291
2024-03-26 15:15:00,112165.3383968291
2024-03-27 09:15:00,112165.3383968291
2024-03-27 09:30:00,112165.3383968291
2024-03-27 09:45:00,112211.41243577706
2024-03-27 10:00:00,112278.33395178364
2024-03-27 10:15:00,112243.09875964382
2024-03-27 10:30:00,112337.65075006221
2024-03-27 10:45:00,112291.76895310315
2024-03-27 11:00:00,112332.83442883445
2024-03-27 11:15:00,112386.06745293058
2024-03-27 11:30:00,112399.24896365913
2024-03-27 11:45:00,112410.1490590693
2024-03-27 12:00:00,112373.64641397481
2024-03-27 12:15:00,112334.60886297097
2024-03-27 12:30:00,112342.46707128991
2024-03-27 12:45:00,112394.17915184045
2024-03-27 13:00:00,112345.25546779021
2024-03-27 13:15:00,112382.51858465749
2024-03-27 13:30:00,112449.44010066405
2024-03-27 13:45:00,112434.99113698081
2024-03-27 14:00:00,112495.57538821403
2024-03-27 14:15:00,112424.3445321616
2024-03-27 14:30:00,112389.3628306127
2024-03-27 14:45:00,112318.63895574215
2024-03-27 15:00:00,112124.71865367767
2024-03-27 15:15:00,112077.01730125691
2024-03-28 09:15:00,112077.01730125691
2024-03-28 09:30:00,112077.01730125691
2024-03-28 09:45:00,112077.01730125691
2024-03-28 10:00:00,112049.36002585464
2024-03-28 10:15:00,111944.37457897134
2024-03-28 10:30:00,112296.75396169205
2024-03-28 10:45:00,112251.29375622346
2024-03-28 11:00:00,112356.02804175057
2024-03-28 11:15:00,112365.57217328543
2024-03-28 11:30:00,112315.84222476176
2024-03-28 11:45:00,112172.42909038291
2024-03-28 12:00:00,112189.75922395934
2024-03-28 12:15:00,112288.46563693811
2024-03-28 12:30:00,112591.8685552037
2024-03-28 12:45:00,112539.37583176205
2024-03-28 13:00:00,112563.73848331152
2024-03-28 13:15:00,112585.58952129917
2024-03-28 13:30:00,112602.66849351944
2024-03-28 13:45:00,112684.79825699033
2024-03-28 14:00:00,112861.61585174114
2024-03-28 14:15:00,112958.56413522667
2024-03-28 14:30:00,113038.68460784813
2024-03-28 14:45:00,112620.50094980824
2024-03-28 15:00:00,111861.74249278811
2024-03-28 15:15:00,112234.46594535939
2024-04-01 09:15:00,112991.71743424246
2024-04-01 09:30:00,112935.20612910192
2024-04-01 09:45:00,113129.102696073
2024-04-01 10:00:00,113040.94506005378
2024-04-01 10:15:00,113022.8614424088
2024-04-01 10:30:00,112982.92678677615
2024-04-01 10:45:00,112907.32721856594
2024-04-01 11:00:00,112919.38296366259
2024-04-01 11:15:00,112930.93638604687
2024-04-01 11:30:00,112858.09959275463
2024-04-01 11:45:00,112800.16432830525
2024-04-01 12:00:00,112800.16432830525
2024-04-01 12:15:00,112800.16432830525
2024-04-01 12:30:00,112800.16432830525
2024-04-01 12:45:00,112800.16432830525
2024-04-01 13:00:00,112800.16432830525
2024-04-01 13:15:00,112800.16432830525
2024-04-01 13:30:00,112800.16432830525
2024-04-01 13:45:00,112800.16432830525
2024-04-01 14:00:00,112800.16432830525
2024-04-01 14:15:00,112800.16432830525
2024-04-01 14:30:00,112800.16432830525
2024-04-01 14:45:00,112800.16432830525
2024-04-01 15:00:00,112800.16432830525
2024-04-01 15:15:00,112800.16432830525
2024-04-02 09:15:00,112800.16432830525
2024-04-02 09:30:00,112800.16432830525
2024-04-02 09:45:00,112800.16432830525
2024-04-02 10:00:00,112800.16432830525
2024-04-02 10:15:00,112800.16432830525
2024-04-02 10:30:00,112800.16432830525
2024-04-02 10:45:00,112800.16432830525
2024-04-02 11:00:00,112800.16432830525
2024-04-02 11:15:00,112800.16432830525
2024-04-02 11:30:00,112800.16432830525
2024-04-02 11:45:00,112800.16432830525
2024-04-02 12:00:00,112800.16432830525
2024-04-02 12:15:00,112800.16432830525
2024-04-02 12:30:00,112800.16432830525
2024-04-02 12:45:00,112800.16432830525
2024-04-02 13:00:00,112800.16432830525
2024-04-02 13:15:00,112800.16432830525
2024-04-02 13:30:00,112800.16432830525
2024-04-02 13:45:00,112800.16432830525
2024-04-02 14:00:00,112800.16432830525
2024-04-02 14:15:00,112800.16432830525
2024-04-02 14:30:00,112800.16432830525
2024-04-02 14:45:00,112800.16432830525
2024-04-02 15:00:00,112800.16432830525
2024-04-02 15:15:00,112800.16432830525
2024-04-03 09:15:00,112634.2221334373
2024-04-03 09:30:00,112660.41151210672
2024-04-03 09:45:00,112780.0264627603
2024-04-03 10:00:00,113060.55499966153
2024-04-03 10:15:00,113085.48527358723
2024-04-03 10:30:00,113098.83178387069
2024-04-03 10:45:00,113040.66114471073
2024-04-03 11:00:00,113056.02222258413
2024-04-03 11:15:00,113109.91190561543
2024-04-03 11:30:00,113079.94521271484
2024-04-03 11:45:00,113085.23345263847
2024-04-03 12:00:00,113213.66213649811
2024-04-03 12:15:00,113237.83694757757
2024-04-03 12:30:00,113332.77344525422
2024-04-03 12:45:00,113333.2770871517
2024-04-03 13:00:00,113245.39157603991
2024-04-03 13:15:00,113274.35098514552
2024-04-03 13:30:00,113299.28125907123
2024-04-03 13:45:00,113189.23550446994
2024-04-03 14:00:00,113293.9930191476
2024-04-03 14:15:00,113194.27192344483
2024-04-03 14:30:00,113060.8068206103
2024-04-03 14:45:00,113044.9421008394
2024-04-03 15:00:00,112970.40310001107
2024-04-03 15:15:00,112914.16959349933
2024-04-04 09:15:00,112914.16959349933
2024-04-04 09:30:00,112914.16959349933
2024-04-04 09:45:00,112914.16959349933
2024-04-04 10:00:00,112914.16959349933
2024-04-04 10:15:00,112914.16959349933
2024-04-04 10:30:00,112914.16959349933
2024-04-04 10:45:00,112914.16959349933
2024-04-04 11:00:00,112914.16959349933
2024-04-04 11:15:00,112914.16959349933
2024-04-04 11:30:00,112914.16959349933
2024-04-04 11:45:00,112914.16959349933
2024-04-04 12:00:00,112914.16959349933
2024-04-04 12:15:00,112914.16959349933
2024-04-04 12:30:00,112914.16959349933
2024-04-04 12:45:00,112914.16959349933
2024-04-04 13:00:00,112914.16959349933
2024-04-04 13:15:00,112914.16959349933
2024-04-04 13:30:00,112835.68778014353
2024-04-04 13:45:00,112710.7975579734
2024-04-04 14:00:00,112778.12314868235
2024-04-04 14:15:00,112913.02461110661
2024-04-04 14:30:00,112945.0605799198
2024-04-04 14:45:00,112700.03547470024
2024-04-04 15:00:00,112662.74360475365
2024-04-04 15:15:00,112832.68440806732
2024-04-05 09:15:00,112473.78144495716
2024-04-05 09:30:00,112480.53903212868
2024-04-05 09:45:00,112562.63120221246
2024-04-05 10:00:00,112499.31010760515
2024-04-05 10:15:00,112592.66492297481
2024-04-05 10:30:00,112585.15649278423
2024-04-05 10:45:00,112658.48882764565
2024-04-05 11:00:00,112698.53378866213
2024-04-05 11:15:00,112562.63120221246
2024-04-05 11:30:00,112509.85206873326
2024-04-05 11:45:00,112509.85206873326
2024-04-05 12:00:00,112509.85206873326
2024-04-05 12:15:00,112509.85206873326
2024-04-05 12:30:00,112509.85206873326
2024-04-05 12:45:00,112509.85206873326
2024-04-05 13:00:00,112509.85206873326
2024-04-05 13:15:00,112509.85206873326
2024-04-05 13:30:00,112509.85206873326
2024-04-05 13:45:00,112509.85206873326
2024-04-05 14:00:00,112509.85206873326
2024-04-05 14:15:00,112509.85206873326
2024-04-05 14:30:00,112509.85206873326
2024-04-05 14:45:00,112509.85206873326
2024-04-05 15:00:00,112509.85206873326
2024-04-05 15:15:00,112509.85206873326
2024-04-08 09:15:00,112509.85206873326
2024-04-08 09:30:00,112568.12214864479
2024-04-08 09:45:00,112491.68915554612
2024-04-08 10:00:00,112663.97459927341
2024-04-08 10:15:00,112606.71209630046
2024-04-08 10:30:00,112631.85780412769
2024-04-08 10:45:00,112679.16161093142
2024-04-08 11:00:00,112652.02416387033
2024-04-08 11:15:00,112673.1863932299
2024-04-08 11:30:00,112787.21346436735
2024-04-08 11:45:00,112763.56156096548
2024-04-08 12:00:00,112801.15563900424
2024-04-08 12:15:00,112833.27243414994
2024-04-08 12:30:00,112897.75499184556
2024-04-08 12:45:00,112937.09184171392
2024-04-08 13:00:00,113007.54961711107
2024-04-08 13:15:00,112731.44476581978
2024-04-08 13:30:00,112883.3148824002
2024-04-08 13:45:00,112811.36330257767
2024-04-08 14:00:00,112836.50901040493
2024-04-08 14:15:00,112875.34792546483
2024-04-08 14:30:00,112857.67123976449
2024-04-08 14:45:00,112906.96678580207
2024-04-08 15:00:00,112890.03700231444
2024-04-08 15:15:00,112837.00694521339
2024-04-09 09:15:00,113057.84103276559
2024-04-09 09:30:00,113180.5819630511
2024-04-09 09:45:00,113231.8692483225
2024-04-09 10:00:00,113275.4385440628
2024-04-09 10:15:00,113289.87865350815
2024-04-09 10:30:00,113330.70930780191
2024-04-09 10:45:00,113264.98191308512
2024-04-09 11:00:00,113178.83919122149
2024-04-09 11:15:00,113226.14299802523
2024-04-09 11:30:00,113240.8320748748
2024-04-09 11:45:00,113261.4963694259
2024-04-09 12:00:00,113133.27815624735
2024-04-09 12:15:00,113097.17788263397
2024-04-09 12:30:00,112969.20863685965
2024-04-09 12:45:00,112910.98213209753
2024-04-09 13:00:00,112910.98213209753
2024-04-09 13:15:00,112910.98213209753
2024-04-09 13:30:00,112910.98213209753
2024-04-09 13:45:00,112910.98213209753
2024-04-09 14:00:00,112910.98213209753
2024-04-09 14:15:00,112910.98213209753
2024-04-09 14:30:00,112910.98213209753
2024-04-09 14:45:00,112910.98213209753
2024-04-09 15:00:00,112910.98213209753
2024-04-09 15:15:00,112910.98213209753
2024-04-10 09:15:00,112910.98213209753
2024-04-10 09:30:00,112910.98213209753
2024-04-10 09:45:00,112910.98213209753
2024-04-10 10:00:00,112910.98213209753
2024-04-10 10:15:00,112910.98213209753
2024-04-10 10:30:00,112910.98213209753
2024-04-10 10:45:00,112910.98213209753
2024-04-10 11:00:00,112910.98213209753
2024-04-10 11:15:00,112731.7592705135
2024-04-10 11:30:00,112756.61096495033
2024-04-10 11:45:00,112786.43299827455
2024-04-10 12:00:00,112856.01774269772
2024-04-10 12:15:00,112832.65714992708
2024-04-10 12:30:00,112838.62155659193
2024-04-10 12:45:00,112819.9827857643
2024-04-10 13:00:00,112900.75079268403
2024-04-10 13:15:00,112965.86223210856
2024-04-10 13:30:00,113040.41731541908
2024-04-10 13:45:00,113014.3230362604
2024-04-10 14:00:00,112932.56096156318
2024-04-10 14:15:00,113041.1628662522
2024-04-10 14:30:00,113042.40545097404
2024-04-10 14:45:00,113046.13320513957
2024-04-10 15:00:00,113085.15036540541
2024-04-10 15:15:00,113000.9031212645
2024-04-12 09:15:00,112917.40142795672
2024-04-12 09:30:00,112531.20609640819
2024-04-12 09:45:00,112581.65503611499
2024-04-12 10:00:00,112536.92198612867
2024-04-12 10:15:00,112568.73215500782
2024-04-12 10:30:00,112653.47643303746
2024-04-12 10:45:00,112624.8969844351
2024-04-12 11:00:00,112617.19295915966
2024-04-12 11:15:00,112685.03808497224
2024-04-12 11:30:00,112734.98999079029
2024-04-12 11:45:00,112778.9774899435
2024-04-12 12:00:00,112766.80015966944
2024-04-12 12:15:00,112464.8520722618
2024-04-12 12:30:00,112414.0842853154
2024-04-12 12:45:00,112414.0842853154
2024-04-12 13:00:00,112414.0842853154
2024-04-12 13:15:00,112414.0842853154
2024-04-12 13:30:00,112414.0842853154
2024-04-12 13:45:00,112414.0842853154
2024-04-12 14:00:00,112414.0842853154
2024-04-12 14:15:00,112414.0842853154
2024-04-12 14:30:00,112414.0842853154
2024-04-12 14:45:00,112414.0842853154
2024-04-12 15:00:00,112414.0842853154
2024-04-12 15:15:00,112414.0842853154
2024-04-15 09:15:00,112414.0842853154
2024-04-15 09:30:00,112414.0842853154
2024-04-15 09:45:00,112414.0842853154
2024-04-15 10:00:00,112414.0842853154
2024-04-15 10:15:00,112414.0842853154
2024-04-15 10:30:00,112414.0842853154
2024-04-15 10:45:00,112414.0842853154
2024-04-15 11:00:00,112414.0842853154
2024-04-15 11:15:00,112414.0842853154
2024-04-15 11:30:00,112414.0842853154
2024-04-15 11:45:00,112414.0842853154
2024-04-15 12:00:00,112414.0842853154
2024-04-15 12:15:00,112414.0842853154
2024-04-15 12:30:00,112414.0842853154
2024-04-15 12:45:00,112414.0842853154
2024-04-15 13:00:00,112414.0842853154
2024-04-15 13:15:00,112414.0842853154
2024-04-15 13:30:00,112414.0842853154
2024-04-15 13:45:00,112414.0842853154
2024-04-15 14:00:00,112414.0842853154
2024-04-15 14:15:00,112414.0842853154
2024-04-15 14:30:00,112414.0842853154
2024-04-15 14:45:00,112414.0842853154
2024-04-15 15:00:00,112414.0842853154
2024-04-15 15:15:00,112414.0842853154
2024-04-16 09:15:00,112414.0842853154
2024-04-16 09:30:00,112414.0842853154
2024-04-16 09:45:00,112414.0842853154
2024-04-16 10:00:00,112414.0842853154
2024-04-16 10:15:00,112414.0842853154
2024-04-16 10:30:00,112414.0842853154
2024-04-16 10:45:00,112414.0842853154
2024-04-16 11:00:00,112414.0842853154
2024-04-16 11:15:00,112414.0842853154
2024-04-16 11:30:00,112414.0842853154
2024-04-16 11:45:00,112414.0842853154
2024-04-16 12:00:00,112414.0842853154
2024-04-16 12:15:00,112414.0842853154
2024-04-16 12:30:00,112414.0842853154
2024-04-16 12:45:00,112414.0842853154
2024-04-16 13:00:00,112414.0842853154
2024-04-16 13:15:00,112414.0842853154
2024-04-16 13:30:00,112414.0842853154
2024-04-16 13:45:00,112414.0842853154
2024-04-16 14:00:00,112414.0842853154
2024-04-16 14:15:00,112414.0842853154
2024-04-16 14:30:00,112414.0842853154
2024-04-16 14:45:00,112414.0842853154
2024-04-16 15:00:00,112414.0842853154
2024-04-16 15:15:00,112414.0842853154
2024-04-18 09:15:00,112414.0842853154
2024-04-18 09:30:00,112024.83718074478
2024-04-18 09:45:00,112059.15039929797
2024-04-18 10:00:00,111912.31000813656
2024-04-18 10:15:00,111902.97479426546
2024-04-18 10:30:00,111977.90880831177
2024-04-18 10:45:00,111990.271659114
2024-04-18 11:00:00,112441.38956185737
2024-04-18 11:15:00,112406.3194340714
2024-04-18 11:30:00,112439.11883415902
2024-04-18 11:45:00,112542.56309597378
2024-04-18 12:00:00,112490.5886619888
2024-04-18 12:15:00,112593.02371149315
2024-04-18 12:30:00,112576.62401144936
2024-04-18 12:45:00,112520.61272822284
2024-04-18 13:00:00,112484.02878197128
2024-04-18 13:15:00,111687.76026907531
2024-04-18 13:30:00,111489.7023531617
2024-04-18 13:45:00,111723.08269993888
2024-04-18 14:00:00,111708.95372759343
2024-04-18 14:15:00,111708.44912143824
2024-04-18 14:30:00,111292.65364955846
2024-04-18 14:45:00,111238.26820736397
2024-04-18 15:00:00,111238.26820736397
2024-04-18 15:15:00,111238.26820736397
2024-04-19 09:15:00,111238.26820736397
2024-04-19 09:30:00,111238.26820736397
2024-04-19 09:45:00,111238.26820736397
2024-04-19 10:00:00,111238.26820736397
2024-04-19 10:15:00,111238.26820736397
2024-04-19 10:30:00,111238.26820736397
2024-04-19 10:45:00,111238.26820736397
2024-04-19 11:00:00,111238.26820736397
2024-04-19 11:15:00,111238.26820736397
2024-04-19 11:30:00,111238.26820736397
2024-04-19 11:45:00,111238.26820736397
2024-04-19 12:00:00,111238.26820736397
2024-04-19 12:15:00,111356.26107885705
2024-04-19 12:30:00,111642.9109742292
2024-04-19 12:45:00,111740.48852482009
2024-04-19 13:00:00,111744.79714393709
2024-04-19 13:15:00,111742.26266210356
2024-04-19 13:30:00,111666.22820709768
2024-04-19 13:45:00,112237.24696419181
2024-04-19 14:00:00,112276.53143261152
2024-04-19 14:15:00,112189.34525753811
2024-04-19 14:30:00,112076.30736776271
2024-04-19 14:45:00,112254.22799247649
2024-04-19 15:00:00,112339.89347844975
2024-04-19 15:15:00,112276.02453624482
2024-04-22 09:15:00,112766.70021921607
2024-04-22 09:30:00,112623.75544380501
2024-04-22 09:45:00,112669.1226686252
2024-04-22 10:00:00,112764.4191855659
2024-04-22 10:15:00,112725.64161351291
2024-04-22 10:30:00,112794.32607120155
2024-04-22 10:45:00,112931.69498657882
2024-04-22 11:00:00,112955.26566763064
2024-04-22 11:15:00,112946.39498121329
2024-04-22 11:30:00,112970.72600681518
2024-04-22 11:45:00,113075.40010653994
2024-04-22 12:00:00,112970.47255863182
2024-04-22 12:15:00,112960.08118311435
2024-04-22 12:30:00,113000.1259960841
2024-04-22 12:45:00,112905.08292732674
2024-04-22 13:00:00,112905.08292732674
2024-04-22 13:15:00,112918.51568104446
2024-04-22 13:30:00,112965.15014678141
2024-04-22 13:45:00,112987.20013873311
2024-04-22 14:00:00,112999.11220335068
2024-04-22 14:15:00,112945.63463666322
2024-04-22 14:30:00,113113.41733404288
2024-04-22 14:45:00,113079.45527747358
2024-04-22 15:00:00,113278.15865322226
2024-04-22 15:15:00,113395.25171393128
2024-04-23 09:15:00,113540.22407480914
2024-04-23 09:30:00,113537.94304115899
2024-04-23 09:45:00,113505.5016736898
2024-04-23 10:00:00,113634.2533508331
2024-04-23 10:15:00,113548.33441667646
2024-04-23 10:30:00,113428.70687413386
2024-04-23 10:45:00,113451.51721063563
2024-04-23 11:00:00,113450.50341790225
2024-04-23 11:15:00,113543.51890119276
2024-04-23 11:30:00,113496.63098727247
2024-04-23 11:45:00,113559.486136744
2024-04-23 12:00:00,113650.22058638434
2024-04-23 12:15:00,113598.51715698034
2024-04-23 12:30:00,113560.75337766076
2024-04-23 12:45:00,113579.2550950455
2024-04-23 13:00:00,113455.82582975265
2024-04-23 13:15:00,113483.19823355475
2024-04-23 13:30:00,113481.93099263798
2024-04-23 13:45:00,113488.52064540517
2024-04-23 14:00:00,113526.79132109146
2024-04-23 14:15:00,113526.79132109146
2024-04-23 14:30:00,113511.58443009027
2024-04-23 14:45:00,113602.82577609734
2024-04-23 15:00:00,113430.7344596007
2024-04-23 15:15:00,113347.09655909424
2024-04-24 09:15:00,113592.68784876322
2024-04-24 09:30:00,113626.14300896581
2024-04-24 09:45:00,113722.19987045656
2024-04-24 10:00:00,113722.70676682326
2024-04-24 10:15:00,113838.7860347989
2024-04-24 10:30:00,113914.56704162143
2024-04-24 10:45:00,113879.33774413537
2024-04-24 11:00:00,113845.12223938272
2024-04-24 11:15:00,113857.79464855035
2024-04-24 11:30:00,113808.87914916323
2024-04-24 11:45:00,113829.15500383147
2024-04-24 12:00:00,113848.67051394965
2024-04-24 12:15:00,113839.7998275323
2024-04-24 12:30:00,113829.40845201485
2024-04-24 12:45:00,113772.88950712713
2024-04-24 13:00:00,113792.65846542866
2024-04-24 13:15:00,113791.64467269524
2024-04-24 13:30:00,113783.53433082794
2024-04-24 13:45:00,113782.01364172783
2024-04-24 14:00:00,113795.19294726219
2024-04-24 14:15:00,113707.75332400542
2024-04-24 14:30:00,113646.33966107671
2024-04-24 14:45:00,113646.33966107671
2024-04-24 15:00:00,113646.33966107671
2024-04-24 15:15:00,113646.33966107671
2024-04-25 09:15:00,113646.33966107671
2024-04-25 09:30:00,113646.33966107671
2024-04-25 09:45:00,113646.33966107671
2024-04-25 10:00:00,113646.33966107671
2024-04-25 10:15:00,113646.33966107671
2024-04-25 10:30:00,113646.33966107671
2024-04-25 10:45:00,113646.33966107671
2024-04-25 11:00:00,113646.33966107671
2024-04-25 11:15:00,113646.33966107671
2024-04-25 11:30:00,113646.33966107671
2024-04-25 11:45:00,113646.33966107671
2024-04-25 12:00:00,113646.33966107671
2024-04-25 12:15:00,113646.33966107671
2024-04-25 12:30:00,113646.33966107671
2024-04-25 12:45:00,113646.33966107671
2024-04-25 13:00:00,113646.33966107671
2024-04-25 13:15:00,113646.33966107671
2024-04-25 13:30:00,113646.33966107671
2024-04-25 13:45:00,113646.59918876244
2024-04-25 14:00:00,114050.4719026055
2024-04-25 14:15:00,114124.72992503819
2024-04-25 14:30:00,114171.20433363551
2024-04-25 14:45:00,114148.21970764443
2024-04-25 15:00:00,114015.11093954231
2024-04-25 15:15:00,113959.54371187159
2024-04-26 09:15:00,114188.1270802443
2024-04-26 09:30:00,114130.03406949765
2024-04-26 09:45:00,114084.82255243829
2024-04-26 10:00:00,113852.95566606686
2024-04-26 10:15:00,113798.90390824171
2024-04-26 10:30:00,113838.0535459188
2024-04-26 10:45:00,113912.81672496667
2024-04-26 11:00:00,113740.55831918746
2024-04-26 11:15:00,113691.26160058109
2024-04-26 11:30:00,113691.26160058109
2024-04-26 11:45:00,113691.26160058109
2024-04-26 12:00:00,113691.26160058109
2024-04-26 12:15:00,113691.26160058109
2024-04-26 12:30:00,113691.26160058109
2024-04-26 12:45:00,113691.26160058109
2024-04-26 13:00:00,113691.26160058109
2024-04-26 13:15:00,113691.26160058109
2024-04-26 13:30:00,113691.26160058109
2024-04-26 13:45:00,113691.26160058109
2024-04-26 14:00:00,113691.26160058109
2024-04-26 14:15:00,113691.26160058109
2024-04-26 14:30:00,113691.26160058109
2024-04-26 14:45:00,113691.26160058109
2024-04-26 15:00:00,113691.26160058109
2024-04-26 15:15:00,113691.26160058109
2024-04-29 09:15:00,113691.26160058109
2024-04-29 09:30:00,113691.26160058109
2024-04-29 09:45:00,113691.26160058109
2024-04-29 10:00:00,113691.26160058109
2024-04-29 10:15:00,113691.26160058109
2024-04-29 10:30:00,113691.26160058109
2024-04-29 10:45:00,113691.26160058109
2024-04-29 11:00:00,113691.26160058109
2024-04-29 11:15:00,113641.97937840529
2024-04-29 11:30:00,113652.06392323796
2024-04-29 11:45:00,113724.92475965395
2024-04-29 12:00:00,113747.11075828582
2024-04-29 12:15:00,113804.592663832
2024-04-29 12:30:00,113808.12225452342
2024-04-29 12:45:00,113819.21525383936
2024-04-29 13:00:00,113833.33361660507
2024-04-29 13:15:00,113951.0706775264
2024-04-29 13:30:00,114052.92458033626
2024-04-29 13:45:00,114059.73164809831
2024-04-29 14:00:00,114011.57794652235
2024-04-29 14:15:00,114024.18362756316
2024-04-29 14:30:00,113997.20747013578
2024-04-29 14:45:00,114096.2881231167
2024-04-29 15:00:00,114222.8491607666
2024-04-29 15:15:00,114122.50793968161
2024-04-30 09:15:00,114353.94824359119
2024-04-30 09:30:00,114490.34171245294
2024-04-30 09:45:00,114698.08333600579
2024-04-30 10:00:00,114596.98577405835
2024-04-30 10:15:00,114628.2478630396
2024-04-30 10:30:00,114674.88888289068
2024-04-30 10:45:00,114687.4945639315
2024-04-30 11:00:00,114632.53379459347
2024-04-30 11:15:00,114607.32243251182
2024-04-30 11:30:00,114636.56761252653
2024-04-30 11:45:00,114684.21708686085
2024-04-30 12:00:00,114687.74667755229
2024-04-30 12:15:00,114696.06642703924
2024-04-30 12:30:00,114671.61140582002
2024-04-30 12:45:00,114650.1817480506
2024-04-30 13:00:00,114533.70525523336
2024-04-30 13:15:00,114626.48306769383
2024-04-30 13:30:00,114659.00572477917
2024-04-30 13:45:00,114655.72824770857
2024-04-30 14:00:00,114802.71048864462
2024-04-30 14:15:00,114829.9387596928
2024-04-30 14:30:00,114679.67904168615
2024-04-30 14:45:00,114429.07810259449
2024-04-30 15:00:00,113973.25667615817
2024-04-30 15:15:00,113893.58877198015
2024-05-02 09:15:00,113736.35092711973
2024-05-02 09:30:00,113736.35092711973
2024-05-02 09:45:00,113736.35092711973
2024-05-02 10:00:00,113736.35092711973
2024-05-02 10:15:00,113736.35092711973
2024-05-02 10:30:00,113736.35092711973
2024-05-02 10:45:00,113736.35092711973
2024-05-02 11:00:00,113736.35092711973
2024-05-02 11:15:00,113736.35092711973
2024-05-02 11:30:00,113736.35092711973
2024-05-02 11:45:00,113736.35092711973
2024-05-02 12:00:00,113736.35092711973
2024-05-02 12:15:00,113697.51737307564
2024-05-02 12:30:00,113640.65821943371
2024-05-02 12:45:00,113615.61013412889
2024-05-02 13:00:00,113640.15725772761
2024-05-02 13:15:00,113720.06064984995
2024-05-02 13:30:00,113682.73900274579
2024-05-02 13:45:00,113682.23804103967
2024-05-02 14:00:00,113615.8606149819
2024-05-02 14:15:00,113471.58364362615
2024-05-02 14:30:00,113513.66442693825
2024-05-02 14:45:00,113555.4947293973
2024-05-02 15:00:00,113425.9961283714
2024-05-02 15:15:00,113501.64134599193
2024-05-03 09:15:00,114175.6853215446
2024-05-03 09:30:00,114067.97855473388
2024-05-03 09:45:00,114057.45835890587
2024-05-03 10:00:00,113625.12840654471
2024-05-03 10:15:00,113427.74949434273
2024-05-03 10:30:00,113373.53917572177
2024-05-03 10:45:00,113373.53917572177
2024-05-03 11:00:00,113373.53917572177
2024-05-03 11:15:00,113373.53917572177
2024-05-03 11:30:00,113373.53917572177
2024-05-03 11:45:00,113373.53917572177
2024-05-03 12:00:00,113373.53917572177
2024-05-03 12:15:00,113373.53917572177
2024-05-03 12:30:00,113373.53917572177
2024-05-03 12:45:00,113373.53917572177
2024-05-03 13:00:00,113373.53917572177
2024-05-03 13:15:00,113373.53917572177
2024-05-03 13:30:00,113373.53917572177
2024-05-03 13:45:00,113373.53917572177
2024-05-03 14:00:00,113373.53917572177
2024-05-03 14:15:00,113373.53917572177
2024-05-03 14:30:00,113373.53917572177
2024-05-03 14:45:00,113373.53917572177
2024-05-03 15:00:00,113373.53917572177
2024-05-03 15:15:00,113373.53917572177
2024-05-06 09:15:00,113373.53917572177
2024-05-06 09:30:00,112954.96285983958
2024-05-06 09:45:00,112716.0454894705
2024-05-06 10:00:00,112764.7324325919
2024-05-06 10:15:00,112912.29904370222
2024-05-06 10:30:00,112990.59969449544
2024-05-06 10:45:00,113039.03567399253
2024-05-06 11:00:00,112904.01724409907
2024-05-06 11:15:00,112867.87848219452
2024-05-06 11:30:00,112901.00568060702
2024-05-06 11:45:00,113032.76158338408
2024-05-06 12:00:00,113038.78471036817
2024-05-06 12:15:00,112880.42666341136
2024-05-06 12:30:00,112852.31873748558
2024-05-06 12:45:00,112777.28061380873
2024-05-06 13:00:00,112629.4630390741
2024-05-06 13:15:00,112533.59493457725
2024-05-06 13:30:00,112493.38177823157
2024-05-06 13:45:00,112493.38177823157
2024-05-06 14:00:00,112493.38177823157
2024-05-06 14:15:00,112493.38177823157
2024-05-06 14:30:00,112493.38177823157
2024-05-06 14:45:00,112493.38177823157
2024-05-06 15:00:00,112493.38177823157
2024-05-06 15:15:00,112493.38177823157
2024-05-07 09:15:00,112493.38177823157
2024-05-07 09:30:00,112493.38177823157
2024-05-07 09:45:00,112493.38177823157
2024-05-07 10:00:00,112493.38177823157
2024-05-07 10:15:00,112493.38177823157
2024-05-07 10:30:00,112493.38177823157
2024-05-07 10:45:00,112493.38177823157
2024-05-07 11:00:00,112493.38177823157
2024-05-07 11:15:00,112493.38177823157
2024-05-07 11:30:00,112493.38177823157
2024-05-07 11:45:00,112493.38177823157
2024-05-07 12:00:00,112493.38177823157
2024-05-07 12:15:00,112493.38177823157
2024-05-07 12:30:00,112493.38177823157
2024-05-07 12:45:00,112493.38177823157
2024-05-07 13:00:00,112493.38177823157
2024-05-07 13:15:00,112493.38177823157
2024-05-07 13:30:00,112493.38177823157
2024-05-07 13:45:00,112493.38177823157
2024-05-07 14:00:00,112493.38177823157
2024-05-07 14:15:00,112493.38177823157
2024-05-07 14:30:00,112493.38177823157
2024-05-07 14:45:00,112493.38177823157
2024-05-07 15:00:00,112493.38177823157
2024-05-07 15:15:00,112493.38177823157
2024-05-08 09:15:00,112493.38177823157
2024-05-08 09:30:00,112493.38177823157
2024-05-08 09:45:00,112493.38177823157
2024-05-08 10:00:00,112493.38177823157
2024-05-08 10:15:00,112493.38177823157
2024-05-08 10:30:00,112493.38177823157
2024-05-08 10:45:00,112493.38177823157
2024-05-08 11:00:00,112493.38177823157
2024-05-08 11:15:00,112493.38177823157
2024-05-08 11:30:00,112493.38177823157
2024-05-08 11:45:00,112493.38177823157
2024-05-08 12:00:00,112555.57883234948
2024-05-08 12:15:00,112526.84992398607
2024-05-08 12:30:00,112494.84491203737
2024-05-08 12:45:00,112584.05573274478
2024-05-08 13:00:00,112581.03163712757
2024-05-08 13:15:00,112670.49446580307
2024-05-08 13:30:00,112467.62805148256
2024-05-08 13:45:00,112387.74152559486
2024-05-08 14:00:00,112270.80982839645
2024-05-08 14:15:00,112217.88815509545
2024-05-08 14:30:00,112158.5047454844
2024-05-08 14:45:00,112158.5047454844
2024-05-08 15:00:00,112158.5047454844
2024-05-08 15:15:00,112158.5047454844
2024-05-09 09:15:00,112158.5047454844
2024-05-09 09:30:00,112158.5047454844
2024-05-09 09:45:00,112158.5047454844
2024-05-09 10:00:00,112158.5047454844
2024-05-09 10:15:00,112158.5047454844
2024-05-09 10:30:00,112158.5047454844
2024-05-09 10:45:00,112158.5047454844
2024-05-09 11:00:00,112158.5047454844
2024-05-09 11:15:00,112158.5047454844
2024-05-09 11:30:00,112158.5047454844
2024-05-09 11:45:00,112158.5047454844
2024-05-09 12:00:00,112158.5047454844
2024-05-09 12:15:00,112158.5047454844
2024-05-09 12:30:00,112158.5047454844
2024-05-09 12:45:00,112158.5047454844
2024-05-09 13:00:00,112158.5047454844
2024-05-09 13:15:00,112158.5047454844
2024-05-09 13:30:00,112158.5047454844
2024-05-09 13:45:00,112158.5047454844
2024-05-09 14:00:00,112158.5047454844
2024-05-09 14:15:00,112158.5047454844
2024-05-09 14:30:00,112158.5047454844
2024-05-09 14:45:00,112158.5047454844
2024-05-09 15:00:00,112158.5047454844
2024-05-09 15:15:00,112158.5047454844
2024-05-10 09:15:00,112158.5047454844
2024-05-10 09:30:00,112158.5047454844
2024-05-10 09:45:00,112158.5047454844
2024-05-10 10:00:00,112158.5047454844
2024-05-10 10:15:00,112158.5047454844
2024-05-10 10:30:00,112158.5047454844
2024-05-10 10:45:00,112158.5047454844
2024-05-10 11:00:00,112158.5047454844
2024-05-10 11:15:00,112158.5047454844
2024-05-10 11:30:00,112012.28712247759
2024-05-10 11:45:00,111869.08137307584
2024-05-10 12:00:00,111884.82384907389
2024-05-10 12:15:00,111813.22097437303
2024-05-10 12:30:00,111846.48330269151
2024-05-10 12:45:00,111693.88284987159
2024-05-10 13:00:00,111682.71077013102
2024-05-10 13:15:00,111804.5880036644
2024-05-10 13:30:00,111898.78894874958
2024-05-10 13:45:00,112025.23657854048
2024-05-10 14:00:00,111858.16320423846
2024-05-10 14:15:00,111813.9827070826
2024-05-10 14:30:00,111876.44478926847
2024-05-10 14:45:00,111910.21493939335
2024-05-10 15:00:00,111998.06811189867
2024-05-10 15:15:00,111995.02118106035
2024-05-13 09:15:00,111476.02729493065
2024-05-13 09:30:00,110996.64350969932
2024-05-13 09:45:00,111011.62425298779
2024-05-13 10:00:00,111142.38836813299
2024-05-13 10:15:00,111079.92628594712
2024-05-13 10:30:00,110871.97325623078
2024-05-13 10:45:00,110816.0297017072
2024-05-13 11:00:00,110816.0297017072
2024-05-13 11:15:00,110816.0297017072
2024-05-13 11:30:00,110816.0297017072
2024-05-13 11:45:00,110805.50549135274
2024-05-13 12:00:00,110875.10060394267
2024-05-13 12:15:00,111067.74794459011
2024-05-13 12:30:00,111061.94835187429
2024-05-13 12:45:00,111048.07976059732
2024-05-13 13:00:00,111095.98943955416
2024-05-13 13:15:00,110815.59173955419
2024-05-13 13:30:00,110840.05089144269
2024-05-13 13:45:00,111463.12887408648
2024-05-13 14:00:00,111468.42415439224
2024-05-13 14:15:00,111453.54693829511
2024-05-13 14:30:00,111561.21763784546
2024-05-13 14:45:00,111552.64432687424
2024-05-13 15:00:00,111445.22578352893
2024-05-13 15:15:00,111550.879233439
2024-05-14 09:15:00,111603.83203649653
2024-05-14 09:30:00,111673.42714908645
2024-05-14 09:45:00,111662.83658847492
2024-05-14 10:00:00,111448.50381419437
2024-05-14 10:15:00,111640.64684243177
2024-05-14 10:30:00,111731.67523244975
2024-05-14 10:45:00,111672.4185242663
2024-05-14 11:00:00,111850.94511743175
2024-05-14 11:15:00,111767.7335697699
2024-05-14 11:30:00,111840.10240061521
2024-05-14 11:45:00,111861.28352183824
2024-05-14 12:00:00,111883.22111167635
2024-05-14 12:15:00,111881.96033065117
2024-05-14 12:30:00,111930.37432201809
2024-05-14 12:45:00,112077.12923334901
2024-05-14 13:00:00,112060.48692381664
2024-05-14 13:15:00,112112.68325825907
2024-05-14 13:30:00,112166.39252993173
2024-05-14 13:45:00,112252.37779584898
2024-05-14 14:00:00,112213.79789647847
2024-05-14 14:15:00,112242.7958600576
2024-05-14 14:30:00,112143.44631527345
2024-05-14 14:45:00,112142.68984665834
2024-05-14 15:00:00,112068.55592237777
2024-05-14 15:15:00,112077.38138955402
2024-05-15 09:15:00,112340.12815520148
2024-05-15 09:30:00,112378.70805457198
2024-05-15 09:45:00,112206.48536653243
2024-05-15 10:00:00,111904.90654530944
2024-05-15 10:15:00,111800.26172021953
2024-05-15 10:30:00,111781.85431725191
2024-05-15 10:45:00,111923.56610448212
2024-05-15 11:00:00,112110.41385241375
2024-05-15 11:15:00,111844.89336851092
2024-05-15 11:30:00,111783.1742289072
2024-05-15 11:45:00,111783.1742289072
2024-05-15 12:00:00,111783.1742289072
2024-05-15 12:15:00,111783.1742289072
2024-05-15 12:30:00,111783.1742289072
2024-05-15 12:45:00,111783.1742289072
2024-05-15 13:00:00,111783.1742289072
2024-05-15 13:15:00,111783.1742289072
2024-05-15 13:30:00,111783.1742289072
2024-05-15 13:45:00,111783.1742289072
2024-05-15 14:00:00,111783.1742289072
2024-05-15 14:15:00,111783.1742289072
2024-05-15 14:30:00,111783.1742289072
2024-05-15 14:45:00,111783.1742289072
2024-05-15 15:00:00,111783.1742289072
2024-05-15 15:15:00,111783.1742289072
2024-05-16 09:15:00,111783.1742289072
2024-05-16 09:30:00,111368.72895236436
2024-05-16 09:45:00,111379.74596516801
2024-05-16 10:00:00,111394.2683911365
2024-05-16 10:15:00,111102.06716518472
2024-05-16 10:30:00,111248.04258483331
2024-05-16 10:45:00,110987.13969071014
2024-05-16 11:00:00,110906.7655745743
2024-05-16 11:15:00,110869.70834968924
2024-05-16 11:30:00,111083.5385527422
2024-05-16 11:45:00,110996.15361027676
2024-05-16 12:00:00,111619.866766957
2024-05-16 12:15:00,111072.52153993853
2024-05-16 12:30:00,111045.73016789324
2024-05-16 12:45:00,110876.96956267348
2024-05-16 13:00:00,110823.03264665995
2024-05-16 13:15:00,110823.03264665995
2024-05-16 13:30:00,110823.03264665995
2024-05-16 13:45:00,110823.03264665995
2024-05-16 14:00:00,110823.03264665995
2024-05-16 14:15:00,110823.03264665995
2024-05-16 14:30:00,110823.03264665995
2024-05-16 14:45:00,110823.03264665995
2024-05-16 15:00:00,110975.67032648953
2024-05-16 15:15:00,110921.67660653556
2024-05-17 09:15:00,110843.9058355927
2024-05-17 09:30:00,110757.71402575792
2024-05-17 09:45:00,110994.49382518909
2024-05-17 10:00:00,110918.95215277643
2024-05-17 10:15:00,111106.19642931403
2024-05-17 10:30:00,111246.87731433171
2024-05-17 10:45:00,111250.59247854873
2024-05-17 11:00:00,111302.85245520141
2024-05-17 11:15:00,111252.82157707894
2024-05-17 11:30:00,111373.19289771025
2024-05-17 11:45:00,111360.06598414345
2024-05-17 12:00:00,111247.37266956063
2024-05-17 12:15:00,111342.97622874519
2024-05-17 12:30:00,111327.86789426264
2024-05-17 12:45:00,111277.5893385257
2024-05-17 13:00:00,111329.10628233498
2024-05-17 13:15:00,111373.68825293919
2024-05-17 13:30:00,111332.57376893755
2024-05-17 13:45:00,111320.18988821417
2024-05-17 14:00:00,111366.25792450516
2024-05-17 14:15:00,111304.5861985027
2024-05-17 14:30:00,111342.9762287452
2024-05-17 14:45:00,111273.62649669423
2024-05-17 15:00:00,111328.11557187713
2024-05-17 15:15:00,111284.27663411632
2024-05-18 09:15:00,111514.61681557131
2024-05-18 09:30:00,111501.73757961899
2024-05-18 09:45:00,111367.00095734853
2024-05-18 11:30:00,111434.36926848374
2024-05-18 11:45:00,111422.72842060377
2024-05-18 12:00:00,111488.36298843773
2024-05-18 12:15:00,111488.61066605218
2024-05-21 09:15:00,111306.56761941839
2024-05-21 09:30:00,111323.65737481668
2024-05-21 09:45:00,111264.71010257336
2024-05-21 10:00:00,111285.01966695972
2024-05-21 10:15:00,111353.37868855282
2024-05-21 10:30:00,111247.12499194616
2024-05-21 10:45:00,111189.52099924491
2024-05-21 11:00:00,111189.52099924491
2024-05-21 11:15:00,111189.52099924491
2024-05-21 11:30:00,111189.52099924491
2024-05-21 11:45:00,111239.5509010555
2024-05-21 12:00:00,111282.4917684433
2024-05-21 12:15:00,111206.48149743503
2024-05-21 12:30:00,111318.2758245998
2024-05-21 12:45:00,111459.43775647234
2024-05-21 13:00:00,111417.97760864963
2024-05-21 13:15:00,111320.99047713581
2024-05-21 13:30:00,111262.25526772033
2024-05-21 13:45:00,111265.95706663307
2024-05-21 14:00:00,111229.18586409984
2024-05-21 14:15:00,111256.8259626483
2024-05-21 14:30:00,111286.44035395022
2024-05-21 14:45:00,111134.17302533949
2024-05-21 15:00:00,111179.08818548074
2024-05-21 15:15:00,111091.23215795169
2024-05-22 09:15:00,111338.75911191698
2024-05-22 09:30:00,111085.30927969131
2024-05-22 09:45:00,111321.97762351255
2024-05-22 10:00:00,111342.21412423554
2024-05-22 10:15:00,111273.60745105273
2024-05-22 10:30:00,111282.98534163169
2024-05-22 10:45:00,111329.13443474386
2024-05-22 11:00:00,111282.49176844332
2024-05-22 11:15:00,111306.67685467323
2024-05-22 11:30:00,111247.2012854752
2024-05-22 11:45:00,111314.3272390929
2024-05-22 12:00:00,111371.08815575493
2024-05-22 12:15:00,111383.67427205826
2024-05-22 12:30:00,111355.78738691562
2024-05-22 12:45:00,111351.09844162613
2024-05-22 13:00:00,111375.28352785604
2024-05-22 13:15:00,111406.62542531725
2024-05-22 13:30:00,111437.2269629959
2024-05-22 13:45:00,111462.15240900835
2024-05-22 14:00:00,111433.03159089478
2024-05-22 14:15:00,111415.26295611364
2024-05-22 14:30:00,111494.23466625212
2024-05-22 14:45:00,111312.35294633944
2024-05-22 15:00:00,111537.17553363991
2024-05-22 15:15:00,111648.72307421049
2024-05-23 09:15:00,111475.47888509421
2024-05-23 09:30:00,111943.87984085304
2024-05-23 09:45:00,111957.94667672148
2024-05-23 10:00:00,111915.25259592786
2024-05-23 10:15:00,112033.71016113558
2024-05-23 10:30:00,111845.90556296252
2024-05-23 10:45:00,112015.20116657189
2024-05-23 11:00:00,112025.31941693337
2024-05-23 11:15:00,112089.97750460925
2024-05-23 11:30:00,112153.15487272004
2024-05-23 11:45:00,112339.23196473382
2024-05-23 12:00:00,112331.58158031414
2024-05-23 12:15:00,112516.91831254539
2024-05-23 12:30:00,112686.21391615474
2024-05-23 12:45:00,112742.23447303422
2024-05-23 13:00:00,112684.48640999544
2024-05-23 13:15:00,112779.99282194416
2024-05-23 13:30:00,112700.28075202314
2024-05-23 13:45:00,112820.46582339014
2024-05-23 14:00:00,113101.80254075846
2024-05-23 14:15:00,113166.21384184014
2024-05-23 14:30:00,113167.69456140522
2024-05-23 14:45:00,113129.4426393069
2024-05-23 15:00:00,113416.45544834142
2024-05-23 15:15:00,113279.98246175837
2024-05-24 09:15:00,113452.97986428047
2024-05-24 09:30:00,113385.11355088021
2024-05-24 09:45:00,113253.32950958662
2024-05-24 10:00:00,113125.49405379996
2024-05-24 10:15:00,113203.23183096753
2024-05-24 10:30:00,113272.3320773387
2024-05-24 10:45:00,113409.79221029847
2024-05-24 11:00:00,113322.18296936361
2024-05-24 11:15:00,113399.673959937
2024-05-24 11:30:00,113403.37575884974
2024-05-24 11:45:00,113387.58141682204
2024-05-24 12:00:00,113370.79992841763
2024-05-24 12:15:00,113364.87705015724
2024-05-24 12:30:00,113444.83590667245
2024-05-24 12:45:00,113534.41944036077
2024-05-24 13:00:00,113478.64567007548
2024-05-24 13:15:00,113587.97213129843
2024-05-24 13:30:00,113560.08524615578
2024-05-24 13:45:00,113519.85903130399
2024-05-24 14:00:00,113550.70735557683
2024-05-24 14:15:00,113443.84876029572
2024-05-24 14:30:00,113472.96957840926
2024-05-24 14:45:00,113388.3217766046
2024-05-24 15:00:00,113316.26009110322
2024-05-24 15:15:00,113284.91819364202
2024-05-27 09:15:00,113461.86418167103
2024-05-27 09:30:00,113509.74078094249
2024-05-27 09:45:00,113291.08785849658
2024-05-27 10:00:00,113279.48888857
2024-05-27 10:15:00,113444.83590667245
2024-05-27 10:30:00,113514.18293963779
2024-05-27 10:45:00,113536.6405197084
2024-05-27 11:00:00,113466.5531269605
2024-05-27 11:15:00,113524.30118999927
2024-05-27 11:30:00,113614.62508347015
2024-05-27 11:45:00,113859.43738489943
2024-05-27 12:00:00,113856.9695189576
2024-05-27 12:15:00,113952.47593090632
2024-05-27 12:30:00,114018.61473814728
2024-05-27 12:45:00,113846.35769540773
2024-05-27 13:00:00,113891.27285554897
2024-05-27 13:15:00,113929.7715642415
2024-05-27 13:30:00,113882.3885381584
2024-05-27 13:45:00,113873.01064757946
2024-05-27 14:00:00,113858.69702511685
2024-05-27 14:15:00,113804.65076099083
2024-05-27 14:30:00,113609.44256499229
2024-05-27 14:45:00,113153.13415234842
2024-05-27 15:00:00,113090.3910052501
2024-05-27 15:15:00,113090.3910052501
2024-05-28 09:15:00,113090.3910052501
2024-05-28 09:30:00,113090.3910052501
2024-05-28 09:45:00,113090.3910052501
2024-05-28 10:00:00,113090.3910052501
2024-05-28 10:15:00,113090.3910052501
2024-05-28 10:30:00,113090.3910052501
2024-05-28 10:45:00,113090.3910052501
2024-05-28 11:00:00,113090.3910052501
2024-05-28 11:15:00,113090.3910052501
2024-05-28 11:30:00,113090.3910052501
2024-05-28 11:45:00,113090.3910052501
2024-05-28 12:00:00,113090.3910052501
2024-05-28 12:15:00,113090.3910052501
2024-05-28 12:30:00,113090.3910052501
2024-05-28 12:45:00,113090.3910052501
2024-05-28 13:00:00,113090.3910052501
2024-05-28 13:15:00,113090.3910052501
2024-05-28 13:30:00,113090.3910052501
2024-05-28 13:45:00,113090.3910052501
2024-05-28 14:00:00,113090.3910052501
2024-05-28 14:15:00,113090.3910052501
2024-05-28 14:30:00,113090.3910052501
2024-05-28 14:45:00,113090.3910052501
2024-05-28 15:00:00,113090.3910052501
2024-05-28 15:15:00,113090.3910052501
2024-05-29 09:15:00,113090.3910052501
2024-05-29 09:30:00,113090.3910052501
2024-05-29 09:45:00,113090.3910052501
2024-05-29 10:00:00,113090.3910052501
2024-05-29 10:15:00,113090.3910052501
2024-05-29 10:30:00,113090.3910052501
2024-05-29 10:45:00,113090.3910052501
2024-05-29 11:00:00,113090.3910052501
2024-05-29 11:15:00,113090.3910052501
2024-05-29 11:30:00,113090.3910052501
2024-05-29 11:45:00,113090.3910052501
2024-05-29 12:00:00,113090.3910052501
2024-05-29 12:15:00,113090.3910052501
2024-05-29 12:30:00,113090.3910052501
2024-05-29 12:45:00,113090.3910052501
2024-05-29 13:00:00,113090.3910052501
2024-05-29 13:15:00,113090.3910052501
2024-05-29 13:30:00,113090.3910052501
2024-05-29 13:45:00,113090.3910052501
2024-05-29 14:00:00,113090.3910052501
2024-05-29 14:15:00,113090.3910052501
2024-05-29 14:30:00,113090.3910052501
2024-05-29 14:45:00,113090.3910052501
2024-05-29 15:00:00,113090.3910052501
2024-05-29 15:15:00,113090.3910052501
2024-05-30 09:15:00,113090.3910052501
2024-05-30 09:30:00,113090.3910052501
2024-05-30 09:45:00,113090.3910052501
2024-05-30 10:00:00,113090.3910052501
2024-05-30 10:15:00,113090.3910052501
2024-05-30 10:30:00,113090.3910052501
2024-05-30 10:45:00,113090.3910052501
2024-05-30 11:00:00,113090.3910052501
2024-05-30 11:15:00,113090.3910052501
2024-05-30 11:30:00,113090.3910052501
2024-05-30 11:45:00,113090.3910052501
2024-05-30 12:00:00,113090.3910052501
2024-05-30 12:15:00,113090.3910052501
2024-05-30 12:30:00,113090.3910052501
2024-05-30 12:45:00,113090.3910052501
2024-05-30 13:00:00,113090.3910052501
2024-05-30 13:15:00,113090.3910052501
2024-05-30 13:30:00,113090.3910052501
2024-05-30 13:45:00,113090.3910052501
2024-05-30 14:00:00,113090.3910052501
2024-05-30 14:15:00,113090.3910052501
2024-05-30 14:30:00,113090.3910052501
2024-05-30 14:45:00,113090.3910052501
2024-05-30 15:00:00,113090.3910052501
2024-05-30 15:15:00,113090.3910052501
2024-05-31 09:15:00,113090.3910052501
2024-05-31 09:30:00,113090.3910052501
2024-05-31 09:45:00,113090.3910052501
2024-05-31 10:00:00,113090.3910052501
2024-05-31 10:15:00,113090.3910052501
2024-05-31 10:30:00,113090.3910052501
2024-05-31 10:45:00,113090.3910052501
2024-05-31 11:00:00,113090.3910052501
2024-05-31 11:15:00,113090.3910052501
2024-05-31 11:30:00,113090.3910052501
2024-05-31 11:45:00,113090.3910052501
2024-05-31 12:00:00,113090.3910052501
2024-05-31 12:15:00,113090.3910052501
2024-05-31 12:30:00,113090.3910052501
2024-05-31 12:45:00,113090.3910052501
2024-05-31 13:00:00,113090.3910052501
2024-05-31 13:15:00,113090.3910052501
2024-05-31 13:30:00,113123.81197893465
2024-05-31 13:45:00,113283.44554375976
2024-05-31 14:00:00,113300.2358873128
2024-05-31 14:15:00,112887.99536276438
2024-05-31 14:30:00,112802.54003214372
2024-05-31 14:45:00,112861.43153565064
2024-05-31 15:00:00,112888.99777133473
2024-05-31 15:15:00,113023.82172404419
2024-06-03 09:15:00,115943.3366851317
2024-06-03 09:30:00,115806.75851742417
2024-06-03 09:45:00,116094.7003792516
2024-06-03 10:00:00,116264.8592340652
2024-06-03 10:15:00,116294.43028688995
2024-06-03 10:30:00,116009.7462529161
2024-06-03 10:45:00,116000.72457578313
2024-06-03 11:00:00,116155.59669989918
2024-06-03 11:15:00,116229.0231276759
2024-06-03 11:30:00,116299.69293188419
2024-06-03 11:45:00,116418.22774532577
2024-06-03 12:00:00,116387.90488607329
2024-06-03 12:15:00,116411.21088533345
2024-06-03 12:30:00,116348.05914540264
2024-06-03 12:45:00,116419.4807560387
2024-06-03 13:00:00,116420.23256246645
2024-06-03 13:15:00,116447.29759386538
2024-06-03 13:30:00,116298.4399211713
2024-06-03 13:45:00,116473.1096145514
2024-06-03 14:00:00,116484.6373131102
2024-06-03 14:15:00,116389.4084989288
2024-06-03 14:30:00,116594.40105156138
2024-06-03 14:45:00,116501.67825880581
2024-06-03 15:00:00,116603.67333083694
2024-06-03 15:15:00,116810.42009846761
2024-06-04 09:15:00,112667.71607943435
2024-06-04 09:30:00,113192.72756814494
2024-06-04 09:45:00,114192.37951490699
2024-06-04 10:00:00,114444.48527034512
2024-06-04 10:15:00,113949.79664088703
2024-06-04 10:30:00,113041.36387402503
2024-06-04 10:45:00,112976.82793315966
2024-06-04 11:00:00,112976.82793315966
2024-06-04 11:15:00,112976.82793315966
2024-06-04 11:30:00,112976.82793315966
2024-06-04 11:45:00,112976.82793315966
2024-06-04 12:00:00,112976.82793315966
2024-06-04 12:15:00,112976.82793315966
2024-06-04 12:30:00,112976.82793315966
2024-06-04 12:45:00,112976.82793315966
2024-06-04 13:00:00,112976.82793315966
2024-06-04 13:15:00,112976.82793315966
2024-06-04 13:30:00,112976.82793315966
2024-06-04 13:45:00,112976.82793315966
2024-06-04 14:00:00,112003.94109897444
2024-06-04 14:15:00,111235.79106584932
2024-06-04 14:30:00,111641.95103048916
2024-06-04 14:45:00,110682.9058139833
2024-06-04 15:00:00,111438.61719819135
2024-06-04 15:15:00,111675.96692752776
2024-06-05 09:15:00,111732.82932257735
2024-06-05 09:30:00,111351.0389558159
2024-06-05 09:45:00,110976.61023841353
2024-06-05 10:00:00,112015.36434797994
2024-06-05 10:15:00,111499.28734290943
2024-06-05 10:30:00,111957.74040299666
2024-06-05 10:45:00,112798.23767982324
2024-06-05 11:00:00,113479.3171705287
2024-06-05 11:15:00,113858.31518753326
2024-06-05 11:30:00,113506.98681811978
2024-06-05 11:45:00,113056.40310734745
2024-06-05 12:00:00,113275.98333823087
2024-06-05 12:15:00,113373.96942970024
2024-06-05 12:30:00,113229.02109231938
2024-06-05 12:45:00,113516.88696725787
2024-06-05 13:00:00,113611.31915903665
2024-06-05 13:15:00,113709.305250506
2024-06-05 13:30:00,113868.72303662714
2024-06-05 13:45:00,114160.39666123415
2024-06-05 14:00:00,114106.32661594148
2024-06-05 14:15:00,114425.66988813954
2024-06-05 14:30:00,114623.92672087936
2024-06-05 14:45:00,114816.59885410538
2024-06-05 15:00:00,114922.20044491174
2024-06-05 15:15:00,114603.11102269156
2024-06-06 09:15:00,115334.1989590433
2024-06-06 09:30:00,115414.41555205965
2024-06-06 09:45:00,115502.75534436882
2024-06-06 10:00:00,115688.82737816944
2024-06-06 10:15:00,116017.05539959403
2024-06-06 10:30:00,116074.67934457731
2024-06-06 10:45:00,116189.92723454385
2024-06-06 11:00:00,116247.29732954923
2024-06-06 11:15:00,116162.76528690857
2024-06-06 11:30:00,115738.07427388201
2024-06-06 11:45:00,115643.13438214744
2024-06-06 12:00:00,115353.23770738575
2024-06-06 12:15:00,115590.84128670004
2024-06-06 12:30:00,115348.16070782774
2024-06-06 12:45:00,115473.8164468882
2024-06-06 13:00:00,115244.33606686669
2024-06-06 13:15:00,115189.7585754682
2024-06-06 13:30:00,115189.7585754682
2024-06-06 13:45:00,115189.7585754682
2024-06-06 14:00:00,115189.7585754682
2024-06-06 14:15:00,115189.7585754682
2024-06-06 14:30:00,115189.7585754682
2024-06-06 14:45:00,115189.7585754682
2024-06-06 15:00:00,115189.7585754682
2024-06-06 15:15:00,115189.7585754682
2024-06-07 09:15:00,115189.7585754682
2024-06-07 09:30:00,115248.95734370104
2024-06-07 09:45:00,115432.56198098608
2024-06-07 10:00:00,115438.59004021295
2024-06-07 10:15:00,115486.8145140279
2024-06-07 10:30:00,115707.59218321196
2024-06-07 10:45:00,115793.74319632932
2024-06-07 11:00:00,115918.82542528685
2024-06-07 11:15:00,115753.80730395131
2024-06-07 11:30:00,116201.6418706808
2024-06-07 11:45:00,116456.82971128492
2024-06-07 12:00:00,116490.9887135705
2024-06-07 12:15:00,116591.95870562055
2024-06-07 12:30:00,116632.14576713301
2024-06-07 12:45:00,116623.85718569608
2024-06-07 13:00:00,116583.92129331807
2024-06-07 13:15:00,116434.72682745305
2024-06-07 13:30:00,116673.83984345221
2024-06-07 13:45:00,116546.99943055351
2024-06-07 14:00:00,116762.00020964518
2024-06-07 14:15:00,116844.13251661128
2024-06-07 14:30:00,116734.37160485539
2024-06-07 14:45:00,117090.52943750955
2024-06-07 15:00:00,116983.28021709817
2024-06-07 15:15:00,116894.36634350185
2024-06-10 09:15:00,117545.3967400037
2024-06-10 09:30:00,117169.1453765933
2024-06-10 09:45:00,116874.77515101453
2024-06-10 10:00:00,117121.42324104725
2024-06-10 10:15:00,117299.25098823989
2024-06-10 10:30:00,117184.71786292936
2024-06-10 10:45:00,117295.73462035753
2024-06-10 11:00:00,117233.69584414766
2024-06-10 11:15:00,117379.62511126479
2024-06-10 11:30:00,117256.04989711398
2024-06-10 11:45:00,117207.82542329903
2024-06-10 12:00:00,117085.75722395493
2024-06-10 12:15:00,117099.8226954843
2024-06-10 12:30:00,117215.10932819816
2024-06-10 12:45:00,117231.68649107205
2024-06-10 13:00:00,117212.59763685364
2024-06-10 13:15:00,117196.7739813831
2024-06-10 13:30:00,117337.93103494559
2024-06-10 13:45:00,117388.16486183618
2024-06-10 14:00:00,117362.54561012199
2024-06-10 14:15:00,116853.67694372046
2024-06-10 14:30:00,117032.007029182
2024-06-10 14:45:00,116966.20071595533
2024-06-10 15:00:00,116854.68162025827
2024-06-10 15:15:00,116793.4928003994
2024-06-11 09:15:00,116793.4928003994
2024-06-11 09:30:00,116793.4928003994
2024-06-11 09:45:00,116793.4928003994
2024-06-11 10:00:00,116793.4928003994
2024-06-11 10:15:00,116793.4928003994
2024-06-11 10:30:00,116793.4928003994
2024-06-11 10:45:00,116793.4928003994
2024-06-11 11:00:00,116793.4928003994
2024-06-11 11:15:00,116793.4928003994
2024-06-11 11:30:00,116793.4928003994
2024-06-11 11:45:00,116793.4928003994
2024-06-11 12:00:00,116793.4928003994
2024-06-11 12:15:00,116793.4928003994
2024-06-11 12:30:00,116793.4928003994
2024-06-11 12:45:00,116793.4928003994
2024-06-11 13:00:00,116793.4928003994
2024-06-11 13:15:00,116793.4928003994
2024-06-11 13:30:00,116865.81340806144
2024-06-11 13:45:00,116841.81940043243
2024-06-11 14:00:00,116621.87433049982
2024-06-11 14:15:00,116694.3562285458
2024-06-11 14:30:00,116635.62089737061
2024-06-11 14:45:00,116606.12826299327
2024-06-11 15:00:00,116291.70678802142
2024-06-11 15:15:00,116279.95972178636
2024-06-12 09:15:00,116753.09155972097
2024-06-12 09:30:00,116835.32102336622
2024-06-12 09:45:00,116993.78144874948
2024-06-12 10:00:00,117014.02639268647
2024-06-12 10:15:00,116994.78119906737
2024-06-12 10:30:00,117151.49206139438
2024-06-12 10:45:00,117095.00616843441
2024-06-12 11:00:00,117034.77121178241
2024-06-12 11:15:00,116869.06259659455
2024-06-12 11:30:00,116985.53350862705
2024-06-12 11:45:00,117145.99343464608
2024-06-12 12:00:00,117037.02064999765
2024-06-12 12:15:00,117041.76946400755
2024-06-12 12:30:00,117032.77171114668
2024-06-12 12:45:00,116988.53275958067
2024-06-12 13:00:00,117029.27258503412
2024-06-12 13:15:00,116946.54324622994
2024-06-12 13:30:00,116972.53675449468
2024-06-12 13:45:00,116800.5796998201
2024-06-12 14:00:00,116734.59617884031
2024-06-12 14:15:00,116744.09380686012
2024-06-12 14:30:00,116864.06384500519
2024-06-12 14:45:00,116840.81965011457
2024-06-12 15:00:00,116597.13051013241
2024-06-12 15:15:00,116542.57913403753
2024-06-13 09:15:00,116542.57913403753
2024-06-13 09:30:00,116542.57913403753
2024-06-13 09:45:00,116542.57913403753
2024-06-13 10:00:00,116542.57913403753
2024-06-13 10:15:00,116542.57913403753
2024-06-13 10:30:00,116542.57913403753
2024-06-13 10:45:00,116542.57913403753
2024-06-13 11:00:00,116542.57913403753
2024-06-13 11:15:00,116542.57913403753
2024-06-13 11:30:00,116542.57913403753
2024-06-13 11:45:00,116542.57913403753
2024-06-13 12:00:00,116542.57913403753
2024-06-13 12:15:00,116542.57913403753
2024-06-13 12:30:00,116542.57913403753
2024-06-13 12:45:00,116542.57913403753
2024-06-13 13:00:00,116542.57913403753
2024-06-13 13:15:00,116542.57913403753
2024-06-13 13:30:00,116542.57913403753
2024-06-13 13:45:00,116542.57913403753
2024-06-13 14:00:00,116542.57913403753
2024-06-13 14:15:00,116542.57913403753
2024-06-13 14:30:00,116542.57913403753
2024-06-13 14:45:00,116542.57913403753
2024-06-13 15:00:00,116542.57913403753
2024-06-13 15:15:00,116542.57913403753
2024-06-14 09:15:00,116542.57913403753
2024-06-14 09:30:00,116542.57913403753
2024-06-14 09:45:00,116542.57913403753
2024-06-14 10:00:00,116542.57913403753
2024-06-14 10:15:00,116542.57913403753
2024-06-14 10:30:00,116542.57913403753
2024-06-14 10:45:00,116542.57913403753
2024-06-14 11:00:00,116542.57913403753
2024-06-14 11:15:00,116542.57913403753
2024-06-14 11:30:00,116542.57913403753
2024-06-14 11:45:00,116542.57913403753
2024-06-14 12:00:00,116542.57913403753
2024-06-14 12:15:00,116542.57913403753
2024-06-14 12:30:00,116542.57913403753
2024-06-14 12:45:00,116542.57913403753
2024-06-14 13:00:00,116555.35652263122
2024-06-14 13:15:00,116536.47645430878
2024-06-14 13:30:00,116473.62570055125
2024-06-14 13:45:00,116424.93499803553
2024-06-14 14:00:00,116491.76050301884
2024-06-14 14:15:00,116500.70369327685
2024-06-14 14:30:00,116537.22172016364
2024-06-14 14:45:00,116586.90611048581
2024-06-14 15:00:00,116618.70412029201
2024-06-14 15:15:00,116530.51432747015
2024-06-18 09:15:00,116839.05439137082
2024-06-18 09:30:00,117025.12243312736
2024-06-18 09:45:00,117068.84469661087
2024-06-18 10:00:00,116968.7306501117
2024-06-18 10:15:00,116932.21262322491
2024-06-18 10:30:00,116938.9200159184
2024-06-18 10:45:00,116948.11162812801
2024-06-18 11:00:00,116959.5390379021
2024-06-18 11:15:00,116979.66121598257
2024-06-18 11:30:00,116968.23380620847
2024-06-18 11:45:00,116958.29692814403
2024-06-18 12:00:00,116926.00207443461
2024-06-18 12:15:00,116883.77034266078
2024-06-18 12:30:00,116894.70090853165
2024-06-18 12:45:00,116901.15987927353
2024-06-18 13:00:00,116919.04625978951
2024-06-18 13:15:00,116939.16843787
2024-06-18 13:30:00,116947.61478422476
2024-06-18 13:45:00,116953.32848911182
2024-06-18 14:00:00,116954.57059886989
2024-06-18 14:15:00,116955.31586472473
2024-06-18 14:30:00,116929.97682566041
2024-06-18 14:45:00,116942.64634519255
2024-06-18 15:00:00,117035.3077331434
2024-06-18 15:15:00,117067.85100880441
2024-06-19 09:15:00,117038.04037461111
2024-06-19 09:30:00,117157.28291138433
2024-06-19 09:45:00,117130.20491865874
2024-06-19 10:00:00,116872.59135483831
2024-06-19 10:15:00,116496.7289420511
2024-06-19 10:30:00,116564.79655679247
2024-06-19 10:45:00,116794.0900181293
2024-06-19 11:00:00,116776.45205956494
2024-06-19 11:15:00,116761.29832051665
2024-06-19 11:30:00,116967.48854035366
2024-06-19 11:45:00,116934.44842078943
2024-06-19 12:00:00,117038.28879656276
2024-06-19 12:15:00,117022.14136970806
2024-06-19 12:30:00,117053.19411365941
2024-06-19 12:45:00,116961.77483546664
2024-06-19 13:00:00,117017.17293067585
2024-06-19 13:15:00,116957.55166228925
2024-06-19 13:30:00,116951.58953545059
2024-06-19 13:45:00,117016.92450872423
2024-06-19 14:00:00,117059.65308440129
2024-06-19 14:15:00,117177.40508946482
2024-06-19 14:30:00,117312.0497872379
2024-06-19 14:45:00,117044.0025014498
2024-06-19 15:00:00,116812.9700864517
2024-06-19 15:15:00,116864.64185238678
2024-06-20 09:15:00,116757.32356929088
2024-06-20 09:30:00,116798.06476935507
2024-06-20 09:45:00,116748.62880098452
2024-06-20 10:00:00,116695.46650333979
2024-06-20 10:15:00,116879.54716948344
2024-06-20 10:30:00,116916.81046222508
2024-06-20 10:45:00,116941.15581348292
2024-06-20 11:00:00,116925.50523053145
2024-06-20 11:15:00,116919.04625978955
2024-06-20 11:30:00,117019.40872824035
2024-06-20 11:45:00,117056.42359903037
2024-06-20 12:00:00,117039.53090632083
2024-06-20 12:15:00,117006.9876306598
2024-06-20 12:30:00,116948.36005007965
2024-06-20 12:45:00,117012.70133554687
2024-06-20 13:00:00,117019.16030628874
2024-06-20 13:15:00,117290.18865549617
2024-06-20 13:30:00,117316.5213823669
2024-06-20 13:45:00,116937.926328112
2024-06-20 14:00:00,117070.08680636896
2024-06-20 14:15:00,117173.43033823905
2024-06-20 14:30:00,117153.55658211019
2024-06-20 14:45:00,117045.49303315948
2024-06-20 15:00:00,117090.45740640104
2024-06-20 15:15:00,117151.56920649733
2024-06-21 09:15:00,117303.35501893156
2024-06-21 09:30:00,117203.24097243238
2024-06-21 09:45:00,117303.10659697995
2024-06-21 10:00:00,117179.39246507773
2024-06-21 10:15:00,117298.88342380254
2024-06-21 10:30:00,116987.85914038577
2024-06-21 10:45:00,116926.99576224112
2024-06-21 11:00:00,116902.65041098325
2024-06-21 11:15:00,116872.59135483834
2024-06-21 11:30:00,116997.29917454696
2024-06-21 11:45:00,116939.66528177325
2024-06-21 12:00:00,116953.57691106344
2024-06-21 12:15:00,116917.55572807987
2024-06-21 12:30:00,116561.0702275183
2024-06-21 12:45:00,116504.27947884834
2024-06-21 13:00:00,116504.27947884834
2024-06-21 13:15:00,116504.27947884834
2024-06-21 13:30:00,116504.27947884834
2024-06-21 13:45:00,116504.27947884834
2024-06-21 14:00:00,116504.27947884834
2024-06-21 14:15:00,116504.27947884834
2024-06-21 14:30:00,116504.27947884834
2024-06-21 14:45:00,116504.27947884834
2024-06-21 15:00:00,116504.27947884834
2024-06-21 15:15:00,116504.27947884834
2024-06-24 09:15:00,116504.27947884834
2024-06-24 09:30:00,116504.27947884834
2024-06-24 09:45:00,116504.27947884834
2024-06-24 10:00:00,116504.27947884834
2024-06-24 10:15:00,116504.27947884834
2024-06-24 10:30:00,116504.27947884834
2024-06-24 10:45:00,116504.27947884834
2024-06-24 11:00:00,116504.27947884834
2024-06-24 11:15:00,116570.66341881914
2024-06-24 11:30:00,116468.57581476227
2024-06-24 11:45:00,116632.36199505739
2024-06-24 12:00:00,116630.87528237696
2024-06-24 12:15:00,116682.6624407456
2024-06-24 12:30:00,116568.6811352452
2024-06-24 12:45:00,116581.81376392243
2024-06-24 13:00:00,116690.09600414778
2024-06-24 13:15:00,116614.52144289209
2024-06-24 13:30:00,116638.55663122587
2024-06-24 13:45:00,116635.83099131174
2024-06-24 14:00:00,116558.02636103539
2024-06-24 14:15:00,116599.40653064095
2024-06-24 14:30:00,116557.77857558864
2024-06-24 14:45:00,116525.56646751246
2024-06-24 15:00:00,116686.87479334019
2024-06-24 15:15:00,116700.25520746414
2024-06-25 09:15:00,116848.67869006138
2024-06-25 09:30:00,116956.21757394653
2024-06-25 09:45:00,116829.5992106624
2024-06-25 10:00:00,116929.20896025188
2024-06-25 10:15:00,116933.42131284646
2024-06-25 10:30:00,116905.91712825833
2024-06-25 10:45:00,116973.56255521832
2024-06-25 11:00:00,116861.56353329186
2024-06-25 11:15:00,116822.1656472602
2024-06-25 11:30:00,116862.05910418533
2024-06-25 11:45:00,116897.24463762241
2024-06-25 12:00:00,116897.49242306914
2024-06-25 12:15:00,117065.49095595883
2024-06-25 12:30:00,117175.50769431137
2024-06-25 12:45:00,117228.53377991372
2024-06-25 13:00:00,117314.019759039
2024-06-25 13:15:00,117349.94864881628
2024-06-25 13:30:00,117318.72768252705
2024-06-25 13:45:00,117347.71857979562
2024-06-25 14:00:00,117426.76213730568
2024-06-25 14:15:00,117414.37286496868
2024-06-25 14:30:00,117402.23137807842
2024-06-25 14:45:00,117375.47054983051
2024-06-25 15:00:00,117607.1499425324
2024-06-25 15:15:00,117558.83178041811
2024-06-26 09:15:00,117429.98334811334
2024-06-26 09:30:00,117456.24860546776
2024-06-26 09:45:00,117461.69988529602
2024-06-26 10:00:00,117416.85071943609
2024-06-26 10:15:00,117608.14108431934
2024-06-26 10:30:00,117573.94669266924
2024-06-26 10:45:00,117768.95383925359
2024-06-26 11:00:00,117819.25428494181
2024-06-26 11:15:00,117978.33254174885
2024-06-26 11:30:00,117972.63347647386
2024-06-26 11:45:00,118076.45557865789
2024-06-26 12:00:00,118088.59706554815
2024-06-26 12:15:00,118121.05695907108
2024-06-26 12:30:00,118164.91498314406
2024-06-26 12:45:00,118095.7828435036
2024-06-26 13:00:00,118085.87142563402
2024-06-26 13:15:00,118179.28653905497
2024-06-26 13:30:00,118164.41941225057
2024-06-26 13:45:00,118202.08280015505
2024-06-26 14:00:00,118303.67483331845
2024-06-26 14:15:00,118269.72822711506
2024-06-26 14:30:00,118307.14382957281
2024-06-26 14:45:00,118312.84289484782
2024-06-26 15:00:00,118318.54196012286
2024-06-26 15:15:00,118145.33993285162
2024-06-27 09:15:00,118043.50011424151
2024-06-27 09:30:00,118230.0825556367
2024-06-27 09:45:00,118508.84118321916
2024-06-27 10:00:00,118669.15836725994
2024-06-27 10:15:00,118792.3077342897
2024-06-27 10:30:00,118198.36601845399
2024-06-27 10:45:00,118388.41745610353
2024-06-27 11:00:00,118550.46913827148
2024-06-27 11:15:00,118531.38965887252
2024-06-27 11:30:00,118676.83971610888
2024-06-27 11:45:00,118707.56511150465
2024-06-27 12:00:00,118967.49204513489
2024-06-27 12:15:00,118842.85596542468
2024-06-27 12:30:00,118895.6342655803
2024-06-27 12:45:00,118689.97234478612
2024-06-27 13:00:00,118747.95413932325
2024-06-27 13:15:00,118714.25531856662
2024-06-27 13:30:00,118713.26417677966
2024-06-27 13:45:00,118792.8033051832
2024-06-27 14:00:00,118710.78632231227
2024-06-27 14:15:00,118657.0168803697
2024-06-27 14:30:00,118844.34267810511
2024-06-27 14:45:00,119084.44677599613
2024-06-27 15:00:00,119162.99476261268
2024-06-27 15:15:00,119115.9155277321
2024-06-28 09:15:00,119613.96427567943
2024-06-28 09:30:00,119707.3793891004
2024-06-28 09:45:00,119609.25635219137
2024-06-28 10:00:00,119596.86707985438
2024-06-28 10:15:00,119635.27382409907
2024-06-28 10:30:00,119624.86683533598
2024-06-28 10:45:00,119604.05285780982
2024-06-28 11:00:00,119669.46821574916
2024-06-28 11:15:00,119498.99182839207
2024-06-28 11:30:00,119633.29154052511
2024-06-28 11:45:00,119476.4433527387
2024-06-28 12:00:00,119486.60255605506
2024-06-28 12:15:00,119198.42808149647
2024-06-28 12:30:00,119168.1982569942
2024-06-28 12:45:00,119109.96867701031
2024-06-28 13:00:00,119238.07375297487
2024-06-28 13:15:00,119245.25953093034
2024-06-28 13:30:00,119333.7189354165
2024-06-28 13:45:00,119380.7981702971
2024-06-28 14:00:00,119517.82352234432
2024-06-28 14:15:00,119415.24034739396
2024-06-28 14:30:00,119289.86091134355
2024-06-28 14:45:00,119249.71966897167
2024-06-28 15:00:00,118882.00606600956
2024-06-28 15:15:00,118818.8501396663
2024-07-01 09:15:00,118818.8501396663
2024-07-01 09:30:00,118818.8501396663
2024-07-01 09:45:00,118818.8501396663
2024-07-01 10:00:00,118818.8501396663
2024-07-01 10:15:00,118818.8501396663
2024-07-01 10:30:00,118818.8501396663
2024-07-01 10:45:00,118818.8501396663
2024-07-01 11:00:00,118818.8501396663
2024-07-01 11:15:00,118818.8501396663
2024-07-01 11:30:00,118818.8501396663
2024-07-01 11:45:00,118818.8501396663
2024-07-01 12:00:00,118818.8501396663
2024-07-01 12:15:00,118818.8501396663
2024-07-01 12:30:00,118818.8501396663
2024-07-01 12:45:00,118818.8501396663
2024-07-01 13:00:00,118818.8501396663
2024-07-01 13:15:00,118818.8501396663
2024-07-01 13:30:00,118818.8501396663
2024-07-01 13:45:00,118793.14403785109
2024-07-01 14:00:00,118781.08956457024
2024-07-01 14:15:00,118728.19748792979
2024-07-01 14:30:00,118804.21447249677
2024-07-01 14:45:00,118770.51114924216
2024-07-01 15:00:00,118809.872694649
2024-07-01 15:15:00,118690.55801013451
2024-07-02 09:15:00,118797.32620205056
2024-07-02 09:30:00,118535.07990577749
2024-07-02 09:45:00,118703.84253170932
2024-07-02 10:00:00,118724.26133338912
2024-07-02 10:15:00,118763.86888845474
2024-07-02 10:30:00,118791.91398955713
2024-07-02 10:45:00,118883.67559228683
2024-07-02 11:00:00,118982.32546546274
2024-07-02 11:15:00,118974.69916604017
2024-07-02 11:30:00,118726.72142997706
2024-07-02 11:45:00,118867.93097412412
2024-07-02 12:00:00,118763.62287879598
2024-07-02 12:15:00,118823.89524520021
2024-07-02 12:30:00,118625.11944089565
2024-07-02 12:45:00,118430.033781473
2024-07-02 13:00:00,118598.55039774606
2024-07-02 13:15:00,118639.63401076444
2024-07-02 13:30:00,118684.65377832353
2024-07-02 13:45:00,118667.92512152561
2024-07-02 14:00:00,118617.2471318143
2024-07-02 14:15:00,118692.5260874049
2024-07-02 14:30:00,118794.62009580388
2024-07-02 14:45:00,118736.06979701122
2024-07-02 15:00:00,118699.90637716868
2024-07-02 15:15:00,118664.23497664373
2024-07-03 09:15:00,119219.72478619781
2024-07-03 09:30:00,119478.77295690659
2024-07-03 09:45:00,119428.58698651288
2024-07-03 10:00:00,119402.50996268082
2024-07-03 10:15:00,119459.58420352076
2024-07-03 10:30:00,119473.11473475437
2024-07-03 10:45:00,119448.0217495575
2024-07-03 11:00:00,119405.21606892758
2024-07-03 11:15:00,119340.26951900628
2024-07-03 11:30:00,119367.08457181469
2024-07-03 11:45:00,119352.81601160471
2024-07-03 12:00:00,119325.75494913751
2024-07-03 12:15:00,119407.1841461979
2024-07-03 12:30:00,119437.93535354701
2024-07-03 12:45:00,119473.36074441316
2024-07-03 13:00:00,119441.87150808769
2024-07-03 13:15:00,119473.11473475437
2024-07-03 13:30:00,119493.28752677537
2024-07-03 13:45:00,119423.17477401943
2024-07-03 14:00:00,119386.27332520051
2024-07-03 14:15:00,119327.23100709025
2024-07-03 14:30:00,119347.89581842885
2024-07-03 14:45:00,119305.5821571165
2024-07-03 15:00:00,119244.2081594602
2024-07-03 15:15:00,119244.2081594602
2024-07-04 09:15:00,119244.2081594602
2024-07-04 09:30:00,119331.83955575778
2024-07-04 09:45:00,119362.90466298023
2024-07-04 10:00:00,119246.2270555384
2024-07-04 10:15:00,119098.48434087413
2024-07-04 10:30:00,119043.93694787723
2024-07-04 10:45:00,119003.3321620589
2024-07-04 11:00:00,119048.09526931643
2024-07-04 11:15:00,119111.69312662224
2024-07-04 11:30:00,119017.76398352443
2024-07-04 11:45:00,119026.0806264029
2024-07-04 12:00:00,119034.15266213787
2024-07-04 12:15:00,119107.77941232653
2024-07-04 12:30:00,119128.08180523569
2024-07-04 12:45:00,119118.54212663982
2024-07-04 13:00:00,119084.54173369556
2024-07-04 13:15:00,119091.14612656963
2024-07-04 13:30:00,119058.3687693428
2024-07-04 13:45:00,119007.00126921118
2024-07-04 14:00:00,118948.72019277615
2024-07-04 14:15:00,118948.72019277615
2024-07-04 14:30:00,118948.72019277615
2024-07-04 14:45:00,118948.72019277615
2024-07-04 15:00:00,118948.72019277615
2024-07-04 15:15:00,118948.72019277615
2024-07-05 09:15:00,118948.72019277615
2024-07-05 09:30:00,118948.72019277615
2024-07-05 09:45:00,118948.72019277615
2024-07-05 10:00:00,118948.72019277615
2024-07-05 10:15:00,118948.72019277615
2024-07-05 10:30:00,118948.72019277615
2024-07-05 10:45:00,118948.72019277615
2024-07-05 11:00:00,118948.72019277615
2024-07-05 11:15:00,118948.72019277615
2024-07-05 11:30:00,118948.72019277615
2024-07-05 11:45:00,118894.14324126039
2024-07-05 12:00:00,118875.288218225
2024-07-05 12:15:00,118903.44831756357
2024-07-05 12:30:00,118911.77391215063
2024-07-05 12:45:00,118887.7766101056
2024-07-05 13:00:00,118779.29901004488
2024-07-05 13:15:00,118787.3797342029
2024-07-05 13:30:00,118786.15538205774
2024-07-05 13:45:00,118754.07735585466
2024-07-05 14:00:00,118698.371537084
2024-07-05 14:15:00,118698.371537084
2024-07-05 14:30:00,118698.371537084
2024-07-05 14:45:00,118698.371537084
2024-07-05 15:00:00,118698.371537084
2024-07-05 15:15:00,118698.371537084
2024-07-08 09:15:00,118698.371537084
2024-07-08 09:30:00,118698.371537084
2024-07-08 09:45:00,118698.371537084
2024-07-08 10:00:00,118698.371537084
2024-07-08 10:15:00,118732.50270953072
2024-07-08 10:30:00,118644.14790620455
2024-07-08 10:45:00,118596.55346794875
2024-07-08 11:00:00,118473.78422465299
2024-07-08 11:15:00,118564.57976840255
2024-07-08 11:30:00,118477.93348337275
2024-07-08 11:45:00,118543.83347480386
2024-07-08 12:00:00,118388.84645791957
2024-07-08 12:15:00,118483.79126038883
2024-07-08 12:30:00,118568.97310116462
2024-07-08 12:45:00,118606.80457772693
2024-07-08 13:00:00,118610.46568836198
2024-07-08 13:15:00,118544.0775488462
2024-07-08 13:30:00,118539.44014204177
2024-07-08 13:45:00,118601.4349487955
2024-07-08 14:00:00,118565.80013861423
2024-07-08 14:15:00,118658.06012661778
2024-07-08 14:30:00,118606.56050368458
2024-07-08 14:45:00,118595.82124582172
2024-07-08 15:00:00,118676.12160575076
2024-07-08 15:15:00,118771.5545563047
2024-07-09 09:15:00,118918.48712979189
2024-07-09 09:30:00,118981.94638079964
2024-07-09 09:45:00,118969.49860464041
2024-07-09 10:00:00,118927.27379531604
2024-07-09 10:15:00,118894.81194768514
2024-07-09 10:30:00,119001.47230418664
2024-07-09 10:45:00,118989.5126761121
2024-07-09 11:00:00,119024.6593382087
2024-07-09 11:15:00,119027.3441526744
2024-07-09 11:30:00,119103.00710579901
2024-07-09 11:45:00,119052.72785307751
2024-07-09 12:00:00,119050.53118669646
2024-07-09 12:15:00,119104.2274760107
2024-07-09 12:30:00,119030.0289671401
2024-07-09 12:45:00,119140.35043427661
2024-07-09 13:00:00,119220.4067201633
2024-07-09 13:15:00,119188.92116870177
2024-07-09 13:30:00,119202.58931507266
2024-07-09 13:45:00,119243.34968014303
2024-07-09 14:00:00,119263.8518996994
2024-07-09 14:15:00,119172.56820786519
2024-07-09 14:30:00,119232.85449632253
2024-07-09 14:45:00,119187.21265040543
2024-07-09 15:00:00,119274.3470835199
2024-07-09 15:15:00,119192.33820529451
2024-07-10 09:15:00,119146.6963593774
2024-07-10 09:30:00,119109.84117898442
2024-07-10 09:45:00,118957.53897656586
2024-07-10 10:00:00,118770.09011205068
2024-07-10 10:15:00,118704.60626686177
2024-07-10 10:30:00,118704.60626686177
2024-07-10 10:45:00,118704.60626686177
2024-07-10 11:00:00,118704.60626686177
2024-07-10 11:15:00,118704.60626686177
2024-07-10 11:30:00,118704.60626686177
2024-07-10 11:45:00,118704.60626686177
2024-07-10 12:00:00,118704.60626686177
2024-07-10 12:15:00,118704.60626686177
2024-07-10 12:30:00,118704.60626686177
2024-07-10 12:45:00,118706.34832725242
2024-07-10 13:00:00,118666.75917968883
2024-07-10 13:15:00,118662.60476296917
2024-07-10 13:30:00,118610.79674270078
2024-07-10 13:45:00,118573.89574713225
2024-07-10 14:00:00,118465.6365349676
2024-07-10 14:15:00,118583.67084529609
2024-07-10 14:30:00,118787.48164201234
2024-07-10 14:45:00,118738.1173962849
2024-07-10 15:00:00,118918.22357995382
2024-07-10 15:15:00,118828.0482993923
2024-07-11 09:15:00,118996.4243652646
2024-07-11 09:30:00,118960.01212460427
2024-07-11 09:45:00,118970.03160022222
2024-07-11 10:00:00,118699.50575853766
2024-07-11 10:15:00,118507.42507961801
2024-07-11 10:30:00,118541.6379231915
2024-07-11 10:45:00,118480.05480475926
2024-07-11 11:00:00,118408.8462693538
2024-07-11 11:15:00,118408.8462693538
2024-07-11 11:30:00,118408.8462693538
2024-07-11 11:45:00,118408.8462693538
2024-07-11 12:00:00,118408.8462693538
2024-07-11 12:15:00,118408.8462693538
2024-07-11 12:30:00,118408.8462693538
2024-07-11 12:45:00,118408.8462693538
2024-07-11 13:00:00,118408.8462693538
2024-07-11 13:15:00,118408.8462693538
2024-07-11 13:30:00,118408.8462693538
2024-07-11 13:45:00,118408.8462693538
2024-07-11 14:00:00,118314.1088680099
2024-07-11 14:15:00,118341.36704307456
2024-07-11 14:30:00,118313.62211488376
2024-07-11 14:45:00,118433.60676048073
2024-07-11 15:00:00,118420.46442607458
2024-07-11 15:15:00,118468.40960900075
2024-07-12 09:15:00,118935.20585698247
2024-07-12 09:30:00,118869.25080838859
2024-07-12 09:45:00,118678.44358293622
2024-07-12 10:00:00,118587.17737178234
2024-07-12 10:15:00,118669.68202666542
2024-07-12 10:30:00,118681.36410169312
2024-07-12 10:45:00,119385.20912211186
2024-07-12 11:00:00,119440.69897849341
2024-07-12 11:15:00,119219.71305921947
2024-07-12 11:30:00,119252.08214210872
2024-07-12 11:45:00,119226.28422642256
2024-07-12 12:00:00,119334.34342042876
2024-07-12 12:15:00,119260.8436983795
2024-07-12 12:30:00,119200.72968729948
2024-07-12 12:45:00,119278.12343435794
2024-07-12 13:00:00,119344.56523607798
2024-07-12 13:15:00,119478.42234577033
2024-07-12 13:30:00,119453.11118321032
2024-07-12 13:45:00,119513.7119474165
2024-07-12 14:00:00,119617.87711641348
2024-07-12 14:15:00,119568.47167410885
2024-07-12 14:30:00,119548.51479593654
2024-07-12 14:45:00,119374.74392989955
2024-07-12 15:00:00,119211.43825607488
2024-07-12 15:15:00,119314.8732953826
2024-07-15 09:15:00,119585.02128039808
2024-07-15 09:30:00,119460.65585666572
2024-07-15 09:45:00,119428.0433972134
2024-07-15 10:00:00,119556.302845955
2024-07-15 10:15:00,119498.62260050574
2024-07-15 10:30:00,119668.4994415335
2024-07-15 10:45:00,119639.05087740118
2024-07-15 11:00:00,119648.78593992426
2024-07-15 11:15:00,119648.29918679812
2024-07-15 11:30:00,119729.10020573968
2024-07-15 11:45:00,119700.38177129658
2024-07-15 12:00:00,119735.91474950584
2024-07-15 12:15:00,119628.82906175195
2024-07-15 12:30:00,119683.5887884443
2024-07-15 12:45:00,119684.80567125967
2024-07-15 13:00:00,119813.30849656434
2024-07-15 13:15:00,119871.47549513973
2024-07-15 13:30:00,119800.16616215816
2024-07-15 13:45:00,119804.06018716742
2024-07-15 14:00:00,119714.254235392
2024-07-15 14:15:00,119811.36148405973
2024-07-15 14:30:00,119707.43969162584
2024-07-15 14:45:00,119685.77917751197
2024-07-15 15:00:00,119665.82229933966
2024-07-15 15:15:00,119684.56229469657
2024-07-16 09:15:00,119850.78848727819
2024-07-16 09:30:00,119905.54821397053
2024-07-16 09:45:00,119896.05652801052
2024-07-16 10:00:00,119908.71210929053
2024-07-16 10:15:00,119946.19210000437
2024-07-16 10:30:00,120019.69182205363
2024-07-16 10:45:00,120013.85078453978
2024-07-16 11:00:00,120004.35909857978
2024-07-16 11:15:00,120016.04117360749
2024-07-16 11:30:00,119998.51806106593
2024-07-16 11:45:00,119938.16067342284
2024-07-16 12:00:00,119938.40404998591
2024-07-16 12:15:00,119895.32639832128
2024-07-16 12:30:00,119966.63573130284
2024-07-16 12:45:00,119996.32767199825
2024-07-16 13:00:00,119998.76143762903
2024-07-16 13:15:00,119900.4373061459
2024-07-16 13:30:00,119850.05835758895
2024-07-16 13:45:00,119845.4342028905
2024-07-16 14:00:00,119863.44406855816
2024-07-16 14:15:00,119786.78045118891
2024-07-16 14:30:00,119821.58329970895
2024-07-16 14:45:00,119795.05525433355
2024-07-16 15:00:00,119762.19941831815
2024-07-16 15:15:00,119698.91275036185
2024-07-18 09:15:00,119698.91275036185
2024-07-18 09:30:00,119698.91275036185
2024-07-18 09:45:00,119698.91275036185
2024-07-18 10:00:00,119698.91275036185
2024-07-18 10:15:00,119698.91275036185
2024-07-18 10:30:00,119698.91275036185
2024-07-18 10:45:00,119698.91275036185
2024-07-18 11:00:00,119698.91275036185
2024-07-18 11:15:00,119698.91275036185
2024-07-18 11:30:00,119698.91275036185
2024-07-18 11:45:00,119698.91275036185
2024-07-18 12:00:00,119698.91275036185
2024-07-18 12:15:00,119698.91275036185
2024-07-18 12:30:00,119698.91275036185
2024-07-18 12:45:00,119493.43874313029
2024-07-18 13:00:00,119953.85503142122
2024-07-18 13:15:00,120050.93806532548
2024-07-18 13:30:00,119962.59250447262
2024-07-18 13:45:00,120179.0876700791
2024-07-18 14:00:00,120479.55966001276
2024-07-18 14:15:00,120378.35059716756
2024-07-18 14:30:00,120484.41381170799
2024-07-18 14:45:00,120383.20474886279
2024-07-18 15:00:00,120391.2140991599
2024-07-18 15:15:00,120282.72380877189
2024-07-19 09:15:00,120233.93958423499
2024-07-19 09:30:00,120129.0899076184
2024-07-19 09:45:00,119990.2611691353
2024-07-19 10:00:00,119828.86062526947
2024-07-19 10:15:00,119764.57964279944
2024-07-19 10:30:00,119764.57964279944
2024-07-19 10:45:00,119764.57964279944
2024-07-19 11:00:00,119764.57964279944
2024-07-19 11:15:00,119764.57964279944
2024-07-19 11:30:00,119764.57964279944
2024-07-19 11:45:00,119764.57964279944
2024-07-19 12:00:00,119764.57964279944
2024-07-19 12:15:00,119764.57964279944
2024-07-19 12:30:00,119764.57964279944
2024-07-19 12:45:00,119764.57964279944
2024-07-19 13:00:00,119764.57964279944
2024-07-19 13:15:00,119764.57964279944
2024-07-19 13:30:00,119764.57964279944
2024-07-19 13:45:00,119764.57964279944
2024-07-19 14:00:00,119764.57964279944
2024-07-19 14:15:00,119764.57964279944
2024-07-19 14:30:00,119764.57964279944
2024-07-19 14:45:00,119764.57964279944
2024-07-19 15:00:00,119764.57964279944
2024-07-19 15:15:00,119764.57964279944
2024-07-22 09:15:00,119764.57964279944
2024-07-22 09:30:00,119764.57964279944
2024-07-22 09:45:00,119764.57964279944
2024-07-22 10:00:00,119764.57964279944
2024-07-22 10:15:00,119764.57964279944
2024-07-22 10:30:00,119764.57964279944
2024-07-22 10:45:00,119764.57964279944
2024-07-22 11:00:00,119764.57964279944
2024-07-22 11:15:00,119764.57964279944
2024-07-22 11:30:00,119764.57964279944
2024-07-22 11:45:00,119764.57964279944
2024-07-22 12:00:00,119764.57964279944
2024-07-22 12:15:00,119764.57964279944
2024-07-22 12:30:00,119764.57964279944
2024-07-22 12:45:00,119764.57964279944
2024-07-22 13:00:00,119764.57964279944
2024-07-22 13:15:00,119764.57964279944
2024-07-22 13:30:00,119764.57964279944
2024-07-22 13:45:00,119764.57964279944
2024-07-22 14:00:00,119764.57964279944
2024-07-22 14:15:00,119764.57964279944
2024-07-22 14:30:00,119764.57964279944
2024-07-22 14:45:00,119764.57964279944
2024-07-22 15:00:00,119764.57964279944
2024-07-22 15:15:00,119764.57964279944
2024-07-23 09:15:00,119764.57964279944
2024-07-23 09:30:00,119764.57964279944
2024-07-23 09:45:00,119764.57964279944
2024-07-23 10:00:00,119764.57964279944
2024-07-23 10:15:00,119764.57964279944
2024-07-23 10:30:00,119764.57964279944
2024-07-23 10:45:00,119764.57964279944
2024-07-23 11:00:00,119764.57964279944
2024-07-23 11:15:00,119764.57964279944
2024-07-23 11:30:00,119764.57964279944
2024-07-23 11:45:00,119764.57964279944
2024-07-23 12:00:00,119764.57964279944
2024-07-23 12:15:00,119764.57964279944
2024-07-23 12:30:00,119764.57964279944
2024-07-23 12:45:00,119764.57964279944
2024-07-23 13:00:00,119764.57964279944
2024-07-23 13:15:00,119764.57964279944
2024-07-23 13:30:00,119764.57964279944
2024-07-23 13:45:00,119764.57964279944
2024-07-23 14:00:00,119764.57964279944
2024-07-23 14:15:00,119764.57964279944
2024-07-23 14:30:00,119764.57964279944
2024-07-23 14:45:00,119488.51730916505
2024-07-23 15:00:00,119365.78755517192
2024-07-23 15:15:00,119442.64614862687
2024-07-24 09:15:00,119310.40056877739
2024-07-24 09:30:00,119114.22815881616
2024-07-24 09:45:00,119377.01134977168
2024-07-24 10:00:00,119270.62929660863
2024-07-24 10:15:00,119072.99291343875
2024-07-24 10:30:00,119259.89349307843
2024-07-24 10:45:00,119340.65601508981
2024-07-24 11:00:00,119225.97811374434
2024-07-24 11:15:00,119110.32423025974
2024-07-24 11:30:00,119013.94599402258
2024-07-24 11:45:00,119074.21289111268
2024-07-24 12:00:00,118971.49077097127
2024-07-24 12:15:00,118912.0050255858
2024-07-24 12:30:00,118912.0050255858
2024-07-24 12:45:00,118912.0050255858
2024-07-24 13:00:00,118912.0050255858
2024-07-24 13:15:00,118912.0050255858
2024-07-24 13:30:00,118912.0050255858
2024-07-24 13:45:00,118912.0050255858
2024-07-24 14:00:00,118912.0050255858
2024-07-24 14:15:00,118912.0050255858
2024-07-24 14:30:00,118912.0050255858
2024-07-24 14:45:00,118912.0050255858
2024-07-24 15:00:00,118912.0050255858
2024-07-24 15:15:00,118912.0050255858
2024-07-25 09:15:00,118937.16008746164
2024-07-25 09:30:00,119128.94516674256
2024-07-25 09:45:00,119066.89705285757
2024-07-25 10:00:00,119166.46833442798
2024-07-25 10:15:00,119086.76225927925
2024-07-25 10:30:00,119278.54733856017
2024-07-25 10:45:00,119290.31931273597
2024-07-25 11:00:00,119309.93926969566
2024-07-25 11:15:00,119333.48321804729
2024-07-25 11:30:00,119375.91137497262
2024-07-25 11:45:00,119476.70890385301
2024-07-25 12:00:00,119500.00760274264
2024-07-25 12:15:00,119536.05927365606
2024-07-25 12:30:00,119477.935151163
2024-07-25 12:45:00,119417.95105675016
2024-07-25 13:00:00,119417.95105675016
2024-07-25 13:15:00,119417.95105675016
2024-07-25 13:30:00,119417.95105675016
2024-07-25 13:45:00,119417.95105675016
2024-07-25 14:00:00,119417.95105675016
2024-07-25 14:15:00,119417.95105675016
2024-07-25 14:30:00,119417.95105675016
2024-07-25 14:45:00,119417.95105675016
2024-07-25 15:00:00,119417.95105675016
2024-07-25 15:15:00,119417.95105675016
2024-07-26 09:15:00,119621.40996507369
2024-07-26 09:30:00,119862.83045648097
2024-07-26 09:45:00,119971.56741870388
2024-07-26 10:00:00,120117.44599498948
2024-07-26 10:15:00,120176.82370694492
2024-07-26 10:30:00,120216.40884824855
2024-07-26 10:45:00,120286.29372734013
2024-07-26 11:00:00,120440.48029624499
2024-07-26 11:15:00,120414.82326021486
2024-07-26 11:30:00,120396.25245318354
2024-07-26 11:45:00,120471.02438675705
2024-07-26 12:00:00,120412.13538024982
2024-07-26 12:15:00,120470.04697586068
2024-07-26 12:30:00,120801.38926973549
2024-07-26 12:45:00,120790.14904442703
2024-07-26 13:00:00,121079.46266975724
2024-07-26 13:15:00,121119.53651650905
2024-07-26 13:30:00,121177.2037593958
2024-07-26 13:45:00,121150.56931246928
2024-07-26 14:00:00,121188.19963198014
2024-07-26 14:15:00,121118.80345833674
2024-07-26 14:30:00,121206.03738083919
2024-07-26 14:45:00,121337.49914640306
2024-07-26 15:00:00,121438.661174179
2024-07-26 15:15:00,121451.85622128022
2024-07-29 09:15:00,121777.33404977669
2024-07-29 09:30:00,121758.51889002128
2024-07-29 09:45:00,121720.88857051042
2024-07-29 10:00:00,121581.85187049954
2024-07-29 10:15:00,121701.82905803091
2024-07-29 10:30:00,121563.5254161923
2024-07-29 10:45:00,121830.84729635382
2024-07-29 11:00:00,121874.0977285189
2024-07-29 11:15:00,121965.48564733096
2024-07-29 11:30:00,122116.98433627078
2024-07-29 11:45:00,122072.75649320932
2024-07-29 12:00:00,121719.66680688995
2024-07-29 12:15:00,121533.71438385255
2024-07-29 12:30:00,121559.61577260678
2024-07-29 12:45:00,121601.15573570316
2024-07-29 13:00:00,121360.46830246816
2024-07-29 13:15:00,121301.25345160333
2024-07-29 13:30:00,121301.25345160333
2024-07-29 13:45:00,121301.25345160333
2024-07-29 14:00:00,121301.25345160333
2024-07-29 14:15:00,121301.25345160333
2024-07-29 14:30:00,121301.25345160333
2024-07-29 14:45:00,121301.25345160333
2024-07-29 15:00:00,121301.25345160333
2024-07-29 15:15:00,121301.25345160333
2024-07-30 09:15:00,121301.25345160333
2024-07-30 09:30:00,121301.25345160333
2024-07-30 09:45:00,121301.25345160333
2024-07-30 10:00:00,121301.25345160333
2024-07-30 10:15:00,121301.25345160333
2024-07-30 10:30:00,121301.25345160333
2024-07-30 10:45:00,121301.25345160333
2024-07-30 11:00:00,121211.42653763431
2024-07-30 11:15:00,121255.92037568023
2024-07-30 11:30:00,121324.72778642885
2024-07-30 11:45:00,121255.19096849916
2024-07-30 12:00:00,121258.10859722349
2024-07-30 12:15:00,121329.34736524239
2024-07-30 12:30:00,121265.88894048837
2024-07-30 12:45:00,121217.50493081001
2024-07-30 13:00:00,121261.26936167484
2024-07-30 13:15:00,121029.56101381818
2024-07-30 13:30:00,121167.90524249649
2024-07-30 13:45:00,121137.51327661812
2024-07-30 14:00:00,121223.34018825862
2024-07-30 14:15:00,121332.02185823963
2024-07-30 14:30:00,121391.83324708826
2024-07-30 14:45:00,121148.2112486073
2024-07-30 15:00:00,120826.29954602367
2024-07-30 15:15:00,120794.20563005612
2024-07-31 09:15:00,121212.15594481537
2024-07-31 09:30:00,121000.14159084791
2024-07-31 09:45:00,121149.9131986965
2024-07-31 10:00:00,121276.58691247752
2024-07-31 10:15:00,121252.7596112289
2024-07-31 10:30:00,121306.73574262887
2024-07-31 10:45:00,121247.41062523429
2024-07-31 11:00:00,121193.43449383431
2024-07-31 11:15:00,121090.10180984788
2024-07-31 11:30:00,121217.26179508296
2024-07-31 11:45:00,121244.24986078295
2024-07-31 12:00:00,121258.10859722346
2024-07-31 12:15:00,121300.41421372614
2024-07-31 12:30:00,121245.22240369103
2024-07-31 12:45:00,121248.14003241534
2024-07-31 13:00:00,121261.75563312885
2024-07-31 13:15:00,121286.55547728561
2024-07-31 13:30:00,121249.35571105049
2024-07-31 13:45:00,121248.38316814238
2024-07-31 14:00:00,121209.48145181806
2024-07-31 14:15:00,121367.76281011257
2024-07-31 14:30:00,121324.72778642882
2024-07-31 14:45:00,121328.86109378828
2024-07-31 15:00:00,121304.30438535857
2024-07-31 15:15:00,121467.2053224666
2024-08-01 09:15:00,121827.5324699205
2024-08-01 09:30:00,121789.36016077726
2024-08-01 09:45:00,121828.26187710157
2024-08-01 10:00:00,121748.0270871827
2024-08-01 10:15:00,121673.14128325842
2024-08-01 10:30:00,121665.60407572058
2024-08-01 10:45:00,121637.88660283953
2024-08-01 11:00:00,121730.52131483678
2024-08-01 11:15:00,121680.19221934219
2024-08-01 11:30:00,121560.32630591793
2024-08-01 11:45:00,121567.13410627468
2024-08-01 12:00:00,121521.91086104767
2024-08-01 12:15:00,121463.07201510717
2024-08-01 12:30:00,121395.53608264304
2024-08-01 12:45:00,121395.53608264304
2024-08-01 13:00:00,121395.53608264304
2024-08-01 13:15:00,121395.53608264304
2024-08-01 13:30:00,121395.53608264304
2024-08-01 13:45:00,121395.53608264304
2024-08-01 14:00:00,121395.53608264304
2024-08-01 14:15:00,121395.53608264304
2024-08-01 14:30:00,121395.53608264304
2024-08-01 14:45:00,121395.53608264304
2024-08-01 15:00:00,121395.53608264304
2024-08-01 15:15:00,121395.53608264304
2024-08-02 09:15:00,121395.53608264304
2024-08-02 09:30:00,121395.53608264304
2024-08-02 09:45:00,121395.53608264304
2024-08-02 10:00:00,121395.53608264304
2024-08-02 10:15:00,121395.53608264304
2024-08-02 10:30:00,121395.53608264304
2024-08-02 10:45:00,121395.53608264304
2024-08-02 11:00:00,121395.53608264304
2024-08-02 11:15:00,121395.53608264304
2024-08-02 11:30:00,121395.53608264304
2024-08-02 11:45:00,121395.53608264304
2024-08-02 12:00:00,121395.53608264304
2024-08-02 12:15:00,121395.53608264304
2024-08-02 12:30:00,121395.53608264304
2024-08-02 12:45:00,121395.53608264304
2024-08-02 13:00:00,121395.53608264304
2024-08-02 13:15:00,121395.53608264304
2024-08-02 13:30:00,121395.53608264304
2024-08-02 13:45:00,121395.53608264304
2024-08-02 14:00:00,121395.53608264304
2024-08-02 14:15:00,121395.53608264304
2024-08-02 14:30:00,121395.53608264304
2024-08-02 14:45:00,121395.53608264304
2024-08-02 15:00:00,121395.53608264304
2024-08-02 15:15:00,121395.53608264304
2024-08-05 09:15:00,121395.53608264304
2024-08-05 09:30:00,121395.53608264304
2024-08-05 09:45:00,121395.53608264304
2024-08-05 10:00:00,121395.53608264304
2024-08-05 10:15:00,121395.53608264304
2024-08-05 10:30:00,121395.53608264304
2024-08-05 10:45:00,121395.53608264304
2024-08-05 11:00:00,121395.53608264304
2024-08-05 11:15:00,121395.53608264304
2024-08-05 11:30:00,121395.53608264304
2024-08-05 11:45:00,121395.53608264304
2024-08-05 12:00:00,121395.53608264304
2024-08-05 12:15:00,121395.53608264304
2024-08-05 12:30:00,121395.53608264304
2024-08-05 12:45:00,121395.53608264304
2024-08-05 13:00:00,121395.53608264304
2024-08-05 13:15:00,121395.53608264304
2024-08-05 13:30:00,121395.53608264304
2024-08-05 13:45:00,121395.53608264304
2024-08-05 14:00:00,121395.53608264304
2024-08-05 14:15:00,121395.53608264304
2024-08-05 14:30:00,121395.53608264304
2024-08-05 14:45:00,121395.53608264304
2024-08-05 15:00:00,121038.64435023289
2024-08-05 15:15:00,121053.4917961953
2024-08-06 09:15:00,122397.56313323345
2024-08-06 09:30:00,122122.50790548908
2024-08-06 09:45:00,122503.76011960868
2024-08-06 10:00:00,122216.37396216669
2024-08-06 10:15:00,121954.1529673729
2024-08-06 10:30:00,121577.43048252996
2024-08-06 10:45:00,122092.30971031128
2024-08-06 11:00:00,121929.2394563512
2024-08-06 11:15:00,121942.07368930176
2024-08-06 11:30:00,121991.90071134512
2024-08-06 11:45:00,121954.40461899937
2024-08-06 12:00:00,121978.3115235151
2024-08-06 12:15:00,121765.16259588521
2024-08-06 12:30:00,121706.29222099259
2024-08-06 12:45:00,121706.29222099259
2024-08-06 13:00:00,121706.29222099259
2024-08-06 13:15:00,121706.29222099259
2024-08-06 13:30:00,121706.29222099259
2024-08-06 13:45:00,121706.29222099259
2024-08-06 14:00:00,121706.29222099259
2024-08-06 14:15:00,121706.29222099259
2024-08-06 14:30:00,121706.29222099259
2024-08-06 14:45:00,121706.29222099259
2024-08-06 15:00:00,121706.29222099259
2024-08-06 15:15:00,121706.29222099259
2024-08-07 09:15:00,121706.29222099259
2024-08-07 09:30:00,121497.55681673254
2024-08-07 09:45:00,121465.97518194128
2024-08-07 10:00:00,121351.42909384915
2024-08-07 10:15:00,121656.71823016468
2024-08-07 10:30:00,121829.9159257263
2024-08-07 10:45:00,121816.38093938718
2024-08-07 11:00:00,121557.21101578268
2024-08-07 11:15:00,121425.87151871427
2024-08-07 11:30:00,121538.16177574986
2024-08-07 11:45:00,121438.90520926304
2024-08-07 12:00:00,121434.14289925483
2024-08-07 12:15:00,121616.36391904253
2024-08-07 12:30:00,121473.24397090115
2024-08-07 12:45:00,121416.59754659301
2024-08-07 13:00:00,121474.74785827217
2024-08-07 13:15:00,121290.52165532313
2024-08-07 13:30:00,121419.8559692302
2024-08-07 13:45:00,121462.71675930404
2024-08-07 14:00:00,121544.17732523389
2024-08-07 14:15:00,121731.41130292494
2024-08-07 14:30:00,121656.96887805982
2024-08-07 14:45:00,121669.75192071343
2024-08-07 15:00:00,121861.99885630788
2024-08-07 15:15:00,121891.3246600426
2024-08-08 09:15:00,121418.60272975433
2024-08-08 09:30:00,121466.72712562673
2024-08-08 09:45:00,121340.65123435685
2024-08-08 10:00:00,121118.8278471325
2024-08-08 10:15:00,121501.31653516002
2024-08-08 10:30:00,121297.03850059748
2024-08-08 10:45:00,121059.92559176784
2024-08-08 11:00:00,121245.15438629754
2024-08-08 11:15:00,121299.29433165402
2024-08-08 11:30:00,121272.97630266129
2024-08-08 11:45:00,121441.91298400503
2024-08-08 12:00:00,121850.4690531301
2024-08-08 12:15:00,121902.85446322038
2024-08-08 12:30:00,121840.44313732335
2024-08-08 12:45:00,121429.88188503694
2024-08-08 13:00:00,121114.8174808098
2024-08-08 13:15:00,120872.69161407679
2024-08-08 13:30:00,120819.26990026396
2024-08-08 13:45:00,120819.26990026396
2024-08-08 14:00:00,120819.26990026396
2024-08-08 14:15:00,120819.26990026396
2024-08-08 14:30:00,120819.26990026396
2024-08-08 14:45:00,120819.26990026396
2024-08-08 15:00:00,120819.26990026396
2024-08-08 15:15:00,120819.26990026396
2024-08-09 09:15:00,120819.26990026396
2024-08-09 09:30:00,120819.26990026396
2024-08-09 09:45:00,120819.26990026396
2024-08-09 10:00:00,120819.26990026396
2024-08-09 10:15:00,120819.26990026396
2024-08-09 10:30:00,120819.26990026396
2024-08-09 10:45:00,120819.26990026396
2024-08-09 11:00:00,120819.26990026396
2024-08-09 11:15:00,120819.26990026396
2024-08-09 11:30:00,120819.26990026396
2024-08-09 11:45:00,120819.26990026396
2024-08-09 12:00:00,120664.2187476373
2024-08-09 12:15:00,120678.58840215362
2024-08-09 12:30:00,120677.10188616916
2024-08-09 12:45:00,120625.07382671346
2024-08-09 13:00:00,120662.48447898876
2024-08-09 13:15:00,120760.09902863418
2024-08-09 13:30:00,120710.54849581924
2024-08-09 13:45:00,120728.63444029671
2024-08-09 14:00:00,120836.15909650513
2024-08-09 14:15:00,120731.85522492968
2024-08-09 14:30:00,120736.5625255471
2024-08-09 14:45:00,120791.31586430763
2024-08-09 15:00:00,120759.85127597013
2024-08-09 15:15:00,120726.90017164819
2024-08-12 09:15:00,120282.43189229812
2024-08-12 09:30:00,120279.95436565737
2024-08-12 09:45:00,120028.23765895744
2024-08-12 10:00:00,119966.49013861376
2024-08-12 10:15:00,119966.49013861376
2024-08-12 10:30:00,119966.49013861376
2024-08-12 10:45:00,119966.49013861376
2024-08-12 11:00:00,119966.49013861376
2024-08-12 11:15:00,119984.04116593707
2024-08-12 11:30:00,119814.49628548363
2024-08-12 11:45:00,119826.02828169391
2024-08-12 12:00:00,119678.07522393206
2024-08-12 12:15:00,119694.75981419376
2024-08-12 12:30:00,119869.4572886986
2024-08-12 12:45:00,119750.21154065176
2024-08-12 13:00:00,119759.2899206471
2024-08-12 13:15:00,119811.55194602565
2024-08-12 13:30:00,119832.89840709578
2024-08-12 13:45:00,119853.01806005843
2024-08-12 14:00:00,119909.6965946239
2024-08-12 14:15:00,119775.23842604434
2024-08-12 14:30:00,119799.0385033294
2024-08-12 14:45:00,119486.20243592252
2024-08-12 15:00:00,119470.00856890381
2024-08-12 15:15:00,119421.30931695018
2024-08-13 09:15:00,119421.30931695018
2024-08-13 09:30:00,119421.30931695018
2024-08-13 09:45:00,119421.30931695018
2024-08-13 10:00:00,119421.30931695018
2024-08-13 10:15:00,119421.30931695018
2024-08-13 10:30:00,119421.30931695018
2024-08-13 10:45:00,119421.30931695018
2024-08-13 11:00:00,119421.30931695018
2024-08-13 11:15:00,119421.30931695018
2024-08-13 11:30:00,119421.30931695018
2024-08-13 11:45:00,119421.30931695018
2024-08-13 12:00:00,119421.30931695018
2024-08-13 12:15:00,119421.30931695018
2024-08-13 12:30:00,119421.30931695018
2024-08-13 12:45:00,119421.30931695018
2024-08-13 13:00:00,119421.30931695018
2024-08-13 13:15:00,119421.30931695018
2024-08-13 13:30:00,119421.30931695018
2024-08-13 13:45:00,119421.30931695018
2024-08-13 14:00:00,119421.30931695018
2024-08-13 14:15:00,119421.30931695018
2024-08-13 14:30:00,119421.30931695018
2024-08-13 14:45:00,119421.30931695018
2024-08-13 15:00:00,119421.30931695018
2024-08-13 15:15:00,119421.30931695018
2024-08-14 09:15:00,119421.30931695018
2024-08-14 09:30:00,119421.30931695018
2024-08-14 09:45:00,119421.30931695018
2024-08-14 10:00:00,119421.30931695018
2024-08-14 10:15:00,119421.30931695018
2024-08-14 10:30:00,119421.30931695018
2024-08-14 10:45:00,119421.30931695018
2024-08-14 11:00:00,119421.30931695018
2024-08-14 11:15:00,119421.30931695018
2024-08-14 11:30:00,119421.30931695018
2024-08-14 11:45:00,119421.30931695018
2024-08-14 12:00:00,119421.30931695018
2024-08-14 12:15:00,119421.30931695018
2024-08-14 12:30:00,119421.30931695018
2024-08-14 12:45:00,119421.30931695018
2024-08-14 13:00:00,119421.30931695018
2024-08-14 13:15:00,119421.30931695018
2024-08-14 13:30:00,119421.30931695018
2024-08-14 13:45:00,119421.30931695018
2024-08-14 14:00:00,119421.30931695018
2024-08-14 14:15:00,119421.30931695018
2024-08-14 14:30:00,119421.30931695018
2024-08-14 14:45:00,119421.30931695018
2024-08-14 15:00:00,119421.30931695018
2024-08-14 15:15:00,119421.30931695018
2024-08-16 09:15:00,119421.30931695018
2024-08-16 09:30:00,119117.1025169426
2024-08-16 09:45:00,118944.80493303294
2024-08-16 10:00:00,118919.59662175068
2024-08-16 10:15:00,118645.24208828087
2024-08-16 10:30:00,118738.73310682276
2024-08-16 10:45:00,118733.10406643937
2024-08-16 11:00:00,118622.72592674721
2024-08-16 11:15:00,118561.21299714173
2024-08-16 11:30:00,118561.21299714173
2024-08-16 11:45:00,118561.21299714173
2024-08-16 12:00:00,118670.560653556
2024-08-16 12:15:00,118619.53481031148
2024-08-16 12:30:00,118741.0249132746
2024-08-16 12:45:00,118708.70854588642
2024-08-16 13:00:00,118782.33154828206
2024-08-16 13:15:00,118759.24842871907
2024-08-16 13:30:00,118895.07436383185
2024-08-16 13:45:00,118971.85610890454
2024-08-16 14:00:00,119138.0545697581
2024-08-16 14:15:00,119090.18746919063
2024-08-16 14:30:00,118968.21140581564
2024-08-16 14:45:00,119126.63450007956
2024-08-16 15:00:00,119324.4203877035
2024-08-16 15:15:00,119250.79738530786
2024-08-19 09:15:00,119454.41479787405
2024-08-19 09:30:00,119623.52902119873
2024-08-19 09:45:00,119474.58215496594
2024-08-19 10:00:00,119451.25605519702
2024-08-19 10:15:00,119342.15794273613
2024-08-19 10:30:00,119378.11901321322
2024-08-19 10:45:00,119315.43012008423
2024-08-19 11:00:00,119273.88050487085
2024-08-19 11:15:00,119476.04003620148
2024-08-19 11:30:00,119463.89102590516
2024-08-19 11:45:00,119516.61773059118
2024-08-19 12:00:00,119400.47319215843
2024-08-19 12:15:00,119335.35449697019
2024-08-19 12:30:00,119402.41703380586
2024-08-19 12:45:00,119423.07035130958
2024-08-19 13:00:00,119499.85209638227
2024-08-19 13:15:00,119365.72702271097
2024-08-19 13:30:00,119338.99920005909
2024-08-19 13:45:00,119398.04339009918
2024-08-19 14:00:00,119411.89326183697
2024-08-19 14:15:00,119463.64804569926
2024-08-19 14:30:00,119479.68473929037
2024-08-19 14:45:00,119438.62108448883
2024-08-19 15:00:00,119407.51961813027
2024-08-19 15:15:00,119444.20962922514
2024-08-20 09:15:00,119657.30326982244
2024-08-20 09:30:00,119885.21870298126
2024-08-20 09:45:00,120010.83946944513
2024-08-20 10:00:00,120142.0487806453
2024-08-20 10:15:00,120124.55420581861
2024-08-20 10:30:00,120053.3610054822
2024-08-20 10:45:00,119961.75746784802
2024-08-20 11:00:00,120068.66875845558
2024-08-20 11:15:00,120078.1449864867
2024-08-20 11:30:00,120059.19253042445
2024-08-20 11:45:00,120090.29399678302
2024-08-20 12:00:00,120079.84584792818
2024-08-20 12:15:00,120118.96566108231
2024-08-20 12:30:00,120048.50140136371
2024-08-20 12:45:00,120175.0940886513
2024-08-20 13:00:00,120163.91699917868
2024-08-20 13:15:00,120086.89227390007
2024-08-20 13:30:00,120094.6676404897
2024-08-20 13:45:00,120135.73129529125
2024-08-20 14:00:00,120126.74102767197
2024-08-20 14:15:00,120105.60174975639
2024-08-20 14:30:00,120151.52500867644
2024-08-20 14:45:00,120133.5444734379
2024-08-20 15:00:00,120022.98847974146
2024-08-20 15:15:00,119900.2834757487
2024-08-21 09:15:00,119922.88063489985
2024-08-21 09:30:00,119957.86978455323
2024-08-21 09:45:00,119985.3265478229
2024-08-21 10:00:00,120094.18168007786
2024-08-21 10:15:00,120232.4374172499
2024-08-21 10:30:00,120142.04878064532
2024-08-21 10:45:00,120152.01096908831
2024-08-21 11:00:00,120000.63430079624
2024-08-21 11:15:00,120216.8866840706
2024-08-21 11:30:00,120044.37073786296
2024-08-21 11:45:00,120110.4613538749
2024-08-21 12:00:00,120148.85222641124
2024-08-21 12:15:00,120152.98288991197
2024-08-21 12:30:00,120161.97315753125
2024-08-21 12:45:00,120143.50666188086
2024-08-21 13:00:00,120167.31872206162
2024-08-21 13:15:00,120103.17194769709
2024-08-21 13:30:00,120149.82414723493
2024-08-21 13:45:00,120151.76798888235
2024-08-21 14:00:00,120225.87695168985
2024-08-21 14:15:00,120228.3067537491
2024-08-21 14:30:00,120209.35429768686
2024-08-21 14:45:00,120282.73431987659
2024-08-21 15:00:00,120358.05818371373
2024-08-21 15:15:00,120430.22330487383
2024-08-22 09:15:00,120648.66251000151
2024-08-22 09:30:00,120668.10092647561
2024-08-22 09:45:00,120563.13347751548
2024-08-22 10:00:00,120585.00169604884
2024-08-22 10:15:00,120561.18963586807
2024-08-22 10:30:00,120635.29859867557
2024-08-22 10:45:00,120645.01780691261
2024-08-22 11:00:00,120635.5415788815
2024-08-22 11:15:00,120636.75647991113
2024-08-22 11:30:00,120730.78981960457
2024-08-22 11:45:00,120711.83736354232
2024-08-22 12:00:00,120676.84821388895
2024-08-22 12:15:00,120661.5404609156
2024-08-22 12:30:00,120638.45734135261
2024-08-22 12:45:00,120648.90549020746
2024-08-22 13:00:00,120557.78791298512
2024-08-22 13:15:00,120572.12374513474
2024-08-22 13:30:00,120597.15070634516
2024-08-22 13:45:00,120645.98972773632
2024-08-22 14:00:00,120673.68947121191
2024-08-22 14:15:00,120565.07731916288
2024-08-22 14:30:00,120548.06870474805
2024-08-22 14:45:00,120567.02116081027
2024-08-22 15:00:00,120569.69394307546
2024-08-22 15:15:00,120571.15182431102
2024-08-23 09:15:00,120662.26940153335
2024-08-23 09:30:00,120442.85827558195
2024-08-23 09:45:00,120626.30833105627
2024-08-23 10:00:00,120525.47154559687
2024-08-23 10:15:00,120605.16905314068
2024-08-23 10:30:00,120663.9702629748
2024-08-23 10:45:00,120697.74451159855
2024-08-23 11:00:00,120680.49291697779
2024-08-23 11:15:00,120750.71419649047
2024-08-23 11:30:00,120724.71531445636
2024-08-23 11:45:00,120687.0533825378
2024-08-23 12:00:00,120709.65054168896
2024-08-23 12:15:00,120710.37948230673
2024-08-23 12:30:00,120686.56742212597
2024-08-23 12:45:00,120695.55768974523
2024-08-23 13:00:00,120708.67862086525
2024-08-23 13:15:00,120629.95303414515
2024-08-23 13:30:00,120709.89352189489
2024-08-23 13:45:00,120696.28663036303
2024-08-23 14:00:00,120670.04476812299
2024-08-23 14:15:00,120725.93021548602
2024-08-23 14:30:00,120675.14735244743
2024-08-23 14:45:00,120636.99946011702
2024-08-23 15:00:00,120628.4951529096
2024-08-23 15:15:00,120672.9605305941
2024-08-26 09:15:00,121097.68993055317
2024-08-26 09:30:00,121407.00373269728
2024-08-26 09:45:00,121398.7424056958
2024-08-26 10:00:00,121530.68065751375
2024-08-26 10:15:00,121502.25197342038
2024-08-26 10:30:00,121524.36317215968
2024-08-26 10:45:00,121420.12466381732
2024-08-26 11:00:00,121404.33095043211
2024-08-26 11:15:00,121450.4971895581
2024-08-26 11:30:00,121528.25085545449
2024-08-26 11:45:00,121503.70985465594
2024-08-26 12:00:00,121495.20554744852
2024-08-26 12:15:00,121525.57807318932
2024-08-26 12:30:00,121568.58556963828
2024-08-26 12:45:00,121600.41597661462
2024-08-26 13:00:00,121619.12545247095
2024-08-26 13:15:00,121602.60279846798
2024-08-26 13:30:00,121548.41821254641
2024-08-26 13:45:00,121625.9288982369
2024-08-26 14:00:00,121537.48410327976
2024-08-26 14:15:00,121603.57471929169
2024-08-26 14:30:00,121586.32312467093
2024-08-26 14:45:00,121579.27669869906
2024-08-26 15:00:00,121528.49383566048
2024-08-26 15:15:00,121545.74543028125
2024-08-27 09:15:00,121503.22389424416
2024-08-27 09:30:00,121475.52415076856
2024-08-27 09:45:00,121626.65783885466
2024-08-27 10:00:00,121555.95059893013
2024-08-27 10:15:00,121459.00149676554
2024-08-27 10:30:00,121522.4193305123
2024-08-27 10:45:00,121615.23776917612
2024-08-27 11:00:00,121674.03897901026
2024-08-27 11:15:00,121824.9296868905
2024-08-27 11:30:00,121801.36060691564
2024-08-27 11:45:00,121693.23441527846
2024-08-27 12:00:00,121711.70091092885
2024-08-27 12:15:00,121701.9817026918
2024-08-27 12:30:00,121741.5874762578
2024-08-27 12:45:00,121701.7387224859
2024-08-27 13:00:00,121777.06258632305
2024-08-27 13:15:00,121722.8780004015
2024-08-27 13:30:00,121803.30444856308
2024-08-27 13:45:00,121773.90384364601
2024-08-27 14:00:00,121745.96111996449
2024-08-27 14:15:00,121718.2613764889
2024-08-27 14:30:00,121695.42123713183
2024-08-27 14:45:00,121568.09960922647
2024-08-27 15:00:00,121609.64922443984
2024-08-27 15:15:00,121475.76713097448
2024-08-28 09:15:00,121578.95888058972
2024-08-28 09:30:00,121578.95888058972
2024-08-28 09:45:00,121578.95888058972
2024-08-28 10:00:00,121578.95888058972
2024-08-28 10:15:00,121578.95888058972
2024-08-28 10:30:00,121578.95888058972
2024-08-28 10:45:00,121578.95888058972
2024-08-28 11:00:00,121578.95888058972
2024-08-28 11:15:00,121578.95888058972
2024-08-28 11:30:00,121578.95888058972
2024-08-28 11:45:00,121475.08677791135
2024-08-28 12:00:00,121438.78119653094
2024-08-28 12:15:00,121506.5516151077
2024-08-28 12:30:00,121497.35420115801
2024-08-28 12:45:00,121493.48160581075
2024-08-28 13:00:00,121511.39235929176
2024-08-28 13:15:00,121533.90181974761
2024-08-28 13:30:00,121509.21402440892
2024-08-28 13:45:00,121544.79349416174
2024-08-28 14:00:00,121605.78687088082
2024-08-28 14:15:00,121573.59592205688
2024-08-28 14:30:00,121449.18879652668
2024-08-28 14:45:00,121309.29128960751
2024-08-28 15:00:00,121262.8201454406
2024-08-28 15:15:00,121235.71197800989
2024-08-29 09:15:00,121128.88812961665
2024-08-29 09:30:00,121128.88812961665
2024-08-29 09:45:00,121128.88812961665
2024-08-29 10:00:00,121128.88812961665
2024-08-29 10:15:00,121128.88812961665
2024-08-29 10:30:00,121128.88812961665
2024-08-29 10:45:00,121128.88812961665
2024-08-29 11:00:00,121128.88812961665
2024-08-29 11:15:00,121128.88812961665
2024-08-29 11:30:00,121128.88812961665
2024-08-29 11:45:00,121128.88812961665
2024-08-29 12:00:00,121128.88812961665
2024-08-29 12:15:00,121128.88812961665
2024-08-29 12:30:00,121160.53145797247
2024-08-29 12:45:00,121040.87803005328
2024-08-29 13:00:00,121114.54794744415
2024-08-29 13:15:00,121090.47281104191
2024-08-29 13:30:00,121064.23091236345
2024-08-29 13:45:00,121043.28554369349
2024-08-29 14:00:00,120746.67986321774
2024-08-29 14:15:00,120545.41172289492
2024-08-29 14:30:00,120493.65017963007
2024-08-29 14:45:00,121212.29300123728
2024-08-29 15:00:00,121001.87630908159
2024-08-29 15:15:00,121130.43753746962
2024-08-30 09:15:00,121593.88391321298
2024-08-30 09:30:00,121449.43309479947
2024-08-30 09:45:00,121460.74840890852
2024-08-30 10:00:00,121429.45073158559
2024-08-30 10:15:00,121428.24697476548
2024-08-30 10:30:00,121458.58164663234
2024-08-30 10:45:00,121457.61864117625
2024-08-30 11:00:00,121526.95503401471
2024-08-30 11:15:00,121480.49002075837
2024-08-30 11:30:00,121459.5446520884
2024-08-30 11:45:00,121532.2515640232
2024-08-30 12:00:00,121561.62323043394
2024-08-30 12:15:00,121589.79114002456
2024-08-30 12:30:00,121533.45532084329
2024-08-30 12:45:00,121526.23277992262
2024-08-30 13:00:00,121542.1223699481
2024-08-30 13:15:00,121509.62093580505
2024-08-30 13:30:00,121542.36312131211
2024-08-30 13:45:00,121522.14000673422
2024-08-30 14:00:00,121561.14172770588
2024-08-30 14:15:00,121557.28970588153
2024-08-30 14:30:00,121520.93624991411
2024-08-30 14:45:00,121505.7689139807
2024-08-30 15:00:00,121542.84462404018
2024-08-30 15:15:00,121564.99374953024
2024-09-02 09:15:00,121861.11792727793
2024-09-02 09:30:00,121870.5072304748
2024-09-02 09:45:00,121805.74511355274
2024-09-02 10:00:00,121845.22833725243
2024-09-02 10:15:00,121795.39280489975
2024-09-02 10:30:00,121852.21012680906
2024-09-02 10:45:00,121890.24884232461
2024-09-02 11:00:00,121894.341615513
2024-09-02 11:15:00,121869.06272229063
2024-09-02 11:30:00,121811.52314628926
2024-09-02 11:45:00,121761.20611120854
2024-09-02 12:00:00,121822.59770903426
2024-09-02 12:15:00,121772.52142531757
2024-09-02 12:30:00,121708.48156248758
2024-09-02 12:45:00,121647.86795269468
2024-09-02 13:00:00,121647.86795269468
2024-09-02 13:15:00,121647.86795269468
2024-09-02 13:30:00,121647.86795269468
2024-09-02 13:45:00,121647.86795269468
2024-09-02 14:00:00,121647.86795269468
2024-09-02 14:15:00,121647.86795269468
2024-09-02 14:30:00,121647.86795269468
2024-09-02 14:45:00,121647.86795269468
2024-09-02 15:00:00,121647.86795269468
2024-09-02 15:15:00,121647.86795269468
2024-09-03 09:15:00,121647.86795269468
2024-09-03 09:30:00,121647.86795269468
2024-09-03 09:45:00,121647.86795269468
2024-09-03 10:00:00,121647.86795269468
2024-09-03 10:15:00,121647.86795269468
2024-09-03 10:30:00,121647.86795269468
2024-09-03 10:45:00,121647.86795269468
2024-09-03 11:00:00,121647.86795269468
2024-09-03 11:15:00,121647.86795269468
2024-09-03 11:30:00,121647.86795269468
2024-09-03 11:45:00,121647.86795269468
2024-09-03 12:00:00,121647.86795269468
2024-09-03 12:15:00,121647.86795269468
2024-09-03 12:30:00,121647.86795269468
2024-09-03 12:45:00,121647.86795269468
2024-09-03 13:00:00,121647.86795269468
2024-09-03 13:15:00,121647.86795269468
2024-09-03 13:30:00,121647.86795269468
2024-09-03 13:45:00,121647.86795269468
2024-09-03 14:00:00,121647.86795269468
2024-09-03 14:15:00,121647.86795269468
2024-09-03 14:30:00,121647.86795269468
2024-09-03 14:45:00,121647.86795269468
2024-09-03 15:00:00,121471.70589796684
2024-09-03 15:15:00,121435.90302298356
2024-09-04 09:15:00,120647.03833459361
2024-09-04 09:30:00,120590.55749714935
2024-09-04 09:45:00,120590.55749714935
2024-09-04 10:00:00,120590.55749714935
2024-09-04 10:15:00,120590.55749714935
2024-09-04 10:30:00,120590.55749714935
2024-09-04 10:45:00,120590.55749714935
2024-09-04 11:00:00,120590.55749714935
2024-09-04 11:15:00,120590.55749714935
2024-09-04 11:30:00,120590.55749714935
2024-09-04 11:45:00,120590.55749714935
2024-09-04 12:00:00,120590.55749714935
2024-09-04 12:15:00,120590.55749714935
2024-09-04 12:30:00,120590.55749714935
2024-09-04 12:45:00,120590.55749714935
2024-09-04 13:00:00,120590.55749714935
2024-09-04 13:15:00,120590.55749714935
2024-09-04 13:30:00,120504.40290447278
2024-09-04 13:45:00,120568.09343692506
2024-09-04 14:00:00,120502.72683782931
2024-09-04 14:15:00,120466.09280976462
2024-09-04 14:30:00,120581.98084625677
2024-09-04 14:45:00,120532.89603741196
2024-09-04 15:00:00,120725.16482522845
2024-09-04 15:15:00,120707.20696833401
2024-09-05 09:15:00,120758.68615809808
2024-09-05 09:30:00,120719.41831102224
2024-09-05 09:45:00,120728.2775204235
2024-09-05 10:00:00,120710.31966352905
2024-09-05 10:15:00,120559.2342275238
2024-09-05 10:30:00,120541.27637062936
2024-09-05 10:45:00,120559.47366561572
2024-09-05 11:00:00,120646.15025489288
2024-09-05 11:15:00,120550.61445621446
2024-09-05 11:30:00,120563.30467508653
2024-09-05 11:45:00,120562.58636081076
2024-09-05 12:00:00,120623.64307425186
2024-09-05 12:15:00,120591.31893184186
2024-09-05 12:30:00,120605.20634117354
2024-09-05 12:45:00,120612.1500458394
2024-09-05 13:00:00,120546.54400865169
2024-09-05 13:15:00,120536.72704688272
2024-09-05 13:30:00,120543.91018964049
2024-09-05 13:45:00,120557.07928469642
2024-09-05 14:00:00,120550.37501812249
2024-09-05 14:15:00,120423.47282940176
2024-09-05 14:30:00,120366.37223183451
2024-09-05 14:45:00,120366.37223183451
2024-09-05 15:00:00,120366.37223183451
2024-09-05 15:15:00,120366.37223183451
2024-09-06 09:15:00,120366.37223183451
2024-09-06 09:30:00,120366.37223183451
2024-09-06 09:45:00,120366.37223183451
2024-09-06 10:00:00,120366.37223183451
2024-09-06 10:15:00,120366.37223183451
2024-09-06 10:30:00,120366.37223183451
2024-09-06 10:45:00,120366.37223183451
2024-09-06 11:00:00,120366.37223183451
2024-09-06 11:15:00,120366.37223183451
2024-09-06 11:30:00,120366.37223183451
2024-09-06 11:45:00,120366.37223183451
2024-09-06 12:00:00,120366.37223183451
2024-09-06 12:15:00,120366.37223183451
2024-09-06 12:30:00,120366.37223183451
2024-09-06 12:45:00,120366.37223183451
2024-09-06 13:00:00,120366.37223183451
2024-09-06 13:15:00,120366.37223183451
2024-09-06 13:30:00,120366.37223183451
2024-09-06 13:45:00,120366.37223183451
2024-09-06 14:00:00,120366.37223183451
2024-09-06 14:15:00,120366.37223183451
2024-09-06 14:30:00,120366.37223183451
2024-09-06 14:45:00,120366.37223183451
2024-09-06 15:00:00,120366.37223183451
2024-09-06 15:15:00,120366.37223183451
2024-09-09 09:15:00,120366.37223183451
2024-09-09 09:30:00,120366.37223183451
2024-09-09 09:45:00,120366.37223183451
2024-09-09 10:00:00,120366.37223183451
2024-09-09 10:15:00,120366.37223183451
2024-09-09 10:30:00,120366.37223183451
2024-09-09 10:45:00,120366.37223183451
2024-09-09 11:00:00,120366.37223183451
2024-09-09 11:15:00,120366.37223183451
2024-09-09 11:30:00,120366.37223183451
2024-09-09 11:45:00,120366.37223183451
2024-09-09 12:00:00,120366.37223183451
2024-09-09 12:15:00,120366.37223183451
2024-09-09 12:30:00,120366.37223183451
2024-09-09 12:45:00,120366.37223183451
2024-09-09 13:00:00,120366.37223183451
2024-09-09 13:15:00,120366.37223183451
2024-09-09 13:30:00,120203.61326191877
2024-09-09 13:45:00,120150.99791869911
2024-09-09 14:00:00,120163.06565796968
2024-09-09 14:15:00,120046.49129661599
2024-09-09 14:30:00,120202.64784277715
2024-09-09 14:45:00,120313.18833449554
2024-09-09 15:00:00,120390.42186582717
2024-09-09 15:15:00,120398.62792853116
2024-09-10 09:15:00,120654.94671063803
2024-09-10 09:30:00,120518.82261166604
2024-09-10 09:45:00,120296.53485430215
2024-09-10 10:00:00,120267.33092526738
2024-09-10 10:15:00,120363.39012986112
2024-09-10 10:30:00,120463.79372059225
2024-09-10 10:45:00,120530.6489961512
2024-09-10 11:00:00,120588.33278986451
2024-09-10 11:15:00,120631.29394166775
2024-09-10 11:30:00,120703.70037729117
2024-09-10 11:45:00,120795.8979053183
2024-09-10 12:00:00,120788.41590697055
2024-09-10 12:15:00,120864.44266437514
2024-09-10 12:30:00,121028.80527324027
2024-09-10 12:45:00,121001.29082770337
2024-09-10 13:00:00,121153.10298772712
2024-09-10 13:15:00,121255.43741674154
2024-09-10 13:30:00,121278.84883092644
2024-09-10 13:45:00,121239.7493556898
2024-09-10 14:00:00,121227.68161641923
2024-09-10 14:15:00,121224.30264942347
2024-09-10 14:30:00,121015.28940525722
2024-09-10 14:45:00,120953.01987062108
2024-09-10 15:00:00,120884.71646634968
2024-09-10 15:15:00,120928.88439207994
2024-09-11 09:15:00,120702.25224857868
2024-09-11 09:30:00,120634.90533332185
2024-09-11 09:45:00,120634.90533332185
2024-09-11 10:00:00,120634.90533332185
2024-09-11 10:15:00,120634.90533332185
2024-09-11 10:30:00,120634.90533332185
2024-09-11 10:45:00,120634.90533332185
2024-09-11 11:00:00,120634.90533332185
2024-09-11 11:15:00,120634.90533332185
2024-09-11 11:30:00,120634.90533332185
2024-09-11 11:45:00,120634.90533332185
2024-09-11 12:00:00,120634.90533332185
2024-09-11 12:15:00,120634.90533332185
2024-09-11 12:30:00,120634.90533332185
2024-09-11 12:45:00,120634.90533332185
2024-09-11 13:00:00,120634.90533332185
2024-09-11 13:15:00,120634.90533332185
2024-09-11 13:30:00,120634.90533332185
2024-09-11 13:45:00,120634.90533332185
2024-09-11 14:00:00,120634.90533332185
2024-09-11 14:15:00,120634.90533332185
2024-09-11 14:30:00,120634.90533332185
2024-09-11 14:45:00,120634.90533332185
2024-09-11 15:00:00,120634.90533332185
2024-09-11 15:15:00,120634.90533332185
2024-09-12 09:15:00,120634.90533332185
2024-09-12 09:30:00,120634.90533332185
2024-09-12 09:45:00,120634.90533332185
2024-09-12 10:00:00,120634.90533332185
2024-09-12 10:15:00,120634.90533332185
2024-09-12 10:30:00,120634.90533332185
2024-09-12 10:45:00,120634.90533332185
2024-09-12 11:00:00,120634.90533332185
2024-09-12 11:15:00,120634.90533332185
2024-09-12 11:30:00,120634.90533332185
2024-09-12 11:45:00,120634.90533332185
2024-09-12 12:00:00,120634.90533332185
2024-09-12 12:15:00,120634.90533332185
2024-09-12 12:30:00,120634.90533332185
2024-09-12 12:45:00,120634.90533332185
2024-09-12 13:00:00,120634.90533332185
2024-09-12 13:15:00,120634.90533332185
2024-09-12 13:30:00,120634.90533332185
2024-09-12 13:45:00,120634.90533332185
2024-09-12 14:00:00,121509.36056245901
2024-09-12 14:15:00,121736.42499419165
2024-09-12 14:30:00,121767.76084995094
2024-09-12 14:45:00,122200.19565942904
2024-09-12 15:00:00,122522.95497374964
2024-09-12 15:15:00,122040.8648851453
2024-09-13 09:15:00,122045.44474098705
2024-09-13 09:30:00,122160.42322711917
2024-09-13 09:45:00,122096.78733542339
2024-09-13 10:00:00,122094.13583993606
2024-09-13 10:15:00,122222.13075846051
2024-09-13 10:30:00,122253.4666142198
2024-09-13 10:45:00,122296.61367714989
2024-09-13 11:00:00,122365.79360486461
2024-09-13 11:15:00,122276.3658934285
2024-09-13 11:30:00,122278.29425378292
2024-09-13 11:45:00,122297.8189023714
2024-09-13 12:00:00,122337.83237972554
2024-09-13 12:15:00,122380.73839761135
2024-09-13 12:30:00,122353.5003076052
2024-09-13 12:45:00,122371.81973097216
2024-09-13 13:00:00,122379.29212734554
2024-09-13 13:15:00,122226.46956925796
2024-09-13 13:30:00,122281.18679431453
2024-09-13 13:45:00,122331.32416352938
2024-09-13 14:00:00,122380.97944265562
2024-09-13 14:15:00,122306.73756901054
2024-09-13 14:30:00,122284.32037989044
2024-09-13 14:45:00,122291.55173121952
2024-09-13 15:00:00,122231.29047014397
2024-09-13 15:15:00,122178.74265048609
2024-09-16 09:15:00,122438.10711815523
2024-09-16 09:30:00,122618.89090138185
2024-09-16 09:45:00,122533.80200074319
2024-09-16 10:00:00,122495.95792878774
2024-09-16 10:15:00,122490.4138927688
2024-09-16 10:30:00,122457.87281178801
2024-09-16 10:45:00,122409.90484797188
2024-09-16 11:00:00,122374.47122645946
2024-09-16 11:15:00,122359.04434362412
2024-09-16 11:30:00,122288.65919068787
2024-09-16 11:45:00,122227.03301204898
2024-09-16 12:00:00,122227.03301204898
2024-09-16 12:15:00,122227.03301204898
2024-09-16 12:30:00,122227.03301204898
2024-09-16 12:45:00,122227.03301204898
2024-09-16 13:00:00,122227.03301204898
2024-09-16 13:15:00,122227.03301204898
2024-09-16 13:30:00,122227.03301204898
2024-09-16 13:45:00,122127.7019343835
2024-09-16 14:00:00,122128.4230204431
2024-09-16 14:15:00,122080.35061646892
2024-09-16 14:30:00,122054.39151832287
2024-09-16 14:45:00,122062.80418901837
2024-09-16 15:00:00,122038.52762501141
2024-09-16 15:15:00,121994.30101335517
2024-09-17 09:15:00,122002.47332203078
2024-09-17 09:30:00,122055.59332842226
2024-09-17 09:45:00,121930.36471606953
2024-09-17 10:00:00,121978.43712004372
2024-09-17 10:15:00,122013.52997494487
2024-09-17 10:30:00,122117.60672954898
2024-09-17 10:45:00,122148.8537921322
2024-09-17 11:00:00,122110.63623097274
2024-09-17 11:15:00,122190.67678358973
2024-09-17 11:30:00,122139.72003537712
2024-09-17 11:45:00,122209.18465911981
2024-09-17 12:00:00,122164.23696140395
2024-09-17 12:15:00,122187.31171531156
2024-09-17 12:30:00,122234.18230918639
2024-09-17 12:45:00,122230.8172409082
2024-09-17 13:00:00,122227.45217263
2024-09-17 13:15:00,122213.99189951723
2024-09-17 13:30:00,122281.53362710096
2024-09-17 13:45:00,122229.1347067691
2024-09-17 14:00:00,122229.8557928287
2024-09-17 14:15:00,122241.87389382224
2024-09-17 14:30:00,122212.54972739799
2024-09-17 14:45:00,122185.86954319233
2024-09-17 15:00:00,122192.59967974872
2024-09-17 15:15:00,122138.2778632579
2024-09-18 09:15:00,122123.13505600602
2024-09-18 09:30:00,122265.91009580935
2024-09-18 09:45:00,122256.53597703438
2024-09-18 10:00:00,122170.72673594048
2024-09-18 10:15:00,122220.24131203388
2024-09-18 10:30:00,122423.58758084464
2024-09-18 10:45:00,122409.40622167225
2024-09-18 11:00:00,122398.34956875819
2024-09-18 11:15:00,122378.3995211089
2024-09-18 11:30:00,122402.435723096
2024-09-18 11:45:00,122406.76223945367
2024-09-18 12:00:00,122405.32006733444
2024-09-18 12:15:00,122461.32441796434
2024-09-18 12:30:00,122470.6985367393
2024-09-18 12:45:00,122233.94194716647
2024-09-18 13:00:00,121980.84074024242
2024-09-18 13:15:00,121921.23095931443
2024-09-18 13:30:00,121861.95203670679
2024-09-18 13:45:00,121861.95203670679
2024-09-18 14:00:00,121861.95203670679
2024-09-18 14:15:00,121861.95203670679
2024-09-18 14:30:00,121861.95203670679
2024-09-18 14:45:00,121861.95203670679
2024-09-18 15:00:00,121861.95203670679
2024-09-18 15:15:00,121861.95203670679
2024-09-19 09:15:00,121861.95203670679
2024-09-19 09:30:00,121993.50484197354
2024-09-19 09:45:00,121614.01639693993
2024-09-19 10:00:00,121555.65188405027
2024-09-19 10:15:00,121553.26965903437
2024-09-19 10:30:00,121482.7557985636
2024-09-19 10:45:00,121549.93454401211
2024-09-19 11:00:00,121521.10962131967
2024-09-19 11:15:00,121207.84703172822
2024-09-19 11:30:00,121129.94827370814
2024-09-19 11:45:00,121069.14519618095
2024-09-19 12:00:00,121069.14519618095
2024-09-19 12:15:00,121069.14519618095
2024-09-19 12:30:00,121069.14519618095
2024-09-19 12:45:00,121069.14519618095
2024-09-19 13:00:00,121069.14519618095
2024-09-19 13:15:00,121069.14519618095
2024-09-19 13:30:00,121069.14519618095
2024-09-19 13:45:00,121069.14519618095
2024-09-19 14:00:00,121069.14519618095
2024-09-19 14:15:00,121069.14519618095
2024-09-19 14:30:00,121069.14519618095
2024-09-19 14:45:00,121069.14519618095
2024-09-19 15:00:00,121069.14519618095
2024-09-19 15:15:00,121069.14519618095
2024-09-20 09:15:00,121069.14519618095
2024-09-20 09:30:00,120870.45830751011
2024-09-20 09:45:00,121465.5577171224
2024-09-20 10:00:00,121315.5366453733
2024-09-20 10:15:00,121451.5525854243
2024-09-20 10:30:00,121904.7016771474
2024-09-20 10:45:00,121863.87315762074
2024-09-20 11:00:00,122021.4902330027
2024-09-20 11:15:00,121985.64659086011
2024-09-20 11:30:00,121959.29795325862
2024-09-20 11:45:00,122013.41947914279
2024-09-20 12:00:00,122058.75812582644
2024-09-20 12:15:00,122042.61661810661
2024-09-20 12:30:00,122123.3241567058
2024-09-20 12:45:00,122335.7748833125
2024-09-20 13:00:00,122419.330923274
2024-09-20 13:15:00,122401.05303953243
2024-09-20 13:30:00,121307.46589151339
2024-09-20 13:45:00,121848.20640012797
2024-09-20 14:00:00,121891.64604590343
2024-09-20 14:15:00,121763.70085971236
2024-09-20 14:30:00,121748.98360267367
2024-09-20 14:45:00,122022.67710857037
2024-09-20 15:00:00,122451.6139387137
2024-09-20 15:15:00,122582.17025115356
2024-09-23 09:15:00,122922.32878883778
2024-09-23 09:30:00,122921.37928838367
2024-09-23 09:45:00,122980.01094142486
2024-09-23 10:00:00,122946.303675304
2024-09-23 10:15:00,122921.61666349719
2024-09-23 10:30:00,122839.01012398979
2024-09-23 10:45:00,122886.95989692223
2024-09-23 11:00:00,122872.24263988355
2024-09-23 11:15:00,122810.52511036652
2024-09-23 11:30:00,122788.68659992203
2024-09-23 11:45:00,122865.12138647774
2024-09-23 12:00:00,122804.82810764188
2024-09-23 12:15:00,122802.69173162013
2024-09-23 12:30:00,122821.6817407023
2024-09-23 12:45:00,122829.98986967576
2024-09-23 13:00:00,122882.44976976523
2024-09-23 13:15:00,122931.58641826533
2024-09-23 13:30:00,122984.75844369539
2024-09-23 13:45:00,122989.03119573886
2024-09-23 14:00:00,122994.49082335
2024-09-23 14:15:00,123100.8348742101
2024-09-23 14:30:00,123094.90049637192
2024-09-23 14:45:00,123074.72361172212
2024-09-23 15:00:00,123144.27451998556
2024-09-23 15:15:00,123103.4460004589
2024-09-24 09:15:00,123114.12788056763
2024-09-24 09:30:00,123224.26993324417
2024-09-24 09:45:00,123262.48732652202
2024-09-24 10:00:00,123226.88105949297
2024-09-24 10:15:00,123289.07333923705
2024-09-24 10:30:00,123203.85567348084
2024-09-24 10:45:00,123247.2953192563
2024-09-24 11:00:00,123192.69904314508
2024-09-24 11:15:00,123104.39550091301
2024-09-24 11:30:00,123066.65285786222
2024-09-24 11:45:00,123015.61720845391
2024-09-24 12:00:00,122952.92311771985
2024-09-24 12:15:00,122952.92311771985
2024-09-24 12:30:00,122952.92311771985
2024-09-24 12:45:00,122952.92311771985
2024-09-24 13:00:00,122952.92311771985
2024-09-24 13:15:00,122868.01811649748
2024-09-24 13:30:00,122906.35572685601
2024-09-24 13:45:00,122893.10321957158
2024-09-24 14:00:00,122933.09739334066
2024-09-24 14:15:00,122932.86074142485
2024-09-24 14:30:00,122960.0757117411
2024-09-24 14:45:00,122824.71081590731
2024-09-24 15:00:00,122794.65602260156
2024-09-24 15:15:00,122831.33706954953
2024-09-25 09:15:00,122770.99083102222
2024-09-25 09:30:00,122709.84186919655
2024-09-25 09:45:00,122709.84186919655
2024-09-25 10:00:00,122709.84186919655
2024-09-25 10:15:00,122709.84186919655
2024-09-25 10:30:00,122709.84186919655
2024-09-25 10:45:00,122709.84186919655
2024-09-25 11:00:00,122709.84186919655
2024-09-25 11:15:00,122709.84186919655
2024-09-25 11:30:00,122709.84186919655
2024-09-25 11:45:00,122709.84186919655
2024-09-25 12:00:00,122709.84186919655
2024-09-25 12:15:00,122709.84186919655
2024-09-25 12:30:00,122709.84186919655
2024-09-25 12:45:00,122709.84186919655
2024-09-25 13:00:00,122709.84186919655
2024-09-25 13:15:00,122709.84186919655
2024-09-25 13:30:00,122709.84186919655
2024-09-25 13:45:00,122709.84186919655
2024-09-25 14:00:00,122709.84186919655
2024-09-25 14:15:00,122598.61638874203
2024-09-25 14:30:00,122609.72499678675
2024-09-25 14:45:00,122566.70868478378
2024-09-25 15:00:00,122986.70861021942
2024-09-25 15:15:00,122967.56398784446
2024-09-26 09:15:00,123136.55664214186
2024-09-26 09:30:00,123050.99672486122
2024-09-26 09:45:00,123120.95732020671
2024-09-26 10:00:00,123204.15370386081
2024-09-26 10:15:00,123215.4986652682
2024-09-26 10:30:00,123215.26231190555
2024-09-26 10:45:00,123208.17171102593
2024-09-26 11:00:00,123250.24260957829
2024-09-26 11:15:00,123204.39005722347
2024-09-26 11:30:00,123238.4249414456
2024-09-26 11:45:00,123286.40467406431
2024-09-26 12:00:00,123355.65620932182
2024-09-26 12:15:00,123342.89312773854
2024-09-26 12:30:00,123349.03831516752
2024-09-26 12:45:00,123343.36583446382
2024-09-26 13:00:00,123337.69335376013
2024-09-26 13:15:00,123405.99947556706
2024-09-26 13:30:00,123342.18406765057
2024-09-26 13:45:00,123355.65620932181
2024-09-26 14:00:00,123315.948844396
2024-09-26 14:15:00,123424.6713912167
2024-09-26 14:30:00,123801.41865128672
2024-09-26 14:45:00,123911.08661155801
2024-09-26 15:00:00,123884.85138830345
2024-09-26 15:15:00,123776.60154820807
2024-09-27 09:15:00,123993.81028848683
2024-09-27 09:30:00,124042.26272783084
2024-09-27 09:45:00,124136.33136616701
2024-09-27 10:00:00,124143.42196704663
2024-09-27 10:15:00,124156.18504862992
2024-09-27 10:30:00,124163.27564950952
2024-09-27 10:45:00,124120.73204423185
2024-09-27 11:00:00,124042.97178791878
2024-09-27 11:15:00,124008.46419697134
2024-09-27 11:30:00,123954.33927692364
2024-09-27 11:45:00,123912.50473173395
2024-09-27 12:00:00,123854.80071271559
2024-09-27 12:15:00,123854.80071271559
2024-09-27 12:30:00,123854.80071271559
2024-09-27 12:45:00,123854.80071271559
2024-09-27 13:00:00,123854.80071271559
2024-09-27 13:15:00,123854.80071271559
2024-09-27 13:30:00,123854.80071271559
2024-09-27 13:45:00,123854.80071271559
2024-09-27 14:00:00,123854.80071271559
2024-09-27 14:15:00,123854.80071271559
2024-09-27 14:30:00,123854.80071271559
2024-09-27 14:45:00,123854.80071271559
2024-09-27 15:00:00,123854.80071271559
2024-09-27 15:15:00,123854.80071271559
2024-09-30 09:15:00,123854.80071271559
2024-09-30 09:30:00,123854.80071271559
2024-09-30 09:45:00,123854.80071271559
2024-09-30 10:00:00,123854.80071271559
2024-09-30 10:15:00,123854.80071271559
2024-09-30 10:30:00,123854.80071271559
2024-09-30 10:45:00,123854.80071271559
2024-09-30 11:00:00,123854.80071271559
2024-09-30 11:15:00,123854.80071271559
2024-09-30 11:30:00,123854.80071271559
2024-09-30 11:45:00,123854.80071271559
2024-09-30 12:00:00,123854.80071271559
2024-09-30 12:15:00,123854.80071271559
2024-09-30 12:30:00,123854.80071271559
2024-09-30 12:45:00,123854.80071271559
2024-09-30 13:00:00,123854.80071271559
2024-09-30 13:15:00,123854.80071271559
2024-09-30 13:30:00,123854.80071271559
2024-09-30 13:45:00,123854.80071271559
2024-09-30 14:00:00,123854.80071271559
2024-09-30 14:15:00,123854.80071271559
2024-09-30 14:30:00,123854.80071271559
2024-09-30 14:45:00,123854.80071271559
2024-09-30 15:00:00,123854.80071271559
2024-09-30 15:15:00,123854.80071271559
2024-10-01 09:15:00,123854.80071271559
2024-10-01 09:30:00,123854.80071271559
2024-10-01 09:45:00,123854.80071271559
2024-10-01 10:00:00,123854.80071271559
2024-10-01 10:15:00,123854.80071271559
2024-10-01 10:30:00,123854.80071271559
2024-10-01 10:45:00,123854.80071271559
2024-10-01 11:00:00,123854.80071271559
2024-10-01 11:15:00,123854.80071271559
2024-10-01 11:30:00,123854.80071271559
2024-10-01 11:45:00,123854.80071271559
2024-10-01 12:00:00,123854.80071271559
2024-10-01 12:15:00,123854.80071271559
2024-10-01 12:30:00,123854.80071271559
2024-10-01 12:45:00,123854.80071271559
2024-10-01 13:00:00,123854.80071271559
2024-10-01 13:15:00,123854.80071271559
2024-10-01 13:30:00,123854.80071271559
2024-10-01 13:45:00,123854.80071271559
2024-10-01 14:00:00,123854.80071271559
2024-10-01 14:15:00,123854.80071271559
2024-10-01 14:30:00,123854.80071271559
2024-10-01 14:45:00,123854.80071271559
2024-10-01 15:00:00,123854.80071271559
2024-10-01 15:15:00,123854.80071271559
2024-10-03 09:15:00,123854.80071271559
2024-10-03 09:30:00,123854.80071271559
2024-10-03 09:45:00,123854.80071271559
2024-10-03 10:00:00,123854.80071271559
2024-10-03 10:15:00,123854.80071271559
2024-10-03 10:30:00,123854.80071271559
2024-10-03 10:45:00,123854.80071271559
2024-10-03 11:00:00,123854.80071271559
2024-10-03 11:15:00,123854.80071271559
2024-10-03 11:30:00,123854.80071271559
2024-10-03 11:45:00,123854.80071271559
2024-10-03 12:00:00,123854.80071271559
2024-10-03 12:15:00,123854.80071271559
2024-10-03 12:30:00,123854.80071271559
2024-10-03 12:45:00,123854.80071271559
2024-10-03 13:00:00,123854.80071271559
2024-10-03 13:15:00,123854.80071271559
2024-10-03 13:30:00,123854.80071271559
2024-10-03 13:45:00,123854.80071271559
2024-10-03 14:00:00,123854.80071271559
2024-10-03 14:15:00,123854.80071271559
2024-10-03 14:30:00,123854.80071271559
2024-10-03 14:45:00,123854.80071271559
2024-10-03 15:00:00,123854.80071271559
2024-10-03 15:15:00,123854.80071271559
2024-10-04 09:15:00,123854.80071271559
2024-10-04 09:30:00,123854.80071271559
2024-10-04 09:45:00,123854.80071271559
2024-10-04 10:00:00,123854.80071271559
2024-10-04 10:15:00,123854.80071271559
2024-10-04 10:30:00,123854.80071271559
2024-10-04 10:45:00,123854.80071271559
2024-10-04 11:00:00,123854.80071271559
2024-10-04 11:15:00,123854.80071271559
2024-10-04 11:30:00,123854.80071271559
2024-10-04 11:45:00,123854.80071271559
2024-10-04 12:00:00,124026.6207251717
2024-10-04 12:15:00,123995.69789035172
2024-10-04 12:30:00,122732.48791361113
2024-10-04 12:45:00,122314.42092632054
2024-10-04 13:00:00,122300.54217368482
2024-10-04 13:15:00,122231.11748767132
2024-10-04 13:30:00,122231.11748767132
2024-10-04 13:45:00,122231.11748767132
2024-10-04 14:00:00,122231.11748767132
2024-10-04 14:15:00,122231.11748767132
2024-10-04 14:30:00,122231.11748767132
2024-10-04 14:45:00,122231.11748767132
2024-10-04 15:00:00,122231.11748767132
2024-10-04 15:15:00,122231.11748767132
2024-10-07 09:15:00,122231.11748767132
2024-10-07 09:30:00,122231.11748767132
2024-10-07 09:45:00,122231.11748767132
2024-10-07 10:00:00,122231.11748767132
2024-10-07 10:15:00,122231.11748767132
2024-10-07 10:30:00,122231.11748767132
2024-10-07 10:45:00,122231.11748767132
2024-10-07 11:00:00,122231.11748767132
2024-10-07 11:15:00,122231.11748767132
2024-10-07 11:30:00,122231.11748767132
2024-10-07 11:45:00,122231.11748767132
2024-10-07 12:00:00,122231.11748767132
2024-10-07 12:15:00,122231.11748767132
2024-10-07 12:30:00,122231.11748767132
2024-10-07 12:45:00,122231.11748767132
2024-10-07 13:00:00,122231.11748767132
2024-10-07 13:15:00,122231.11748767132
2024-10-07 13:30:00,122231.11748767132
2024-10-07 13:45:00,122231.11748767132
2024-10-07 14:00:00,122231.11748767132
2024-10-07 14:15:00,122231.11748767132
2024-10-07 14:30:00,122231.11748767132
2024-10-07 14:45:00,122231.11748767132
2024-10-07 15:00:00,122231.11748767132
2024-10-07 15:15:00,122231.11748767132
2024-10-08 09:15:00,122231.11748767132
2024-10-08 09:30:00,122231.11748767132
2024-10-08 09:45:00,122231.11748767132
2024-10-08 10:00:00,122231.11748767132
2024-10-08 10:15:00,122231.11748767132
2024-10-08 10:30:00,122231.11748767132
2024-10-08 10:45:00,122037.64351557681
2024-10-08 11:00:00,122249.66208511079
2024-10-08 11:15:00,122425.6497532326
2024-10-08 11:30:00,122361.43141194024
2024-10-08 11:45:00,122239.61265002302
2024-10-08 12:00:00,122212.40564283426
2024-10-08 12:15:00,122214.6116163901
2024-10-08 12:30:00,122139.85362366425
2024-10-08 12:45:00,122116.56834724145
2024-10-08 13:00:00,122432.26767390012
2024-10-08 13:15:00,122391.08950085768
2024-10-08 13:30:00,122527.61475314717
2024-10-08 13:45:00,122587.6662555007
2024-10-08 14:00:00,122731.78986114924
2024-10-08 14:15:00,122719.28934433279
2024-10-08 14:30:00,122403.09980132838
2024-10-08 14:45:00,122391.33460903053
2024-10-08 15:00:00,122607.76512567617
2024-10-08 15:15:00,122747.72189238587
2024-10-09 09:15:00,122825.91139953192
2024-10-09 09:30:00,122978.36868305807
2024-10-09 09:45:00,122931.30791386672
2024-10-09 10:00:00,123392.35638703826
2024-10-09 10:15:00,123130.58085841135
2024-10-09 10:30:00,123435.74053363653
2024-10-09 10:45:00,123536.97020903253
2024-10-09 11:00:00,123610.99287723975
2024-10-09 11:15:00,123595.55106234885
2024-10-09 11:30:00,123361.47275725644
2024-10-09 11:45:00,123154.11124300704
2024-10-09 12:00:00,123131.31618292998
2024-10-09 12:15:00,123224.21218044835
2024-10-09 12:30:00,123214.89806987921
2024-10-09 12:45:00,123242.84040158658
2024-10-09 13:00:00,123065.62719260038
2024-10-09 13:15:00,122997.4797672969
2024-10-09 13:30:00,122997.4797672969
2024-10-09 13:45:00,122997.4797672969
2024-10-09 14:00:00,122997.4797672969
2024-10-09 14:15:00,122997.4797672969
2024-10-09 14:30:00,122997.4797672969
2024-10-09 14:45:00,122997.4797672969
2024-10-09 15:00:00,122997.4797672969
2024-10-09 15:15:00,122997.4797672969
2024-10-10 09:15:00,122997.4797672969
2024-10-10 09:30:00,122997.4797672969
2024-10-10 09:45:00,122997.4797672969
2024-10-10 10:00:00,122997.4797672969
2024-10-10 10:15:00,122997.4797672969
2024-10-10 10:30:00,122997.4797672969
2024-10-10 10:45:00,122997.4797672969
2024-10-10 11:00:00,122997.4797672969
2024-10-10 11:15:00,122997.4797672969
2024-10-10 11:30:00,122997.4797672969
2024-10-10 11:45:00,122997.4797672969
2024-10-10 12:00:00,122997.4797672969
2024-10-10 12:15:00,122997.4797672969
2024-10-10 12:30:00,122997.4797672969
2024-10-10 12:45:00,122997.4797672969
2024-10-10 13:00:00,122997.4797672969
2024-10-10 13:15:00,122997.4797672969
2024-10-10 13:30:00,122997.4797672969
2024-10-10 13:45:00,122997.4797672969
2024-10-10 14:00:00,122997.4797672969
2024-10-10 14:15:00,122997.4797672969
2024-10-10 14:30:00,122997.4797672969
2024-10-10 14:45:00,122997.4797672969
2024-10-10 15:00:00,122997.4797672969
2024-10-10 15:15:00,122997.4797672969
2024-10-11 09:15:00,122997.4797672969
2024-10-11 09:30:00,122997.4797672969
2024-10-11 09:45:00,122997.4797672969
2024-10-11 10:00:00,122997.4797672969
2024-10-11 10:15:00,122997.4797672969
2024-10-11 10:30:00,122997.4797672969
2024-10-11 10:45:00,122997.4797672969
2024-10-11 11:00:00,122997.4797672969
2024-10-11 11:15:00,122997.4797672969
2024-10-11 11:30:00,122997.4797672969
2024-10-11 11:45:00,122997.4797672969
2024-10-11 12:00:00,122997.4797672969
2024-10-11 12:15:00,122997.4797672969
2024-10-11 12:30:00,122997.4797672969
2024-10-11 12:45:00,122997.4797672969
2024-10-11 13:00:00,122997.4797672969
2024-10-11 13:15:00,122997.4797672969
2024-10-11 13:30:00,122997.4797672969
2024-10-11 13:45:00,122997.4797672969
2024-10-11 14:00:00,122997.4797672969
2024-10-11 14:15:00,122997.4797672969
2024-10-11 14:30:00,122997.4797672969
2024-10-11 14:45:00,122997.4797672969
2024-10-11 15:00:00,122997.4797672969
2024-10-11 15:15:00,122997.4797672969
2024-10-14 09:15:00,122997.4797672969
2024-10-14 09:30:00,123186.11383867105
2024-10-14 09:45:00,123226.37073861832
2024-10-14 10:00:00,123226.12526971621
2024-10-14 10:15:00,123222.68870508656
2024-10-14 10:30:00,123186.8502453774
2024-10-14 10:45:00,123174.57680027152
2024-10-14 11:00:00,123232.75293007336
2024-10-14 11:15:00,123289.21077756041
2024-10-14 11:30:00,123372.42473537827
2024-10-14 11:45:00,123429.37352066954
2024-10-14 12:00:00,123493.44090412224
2024-10-14 12:15:00,123327.25845738867
2024-10-14 12:30:00,123410.47241520652
2024-10-14 12:45:00,123268.34592088046
2024-10-14 13:00:00,123252.14497334069
2024-10-14 13:15:00,123247.23559529835
2024-10-14 13:30:00,123287.2470263435
2024-10-14 13:45:00,123369.72457745501
2024-10-14 14:00:00,123389.85302742863
2024-10-14 14:15:00,123334.62252445219
2024-10-14 14:30:00,123403.108348143
2024-10-14 14:45:00,123328.48580189925
2024-10-14 15:00:00,123339.28643359244
2024-10-14 15:15:00,123433.05555420135
2024-10-15 09:15:00,123599.48346983704
2024-10-15 09:30:00,123507.92356934719
2024-10-15 09:45:00,123165.98538869746
2024-10-15 10:00:00,123005.9396645168
2024-10-15 10:15:00,122897.44240978085
2024-10-15 10:30:00,122838.93784258795
2024-10-15 10:45:00,122838.93784258795
2024-10-15 11:00:00,122838.93784258795
2024-10-15 11:15:00,122838.93784258795
2024-10-15 11:30:00,122838.93784258795
2024-10-15 11:45:00,122838.93784258795
2024-10-15 12:00:00,122838.93784258795
2024-10-15 12:15:00,122838.93784258795
2024-10-15 12:30:00,122838.93784258795
2024-10-15 12:45:00,122838.93784258795
2024-10-15 13:00:00,122838.93784258795
2024-10-15 13:15:00,122838.93784258795
2024-10-15 13:30:00,122838.93784258795
2024-10-15 13:45:00,122838.93784258795
2024-10-15 14:00:00,122838.93784258795
2024-10-15 14:15:00,122838.93784258795
2024-10-15 14:30:00,122838.93784258795
2024-10-15 14:45:00,122838.93784258795
2024-10-15 15:00:00,122838.93784258795
2024-10-15 15:15:00,122838.93784258795
2024-10-16 09:15:00,122838.93784258795
2024-10-16 09:30:00,122838.93784258795
2024-10-16 09:45:00,122838.93784258795
2024-10-16 10:00:00,122838.93784258795
2024-10-16 10:15:00,122838.93784258795
2024-10-16 10:30:00,122838.93784258795
2024-10-16 10:45:00,122838.93784258795
2024-10-16 11:00:00,122838.93784258795
2024-10-16 11:15:00,122838.93784258795
2024-10-16 11:30:00,122838.93784258795
2024-10-16 11:45:00,122838.93784258795
2024-10-16 12:00:00,122838.93784258795
2024-10-16 12:15:00,122838.93784258795
2024-10-16 12:30:00,122838.93784258795
2024-10-16 12:45:00,122838.93784258795
2024-10-16 13:00:00,122838.93784258795
2024-10-16 13:15:00,122838.93784258795
2024-10-16 13:30:00,122838.93784258795
2024-10-16 13:45:00,122838.93784258795
2024-10-16 14:00:00,122838.93784258795
2024-10-16 14:15:00,122838.93784258795
2024-10-16 14:30:00,122646.65684777201
2024-10-16 14:45:00,122529.02850988918
2024-10-16 15:00:00,122373.66108026892
2024-10-16 15:15:00,122332.98128008444
2024-10-17 09:15:00,122238.63355074091
2024-10-17 09:30:00,121795.32175234494
2024-10-17 09:45:00,121726.70522191329
2024-10-17 10:00:00,121666.57667882554
2024-10-17 10:15:00,121666.57667882554
2024-10-17 10:30:00,121666.57667882554
2024-10-17 10:45:00,121666.57667882554
2024-10-17 11:00:00,121666.57667882554
2024-10-17 11:15:00,121666.57667882554
2024-10-17 11:30:00,121666.57667882554
2024-10-17 11:45:00,121666.57667882554
2024-10-17 12:00:00,121666.57667882554
2024-10-17 12:15:00,121666.57667882554
2024-10-17 12:30:00,121666.57667882554
2024-10-17 12:45:00,121666.57667882554
2024-10-17 13:00:00,121666.57667882554
2024-10-17 13:15:00,121666.57667882554
2024-10-17 13:30:00,121666.57667882554
2024-10-17 13:45:00,121666.57667882554
2024-10-17 14:00:00,121666.57667882554
2024-10-17 14:15:00,121666.57667882554
2024-10-17 14:30:00,121666.57667882554
2024-10-17 14:45:00,121666.57667882554
2024-10-17 15:00:00,121666.57667882554
2024-10-17 15:15:00,121666.57667882554
2024-10-18 09:15:00,121666.57667882554
2024-10-18 09:30:00,121666.57667882554
2024-10-18 09:45:00,121666.57667882554
2024-10-18 10:00:00,121666.57667882554
2024-10-18 10:15:00,121666.57667882554
2024-10-18 10:30:00,121666.57667882554
2024-10-18 10:45:00,121666.57667882554
2024-10-18 11:00:00,121666.57667882554
2024-10-18 11:15:00,121666.57667882554
2024-10-18 11:30:00,121666.57667882554
2024-10-18 11:45:00,121666.57667882554
2024-10-18 12:00:00,121666.57667882554
2024-10-18 12:15:00,121666.57667882554
2024-10-18 12:30:00,121657.39156249781
2024-10-18 12:45:00,121617.98229380645
2024-10-18 13:00:00,121512.23816911907
2024-10-18 13:15:00,121677.21858587668
2024-10-18 13:30:00,121743.06388573987
2024-10-18 13:45:00,121744.0429980055
2024-10-18 14:00:00,121757.50579165784
2024-10-18 14:15:00,121798.38372874763
2024-10-18 14:30:00,121715.64874230244
2024-10-18 14:45:00,121781.98359829845
2024-10-18 15:00:00,121619.69574027129
2024-10-18 15:15:00,121716.62785456807
2024-10-21 09:15:00,121863.98425054447
2024-10-21 09:30:00,121274.06911050608
2024-10-21 09:45:00,121133.07694425625
2024-10-21 10:00:00,121429.74796074028
2024-10-21 10:15:00,121426.81062394341
2024-10-21 10:30:00,121498.04104126756
2024-10-21 10:45:00,121521.53973564251
2024-10-21 11:00:00,121452.0227647832
2024-10-21 11:15:00,121400.37459277155
2024-10-21 11:30:00,121238.3315128108
2024-10-21 11:45:00,121179.18028111864
2024-10-21 12:00:00,121179.18028111864
2024-10-21 12:15:00,121179.18028111864
2024-10-21 12:30:00,121179.18028111864
2024-10-21 12:45:00,121179.18028111864
2024-10-21 13:00:00,121179.18028111864
2024-10-21 13:15:00,121179.18028111864
2024-10-21 13:30:00,121179.18028111864
2024-10-21 13:45:00,121179.18028111864
2024-10-21 14:00:00,121179.18028111864
2024-10-21 14:15:00,121179.18028111864
2024-10-21 14:30:00,121179.18028111864
2024-10-21 14:45:00,121179.18028111864
2024-10-21 15:00:00,121179.18028111864
2024-10-21 15:15:00,121179.18028111864
2024-10-22 09:15:00,121179.18028111864
2024-10-22 09:30:00,121179.18028111864
2024-10-22 09:45:00,121179.18028111864
2024-10-22 10:00:00,120626.97844978656
2024-10-22 10:15:00,120045.71640445308
2024-10-22 10:30:00,120193.58985856768
2024-10-22 10:45:00,120436.7162295831
2024-10-22 11:00:00,120489.8239939933
2024-10-22 11:15:00,120328.06456478062
2024-10-22 11:30:00,120266.19608995835
2024-10-22 11:45:00,120266.19608995835
2024-10-22 12:00:00,120266.19608995835
2024-10-22 12:15:00,120266.19608995835
2024-10-22 12:30:00,120266.19608995835
2024-10-22 12:45:00,120266.19608995835
2024-10-22 13:00:00,120266.19608995835
2024-10-22 13:15:00,120266.19608995835
2024-10-22 13:30:00,120266.19608995835
2024-10-22 13:45:00,120266.19608995835
2024-10-22 14:00:00,120266.19608995835
2024-10-22 14:15:00,120266.19608995835
2024-10-22 14:30:00,120266.19608995835
2024-10-22 14:45:00,120266.19608995835
2024-10-22 15:00:00,120266.19608995835
2024-10-22 15:15:00,120266.19608995835
2024-10-23 09:15:00,120266.19608995835
2024-10-23 09:30:00,120266.19608995835
2024-10-23 09:45:00,120266.19608995835
2024-10-23 10:00:00,120266.19608995835
2024-10-23 10:15:00,120266.19608995835
2024-10-23 10:30:00,120266.19608995835
2024-10-23 10:45:00,120266.19608995835
2024-10-23 11:00:00,120266.19608995835
2024-10-23 11:15:00,120266.19608995835
2024-10-23 11:30:00,120266.19608995835
2024-10-23 11:45:00,120203.61800017158
2024-10-23 12:00:00,119997.01619798999
2024-10-23 12:15:00,119968.89879295936
2024-10-23 12:30:00,120080.87941473353
2024-10-23 12:45:00,120088.70338830727
2024-10-23 13:00:00,120035.40256833617
2024-10-23 13:15:00,120021.22161623376
2024-10-23 13:30:00,120018.77662449196
2024-10-23 13:45:00,119952.27284911516
2024-10-23 14:00:00,119733.20158905041
2024-10-23 14:15:00,119587.72458041366
2024-10-23 14:30:00,119528.17509504805
2024-10-23 14:45:00,119528.17509504805
2024-10-23 15:00:00,119528.17509504805
2024-10-23 15:15:00,119528.17509504805
2024-10-24 09:15:00,119528.17509504805
2024-10-24 09:30:00,119528.17509504805
2024-10-24 09:45:00,119528.17509504805
2024-10-24 10:00:00,119528.17509504805
2024-10-24 10:15:00,119528.17509504805
2024-10-24 10:30:00,119528.17509504805
2024-10-24 10:45:00,119528.17509504805
2024-10-24 11:00:00,119528.17509504805
2024-10-24 11:15:00,119528.17509504805
2024-10-24 11:30:00,119528.17509504805
2024-10-24 11:45:00,119528.17509504805
2024-10-24 12:00:00,119528.17509504805
2024-10-24 12:15:00,119528.17509504805
2024-10-24 12:30:00,119528.17509504805
2024-10-24 12:45:00,119528.17509504805
2024-10-24 13:00:00,119528.17509504805
2024-10-24 13:15:00,119528.17509504805
2024-10-24 13:30:00,119528.17509504805
2024-10-24 13:45:00,119528.17509504805
2024-10-24 14:00:00,119528.17509504805
2024-10-24 14:15:00,119528.17509504805
2024-10-24 14:30:00,119528.17509504805
2024-10-24 14:45:00,119528.17509504805
2024-10-24 15:00:00,119528.17509504805
2024-10-24 15:15:00,119528.17509504805
2024-10-25 09:15:00,119528.17509504805
2024-10-25 09:30:00,119528.17509504805
2024-10-25 09:45:00,119528.17509504805
2024-10-25 10:00:00,119528.17509504805
2024-10-25 10:15:00,119528.17509504805
2024-10-25 10:30:00,119528.17509504805
2024-10-25 10:45:00,119528.17509504805
2024-10-25 11:00:00,119528.17509504805
2024-10-25 11:15:00,119528.17509504805
2024-10-25 11:30:00,119528.17509504805
2024-10-25 11:45:00,119528.17509504805
2024-10-25 12:00:00,119528.17509504805
2024-10-25 12:15:00,119528.17509504805
2024-10-25 12:30:00,119528.17509504805
2024-10-25 12:45:00,119528.17509504805
2024-10-25 13:00:00,119528.17509504805
2024-10-25 13:15:00,119528.17509504805
2024-10-25 13:30:00,119528.17509504805
2024-10-25 13:45:00,119528.17509504805
2024-10-25 14:00:00,119528.17509504805
2024-10-25 14:15:00,119528.17509504805
2024-10-25 14:30:00,119528.17509504805
2024-10-25 14:45:00,119528.17509504805
2024-10-25 15:00:00,119528.17509504805
2024-10-25 15:15:00,119528.17509504805
2024-10-28 09:15:00,119294.26598607408
2024-10-28 09:30:00,118964.69591723589
2024-10-28 09:45:00,119649.94549235386
2024-10-28 10:00:00,119668.91178181613
2024-10-28 10:15:00,120088.38698901453
2024-10-28 10:30:00,120297.26248854725
2024-10-28 10:45:00,120210.31313555781
2024-10-28 11:00:00,120198.73630952237
2024-10-28 11:15:00,120228.78679412496
2024-10-28 11:30:00,120339.13611463281
2024-10-28 11:45:00,120293.56775683381
2024-10-28 12:00:00,120598.50628091578
2024-10-28 12:15:00,120591.85576383161
2024-10-28 12:30:00,120457.12121401509
2024-10-28 12:45:00,120341.59926910842
2024-10-28 13:00:00,120308.10036823998
2024-10-28 13:15:00,120381.25605616596
2024-10-28 13:30:00,120290.61197146308
2024-10-28 13:45:00,120281.9909307984
2024-10-28 14:00:00,120115.23537279882
2024-10-28 14:15:00,120072.37648492299
2024-10-28 14:30:00,120193.31736967602
2024-10-28 14:45:00,120183.71106722108
2024-10-28 15:00:00,119925.57247817593
2024-10-28 15:15:00,120042.81863121552
2024-10-29 09:15:00,119524.5709295447
2024-10-29 09:30:00,119457.66906767462
2024-10-29 09:45:00,119457.66906767462
2024-10-29 10:00:00,119457.66906767462
2024-10-29 10:15:00,119457.66906767462
2024-10-29 10:30:00,119457.66906767462
2024-10-29 10:45:00,119457.66906767462
2024-10-29 11:00:00,119457.66906767462
2024-10-29 11:15:00,119457.66906767462
2024-10-29 11:30:00,119457.66906767462
2024-10-29 11:45:00,119457.66906767462
2024-10-29 12:00:00,119457.66906767462
2024-10-29 12:15:00,119304.80496428737
2024-10-29 12:30:00,119448.8083087415
2024-10-29 12:45:00,119537.02878768183
2024-10-29 13:00:00,119543.90949356018
2024-10-29 13:15:00,119471.90782133312
2024-10-29 13:30:00,119430.62358606298
2024-10-29 13:45:00,119535.06287171658
2024-10-29 14:00:00,120006.88270337519
2024-10-29 14:15:00,120006.88270337519
2024-10-29 14:30:00,120088.22247643718
2024-10-29 14:45:00,120142.2851654814
2024-10-29 15:00:00,120285.79703094422
2024-10-29 15:15:00,120186.27253520372
2024-10-30 09:15:00,119841.25428330335
2024-10-30 09:30:00,119926.03440930451
2024-10-30 09:45:00,119936.60120761771
2024-10-30 10:00:00,120010.56879581002
2024-10-30 10:15:00,119951.59131685269
2024-10-30 10:30:00,119936.35546812206
2024-10-30 10:45:00,120136.63315708132
2024-10-30 11:00:00,120103.45832516783
2024-10-30 11:15:00,120136.38741758566
2024-10-30 11:30:00,120171.03668647312
2024-10-30 11:45:00,120151.62326631634
2024-10-30 12:00:00,120115.00808146366
2024-10-30 12:15:00,120113.04216549841
2024-10-30 12:30:00,120172.01964445575
2024-10-30 12:45:00,120215.5155351868
2024-10-30 13:00:00,120063.89426636734
2024-10-30 13:15:00,119847.64351019048
2024-10-30 13:30:00,119769.00687158071
2024-10-30 13:45:00,119750.82214890223
2024-10-30 14:00:00,119547.84132549075
2024-10-30 14:15:00,119482.66383905805
2024-10-30 14:30:00,119482.66383905805
2024-10-30 14:45:00,119482.66383905805
2024-10-30 15:00:00,119482.66383905805
2024-10-30 15:15:00,119482.66383905805
2024-10-31 09:15:00,119482.66383905805
2024-10-31 09:30:00,119482.66383905805
2024-10-31 09:45:00,119482.66383905805
2024-10-31 10:00:00,119482.66383905805
2024-10-31 10:15:00,119482.66383905805
2024-10-31 10:30:00,119482.66383905805
2024-10-31 10:45:00,119482.66383905805
2024-10-31 11:00:00,119482.66383905805
2024-10-31 11:15:00,119482.66383905805
2024-10-31 11:30:00,119482.66383905805
2024-10-31 11:45:00,119482.66383905805
2024-10-31 12:00:00,119482.66383905805
2024-10-31 12:15:00,119482.66383905805
2024-10-31 12:30:00,119482.66383905805
2024-10-31 12:45:00,119482.66383905805
2024-10-31 13:00:00,119482.66383905805
2024-10-31 13:15:00,119482.66383905805
2024-10-31 13:30:00,119482.66383905805
2024-10-31 13:45:00,119482.66383905805
2024-10-31 14:00:00,119482.66383905805
2024-10-31 14:15:00,119482.66383905805
2024-10-31 14:30:00,119482.66383905805
2024-10-31 14:45:00,119482.66383905805
2024-10-31 15:00:00,119482.66383905805
2024-10-31 15:15:00,119482.66383905805
2024-11-01 18:00:00,119482.66383905805
2024-11-01 18:15:00,119482.66383905805
2024-11-01 18:30:00,119482.66383905805
2024-11-01 18:45:00,119482.66383905805
2024-11-04 09:15:00,119482.66383905805
2024-11-04 09:30:00,119482.66383905805
2024-11-04 09:45:00,119482.66383905805
2024-11-04 10:00:00,119482.66383905805
2024-11-04 10:15:00,119482.66383905805
2024-11-04 10:30:00,119482.66383905805
2024-11-04 10:45:00,119482.66383905805
2024-11-04 11:00:00,119482.66383905805
2024-11-04 11:15:00,119482.66383905805
2024-11-04 11:30:00,119482.66383905805
2024-11-04 11:45:00,119482.66383905805
2024-11-04 12:00:00,119482.66383905805
2024-11-04 12:15:00,119482.66383905805
2024-11-04 12:30:00,119482.66383905805
2024-11-04 12:45:00,119482.66383905805
2024-11-04 13:00:00,119482.66383905805
2024-11-04 13:15:00,119482.66383905805
2024-11-04 13:30:00,119482.66383905805
2024-11-04 13:45:00,119482.66383905805
2024-11-04 14:00:00,119482.66383905805
2024-11-04 14:15:00,119482.66383905805
2024-11-04 14:30:00,119482.66383905805
2024-11-04 14:45:00,119519.39455496945
2024-11-04 15:00:00,119640.79478053443
2024-11-04 15:15:00,119610.1331219215
2024-11-05 09:15:00,119573.98726420707
2024-11-05 09:30:00,119449.0970937593
2024-11-05 09:45:00,119648.27323385463
2024-11-05 10:00:00,119505.43477543833
2024-11-05 10:15:00,119769.42417764232
2024-11-05 10:30:00,119500.44913989151
2024-11-05 10:45:00,119568.00450155088
2024-11-05 11:00:00,119565.26240200012
2024-11-05 11:15:00,119313.73708866317
2024-11-05 11:30:00,118993.90856833482
2024-11-05 11:45:00,118972.47033548352
2024-11-05 12:00:00,119029.55586249458
2024-11-05 12:15:00,119053.73619489663
2024-11-05 12:30:00,119198.07034397699
2024-11-05 12:45:00,119250.17023544124
2024-11-05 13:00:00,119231.72338391801
2024-11-05 13:15:00,119899.54926541421
2024-11-05 13:30:00,120020.94949097921
2024-11-05 13:45:00,120277.95900341768
2024-11-05 14:00:00,120473.39591685291
2024-11-05 14:15:00,120617.97934771061
2024-11-05 14:30:00,120663.84719474135
2024-11-05 14:45:00,120599.28321441005
2024-11-05 15:00:00,120690.76962669416
2024-11-05 15:15:00,120643.15680722205
2024-11-06 09:15:00,121374.30026016284
2024-11-06 09:30:00,121382.27727703776
2024-11-06 09:45:00,121429.14225117784
2024-11-06 10:00:00,121546.05540475072
2024-11-06 10:15:00,121274.5875492265
2024-11-06 10:30:00,121148.20168811468
2024-11-06 10:45:00,121456.06468313067
2024-11-06 11:00:00,121495.20192217318
2024-11-06 11:15:00,121459.80390979077
2024-11-06 11:30:00,121608.37584908593
2024-11-06 11:45:00,121828.49165847794
2024-11-06 12:00:00,121765.42336881069
2024-11-06 12:15:00,121781.62668433785
2024-11-06 12:30:00,121759.44060615452
2024-11-06 12:45:00,121805.80701673991
2024-11-06 13:00:00,121934.9349774025
2024-11-06 13:15:00,121918.73166187535
2024-11-06 13:30:00,121975.31862533174
2024-11-06 13:45:00,122089.98824290856
2024-11-06 14:00:00,122071.79067316269
2024-11-06 14:15:00,122257.00703372696
2024-11-06 14:30:00,122002.73962083926
2024-11-06 14:45:00,121973.32437111305
2024-11-06 15:00:00,122006.72812927673
2024-11-06 15:15:00,122117.6585201934
2024-11-07 09:15:00,121418.67241652959
2024-11-07 09:30:00,121465.78667244702
2024-11-07 09:45:00,121050.23394961977
2024-11-07 10:00:00,120989.95798978143
2024-11-07 10:15:00,120989.95798978143
2024-11-07 10:30:00,120989.95798978143
2024-11-07 10:45:00,120989.95798978143
2024-11-07 11:00:00,120989.95798978143
2024-11-07 11:15:00,120989.95798978143
2024-11-07 11:30:00,120989.95798978143
2024-11-07 11:45:00,120989.95798978143
2024-11-07 12:00:00,120989.95798978143
2024-11-07 12:15:00,120989.95798978143
2024-11-07 12:30:00,120989.95798978143
2024-11-07 12:45:00,120989.95798978143
2024-11-07 13:00:00,120989.95798978143
2024-11-07 13:15:00,120989.95798978143
2024-11-07 13:30:00,120989.95798978143
2024-11-07 13:45:00,120989.95798978143
2024-11-07 14:00:00,120989.95798978143
2024-11-07 14:15:00,120989.95798978143
2024-11-07 14:30:00,120989.95798978143
2024-11-07 14:45:00,120989.95798978143
2024-11-07 15:00:00,120989.95798978143
2024-11-07 15:15:00,120989.95798978143
2024-11-08 09:15:00,120989.95798978143
2024-11-08 09:30:00,120989.95798978143
2024-11-08 09:45:00,120989.95798978143
2024-11-08 10:00:00,120989.95798978143
2024-11-08 10:15:00,120989.95798978143
2024-11-08 10:30:00,120989.95798978143
2024-11-08 10:45:00,120989.95798978143
2024-11-08 11:00:00,120989.95798978143
2024-11-08 11:15:00,120989.95798978143
2024-11-08 11:30:00,120989.95798978143
2024-11-08 11:45:00,120989.95798978143
2024-11-08 12:00:00,120989.95798978143
2024-11-08 12:15:00,120989.95798978143
2024-11-08 12:30:00,120989.95798978143
2024-11-08 12:45:00,120989.95798978143
2024-11-08 13:00:00,120989.95798978143
2024-11-08 13:15:00,120989.95798978143
2024-11-08 13:30:00,120989.95798978143
2024-11-08 13:45:00,120989.95798978143
2024-11-08 14:00:00,120989.95798978143
2024-11-08 14:15:00,120989.95798978143
2024-11-08 14:30:00,120989.95798978143
2024-11-08 14:45:00,120989.95798978143
2024-11-08 15:00:00,120989.95798978143
2024-11-08 15:15:00,120989.95798978143
2024-11-11 09:15:00,120989.95798978143
2024-11-11 09:30:00,120989.95798978143
2024-11-11 09:45:00,120989.95798978143
2024-11-11 10:00:00,120989.95798978143
2024-11-11 10:15:00,120989.95798978143
2024-11-11 10:30:00,120989.95798978143
2024-11-11 10:45:00,121064.6736622974
2024-11-11 11:00:00,121288.69426203312
2024-11-11 11:15:00,121296.92664487418
2024-11-11 11:30:00,121398.70883272738
2024-11-11 11:45:00,121180.42595436575
2024-11-11 12:00:00,121009.04271158352
2024-11-11 12:15:00,120886.3053674076
2024-11-11 12:30:00,120963.39040673761
2024-11-11 12:45:00,120907.26052373034
2024-11-11 13:00:00,120854.37370063012
2024-11-11 13:15:00,120796.68926932971
2024-11-11 13:30:00,120796.68926932971
2024-11-11 13:45:00,120796.68926932971
2024-11-11 14:00:00,120796.68926932971
2024-11-11 14:15:00,120796.68926932971
2024-11-11 14:30:00,120796.68926932971
2024-11-11 14:45:00,120796.68926932971
2024-11-11 15:00:00,120796.68926932971
2024-11-11 15:15:00,120796.68926932971
2024-11-12 09:15:00,120796.68926932971
2024-11-12 09:30:00,120796.68926932971
2024-11-12 09:45:00,120796.68926932971
2024-11-12 10:00:00,120796.68926932971
2024-11-12 10:15:00,120796.68926932971
2024-11-12 10:30:00,120796.68926932971
2024-11-12 10:45:00,120796.68926932971
2024-11-12 11:00:00,120796.68926932971
2024-11-12 11:15:00,120796.68926932971
2024-11-12 11:30:00,120796.68926932971
2024-11-12 11:45:00,120796.68926932971
2024-11-12 12:00:00,120796.68926932971
2024-11-12 12:15:00,120796.68926932971
2024-11-12 12:30:00,120796.68926932971
2024-11-12 12:45:00,120796.68926932971
2024-11-12 13:00:00,120796.68926932971
2024-11-12 13:15:00,120796.68926932971
2024-11-12 13:30:00,120796.68926932971
2024-11-12 13:45:00,120796.68926932971
2024-11-12 14:00:00,120796.68926932971
2024-11-12 14:15:00,120796.68926932971
2024-11-12 14:30:00,120796.68926932971
2024-11-12 14:45:00,120796.68926932971
2024-11-12 15:00:00,120796.68926932971
2024-11-12 15:15:00,120796.68926932971
2024-11-13 09:15:00,120796.68926932971
2024-11-13 09:30:00,120796.68926932971
2024-11-13 09:45:00,120796.68926932971
2024-11-13 10:00:00,120796.68926932971
2024-11-13 10:15:00,120796.68926932971
2024-11-13 10:30:00,120796.68926932971
2024-11-13 10:45:00,120796.68926932971
2024-11-13 11:00:00,120796.68926932971
2024-11-13 11:15:00,120796.68926932971
2024-11-13 11:30:00,120796.68926932971
2024-11-13 11:45:00,120796.68926932971
2024-11-13 12:00:00,120796.68926932971
2024-11-13 12:15:00,120796.68926932971
2024-11-13 12:30:00,120796.68926932971
2024-11-13 12:45:00,120796.68926932971
2024-11-13 13:00:00,120796.68926932971
2024-11-13 13:15:00,120796.68926932971
2024-11-13 13:30:00,120796.68926932971
2024-11-13 13:45:00,120796.68926932971
2024-11-13 14:00:00,120796.68926932971
2024-11-13 14:15:00,120796.68926932971
2024-11-13 14:30:00,120796.68926932971
2024-11-13 14:45:00,120796.68926932971
2024-11-13 15:00:00,120796.68926932971
2024-11-13 15:15:00,120796.68926932971
2024-11-14 09:15:00,120796.68926932971
2024-11-14 09:30:00,120796.68926932971
2024-11-14 09:45:00,120796.68926932971
2024-11-14 10:00:00,120796.68926932971
2024-11-14 10:15:00,120796.68926932971
2024-11-14 10:30:00,120796.68926932971
2024-11-14 10:45:00,120796.68926932971
2024-11-14 11:00:00,120796.68926932971
2024-11-14 11:15:00,120796.68926932971
2024-11-14 11:30:00,120796.68926932971
2024-11-14 11:45:00,120796.68926932971
2024-11-14 12:00:00,120796.68926932971
2024-11-14 12:15:00,120796.68926932971
2024-11-14 12:30:00,120796.68926932971
2024-11-14 12:45:00,120796.68926932971
2024-11-14 13:00:00,120796.68926932971
2024-11-14 13:15:00,120796.68926932971
2024-11-14 13:30:00,120550.78442417516
2024-11-14 13:45:00,120589.7305403064
2024-11-14 14:00:00,120674.79705711939
2024-11-14 14:15:00,120598.44217154628
2024-11-14 14:30:00,120613.55941399196
2024-11-14 14:45:00,120571.28238003369
2024-11-14 15:00:00,120631.23890091994
2024-11-14 15:15:00,120730.91021128214
2024-11-18 09:15:00,120283.54232466925
2024-11-18 09:30:00,119750.85169679514
2024-11-18 09:45:00,119943.02003296907
2024-11-18 10:00:00,120169.26622075783
2024-11-18 10:15:00,119944.30115521021
2024-11-18 10:30:00,119761.10067472441
2024-11-18 10:45:00,119700.19573904303
2024-11-18 11:00:00,119700.19573904303
2024-11-18 11:15:00,119700.19573904303
2024-11-18 11:30:00,119700.19573904303
2024-11-18 11:45:00,119700.19573904303
2024-11-18 12:00:00,119700.19573904303
2024-11-18 12:15:00,119970.81638312725
2024-11-18 12:30:00,119885.20484164965
2024-11-18 12:45:00,119654.10463891098
2024-11-18 13:00:00,119714.23655494885
2024-11-18 13:15:00,119548.36419333596
2024-11-18 13:30:00,119568.74789368776
2024-11-18 13:45:00,119715.51053622081
2024-11-18 14:00:00,119676.27191304357
2024-11-18 14:15:00,119464.79102189353
2024-11-18 14:30:00,119433.19628634822
2024-11-18 14:45:00,119499.698108746
2024-11-18 15:00:00,119517.53384655384
2024-11-18 15:15:00,119577.4109663373
2024-11-19 09:15:00,120589.20689255031
2024-11-19 09:30:00,120786.67398970848
2024-11-19 09:45:00,120649.59360484256
2024-11-19 10:00:00,120731.892795013
2024-11-19 10:15:00,120995.09732580576
2024-11-19 10:30:00,120838.65242560561
2024-11-19 10:45:00,120844.25794320236
2024-11-19 11:00:00,120958.1518689181
2024-11-19 11:15:00,121073.57457216024
2024-11-19 11:30:00,121140.33119081242
2024-11-19 11:45:00,121039.68667032535
2024-11-19 12:00:00,121024.90848757028
2024-11-19 12:15:00,121009.36591605203
2024-11-19 12:30:00,120940.31613111027
2024-11-19 12:45:00,121036.883911527
2024-11-19 13:00:00,121079.180089757
2024-11-19 13:15:00,121001.72202842012
2024-11-19 13:30:00,121052.17168679085
2024-11-19 13:45:00,121112.55839908308
2024-11-19 14:00:00,120810.87963387628
2024-11-19 14:15:00,120769.85743691826
2024-11-19 14:30:00,120766.2902893567
2024-11-19 14:45:00,120168.02868403106
2024-11-19 15:00:00,120113.03804681447
2024-11-19 15:15:00,120113.03804681447
2024-11-21 09:15:00,120113.03804681447
2024-11-21 09:30:00,120113.03804681447
2024-11-21 09:45:00,120113.03804681447
2024-11-21 10:00:00,120113.03804681447
2024-11-21 10:15:00,120113.03804681447
2024-11-21 10:30:00,120113.03804681447
2024-11-21 10:45:00,120113.03804681447
2024-11-21 11:00:00,120113.03804681447
2024-11-21 11:15:00,120113.03804681447
2024-11-21 11:30:00,120113.03804681447
2024-11-21 11:45:00,120113.03804681447
2024-11-21 12:00:00,120113.03804681447
2024-11-21 12:15:00,120113.03804681447
2024-11-21 12:30:00,120113.03804681447
2024-11-21 12:45:00,120113.03804681447
2024-11-21 13:00:00,120113.03804681447
2024-11-21 13:15:00,120113.03804681447
2024-11-21 13:30:00,120113.03804681447
2024-11-21 13:45:00,120113.03804681447
2024-11-21 14:00:00,120113.03804681447
2024-11-21 14:15:00,120113.03804681447
2024-11-21 14:30:00,120113.03804681447
2024-11-21 14:45:00,120113.03804681447
2024-11-21 15:00:00,120113.03804681447
2024-11-21 15:15:00,120113.03804681447
2024-11-22 09:15:00,120113.03804681447
2024-11-22 09:30:00,120113.03804681447
2024-11-22 09:45:00,120113.03804681447
2024-11-22 10:00:00,120113.03804681447
2024-11-22 10:15:00,119926.95114145518
2024-11-22 10:30:00,119783.86209676675
2024-11-22 10:45:00,119828.4182939562
2024-11-22 11:00:00,119856.17043963421
2024-11-22 11:15:00,119791.24569515814
2024-11-22 11:30:00,119956.48553502074
2024-11-22 11:45:00,120097.28311813938
2024-11-22 12:00:00,120353.16299342741
2024-11-22 12:15:00,120360.80119865989
2024-11-22 12:30:00,120555.57543208807
2024-11-22 12:45:00,120553.28397051834
2024-11-22 13:00:00,120689.7532373386
2024-11-22 13:15:00,120686.9525620867
2024-11-22 13:30:00,120775.0465291013
2024-11-22 13:45:00,121187.25500481404
2024-11-22 14:00:00,121421.74790545112
2024-11-22 14:15:00,121449.24544428804
2024-11-22 14:30:00,121465.79488895841
2024-11-22 14:45:00,121852.79728740397
2024-11-22 15:00:00,121804.42198759827
2024-11-22 15:15:00,121567.12841170929
2024-11-25 09:15:00,123799.01198063935
2024-11-25 09:30:00,123688.00339792733
2024-11-25 09:45:00,123516.65299387873
2024-11-25 10:00:00,123544.15053271566
2024-11-25 10:15:00,123820.65356213135
2024-11-25 10:30:00,123828.03716052274
2024-11-25 10:45:00,123800.28501484473
2024-11-25 11:00:00,123916.89494806055
2024-11-25 11:15:00,123845.60503255743
2024-11-25 11:30:00,123764.89466393425
2024-11-25 11:45:00,123638.86427759836
2024-11-25 12:00:00,123757.76567238393
2024-11-25 12:15:00,123650.57619228816
2024-11-25 12:30:00,123662.28810697797
2024-11-25 12:45:00,123015.84133746925
2024-11-25 13:00:00,122951.02518281089
2024-11-25 13:15:00,122951.02518281089
2024-11-25 13:30:00,122951.02518281089
2024-11-25 13:45:00,122951.02518281089
2024-11-25 14:00:00,122951.02518281089
2024-11-25 14:15:00,122951.02518281089
2024-11-25 14:30:00,122951.02518281089
2024-11-25 14:45:00,122951.02518281089
2024-11-25 15:00:00,122951.02518281089
2024-11-25 15:15:00,122951.02518281089
2024-11-26 09:15:00,122951.02518281089
2024-11-26 09:30:00,122660.7733296284
2024-11-26 09:45:00,122398.62850621076
2024-11-26 10:00:00,122535.38872749227
2024-11-26 10:15:00,122357.42348575068
2024-11-26 10:30:00,122374.86610177364
2024-11-26 10:45:00,122447.41727276772
2024-11-26 11:00:00,122407.22341845393
2024-11-26 11:15:00,122388.7696362847
2024-11-26 11:30:00,122473.960384107
2024-11-26 11:45:00,122355.14836192157
2024-11-26 12:00:00,122287.40023012224
2024-11-26 12:15:00,122088.45329084578
2024-11-26 12:30:00,122019.82910997646
2024-11-26 12:45:00,122019.82910997646
2024-11-26 13:00:00,122019.82910997646
2024-11-26 13:15:00,122019.82910997646
2024-11-26 13:30:00,122019.82910997646
2024-11-26 13:45:00,122019.82910997646
2024-11-26 14:00:00,122019.82910997646
2024-11-26 14:15:00,122019.82910997646
2024-11-26 14:30:00,122019.82910997646
2024-11-26 14:45:00,122019.82910997646
2024-11-26 15:00:00,122019.82910997646
2024-11-26 15:15:00,122019.82910997646
2024-11-27 09:15:00,122019.82910997646
2024-11-27 09:30:00,122019.82910997646
2024-11-27 09:45:00,122019.82910997646
2024-11-27 10:00:00,122019.82910997646
2024-11-27 10:15:00,122019.82910997646
2024-11-27 10:30:00,122019.82910997646
2024-11-27 10:45:00,122019.82910997646
2024-11-27 11:00:00,122019.82910997646
2024-11-27 11:15:00,122019.82910997646
2024-11-27 11:30:00,122019.82910997646
2024-11-27 11:45:00,122019.82910997646
2024-11-27 12:00:00,122019.82910997646
2024-11-27 12:15:00,122019.82910997646
2024-11-27 12:30:00,122019.82910997646
2024-11-27 12:45:00,122038.65242789859
2024-11-27 13:00:00,122116.97937297048
2024-11-27 13:15:00,122125.26395369922
2024-11-27 13:30:00,122160.41065982122
2024-11-27 13:45:00,122061.74883477877
2024-11-27 14:00:00,121948.27518358489
2024-11-27 14:15:00,122040.4097632047
2024-11-27 14:30:00,121945.5136566753
2024-11-27 14:45:00,121971.87368626679
2024-11-27 15:00:00,121879.23701084523
2024-11-27 15:15:00,121813.78078955525
2024-11-28 09:15:00,121813.78078955525
2024-11-28 09:30:00,121813.78078955525
2024-11-28 09:45:00,121813.78078955525
2024-11-28 10:00:00,121813.78078955525
2024-11-28 10:15:00,121813.78078955525
2024-11-28 10:30:00,121813.78078955525
2024-11-28 10:45:00,121813.78078955525
2024-11-28 11:00:00,121813.78078955525
2024-11-28 11:15:00,121813.78078955525
2024-11-28 11:30:00,121813.78078955525
2024-11-28 11:45:00,121813.78078955525
2024-11-28 12:00:00,121813.78078955525
2024-11-28 12:15:00,121813.78078955525
2024-11-28 12:30:00,121813.78078955525
2024-11-28 12:45:00,121813.78078955525
2024-11-28 13:00:00,121813.78078955525
2024-11-28 13:15:00,121813.78078955525
2024-11-28 13:30:00,121813.78078955525
2024-11-28 13:45:00,121813.78078955525
2024-11-28 14:00:00,121813.78078955525
2024-11-28 14:15:00,121813.78078955525
2024-11-28 14:30:00,121813.78078955525
2024-11-28 14:45:00,121813.78078955525
2024-11-28 15:00:00,121813.78078955525
2024-11-28 15:15:00,121813.78078955525
2024-11-29 09:15:00,121813.78078955525
2024-11-29 09:30:00,121813.78078955525
2024-11-29 09:45:00,121813.78078955525
2024-11-29 10:00:00,121279.52500832113
2024-11-29 10:15:00,121623.08876767968
2024-11-29 10:30:00,121853.05891293513
2024-11-29 10:45:00,122094.1607263878
2024-11-29 11:00:00,122048.1160988449
2024-11-29 11:15:00,122104.28042474887
2024-11-29 11:30:00,121958.80976080839
2024-11-29 11:45:00,121850.7819808039
2024-11-29 12:00:00,122044.57420441853
2024-11-29 12:15:00,121990.43381818678
2024-11-29 12:30:00,121973.23033097295
2024-11-29 12:45:00,122071.13841261638
2024-11-29 13:00:00,122034.96049097551
2024-11-29 13:15:00,122129.32667819256
2024-11-29 13:30:00,122175.37130573545
2024-11-29 13:45:00,122169.55247917783
2024-11-29 14:00:00,121980.31411982569
2024-11-29 14:15:00,122149.81906737371
2024-11-29 14:30:00,122255.56991524696
2024-11-29 14:45:00,122197.6346421298
2024-11-29 15:00:00,122080.2461411413
2024-11-29 15:15:00,122062.03068409135
2024-12-02 09:15:00,121611.4511145644
2024-12-02 09:30:00,122046.34515163169
2024-12-02 09:45:00,122125.02580638905
2024-12-02 10:00:00,122035.21348343449
2024-12-02 10:15:00,122266.70158344411
2024-12-02 10:30:00,122054.1879178615
2024-12-02 10:45:00,122005.61336572834
2024-12-02 11:00:00,122098.20860573217
2024-12-02 11:15:00,122181.94910967008
2024-12-02 11:30:00,122221.92191819633
2024-12-02 11:45:00,122167.78153196457
2024-12-02 12:00:00,122147.79512770144
2024-12-02 12:15:00,122380.04220508815
2024-12-02 12:30:00,122303.13249754396
2024-12-02 12:45:00,122379.03023525204
2024-12-02 13:00:00,122257.08787000107
2024-12-02 13:15:00,122182.70808704714
2024-12-02 13:30:00,122348.67114016881
2024-12-02 13:45:00,122581.67719493258
2024-12-02 14:00:00,122696.28277887178
2024-12-02 14:15:00,122770.15657690763
2024-12-02 14:30:00,122922.71102970086
2024-12-02 14:45:00,122763.57877297293
2024-12-02 15:00:00,122830.62177461507
2024-12-02 15:15:00,122829.1038198609
2024-12-03 09:15:00,122954.58807953824
2024-12-03 09:30:00,123043.38843265668
2024-12-03 09:45:00,123145.8503785626
2024-12-03 10:00:00,123141.29651430012
2024-12-03 10:15:00,123437.55068382062
2024-12-03 10:30:00,123498.01588152806
2024-12-03 10:45:00,123506.87061759399
2024-12-03 11:00:00,123545.07247890704
2024-12-03 11:15:00,123592.6350612041
2024-12-03 11:30:00,123571.38369464583
2024-12-03 11:45:00,123658.16010809205
2024-12-03 12:00:00,123560.25202644865
2024-12-03 12:15:00,123471.4516733302
2024-12-03 12:30:00,123650.57033432124
2024-12-03 12:45:00,123604.27271431932
2024-12-03 13:00:00,123521.79717267654
2024-12-03 13:15:00,123563.03494349791
2024-12-03 13:30:00,123700.66284120856
2024-12-03 13:45:00,123766.9468654736
2024-12-03 14:00:00,123772.76569203121
2024-12-03 14:15:00,123815.52141760675
2024-12-03 14:30:00,123740.63564973479
2024-12-03 14:45:00,123741.64761957088
2024-12-03 15:00:00,123770.74175235898
2024-12-03 15:15:00,123692.31409006065
2024-12-04 09:15:00,124048.78046482957
2024-12-04 09:30:00,124281.02754221627
2024-12-04 09:45:00,124196.52806090127
2024-12-04 10:00:00,124183.11946057284
2024-12-04 10:15:00,124134.03892352163
2024-12-04 10:30:00,124116.8354363078
2024-12-04 10:45:00,124138.3397953251
2024-12-04 11:00:00,124115.82346647169
2024-12-04 11:15:00,124181.34851335966
2024-12-04 11:30:00,124172.74676975273
2024-12-04 11:45:00,123531.15789366048
2024-12-04 12:00:00,123711.79450940569
2024-12-04 12:15:00,123941.5116622021
2024-12-04 12:30:00,123662.2079874364
2024-12-04 12:45:00,123603.66414095904
2024-12-04 13:00:00,123603.66414095904
2024-12-04 13:15:00,123603.66414095904
2024-12-04 13:30:00,123603.66414095904
2024-12-04 13:45:00,123603.66414095904
2024-12-04 14:00:00,123603.66414095904
2024-12-04 14:15:00,123603.66414095904
2024-12-04 14:30:00,123603.66414095904
2024-12-04 14:45:00,123603.66414095904
2024-12-04 15:00:00,123603.66414095904
2024-12-04 15:15:00,123603.66414095904
2024-12-05 09:15:00,123603.66414095904
2024-12-05 09:30:00,123603.66414095904
2024-12-05 09:45:00,123603.66414095904
2024-12-05 10:00:00,123603.66414095904
2024-12-05 10:15:00,123603.66414095904
2024-12-05 10:30:00,123603.66414095904
2024-12-05 10:45:00,123603.66414095904
2024-12-05 11:00:00,123603.66414095904
2024-12-05 11:15:00,123603.66414095904
2024-12-05 11:30:00,123603.66414095904
2024-12-05 11:45:00,123603.66414095904
2024-12-05 12:00:00,123603.66414095904
2024-12-05 12:15:00,123603.66414095904
2024-12-05 12:30:00,123480.1123375821
2024-12-05 12:45:00,123473.58591785053
2024-12-05 13:00:00,123656.07465419115
2024-12-05 13:15:00,123401.79530080318
2024-12-05 13:30:00,123752.7158694472
2024-12-05 13:45:00,123824.75750263808
2024-12-05 14:00:00,124186.72278159708
2024-12-05 14:15:00,124643.07013052044
2024-12-05 14:30:00,124576.29983634355
2024-12-05 14:45:00,123109.86352588686
2024-12-05 15:00:00,124258.01136635739
2024-12-05 15:15:00,124009.75640041393
2024-12-06 09:15:00,124030.33972418276
2024-12-06 09:30:00,124130.99719773517
2024-12-06 09:45:00,123937.96578336658
2024-12-06 10:00:00,123755.22603088242
2024-12-06 10:15:00,124108.15472867464
2024-12-06 10:30:00,124123.96874571651
2024-12-06 10:45:00,124063.72487127119
2024-12-06 11:00:00,124038.8742730625
2024-12-06 11:15:00,123893.53592596317
2024-12-06 11:30:00,123940.97797708884
2024-12-06 11:45:00,124033.60293404853
2024-12-06 12:00:00,124011.51351341858
2024-12-06 12:15:00,124056.19438696552
2024-12-06 12:30:00,124056.19438696552
2024-12-06 12:45:00,124049.66796723395
2024-12-06 13:00:00,124042.3884990718
2024-12-06 13:15:00,123924.15989547285
2024-12-06 13:30:00,123936.45968650545
2024-12-06 13:45:00,123917.13144345423
2024-12-06 14:00:00,123966.07959144106
2024-12-06 14:15:00,123890.27271609736
2024-12-06 14:30:00,123901.81945869936
2024-12-06 14:45:00,123891.27678067144
2024-12-06 15:00:00,123931.18834749146
2024-12-06 15:15:00,123846.34489098095
2024-12-09 09:15:00,123814.96787304067
2024-12-09 09:30:00,123723.09596451155
2024-12-09 09:45:00,123647.28908916783
2024-12-09 10:00:00,123580.94941318515
2024-12-09 10:15:00,123580.94941318515
2024-12-09 10:30:00,123580.94941318515
2024-12-09 10:45:00,123580.94941318515
2024-12-09 11:00:00,123580.94941318515
2024-12-09 11:15:00,123580.94941318515
2024-12-09 11:30:00,123580.94941318515
2024-12-09 11:45:00,123468.8754923752
2024-12-09 12:00:00,123378.06508971096
2024-12-09 12:15:00,123391.07374243422
2024-12-09 12:30:00,123233.21874496552
2024-12-09 12:45:00,123279.74969509101
2024-12-09 13:00:00,123334.28596996928
2024-12-09 13:15:00,123261.98788079582
2024-12-09 13:30:00,123285.50352225709
2024-12-09 13:45:00,123218.95926024969
2024-12-09 14:00:00,123159.41965740094
2024-12-09 14:15:00,123098.84011283355
2024-12-09 14:30:00,123098.84011283355
2024-12-09 14:45:00,123098.84011283355
2024-12-09 15:00:00,123098.84011283355
2024-12-09 15:15:00,123098.84011283355
2024-12-10 09:15:00,123098.84011283355
2024-12-10 09:30:00,123098.84011283355
2024-12-10 09:45:00,123098.84011283355
2024-12-10 10:00:00,123098.84011283355
2024-12-10 10:15:00,123098.84011283355
2024-12-10 10:30:00,123098.84011283355
2024-12-10 10:45:00,123098.84011283355
2024-12-10 11:00:00,123098.84011283355
2024-12-10 11:15:00,123098.84011283355
2024-12-10 11:30:00,123098.84011283355
2024-12-10 11:45:00,122897.81215060018
2024-12-10 12:00:00,122864.87625155301
2024-12-10 12:15:00,122718.41130654785
2024-12-10 12:30:00,122535.76677546815
2024-12-10 12:45:00,122476.24461948712
2024-12-10 13:00:00,122476.24461948712
2024-12-10 13:15:00,122476.24461948712
2024-12-10 13:30:00,122476.24461948712
2024-12-10 13:45:00,122476.24461948712
2024-12-10 14:00:00,122476.24461948712
2024-12-10 14:15:00,122476.24461948712
2024-12-10 14:30:00,122476.24461948712
2024-12-10 14:45:00,122476.24461948712
2024-12-10 15:00:00,122476.24461948712
2024-12-10 15:15:00,122476.24461948712
2024-12-11 09:15:00,122476.24461948712
2024-12-11 09:30:00,122476.24461948712
2024-12-11 09:45:00,122476.24461948712
2024-12-11 10:00:00,122476.24461948712
2024-12-11 10:15:00,122476.24461948712
2024-12-11 10:30:00,122480.05469953423
2024-12-11 10:45:00,122423.94441811192
2024-12-11 11:00:00,122415.0064971774
2024-12-11 11:15:00,122440.33060649189
2024-12-11 11:30:00,122557.7649565483
2024-12-11 11:45:00,122505.37880884872
2024-12-11 12:00:00,122458.20644836094
2024-12-11 12:15:00,122416.744426248
2024-12-11 12:30:00,122353.9307041248
2024-12-11 12:45:00,122331.33762620697
2024-12-11 13:00:00,122428.90992974219
2024-12-11 13:15:00,122439.0892285843
2024-12-11 13:30:00,122410.2892611286
2024-12-11 13:45:00,122386.45480530319
2024-12-11 14:00:00,122409.79270996556
2024-12-11 14:15:00,122373.79275064595
2024-12-11 14:30:00,122321.65487852789
2024-12-11 14:45:00,122333.5721064406
2024-12-11 15:00:00,122402.84099368314
2024-12-11 15:15:00,122298.06869828398
2024-12-12 09:15:00,122112.5957906292
2024-12-12 09:30:00,122112.5957906292
2024-12-12 09:45:00,122112.5957906292
2024-12-12 10:00:00,122112.5957906292
2024-12-12 10:15:00,122112.5957906292
2024-12-12 10:30:00,122112.5957906292
2024-12-12 10:45:00,122112.5957906292
2024-12-12 11:00:00,122112.5957906292
2024-12-12 11:15:00,122112.5957906292
2024-12-12 11:30:00,122112.5957906292
2024-12-12 11:45:00,122112.5957906292
2024-12-12 12:00:00,122112.5957906292
2024-12-12 12:15:00,122112.5957906292
2024-12-12 12:30:00,122112.5957906292
2024-12-12 12:45:00,122112.5957906292
2024-12-12 13:00:00,122112.5957906292
2024-12-12 13:15:00,122112.5957906292
2024-12-12 13:30:00,122112.5957906292
2024-12-12 13:45:00,122112.5957906292
2024-12-12 14:00:00,122112.5957906292
2024-12-12 14:15:00,122112.5957906292
2024-12-12 14:30:00,122112.5957906292
2024-12-12 14:45:00,122112.5957906292
2024-12-12 15:00:00,122112.5957906292
2024-12-12 15:15:00,122112.5957906292
2024-12-13 09:15:00,122112.5957906292
2024-12-13 09:30:00,122112.5957906292
2024-12-13 09:45:00,122112.5957906292
2024-12-13 10:00:00,122112.5957906292
2024-12-13 10:15:00,122112.5957906292
2024-12-13 10:30:00,122112.5957906292
2024-12-13 10:45:00,122112.5957906292
2024-12-13 11:00:00,122112.5957906292
2024-12-13 11:15:00,122112.5957906292
2024-12-13 11:30:00,122112.5957906292
2024-12-13 11:45:00,122112.5957906292
2024-12-13 12:00:00,122112.5957906292
2024-12-13 12:15:00,122167.07648512245
2024-12-13 12:30:00,121892.52083654316
2024-12-13 12:45:00,122418.02780192344
2024-12-13 13:00:00,122445.11066680594
2024-12-13 13:15:00,122563.1323256975
2024-12-13 13:30:00,122845.63890708631
2024-12-13 13:45:00,122930.86296813852
2024-12-13 14:00:00,122880.42423812802
2024-12-13 14:15:00,123037.20669446605
2024-12-13 14:30:00,122933.59610129178
2024-12-13 14:45:00,122966.8906324317
2024-12-13 15:00:00,123097.58409048845
2024-12-13 15:15:00,123146.53202059715
2024-12-16 09:15:00,122757.18477958019
2024-12-16 09:30:00,122973.10229868915
2024-12-16 09:45:00,122882.41197133038
2024-12-16 10:00:00,122869.98863881548
2024-12-16 10:15:00,122569.84092525548
2024-12-16 10:30:00,122624.50358832104
2024-12-16 10:45:00,122512.69359568693
2024-12-16 11:00:00,122450.44387922119
2024-12-16 11:15:00,122450.44387922119
2024-12-16 11:30:00,122450.44387922119
2024-12-16 11:45:00,122450.44387922119
2024-12-16 12:00:00,122450.44387922119
2024-12-16 12:15:00,122450.44387922119
2024-12-16 12:30:00,122450.44387922119
2024-12-16 12:45:00,122450.44387922119
2024-12-16 13:00:00,122450.44387922119
2024-12-16 13:15:00,122450.44387922119
2024-12-16 13:30:00,122450.44387922119
2024-12-16 13:45:00,122450.44387922119
2024-12-16 14:00:00,122450.44387922119
2024-12-16 14:15:00,122450.44387922119
2024-12-16 14:30:00,122450.44387922119
2024-12-16 14:45:00,122450.44387922119
2024-12-16 15:00:00,122450.44387922119
2024-12-16 15:15:00,122450.44387922119
2024-12-17 09:15:00,122450.44387922119
2024-12-17 09:30:00,122450.44387922119
2024-12-17 09:45:00,122450.44387922119
2024-12-17 10:00:00,122450.44387922119
2024-12-17 10:15:00,122450.44387922119
2024-12-17 10:30:00,122450.44387922119
2024-12-17 10:45:00,122450.44387922119
2024-12-17 11:00:00,122450.44387922119
2024-12-17 11:15:00,122450.44387922119
2024-12-17 11:30:00,122450.44387922119
2024-12-17 11:45:00,122450.44387922119
2024-12-17 12:00:00,122450.44387922119
2024-12-17 12:15:00,122450.44387922119
2024-12-17 12:30:00,122450.44387922119
2024-12-17 12:45:00,122450.44387922119
2024-12-17 13:00:00,122450.44387922119
2024-12-17 13:15:00,122450.44387922119
2024-12-17 13:30:00,122450.44387922119
2024-12-17 13:45:00,122450.44387922119
2024-12-17 14:00:00,122450.44387922119
2024-12-17 14:15:00,122450.44387922119
2024-12-17 14:30:00,122450.44387922119
2024-12-17 14:45:00,122450.44387922119
2024-12-17 15:00:00,122450.44387922119
2024-12-17 15:15:00,122450.44387922119
2024-12-18 09:15:00,122450.44387922119
2024-12-18 09:30:00,122450.44387922119
2024-12-18 09:45:00,122450.44387922119
2024-12-18 10:00:00,122450.44387922119
2024-12-18 10:15:00,122450.44387922119
2024-12-18 10:30:00,122450.44387922119
2024-12-18 10:45:00,122450.44387922119
2024-12-18 11:00:00,122450.44387922119
2024-12-18 11:15:00,122450.44387922119
2024-12-18 11:30:00,122450.44387922119
2024-12-18 11:45:00,122450.44387922119
2024-12-18 12:00:00,122450.44387922119
2024-12-18 12:15:00,122450.44387922119
2024-12-18 12:30:00,122450.44387922119
2024-12-18 12:45:00,122450.44387922119
2024-12-18 13:00:00,122450.44387922119
2024-12-18 13:15:00,122450.44387922119
2024-12-18 13:30:00,122450.44387922119
2024-12-18 13:45:00,122450.44387922119
2024-12-18 14:00:00,122450.44387922119
2024-12-18 14:15:00,122450.44387922119
2024-12-18 14:30:00,122450.44387922119
2024-12-18 14:45:00,122450.44387922119
2024-12-18 15:00:00,122450.44387922119
2024-12-18 15:15:00,122450.44387922119
2024-12-19 09:15:00,122450.44387922119
2024-12-19 09:30:00,122450.44387922119
2024-12-19 09:45:00,122450.44387922119
2024-12-19 10:00:00,122450.44387922119
2024-12-19 10:15:00,122450.44387922119
2024-12-19 10:30:00,122450.44387922119
2024-12-19 10:45:00,122450.44387922119
2024-12-19 11:00:00,122450.44387922119
2024-12-19 11:15:00,122450.44387922119
2024-12-19 11:30:00,122450.44387922119
2024-12-19 11:45:00,122450.44387922119
2024-12-19 12:00:00,122450.44387922119
2024-12-19 12:15:00,122450.44387922119
2024-12-19 12:30:00,122450.44387922119
2024-12-19 12:45:00,122450.44387922119
2024-12-19 13:00:00,122450.44387922119
2024-12-19 13:15:00,122450.44387922119
2024-12-19 13:30:00,122450.44387922119
2024-12-19 13:45:00,122450.44387922119
2024-12-19 14:00:00,122450.44387922119
2024-12-19 14:15:00,122450.44387922119
2024-12-19 14:30:00,122450.44387922119
2024-12-19 14:45:00,122450.44387922119
2024-12-19 15:00:00,122450.44387922119
2024-12-19 15:15:00,122450.44387922119
2024-12-20 09:15:00,122450.44387922119
2024-12-20 09:30:00,122450.44387922119
2024-12-20 09:45:00,122450.44387922119
2024-12-20 10:00:00,122450.44387922119
2024-12-20 10:15:00,122450.44387922119
2024-12-20 10:30:00,122450.44387922119
2024-12-20 10:45:00,122450.44387922119
2024-12-20 11:00:00,122450.44387922119
2024-12-20 11:15:00,122450.44387922119
2024-12-20 11:30:00,122450.44387922119
2024-12-20 11:45:00,122450.44387922119
2024-12-20 12:00:00,122450.44387922119
2024-12-20 12:15:00,122450.44387922119
2024-12-20 12:30:00,122450.44387922119
2024-12-20 12:45:00,122450.44387922119
2024-12-20 13:00:00,122450.44387922119
2024-12-20 13:15:00,122450.44387922119
2024-12-20 13:30:00,122450.44387922119
2024-12-20 13:45:00,122450.44387922119
2024-12-20 14:00:00,122450.44387922119
2024-12-20 14:15:00,122450.44387922119
2024-12-20 14:30:00,122450.44387922119
2024-12-20 14:45:00,122450.44387922119
2024-12-20 15:00:00,122450.44387922119
2024-12-20 15:15:00,122450.44387922119
2024-12-23 09:15:00,122450.44387922119
2024-12-23 09:30:00,122450.44387922119
2024-12-23 09:45:00,122450.44387922119
2024-12-23 10:00:00,122450.44387922119
2024-12-23 10:15:00,122450.44387922119
2024-12-23 10:30:00,122450.44387922119
2024-12-23 10:45:00,122450.44387922119
2024-12-23 11:00:00,122435.45105126177
2024-12-23 11:15:00,122581.33993893254
2024-12-23 11:30:00,122521.23782675831
2024-12-23 11:45:00,122300.09287555315
2024-12-23 12:00:00,122101.2935814384
2024-12-23 12:15:00,121976.72296432515
2024-12-23 12:30:00,121938.96650924135
2024-12-23 12:45:00,121873.1193799985
2024-12-23 13:00:00,121873.1193799985
2024-12-23 13:15:00,121873.1193799985
2024-12-23 13:30:00,121873.1193799985
2024-12-23 13:45:00,121873.1193799985
2024-12-23 14:00:00,121873.1193799985
2024-12-23 14:15:00,121873.1193799985
2024-12-23 14:30:00,121873.1193799985
2024-12-23 14:45:00,121873.1193799985
2024-12-23 15:00:00,121873.1193799985
2024-12-23 15:15:00,121738.10606041375
2024-12-24 09:15:00,121828.84368326062
2024-12-24 09:30:00,121698.63263126566
2024-12-24 09:45:00,121998.01552246665
2024-12-24 10:00:00,122033.6441370873
2024-12-24 10:15:00,122279.45594587307
2024-12-24 10:30:00,122150.78281968909
2024-12-24 10:45:00,122129.50817930409
2024-12-24 11:00:00,122153.34602937402
2024-12-24 11:15:00,122179.7470891289
2024-12-24 11:30:00,122139.76101804384
2024-12-24 11:45:00,122118.99901959584
2024-12-24 12:00:00,121974.43399336521
2024-12-24 12:15:00,121911.1227141472
2024-12-24 12:30:00,122024.92922415855
2024-12-24 12:45:00,121974.94663530221
2024-12-24 13:00:00,121933.67895937467
2024-12-24 13:15:00,121911.1227141472
2024-12-24 13:30:00,121765.01976210563
2024-12-24 13:45:00,121709.00491557678
2024-12-24 14:00:00,121709.00491557678
2024-12-24 14:15:00,121709.00491557678
2024-12-24 14:30:00,121709.00491557678
2024-12-24 14:45:00,121709.00491557678
2024-12-24 15:00:00,121709.00491557678
2024-12-24 15:15:00,121709.00491557678
2024-12-26 09:15:00,121709.00491557678
2024-12-26 09:30:00,121709.00491557678
2024-12-26 09:45:00,121709.00491557678
2024-12-26 10:00:00,121709.00491557678
2024-12-26 10:15:00,121709.00491557678
2024-12-26 10:30:00,121709.00491557678
2024-12-26 10:45:00,121709.00491557678
2024-12-26 11:00:00,121709.00491557678
2024-12-26 11:15:00,121709.00491557678
2024-12-26 11:30:00,121709.00491557678
2024-12-26 11:45:00,121709.00491557678
2024-12-26 12:00:00,121709.00491557678
2024-12-26 12:15:00,121709.00491557678
2024-12-26 12:30:00,121709.00491557678
2024-12-26 12:45:00,121709.00491557678
2024-12-26 13:00:00,121709.00491557678
2024-12-26 13:15:00,121709.00491557678
2024-12-26 13:30:00,121709.00491557678
2024-12-26 13:45:00,121709.00491557678
2024-12-26 14:00:00,121709.00491557678
2024-12-26 14:15:00,121709.00491557678
2024-12-26 14:30:00,121709.00491557678
2024-12-26 14:45:00,121709.00491557678
2024-12-26 15:00:00,121709.00491557678
2024-12-26 15:15:00,121709.00491557678
2024-12-27 09:15:00,121709.00491557678
2024-12-27 09:30:00,121686.39653041509
2024-12-27 09:45:00,121971.45759132868
2024-12-27 10:00:00,122004.85920043393
2024-12-27 10:15:00,121930.40675876418
2024-12-27 10:30:00,121945.7052056826
2024-12-27 10:45:00,121876.86219454964
2024-12-27 11:00:00,121895.73027908239
2024-12-27 11:15:00,121804.19457168705
2024-12-27 11:30:00,121734.84161232346
2024-12-27 11:45:00,121660.89911888435
2024-12-27 12:00:00,121604.91075526166
2024-12-27 12:15:00,121604.91075526166
2024-12-27 12:30:00,121604.91075526166
2024-12-27 12:45:00,121604.91075526166
2024-12-27 13:00:00,121604.91075526166
2024-12-27 13:15:00,121604.91075526166
2024-12-27 13:30:00,121604.91075526166
2024-12-27 13:45:00,121604.91075526166
2024-12-27 14:00:00,121604.91075526166
2024-12-27 14:15:00,121604.91075526166
2024-12-27 14:30:00,121604.91075526166
2024-12-27 14:45:00,121604.91075526166
2024-12-27 15:00:00,121604.91075526166
2024-12-27 15:15:00,121604.91075526166
2024-12-30 09:15:00,121604.91075526166
2024-12-30 09:30:00,121604.91075526166
2024-12-30 09:45:00,121604.91075526166
2024-12-30 10:00:00,121604.91075526166
2024-12-30 10:15:00,121604.91075526166
2024-12-30 10:30:00,121604.91075526166
2024-12-30 10:45:00,121604.91075526166
2024-12-30 11:00:00,121604.91075526166
2024-12-30 11:15:00,121604.91075526166
2024-12-30 11:30:00,121718.47399829575
2024-12-30 11:45:00,121831.40382928464
2024-12-30 12:00:00,121757.22193127616
2024-12-30 12:15:00,121313.91498750717
2024-12-30 12:30:00,121368.97783963718
2024-12-30 12:45:00,121317.73879668287
2024-12-30 13:00:00,121200.47531529487
2024-12-30 13:15:00,121140.38466394004
2024-12-30 13:30:00,121140.38466394004
2024-12-30 13:45:00,121140.38466394004
2024-12-30 14:00:00,121140.38466394004
2024-12-30 14:15:00,121140.38466394004
2024-12-30 14:30:00,121140.38466394004
2024-12-30 14:45:00,121140.38466394004
2024-12-30 15:00:00,121140.38466394004
2024-12-30 15:15:00,121140.38466394004
2024-12-31 09:15:00,121140.38466394004
2024-12-31 09:30:00,121140.38466394004
2024-12-31 09:45:00,121140.38466394004
2024-12-31 10:00:00,121140.38466394004
2024-12-31 10:15:00,121140.38466394004
2024-12-31 10:30:00,121140.38466394004
2024-12-31 10:45:00,121140.38466394004
2024-12-31 11:00:00,121140.38466394004
2024-12-31 11:15:00,121140.38466394004
2024-12-31 11:30:00,121140.38466394004
2024-12-31 11:45:00,120997.51492253662
2024-12-31 12:00:00,120955.21141600456
2024-12-31 12:15:00,121066.2260725402
2024-12-31 12:30:00,120995.20745854397
2024-12-31 12:45:00,120929.57292719725
2024-12-31 13:00:00,120976.23497682656
2024-12-31 13:15:00,121124.93821190893
2024-12-31 13:30:00,121215.6984622868
2024-12-31 13:45:00,121244.15718486292
2024-12-31 14:00:00,121425.93407050673
2024-12-31 14:15:00,121216.98038672718
2024-12-31 14:30:00,121262.10412702804
2024-12-31 14:45:00,121342.35259699491
2024-12-31 15:00:00,121258.51473859503
2024-12-31 15:15:00,121366.45277647379
2025-01-01 09:15:00,121223.13362404094
2025-01-01 09:30:00,121068.02076675674
2025-01-01 09:45:00,120972.90197328164
2025-01-01 10:00:00,121165.44702422452
2025-01-01 10:15:00,121286.71707628308
2025-01-01 10:30:00,121303.89486378398
2025-01-01 10:45:00,121728.46823843298
2025-01-01 11:00:00,121803.58901063836
2025-01-01 11:15:00,121746.41518059808
2025-01-01 11:30:00,121651.80915689911
2025-01-01 11:45:00,121482.85151565896
2025-01-01 12:00:00,121599.5066397322
2025-01-01 12:15:00,121777.18136716682
2025-01-01 12:30:00,121833.5860425429
2025-01-01 12:45:00,121700.00951585683
2025-01-01 13:00:00,121665.1411710789
2025-01-01 13:15:00,121754.87588190447
2025-01-01 13:30:00,121781.283525376
2025-01-01 13:45:00,121967.16256922897
2025-01-01 14:00:00,121983.31481717757
2025-01-01 14:15:00,121934.34530355562
2025-01-01 14:30:00,121872.55654553001
2025-01-01 14:45:00,121737.69809440359
2025-01-01 15:00:00,121731.28847220176
2025-01-01 15:15:00,121827.43280522917
2025-01-02 09:15:00,121865.89053844013
2025-01-02 09:30:00,122176.11625300854
2025-01-02 09:45:00,122208.9335186819
2025-01-02 10:00:00,122214.06121644334
2025-01-02 10:15:00,122441.73099705223
2025-01-02 10:30:00,122470.95887429258
2025-01-02 10:45:00,122719.90860061154
2025-01-02 11:00:00,122775.80050621148
2025-01-02 11:15:00,122896.5577884939
2025-01-02 11:30:00,122850.66489352882
2025-01-02 11:45:00,122743.75239520238
2025-01-02 12:00:00,122759.39187337483
2025-01-02 12:15:00,123144.73836014864
2025-01-02 12:30:00,123341.12918441261
2025-01-02 12:45:00,123345.48772750986
2025-01-02 13:00:00,123499.3186603537
2025-01-02 13:15:00,123576.74689655176
2025-01-02 13:30:00,123820.56892510927
2025-01-02 13:45:00,123699.55525793877
2025-01-02 14:00:00,123806.72414115332
2025-01-02 14:15:00,123868.76928406699
2025-01-02 14:30:00,123976.45093705769
2025-01-02 14:45:00,124132.07656411803
2025-01-02 15:00:00,124019.77998314201
2025-01-02 15:15:00,123925.94311410727
2025-01-03 09:15:00,123748.26838667263
2025-01-03 09:30:00,123492.39626837573
2025-01-03 09:45:00,123362.92189989882
2025-01-03 10:00:00,123299.95915547073
2025-01-03 10:15:00,123299.95915547073
2025-01-03 10:30:00,123299.95915547073
2025-01-03 10:45:00,123299.95915547073
2025-01-03 11:00:00,123299.95915547073
2025-01-03 11:15:00,123299.95915547073
2025-01-03 11:30:00,123299.95915547073
2025-01-03 11:45:00,123299.95915547073
2025-01-03 12:00:00,123129.03996516188
2025-01-03 12:15:00,122846.67607014174
2025-01-03 12:30:00,122936.54233691125
2025-01-03 12:45:00,122966.15735664213
2025-01-03 13:00:00,123046.57745332508
2025-01-03 13:15:00,123050.66228363279
2025-01-03 13:30:00,122960.2854130748
2025-01-03 13:45:00,122757.57570905495
2025-01-03 14:00:00,122706.26002831438
2025-01-03 14:15:00,122649.75520892264
2025-01-03 14:30:00,122649.75520892264
2025-01-03 14:45:00,122649.75520892264
2025-01-03 15:00:00,122649.75520892264
2025-01-03 15:15:00,122649.75520892264
2025-01-06 09:15:00,122649.75520892264
2025-01-06 09:30:00,122649.75520892264
2025-01-06 09:45:00,122649.75520892264
2025-01-06 10:00:00,122649.75520892264
2025-01-06 10:15:00,122649.75520892264
2025-01-06 10:30:00,122649.75520892264
2025-01-06 10:45:00,122649.75520892264
2025-01-06 11:00:00,122649.75520892264
2025-01-06 11:15:00,122649.75520892264
2025-01-06 11:30:00,122649.75520892264
2025-01-06 11:45:00,122649.75520892264
2025-01-06 12:00:00,122649.75520892264
2025-01-06 12:15:00,122649.75520892264
2025-01-06 12:30:00,122649.75520892264
2025-01-06 12:45:00,122649.75520892264
2025-01-06 13:00:00,122649.75520892264
2025-01-06 13:15:00,122649.75520892264
2025-01-06 13:30:00,122649.75520892264
2025-01-06 13:45:00,122649.75520892264
2025-01-06 14:00:00,122649.75520892264
2025-01-06 14:15:00,122649.75520892264
2025-01-06 14:30:00,122649.75520892264
2025-01-06 14:45:00,122649.75520892264
2025-01-06 15:00:00,122649.75520892264
2025-01-06 15:15:00,122649.75520892264
2025-01-07 09:15:00,122649.75520892264
2025-01-07 09:30:00,122649.75520892264
2025-01-07 09:45:00,122049.79532686662
2025-01-07 10:00:00,122395.91341824387
2025-01-07 10:15:00,122462.6629235802
2025-01-07 10:30:00,122378.13073149403
2025-01-07 10:45:00,122287.41325706008
2025-01-07 11:00:00,122322.46319036411
2025-01-07 11:15:00,122411.11890401544
2025-01-07 11:30:00,122388.43953540697
2025-01-07 11:45:00,122356.73996337465
2025-01-07 12:00:00,122262.41440757117
2025-01-07 12:15:00,122264.47616835377
2025-01-07 12:30:00,122320.91686977714
2025-01-07 12:45:00,122298.23750116867
2025-01-07 13:00:00,122296.69118058172
2025-01-07 13:15:00,122318.08194870107
2025-01-07 13:30:00,122312.66982664679
2025-01-07 13:45:00,122103.40110721393
2025-01-07 14:00:00,122263.70300806029
2025-01-07 14:15:00,122214.47846937596
2025-01-07 14:30:00,122143.34772237661
2025-01-07 14:45:00,122265.24932864722
2025-01-07 15:00:00,122182.26345714799
2025-01-07 15:15:00,122131.4925978767
2025-01-08 09:15:00,121843.36152850979
2025-01-08 09:30:00,121902.63715100926
2025-01-08 09:45:00,122004.95202984527
2025-01-08 10:00:00,122000.57078818227
2025-01-08 10:15:00,121683.31734776129
2025-01-08 10:30:00,121621.44532413631
2025-01-08 10:45:00,121621.44532413631
2025-01-08 11:00:00,121621.44532413631
2025-01-08 11:15:00,121621.44532413631
2025-01-08 11:30:00,121621.44532413631
2025-01-08 11:45:00,121621.44532413631
2025-01-08 12:00:00,121621.44532413631
2025-01-08 12:15:00,121621.44532413631
2025-01-08 12:30:00,121621.44532413631
2025-01-08 12:45:00,121621.44532413631
2025-01-08 13:00:00,121621.44532413631
2025-01-08 13:15:00,121621.44532413631
2025-01-08 13:30:00,121621.44532413631
2025-01-08 13:45:00,121621.44532413631
2025-01-08 14:00:00,121716.01237347844
2025-01-08 14:15:00,121530.58633812798
2025-01-08 14:30:00,121708.0508678055
2025-01-08 14:45:00,121620.47430540314
2025-01-08 15:00:00,121760.6995343524
2025-01-08 15:15:00,121606.6058761664
2025-01-09 09:15:00,121294.05257281246
2025-01-09 09:30:00,121260.66561353883
2025-01-09 09:45:00,121387.02241325135
2025-01-09 10:00:00,121421.1798408159
2025-01-09 10:15:00,121375.46538888739
2025-01-09 10:30:00,121311.77334350384
2025-01-09 10:45:00,121257.79150999089
2025-01-09 11:00:00,121257.79150999089
2025-01-09 11:15:00,121257.79150999089
2025-01-09 11:30:00,121257.79150999089
2025-01-09 11:45:00,121257.79150999089
2025-01-09 12:00:00,121257.79150999089
2025-01-09 12:15:00,121257.79150999089
2025-01-09 12:30:00,121257.79150999089
2025-01-09 12:45:00,121257.79150999089
2025-01-09 13:00:00,121257.79150999089
2025-01-09 13:15:00,121257.79150999089
2025-01-09 13:30:00,121257.79150999089
2025-01-09 13:45:00,121257.79150999089
2025-01-09 14:00:00,121257.79150999089
2025-01-09 14:15:00,121257.79150999089
2025-01-09 14:30:00,121257.79150999089
2025-01-09 14:45:00,121257.79150999089
2025-01-09 15:00:00,121257.79150999089
2025-01-09 15:15:00,121257.79150999089
2025-01-10 09:15:00,121257.79150999089
2025-01-10 09:30:00,121257.79150999089
2025-01-10 09:45:00,121257.79150999089
2025-01-10 10:00:00,121257.79150999089
2025-01-10 10:15:00,121257.79150999089
2025-01-10 10:30:00,121257.79150999089
2025-01-10 10:45:00,121257.79150999089
2025-01-10 11:00:00,121257.79150999089
2025-01-10 11:15:00,121257.79150999089
2025-01-10 11:30:00,121257.79150999089
2025-01-10 11:45:00,121257.79150999089
2025-01-10 12:00:00,121257.79150999089
2025-01-10 12:15:00,121257.79150999089
2025-01-10 12:30:00,121257.79150999089
2025-01-10 12:45:00,121257.79150999089
2025-01-10 13:00:00,121257.79150999089
2025-01-10 13:15:00,121257.79150999089
2025-01-10 13:30:00,121257.79150999089
2025-01-10 13:45:00,121257.79150999089
2025-01-10 14:00:00,120783.6655030911
2025-01-10 14:15:00,120744.50565206681
2025-01-10 14:30:00,120714.1052414032
2025-01-10 14:45:00,120614.65983024937
2025-01-10 15:00:00,120633.98212516269
2025-01-10 15:15:00,120763.57031638127
2025-01-13 09:15:00,119832.23570155981
2025-01-13 09:30:00,119768.97206052297
2025-01-13 09:45:00,119768.97206052297
2025-01-13 10:00:00,119768.97206052297
2025-01-13 10:15:00,119768.97206052297
2025-01-13 10:30:00,119768.97206052297
2025-01-13 10:45:00,119768.97206052297
2025-01-13 11:00:00,119768.97206052297
2025-01-13 11:15:00,119768.97206052297
2025-01-13 11:30:00,119768.97206052297
2025-01-13 11:45:00,119768.97206052297
2025-01-13 12:00:00,119768.97206052297
2025-01-13 12:15:00,119768.97206052297
2025-01-13 12:30:00,119768.97206052297
2025-01-13 12:45:00,119768.97206052297
2025-01-13 13:00:00,119768.97206052297
2025-01-13 13:15:00,119768.97206052297
2025-01-13 13:30:00,119768.97206052297
2025-01-13 13:45:00,119768.97206052297
2025-01-13 14:00:00,119768.97206052297
2025-01-13 14:15:00,119768.97206052297
2025-01-13 14:30:00,119768.97206052297
2025-01-13 14:45:00,119768.97206052297
2025-01-13 15:00:00,119768.97206052297
2025-01-13 15:15:00,119768.97206052297
2025-01-14 09:15:00,119768.97206052297
2025-01-14 09:30:00,119768.97206052297
2025-01-14 09:45:00,119768.97206052297
2025-01-14 10:00:00,119768.97206052297
2025-01-14 10:15:00,119768.97206052297
2025-01-14 10:30:00,119768.97206052297
2025-01-14 10:45:00,119861.14156662002
2025-01-14 11:00:00,120094.51475657434
2025-01-14 11:15:00,119937.03948459188
2025-01-14 11:30:00,119776.98265077364
2025-01-14 11:45:00,119765.36562251265
2025-01-14 12:00:00,119686.88614270499
2025-01-14 12:15:00,119641.96696676247
2025-01-14 12:30:00,119691.01664164224
2025-01-14 12:45:00,119582.59104453957
2025-01-14 13:00:00,119620.28184734192
2025-01-14 13:15:00,119618.21659787328
2025-01-14 13:30:00,119569.94139154424
2025-01-14 13:45:00,119565.810892607
2025-01-14 14:00:00,119693.85635966157
2025-01-14 14:15:00,119697.21239004808
2025-01-14 14:30:00,119658.23080632783
2025-01-14 14:45:00,119592.98312170948
2025-01-14 15:00:00,119592.98312170948
2025-01-14 15:15:00,119592.98312170948
2025-01-15 09:15:00,119592.98312170948
2025-01-15 09:30:00,119592.98312170948
2025-01-15 09:45:00,119592.98312170948
2025-01-15 10:00:00,119592.98312170948
2025-01-15 10:15:00,119592.98312170948
2025-01-15 10:30:00,119705.78788652127
2025-01-15 10:45:00,119758.77724391734
2025-01-15 11:00:00,119649.96900033222
2025-01-15 11:15:00,119598.00856249723
2025-01-15 11:30:00,119491.77261781482
2025-01-15 11:45:00,119567.91266533537
2025-01-15 12:00:00,119465.27793911677
2025-01-15 12:15:00,119472.4803760444
2025-01-15 12:30:00,119619.10141349956
2025-01-15 12:45:00,119616.7863444871
2025-01-15 13:00:00,119418.20486919695
2025-01-15 13:15:00,119219.1089341263
2025-01-15 13:30:00,119188.49857718391
2025-01-15 13:45:00,119119.39158070822
2025-01-15 14:00:00,119119.39158070822
2025-01-15 14:15:00,119119.39158070822
2025-01-15 14:30:00,119119.39158070822
2025-01-15 14:45:00,119119.39158070822
2025-01-15 15:00:00,119119.39158070822
2025-01-15 15:15:00,119119.39158070822
2025-01-16 09:15:00,119119.39158070822
2025-01-16 09:30:00,118948.66776510274
2025-01-16 09:45:00,118868.35423817209
2025-01-16 10:00:00,118853.82131425131
2025-01-16 10:15:00,118844.8975890368
2025-01-16 10:30:00,118875.23825476617
2025-01-16 10:45:00,118760.7596084428
2025-01-16 11:00:00,118759.73975413255
2025-01-16 11:15:00,118748.77632029758
2025-01-16 11:30:00,118848.72204270016
2025-01-16 11:45:00,118812.26225110942
2025-01-16 12:00:00,118807.41794313585
2025-01-16 12:15:00,118810.22254248899
2025-01-16 12:30:00,118862.23511231075
2025-01-16 12:45:00,118936.17454980247
2025-01-16 13:00:00,118904.81402976287
2025-01-16 13:15:00,118924.70118881237
2025-01-16 13:30:00,118946.88302005986
2025-01-16 13:45:00,118978.75346725456
2025-01-16 14:00:00,118983.08784807302
2025-01-16 14:15:00,118805.63319809292
2025-01-16 14:30:00,118831.12955584869
2025-01-16 14:45:00,118835.71890024474
2025-01-16 15:00:00,118862.23511231074
2025-01-16 15:15:00,119072.07013664063
2025-01-17 09:15:00,118408.65490783576
2025-01-17 09:30:00,118271.48450310976
2025-01-17 09:45:00,118435.68104705687
2025-01-17 10:00:00,118324.26196366422
2025-01-17 10:15:00,118627.66862095776
2025-01-17 10:30:00,118293.6663343573
2025-01-17 10:45:00,117832.18225897805
2025-01-17 11:00:00,117776.06936490202
2025-01-17 11:15:00,117776.06936490202
2025-01-17 11:30:00,117776.06936490202
2025-01-17 11:45:00,117776.06936490202
2025-01-17 12:00:00,117776.06936490202
2025-01-17 12:15:00,117776.06936490202
2025-01-17 12:30:00,117776.06936490202
2025-01-17 12:45:00,117776.06936490202
2025-01-17 13:00:00,117776.06936490202
2025-01-17 13:15:00,117776.06936490202
2025-01-17 13:30:00,117776.06936490202
2025-01-17 13:45:00,117776.06936490202
2025-01-17 14:00:00,117776.06936490202
2025-01-17 14:15:00,117776.06936490202
2025-01-17 14:30:00,117814.04181264443
2025-01-17 14:45:00,117866.2754759416
2025-01-17 15:00:00,117635.53453613372
2025-01-17 15:15:00,117668.24396606251
2025-01-20 09:15:00,117699.43202715743
2025-01-20 09:30:00,117715.40639991337
2025-01-20 09:45:00,117787.67141952353
2025-01-20 10:00:00,117794.77114074839
2025-01-20 10:15:00,117908.36668034612
2025-01-20 10:30:00,117964.40376572803
2025-01-20 10:45:00,118011.56619957885
2025-01-20 11:00:00,118023.73715025005
2025-01-20 11:15:00,118316.60065077542
2025-01-20 11:30:00,118525.28174249176
2025-01-20 11:45:00,118427.15345270534
2025-01-20 12:00:00,118377.45540413135
2025-01-20 12:15:00,118358.69185517993
2025-01-20 12:30:00,118351.33857248275
2025-01-20 12:45:00,118344.49241273021
2025-01-20 13:00:00,118462.3984973573
2025-01-20 13:15:00,118372.89129762963
2025-01-20 13:30:00,118371.62349026804
2025-01-20 13:45:00,118353.62062573359
2025-01-20 14:00:00,118463.66630471888
2025-01-20 14:15:00,118338.66049886691
2025-01-20 14:30:00,118431.97112067933
2025-01-20 14:45:00,118448.19905490757
2025-01-20 15:00:00,118421.82866178667
2025-01-20 15:15:00,118347.53515039798
2025-01-21 09:15:00,118736.75201040354
2025-01-21 09:30:00,118363.00240020925
2025-01-21 09:45:00,118155.3355543822
2025-01-21 10:00:00,117989.252790015
2025-01-21 10:15:00,117355.8562321688
2025-01-21 10:30:00,117294.64395713691
2025-01-21 10:45:00,117294.64395713691
2025-01-21 11:00:00,117294.64395713691
2025-01-21 11:15:00,117294.64395713691
2025-01-21 11:30:00,117294.64395713691
2025-01-21 11:45:00,117294.64395713691
2025-01-21 12:00:00,117294.64395713691
2025-01-21 12:15:00,117294.64395713691
2025-01-21 12:30:00,117294.64395713691
2025-01-21 12:45:00,117294.64395713691
2025-01-21 13:00:00,117294.64395713691
2025-01-21 13:15:00,117294.64395713691
2025-01-21 13:30:00,117294.64395713691
2025-01-21 13:45:00,117294.64395713691
2025-01-21 14:00:00,117294.64395713691
2025-01-21 14:15:00,117294.64395713691
2025-01-21 14:30:00,117294.64395713691
2025-01-21 14:45:00,117294.64395713691
2025-01-21 15:00:00,117294.64395713691
2025-01-21 15:15:00,117294.64395713691
2025-01-22 09:15:00,117294.64395713691
2025-01-22 09:30:00,117294.64395713691
2025-01-22 09:45:00,117294.64395713691
2025-01-22 10:00:00,117294.64395713691
2025-01-22 10:15:00,117294.64395713691
2025-01-22 10:30:00,117294.64395713691
2025-01-22 10:45:00,117294.64395713691
2025-01-22 11:00:00,117294.64395713691
2025-01-22 11:15:00,117294.64395713691
2025-01-22 11:30:00,117294.64395713691
2025-01-22 11:45:00,117294.64395713691
2025-01-22 12:00:00,117294.64395713691
2025-01-22 12:15:00,117294.64395713691
2025-01-22 12:30:00,117294.64395713691
2025-01-22 12:45:00,117294.64395713691
2025-01-22 13:00:00,117294.64395713691
2025-01-22 13:15:00,117294.64395713691
2025-01-22 13:30:00,117294.64395713691
2025-01-22 13:45:00,117294.64395713691
2025-01-22 14:00:00,117294.64395713691
2025-01-22 14:15:00,117294.64395713691
2025-01-22 14:30:00,117294.64395713691
2025-01-22 14:45:00,117294.64395713691
2025-01-22 15:00:00,117261.56063490824
2025-01-22 15:15:00,117248.9051894875
2025-01-23 09:15:00,116972.51026149864
2025-01-23 09:30:00,117432.15603917975
2025-01-23 09:45:00,117459.23869238012
2025-01-23 10:00:00,117531.62784018672
2025-01-23 10:15:00,117647.04550242385
2025-01-23 10:30:00,117621.9877204908
2025-01-23 10:45:00,117502.77342462746
2025-01-23 11:00:00,117562.76023592176
2025-01-23 11:15:00,117570.10039426578
2025-01-23 11:30:00,117553.39520631041
2025-01-23 11:45:00,117531.62784018672
2025-01-23 12:00:00,117608.3198394364
2025-01-23 12:15:00,117706.01987808447
2025-01-23 12:30:00,117717.91599677996
2025-01-23 12:45:00,117673.36882889897
2025-01-23 13:00:00,117668.05354182227
2025-01-23 13:15:00,117656.6636409436
2025-01-23 13:30:00,117706.01987808448
2025-01-23 13:45:00,117700.19837319096
2025-01-23 14:00:00,117644.76752224813
2025-01-23 14:15:00,117567.82241409006
2025-01-23 14:30:00,117596.42372074092
2025-01-23 14:45:00,117512.64467205564
2025-01-23 15:00:00,117448.86122713513
2025-01-23 15:15:00,117525.04700856796
2025-01-24 09:15:00,117622.49393830761
2025-01-24 09:30:00,117595.66439401566
2025-01-24 09:45:00,117168.41655661163
2025-01-24 10:00:00,117221.56942737872
2025-01-24 10:15:00,117356.72958447217
2025-01-24 10:30:00,117510.87290969671
2025-01-24 10:45:00,117549.85168159257
2025-01-24 11:00:00,117843.45801535364
2025-01-24 11:15:00,117840.16759954423
2025-01-24 11:30:00,118058.85369641456
2025-01-24 11:45:00,118068.97805275115
2025-01-24 12:00:00,117952.8010637888
2025-01-24 12:15:00,117925.97151949684
2025-01-24 12:30:00,117511.12601860514
2025-01-24 12:45:00,117542.00530543175
2025-01-24 13:00:00,117526.05944420162
2025-01-24 13:15:00,117411.65421759817
2025-01-24 13:30:00,117219.291447203
2025-01-24 13:45:00,117166.50039562049
2025-01-24 14:00:00,117166.50039562049
2025-01-24 14:15:00,117166.50039562049
2025-01-24 14:30:00,117166.50039562049
2025-01-24 14:45:00,117166.50039562049
2025-01-24 15:00:00,117166.50039562049
2025-01-24 15:15:00,117166.50039562049
2025-01-27 09:15:00,117166.50039562049
2025-01-27 09:30:00,117166.50039562049
2025-01-27 09:45:00,117166.50039562049
2025-01-27 10:00:00,117166.50039562049
2025-01-27 10:15:00,117166.50039562049
2025-01-27 10:30:00,117166.50039562049
2025-01-27 10:45:00,117166.50039562049
2025-01-27 11:00:00,117166.50039562049
2025-01-27 11:15:00,117166.50039562049
2025-01-27 11:30:00,117166.50039562049
2025-01-27 11:45:00,117166.50039562049
2025-01-27 12:00:00,117166.50039562049
2025-01-27 12:15:00,117166.50039562049
2025-01-27 12:30:00,117166.50039562049
2025-01-27 12:45:00,117166.50039562049
2025-01-27 13:00:00,117166.50039562049
2025-01-27 13:15:00,117166.50039562049
2025-01-27 13:30:00,117166.50039562049
2025-01-27 13:45:00,117166.50039562049
2025-01-27 14:00:00,117166.50039562049
2025-01-27 14:15:00,117166.50039562049
2025-01-27 14:30:00,117166.50039562049
2025-01-27 14:45:00,117166.50039562049
2025-01-27 15:00:00,117166.50039562049
2025-01-27 15:15:00,117166.50039562049
2025-01-28 09:15:00,117166.50039562049
2025-01-28 09:30:00,117166.50039562049
2025-01-28 09:45:00,117166.50039562049
2025-01-28 10:00:00,117166.50039562049
2025-01-28 10:15:00,117166.50039562049
2025-01-28 10:30:00,117166.50039562049
2025-01-28 10:45:00,117166.50039562049
2025-01-28 11:00:00,117166.50039562049
2025-01-28 11:15:00,117172.44278627934
2025-01-28 11:30:00,117356.5831526766
2025-01-28 11:45:00,117294.60793240718
2025-01-28 12:00:00,117485.88947644863
2025-01-28 12:15:00,117363.72433032081
2025-01-28 12:30:00,117364.48945649697
2025-01-28 12:45:00,117548.88486495295
2025-01-28 13:00:00,117652.17689873534
2025-01-28 13:15:00,117452.73400881478
2025-01-28 13:30:00,117512.66889261443
2025-01-28 13:45:00,117613.4105058096
2025-01-28 14:00:00,117583.3155428804
2025-01-28 14:15:00,117913.59500892535
2025-01-28 14:30:00,117979.14081801688
2025-01-28 14:45:00,117256.09658154011
2025-01-28 15:00:00,117153.82471599261
2025-01-28 15:15:00,117198.45707626895
2025-01-29 09:15:00,117256.60666565757
2025-01-29 09:30:00,117525.67603760924
2025-01-29 09:45:00,117608.56470669387
2025-01-29 10:00:00,117661.86849696677
2025-01-29 10:15:00,117805.2021339685
2025-01-29 10:30:00,117697.3193431291
2025-01-29 10:45:00,117945.98535038301
2025-01-29 11:00:00,117754.95884840027
2025-01-29 11:15:00,117658.29790814464
2025-01-29 11:30:00,117792.19498897366
2025-01-29 11:45:00,117894.21181246242
2025-01-29 12:00:00,117936.29375215156
2025-01-29 12:15:00,118012.55132770943
2025-01-29 12:30:00,117999.03409859716
2025-01-29 12:45:00,117943.43492979577
2025-01-29 13:00:00,117894.72189657987
2025-01-29 13:15:00,118150.52908147799
2025-01-29 13:30:00,118072.23116945033
2025-01-29 13:45:00,118126.81017001685
2025-01-29 14:00:00,118207.14841851426
2025-01-29 14:15:00,118047.2370476956
2025-01-29 14:30:00,118058.20385622064
2025-01-29 14:45:00,118027.3437671153
2025-01-29 15:00:00,118132.16605325001
2025-01-29 15:15:00,118218.11522703932
2025-01-30 09:15:00,118183.68454911186
2025-01-30 09:30:00,118360.6837378649
2025-01-30 09:45:00,118495.09090281137
2025-01-30 10:00:00,118703.71530684593
2025-01-30 10:15:00,118852.1497850221
2025-01-30 10:30:00,118827.41070532608
2025-01-30 10:45:00,118578.48965601344
2025-01-30 11:00:00,118789.91952269395
2025-01-30 11:15:00,118675.91572244524
2025-01-30 11:30:00,118568.28797366456
2025-01-30 11:45:00,118681.01656361968
2025-01-30 12:00:00,118598.63797865248
2025-01-30 12:15:00,118712.6417789012
2025-01-30 12:30:00,118721.82329301519
2025-01-30 12:45:00,118655.00227363003
2025-01-30 13:00:00,118655.51235774747
2025-01-30 13:15:00,118459.89509870773
2025-01-30 13:30:00,118464.48585576472
2025-01-30 13:45:00,118297.17826524311
2025-01-30 14:00:00,118231.14698359279
2025-01-30 14:15:00,118231.14698359279
2025-01-30 14:30:00,118231.14698359279
2025-01-30 14:45:00,118231.14698359279
2025-01-30 15:00:00,118231.14698359279
2025-01-30 15:15:00,118231.14698359279
2025-01-31 09:15:00,118231.14698359279
2025-01-31 09:30:00,118294.12801130886
2025-01-31 09:45:00,118497.03128427044
2025-01-31 10:00:00,118247.2652079407
2025-01-31 10:15:00,118500.57765857938
2025-01-31 10:30:00,118619.38119792893
2025-01-31 10:45:00,118708.54718055374
2025-01-31 11:00:00,118665.7373763958
2025-01-31 11:15:00,118567.70545799863
2025-01-31 11:30:00,118549.7202740033
2025-01-31 11:45:00,118710.06705525758
2025-01-31 12:00:00,118774.15510526918
2025-01-31 12:15:00,118726.78567699973
2025-01-31 12:30:00,118866.6141497523
2025-01-31 12:45:00,118959.83313158732
2025-01-31 13:00:00,119057.3584250832
2025-01-31 13:15:00,119170.84240296936
2025-01-31 13:30:00,119090.5423561169
2025-01-31 13:45:00,118964.64606814946
2025-01-31 14:00:00,118792.64691416579
2025-01-31 14:15:00,118775.674979973
2025-01-31 14:30:00,118977.31169068138
2025-01-31 14:45:00,119027.21424345723
2025-01-31 15:00:00,119133.60547272547
2025-01-31 15:15:00,119228.34432926432
2025-02-01 09:15:00,119090.79566856753
2025-02-01 09:30:00,119355.00055458366
2025-02-01 09:45:00,119364.11980280666
2025-02-01 10:00:00,119340.05511999599
2025-02-01 10:15:00,119402.87660775438
2025-02-01 10:30:00,119470.76434452557
2025-02-01 10:45:00,119515.34733583796
2025-02-01 11:00:00,119477.09715579152
2025-02-01 11:15:00,119560.94357695291
2025-02-01 11:30:00,119701.53198705739
2025-02-01 11:45:00,118680.93612343412
2025-02-01 12:00:00,118788.59391495558
2025-02-01 12:15:00,118800.75291258623
2025-02-01 12:30:00,118643.69919319024
2025-02-01 12:45:00,118585.89645836015
2025-02-01 13:00:00,118585.89645836015
2025-02-01 13:15:00,118585.89645836015
2025-02-01 13:30:00,118585.89645836015
2025-02-01 13:45:00,118585.89645836015
2025-02-01 14:00:00,118585.89645836015
2025-02-01 14:15:00,118592.36511686402
2025-02-01 14:30:00,118277.91881340487
2025-02-01 14:45:00,118451.51937677294
2025-02-01 15:00:00,118326.54712796226
2025-02-01 15:15:00,118397.59989845542
2025-02-03 09:15:00,117590.31948476704
2025-02-03 09:30:00,117526.99130944331
2025-02-03 09:45:00,117526.99130944331
2025-02-03 10:00:00,117526.99130944331
2025-02-03 10:15:00,117526.99130944331
2025-02-03 10:30:00,117526.99130944331
2025-02-03 10:45:00,117526.99130944331
2025-02-03 11:00:00,117526.99130944331
2025-02-03 11:15:00,117526.99130944331
2025-02-03 11:30:00,117526.99130944331
2025-02-03 11:45:00,117526.99130944331
2025-02-03 12:00:00,117526.99130944331
2025-02-03 12:15:00,117526.99130944331
2025-02-03 12:30:00,117526.99130944331
2025-02-03 12:45:00,117526.99130944331
2025-02-03 13:00:00,117526.99130944331
2025-02-03 13:15:00,117526.99130944331
2025-02-03 13:30:00,117526.99130944331
2025-02-03 13:45:00,117526.99130944331
2025-02-03 14:00:00,117526.99130944331
2025-02-03 14:15:00,117526.99130944331
2025-02-03 14:30:00,117418.19704275437
2025-02-03 14:45:00,117434.28734097643
2025-02-03 15:00:00,117493.87172658001
2025-02-03 15:15:00,117457.66855558037
2025-02-04 09:15:00,118235.28249934335
2025-02-04 09:30:00,118527.17056552792
2025-02-04 09:45:00,118454.51281261892
2025-02-04 10:00:00,118226.73452841288
2025-02-04 10:15:00,118167.90437553846
2025-02-04 10:30:00,117957.97626592252
2025-02-04 10:45:00,117994.9336696513
2025-02-04 11:00:00,118195.81098651735
2025-02-04 11:15:00,118309.9515395301
2025-02-04 11:30:00,118365.26193966845
2025-02-04 11:45:00,118395.68265974453
2025-02-04 12:00:00,118491.97303816717
2025-02-04 12:15:00,118553.31730013875
2025-02-04 12:30:00,118619.94119121447
2025-02-04 12:45:00,118761.73694429638
2025-02-04 13:00:00,118867.32952637866
2025-02-04 13:15:00,118914.84618831567
2025-02-04 13:30:00,119020.69018130765
2025-02-04 13:45:00,119067.95543233496
2025-02-04 14:00:00,118925.40544652389
2025-02-04 14:15:00,118902.5270537394
2025-02-04 14:30:00,119174.55365805612
2025-02-04 14:45:00,119413.89684410924
2025-02-04 15:00:00,119390.01280768588
2025-02-04 15:15:00,119207.48848722939
2025-02-05 09:15:00,119491.0799933932
2025-02-05 09:30:00,119659.27389199568
2025-02-05 09:45:00,119441.049222359
2025-02-05 10:00:00,119402.08053135245
2025-02-05 10:15:00,119542.61922988573
2025-02-05 10:30:00,119515.96967345546
2025-02-05 10:45:00,119454.62541148385
2025-02-05 11:00:00,119335.205229367
2025-02-05 11:15:00,119426.46738959526
2025-02-05 11:30:00,119390.26421859562
2025-02-05 11:45:00,119376.18520765132
2025-02-05 12:00:00,119332.43970936009
2025-02-05 12:15:00,119362.106196707
2025-02-05 12:30:00,119331.93688754064
2025-02-05 12:45:00,119279.64341831893
2025-02-05 13:00:00,119449.84860419916
2025-02-05 13:15:00,119417.91941866474
2025-02-05 13:30:00,119345.76448757519
2025-02-05 13:45:00,119524.26623347616
2025-02-05 14:00:00,119385.48741131088
2025-02-05 14:15:00,119356.07233487368
2025-02-05 14:30:00,119345.51307666545
2025-02-05 14:45:00,119320.87480751291
2025-02-05 15:00:00,119147.90410162575
2025-02-05 15:15:00,119088.58143477922
2025-02-06 09:15:00,119088.58143477922
2025-02-06 09:30:00,119088.58143477922
2025-02-06 09:45:00,119088.58143477922
2025-02-06 10:00:00,119088.58143477922
2025-02-06 10:15:00,119088.58143477922
2025-02-06 10:30:00,119088.58143477922
2025-02-06 10:45:00,119088.58143477922
2025-02-06 11:00:00,119088.58143477922
2025-02-06 11:15:00,119088.58143477922
2025-02-06 11:30:00,119088.58143477922
2025-02-06 11:45:00,119088.58143477922
2025-02-06 12:00:00,119088.58143477922
2025-02-06 12:15:00,119088.58143477922
2025-02-06 12:30:00,119088.58143477922
2025-02-06 12:45:00,119088.58143477922
2025-02-06 13:00:00,119088.58143477922
2025-02-06 13:15:00,119088.58143477922
2025-02-06 13:30:00,119088.58143477922
2025-02-06 13:45:00,119088.58143477922
2025-02-06 14:00:00,119088.58143477922
2025-02-06 14:15:00,119088.58143477922
2025-02-06 14:30:00,119088.58143477922
2025-02-06 14:45:00,119088.58143477922
2025-02-06 15:00:00,119088.58143477922
2025-02-06 15:15:00,119088.58143477922
2025-02-07 09:15:00,119088.58143477922
2025-02-07 09:30:00,119088.58143477922
2025-02-07 09:45:00,119088.58143477922
2025-02-07 10:00:00,119088.58143477922
2025-02-07 10:15:00,119088.58143477922
2025-02-07 10:30:00,119088.58143477922
2025-02-07 10:45:00,119088.58143477922
2025-02-07 11:00:00,119088.58143477922
2025-02-07 11:15:00,119088.58143477922
2025-02-07 11:30:00,119037.33029185106
2025-02-07 11:45:00,118851.36273536479
2025-02-07 12:00:00,118485.96161762014
2025-02-07 12:15:00,118584.72546856487
2025-02-07 12:30:00,118532.70481425046
2025-02-07 12:45:00,118402.77883221883
2025-02-07 13:00:00,118335.28844158739
2025-02-07 13:15:00,118335.28844158739
2025-02-07 13:30:00,118335.28844158739
2025-02-07 13:45:00,118335.28844158739
2025-02-07 14:00:00,118335.28844158739
2025-02-07 14:15:00,118335.28844158739
2025-02-07 14:30:00,118335.28844158739
2025-02-07 14:45:00,118335.28844158739
2025-02-07 15:00:00,118335.28844158739
2025-02-07 15:15:00,118335.28844158739
2025-02-10 09:15:00,118335.28844158739
2025-02-10 09:30:00,118335.28844158739
2025-02-10 09:45:00,118335.28844158739
2025-02-10 10:00:00,118335.28844158739
2025-02-10 10:15:00,118335.28844158739
2025-02-10 10:30:00,118335.28844158739
2025-02-10 10:45:00,118335.28844158739
2025-02-10 11:00:00,118335.28844158739
2025-02-10 11:15:00,118335.28844158739
2025-02-10 11:30:00,118335.28844158739
2025-02-10 11:45:00,118335.28844158739
2025-02-10 12:00:00,118335.28844158739
2025-02-10 12:15:00,118335.28844158739
2025-02-10 12:30:00,118335.28844158739
2025-02-10 12:45:00,118335.28844158739
2025-02-10 13:00:00,118335.28844158739
2025-02-10 13:15:00,118335.28844158739
2025-02-10 13:30:00,118335.28844158739
2025-02-10 13:45:00,118335.28844158739
2025-02-10 14:00:00,118335.28844158739
2025-02-10 14:15:00,118335.28844158739
2025-02-10 14:30:00,118335.28844158739
2025-02-10 14:45:00,118335.28844158739
2025-02-10 15:00:00,118335.28844158739
2025-02-10 15:15:00,118335.28844158739
2025-02-11 09:15:00,118335.28844158739
2025-02-11 09:30:00,118335.28844158739
2025-02-11 09:45:00,118335.28844158739
2025-02-11 10:00:00,118335.28844158739
2025-02-11 10:15:00,118335.28844158739
2025-02-11 10:30:00,118335.28844158739
2025-02-11 10:45:00,118335.28844158739
2025-02-11 11:00:00,118335.28844158739
2025-02-11 11:15:00,118335.28844158739
2025-02-11 11:30:00,118335.28844158739
2025-02-11 11:45:00,118335.28844158739
2025-02-11 12:00:00,118335.28844158739
2025-02-11 12:15:00,118335.28844158739
2025-02-11 12:30:00,118335.28844158739
2025-02-11 12:45:00,118335.28844158739
2025-02-11 13:00:00,118335.28844158739
2025-02-11 13:15:00,118335.28844158739
2025-02-11 13:30:00,118335.28844158739
2025-02-11 13:45:00,118335.28844158739
2025-02-11 14:00:00,118335.28844158739
2025-02-11 14:15:00,118335.28844158739
2025-02-11 14:30:00,118335.28844158739
2025-02-11 14:45:00,118335.28844158739
2025-02-11 15:00:00,118335.28844158739
2025-02-11 15:15:00,118335.28844158739
2025-02-12 09:15:00,118335.28844158739
2025-02-12 09:30:00,118335.28844158739
2025-02-12 09:45:00,118335.28844158739
2025-02-12 10:00:00,118335.28844158739
2025-02-12 10:15:00,118335.28844158739
2025-02-12 10:30:00,118335.28844158739
2025-02-12 10:45:00,118335.28844158739
2025-02-12 11:00:00,118335.28844158739
2025-02-12 11:15:00,118335.28844158739
2025-02-12 11:30:00,118335.28844158739
2025-02-12 11:45:00,118335.28844158739
2025-02-12 12:00:00,118240.71692715098
2025-02-12 12:15:00,118099.10144628839
2025-02-12 12:30:00,118230.71148556827
2025-02-12 12:45:00,118396.69919592713
2025-02-12 13:00:00,118541.64982398391
2025-02-12 13:15:00,118632.72499736473
2025-02-12 13:30:00,118526.76993650198
2025-02-12 13:45:00,118019.57101319527
2025-02-12 14:00:00,118024.44545909452
2025-02-12 14:15:00,118003.92147636082
2025-02-12 14:30:00,117969.03070571352
2025-02-12 14:45:00,117960.3080130517
2025-02-12 15:00:00,118277.40354628745
2025-02-12 15:15:00,118309.47226930887
2025-02-13 09:15:00,118142.45835981335
2025-02-13 09:30:00,118626.56780254463
2025-02-13 09:45:00,118905.43741793887
2025-02-13 10:00:00,118893.89267765117
2025-02-13 10:15:00,118769.2094825439
2025-02-13 10:30:00,118990.35539649955
2025-02-13 10:45:00,118918.77800671574
2025-02-13 11:00:00,118943.15023621201
2025-02-13 11:15:00,119023.19376887348
2025-02-13 11:30:00,119154.29070858503
2025-02-13 11:45:00,119146.08111549154
2025-02-13 12:00:00,119017.54967362172
2025-02-13 12:15:00,119013.95797664332
2025-02-13 12:30:00,119013.95797664332
2025-02-13 12:45:00,118988.81609779454
2025-02-13 13:00:00,118798.4561579394
2025-02-13 13:15:00,118787.93761678839
2025-02-13 13:30:00,118455.1925467182
2025-02-13 13:45:00,118400.83695912115
2025-02-13 14:00:00,118400.83695912115
2025-02-13 14:15:00,118400.83695912115
2025-02-13 14:30:00,118400.83695912115
2025-02-13 14:45:00,118400.83695912115
2025-02-13 15:00:00,118400.83695912115
2025-02-13 15:15:00,118400.83695912115
2025-02-14 09:15:00,118400.83695912115
2025-02-14 09:30:00,118400.83695912115
2025-02-14 09:45:00,118400.83695912115
2025-02-14 10:00:00,118400.83695912115
2025-02-14 10:15:00,118400.83695912115
2025-02-14 10:30:00,118400.83695912115
2025-02-14 10:45:00,118400.83695912115
2025-02-14 11:00:00,118400.83695912115
2025-02-14 11:15:00,118400.83695912115
2025-02-14 11:30:00,118400.83695912115
2025-02-14 11:45:00,118400.83695912115
2025-02-14 12:00:00,118400.83695912115
2025-02-14 12:15:00,118400.83695912115
2025-02-14 12:30:00,118400.83695912115
2025-02-14 12:45:00,118400.83695912115
2025-02-14 13:00:00,118400.83695912115
2025-02-14 13:15:00,118400.83695912115
2025-02-14 13:30:00,118400.83695912115
2025-02-14 13:45:00,118400.83695912115
2025-02-14 14:00:00,118400.83695912115
2025-02-14 14:15:00,118400.83695912115
2025-02-14 14:30:00,118400.83695912115
2025-02-14 14:45:00,118400.83695912115
2025-02-14 15:00:00,118400.83695912115
2025-02-14 15:15:00,118400.83695912115
2025-02-17 09:15:00,118400.83695912115
2025-02-17 09:30:00,118400.83695912115
2025-02-17 09:45:00,118400.83695912115
2025-02-17 10:00:00,118400.83695912115
2025-02-17 10:15:00,118400.83695912115
2025-02-17 10:30:00,118400.83695912115
2025-02-17 10:45:00,118400.83695912115
2025-02-17 11:00:00,118400.83695912115
2025-02-17 11:15:00,118400.83695912115
2025-02-17 11:30:00,118400.83695912115
2025-02-17 11:45:00,118400.83695912115
2025-02-17 12:00:00,118400.83695912115
2025-02-17 12:15:00,118400.83695912115
2025-02-17 12:30:00,118400.83695912115
2025-02-17 12:45:00,118400.83695912115
2025-02-17 13:00:00,118400.83695912115
2025-02-17 13:15:00,118400.83695912115
2025-02-17 13:30:00,118400.83695912115
2025-02-17 13:45:00,118141.19871987076
2025-02-17 14:00:00,118077.73964148002
2025-02-17 14:15:00,118227.10064305828
2025-02-17 14:30:00,118211.36485532724
2025-02-17 14:45:00,118348.60156144059
2025-02-17 15:00:00,118512.40853208343
2025-02-17 15:15:00,118475.00379075554
2025-02-18 09:15:00,118151.00134173603
2025-02-18 09:30:00,118273.53411505155
2025-02-18 09:45:00,118222.19933212567
2025-02-18 10:00:00,118118.75587507407
2025-02-18 10:15:00,117771.53669005794
2025-02-18 10:30:00,117845.31431778052
2025-02-18 10:45:00,117990.80586335933
2025-02-18 11:00:00,117702.14444580134
2025-02-18 11:15:00,117646.64522534702
2025-02-18 11:30:00,117646.64522534702
2025-02-18 11:45:00,117646.64522534702
2025-02-18 12:00:00,117646.64522534702
2025-02-18 12:15:00,117646.64522534702
2025-02-18 12:30:00,117646.64522534702
2025-02-18 12:45:00,117646.64522534702
2025-02-18 13:00:00,117646.64522534702
2025-02-18 13:15:00,117646.64522534702
2025-02-18 13:30:00,117646.64522534702
2025-02-18 13:45:00,117646.64522534702
2025-02-18 14:00:00,117646.64522534702
2025-02-18 14:15:00,117646.64522534702
2025-02-18 14:30:00,117586.28462951671
2025-02-18 14:45:00,117567.06871429621
2025-02-18 15:00:00,117608.57509117252
2025-02-18 15:15:00,117463.81519651138
2025-02-19 09:15:00,117103.83705138059
2025-02-19 09:30:00,117408.4733606763
2025-02-19 09:45:00,117801.75909218931
2025-02-19 10:00:00,117783.82423798351
2025-02-19 10:15:00,118033.37492364715
2025-02-19 10:30:00,117963.9414166504
2025-02-19 10:45:00,117488.41156799364
2025-02-19 11:00:00,117714.64694318971
2025-02-19 11:15:00,117654.94949990469
2025-02-19 11:30:00,117651.61874126646
2025-02-19 11:45:00,117866.06835512731
2025-02-19 12:00:00,117854.28259379206
2025-02-19 12:15:00,117700.81148423097
2025-02-19 12:30:00,117570.39947293448
2025-02-19 12:45:00,117595.50826882261
2025-02-19 13:00:00,117544.2658282346
2025-02-19 13:15:00,117491.74232663188
2025-02-19 13:30:00,117543.75340382873
2025-02-19 13:45:00,117491.22990222601
2025-02-19 14:00:00,117605.50054473728
2025-02-19 14:15:00,117157.12918959216
2025-02-19 14:30:00,117095.47761583532
2025-02-19 14:45:00,117095.47761583532
2025-02-19 15:00:00,117095.47761583532
2025-02-19 15:15:00,117095.47761583532
2025-02-20 09:15:00,117095.47761583532
2025-02-20 09:30:00,117095.47761583532
2025-02-20 09:45:00,117095.47761583532
2025-02-20 10:00:00,117095.47761583532
2025-02-20 10:15:00,117095.47761583532
2025-02-20 10:30:00,117095.47761583532
2025-02-20 10:45:00,117095.47761583532
2025-02-20 11:00:00,117095.47761583532
2025-02-20 11:15:00,117095.47761583532
2025-02-20 11:30:00,117095.47761583532
2025-02-20 11:45:00,117095.47761583532
2025-02-20 12:00:00,117095.47761583532
2025-02-20 12:15:00,117095.47761583532
2025-02-20 12:30:00,117095.47761583532
2025-02-20 12:45:00,117095.47761583532
2025-02-20 13:00:00,117095.47761583532
2025-02-20 13:15:00,117095.47761583532
2025-02-20 13:30:00,117095.47761583532
2025-02-20 13:45:00,117095.47761583532
2025-02-20 14:00:00,117095.47761583532
2025-02-20 14:15:00,117095.47761583532
2025-02-20 14:30:00,117095.47761583532
2025-02-20 14:45:00,117095.47761583532
2025-02-20 15:00:00,117095.47761583532
2025-02-20 15:15:00,117095.47761583532
2025-02-21 09:15:00,117095.47761583532
2025-02-21 09:30:00,117095.47761583532
2025-02-21 09:45:00,117095.47761583532
2025-02-21 10:00:00,117095.47761583532
2025-02-21 10:15:00,117095.47761583532
2025-02-21 10:30:00,117095.47761583532
2025-02-21 10:45:00,117095.47761583532
2025-02-21 11:00:00,117095.47761583532
2025-02-21 11:15:00,117095.47761583532
2025-02-21 11:30:00,117095.47761583532
2025-02-21 11:45:00,117095.47761583532
2025-02-21 12:00:00,117095.47761583532
2025-02-21 12:15:00,117095.47761583532
2025-02-21 12:30:00,117095.47761583532
2025-02-21 12:45:00,117095.47761583532
2025-02-21 13:00:00,117095.47761583532
2025-02-21 13:15:00,117095.47761583532
2025-02-21 13:30:00,117095.47761583532
2025-02-21 13:45:00,117095.47761583532
2025-02-21 14:00:00,117095.47761583532
2025-02-21 14:15:00,117095.47761583532
2025-02-21 14:30:00,117095.47761583532
2025-02-21 14:45:00,117095.47761583532
2025-02-21 15:00:00,117095.47761583532
2025-02-21 15:15:00,117095.47761583532
2025-02-24 09:15:00,117095.47761583532
2025-02-24 09:30:00,117095.47761583532
2025-02-24 09:45:00,117095.47761583532
2025-02-24 10:00:00,117095.47761583532
2025-02-24 10:15:00,117095.47761583532
2025-02-24 10:30:00,117095.47761583532
2025-02-24 10:45:00,117095.47761583532
2025-02-24 11:00:00,117095.47761583532
2025-02-24 11:15:00,117095.47761583532
2025-02-24 11:30:00,117095.47761583532
2025-02-24 11:45:00,117095.47761583532
2025-02-24 12:00:00,117095.47761583532
2025-02-24 12:15:00,117095.47761583532
2025-02-24 12:30:00,117095.47761583532
2025-02-24 12:45:00,117095.47761583532
2025-02-24 13:00:00,117095.47761583532
2025-02-24 13:15:00,117095.47761583532
2025-02-24 13:30:00,117095.47761583532
2025-02-24 13:45:00,117095.47761583532
2025-02-24 14:00:00,117095.47761583532
2025-02-24 14:15:00,117095.47761583532
2025-02-24 14:30:00,117095.47761583532
2025-02-24 14:45:00,117095.47761583532
2025-02-24 15:00:00,117095.47761583532
2025-02-24 15:15:00,117095.47761583532
2025-02-25 09:15:00,117095.47761583532
2025-02-25 09:30:00,117095.47761583532
2025-02-25 09:45:00,117095.47761583532
2025-02-25 10:00:00,117095.47761583532
2025-02-25 10:15:00,117095.47761583532
2025-02-25 10:30:00,117095.47761583532
2025-02-25 10:45:00,117095.47761583532
2025-02-25 11:00:00,117095.47761583532
2025-02-25 11:15:00,117095.47761583532
2025-02-25 11:30:00,117095.47761583532
2025-02-25 11:45:00,117095.47761583532
2025-02-25 12:00:00,117095.47761583532
2025-02-25 12:15:00,117095.47761583532
2025-02-25 12:30:00,117095.47761583532
2025-02-25 12:45:00,117095.47761583532
2025-02-25 13:00:00,117095.47761583532
2025-02-25 13:15:00,116955.85874378945
2025-02-25 13:30:00,117007.40237163084
2025-02-25 13:45:00,116981.50105110754
2025-02-25 14:00:00,116980.98302469707
2025-02-25 14:15:00,116979.16993226044
2025-02-25 14:30:00,116973.73065495054
2025-02-25 14:45:00,116929.69841006091
2025-02-25 15:00:00,116832.30944489324
2025-02-25 15:15:00,116692.18330086212
2025-02-27 09:15:00,116854.66500414352
2025-02-27 09:30:00,116854.66500414352
2025-02-27 09:45:00,116854.66500414352
2025-02-27 10:00:00,116854.66500414352
2025-02-27 10:15:00,116854.66500414352
2025-02-27 10:30:00,116854.66500414352
2025-02-27 10:45:00,116854.66500414352
2025-02-27 11:00:00,116854.66500414352
2025-02-27 11:15:00,116854.66500414352
2025-02-27 11:30:00,116854.66500414352
2025-02-27 11:45:00,116854.66500414352
2025-02-27 12:00:00,116854.66500414352
2025-02-27 12:15:00,116854.66500414352
2025-02-27 12:30:00,116854.66500414352
2025-02-27 12:45:00,116854.66500414352
2025-02-27 13:00:00,116854.66500414352
2025-02-27 13:15:00,116854.66500414352
2025-02-27 13:30:00,116854.66500414352
2025-02-27 13:45:00,116854.66500414352
2025-02-27 14:00:00,116854.66500414352
2025-02-27 14:15:00,116854.66500414352
2025-02-27 14:30:00,116854.66500414352
2025-02-27 14:45:00,116854.66500414352
2025-02-27 15:00:00,116854.66500414352
2025-02-27 15:15:00,116854.66500414352
2025-02-28 09:15:00,116854.66500414352
2025-02-28 09:30:00,116854.66500414352
2025-02-28 09:45:00,116854.66500414352
2025-02-28 10:00:00,116854.66500414352
2025-02-28 10:15:00,116854.66500414352
2025-02-28 10:30:00,116854.66500414352
2025-02-28 10:45:00,116854.66500414352
2025-02-28 11:00:00,116854.66500414352
2025-02-28 11:15:00,116854.66500414352
2025-02-28 11:30:00,116854.66500414352
2025-02-28 11:45:00,116854.66500414352
2025-02-28 12:00:00,116854.66500414352
2025-02-28 12:15:00,116854.66500414352
2025-02-28 12:30:00,116854.66500414352
2025-02-28 12:45:00,116854.66500414352
2025-02-28 13:00:00,116854.66500414352
2025-02-28 13:15:00,116854.66500414352
2025-02-28 13:30:00,116854.66500414352
2025-02-28 13:45:00,116854.66500414352
2025-02-28 14:00:00,116854.66500414352
2025-02-28 14:15:00,116854.66500414352
2025-02-28 14:30:00,116854.66500414352
2025-02-28 14:45:00,116854.66500414352
2025-02-28 15:00:00,116854.66500414352
2025-02-28 15:15:00,116854.66500414352
2025-03-03 09:15:00,116854.66500414352
2025-03-03 09:30:00,116854.66500414352
2025-03-03 09:45:00,116854.66500414352
2025-03-03 10:00:00,116854.66500414352
2025-03-03 10:15:00,116854.66500414352
2025-03-03 10:30:00,116854.66500414352
2025-03-03 10:45:00,116854.66500414352
2025-03-03 11:00:00,116854.66500414352
2025-03-03 11:15:00,116854.66500414352
2025-03-03 11:30:00,116854.66500414352
2025-03-03 11:45:00,116854.66500414352
2025-03-03 12:00:00,116854.66500414352
2025-03-03 12:15:00,116854.66500414352
2025-03-03 12:30:00,116854.66500414352
2025-03-03 12:45:00,116854.66500414352
2025-03-03 13:00:00,117014.10611899412
2025-03-03 13:15:00,116815.25164522864
2025-03-03 13:30:00,116825.55088092166
2025-03-03 13:45:00,116725.72751958919
2025-03-03 14:00:00,116841.65994187744
2025-03-03 14:15:00,116972.64509325552
2025-03-03 14:30:00,116928.80732081851
2025-03-03 14:45:00,116887.87446101286
2025-03-03 15:00:00,116815.77981116161
2025-03-03 15:15:00,116952.57478780244
2025-03-04 09:15:00,116204.95590967473
2025-03-04 09:30:00,116415.16595099925
2025-03-04 09:45:00,116506.01049147111
2025-03-04 10:00:00,116460.32413826868
2025-03-04 10:15:00,116510.7639848679
2025-03-04 10:30:00,116474.58461845905
2025-03-04 10:45:00,116631.18581758645
2025-03-04 11:00:00,116638.58014064813
2025-03-04 11:15:00,116563.58057816552
2025-03-04 11:30:00,116506.88249342648
2025-03-04 11:45:00,116506.88249342648
2025-03-04 12:00:00,116506.88249342648
2025-03-04 12:15:00,116506.88249342648
2025-03-04 12:30:00,116506.88249342648
2025-03-04 12:45:00,116506.88249342648
2025-03-04 13:00:00,116506.88249342648
2025-03-04 13:15:00,116506.88249342648
2025-03-04 13:30:00,116506.88249342648
2025-03-04 13:45:00,116506.88249342648
2025-03-04 14:00:00,116506.88249342648
2025-03-04 14:15:00,116506.88249342648
2025-03-04 14:30:00,116506.88249342648
2025-03-04 14:45:00,116506.88249342648
2025-03-04 15:00:00,116366.42127835703
2025-03-04 15:15:00,116357.19925244742
2025-03-05 09:15:00,116952.67863975314
2025-03-05 09:30:00,117186.12763849333
2025-03-05 09:45:00,117285.4620318625
2025-03-05 10:00:00,117193.50525922103
2025-03-05 10:15:00,117257.26898122457
2025-03-05 10:30:00,117423.79242050654
2025-03-05 10:45:00,117432.487473507
2025-03-05 11:00:00,117421.94801532461
2025-03-05 11:15:00,117462.52492932687
2025-03-05 11:30:00,117712.04660179526
2025-03-05 11:45:00,117817.70467007383
2025-03-05 12:00:00,117842.2089103479
2025-03-05 12:15:00,117876.19866298615
2025-03-05 12:30:00,117895.96014707816
2025-03-05 12:45:00,117804.79383380039
2025-03-05 13:00:00,117772.12151343493
2025-03-05 13:15:00,117802.15896925479
2025-03-05 13:30:00,117587.68099524289
2025-03-05 13:45:00,117670.41574197475
2025-03-05 14:00:00,117656.1874734285
2025-03-05 14:15:00,117638.79736742753
2025-03-05 14:30:00,117714.68146634081
2025-03-05 14:45:00,117744.45543570608
2025-03-05 15:00:00,117699.39925197633
2025-03-05 15:15:00,117760.79159588882
2025-03-06 09:15:00,117842.99936971154
2025-03-06 09:30:00,117594.79512951597
2025-03-06 09:45:00,117590.84283269757
2025-03-06 10:00:00,117681.48217306621
2025-03-06 10:15:00,117824.0283449832
2025-03-06 10:30:00,117865.39571834911
2025-03-06 10:45:00,117864.34177253088
2025-03-06 11:00:00,118232.9593224604
2025-03-06 11:15:00,117726.80184325055
2025-03-06 11:30:00,117907.81703753331
2025-03-06 11:45:00,118040.08723772247
2025-03-06 12:00:00,118107.53977008985
2025-03-06 12:15:00,118192.11892200362
2025-03-06 12:30:00,118290.66285600909
2025-03-06 12:45:00,118320.1733389198
2025-03-06 13:00:00,118390.52422228735
2025-03-06 13:15:00,118396.32092428768
2025-03-06 13:30:00,118487.75072402
2025-03-06 13:45:00,118619.23046484547
2025-03-06 14:00:00,118617.38605966356
2025-03-06 14:15:00,118541.76544720482
2025-03-06 14:30:00,118774.42398658136
2025-03-06 14:45:00,118811.57557667431
2025-03-06 15:00:00,118821.06108903846
2025-03-06 15:15:00,118722.78064148757
2025-03-07 09:15:00,118628.97946366419
2025-03-07 09:30:00,118554.67628347824
2025-03-07 09:45:00,118825.54035876598
2025-03-07 10:00:00,119125.91491696445
2025-03-07 10:15:00,119076.1159770526
2025-03-07 10:30:00,119048.9768722329
2025-03-07 10:45:00,118940.15696649962
2025-03-07 11:00:00,119175.97734333087
2025-03-07 11:15:00,119101.41067669037
2025-03-07 11:30:00,119091.13470496253
2025-03-07 11:45:00,118898.26262022459
2025-03-07 12:00:00,118710.39677812326
2025-03-07 12:15:00,118804.46144240123
2025-03-07 12:30:00,118974.67369204701
2025-03-07 12:45:00,118863.2189217681
2025-03-07 13:00:00,118775.4779323996
2025-03-07 13:15:00,118910.1195106798
2025-03-07 13:30:00,118929.09053540812
2025-03-07 13:45:00,118745.17699012521
2025-03-07 14:00:00,118851.3620313129
2025-03-07 14:15:00,118959.39147768253
2025-03-07 14:30:00,119043.70714314174
2025-03-07 14:45:00,119101.67416314494
2025-03-07 15:00:00,118868.4886508593
2025-03-07 15:15:00,118763.62104194441
2025-03-10 09:15:00,119010.24436341261
2025-03-10 09:30:00,119379.6523727058
2025-03-10 09:45:00,119405.21055879812
2025-03-10 10:00:00,119263.19135979025
2025-03-10 10:15:00,119137.77180741966
2025-03-10 10:30:00,119324.0567307936
2025-03-10 10:45:00,119297.97157179215
2025-03-10 11:00:00,119184.9358827859
2025-03-10 11:15:00,119184.40890987676
2025-03-10 11:30:00,119291.91138333727
2025-03-10 11:45:00,119157.7967779662
2025-03-10 12:00:00,119030.00584750458
2025-03-10 12:15:00,119039.22787341419
2025-03-10 12:30:00,119032.37722559563
2025-03-10 12:45:00,119074.27157187069
2025-03-10 13:00:00,119105.36297350877
2025-03-10 13:15:00,119047.92292641469
2025-03-10 13:30:00,118912.49088877082
2025-03-10 13:45:00,118851.71786976977
2025-03-10 14:00:00,118851.71786976977
2025-03-10 14:15:00,118851.71786976977
2025-03-10 14:30:00,118851.71786976977
2025-03-10 14:45:00,118851.71786976977
2025-03-10 15:00:00,118851.71786976977
2025-03-10 15:15:00,118851.71786976977
2025-03-11 09:15:00,118851.71786976977
2025-03-11 09:30:00,118851.71786976977
2025-03-11 09:45:00,118851.71786976977
2025-03-11 10:00:00,118851.71786976977
2025-03-11 10:15:00,118851.71786976977
2025-03-11 10:30:00,118851.71786976977
2025-03-11 10:45:00,118851.71786976977
2025-03-11 11:00:00,118851.71786976977
2025-03-11 11:15:00,118851.71786976977
2025-03-11 11:30:00,118851.71786976977
2025-03-11 11:45:00,118851.71786976977
2025-03-11 12:00:00,118851.71786976977
2025-03-11 12:15:00,118851.71786976977
2025-03-11 12:30:00,118840.43360449409
2025-03-11 12:45:00,118772.18892776841
2025-03-11 13:00:00,118749.4407021932
2025-03-11 13:15:00,118832.49817696787
2025-03-11 13:30:00,118891.48485491292
2025-03-11 13:45:00,119012.89689606443
2025-03-11 14:00:00,119039.61283540278
2025-03-11 14:15:00,119035.38060738878
2025-03-11 14:30:00,118962.63918839823
2025-03-11 14:45:00,119057.86431871314
2025-03-11 15:00:00,119028.76775111692
2025-03-11 15:15:00,119148.32819251229
2025-03-12 09:15:00,118826.67886344863
2025-03-12 09:30:00,118930.89747829326
2025-03-12 09:45:00,118874.55594285694
2025-03-12 10:00:00,118635.69957431707
2025-03-12 10:15:00,118612.95134874184
2025-03-12 10:30:00,118768.48572825617
2025-03-12 10:45:00,118548.14535727754
2025-03-12 11:00:00,118486.7562286489
2025-03-12 11:15:00,118486.7562286489
2025-03-12 11:30:00,118486.7562286489
2025-03-12 11:45:00,118486.7562286489
2025-03-12 12:00:00,118486.7562286489
2025-03-12 12:15:00,118486.7562286489
2025-03-12 12:30:00,118486.7562286489
2025-03-12 12:45:00,118486.7562286489
2025-03-12 13:00:00,118486.7562286489
2025-03-12 13:15:00,118486.7562286489
2025-03-12 13:30:00,118486.7562286489
2025-03-12 13:45:00,118486.7562286489
2025-03-12 14:00:00,118486.7562286489
2025-03-12 14:15:00,118575.56769480706
2025-03-12 14:30:00,118458.3905988053
2025-03-12 14:45:00,118657.11661972723
2025-03-12 15:00:00,118622.01627340236
2025-03-12 15:15:00,118594.30547367223
2025-03-13 09:15:00,118675.59048621399
2025-03-13 09:30:00,118708.57953351177
2025-03-13 09:45:00,118914.95901340675
2025-03-13 10:00:00,118998.61923735397
2025-03-13 10:15:00,118963.7828034075
2025-03-13 10:30:00,118886.1925641631
2025-03-13 10:45:00,118722.56688956605
2025-03-13 11:00:00,118864.28783675737
2025-03-13 11:15:00,118612.25151540223
2025-03-13 11:30:00,118409.56680880458
2025-03-13 11:45:00,118356.16519468844
2025-03-13 12:00:00,118356.16519468844
2025-03-13 12:15:00,118356.16519468844
2025-03-13 12:30:00,118356.16519468844
2025-03-13 12:45:00,118356.16519468844
2025-03-13 13:00:00,118356.16519468844
2025-03-13 13:15:00,118356.16519468844
2025-03-13 13:30:00,118356.16519468844
2025-03-13 13:45:00,118356.16519468844
2025-03-13 14:00:00,118356.16519468844
2025-03-13 14:15:00,118356.16519468844
2025-03-13 14:30:00,118356.16519468844
2025-03-13 14:45:00,118356.16519468844
2025-03-13 15:00:00,118356.16519468844
2025-03-13 15:15:00,118356.16519468844
2025-03-17 09:15:00,118356.16519468844
2025-03-17 09:30:00,118356.16519468844
2025-03-17 09:45:00,118256.86199092909
2025-03-17 10:00:00,118085.34676713859
2025-03-17 10:15:00,117963.39786948937
2025-03-17 10:30:00,117870.55935385964
2025-03-17 10:45:00,117998.80238816174
2025-03-17 11:00:00,117897.30943463431
2025-03-17 11:15:00,118003.78524634524
2025-03-17 11:30:00,118107.90075681136
2025-03-17 11:45:00,118045.22164597659
2025-03-17 12:00:00,118068.03789134322
2025-03-17 12:15:00,117922.74823693965
2025-03-17 12:30:00,117841.44897184017
2025-03-17 12:45:00,117796.07873680077
2025-03-17 13:00:00,117845.12055155433
2025-03-17 13:15:00,117988.31216040696
2025-03-17 13:30:00,117978.87095542764
2025-03-17 13:45:00,118072.496238139
2025-03-17 14:00:00,118123.37384274966
2025-03-17 14:15:00,118031.84660558926
2025-03-17 14:30:00,117960.25080116294
2025-03-17 14:45:00,118072.75849383288
2025-03-17 15:00:00,118070.13593689419
2025-03-17 15:15:00,118095.05022781176
2025-03-18 09:15:00,118771.66991799456
2025-03-18 09:30:00,118966.26364284556
2025-03-18 09:45:00,118977.01612629423
2025-03-18 10:00:00,119301.95093099827
2025-03-18 10:15:00,119398.98553772991
2025-03-18 10:30:00,119449.07637525896
2025-03-18 10:45:00,119330.53680163003
2025-03-18 11:00:00,119363.31876336371
2025-03-18 11:15:00,119345.22312048673
2025-03-18 11:30:00,119408.42674270923
2025-03-18 11:45:00,119430.71847668813
2025-03-18 12:00:00,119429.40719821877
2025-03-18 12:15:00,119225.63452408233
2025-03-18 12:30:00,119084.54096078065
2025-03-18 12:45:00,119254.48265040794
2025-03-18 13:00:00,119385.08598595485
2025-03-18 13:15:00,119437.01261334095
2025-03-18 13:30:00,119501.00300264505
2025-03-18 13:45:00,119523.81924801168
2025-03-18 14:00:00,119454.05923344244
2025-03-18 14:15:00,119550.56932878635
2025-03-18 14:30:00,119557.9124882147
2025-03-18 14:45:00,119612.4616725395
2025-03-18 15:00:00,119813.87404543112
2025-03-18 15:15:00,119844.29570591995
2025-03-19 09:15:00,119845.34472869545
2025-03-19 09:30:00,119890.97721942869
2025-03-19 09:45:00,119925.85722671328
2025-03-19 10:00:00,119924.80820393779
2025-03-19 10:15:00,120098.945984667
2025-03-19 10:30:00,120154.5441917673
2025-03-19 10:45:00,120119.40192878881
2025-03-19 11:00:00,120126.22057682941
2025-03-19 11:15:00,120065.90176723947
2025-03-19 11:30:00,120054.10026101535
2025-03-19 11:45:00,120136.44854889032
2025-03-19 12:00:00,120045.70807881154
2025-03-19 12:15:00,120119.92644017654
2025-03-19 12:30:00,120147.72554372669
2025-03-19 12:45:00,120291.44166396708
2025-03-19 13:00:00,120133.56373625777
2025-03-19 13:15:00,120188.63743197033
2025-03-19 13:30:00,120204.63502929635
2025-03-19 13:45:00,120181.8187839297
2025-03-19 14:00:00,120159.00253856309
2025-03-19 14:15:00,120256.82391237635
2025-03-19 14:30:00,120290.39264119162
2025-03-19 14:45:00,120275.70632233494
2025-03-19 15:00:00,120173.68885741978
2025-03-19 15:15:00,120175.00013588913
2025-03-20 09:15:00,120979.60060468013
2025-03-20 09:30:00,120918.49502800859
2025-03-20 09:45:00,120772.41860652341
2025-03-20 10:00:00,120572.84202348889
2025-03-20 10:15:00,120890.17141307074
2025-03-20 10:30:00,120826.18102376664
2025-03-20 10:45:00,120846.89922358231
2025-03-20 11:00:00,120970.94616678248
2025-03-20 11:15:00,120916.92149384541
2025-03-20 11:30:00,120939.21322782431
2025-03-20 11:45:00,120968.84812123154
2025-03-20 12:00:00,121018.15219167894
2025-03-20 12:15:00,121059.32633561642
2025-03-20 12:30:00,121129.08635018565
2025-03-20 12:45:00,121239.49599730464
2025-03-20 13:00:00,121389.50625419787
2025-03-20 13:15:00,121483.1315369092
2025-03-20 13:30:00,121569.67591588607
2025-03-20 13:45:00,121633.66630519017
2025-03-20 14:00:00,121594.32795110978
2025-03-20 14:15:00,121738.83083843176
2025-03-20 14:30:00,121660.41638596484
2025-03-20 14:45:00,121713.12978043256
2025-03-20 15:00:00,121601.93336623197
2025-03-20 15:15:00,121506.73454935742
2025-03-21 09:15:00,121657.53157333226
2025-03-21 09:30:00,122073.9936151967
2025-03-21 09:45:00,122022.06698781058
2025-03-21 10:00:00,121987.18698052596
2025-03-21 10:15:00,122208.26853045779
2025-03-21 10:30:00,122259.93290215005
2025-03-21 10:45:00,122416.76180708388
2025-03-21 11:00:00,122374.53864037093
2025-03-21 11:15:00,122471.83550279643
2025-03-21 11:30:00,122401.2887211456
2025-03-21 11:45:00,122449.80602451143
2025-03-21 12:00:00,122507.50227716268
2025-03-21 12:15:00,122601.65207126175
2025-03-21 12:30:00,122674.29689846354
2025-03-21 12:45:00,122732.7799181964
2025-03-21 13:00:00,122584.34319546638
2025-03-21 13:15:00,122638.8923797912
2025-03-21 13:30:00,122391.84751616634
2025-03-21 13:45:00,122311.8595295362
2025-03-21 14:00:00,122399.71518698242
2025-03-21 14:15:00,122624.4683166284
2025-03-21 14:30:00,122483.11249763284
2025-03-21 14:45:00,122430.13684747125
2025-03-21 15:00:00,122467.11490030681
2025-03-21 15:15:00,122503.04393036691
2025-03-24 09:15:00,123260.17611856756
2025-03-24 09:30:00,123118.0335324904
2025-03-24 09:45:00,123480.9954128055
2025-03-24 10:00:00,123491.2233848664
2025-03-24 10:15:00,123570.68686010879
2025-03-24 10:30:00,123661.16507449369
2025-03-24 10:45:00,123912.93054060821
2025-03-24 11:00:00,123858.64361197726
2025-03-24 11:15:00,123947.28603650509
2025-03-24 11:30:00,123733.28539030775
2025-03-24 11:45:00,123896.67068758831
2025-03-24 12:00:00,123931.81295056679
2025-03-24 12:15:00,124029.63432438005
2025-03-24 12:30:00,123976.65867421844
2025-03-24 12:45:00,123904.53835840439
2025-03-24 13:00:00,124071.33297970527
2025-03-24 13:15:00,124102.54140727571
2025-03-24 13:30:00,124049.30350142026
2025-03-24 13:45:00,124151.84547772315
2025-03-24 14:00:00,124242.84820349577
2025-03-24 14:15:00,124245.47076043447
2025-03-24 14:30:00,124144.76457398868
2025-03-24 14:45:00,124161.02442700857
2025-03-24 15:00:00,124062.15403041986
2025-03-24 15:15:00,124173.61270031429
2025-03-25 09:15:00,124432.45907016327
2025-03-25 09:30:00,124771.2934266424
2025-03-25 09:45:00,125167.29952438503
2025-03-25 10:00:00,124678.45491101268
2025-03-25 10:15:00,124901.89676218931
2025-03-25 10:30:00,124629.67535195299
2025-03-25 10:45:00,124315.75528639145
2025-03-25 11:00:00,124314.96851930983
2025-03-25 11:15:00,124114.08065780594
2025-03-25 11:30:00,124048.35387355274
2025-03-25 11:45:00,124048.35387355274
2025-03-25 12:00:00,124048.35387355274
2025-03-25 12:15:00,124048.35387355274
2025-03-25 12:30:00,124048.35387355274
2025-03-25 12:45:00,124048.35387355274
2025-03-25 13:00:00,124048.35387355274
2025-03-25 13:15:00,124048.35387355274
2025-03-25 13:30:00,124048.35387355274
2025-03-25 13:45:00,124048.35387355274
2025-03-25 14:00:00,124048.35387355274
2025-03-25 14:15:00,124048.35387355274
2025-03-25 14:30:00,124048.35387355274
2025-03-25 14:45:00,124048.35387355274
2025-03-25 15:00:00,124048.35387355274
2025-03-25 15:15:00,124048.35387355274
2025-03-26 09:15:00,124048.35387355274
2025-03-26 09:30:00,124048.35387355274
2025-03-26 09:45:00,124048.35387355274
2025-03-26 10:00:00,124048.35387355274
2025-03-26 10:15:00,124048.35387355274
2025-03-26 10:30:00,124048.35387355274
2025-03-26 10:45:00,124048.35387355274
2025-03-26 11:00:00,124048.35387355274
2025-03-26 11:15:00,124048.35387355274
2025-03-26 11:30:00,124048.35387355274
2025-03-26 11:45:00,124048.35387355274
2025-03-26 12:00:00,124048.35387355274
2025-03-26 12:15:00,124048.35387355274
2025-03-26 12:30:00,124048.35387355274
2025-03-26 12:45:00,124048.35387355274
2025-03-26 13:00:00,124048.35387355274
2025-03-26 13:15:00,124048.35387355274
2025-03-26 13:30:00,124048.35387355274
2025-03-26 13:45:00,124048.35387355274
2025-03-26 14:00:00,124048.35387355274
2025-03-26 14:15:00,124048.35387355274
2025-03-26 14:30:00,124048.35387355274
2025-03-26 14:45:00,124048.35387355274
2025-03-26 15:00:00,124048.35387355274
2025-03-26 15:15:00,124048.35387355274
2025-03-27 09:15:00,124048.35387355274
2025-03-27 09:30:00,124048.35387355274
2025-03-27 09:45:00,124048.35387355274
2025-03-27 10:00:00,124048.35387355274
2025-03-27 10:15:00,124048.35387355274
2025-03-27 10:30:00,124048.35387355274
2025-03-27 10:45:00,124048.35387355274
2025-03-27 11:00:00,124048.35387355274
2025-03-27 11:15:00,123866.03647391584
2025-03-27 11:30:00,124030.7173704944
2025-03-27 11:45:00,123972.67195080721
2025-03-27 12:00:00,123972.93459976508
2025-03-27 12:15:00,123896.50375302766
2025-03-27 12:30:00,123968.73221643933
2025-03-27 12:45:00,123964.00453519783
2025-03-27 13:00:00,123899.91818947985
2025-03-27 13:15:00,123967.94426956573
2025-03-27 13:30:00,123999.72479346686
2025-03-27 13:45:00,123996.04770805682
2025-03-27 14:00:00,124018.11022051709
2025-03-27 14:15:00,123996.83565493039
2025-03-27 14:30:00,123988.16823932099
2025-03-27 14:45:00,123986.59234557382
2025-03-27 15:00:00,123913.83858424645
2025-03-27 15:15:00,123975.82373830155
2025-03-28 09:15:00,123770.16960429674
2025-03-28 09:30:00,123554.79745885108
2025-03-28 09:45:00,123743.37941059495
2025-03-28 10:00:00,123571.86964111202
2025-03-28 10:15:00,123756.24920953014
2025-03-28 10:30:00,124038.8594881881
2025-03-28 10:45:00,124096.11696100172
2025-03-28 11:00:00,123872.07739994665
2025-03-28 11:15:00,123844.4992593713
2025-03-28 11:30:00,123807.72840527083
2025-03-28 11:45:00,123915.15182903579
2025-03-28 12:00:00,123951.6600341784
2025-03-28 12:15:00,123598.92248377166
2025-03-28 12:30:00,123448.42463091757
2025-03-28 12:45:00,123387.22545386887
2025-03-28 13:00:00,123387.22545386887
2025-03-28 13:15:00,123387.22545386887
2025-03-28 13:30:00,123387.22545386887
2025-03-28 13:45:00,123387.22545386887
2025-03-28 14:00:00,123387.22545386887
2025-03-28 14:15:00,123387.22545386887
2025-03-28 14:30:00,123387.22545386887
2025-03-28 14:45:00,123387.22545386887
2025-03-28 15:00:00,123387.22545386887
2025-03-28 15:15:00,123387.22545386887
2025-04-01 09:15:00,123387.22545386887
2025-04-01 09:30:00,123387.22545386887
2025-04-01 09:45:00,123387.22545386887
2025-04-01 10:00:00,123387.22545386887
2025-04-01 10:15:00,123387.22545386887
2025-04-01 10:30:00,123387.22545386887
2025-04-01 10:45:00,123387.22545386887
2025-04-01 11:00:00,123387.22545386887
2025-04-01 11:15:00,123387.22545386887
2025-04-01 11:30:00,123387.22545386887
2025-04-01 11:45:00,123387.22545386887
2025-04-01 12:00:00,123387.22545386887
2025-04-01 12:15:00,123387.22545386887
2025-04-01 12:30:00,123387.22545386887
2025-04-01 12:45:00,123387.22545386887
2025-04-01 13:00:00,123387.22545386887
2025-04-01 13:15:00,123387.22545386887
2025-04-01 13:30:00,123387.22545386887
2025-04-01 13:45:00,123387.22545386887
2025-04-01 14:00:00,123387.22545386887
2025-04-01 14:15:00,123387.22545386887
2025-04-01 14:30:00,123387.22545386887
2025-04-01 14:45:00,123387.22545386887
2025-04-01 15:00:00,123387.22545386887
2025-04-01 15:15:00,123387.22545386887
2025-04-02 09:15:00,123387.22545386887
2025-04-02 09:30:00,123387.22545386887
2025-04-02 09:45:00,123387.22545386887
2025-04-02 10:00:00,123387.22545386887
2025-04-02 10:15:00,123387.22545386887
2025-04-02 10:30:00,123308.83596701144
2025-04-02 10:45:00,123457.7737648104
2025-04-02 11:00:00,123430.21232180133
2025-04-02 11:15:00,123300.09050913357
2025-04-02 11:30:00,123279.41942687678
2025-04-02 11:45:00,123259.27837237016
2025-04-02 12:00:00,123398.14564291577
2025-04-02 12:15:00,123384.09990753615
2025-04-02 12:30:00,123423.05694717397
2025-04-02 12:45:00,123220.32133273236
2025-04-02 13:00:00,123431.00736342657
2025-04-02 13:15:00,123487.19030494503
2025-04-02 13:30:00,123361.83874202883
2025-04-02 13:45:00,123431.00736342657
2025-04-02 14:00:00,123381.44976878527
2025-04-02 14:15:00,123504.94623457584
2025-04-02 14:30:00,123542.84321871329
2025-04-02 14:45:00,123535.95285796102
2025-04-02 15:00:00,123696.55126626376
2025-04-02 15:15:00,123659.71433762665
2025-04-03 09:15:00,123237.81224848804
2025-04-03 09:30:00,123203.8904724769
2025-04-03 09:45:00,123149.82764195913
2025-04-03 10:00:00,123377.739574534
2025-04-03 10:15:00,123487.45531882005
2025-04-03 10:30:00,123431.5373911767
2025-04-03 10:45:00,123438.69276580402
2025-04-03 11:00:00,123384.89494916136
2025-04-03 11:15:00,123348.58804827443
2025-04-03 11:30:00,123406.62608691849
2025-04-03 11:45:00,123442.13794618016
2025-04-03 12:00:00,123356.00843677686
2025-04-03 12:15:00,123318.90649426467
2025-04-03 12:30:00,123275.70923262546
2025-04-03 12:45:00,123338.7825348962
2025-04-03 13:00:00,123278.88939912652
2025-04-03 13:15:00,123328.71200764288
2025-04-03 13:30:00,123309.10098088646
2025-04-03 13:45:00,123281.27452400232
2025-04-03 14:00:00,123223.3422258944
2025-04-03 14:15:00,123223.3422258944
2025-04-03 14:30:00,123223.3422258944
2025-04-03 14:45:00,123223.3422258944
2025-04-03 15:00:00,123223.3422258944
2025-04-03 15:15:00,123223.3422258944
2025-04-04 09:15:00,123223.3422258944
2025-04-04 09:30:00,123223.3422258944
2025-04-04 09:45:00,123223.3422258944
2025-04-04 10:00:00,123223.3422258944
2025-04-04 10:15:00,123223.3422258944
2025-04-04 10:30:00,123223.3422258944
2025-04-04 10:45:00,123223.3422258944
2025-04-04 11:00:00,123223.3422258944
2025-04-04 11:15:00,123223.3422258944
2025-04-04 11:30:00,123223.3422258944
2025-04-04 11:45:00,123223.3422258944
2025-04-04 12:00:00,123223.3422258944
2025-04-04 12:15:00,123223.3422258944
2025-04-04 12:30:00,123223.3422258944
2025-04-04 12:45:00,123223.3422258944
2025-04-04 13:00:00,123223.3422258944
2025-04-04 13:15:00,123223.3422258944
2025-04-04 13:30:00,123223.3422258944
2025-04-04 13:45:00,123223.3422258944
2025-04-04 14:00:00,123223.3422258944
2025-04-04 14:15:00,123223.3422258944
2025-04-04 14:30:00,123223.3422258944
2025-04-04 14:45:00,123223.3422258944
2025-04-04 15:00:00,123223.3422258944
2025-04-04 15:15:00,123223.3422258944
2025-04-07 09:15:00,123223.3422258944
2025-04-07 09:30:00,123223.3422258944
2025-04-07 09:45:00,123223.3422258944
2025-04-07 10:00:00,123223.3422258944
2025-04-07 10:15:00,123223.3422258944
2025-04-07 10:30:00,123223.3422258944
2025-04-07 10:45:00,123223.3422258944
2025-04-07 11:00:00,123223.3422258944
2025-04-07 11:15:00,123223.3422258944
2025-04-07 11:30:00,123223.3422258944
2025-04-07 11:45:00,123223.3422258944
2025-04-07 12:00:00,123223.3422258944
2025-04-07 12:15:00,123223.3422258944
2025-04-07 12:30:00,123223.3422258944
2025-04-07 12:45:00,123223.3422258944
2025-04-07 13:00:00,123223.3422258944
2025-04-07 13:15:00,123223.3422258944
2025-04-07 13:30:00,123223.3422258944
2025-04-07 13:45:00,123223.3422258944
2025-04-07 14:00:00,123223.3422258944
2025-04-07 14:15:00,123223.3422258944
2025-04-07 14:30:00,123223.3422258944
2025-04-07 14:45:00,123223.3422258944
2025-04-07 15:00:00,123223.3422258944
2025-04-07 15:15:00,123459.8596339407
2025-04-08 09:15:00,125165.08024220425
2025-04-08 09:30:00,124799.49737697827
2025-04-08 09:45:00,124430.02828539454
2025-04-08 10:00:00,124270.13782953261
2025-04-08 10:15:00,124494.42860789449
2025-04-08 10:30:00,123763.26287744257
2025-04-08 10:45:00,124217.11859850898
2025-04-08 11:00:00,124562.15998155823
2025-04-08 11:15:00,124154.10621399395
2025-04-08 11:30:00,124122.46122793794
2025-04-08 11:45:00,124520.79942960783
2025-04-08 12:00:00,125204.77526857272
2025-04-08 12:15:00,125379.93304226866
2025-04-08 12:30:00,125713.59333384164
2025-04-08 12:45:00,125844.61467961737
2025-04-08 13:00:00,125838.23016488679
2025-04-08 13:15:00,125954.26178042547
2025-04-08 13:30:00,125398.5314112665
2025-04-08 13:45:00,125172.01993212877
2025-04-08 14:00:00,125460.71103299058
2025-04-08 14:15:00,125769.66602843211
2025-04-08 14:30:00,125298.32228875584
2025-04-08 14:45:00,125346.3449430338
2025-04-08 15:00:00,125072.08839721509
2025-04-08 15:15:00,125176.46133368052
2025-04-09 09:15:00,124276.52234426321
2025-04-09 09:30:00,124202.176335751
2025-04-09 09:45:00,124202.176335751
2025-04-09 10:00:00,124202.176335751
2025-04-09 10:15:00,124202.176335751
2025-04-09 10:30:00,124202.176335751
2025-04-09 10:45:00,124202.176335751
2025-04-09 11:00:00,124202.176335751
2025-04-09 11:15:00,124202.176335751
2025-04-09 11:30:00,124202.176335751
2025-04-09 11:45:00,124202.176335751
2025-04-09 12:00:00,124202.176335751
2025-04-09 12:15:00,124202.176335751
2025-04-09 12:30:00,124202.176335751
2025-04-09 12:45:00,124081.42438902054
2025-04-09 13:00:00,124119.04946809841
2025-04-09 13:15:00,124036.05297013248
2025-04-09 13:30:00,123956.3763320852
2025-04-09 13:45:00,123933.96727763441
2025-04-09 14:00:00,123953.88643714623
2025-04-09 14:15:00,123959.41953701062
2025-04-09 14:30:00,123961.9094319496
2025-04-09 14:45:00,123936.18051758017
2025-04-09 15:00:00,123956.37633208523
2025-04-09 15:15:00,124054.31219968502
2025-04-11 09:15:00,125945.24907834207
2025-04-11 09:30:00,126425.79880156479
2025-04-11 09:45:00,126307.39046446673
2025-04-11 10:00:00,126335.60927377516
2025-04-11 10:15:00,126153.84694322977
2025-04-11 10:30:00,126068.08389533166
2025-04-11 10:45:00,126189.81209234837
2025-04-11 11:00:00,126346.67547350399
2025-04-11 11:15:00,126470.61691046641
2025-04-11 11:30:00,126569.10608805266
2025-04-11 11:45:00,126571.31932799841
2025-04-11 12:00:00,126751.42172858448
2025-04-11 12:15:00,126741.46214882856
2025-04-11 12:30:00,126670.6384705643
2025-04-11 12:45:00,126633.01339148641
2025-04-11 13:00:00,126732.88584403873
2025-04-11 13:15:00,126565.23291814755
2025-04-11 13:30:00,126570.21270802549
2025-04-11 13:45:00,126346.95212849716
2025-04-11 14:00:00,126074.72361516891
2025-04-11 14:15:00,126015.00445335003
2025-04-11 14:30:00,126015.00445335003
2025-04-11 14:45:00,126015.00445335003
2025-04-11 15:00:00,126015.00445335003
2025-04-11 15:15:00,126015.00445335003
2025-04-15 09:15:00,126015.00445335003
2025-04-15 09:30:00,126022.54723935586
2025-04-15 09:45:00,125996.3274004342
2025-04-15 10:00:00,126028.76431456408
2025-04-15 10:15:00,126043.90154115805
2025-04-15 10:30:00,126015.24893367663
2025-04-15 10:45:00,126014.97862605889
2025-04-15 11:00:00,125937.13003214716
2025-04-15 11:15:00,126022.8175469736
2025-04-15 11:30:00,125989.84001760822
2025-04-15 11:45:00,126032.54862121255
2025-04-15 12:00:00,126139.32013022344
2025-04-15 12:15:00,126165.26966152735
2025-04-15 12:30:00,126181.48811859229
2025-04-15 12:45:00,126167.7024300871
2025-04-15 13:00:00,126167.16181485161
2025-04-15 13:15:00,126148.24028160918
2025-04-15 13:30:00,126117.69552080352
2025-04-15 13:45:00,126102.55829420958
2025-04-15 14:00:00,126104.18013991606
2025-04-15 14:15:00,126088.77260570438
2025-04-15 14:30:00,126015.24893367662
2025-04-15 14:45:00,125949.80975703434
2025-04-15 15:00:00,125949.80975703434
2025-04-15 15:15:00,125949.80975703434
2025-04-16 09:15:00,125949.80975703434
2025-04-16 09:30:00,125949.80975703434
2025-04-16 09:45:00,125949.80975703434
2025-04-16 10:00:00,125949.80975703434
2025-04-16 10:15:00,125949.80975703434
2025-04-16 10:30:00,125949.80975703434
2025-04-16 10:45:00,125949.80975703434
2025-04-16 11:00:00,125949.80975703434
2025-04-16 11:15:00,125949.80975703434
2025-04-16 11:30:00,125949.80975703434
2025-04-16 11:45:00,125949.80975703434
2025-04-16 12:00:00,125949.80975703434
2025-04-16 12:15:00,125949.80975703434
2025-04-16 12:30:00,125949.80975703434
2025-04-16 12:45:00,125812.99666395757
2025-04-16 13:00:00,125887.64329947183
2025-04-16 13:15:00,125564.26437305618
2025-04-16 13:30:00,125614.65758908929
2025-04-16 13:45:00,126013.76108077394
2025-04-16 14:00:00,126284.59093164704
2025-04-16 14:15:00,126180.84019275535
2025-04-16 14:30:00,126196.73965663747
2025-04-16 14:45:00,126288.09420334987
2025-04-16 15:00:00,126250.09717949604
2025-04-16 15:15:00,126297.25660626497
2025-04-17 09:15:00,125628.67067590062
2025-04-17 09:30:00,126105.11562748636
2025-04-17 09:45:00,126188.38570103838
2025-04-17 10:00:00,125866.62366925481
2025-04-17 10:15:00,126073.04721728346
2025-04-17 10:30:00,126236.08409268469
2025-04-17 10:45:00,126153.6224664487
2025-04-17 11:00:00,126333.90621792541
2025-04-17 11:15:00,126721.96092962418
2025-04-17 11:30:00,127176.84728611555
2025-04-17 11:45:00,127201.37018803539
2025-04-17 12:00:00,127381.38445707344
2025-04-17 12:15:00,127622.84072213047
2025-04-17 12:30:00,127801.23809653643
2025-04-17 12:45:00,127941.36896464987
2025-04-17 13:00:00,128215.70208722583
2025-04-17 13:15:00,128140.51648683418
2025-04-17 13:30:00,128362.30053386759
2025-04-17 13:45:00,128516.44448879239
2025-04-17 14:00:00,128441.52837083944
2025-04-17 14:15:00,128457.15835228286
2025-04-17 14:30:00,128595.40284332556
2025-04-17 14:45:00,128589.4742296746
2025-04-17 15:00:00,128526.95430390091
2025-04-17 15:15:00,128477.10005274517
2025-04-21 09:15:00,129132.21186117553
2025-04-21 09:30:00,129513.26002946866
2025-04-21 09:45:00,129521.61398506773
2025-04-21 10:00:00,129531.85431773757
2025-04-21 10:15:00,129597.60803277543
2025-04-21 10:30:00,129716.18030579449
2025-04-21 10:45:00,129889.99647874292
2025-04-21 11:00:00,129944.43193135623
2025-04-21 11:15:00,130025.8156278375
2025-04-21 11:30:00,129933.65263380903
2025-04-21 11:45:00,130080.2510804508
2025-04-21 12:00:00,130151.12496182356
2025-04-21 12:15:00,130250.02501681901
2025-04-21 12:30:00,130281.82394458322
2025-04-21 12:45:00,130308.77218845118
2025-04-21 13:00:00,130288.02204067286
2025-04-21 13:15:00,130185.34923153589
2025-04-21 13:30:00,129961.67880743173
2025-04-21 13:45:00,130160.28736473867
2025-04-21 14:00:00,130124.71568283296
2025-04-21 14:15:00,130096.68950921026
2025-04-21 14:30:00,130122.29034088482
2025-04-21 14:45:00,130134.4170506254
2025-04-21 15:00:00,129968.14638596002
2025-04-21 15:15:00,129903.97035585942
2025-04-22 09:15:00,129903.97035585942
2025-04-22 09:30:00,129903.97035585942
2025-04-22 09:45:00,129903.97035585942
2025-04-22 10:00:00,129903.97035585942
2025-04-22 10:15:00,129903.97035585942
2025-04-22 10:30:00,129903.97035585942
2025-04-22 10:45:00,129861.53018245236
2025-04-22 11:00:00,129871.7140973011
2025-04-22 11:15:00,129658.11988323682
2025-04-22 11:30:00,129762.90700707513
2025-04-22 11:45:00,129806.85863958021
2025-04-22 12:00:00,129726.19131406784
2025-04-22 12:15:00,129671.51977119569
2025-04-22 12:30:00,129653.56392133079
2025-04-22 12:45:00,129605.32432467888
2025-04-22 13:00:00,129614.97224400926
2025-04-22 13:15:00,129650.07995046148
2025-04-22 13:30:00,129617.92021936023
2025-04-22 13:45:00,129603.71633812382
2025-04-22 14:00:00,129597.28439190357
2025-04-22 14:15:00,129625.96015213555
2025-04-22 14:30:00,129581.74052187131
2025-04-22 14:45:00,129558.42471682288
2025-04-22 15:00:00,129500.8778259925
2025-04-22 15:15:00,129500.8778259925
2025-04-23 09:15:00,129500.8778259925
2025-04-23 09:30:00,129452.3617271678
2025-04-23 09:45:00,129373.85139395401
2025-04-23 10:00:00,128754.55124009479
2025-04-23 10:15:00,128972.78335275681
2025-04-23 10:30:00,128647.8304142686
2025-04-23 10:45:00,128586.96454656865
2025-04-23 11:00:00,128586.96454656865
2025-04-23 11:15:00,128586.96454656865
2025-04-23 11:30:00,128586.96454656865
2025-04-23 11:45:00,128586.96454656865
2025-04-23 12:00:00,128586.96454656865
2025-04-23 12:15:00,128586.96454656865
2025-04-23 12:30:00,128586.96454656865
2025-04-23 12:45:00,128586.96454656865
2025-04-23 13:00:00,128586.96454656865
2025-04-23 13:15:00,128586.96454656865
2025-04-23 13:30:00,128586.96454656865
2025-04-23 13:45:00,128649.47539113108
2025-04-23 14:00:00,128675.68338352512
2025-04-23 14:15:00,128706.92119264122
2025-04-23 14:30:00,128606.06013100364
2025-04-23 14:45:00,128752.18954314002
2025-04-23 15:00:00,128841.66733535392
2025-04-23 15:15:00,128661.91756933836
2025-04-24 09:15:00,128409.10309725463
2025-04-24 09:30:00,128466.54889876477
2025-04-24 09:45:00,128502.55179740704
2025-04-24 10:00:00,128643.3866656254
2025-04-24 10:15:00,128669.06520362764
2025-04-24 10:30:00,128534.84851530674
2025-04-24 10:45:00,128531.40706176007
2025-04-24 11:00:00,128546.4965119263
2025-04-24 11:15:00,128432.39909049377
2025-04-24 11:30:00,128362.0972098056
2025-04-24 11:45:00,128362.0972098056
2025-04-24 12:00:00,128362.0972098056
2025-04-24 12:15:00,128362.0972098056
2025-04-24 12:30:00,128362.0972098056
2025-04-24 12:45:00,128362.0972098056
2025-04-24 13:00:00,128362.0972098056
2025-04-24 13:15:00,128362.0972098056
2025-04-24 13:30:00,128362.0972098056
2025-04-24 13:45:00,128362.0972098056
2025-04-24 14:00:00,128362.0972098056
2025-04-24 14:15:00,128362.0972098056
2025-04-24 14:30:00,128362.0972098056
2025-04-24 14:45:00,128362.0972098056
2025-04-24 15:00:00,128362.0972098056
2025-04-24 15:15:00,128362.0972098056
2025-04-25 09:15:00,128362.0972098056
2025-04-25 09:30:00,128362.0972098056
2025-04-25 09:45:00,128362.0972098056
2025-04-25 10:00:00,128362.0972098056
2025-04-25 10:15:00,128362.0972098056
2025-04-25 10:30:00,128362.0972098056
2025-04-25 10:45:00,128362.0972098056
2025-04-25 11:00:00,128362.0972098056
2025-04-25 11:15:00,128362.0972098056
2025-04-25 11:30:00,128362.0972098056
2025-04-25 11:45:00,128362.0972098056
2025-04-25 12:00:00,128362.0972098056
2025-04-25 12:15:00,128362.0972098056
2025-04-25 12:30:00,128362.0972098056
2025-04-25 12:45:00,128362.0972098056
2025-04-25 13:00:00,128362.0972098056
2025-04-25 13:15:00,128249.89598110855
2025-04-25 13:30:00,128505.20327193181
2025-04-25 13:45:00,128842.14486891172
2025-04-25 14:00:00,128465.18645518833
2025-04-25 14:15:00,128608.71343790821
2025-04-25 14:30:00,128396.89108794618
2025-04-25 14:45:00,128464.3861188535
2025-04-25 15:00:00,128336.33230527442
2025-04-25 15:15:00,128009.26152309122
2025-04-28 09:15:00,128683.14471705105
2025-04-28 09:30:00,128996.07622398488
2025-04-28 09:45:00,129277.26105630226
2025-04-28 10:00:00,129525.63209888998
2025-04-28 10:15:00,129317.544651824
2025-04-28 10:30:00,129362.89704413326
2025-04-28 10:45:00,129531.2344532341
2025-04-28 11:00:00,129307.6738370273
2025-04-28 11:15:00,129403.18063965504
2025-04-28 11:30:00,129529.36700178606
2025-04-28 11:45:00,129502.4223451788
2025-04-28 12:00:00,129599.26304169798
2025-04-28 12:15:00,129893.78681292983
2025-04-28 12:30:00,129848.96797817717
2025-04-28 12:45:00,129914.59555763644
2025-04-28 13:00:00,129862.57369586994
2025-04-28 13:15:00,129824.6911093528
2025-04-28 13:30:00,129878.31364378904
2025-04-28 13:45:00,129825.22466690937
2025-04-28 14:00:00,129924.46637243315
2025-04-28 14:15:00,129681.43090541121
2025-04-28 14:30:00,129513.89383264528
2025-04-28 14:45:00,129752.92761799286
2025-04-28 15:00:00,129783.07361993958
2025-04-28 15:15:00,129723.31517360269
2025-04-29 09:15:00,130279.28214755845
2025-04-29 09:30:00,129743.0568031961
2025-04-29 09:45:00,130136.02194361686
2025-04-29 10:00:00,129929.5351692206
2025-04-29 10:15:00,129749.45949387505
2025-04-29 10:30:00,129769.20112346849
2025-04-29 10:45:00,129834.82870292777
2025-04-29 11:00:00,129953.5452592667
2025-04-29 11:15:00,129917.2633454193
2025-04-29 11:30:00,129944.74155958313
2025-04-29 11:45:00,129725.18262505069
2025-04-29 12:00:00,129743.05680319609
2025-04-29 12:15:00,129706.5081105704
2025-04-29 12:30:00,129877.78008623241
2025-04-29 12:45:00,129969.0184284075
2025-04-29 13:00:00,129957.81371971931
2025-04-29 13:15:00,130006.90101492462
2025-04-29 13:30:00,129942.07377180023
2025-04-29 13:45:00,129965.28352551142
2025-04-29 14:00:00,130006.36745736805
2025-04-29 14:15:00,129899.92272483045
2025-04-29 14:30:00,129955.67948949299
2025-04-29 14:45:00,129868.97638654883
2025-04-29 15:00:00,129795.61222251916
2025-04-29 15:15:00,129790.27664695337
2025-04-30 09:15:00,129782.80684116125
2025-04-30 09:30:00,129913.26166374492
2025-04-30 09:45:00,130007.16779370289
2025-04-30 10:00:00,129941.27343546534
2025-04-30 10:15:00,129819.08875500865
2025-04-30 10:30:00,129767.60045079874
2025-04-30 10:45:00,129874.57874089292
2025-04-30 11:00:00,129814.28673699945
2025-04-30 11:15:00,129819.08875500865
2025-04-30 11:30:00,129826.82533957905
2025-04-30 11:45:00,129875.37907722779
2025-04-30 12:00:00,129894.32037048636
2025-04-30 12:15:00,129919.66435442386
2025-04-30 12:30:00,129955.94626827126
2025-04-30 12:45:00,129868.97638654882
2025-04-30 13:00:00,129834.82870292773
2025-04-30 13:15:00,129828.95956980536
2025-04-30 13:30:00,129918.59723931072
2025-04-30 13:45:00,129905.7918579528
2025-04-30 14:00:00,129871.37739555344
2025-04-30 14:15:00,129850.83542962512
2025-04-30 14:30:00,129865.24148365278
2025-04-30 14:45:00,130013.57048438185
2025-04-30 15:00:00,129915.12911519295
2025-04-30 15:15:00,129367.69906214245
2025-05-02 09:15:00,130660.24224295614
2025-05-02 09:30:00,130880.86829260174
2025-05-02 09:45:00,131105.7628027
2025-05-02 10:00:00,131158.85177957965
2025-05-02 10:15:00,130832.04777617475
2025-05-02 10:30:00,130732.53929187267
2025-05-02 10:45:00,130358.78222348879
2025-05-02 11:00:00,130310.22848584007
2025-05-02 11:15:00,130120.28199569776
2025-05-02 11:30:00,130054.95520931103
2025-05-02 11:45:00,130054.95520931103
2025-05-02 12:00:00,130054.95520931103
2025-05-02 12:15:00,130054.95520931103
2025-05-02 12:30:00,130054.95520931103
2025-05-02 12:45:00,130054.95520931103
2025-05-02 13:00:00,130054.95520931103
2025-05-02 13:15:00,130054.95520931103
2025-05-02 13:30:00,130054.95520931103
2025-05-02 13:45:00,130054.95520931103
2025-05-02 14:00:00,130054.95520931103
2025-05-02 14:15:00,130054.95520931103
2025-05-02 14:30:00,130054.95520931103
2025-05-02 14:45:00,130054.95520931103
2025-05-02 15:00:00,130054.95520931103
2025-05-02 15:15:00,130054.95520931103
2025-05-05 09:15:00,130054.95520931103
2025-05-05 09:30:00,130026.62363741673
2025-05-05 09:45:00,130316.46811005645
2025-05-05 10:00:00,130185.90514118846
2025-05-05 10:15:00,130188.29835243044
2025-05-05 10:30:00,130417.51480694003
2025-05-05 10:45:00,130143.35916355328
2025-05-05 11:00:00,130223.6646963397
2025-05-05 11:15:00,130112.77924212799
2025-05-05 11:30:00,130015.4553182875
2025-05-05 11:45:00,130006.68021040026
2025-05-05 12:00:00,130024.23042617475
2025-05-05 12:15:00,130070.2332644928
2025-05-05 12:30:00,130063.5854554873
2025-05-05 12:45:00,130160.37755460736
2025-05-05 13:00:00,130036.7283071051
2025-05-05 13:15:00,130056.13990940116
2025-05-05 13:30:00,130156.92069392452
2025-05-05 13:45:00,130204.51900640386
2025-05-05 14:00:00,130152.93200852121
2025-05-05 14:15:00,130107.46099492359
2025-05-05 14:30:00,130169.15266249463
2025-05-05 14:45:00,130143.62507591353
2025-05-05 15:00:00,130022.10312729301
2025-05-05 15:15:00,130081.66749598228
2025-05-06 09:15:00,129940.73394506573
2025-05-06 09:30:00,130074.22194989612
2025-05-06 09:45:00,129720.82442316387
2025-05-06 10:00:00,129710.45384111529
2025-05-06 10:15:00,129689.71267701812
2025-05-06 10:30:00,129749.5429580676
2025-05-06 10:45:00,129781.452441294
2025-05-06 11:00:00,129701.1469085076
2025-05-06 11:15:00,129614.99130379633
2025-05-06 11:30:00,129552.31004337677
2025-05-06 11:45:00,129552.31004337677
2025-05-06 12:00:00,129552.31004337677
2025-05-06 12:15:00,129552.31004337677
2025-05-06 12:30:00,129552.31004337677
2025-05-06 12:45:00,129552.31004337677
2025-05-06 13:00:00,129552.31004337677
2025-05-06 13:15:00,129552.31004337677
2025-05-06 13:30:00,129552.31004337677
2025-05-06 13:45:00,129552.31004337677
2025-05-06 14:00:00,129552.31004337677
2025-05-06 14:15:00,129552.31004337677
2025-05-06 14:30:00,129552.31004337677
2025-05-06 14:45:00,129552.31004337677
2025-05-06 15:00:00,129552.31004337677
2025-05-06 15:15:00,129552.31004337677
2025-05-07 09:15:00,129552.31004337677
2025-05-07 09:30:00,129552.31004337677
2025-05-07 09:45:00,129552.31004337677
2025-05-07 10:00:00,129552.31004337677
2025-05-07 10:15:00,129552.31004337677
2025-05-07 10:30:00,129552.31004337677
2025-05-07 10:45:00,129552.31004337677
2025-05-07 11:00:00,129552.31004337677
2025-05-07 11:15:00,129552.31004337677
2025-05-07 11:30:00,129552.31004337677
2025-05-07 11:45:00,129552.31004337677
2025-05-07 12:00:00,129552.31004337677
2025-05-07 12:15:00,129552.31004337677
2025-05-07 12:30:00,129552.31004337677
2025-05-07 12:45:00,129552.31004337677
2025-05-07 13:00:00,129552.31004337677
2025-05-07 13:15:00,129552.31004337677
2025-05-07 13:30:00,129552.31004337677
2025-05-07 13:45:00,129552.31004337677
2025-05-07 14:00:00,129552.31004337677
2025-05-07 14:15:00,129552.31004337677
2025-05-07 14:30:00,129552.31004337677
2025-05-07 14:45:00,129552.31004337677
2025-05-07 15:00:00,129552.31004337677
2025-05-07 15:15:00,129552.31004337677
2025-05-08 09:15:00,129552.31004337677
2025-05-08 09:30:00,129552.31004337677
2025-05-08 09:45:00,129552.31004337677
2025-05-08 10:00:00,129552.31004337677
2025-05-08 10:15:00,129552.31004337677
2025-05-08 10:30:00,129458.35138698705
2025-05-08 10:45:00,129449.59663657664
2025-05-08 11:00:00,129453.84136404835
2025-05-08 11:15:00,129529.45057213824
2025-05-08 11:30:00,129509.55341211459
2025-05-08 11:45:00,129471.08556940219
2025-05-08 12:00:00,129482.22797901546
2025-05-08 12:15:00,129476.65677420882
2025-05-08 12:30:00,129449.0660456427
2025-05-08 12:45:00,129464.71847819461
2025-05-08 13:00:00,129389.6398610387
2025-05-08 13:15:00,129286.70521984964
2025-05-08 13:30:00,129215.69795957775
2025-05-08 13:45:00,129215.69795957775
2025-05-08 14:00:00,129215.69795957775
2025-05-08 14:15:00,129215.69795957775
2025-05-08 14:30:00,129215.69795957775
2025-05-08 14:45:00,129215.69795957775
2025-05-08 15:00:00,129215.69795957775
2025-05-08 15:15:00,129215.69795957775
2025-05-09 09:15:00,129215.69795957775
2025-05-09 09:30:00,129215.69795957775
2025-05-09 09:45:00,129215.69795957775
2025-05-09 10:00:00,129215.69795957775
2025-05-09 10:15:00,129215.69795957775
2025-05-09 10:30:00,129215.69795957775
2025-05-09 10:45:00,129215.69795957775
2025-05-09 11:00:00,129215.69795957775
2025-05-09 11:15:00,129215.69795957775
2025-05-09 11:30:00,129215.69795957775
2025-05-09 11:45:00,129215.69795957775
2025-05-09 12:00:00,129215.69795957775
2025-05-09 12:15:00,129215.69795957775
2025-05-09 12:30:00,129215.69795957775
2025-05-09 12:45:00,129215.69795957775
2025-05-09 13:00:00,129215.69795957775
2025-05-09 13:15:00,129215.69795957775
2025-05-09 13:30:00,129215.69795957775
2025-05-09 13:45:00,129215.69795957775
2025-05-09 14:00:00,129215.69795957775
2025-05-09 14:15:00,129215.69795957775
2025-05-09 14:30:00,129215.69795957775
2025-05-09 14:45:00,129215.69795957775
2025-05-09 15:00:00,129215.69795957775
2025-05-09 15:15:00,129215.69795957775
2025-05-12 09:15:00,129215.69795957775
2025-05-12 09:30:00,129127.98625281213
2025-05-12 09:45:00,129827.9281261881
2025-05-12 10:00:00,129605.55349499926
2025-05-12 10:15:00,129680.37848896481
2025-05-12 10:30:00,129695.3434877579
2025-05-12 10:45:00,129582.18709337492
2025-05-12 11:00:00,129711.62120574336
2025-05-12 11:15:00,129871.51040337501
2025-05-12 11:30:00,129844.7309318505
2025-05-12 11:45:00,129785.13348051652
2025-05-12 12:00:00,129808.49988214087
2025-05-12 12:15:00,129709.52085503556
2025-05-12 12:30:00,130169.23511620634
2025-05-12 12:45:00,130226.46967299403
2025-05-12 13:00:00,130164.77187095227
2025-05-12 13:15:00,130334.63773444599
2025-05-12 13:30:00,130452.51991792154
2025-05-12 13:45:00,130452.51991792154
2025-05-12 14:00:00,130569.35192604318
2025-05-12 14:15:00,130736.32980731367
2025-05-12 14:30:00,130549.13605048055
2025-05-12 14:45:00,130860.25049907414
2025-05-12 15:00:00,130785.95059278556
2025-05-12 15:15:00,130853.1618154353
2025-05-13 09:15:00,130050.56530121539
2025-05-13 09:30:00,129933.99583693223
2025-05-13 09:45:00,129759.40418434596
2025-05-13 10:00:00,130068.68082607021
2025-05-13 10:15:00,129477.16955798467
2025-05-13 10:30:00,129400.09758257752
2025-05-13 10:45:00,129400.09758257752
2025-05-13 11:00:00,129400.09758257752
2025-05-13 11:15:00,129400.09758257752
2025-05-13 11:30:00,129400.09758257752
2025-05-13 11:45:00,129400.09758257752
2025-05-13 12:00:00,129400.09758257752
2025-05-13 12:15:00,129400.09758257752
2025-05-13 12:30:00,129400.09758257752
2025-05-13 12:45:00,129400.09758257752
2025-05-13 13:00:00,129400.09758257752
2025-05-13 13:15:00,129400.09758257752
2025-05-13 13:30:00,129400.09758257752
2025-05-13 13:45:00,129400.09758257752
2025-05-13 14:00:00,129400.09758257752
2025-05-13 14:15:00,129400.09758257752
2025-05-13 14:30:00,129400.09758257752
2025-05-13 14:45:00,129400.09758257752
2025-05-13 15:00:00,129400.09758257752
2025-05-13 15:15:00,129400.09758257752
2025-05-14 09:15:00,129400.09758257752
2025-05-14 09:30:00,129400.09758257752
2025-05-14 09:45:00,129400.09758257752
2025-05-14 10:00:00,129400.09758257752
2025-05-14 10:15:00,129268.79012272709
2025-05-14 10:30:00,129212.10852194342
2025-05-14 10:45:00,128955.08227691517
2025-05-14 11:00:00,129040.49648639104
2025-05-14 11:15:00,129129.5675733368
2025-05-14 11:30:00,128963.70205952284
2025-05-14 11:45:00,128837.80099234438
2025-05-14 12:00:00,128772.5988670558
2025-05-14 12:15:00,128772.5988670558
2025-05-14 12:30:00,128772.5988670558
2025-05-14 12:45:00,128772.5988670558
2025-05-14 13:00:00,128772.5988670558
2025-05-14 13:15:00,128772.5988670558
2025-05-14 13:30:00,128772.5988670558
2025-05-14 13:45:00,128772.5988670558
2025-05-14 14:00:00,128772.5988670558
2025-05-14 14:15:00,128772.5988670558
2025-05-14 14:30:00,128772.5988670558
2025-05-14 14:45:00,128772.5988670558
2025-05-14 15:00:00,128772.5988670558
2025-05-14 15:15:00,128772.5988670558
2025-05-15 09:15:00,128772.5988670558
2025-05-15 09:30:00,128772.5988670558
2025-05-15 09:45:00,128772.5988670558
2025-05-15 10:00:00,128772.5988670558
2025-05-15 10:15:00,128772.5988670558
2025-05-15 10:30:00,128772.5988670558
2025-05-15 10:45:00,128772.5988670558
2025-05-15 11:00:00,128772.5988670558
2025-05-15 11:15:00,128772.5988670558
2025-05-15 11:30:00,128772.5988670558
2025-05-15 11:45:00,128772.5988670558
2025-05-15 12:00:00,128772.5988670558
2025-05-15 12:15:00,128569.91231954712
2025-05-15 12:30:00,128611.66333783396
2025-05-15 12:45:00,128822.50598018253
2025-05-15 13:00:00,129878.5457989753
2025-05-15 13:15:00,129968.8323760206
2025-05-15 13:30:00,130400.17258369653
2025-05-15 13:45:00,130871.95909033784
2025-05-15 14:00:00,130946.84997938984
2025-05-15 14:15:00,131022.26275617044
2025-05-15 14:30:00,130928.32296502506
2025-05-15 14:45:00,130808.02784358611
2025-05-15 15:00:00,130766.27682529927
2025-05-15 15:15:00,130656.15851456772
2025-05-16 09:15:00,130647.28642318177
2025-05-16 09:30:00,130561.17494796516
2025-05-16 09:45:00,130430.9639596831
2025-05-16 10:00:00,130498.80936439923
2025-05-16 10:15:00,130510.8127821567
2025-05-16 10:30:00,130454.18796360516
2025-05-16 10:45:00,130476.62913593434
2025-05-16 11:00:00,130343.80870900933
2025-05-16 11:15:00,130277.07192430069
2025-05-16 11:30:00,130277.07192430069
2025-05-16 11:45:00,130277.07192430069
2025-05-16 12:00:00,130277.07192430069
2025-05-16 12:15:00,130277.07192430069
2025-05-16 12:30:00,130277.07192430069
2025-05-16 12:45:00,130277.07192430069
2025-05-16 13:00:00,130277.07192430069
2025-05-16 13:15:00,130277.07192430069
2025-05-16 13:30:00,130062.88877003899
2025-05-16 13:45:00,130130.25797796149
2025-05-16 14:00:00,130160.17094673016
2025-05-16 14:15:00,130072.51294259935
2025-05-16 14:30:00,130134.15966954
2025-05-16 14:45:00,130118.292790454
2025-05-16 15:00:00,130182.28053234176
2025-05-16 15:15:00,130124.53549697962
2025-05-19 09:15:00,130131.55854182098
2025-05-19 09:30:00,130104.50681354322
2025-05-19 09:45:00,130124.53549697962
2025-05-19 10:00:00,130268.89808538494
2025-05-19 10:15:00,130181.76030679795
2025-05-19 10:30:00,130073.81350645883
2025-05-19 10:45:00,130237.42443998485
2025-05-19 11:00:00,130197.10696034013
2025-05-19 11:15:00,130191.90470490209
2025-05-19 11:30:00,130102.16579859608
2025-05-19 11:45:00,130065.48989775797
2025-05-19 12:00:00,129991.35775776606
2025-05-19 12:15:00,130111.26974561265
2025-05-19 12:30:00,130074.07361923075
2025-05-19 12:45:00,130119.3332415416
2025-05-19 13:00:00,129955.20208247176
2025-05-19 13:15:00,130037.91794393645
2025-05-19 13:30:00,129960.1442251379
2025-05-19 13:45:00,129926.3295647907
2025-05-19 14:00:00,129858.50659013765
2025-05-19 14:15:00,129858.50659013765
2025-05-19 14:30:00,129858.50659013765
2025-05-19 14:45:00,129858.50659013765
2025-05-19 15:00:00,129858.50659013765
2025-05-19 15:15:00,129858.50659013765
2025-05-20 09:15:00,129858.50659013765
2025-05-20 09:30:00,129858.50659013765
2025-05-20 09:45:00,129858.50659013765
2025-05-20 10:00:00,129858.50659013765
2025-05-20 10:15:00,129858.50659013765
2025-05-20 10:30:00,129858.50659013765
2025-05-20 10:45:00,129858.50659013765
2025-05-20 11:00:00,129858.50659013765
2025-05-20 11:15:00,129858.50659013765
2025-05-20 11:30:00,129858.50659013765
2025-05-20 11:45:00,129858.50659013765
2025-05-20 12:00:00,129858.50659013765
2025-05-20 12:15:00,129858.50659013765
2025-05-20 12:30:00,129858.50659013765
2025-05-20 12:45:00,129858.50659013765
2025-05-20 13:00:00,129858.50659013765
2025-05-20 13:15:00,129858.50659013765
2025-05-20 13:30:00,129858.50659013765
2025-05-20 13:45:00,129858.50659013765
2025-05-20 14:00:00,129858.50659013765
2025-05-20 14:15:00,129858.50659013765
2025-05-20 14:30:00,129858.50659013765
2025-05-20 14:45:00,129858.50659013765
2025-05-20 15:00:00,129858.50659013765
2025-05-20 15:15:00,129858.50659013765
2025-05-21 09:15:00,129858.50659013765
2025-05-21 09:30:00,129858.50659013765
2025-05-21 09:45:00,129858.50659013765
2025-05-21 10:00:00,129858.50659013765
2025-05-21 10:15:00,129917.78746037037
2025-05-21 10:30:00,130034.9520516812
2025-05-21 10:45:00,130028.16746510197
2025-05-21 11:00:00,129935.00987245615
2025-05-21 11:15:00,129799.57908650886
2025-05-21 11:30:00,129705.89960258771
2025-05-21 11:45:00,129574.38300120538
2025-05-21 12:00:00,129081.71763729697
2025-05-21 12:15:00,129027.6093850721
2025-05-21 12:30:00,129027.6093850721
2025-05-21 12:45:00,129027.6093850721
2025-05-21 13:00:00,129027.6093850721
2025-05-21 13:15:00,129027.6093850721
2025-05-21 13:30:00,129027.6093850721
2025-05-21 13:45:00,129027.6093850721
2025-05-21 14:00:00,129027.6093850721
2025-05-21 14:15:00,129027.6093850721
2025-05-21 14:30:00,129027.6093850721
2025-05-21 14:45:00,129027.6093850721
2025-05-21 15:00:00,129027.6093850721
2025-05-21 15:15:00,129027.6093850721
2025-05-22 09:15:00,129027.6093850721
2025-05-22 09:30:00,129027.6093850721
2025-05-22 09:45:00,129027.6093850721
2025-05-22 10:00:00,129027.6093850721
2025-05-22 10:15:00,129027.6093850721
2025-05-22 10:30:00,129027.6093850721
2025-05-22 10:45:00,129027.6093850721
2025-05-22 11:00:00,129027.6093850721
2025-05-22 11:15:00,129027.6093850721
2025-05-22 11:30:00,129027.6093850721
2025-05-22 11:45:00,129027.6093850721
2025-05-22 12:00:00,129027.6093850721
2025-05-22 12:15:00,129027.6093850721
2025-05-22 12:30:00,129027.6093850721
2025-05-22 12:45:00,129027.6093850721
2025-05-22 13:00:00,129027.6093850721
2025-05-22 13:15:00,129027.6093850721
2025-05-22 13:30:00,129027.6093850721
2025-05-22 13:45:00,129027.6093850721
2025-05-22 14:00:00,129027.6093850721
2025-05-22 14:15:00,129027.6093850721
2025-05-22 14:30:00,129027.6093850721
2025-05-22 14:45:00,129027.6093850721
2025-05-22 15:00:00,129027.6093850721
2025-05-22 15:15:00,129027.6093850721
2025-05-23 09:15:00,129351.9816373865
2025-05-23 09:30:00,129705.79990728783
2025-05-23 09:45:00,129782.2162791896
2025-05-23 10:00:00,129897.88763665732
2025-05-23 10:15:00,129670.73212018222
2025-05-23 10:30:00,129874.85804512528
2025-05-23 10:45:00,130272.11849905293
2025-05-23 11:00:00,130274.73549809067
2025-05-23 11:15:00,130232.34011367943
2025-05-23 11:30:00,130162.20453946822
2025-05-23 11:45:00,129999.16549941755
2025-05-23 12:00:00,129985.0337046138
2025-05-23 12:15:00,130166.91513773614
2025-05-23 12:30:00,130168.48533715878
2025-05-23 12:45:00,130226.58271579644
2025-05-23 13:00:00,130208.52542243608
2025-05-23 13:15:00,130243.5932095417
2025-05-23 13:30:00,130070.08617334007
2025-05-23 13:45:00,130200.41272541911
2025-05-23 14:00:00,130164.82153850596
2025-05-23 14:15:00,130183.40223167388
2025-05-23 14:30:00,129989.74430288174
2025-05-23 14:45:00,129992.884701727
2025-05-23 15:00:00,130068.77767382121
2025-05-23 15:15:00,130039.46728459862
2025-05-26 09:15:00,131061.92880864037
2025-05-26 09:30:00,131077.89250277053
2025-05-26 09:45:00,131174.19806735907
2025-05-26 10:00:00,131081.03290161584
2025-05-26 10:15:00,130720.14873431264
2025-05-26 10:30:00,130689.79154547496
2025-05-26 10:45:00,130746.84212449749
2025-05-26 11:00:00,130707.32543902774
2025-05-26 11:15:00,130716.4849356598
2025-05-26 11:30:00,130712.29773719943
2025-05-26 11:45:00,130844.97958841243
2025-05-26 12:00:00,130796.5651062144
2025-05-26 12:15:00,130888.68347234259
2025-05-26 12:30:00,130684.55754739953
2025-05-26 12:45:00,130613.72231849558
2025-05-26 13:00:00,130613.72231849558
2025-05-26 13:15:00,130613.72231849558
2025-05-26 13:30:00,130613.72231849558
2025-05-26 13:45:00,130613.72231849558
2025-05-26 14:00:00,130613.72231849558
2025-05-26 14:15:00,130613.72231849558
2025-05-26 14:30:00,130613.72231849558
2025-05-26 14:45:00,130613.72231849558
2025-05-26 15:00:00,130613.72231849558
2025-05-26 15:15:00,130613.72231849558
2025-05-27 09:15:00,130613.72231849558
2025-05-27 09:30:00,130613.72231849558
2025-05-27 09:45:00,130613.72231849558
2025-05-27 10:00:00,130613.72231849558
2025-05-27 10:15:00,130613.72231849558
2025-05-27 10:30:00,130613.72231849558
2025-05-27 10:45:00,130613.72231849558
2025-05-27 11:00:00,130613.72231849558
2025-05-27 11:15:00,130613.72231849558
2025-05-27 11:30:00,130316.94571022049
2025-05-27 11:45:00,130207.86526569464
2025-05-27 12:00:00,130256.92536993115
2025-05-27 12:15:00,129729.00733338621
2025-05-27 12:30:00,129750.40588948938
2025-05-27 12:45:00,129561.73325457984
2025-05-27 13:00:00,129590.96055072073
2025-05-27 13:15:00,129564.86475059492
2025-05-27 13:30:00,129682.5568091623
2025-05-27 13:45:00,129249.10556907274
2025-05-27 14:00:00,129170.13550256405
2025-05-27 14:15:00,129170.13550256405
2025-05-27 14:30:00,129170.13550256405
2025-05-27 14:45:00,129170.13550256405
2025-05-27 15:00:00,129170.13550256405
2025-05-27 15:15:00,129170.13550256405
2025-05-28 09:15:00,129170.13550256405
2025-05-28 09:30:00,129170.13550256405
2025-05-28 09:45:00,129170.13550256405
2025-05-28 10:00:00,129170.13550256405
2025-05-28 10:15:00,129170.13550256405
2025-05-28 10:30:00,129170.13550256405
2025-05-28 10:45:00,129170.13550256405
2025-05-28 11:00:00,129170.13550256405
2025-05-28 11:15:00,129170.13550256405
2025-05-28 11:30:00,129170.13550256405
2025-05-28 11:45:00,129170.13550256405
2025-05-28 12:00:00,129170.13550256405
2025-05-28 12:15:00,129170.13550256405
2025-05-28 12:30:00,129170.13550256405
2025-05-28 12:45:00,129170.13550256405
2025-05-28 13:00:00,129170.13550256405
2025-05-28 13:15:00,129170.13550256405
2025-05-28 13:30:00,129170.13550256405
2025-05-28 13:45:00,129170.13550256405
2025-05-28 14:00:00,129170.13550256405
2025-05-28 14:15:00,129170.13550256405
2025-05-28 14:30:00,129170.13550256405
2025-05-28 14:45:00,129170.13550256405
2025-05-28 15:00:00,129170.13550256405
2025-05-28 15:15:00,129170.13550256405
2025-05-29 09:15:00,129170.13550256405
2025-05-29 09:30:00,129170.13550256405
2025-05-29 09:45:00,129170.13550256405
2025-05-29 10:00:00,129170.13550256405
2025-05-29 10:15:00,129170.13550256405
2025-05-29 10:30:00,129170.13550256405
2025-05-29 10:45:00,129170.13550256405
2025-05-29 11:00:00,129170.13550256405
2025-05-29 11:15:00,129170.13550256405
2025-05-29 11:30:00,129170.13550256405
2025-05-29 11:45:00,129170.13550256405
2025-05-29 12:00:00,129170.13550256405
2025-05-29 12:15:00,129170.13550256405
2025-05-29 12:30:00,129170.13550256405
2025-05-29 12:45:00,129170.13550256405
2025-05-29 13:00:00,129170.13550256405
2025-05-29 13:15:00,129170.13550256405
2025-05-29 13:30:00,129170.13550256405
2025-05-29 13:45:00,129170.13550256405
2025-05-29 14:00:00,129170.13550256405
2025-05-29 14:15:00,129170.13550256405
2025-05-29 14:30:00,129170.13550256405
2025-05-29 14:45:00,129170.13550256405
2025-05-29 15:00:00,129170.13550256405
2025-05-29 15:15:00,129170.13550256405
2025-05-30 09:15:00,129289.74461379412
2025-05-30 09:30:00,129139.37139987996
2025-05-30 09:45:00,129079.27414656826
2025-05-30 10:00:00,129012.67286151287
2025-05-30 10:15:00,128841.74690728867
2025-05-30 10:30:00,128715.3085301913
2025-05-30 10:45:00,128786.33255683242
2025-05-30 11:00:00,128802.20239428703
2025-05-30 11:15:00,128905.48641837685
2025-05-30 11:30:00,128755.89368827194
2025-05-30 11:45:00,128696.71636521007
2025-05-30 12:00:00,128696.71636521007
2025-05-30 12:15:00,128696.71636521007
2025-05-30 12:30:00,128696.71636521007
2025-05-30 12:45:00,128696.71636521007
2025-05-30 13:00:00,128696.71636521007
2025-05-30 13:15:00,128696.71636521007
2025-05-30 13:30:00,128696.71636521007
2025-05-30 13:45:00,128696.71636521007
2025-05-30 14:00:00,128449.96963133499
2025-05-30 14:15:00,128537.14723337295
2025-05-30 14:30:00,128532.21754754342
2025-05-30 14:45:00,128506.01237550225
2025-05-30 15:00:00,128439.85080252703
2025-05-30 15:15:00,128362.01365785029
2025-06-02 09:15:00,127473.89183708874
2025-06-02 09:30:00,127406.52430728533
2025-06-02 09:45:00,127406.52430728533
2025-06-02 10:00:00,127406.52430728533
2025-06-02 10:15:00,127406.52430728533
2025-06-02 10:30:00,127406.52430728533
2025-06-02 10:45:00,127406.52430728533
2025-06-02 11:00:00,127406.52430728533
2025-06-02 11:15:00,127406.52430728533
2025-06-02 11:30:00,127406.52430728533
2025-06-02 11:45:00,127406.52430728533
2025-06-02 12:00:00,127419.53452152466
2025-06-02 12:15:00,127451.56304365507
2025-06-02 12:30:00,127720.70594736372
2025-06-02 12:45:00,127520.52768404873
2025-06-02 13:00:00,127612.48053790699
2025-06-02 13:15:00,127634.17727870497
2025-06-02 13:30:00,127743.43586629498
2025-06-02 13:45:00,127641.15123110436
2025-06-02 14:00:00,127565.72922737793
2025-06-02 14:15:00,127599.30751670818
2025-06-02 14:30:00,127430.38289192368
2025-06-02 14:45:00,127671.11339696827
2025-06-02 15:00:00,127721.48083096366
2025-06-02 15:15:00,127547.64861004624
2025-06-03 09:15:00,127324.4821332667
2025-06-03 09:30:00,127322.67407153353
2025-06-03 09:45:00,127236.66199194142
2025-06-03 10:00:00,127399.64584245981
2025-06-03 10:15:00,127700.55897376558
2025-06-03 10:30:00,127302.26880340207
2025-06-03 10:45:00,127275.6644664712
2025-06-03 11:00:00,127030.28465982701
2025-06-03 11:15:00,126967.02768288314
2025-06-03 11:30:00,126967.02768288314
2025-06-03 11:45:00,126967.02768288314
2025-06-03 12:00:00,126967.02768288314
2025-06-03 12:15:00,126967.02768288314
2025-06-03 12:30:00,126967.02768288314
2025-06-03 12:45:00,126967.02768288314
2025-06-03 13:00:00,126967.02768288314
2025-06-03 13:15:00,126967.02768288314
2025-06-03 13:30:00,126967.02768288314
2025-06-03 13:45:00,126967.02768288314
2025-06-03 14:00:00,126967.02768288314
2025-06-03 14:15:00,126967.02768288314
2025-06-03 14:30:00,126967.02768288314
2025-06-03 14:45:00,126967.02768288314
2025-06-03 15:00:00,126967.02768288314
2025-06-03 15:15:00,126967.02768288314
2025-06-04 09:15:00,126967.02768288314
2025-06-04 09:30:00,126967.02768288314
2025-06-04 09:45:00,126967.02768288314
2025-06-04 10:00:00,126967.02768288314
2025-06-04 10:15:00,126967.02768288314
2025-06-04 10:30:00,126967.02768288314
2025-06-04 10:45:00,126840.35354189589
2025-06-04 11:00:00,126801.92332375416
2025-06-04 11:15:00,126847.57532785545
2025-06-04 11:30:00,126859.43969050322
2025-06-04 11:45:00,126867.95108109836
2025-06-04 12:00:00,126937.07388956808
2025-06-04 12:15:00,126866.9193973899
2025-06-04 12:30:00,126900.19119698911
2025-06-04 12:45:00,126907.92882480288
2025-06-04 13:00:00,126898.38575049922
2025-06-04 13:15:00,126939.39517791221
2025-06-04 13:30:00,126926.49913155593
2025-06-04 13:45:00,127007.22838174627
2025-06-04 14:00:00,126982.4679727422
2025-06-04 14:15:00,126963.38182413489
2025-06-04 14:30:00,126975.2461867827
2025-06-04 14:45:00,127046.17444174227
2025-06-04 15:00:00,126984.2734192321
2025-06-04 15:15:00,126958.99716837375
2025-06-05 09:15:00,127492.89348752402
2025-06-05 09:30:00,127656.15743439463
2025-06-05 09:45:00,127666.7321924068
2025-06-05 10:00:00,127579.29699811117
2025-06-05 10:15:00,127535.96628235404
2025-06-05 10:30:00,127507.59498037021
2025-06-05 10:45:00,127436.40880448351
2025-06-05 11:00:00,127458.3320832892
2025-06-05 11:15:00,127603.54156526101
2025-06-05 11:30:00,127561.24253321238
2025-06-05 11:45:00,127629.84949982782
2025-06-05 12:00:00,128287.54786399845
2025-06-05 12:15:00,128042.78090415611
2025-06-05 12:30:00,128021.37346720468
2025-06-05 12:45:00,127909.95162668635
2025-06-05 13:00:00,127809.87830696157
2025-06-05 13:15:00,127768.35303769432
2025-06-05 13:30:00,127570.78560751598
2025-06-05 13:45:00,127581.10244460101
2025-06-05 14:00:00,127482.83457136611
2025-06-05 14:15:00,127420.38211391374
2025-06-05 14:30:00,127420.38211391374
2025-06-05 14:45:00,127420.38211391374
2025-06-05 15:00:00,127420.38211391374
2025-06-05 15:15:00,127420.38211391374
2025-06-06 09:15:00,127420.38211391374
2025-06-06 09:30:00,127420.38211391374
2025-06-06 09:45:00,127420.38211391374
2025-06-06 10:00:00,127420.38211391374
2025-06-06 10:15:00,127420.38211391374
2025-06-06 10:30:00,127420.38211391374
2025-06-06 10:45:00,127420.38211391374
2025-06-06 11:00:00,127565.51069103213
2025-06-06 11:15:00,127498.36570811024
2025-06-06 11:30:00,127684.4824098215
2025-06-06 11:45:00,127783.79571155772
2025-06-06 12:00:00,127646.18679218544
2025-06-06 12:15:00,127570.87207750119
2025-06-06 12:30:00,127555.55383044676
2025-06-06 12:45:00,127563.9788663267
2025-06-06 13:00:00,127494.02553811147
2025-06-06 13:15:00,127518.79003751613
2025-06-06 13:30:00,127558.87278397521
2025-06-06 13:45:00,127602.27448396276
2025-06-06 14:00:00,127600.99796337489
2025-06-06 14:15:00,127738.86218686475
2025-06-06 14:30:00,127593.08353573013
2025-06-06 14:45:00,127643.88905512732
2025-06-06 15:00:00,127662.78155982775
2025-06-06 15:15:00,127653.5906115951
2025-06-09 09:15:00,128138.92373910286
2025-06-09 09:30:00,128205.55811378962
2025-06-09 09:45:00,128167.26249615355
2025-06-09 10:00:00,128260.44849906798
2025-06-09 10:15:00,128283.42586964961
2025-06-09 10:30:00,128338.57155904554
2025-06-09 10:45:00,128310.48810611242
2025-06-09 11:00:00,128272.95840082905
2025-06-09 11:15:00,128212.45132496407
2025-06-09 11:30:00,128225.21653084276
2025-06-09 11:45:00,128224.9612267252
2025-06-09 12:00:00,128247.17268495412
2025-06-09 12:15:00,128246.4067726014
2025-06-09 12:30:00,128250.74694260016
2025-06-09 12:45:00,128201.21794379085
2025-06-09 13:00:00,128209.13237143563
2025-06-09 13:15:00,128194.06942849878
2025-06-09 13:30:00,128212.45132496407
2025-06-09 13:45:00,128210.15358790591
2025-06-09 14:00:00,128113.64863146303
2025-06-09 14:15:00,128051.1228659404
2025-06-09 14:30:00,128051.1228659404
2025-06-09 14:45:00,128051.1228659404
2025-06-09 15:00:00,128051.1228659404
2025-06-09 15:15:00,128051.1228659404
2025-06-10 09:15:00,128051.1228659404
2025-06-10 09:30:00,128051.1228659404
2025-06-10 09:45:00,128051.1228659404
2025-06-10 10:00:00,128051.1228659404
2025-06-10 10:15:00,128051.1228659404
2025-06-10 10:30:00,128051.1228659404
2025-06-10 10:45:00,128051.1228659404
2025-06-10 11:00:00,128051.1228659404
2025-06-10 11:15:00,128051.1228659404
2025-06-10 11:30:00,128051.1228659404
2025-06-10 11:45:00,128042.60040620783
2025-06-10 12:00:00,127980.4776685248
2025-06-10 12:15:00,127926.24757374413
2025-06-10 12:30:00,127995.7537515616
2025-06-10 12:45:00,127999.82737370476
2025-06-10 13:00:00,127965.201585488
2025-06-10 13:15:00,127963.16477441642
2025-06-10 13:30:00,127958.32734812144
2025-06-10 13:45:00,127949.16169829934
2025-06-10 14:00:00,127950.18010383513
2025-06-10 14:15:00,127931.59420280701
2025-06-10 14:30:00,127875.07269557082
2025-06-10 14:45:00,127822.1156077099
2025-06-10 15:00:00,127833.82727137144
2025-06-10 15:15:00,127766.61250600948
2025-06-11 09:15:00,127996.51755571342
2025-06-11 09:30:00,127943.30586646855
2025-06-11 09:45:00,128042.6004062078
2025-06-11 10:00:00,128045.9102241991
2025-06-11 10:15:00,128007.72001660708
2025-06-11 10:30:00,128185.43178260194
2025-06-11 10:45:00,128186.19558675378
2025-06-11 11:00:00,128221.33057773842
2025-06-11 11:15:00,128248.82752720469
2025-06-11 11:30:00,128256.97477149098
2025-06-11 11:45:00,128372.81840118676
2025-06-11 12:00:00,128349.39507386366
2025-06-11 12:15:00,128349.90427663155
2025-06-11 12:30:00,128316.80609671847
2025-06-11 12:45:00,128394.2049174383
2025-06-11 13:00:00,128360.08833198943
2025-06-11 13:15:00,128174.7385244762
2025-06-11 13:30:00,128093.26608161323
2025-06-11 13:45:00,128042.60040620781
2025-06-11 14:00:00,127974.25304658937
2025-06-11 14:15:00,127974.25304658937
2025-06-11 14:30:00,127974.25304658937
2025-06-11 14:45:00,127974.25304658937
2025-06-11 15:00:00,127974.25304658937
2025-06-11 15:15:00,127974.25304658937
2025-06-12 09:15:00,127974.25304658937
2025-06-12 09:30:00,127974.25304658937
2025-06-12 09:45:00,127974.25304658937
2025-06-12 10:00:00,127974.25304658937
2025-06-12 10:15:00,127974.25304658937
2025-06-12 10:30:00,127974.25304658937
2025-06-12 10:45:00,127974.25304658937
2025-06-12 11:00:00,127974.25304658937
2025-06-12 11:15:00,127974.25304658937
2025-06-12 11:30:00,127974.25304658937
2025-06-12 11:45:00,127974.25304658937
2025-06-12 12:00:00,127974.25304658937
2025-06-12 12:15:00,127974.25304658937
2025-06-12 12:30:00,127974.25304658937
2025-06-12 12:45:00,127974.25304658937
2025-06-12 13:00:00,127974.25304658937
2025-06-12 13:15:00,127974.25304658937
2025-06-12 13:30:00,127974.25304658937
2025-06-12 13:45:00,127974.25304658937
2025-06-12 14:00:00,127974.25304658937
2025-06-12 14:15:00,127974.25304658937
2025-06-12 14:30:00,127974.25304658937
2025-06-12 14:45:00,127974.25304658937
2025-06-12 15:00:00,127974.25304658937
2025-06-12 15:15:00,127974.25304658937
2025-06-13 09:15:00,127974.25304658937
2025-06-13 09:30:00,127974.25304658937
2025-06-13 09:45:00,127974.25304658937
2025-06-13 10:00:00,127974.25304658937
2025-06-13 10:15:00,127974.25304658937
2025-06-13 10:30:00,127974.25304658937
2025-06-13 10:45:00,127974.25304658937
2025-06-13 11:00:00,127974.25304658937
2025-06-13 11:15:00,127974.25304658937
2025-06-13 11:30:00,127974.25304658937
2025-06-13 11:45:00,127974.25304658937
2025-06-13 12:00:00,127974.25304658937
2025-06-13 12:15:00,127974.25304658937
2025-06-13 12:30:00,127840.108878767
2025-06-13 12:45:00,127796.87557287423
2025-06-13 13:00:00,127815.25619993043
2025-06-13 13:15:00,127844.50987397766
2025-06-13 13:30:00,128069.21951179167
2025-06-13 13:45:00,127952.98146181644
2025-06-13 14:00:00,127969.80879644536
2025-06-13 14:15:00,127953.75810803009
2025-06-13 14:30:00,127823.7993082805
2025-06-13 14:45:00,127701.0892065249
2025-06-13 15:00:00,128020.29080033214
2025-06-13 15:15:00,128071.80833250379
2025-06-16 09:15:00,128330.9492857893
2025-06-16 09:30:00,128224.28987244901
2025-06-16 09:45:00,128080.61032292506
2025-06-16 10:00:00,128217.55893859745
2025-06-16 10:15:00,128539.86711725927
2025-06-16 10:30:00,128770.01327856879
2025-06-16 10:45:00,128798.49030640235
2025-06-16 11:00:00,128958.22054434157
2025-06-16 11:15:00,128841.20584815272
2025-06-16 11:30:00,128969.09359133258
2025-06-16 11:45:00,128882.88586161823
2025-06-16 12:00:00,129010.77360479812
2025-06-16 12:15:00,128887.02797475767
2025-06-16 12:30:00,129133.48370655368
2025-06-16 12:45:00,129034.59075534983
2025-06-16 13:00:00,129101.38232972311
2025-06-16 13:15:00,129137.10805555069
2025-06-16 13:30:00,129171.28048895099
2025-06-16 13:45:00,129119.50407470812
2025-06-16 14:00:00,129241.69641232128
2025-06-16 14:15:00,129137.62581969313
2025-06-16 14:30:00,129113.29090499898
2025-06-16 14:45:00,129143.06234318863
2025-06-16 15:00:00,129185.77788493899
2025-06-16 15:15:00,129135.2958810522
2025-06-17 09:15:00,128833.18050394508
2025-06-17 09:30:00,128821.78969281167
2025-06-17 09:45:00,128790.72384426594
2025-06-17 10:00:00,128673.19138393464
2025-06-17 10:15:00,128609.11354087286
2025-06-17 10:30:00,128609.11354087286
2025-06-17 10:45:00,128609.11354087286
2025-06-17 11:00:00,128609.11354087286
2025-06-17 11:15:00,128609.11354087286
2025-06-17 11:30:00,128609.11354087286
2025-06-17 11:45:00,128609.11354087286
2025-06-17 12:00:00,128609.11354087286
2025-06-17 12:15:00,128609.11354087286
2025-06-17 12:30:00,128609.11354087286
2025-06-17 12:45:00,128609.11354087286
2025-06-17 13:00:00,128609.11354087286
2025-06-17 13:15:00,128609.11354087286
2025-06-17 13:30:00,128609.11354087286
2025-06-17 13:45:00,128609.11354087286
2025-06-17 14:00:00,128609.11354087286
2025-06-17 14:15:00,128609.11354087286
2025-06-17 14:30:00,128609.11354087286
2025-06-17 14:45:00,128609.11354087286
2025-06-17 15:00:00,128609.11354087286
2025-06-17 15:15:00,128609.11354087286
2025-06-18 09:15:00,128609.11354087286
2025-06-18 09:30:00,128609.11354087286
2025-06-18 09:45:00,128609.11354087286
2025-06-18 10:00:00,128609.11354087286
2025-06-18 10:15:00,128609.11354087286
2025-06-18 10:30:00,128609.11354087286
2025-06-18 10:45:00,128609.11354087286
2025-06-18 11:00:00,128609.11354087286
2025-06-18 11:15:00,128609.11354087286
2025-06-18 11:30:00,128609.11354087286
2025-06-18 11:45:00,128609.11354087286
2025-06-18 12:00:00,128609.11354087286
2025-06-18 12:15:00,128609.11354087286
2025-06-18 12:30:00,128609.11354087286
2025-06-18 12:45:00,128609.11354087286
2025-06-18 13:00:00,128609.11354087286
2025-06-18 13:15:00,128609.11354087286
2025-06-18 13:30:00,128609.11354087286
2025-06-18 13:45:00,128609.11354087286
2025-06-18 14:00:00,128609.11354087286
2025-06-18 14:15:00,128609.11354087286
2025-06-18 14:30:00,128609.11354087286
2025-06-18 14:45:00,128609.11354087286
2025-06-18 15:00:00,128609.11354087286
2025-06-18 15:15:00,128609.11354087286
2025-06-19 09:15:00,128609.11354087286
2025-06-19 09:30:00,128609.11354087286
2025-06-19 09:45:00,128609.11354087286
2025-06-19 10:00:00,128609.11354087286
2025-06-19 10:15:00,128609.11354087286
2025-06-19 10:30:00,128609.11354087286
2025-06-19 10:45:00,128609.11354087286
2025-06-19 11:00:00,128609.11354087286
2025-06-19 11:15:00,128609.11354087286
2025-06-19 11:30:00,128609.11354087286
2025-06-19 11:45:00,128609.11354087286
2025-06-19 12:00:00,128609.11354087286
2025-06-19 12:15:00,128509.06158187366
2025-06-19 12:30:00,128445.07891266704
2025-06-19 12:45:00,128430.83175960484
2025-06-19 13:00:00,128455.18143938387
2025-06-19 13:15:00,128405.96400153264
2025-06-19 13:30:00,128427.46425069925
2025-06-19 13:45:00,128541.95955349
2025-06-19 14:00:00,128651.27407334905
2025-06-19 14:15:00,128572.52617278708
2025-06-19 14:30:00,128507.76638614072
2025-06-19 14:45:00,128537.81492714462
2025-06-19 15:00:00,128440.6752471751
2025-06-19 15:15:00,128196.91941023823
2025-06-20 09:15:00,128639.87635089929
2025-06-20 09:30:00,128868.6079173342
2025-06-20 09:45:00,128820.9447143625
2025-06-20 10:00:00,129100.18891438155
2025-06-20 10:15:00,129565.9412999421
2025-06-20 10:30:00,129527.86254539405
2025-06-20 10:45:00,129493.4103388982
2025-06-20 11:00:00,129605.31525022311
2025-06-20 11:15:00,129540.29642443017
2025-06-20 11:30:00,129620.0804815785
2025-06-20 11:45:00,129673.70158492166
2025-06-20 12:00:00,129727.32268826483
2025-06-20 12:15:00,129426.060160786
2025-06-20 12:30:00,129524.23599734186
2025-06-20 12:45:00,129636.14090866676
2025-06-20 13:00:00,129717.73823984116
2025-06-20 13:15:00,129867.7219057141
2025-06-20 13:30:00,129765.91952110603
2025-06-20 13:45:00,129720.328631307
2025-06-20 14:00:00,129776.79916526261
2025-06-20 14:15:00,129708.67186971064
2025-06-20 14:30:00,129758.14834670843
2025-06-20 14:45:00,129758.14834670843
2025-06-20 15:00:00,130123.65258254044
2025-06-20 15:15:00,129932.740731507
2025-06-23 09:15:00,129044.23645871905
2025-06-23 09:30:00,128852.80652939243
2025-06-23 09:45:00,128788.38012612774
2025-06-23 10:00:00,128788.38012612774
2025-06-23 10:15:00,128788.38012612774
2025-06-23 10:30:00,128788.38012612774
2025-06-23 10:45:00,128788.38012612774
2025-06-23 11:00:00,128788.38012612774
2025-06-23 11:15:00,128788.38012612774
2025-06-23 11:30:00,128816.35496765017
2025-06-23 11:45:00,128674.9632656701
2025-06-23 12:00:00,128707.21502250861
2025-06-23 12:15:00,128717.53558469693
2025-06-23 12:30:00,128806.29241951653
2025-06-23 12:45:00,128749.01329937132
2025-06-23 13:00:00,128818.93510819721
2025-06-23 13:15:00,129163.89989934202
2025-06-23 13:30:00,129117.71538354926
2025-06-23 13:45:00,129106.87879325151
2025-06-23 14:00:00,129084.94759860131
2025-06-23 14:15:00,129006.25331191532
2025-06-23 14:30:00,128932.20327821409
2025-06-23 14:45:00,128940.20171391005
2025-06-23 15:00:00,128903.3057040868
2025-06-23 15:15:00,128794.93980110937
2025-06-24 09:15:00,129870.394241958
2025-06-24 09:30:00,129683.89471984135
2025-06-24 09:45:00,129769.91693286793
2025-06-24 10:00:00,129973.89774938606
2025-06-24 10:15:00,129978.5336770342
2025-06-24 10:30:00,129876.54326877513
2025-06-24 10:45:00,129924.44785447256
2025-06-24 11:00:00,130096.49228052574
2025-06-24 11:15:00,130236.08521304194
2025-06-24 11:30:00,130225.0104969936
2025-06-24 11:45:00,130277.03590726719
2025-06-24 12:00:00,130366.14873872587
2025-06-24 12:15:00,130250.76565059437
2025-06-24 12:30:00,129708.87721883407
2025-06-24 12:45:00,130038.54318492398
2025-06-24 13:00:00,129715.05845569822
2025-06-24 13:15:00,129469.86939341885
2025-06-24 13:30:00,129410.28291392696
2025-06-24 13:45:00,129410.28291392696
2025-06-24 14:00:00,129410.28291392696
2025-06-24 14:15:00,129410.28291392696
2025-06-24 14:30:00,129410.28291392696
2025-06-24 14:45:00,129410.28291392696
2025-06-24 15:00:00,129410.28291392696
2025-06-24 15:15:00,129410.28291392696
2025-06-25 09:15:00,129410.28291392696
2025-06-25 09:30:00,129410.28291392696
2025-06-25 09:45:00,129424.91576576787
2025-06-25 10:00:00,129271.63168162928
2025-06-25 10:15:00,129445.19958929712
2025-06-25 10:30:00,129412.84817455431
2025-06-25 10:45:00,129432.61848356381
2025-06-25 11:00:00,129381.78054611081
2025-06-25 11:15:00,129468.30774268488
2025-06-25 11:30:00,129457.01042325087
2025-06-25 11:45:00,129472.15910158283
2025-06-25 12:00:00,129376.64540091355
2025-06-25 12:15:00,129430.56442548492
2025-06-25 12:30:00,129433.6455126033
2025-06-25 12:45:00,129447.7671618958
2025-06-25 13:00:00,129613.11883724801
2025-06-25 13:15:00,129707.0919943581
2025-06-25 13:30:00,129702.7271209404
2025-06-25 13:45:00,129590.78095563984
2025-06-25 14:00:00,129642.13240761256
2025-06-25 14:15:00,129704.78117901931
2025-06-25 14:30:00,129641.10537857312
2025-06-25 14:45:00,129589.49716934052
2025-06-25 15:00:00,129656.25405690506
2025-06-25 15:15:00,129592.32149919901
2025-06-26 09:15:00,130169.25506211263
2025-06-26 09:30:00,130161.03882979698
2025-06-26 09:45:00,130525.63413880336
2025-06-26 10:00:00,130361.82300701036
2025-06-26 10:15:00,130239.09303679553
2025-06-26 10:30:00,129954.09247834688
2025-06-26 10:45:00,130013.66016263525
2025-06-26 11:00:00,130113.02522220246
2025-06-26 11:15:00,130110.97116412355
2025-06-26 11:30:00,130015.970977974
2025-06-26 11:45:00,130145.89015146502
2025-06-26 12:00:00,130414.20148802253
2025-06-26 12:15:00,130468.1205125939
2025-06-26 12:30:00,130443.98533016672
2025-06-26 12:45:00,130286.07961535057
2025-06-26 13:00:00,130393.91766449329
2025-06-26 13:15:00,130434.74206881161
2025-06-26 13:30:00,130648.62086627801
2025-06-26 13:45:00,130948.51334579877
2025-06-26 14:00:00,131028.10809635649
2025-06-26 14:15:00,130996.52695339324
2025-06-26 14:30:00,130974.9593435647
2025-06-26 14:45:00,131173.17594817944
2025-06-26 15:00:00,131162.39214326517
2025-06-26 15:15:00,131102.31094445707
2025-06-27 09:15:00,131144.4191350747
2025-06-27 09:30:00,131126.44612688426
2025-06-27 09:45:00,131179.0813651563
2025-06-27 10:00:00,131293.59510305553
2025-06-27 10:15:00,131237.3652631454
2025-06-27 10:30:00,131308.4870241276
2025-06-27 10:45:00,131484.10898987434
2025-06-27 11:00:00,131491.29819315055
2025-06-27 11:15:00,131465.62246716418
2025-06-27 11:30:00,131503.87929888384
2025-06-27 11:45:00,131511.32525941991
2025-06-27 12:00:00,131522.62257885392
2025-06-27 12:15:00,131588.09568011915
2025-06-27 12:30:00,131657.6768975422
2025-06-27 12:45:00,131666.66340163743
2025-06-27 13:00:00,131545.21721772195
2025-06-27 13:15:00,131637.64983127287
2025-06-27 13:30:00,131590.92000997768
2025-06-27 13:45:00,131627.6362981382
2025-06-27 14:00:00,131635.59577319399
2025-06-27 14:15:00,131538.7982862254
2025-06-27 14:30:00,131631.74441429606
2025-06-27 14:45:00,131611.20383350697
2025-06-27 15:00:00,131629.17684169742
2025-06-27 15:15:00,131626.35251183892
2025-06-30 09:15:00,131627.1227836185
2025-06-30 09:30:00,131410.4196562936
2025-06-30 09:45:00,131244.29770916182
2025-06-30 10:00:00,131389.87907550452
2025-06-30 10:15:00,131228.63551631014
2025-06-30 10:30:00,131174.20297721904
2025-06-30 10:45:00,131109.6423912554
2025-06-30 11:00:00,131109.6423912554
2025-06-30 11:15:00,131109.6423912554
2025-06-30 11:30:00,131109.6423912554
2025-06-30 11:45:00,131109.6423912554
2025-06-30 12:00:00,131109.6423912554
2025-06-30 12:15:00,131109.6423912554
2025-06-30 12:30:00,131109.6423912554
2025-06-30 12:45:00,131109.6423912554
2025-06-30 13:00:00,131109.6423912554
2025-06-30 13:15:00,131109.6423912554
2025-06-30 13:30:00,131109.6423912554
2025-06-30 13:45:00,131109.6423912554
2025-06-30 14:00:00,131109.6423912554
2025-06-30 14:15:00,131109.6423912554
2025-06-30 14:30:00,131109.6423912554
2025-06-30 14:45:00,131109.6423912554
2025-06-30 15:00:00,131109.6423912554
2025-06-30 15:15:00,131109.6423912554
2025-07-01 09:15:00,131109.6423912554
2025-07-01 09:30:00,131074.31960534
2025-07-01 09:45:00,131020.51683068876
2025-07-01 10:00:00,130824.26480505615
2025-07-01 10:15:00,130898.56387481262
2025-07-01 10:30:00,130883.70406086135
2025-07-01 10:45:00,130771.23064147138
2025-07-01 11:00:00,130787.37147386675
2025-07-01 11:15:00,130798.64443617463
2025-07-01 11:30:00,130775.84230787006
2025-07-01 11:45:00,130742.79203201289
2025-07-01 12:00:00,130788.90869599966
2025-07-01 12:15:00,130877.8113760186
2025-07-01 12:30:00,130858.85230304625
2025-07-01 12:45:00,130839.38082269629
2025-07-01 13:00:00,130823.75239767855
2025-07-01 13:15:00,130806.84295421673
2025-07-01 13:30:00,130811.7108243042
2025-07-01 13:45:00,130820.16554603513
2025-07-01 14:00:00,130929.5645211593
2025-07-01 14:15:00,130841.68665589562
2025-07-01 14:30:00,130797.10721404175
2025-07-01 14:45:00,130843.99248909499
2025-07-01 15:00:00,130854.75304402523
2025-07-01 15:15:00,130832.97573047591
2025-07-02 09:15:00,131016.9299790454
2025-07-02 09:30:00,130847.83554442723
2025-07-02 09:45:00,130838.61221162986
2025-07-02 10:00:00,130797.6196214194
2025-07-02 10:15:00,130784.55323328983
2025-07-02 10:30:00,130621.60768720323
2025-07-02 10:45:00,130554.76042983781
2025-07-02 11:00:00,130554.76042983781
2025-07-02 11:15:00,130554.76042983781
2025-07-02 11:30:00,130554.76042983781
2025-07-02 11:45:00,130554.76042983781
2025-07-02 12:00:00,130554.76042983781
2025-07-02 12:15:00,130554.76042983781
2025-07-02 12:30:00,130554.76042983781
2025-07-02 12:45:00,130554.76042983781
2025-07-02 13:00:00,130554.76042983781
2025-07-02 13:15:00,130554.76042983781
2025-07-02 13:30:00,130554.76042983781
2025-07-02 13:45:00,130554.76042983781
2025-07-02 14:00:00,130554.76042983781
2025-07-02 14:15:00,130554.76042983781
2025-07-02 14:30:00,130554.76042983781
2025-07-02 14:45:00,130554.76042983781
2025-07-02 15:00:00,130554.76042983781
2025-07-02 15:15:00,130554.76042983781
2025-07-03 09:15:00,130554.76042983781
2025-07-03 09:30:00,130554.76042983781
2025-07-03 09:45:00,130554.76042983781
2025-07-03 10:00:00,130474.66976216073
2025-07-03 10:15:00,130525.75006375439
2025-07-03 10:30:00,130499.18830692569
2025-07-03 10:45:00,130413.88420326432
2025-07-03 11:00:00,130531.62429843767
2025-07-03 11:15:00,130457.30245961892
2025-07-03 11:30:00,130320.66265285591
2025-07-03 11:45:00,130328.32469809498
2025-07-03 12:00:00,130274.94578292962
2025-07-03 12:15:00,130314.27761515672
2025-07-03 12:30:00,130348.75681873244
2025-07-03 12:45:00,130317.08703174438
2025-07-03 13:00:00,130293.33469150332
2025-07-03 13:15:00,130224.8694646638
2025-07-03 13:30:00,130224.8694646638
2025-07-03 13:45:00,130224.8694646638
2025-07-03 14:00:00,130224.8694646638
2025-07-03 14:15:00,130224.8694646638
2025-07-03 14:30:00,130224.8694646638
2025-07-03 14:45:00,130224.8694646638
2025-07-03 15:00:00,130224.8694646638
2025-07-03 15:15:00,130224.8694646638
2025-07-04 09:15:00,130224.8694646638
2025-07-04 09:30:00,130224.8694646638
2025-07-04 09:45:00,130224.8694646638
2025-07-04 10:00:00,130224.8694646638
2025-07-04 10:15:00,130224.8694646638
2025-07-04 10:30:00,130224.8694646638
2025-07-04 10:45:00,130224.8694646638
2025-07-04 11:00:00,130224.8694646638
2025-07-04 11:15:00,130224.8694646638
2025-07-04 11:30:00,130224.8694646638
2025-07-04 11:45:00,130224.8694646638
2025-07-04 12:00:00,130224.8694646638
2025-07-04 12:15:00,130224.8694646638
2025-07-04 12:30:00,130224.8694646638
2025-07-04 12:45:00,130224.8694646638
2025-07-04 13:00:00,130224.8694646638
2025-07-04 13:15:00,130224.8694646638
2025-07-04 13:30:00,130224.8694646638
2025-07-04 13:45:00,130224.8694646638
2025-07-04 14:00:00,130161.55170392669
2025-07-04 14:15:00,130186.93352185882
2025-07-04 14:30:00,130521.76841296343
2025-07-04 14:45:00,130517.15353697579
2025-07-04 15:00:00,130564.07144285031
2025-07-04 15:15:00,130589.70964278175
2025-07-07 09:15:00,130446.64848716433
2025-07-07 09:30:00,130508.1801669998
2025-07-07 09:45:00,130560.48209485991
2025-07-07 10:00:00,130427.16345521643
2025-07-07 10:15:00,130423.57410722604
2025-07-07 10:30:00,130495.36106703407
2025-07-07 10:45:00,130594.83728276804
2025-07-07 11:00:00,130537.92047892025
2025-07-07 11:15:00,130517.15353697579
2025-07-07 11:30:00,130510.74398699292
2025-07-07 11:45:00,130442.03361117665
2025-07-07 12:00:00,130397.16676129663
2025-07-07 12:15:00,130488.18237105323
2025-07-07 12:30:00,130499.46317902306
2025-07-07 12:45:00,130374.60514535694
2025-07-07 13:00:00,130492.28448304225
2025-07-07 13:15:00,130487.41322505528
2025-07-07 13:30:00,130512.5386609881
2025-07-07 13:45:00,130494.33553903678
2025-07-07 14:00:00,130508.94931299768
2025-07-07 14:15:00,130514.5897169826
2025-07-07 14:30:00,130371.52856136518
2025-07-07 14:45:00,130453.57080114579
2025-07-07 15:00:00,130549.45766888939
2025-07-07 15:15:00,130523.81946895794
2025-07-08 09:15:00,130623.55206669123
2025-07-08 09:30:00,130608.9382927303
2025-07-08 09:45:00,130539.7151529154
2025-07-08 10:00:00,130489.20789905048
2025-07-08 10:15:00,130493.82277503813
2025-07-08 10:30:00,130480.4909110738
2025-07-08 10:45:00,130505.35996500729
2025-07-08 11:00:00,130429.47089321024
2025-07-08 11:15:00,130477.67070908136
2025-07-08 11:30:00,130429.9836572089
2025-07-08 11:45:00,130496.130213032
2025-07-08 12:00:00,130497.9248870272
2025-07-08 12:15:00,130581.24903680437
2025-07-08 12:30:00,130593.04260877283
2025-07-08 12:45:00,130619.70633670152
2025-07-08 13:00:00,130626.3722686837
2025-07-08 13:15:00,130618.68080870427
2025-07-08 13:30:00,130600.22130475362
2025-07-08 13:45:00,130627.39779668096
2025-07-08 14:00:00,130552.79063488045
2025-07-08 14:15:00,130536.12580492502
2025-07-08 14:30:00,130513.30780698605
2025-07-08 14:45:00,130664.06042258289
2025-07-08 15:00:00,130939.41468984654
2025-07-08 15:15:00,130873.26813402341
2025-07-09 09:15:00,130668.67529857052
2025-07-09 09:30:00,130672.00826456159
2025-07-09 09:45:00,130844.04058610155
2025-07-09 10:00:00,130896.598895961
2025-07-09 10:15:00,130850.70651808372
2025-07-09 10:30:00,130890.18934597813
2025-07-09 10:45:00,130874.80642601926
2025-07-09 11:00:00,130929.92855587184
2025-07-09 11:15:00,130984.5379217258
2025-07-09 11:30:00,130915.82754590956
2025-07-09 11:45:00,130855.32139407135
2025-07-09 12:00:00,130949.41358781974
2025-07-09 12:15:00,130961.71992378682
2025-07-09 12:30:00,130925.57006188348
2025-07-09 12:45:00,130917.10945590612
2025-07-09 13:00:00,130885.06170599181
2025-07-09 13:15:00,130921.46794989445
2025-07-09 13:30:00,130890.95849197602
2025-07-09 13:45:00,130907.87970393077
2025-07-09 14:00:00,130910.1871419246
2025-07-09 14:15:00,130714.0549124491
2025-07-09 14:30:00,130598.170248759
2025-07-09 14:45:00,130534.92119410113
2025-07-09 15:00:00,130534.92119410113
2025-07-09 15:15:00,130534.92119410113
2025-07-10 09:15:00,130534.92119410113
2025-07-10 09:30:00,130534.92119410113
2025-07-10 09:45:00,130534.92119410113
2025-07-10 10:00:00,130534.92119410113
2025-07-10 10:15:00,130534.92119410113
2025-07-10 10:30:00,130534.92119410113
2025-07-10 10:45:00,130534.92119410113
2025-07-10 11:00:00,130534.92119410113
2025-07-10 11:15:00,130534.92119410113
2025-07-10 11:30:00,130534.92119410113
2025-07-10 11:45:00,130534.92119410113
2025-07-10 12:00:00,130534.92119410113
2025-07-10 12:15:00,130534.92119410113
2025-07-10 12:30:00,130534.92119410113
2025-07-10 12:45:00,130534.92119410113
2025-07-10 13:00:00,130534.92119410113
2025-07-10 13:15:00,130534.92119410113
2025-07-10 13:30:00,130534.92119410113
2025-07-10 13:45:00,130534.92119410113
2025-07-10 14:00:00,130534.92119410113
2025-07-10 14:15:00,130534.92119410113
2025-07-10 14:30:00,130534.92119410113
2025-07-10 14:45:00,130534.92119410113
2025-07-10 15:00:00,130534.92119410113
2025-07-10 15:15:00,130534.92119410113
2025-07-11 09:15:00,130534.92119410113
2025-07-11 09:30:00,130534.92119410113
2025-07-11 09:45:00,130534.92119410113
2025-07-11 10:00:00,130534.92119410113
2025-07-11 10:15:00,130534.92119410113
2025-07-11 10:30:00,130534.92119410113
2025-07-11 10:45:00,130534.92119410113
2025-07-11 11:00:00,130534.92119410113
2025-07-11 11:15:00,130534.92119410113
2025-07-11 11:30:00,130534.92119410113
2025-07-11 11:45:00,130534.92119410113
2025-07-11 12:00:00,130534.92119410113
2025-07-11 12:15:00,130534.92119410113
2025-07-11 12:30:00,130534.92119410113
2025-07-11 12:45:00,130534.92119410113
2025-07-11 13:00:00,130534.92119410113
2025-07-11 13:15:00,130534.92119410113
2025-07-11 13:30:00,130534.92119410113
2025-07-11 13:45:00,130534.92119410113
2025-07-11 14:00:00,130534.92119410113
2025-07-11 14:15:00,130534.92119410113
2025-07-11 14:30:00,130534.92119410113
2025-07-11 14:45:00,130534.92119410113
2025-07-11 15:00:00,130534.92119410113
2025-07-11 15:15:00,130534.92119410113
2025-07-14 09:15:00,130534.92119410113
2025-07-14 09:30:00,130534.92119410113
2025-07-14 09:45:00,130534.92119410113
2025-07-14 10:00:00,130534.92119410113
2025-07-14 10:15:00,130534.92119410113
2025-07-14 10:30:00,130534.92119410113
2025-07-14 10:45:00,130534.92119410113
2025-07-14 11:00:00,130534.92119410113
2025-07-14 11:15:00,130534.92119410113
2025-07-14 11:30:00,130534.92119410113
2025-07-14 11:45:00,130534.92119410113
2025-07-14 12:00:00,130534.92119410113
2025-07-14 12:15:00,130534.92119410113
2025-07-14 12:30:00,130534.92119410113
2025-07-14 12:45:00,130534.92119410113
2025-07-14 13:00:00,130534.92119410113
2025-07-14 13:15:00,130534.92119410113
2025-07-14 13:30:00,130534.92119410113
2025-07-14 13:45:00,130534.92119410113
2025-07-14 14:00:00,130534.92119410113
2025-07-14 14:15:00,130534.92119410113
2025-07-14 14:30:00,130534.92119410113
2025-07-14 14:45:00,130534.92119410113
2025-07-14 15:00:00,130534.92119410113
2025-07-14 15:15:00,130534.92119410113
2025-07-15 09:15:00,130534.92119410113
2025-07-15 09:30:00,130229.44548719133
2025-07-15 09:45:00,130228.92667888394
2025-07-15 10:00:00,130367.448496952
2025-07-15 10:15:00,130376.26823817732
2025-07-15 10:30:00,130533.98596361809
2025-07-15 10:45:00,130702.59866351365
2025-07-15 11:00:00,130850.71843526809
2025-07-15 11:15:00,130801.17224191414
2025-07-15 11:30:00,130860.31638895445
2025-07-15 11:45:00,130763.81804378347
2025-07-15 12:00:00,130770.56255177928
2025-07-15 12:15:00,130756.55472748025
2025-07-15 12:30:00,130821.14636174793
2025-07-15 12:45:00,130782.2357386951
2025-07-15 13:00:00,130761.48340640026
2025-07-15 13:15:00,130671.98897337877
2025-07-15 13:30:00,130650.71783277654
2025-07-15 13:45:00,130706.48972581892
2025-07-15 14:00:00,130661.09399892396
2025-07-15 14:15:00,130645.01094139546
2025-07-15 14:30:00,130626.85265063748
2025-07-15 14:45:00,130532.17013454226
2025-07-15 15:00:00,130473.64518521682
2025-07-15 15:15:00,130473.64518521682
2025-07-16 09:15:00,130473.64518521682
2025-07-16 09:30:00,130473.64518521682
2025-07-16 09:45:00,130473.64518521682
2025-07-16 10:00:00,130473.64518521682
2025-07-16 10:15:00,130473.64518521682
2025-07-16 10:30:00,130473.64518521682
2025-07-16 10:45:00,130473.64518521682
2025-07-16 11:00:00,130473.64518521682
2025-07-16 11:15:00,130473.64518521682
2025-07-16 11:30:00,130473.64518521682
2025-07-16 11:45:00,130473.64518521682
2025-07-16 12:00:00,130473.64518521682
2025-07-16 12:15:00,130473.64518521682
2025-07-16 12:30:00,130473.64518521682
2025-07-16 12:45:00,130427.2932474985
2025-07-16 13:00:00,130458.85428797333
2025-07-16 13:15:00,130417.46275948176
2025-07-16 13:30:00,130458.59559092027
2025-07-16 13:45:00,130473.85871705155
2025-07-16 14:00:00,130609.67466991453
2025-07-16 14:15:00,130512.40457795931
2025-07-16 14:30:00,130558.45265340617
2025-07-16 14:45:00,130525.59812766599
2025-07-16 15:00:00,130422.11930643705
2025-07-16 15:15:00,130375.81253393709
2025-07-17 09:15:00,130434.01937087836
2025-07-17 09:30:00,130337.52537008238
2025-07-17 09:45:00,130326.66009385334
2025-07-17 10:00:00,130176.87450012442
2025-07-17 10:15:00,130124.97301580622
2025-07-17 10:30:00,130124.97301580622
2025-07-17 10:45:00,130124.97301580622
2025-07-17 11:00:00,130124.97301580622
2025-07-17 11:15:00,130124.97301580622
2025-07-17 11:30:00,130124.97301580622
2025-07-17 11:45:00,130124.97301580622
2025-07-17 12:00:00,130124.97301580622
2025-07-17 12:15:00,130124.97301580622
2025-07-17 12:30:00,130124.97301580622
2025-07-17 12:45:00,129987.37897909492
2025-07-17 13:00:00,129922.33289136803
2025-07-17 13:15:00,129919.23545861914
2025-07-17 13:30:00,129931.36707021898
2025-07-17 13:45:00,129975.76360628656
2025-07-17 14:00:00,129865.03038551341
2025-07-17 14:15:00,129746.29546347227
2025-07-17 14:30:00,129774.43047760811
2025-07-17 14:45:00,129656.72803314995
2025-07-17 15:00:00,129601.70330190305
2025-07-17 15:15:00,129601.70330190305
2025-07-18 09:15:00,129601.70330190305
2025-07-18 09:30:00,129601.70330190305
2025-07-18 09:45:00,129601.70330190305
2025-07-18 10:00:00,129601.70330190305
2025-07-18 10:15:00,129601.70330190305
2025-07-18 10:30:00,129601.70330190305
2025-07-18 10:45:00,129601.70330190305
2025-07-18 11:00:00,129601.70330190305
2025-07-18 11:15:00,129601.70330190305
2025-07-18 11:30:00,129601.70330190305
2025-07-18 11:45:00,129601.70330190305
2025-07-18 12:00:00,129601.70330190305
2025-07-18 12:15:00,129601.70330190305
2025-07-18 12:30:00,129601.70330190305
2025-07-18 12:45:00,129601.70330190305
2025-07-18 13:00:00,129601.70330190305
2025-07-18 13:15:00,129601.70330190305
2025-07-18 13:30:00,129601.70330190305
2025-07-18 13:45:00,129601.70330190305
2025-07-18 14:00:00,129601.70330190305
2025-07-18 14:15:00,129601.70330190305
2025-07-18 14:30:00,129425.43673282309
2025-07-18 14:45:00,129471.8375779854
2025-07-18 15:00:00,129460.95022884116
2025-07-18 15:15:00,129442.54542433545
2025-07-21 09:15:00,129100.89003928556
2025-07-21 09:30:00,129293.49243009897
2025-07-21 09:45:00,129794.05126813488
2025-07-21 10:00:00,129883.74228727545
2025-07-21 10:15:00,129841.74822629057
2025-07-21 10:30:00,129877.780167506
2025-07-21 10:45:00,129923.40334487229
2025-07-21 11:00:00,129951.91783072622
2025-07-21 11:15:00,129888.92673924887
2025-07-21 11:30:00,129710.32236876377
2025-07-21 11:45:00,129832.93465793571
2025-07-21 12:00:00,129843.30356188258
2025-07-21 12:15:00,129761.64844330086
2025-07-21 12:30:00,129848.74723645468
2025-07-21 12:45:00,129817.38130201536
2025-07-21 13:00:00,129853.67246582947
2025-07-21 13:15:00,129841.48900369188
2025-07-21 13:30:00,129828.26865115958
2025-07-21 13:45:00,129675.32731794303
2025-07-21 14:00:00,129740.39219020975
2025-07-21 14:15:00,129781.09013820127
2025-07-21 14:30:00,129770.46201165572
2025-07-21 14:45:00,129872.8549381312
2025-07-21 15:00:00,130068.04955493132
2025-07-21 15:15:00,130095.00870519322
2025-07-22 09:15:00,130254.1713807779
2025-07-22 09:30:00,130177.44149157095
2025-07-22 09:45:00,130117.04262608034
2025-07-22 10:00:00,130187.03272772183
2025-07-22 10:15:00,130140.11343736219
2025-07-22 10:30:00,130066.75344193797
2025-07-22 10:45:00,130056.38453799108
2025-07-22 11:00:00,129984.57987815891
2025-07-22 11:15:00,129924.69945786564
2025-07-22 11:30:00,129937.4013652006
2025-07-22 11:45:00,130053.79231200439
2025-07-22 12:00:00,130000.6516792766
2025-07-22 12:15:00,130127.67075262596
2025-07-22 12:30:00,130182.88516614314
2025-07-22 12:45:00,130210.36276160239
2025-07-22 13:00:00,130089.3058080225
2025-07-22 13:15:00,130031.75839111727
2025-07-22 13:30:00,130027.35160693985
2025-07-22 13:45:00,130071.67867131278
2025-07-22 14:00:00,130059.49520917519
2025-07-22 14:15:00,129971.61874822533
2025-07-22 14:30:00,129948.02949174617
2025-07-22 14:45:00,129956.58383750233
2025-07-22 15:00:00,129914.58977651746
2025-07-22 15:15:00,129849.6324816292
2025-07-23 09:15:00,129849.6324816292
2025-07-23 09:30:00,129849.6324816292
2025-07-23 09:45:00,129849.6324816292
2025-07-23 10:00:00,129849.6324816292
2025-07-23 10:15:00,129849.6324816292
2025-07-23 10:30:00,129849.6324816292
2025-07-23 10:45:00,129821.91413935108
2025-07-23 11:00:00,129849.81899482307
2025-07-23 11:15:00,129835.34981050425
2025-07-23 11:30:00,129836.38332366987
2025-07-23 11:45:00,129888.31736024276
2025-07-23 12:00:00,129973.8405746986
2025-07-23 12:15:00,130086.49350975224
2025-07-23 12:30:00,130080.29243075846
2025-07-23 12:45:00,130061.68919377711
2025-07-23 13:00:00,130011.82218353549
2025-07-23 13:15:00,130052.38757528643
2025-07-23 13:30:00,130067.37351618806
2025-07-23 13:45:00,130179.25131636746
2025-07-23 14:00:00,130266.32480057176
2025-07-23 14:15:00,130198.88806651444
2025-07-23 14:30:00,130276.40155393665
2025-07-23 14:45:00,130287.51182046715
2025-07-23 15:00:00,130374.32692638003
2025-07-23 15:15:00,130270.20047494287
2025-07-24 09:15:00,130164.00699717445
2025-07-24 09:30:00,130156.25564843223
2025-07-24 09:45:00,130097.34539799133
2025-07-24 10:00:00,130007.94650916438
2025-07-24 10:15:00,129943.45903411433
2025-07-24 10:30:00,129943.45903411433
2025-07-24 10:45:00,129943.45903411433
2025-07-24 11:00:00,129943.45903411433
2025-07-24 11:15:00,129943.45903411433
2025-07-24 11:30:00,129943.45903411433
2025-07-24 11:45:00,129943.45903411433
2025-07-24 12:00:00,129943.45903411433
2025-07-24 12:15:00,129943.45903411433
2025-07-24 12:30:00,129943.45903411433
2025-07-24 12:45:00,129943.45903411433
2025-07-24 13:00:00,129943.45903411433
2025-07-24 13:15:00,129943.45903411433
2025-07-24 13:30:00,129943.45903411433
2025-07-24 13:45:00,129943.45903411433
2025-07-24 14:00:00,129943.45903411433
2025-07-24 14:15:00,129943.45903411433
2025-07-24 14:30:00,129943.45903411433
2025-07-24 14:45:00,129943.45903411433
2025-07-24 15:00:00,129943.45903411433
2025-07-24 15:15:00,129943.45903411433
2025-07-25 09:15:00,129943.45903411433
2025-07-25 09:30:00,129943.45903411433
2025-07-25 09:45:00,129943.45903411433
2025-07-25 10:00:00,129943.45903411433
2025-07-25 10:15:00,129943.45903411433
2025-07-25 10:30:00,129943.45903411433
2025-07-25 10:45:00,129943.45903411433
2025-07-25 11:00:00,129943.45903411433
2025-07-25 11:15:00,129943.45903411433
2025-07-25 11:30:00,129943.45903411433
2025-07-25 11:45:00,129943.45903411433
2025-07-25 12:00:00,129943.45903411433
2025-07-25 12:15:00,129943.45903411433
2025-07-25 12:30:00,129943.45903411433
2025-07-25 12:45:00,129943.45903411433
2025-07-25 13:00:00,129943.45903411433
2025-07-25 13:15:00,129943.45903411433
2025-07-25 13:30:00,129943.45903411433
2025-07-25 13:45:00,129943.45903411433
2025-07-25 14:00:00,129943.45903411433
2025-07-25 14:15:00,129943.45903411433
2025-07-25 14:30:00,129943.45903411433
2025-07-25 14:45:00,129943.45903411433
2025-07-25 15:00:00,129943.45903411433
2025-07-25 15:15:00,129943.45903411433
